,Date,Position,Trend,Title,Artist,Streams,Icon_URL,Spotify_URL
0,2017-08-13,1,Flat,Mi Gente,J Balvin,4239851,https://i.scdn.co/image/ab67616d00004851996bd1ea86bd3815eedfeef5,https://open.spotify.com/track/2rb5MvYT7ZIxbKW5hfcHx8
1,2017-08-13,2,Flat,Despacito - Remix,Luis Fonsi,3497567,https://i.scdn.co/image/ab67616d00004851d8559d0280ffe2a2af6dacdf,https://open.spotify.com/track/5CtI0qwDJkDQGwXD1H1cLb
2,2017-08-13,3,Flat,Wild Thoughts (feat. Rihanna & Bryson Tiller),DJ Khaled,3118792,https://i.scdn.co/image/ab67616d00004851dcb6a73da1e7f293b875f69c,https://open.spotify.com/track/1OAh8uOEOvTDqkKFsKksCi
3,2017-08-13,4,Flat,Unforgettable,French Montana,3011712,https://i.scdn.co/image/ab67616d000048518a31195a371b2233456f6c07,https://open.spotify.com/track/3B54sVLJ402zGa6Xm4YGNe
4,2017-08-13,5,Flat,Feels,Calvin Harris,2910909,https://i.scdn.co/image/ab67616d000048514d3fa5ce7ba599f4fd7803ef,https://open.spotify.com/track/5bcTCxgc7xVfSaMV3RuVke
5,2017-08-13,6,Flat,2U (feat. Justin Bieber),David Guetta,2631697,https://i.scdn.co/image/ab67616d0000485145c5570d4a66346d8f683913,https://open.spotify.com/track/3A7qX2QjDlPnazUsRk5y0M
6,2017-08-13,7,Flat,"I'm the One (feat. Justin Bieber, Quavo, Chance the Rapper & Lil Wayne)",DJ Khaled,2552150,https://i.scdn.co/image/ab67616d00004851dcb6a73da1e7f293b875f69c,https://open.spotify.com/track/3DXncPQOG4VBw3QHh3S817
7,2017-08-13,8,Flat,Shape of You,Ed Sheeran,2529879,https://i.scdn.co/image/ab67616d00004851ba5db46f4b838ef6027e6f96,https://open.spotify.com/track/7qiZfU4dY1lWllzX7mPBI3
8,2017-08-13,9,Flat,Attention,Charlie Puth,2508932,https://i.scdn.co/image/ab67616d00004851db21a273452f0637cdbc35aa,https://open.spotify.com/track/4iLqG9SeJSnt0cSPICSjxv
9,2017-08-13,10,Flat,Strip That Down,Liam Payne,2388358,https://i.scdn.co/image/ab67616d00004851ec1abb2ba5e210e826161111,https://open.spotify.com/track/6EpRaXYhGOB3fj4V2uDkMJ
10,2017-08-13,11,Up,New Rules,Dua Lipa,2264627,https://i.scdn.co/image/ab67616d000048516b915e407b70e121e06fe979,https://open.spotify.com/track/2ekn2ttSfGqwhhate0LSR0
11,2017-08-13,12,Down,Thunder,Imagine Dragons,2261482,https://i.scdn.co/image/ab67616d000048517956bd9a3d7a15e4c2e37cc6,https://open.spotify.com/track/0tKcYR2II1VCQWT79i5NrW
12,2017-08-13,13,Flat,Mama,Jonas Blue,2200132,https://i.scdn.co/image/14891cf71e2287163c137e90074783ba5cdd4ff4,https://open.spotify.com/track/0NiXXAI876aGImAd6rTj8w
13,2017-08-13,14,Flat,Sorry Not Sorry,Demi Lovato,2093068,https://i.scdn.co/image/ab67616d0000485110e3276edd7706710560bd4c,https://open.spotify.com/track/25C5CowdsfXld2jJanbiex
14,2017-08-13,15,Up,XO TOUR Llif3,Lil Uzi Vert,2026798,https://i.scdn.co/image/ab67616d0000485115531ec8568373f631db9786,https://open.spotify.com/track/2eMwDehkIC1j68U6FA3Eiq
15,2017-08-13,16,Down,More Than You Know,Axwell /\ Ingrosso,2019786,https://i.scdn.co/image/ab67616d00004851cb442ec337da75fb09cc3981,https://open.spotify.com/track/3PEgB3fkiojxms35ntsTgs
16,2017-08-13,17,Up,Back to You (feat. Bebe Rexha & Digital Farm Animals),Louis Tomlinson,1970738,https://i.scdn.co/image/ab67616d00004851327d7ffa53a268bf7411c28b,https://open.spotify.com/track/7F9vK8hNFMml4GtHsaXui6
17,2017-08-13,18,Down,There's Nothing Holdin' Me Back,Shawn Mendes,1946921,https://i.scdn.co/image/ab67616d00004851f9cbd0c07513a7232cd6b9a7,https://open.spotify.com/track/79cuOz3SPQTuFrp8WgftAu
18,2017-08-13,19,Up,Glorious (feat. Skylar Grey),Macklemore,1828651,https://i.scdn.co/image/ab67616d000048512c19c42e316cd3d949c992b0,https://open.spotify.com/track/3HVr6jTVwBHBa2flM0eURR
19,2017-08-13,20,Down,Me Rehúso,Danny Ocean,1758061,https://i.scdn.co/image/ab67616d00004851a75bd33684083600569dd3bf,https://open.spotify.com/track/6De0lHrwBfPfrhorm9q1Xl
20,2017-08-13,21,Up,HUMBLE.,Kendrick Lamar,1711264,https://i.scdn.co/image/ae1f239b41e9604a66eb900834c6887cd2f62ff1,https://open.spotify.com/track/7KXjTSCq5nL1LoYtL7XAwS
21,2017-08-13,22,Down,Felices los 4,Maluma,1702534,https://i.scdn.co/image/ab67616d00004851d9732b592276542ecafa6c6d,https://open.spotify.com/track/0qYTZCo5Bwh1nsUFGZP3zn
22,2017-08-13,23,Up,Bank Account,21 Savage,1669938,https://i.scdn.co/image/ab67616d0000485163bdcfe76718674e7783df36,https://open.spotify.com/track/5eqK0tbzUPo2SoeZsov04s
23,2017-08-13,24,Down,Swalla (feat. Nicki Minaj & Ty Dolla $ign),Jason Derulo,1629285,https://i.scdn.co/image/ab67616d000048519d6522bee68370fa5592301d,https://open.spotify.com/track/6kex4EBAj0WHXDKZMEJaaF
24,2017-08-13,25,Down,Something Just Like This,The Chainsmokers,1618049,https://i.scdn.co/image/ab67616d000048510c13d3d5a503c84fcc60ae94,https://open.spotify.com/track/6RUKPb4LETWmmr3iAEQktW
25,2017-08-13,26,Down,Despacito (Featuring Daddy Yankee),Luis Fonsi,1594309,https://i.scdn.co/image/ab67616d00004851a5971936e3b8d91f8b616b17,https://open.spotify.com/track/4aWmUDTfIPGksMNLV2rQP2
26,2017-08-13,27,Flat,There for You,Martin Garrix,1585869,https://i.scdn.co/image/ab67616d0000485172c57da7edfe8e915182cdd4,https://open.spotify.com/track/6jA8HL9i4QGzsj6fjoxp8Y
27,2017-08-13,28,Flat,Fetish (feat. Gucci Mane),Selena Gomez,1585523,https://i.scdn.co/image/ab67616d00004851676b024fbd4c52c3fa382dd4,https://open.spotify.com/track/0XLOf9LhyazPX9Ld8jPiUq
28,2017-08-13,29,Up,Congratulations,Post Malone,1527686,https://i.scdn.co/image/23bae95100dcb6ac8f88c19fa2a11c50a998a926,https://open.spotify.com/track/3a1lNhkSLSkpJE4MSHpDu9
29,2017-08-13,30,Down,Believer,Imagine Dragons,1493211,https://i.scdn.co/image/ab67616d000048517956bd9a3d7a15e4c2e37cc6,https://open.spotify.com/track/0CcQNd8CINkwQfe1RDtGV6
30,2017-08-13,31,Down,Your Song,Rita Ora,1478503,https://i.scdn.co/image/ab67616d00004851528e7f2b6eda1b2a20ccfb1f,https://open.spotify.com/track/4c2W3VKsOFoIg2SFaO6DY5
31,2017-08-13,32,Flat,I Like Me Better,Lauv,1449484,https://i.scdn.co/image/ab67616d00004851fab48816b625e2a77a732400,https://open.spotify.com/track/1wjzFQodRWrPcQ0AnYnvQ9
32,2017-08-13,33,Flat,Slow Hands,Niall Horan,1442481,https://i.scdn.co/image/ab67616d00004851805efe949d48d6f50e604919,https://open.spotify.com/track/167NczpNbRF7oWakJaY3Hh
33,2017-08-13,34,Up,Without You (feat. Sandro Cavazza),Avicii,1405918,https://i.scdn.co/image/ab67616d0000485130800bfbfff51ddb031d9bd7,https://open.spotify.com/track/6WbADFqMvR8N5u0BvtsWQE
34,2017-08-13,35,Flat,Pretty Girl - Cheat Codes X CADE Remix,Maggie Lindemann,1365130,https://i.scdn.co/image/ab67616d000048517c7436e1b6273be0e7bc1a84,https://open.spotify.com/track/1NDxZ7cFAo481dtYWdrUnR
35,2017-08-13,36,Down,"Know No Better (feat. Travis Scott, Camila Cabello & Quavo)",Major Lazer,1334940,https://i.scdn.co/image/ab67616d00004851de1e9558f85913eb0b47f623,https://open.spotify.com/track/3Ytr1SUCUi6J3L9dRFx5iH
36,2017-08-13,37,Down,Escápate Conmigo,Wisin,1306422,https://i.scdn.co/image/ab67616d000048512b02904e5404ad6069c16a4f,https://open.spotify.com/track/2cnKEkpVUSV4wnjQiTWfH6
37,2017-08-13,38,Down,Bonita,J Balvin,1290101,https://i.scdn.co/image/ab67616d0000485148f3fc1d4f0fed414418e041,https://open.spotify.com/track/693iqPOQvhI7PobtR8CC8v
38,2017-08-13,39,Down,Una Lady Como Tú,Manuel Turizo,1284604,https://i.scdn.co/image/ab67616d00004851f9dc35bc367fcf98e763d27e,https://open.spotify.com/track/7MHN1aCFtLXjownGhvEQlF
39,2017-08-13,40,Up,Praying,Kesha,1283284,https://i.scdn.co/image/ab67616d0000485155de63b8aaf464fe8146b4f1,https://open.spotify.com/track/0jdny0dhgjUwoIp5GkqEaA
40,2017-08-13,41,Down,That's What I Like,Bruno Mars,1281374,https://i.scdn.co/image/ab67616d00004851232711f7d66a1e19e89e28c5,https://open.spotify.com/track/0KKkJNfGyhkQ5aFogxQAPU
41,2017-08-13,42,Down,Symphony (feat. Zara Larsson),Clean Bandit,1269625,https://i.scdn.co/image/ab67616d000048515b1130d050c4cd2295999d85,https://open.spotify.com/track/1x5sYLZiu9r5E43kMlt9f8
42,2017-08-13,43,Flat,Redbone,Childish Gambino,1247146,https://i.scdn.co/image/ab67616d000048510b97e56ffad7c6211aa848f8,https://open.spotify.com/track/3kxfsdsCpFgN412fpnW85Y
43,2017-08-13,44,Up,Location,Khalid,1239316,https://i.scdn.co/image/ab67616d00004851988ede5e1276e758b5f9e577,https://open.spotify.com/track/152lZdxL1OR0ZMW6KquMif
44,2017-08-13,45,Down,BUTTERFLY EFFECT,Travis Scott,1196524,https://i.scdn.co/image/ab67616d00004851b5e9358d0d07114609d9afab,https://open.spotify.com/track/1yxgsra98r3qAtxqiGZPiX
45,2017-08-13,46,Down,Slide,Calvin Harris,1176555,https://i.scdn.co/image/ab67616d000048514d3fa5ce7ba599f4fd7803ef,https://open.spotify.com/track/7tr2za8SQg2CI8EDgrdtNl
46,2017-08-13,47,Flat,No Promises (feat. Demi Lovato),Cheat Codes,1174978,https://i.scdn.co/image/ab67616d00004851e74ecdb2f1316c8f026970a8,https://open.spotify.com/track/1louJpMmzEicAn7lzDalPW
47,2017-08-13,48,Flat,Stay (with Alessia Cara),Zedd,1159621,https://i.scdn.co/image/ab67616d0000485191a70f95efc3400f696e89cc,https://open.spotify.com/track/0dA2Mk56wEzDgegdC6R17g
48,2017-08-13,49,Flat,Bad Liar,Selena Gomez,1126789,https://i.scdn.co/image/ab67616d00004851f40c5ecb3d327a55e8aa6714,https://open.spotify.com/track/1sCxVKWImDZSZKvG0U9B23
49,2017-08-13,50,Flat,Crying in the Club,Camila Cabello,1069164,https://i.scdn.co/image/ab67616d00004851cec62b81146fe4d116fbb2fa,https://open.spotify.com/track/1SJtlNRJDeYHioymcvsqev
50,2017-08-13,51,Up,Young Dumb & Broke,Khalid,1064495,https://i.scdn.co/image/ab67616d00004851988ede5e1276e758b5f9e577,https://open.spotify.com/track/5Z3GHaZ6ec9bsiI5BenrbY
51,2017-08-13,52,Down,Ahora Dice,Chris Jeday,1040435,https://i.scdn.co/image/ab67616d000048513a142c7e7fc7863dc1a256ed,https://open.spotify.com/track/22eADXu8DfOAUEDw4vU8qy
52,2017-08-13,53,Up,Mask Off,Future,1025268,https://i.scdn.co/image/ab67616d00004851356884f85665ebdd79223fdf,https://open.spotify.com/track/3rOSwuTsUlJp0Pu0MkN8r8
53,2017-08-13,54,Down,Signs,Drake,1008399,https://i.scdn.co/image/ab67616d000048514d37373eef5fcb26802d8c18,https://open.spotify.com/track/5EnYT6F7wEcdege6mDHEfO
54,2017-08-13,55,Down,SUBEME LA RADIO,Enrique Iglesias,994775,https://i.scdn.co/image/ab67616d000048515366ff028970205a29d558ed,https://open.spotify.com/track/7nKBxz47S9SD79N086fuhn
55,2017-08-13,56,Up,Havana,Camila Cabello,978928,https://i.scdn.co/image/ab67616d00004851d93cf4d07ba50d7b32ca7c44,https://open.spotify.com/track/0ofbQMrRDsUaVKq2mGLEAb
56,2017-08-13,57,Down,Rich Love (with Seeb),OneRepublic,967725,https://i.scdn.co/image/ab67616d000048516f2fa4c6cd6653d8d770a415,https://open.spotify.com/track/7aF09WaavZAmAWuUeYxlYD
57,2017-08-13,58,Down,It Ain't Me (with Selena Gomez),Kygo,963972,https://i.scdn.co/image/ab67616d0000485141f289940f2e6a0d51988d77,https://open.spotify.com/track/3eR23VReFzcdmS7TYCrhCe
58,2017-08-13,59,Up,Lonely Together (feat. Rita Ora),Avicii,935950,https://i.scdn.co/image/241ee98f30f1a0066a26890586952e393a473b0d,https://open.spotify.com/track/2OALaHcDdKkjYEpAr0Qzab
59,2017-08-13,60,Flat,Galway Girl,Ed Sheeran,933885,https://i.scdn.co/image/ab67616d00004851ba5db46f4b838ef6027e6f96,https://open.spotify.com/track/0afhq8XCExXpqazXczTSve
60,2017-08-13,61,Up,Silence,Marshmello,924890,https://i.scdn.co/image/ab67616d00004851f33ba583059dc2f7d08bf2b8,https://open.spotify.com/track/7vGuf3Y35N4wmASOKLUVVU
61,2017-08-13,62,Down,Hey DJ,CNCO,912206,https://i.scdn.co/image/ab67616d000048514358c8856d3acc00ca6c3578,https://open.spotify.com/track/209gZgcfLq2aUuu51vOWBl
62,2017-08-13,63,Flat,Most Girls,Hailee Steinfeld,893996,https://i.scdn.co/image/ab67616d000048519e1b81dc79bd5055417b1e5a,https://open.spotify.com/track/2mfUa8bLs2s5N4VaqJZ4lZ
63,2017-08-13,64,Down,Feel It Still,Portugal. The Man,892976,https://i.scdn.co/image/ab67616d00004851af52c228c9619ff6298b08cd,https://open.spotify.com/track/6QgjcU0zLnzq5OrUoSZ3OK
64,2017-08-13,65,Flat,goosebumps,Travis Scott,890579,https://i.scdn.co/image/ab67616d00004851f54b99bf27cda88f4a7403ce,https://open.spotify.com/track/6gBFPUFcJLzWGx4lenP6h2
65,2017-08-13,66,Up,Bodak Yellow,Cardi B,873056,https://i.scdn.co/image/ab67616d0000485162a2dedc55a38a0fca0a17b0,https://open.spotify.com/track/2771LMNxwf62FTAdpJMQfM
66,2017-08-13,67,Down,OK - Spotify Version,Robin Schulz,860932,https://i.scdn.co/image/ab67616d000048517fd57367322c558ca19c9ed8,https://open.spotify.com/track/3bWAqKDWg6u1davspr5IkS
67,2017-08-13,68,Down,DNA.,Kendrick Lamar,837179,https://i.scdn.co/image/ae1f239b41e9604a66eb900834c6887cd2f62ff1,https://open.spotify.com/track/6HZILIRieu8S0iqY8kIKhj
68,2017-08-13,69,Flat,1-800-273-8255,Logic,833123,https://i.scdn.co/image/08f9ccb7875a87c07c79c1ccd5319263786c55ea,https://open.spotify.com/track/5tz69p7tJuGPeMGwNTxYuV
69,2017-08-13,70,Down,Tu Foto,Ozuna,830871,https://i.scdn.co/image/ab67616d000048515a0467b3a49a461da243c362,https://open.spotify.com/track/0Szp49tpFasIjX04Mcsydp
70,2017-08-13,71,Up,Say You Won't Let Go,James Arthur,820327,https://i.scdn.co/image/ab67616d0000485120beb61f61fcbeb33b10a9ab,https://open.spotify.com/track/5uCax9HTNlzGybIStD3vDh
71,2017-08-13,72,Flat,Magnolia,Playboi Carti,812751,https://i.scdn.co/image/cbfa858a49a59efbca64c6f7078068cf07731bd0,https://open.spotify.com/track/1e1JKLEDKP7hEQzJfNAgPl
72,2017-08-13,73,Up,Closer,The Chainsmokers,786539,https://i.scdn.co/image/ab67616d00004851495ce6da9aeb159e94eaa453,https://open.spotify.com/track/7BKLCZ1jbUBVqRi2FVlTVw
73,2017-08-13,74,Up,Passionfruit,Drake,785603,https://i.scdn.co/image/ab67616d000048515ea859dc94365abd9fd84fd6,https://open.spotify.com/track/7hDc8b7IXETo14hHIHdnhd
74,2017-08-13,75,Down,Would You Ever,Skrillex,781408,https://i.scdn.co/image/ab67616d00004851c2896a061e50f35f97337512,https://open.spotify.com/track/57p8CBvPOxrvyCbn6ttl5r
75,2017-08-13,76,Up,Slippery (feat. Gucci Mane),Migos,776118,https://i.scdn.co/image/ab67616d0000485199a8ab6da9d593939302828a,https://open.spotify.com/track/6p8NuHm8uCGnn2Dtbtf7zE
76,2017-08-13,77,Up,Malibu,Miley Cyrus,760584,https://i.scdn.co/image/ab67616d000048512fe7eac044c3912f06432f22,https://open.spotify.com/track/2habSXqcJGExM6JJyskY7O
77,2017-08-13,78,Down,La Rompe Corazones,Daddy Yankee,755315,https://i.scdn.co/image/ab67616d00004851b84a36483e43bfbcb931fcde,https://open.spotify.com/track/4okba5wu9mMLXx79DXLKi3
78,2017-08-13,79,Up,Love Galore (feat. Travis Scott),SZA,753303,https://i.scdn.co/image/ab67616d000048514c79d5ec52a6d0302f3add25,https://open.spotify.com/track/0q75NwOoFiARAVp4EXU4Bs
79,2017-08-13,80,Up,LOYALTY. FEAT. RIHANNA.,Kendrick Lamar,752142,https://i.scdn.co/image/ae1f239b41e9604a66eb900834c6887cd2f62ff1,https://open.spotify.com/track/6SwRhMLwNqEi6alNPVG00n
80,2017-08-13,81,Down,Get Low (with Liam Payne),Zedd,750395,https://i.scdn.co/image/ab67616d00004851a558887a8b28dcd38ad6e3ef,https://open.spotify.com/track/1CKd1PnqfYx0H12V9MSaIY
81,2017-08-13,82,Up,Body Like A Back Road,Sam Hunt,735047,https://i.scdn.co/image/ab67616d000048519eccbdab1110afc4d5a186a8,https://open.spotify.com/track/7mldq42yDuxiUNn08nvzHO
82,2017-08-13,83,Up,Down,Fifth Harmony,724809,https://i.scdn.co/image/ab67616d00004851aa8f5611964dc75eebbecbba,https://open.spotify.com/track/7LEydI5NfjY6mZfKwYIptZ
83,2017-08-13,84,Down,Me Enamoré,Shakira,716377,https://i.scdn.co/image/ab67616d00004851d05d3aad30c5fb7614893cf5,https://open.spotify.com/track/4qknM1pQz53QOyfDVTjcM9
84,2017-08-13,85,Down,Mayores,Becky G,714832,https://i.scdn.co/image/ab67616d00004851b5983d639fd953deb3c99848,https://open.spotify.com/track/7JNh1cfm0eXjqFVOzKLyau
85,2017-08-13,86,Up,Issues,Julia Michaels,701549,https://i.scdn.co/image/bed97a5c36c8dda6724f89ecfd8c23497cc897f4,https://open.spotify.com/track/0xG0SHshCStMEyNbNC5d4k
86,2017-08-13,87,Down,Now Or Never,Halsey,687321,https://i.scdn.co/image/d5bb421dbecbba7c6904eb67672f3cd25cf54c23,https://open.spotify.com/track/7i2DJ88J7jQ8K7zqFX2fW8
87,2017-08-13,88,Down,First Time,Kygo,679872,https://i.scdn.co/image/ab67616d00004851b6d86ca196b697ee0f640118,https://open.spotify.com/track/2Gl0FzuLxflY6nPifJp5Dr
88,2017-08-13,89,Up,El Amante,Nicky Jam,671749,https://i.scdn.co/image/ab67616d00004851d77dbcd4dbd37cdfa61771fa,https://open.spotify.com/track/3umS4y3uQDkqekNjVpiRUs
89,2017-08-13,90,Up,Rockabye (feat. Sean Paul & Anne-Marie),Clean Bandit,665347,https://i.scdn.co/image/ab67616d000048511431c3bdf16aa99f71799d95,https://open.spotify.com/track/5knuzwU65gJK7IF5yJsuaW
90,2017-08-13,91,Up,Starboy,The Weeknd,661687,https://i.scdn.co/image/ab67616d000048510c8599cbde51245c128bcea9,https://open.spotify.com/track/5aAx2yezTd8zXrkmtKl66Z
91,2017-08-13,92,Flat,Sigo Extrañándote,J Balvin,654135,https://i.scdn.co/image/ab67616d00004851338ffc4c72a192f06070546b,https://open.spotify.com/track/6qDF4wWL49CAVbgT7yuHl8
92,2017-08-13,93,Up,"I Don’t Wanna Live Forever (Fifty Shades Darker) - From ""Fifty Shades Darker (Original Motion Picture Soundtrack)""",ZAYN,651395,https://i.scdn.co/image/ab67616d000048512ae921f082ae5db4d3da818f,https://open.spotify.com/track/3NdDpSvN911VPGivFlV5d0
93,2017-08-13,94,Down,Came Here for Love,Sigala,651362,https://i.scdn.co/image/ab67616d000048513769e2973131468513fc59cd,https://open.spotify.com/track/3kGfazcbVvVkuZunzlLgTD
94,2017-08-13,95,Up,Perfect,Ed Sheeran,650679,https://i.scdn.co/image/ab67616d00004851ba5db46f4b838ef6027e6f96,https://open.spotify.com/track/0tgVpDi06FyKpA1z0VMD4v
95,2017-08-13,96,Up,One Dance,Drake,646159,https://i.scdn.co/image/ab67616d00004851726abca207567d5e41cb9667,https://open.spotify.com/track/1xznGGDReH1oQq0xzbwXa3
96,2017-08-13,97,Down,Robarte un Beso,Carlos Vives,644293,https://i.scdn.co/image/ab67616d0000485126f611d8f55ec6cecb29192e,https://open.spotify.com/track/4z3GJkrtH97Bj6fRta983T
97,2017-08-13,98,Up,Krippy Kush,Farruko,643827,https://i.scdn.co/image/ab67616d00004851e2d873eb680063460c94914c,https://open.spotify.com/track/3rgjBiAMVGnxmsTDmUy8vb
98,2017-08-13,99,Flat,I Feel It Coming,The Weeknd,637918,https://i.scdn.co/image/b3683184efeb899b2d1a02f4957d0c630dc10b0b,https://open.spotify.com/track/5GXAXm5YOmYT0kL5jHvYBt
99,2017-08-13,100,Up,Castle on the Hill,Ed Sheeran,636673,https://i.scdn.co/image/ab67616d00004851ba5db46f4b838ef6027e6f96,https://open.spotify.com/track/6PCUP3dWmTjcTtXY02oFdT
100,2017-08-13,101,Up,OMG,Camila Cabello,629490,https://i.scdn.co/image/ab67616d00004851147a905ba006c3ed794f17fd,https://open.spotify.com/track/4xBjsLUSjcx2h7PcRikpQp
101,2017-08-13,102,Up,Sign of the Times,Harry Styles,626065,https://i.scdn.co/image/ab67616d000048516c619c39c853f8b1d67b7859,https://open.spotify.com/track/5Ohxk2dO5COHF1krpoPigN
102,2017-08-13,103,Up,LOVE. FEAT. ZACARI.,Kendrick Lamar,620078,https://i.scdn.co/image/ae1f239b41e9604a66eb900834c6887cd2f62ff1,https://open.spotify.com/track/6PGoSes0D9eUDeeAafB2As
103,2017-08-13,104,Up,Scared to Be Lonely,Martin Garrix,619137,https://i.scdn.co/image/ab67616d0000485164f8a309aa3c0a66a31fc374,https://open.spotify.com/track/3ebXMykcMXOcLeJ9xZ17XH
104,2017-08-13,105,Down,Sua cara (feat. Anitta & Pabllo Vittar),Major Lazer,617775,https://i.scdn.co/image/ab67616d00004851d75f1f9e874ff1362df4a961,https://open.spotify.com/track/3ibRxEv4KkcU9e259eyNJA
105,2017-08-13,106,Down,Otra vez (feat. J Balvin),Zion & Lennox,615459,https://i.scdn.co/image/ab67616d0000485182eabf564ddc57325a84dd50,https://open.spotify.com/track/3QwBODjSEzelZyVjxPOHdq
106,2017-08-13,107,Down,Rollin,Calvin Harris,611225,https://i.scdn.co/image/ab67616d000048514d3fa5ce7ba599f4fd7803ef,https://open.spotify.com/track/0lMbuWUpfTWhEmOKxppEau
107,2017-08-13,108,Up,It's A Vibe,2 Chainz,610854,https://i.scdn.co/image/179288654e273e14d827a4aa76cf37115e139ca0,https://open.spotify.com/track/6H0AwSQ20mo62jGlPGB8S6
108,2017-08-13,109,Up,Photograph,Ed Sheeran,608783,https://i.scdn.co/image/ab67616d00004851d08209944468440145f01524,https://open.spotify.com/track/6fxVffaTuwjgEk5h9QyRjy
109,2017-08-13,110,Down,What About Us,P!nk,603848,https://i.scdn.co/image/ab67616d000048511d75bb4aadfc620497c5db0f,https://open.spotify.com/track/31MkGwj0SWgZaTvEt5Hgxv
110,2017-08-13,111,Down,Solo Dance,Martin Jensen,602678,https://i.scdn.co/image/ab67616d00004851950d67dbe3f31f1d9a5d06a2,https://open.spotify.com/track/6HUnnBwYZqcED1eQztxMBN
111,2017-08-13,112,Down,Perplexing Pegasus,Rae Sremmurd,597647,https://i.scdn.co/image/ab67616d000048510c4887060da7f88128376220,https://open.spotify.com/track/2nYwV62UABTH0NanrwVIdQ
112,2017-08-13,113,Down,"Sola (Remix) [feat. Daddy Yankee, Wisin, Farruko, Zion & Lennox]",Anuel AA,596557,https://i.scdn.co/image/ab67616d00004851a66def7d649149464edc8f1e,https://open.spotify.com/track/5q2JbCNi4FcnglgPfxcV65
113,2017-08-13,114,Down,Hey Ma (with Pitbull & J Balvin feat. Camila Cabello) - Spanish Version,Pitbull,596127,https://i.scdn.co/image/ab67616d000048513e40b472d708ea3c6bd86670,https://open.spotify.com/track/2Vdub5mY4lad7w64bFPUez
114,2017-08-13,115,Up,iSpy (feat. Lil Yachty),KYLE,594200,https://i.scdn.co/image/ab67616d0000485132e373f2988bc6596a542d1c,https://open.spotify.com/track/2EEeOnHehOozLq4aS0n6SL
115,2017-08-13,116,Down,Chantaje (feat. Maluma),Shakira,589877,https://i.scdn.co/image/ab67616d00004851d05d3aad30c5fb7614893cf5,https://open.spotify.com/track/6mICuAdrwEjh6Y6lroV2Kg
116,2017-08-13,117,Down,Báilame,Nacho,583419,https://i.scdn.co/image/ab67616d000048514b2089fbced0d870deb3e9f2,https://open.spotify.com/track/7lRsNbdOGykkMAgsqs4R1C
117,2017-08-13,118,Down,Summer Air,ItaloBrothers,580326,https://i.scdn.co/image/ab67616d000048516cc9441f366f82803e48ae5c,https://open.spotify.com/track/3GPI7hYiqD6enLRobhkBm8
118,2017-08-13,119,Down,Bella y Sensual,Romeo Santos,562736,https://i.scdn.co/image/ab67616d00004851827d0777f8cccdf5b7481442,https://open.spotify.com/track/0ERbK7qVqveCaBWIiYCrl3
119,2017-08-13,120,Down,Si Tú La Ves (feat. Wisin),Nicky Jam,561060,https://i.scdn.co/image/ab67616d00004851d77dbcd4dbd37cdfa61771fa,https://open.spotify.com/track/4yN6xPLopmTLvc27pO9LIE
120,2017-08-13,121,Up,Paris,The Chainsmokers,554120,https://i.scdn.co/image/ab67616d000048510c13d3d5a503c84fcc60ae94,https://open.spotify.com/track/72jbDTw1piOOj770jWNeaG
121,2017-08-13,122,Up,Super Far,LANY,547730,https://i.scdn.co/image/ab67616d000048514bf52f0d4578b67e362f4672,https://open.spotify.com/track/74ODGXs4byLTRdnKGM4s6E
122,2017-08-13,123,Up,Rake It Up,Yo Gotti,547668,https://i.scdn.co/image/ab67616d00004851dc371ef9c9ad4c33b3fc130a,https://open.spotify.com/track/6c7D34787LOtPm8tzhsLgH
123,2017-08-13,124,Up,Don't Let Me Down,The Chainsmokers,544158,https://i.scdn.co/image/ab67616d0000485108d87fb54859bc9038f7e5e0,https://open.spotify.com/track/0QsvXIfqM0zZoerQfsI9lm
124,2017-08-13,125,Up,Drowning (feat. Kodak Black),A Boogie Wit da Hoodie,543018,https://i.scdn.co/image/ab67616d0000485131d8918139b720e4141adeec,https://open.spotify.com/track/6Q2FftbUG530lCtBI74bMH
125,2017-08-13,126,Down,Reggaetón Lento (Bailemos),CNCO,541518,https://i.scdn.co/image/ab67616d000048517db0f7ac4c612cce26ccacf9,https://open.spotify.com/track/3AEZUABDXNtecAOSC1qTfo
126,2017-08-13,127,Down,Let Me Love You,DJ Snake,539446,https://i.scdn.co/image/ab67616d000048515045de6786e0af096de73ed4,https://open.spotify.com/track/4pdPtRcBmOSQDlJ3Fk945m
127,2017-08-13,128,Up,4 AM,2 Chainz,535117,https://i.scdn.co/image/179288654e273e14d827a4aa76cf37115e139ca0,https://open.spotify.com/track/1nX9KhK3Fff27SnrIor2Yb
128,2017-08-13,129,Up,Bad and Boujee (feat. Lil Uzi Vert),Migos,531009,https://i.scdn.co/image/ab67616d0000485199a8ab6da9d593939302828a,https://open.spotify.com/track/4Km5HrUvYTaSUfiSGPJeQR
129,2017-08-13,130,Down,Instruction (feat. Demi Lovato & Stefflon Don),Jax Jones,530569,https://i.scdn.co/image/ab67616d00004851785528fd13fc6d63e29542f4,https://open.spotify.com/track/0XfOi87h82i09rQjWYG0Bm
130,2017-08-13,131,Up,Marmalade (feat. Lil Yachty),Macklemore,528177,https://i.scdn.co/image/ab67616d00004851680f96eb3f25997ee13ab941,https://open.spotify.com/track/0RYXEibxMami3QuT8kn4Iz
131,2017-08-13,132,Down,Me Llamas (feat. Maluma) - Remix,Piso 21,525584,https://i.scdn.co/image/ab67616d000048511e1eafb5d2bb1ca39d26f092,https://open.spotify.com/track/5hEM0JchdVzQ5PwvSfITeX
132,2017-08-13,133,Down,All My Love (feat. Conor Maynard),Cash Cash,521946,https://i.scdn.co/image/ab67616d0000485119412f5b0f76d10d241f2981,https://open.spotify.com/track/1839RWzPRZCVgvamu4sHSN
133,2017-08-13,134,Down,24K Magic,Bruno Mars,521047,https://i.scdn.co/image/ab67616d00004851232711f7d66a1e19e89e28c5,https://open.spotify.com/track/6b8Be6ljOzmkOmFslEb23P
134,2017-08-13,135,Up,We Don't Talk Anymore,Charlie Puth,519503,https://i.scdn.co/image/ab67616d00004851c0e28105f0533c52717c46c2,https://open.spotify.com/track/68EMU2RD1ECNeOeJ5qAXCV
135,2017-08-13,136,Up,Treat You Better,Shawn Mendes,516546,https://i.scdn.co/image/ab67616d00004851188e6332f32088921ab1eaf8,https://open.spotify.com/track/4Hf7WnR761jpxPr5D46Bcd
136,2017-08-13,137,Up,Thinking out Loud,Ed Sheeran,513681,https://i.scdn.co/image/ab67616d00004851d08209944468440145f01524,https://open.spotify.com/track/1Slwb6dOYkBlWal1PGtnNg
137,2017-08-13,138,Down,"CAN'T STOP THE FEELING! (Original Song from DreamWorks Animation's ""TROLLS"")",Justin Timberlake,503649,https://i.scdn.co/image/ab67616d00004851ef37416970812293c08e8a78,https://open.spotify.com/track/6JV2JOEocMgcZxYSZelKcc
138,2017-08-13,139,Down,Besándote,Piso 21,503643,https://i.scdn.co/image/ab67616d000048512cd0b690a37d7bb6e2aa5de4,https://open.spotify.com/track/13X0XdLMOdtbXVtAj2ox4h
139,2017-08-13,140,Up,Starving,Hailee Steinfeld,492937,https://i.scdn.co/image/ab67616d00004851612495ee5769c99125031be2,https://open.spotify.com/track/1qOLh0tI7trd1zdDKxYZTe
140,2017-08-13,141,Down,Swish Swish,Katy Perry,486697,https://i.scdn.co/image/ab67616d000048511487979a7e0181a5d0406d1a,https://open.spotify.com/track/2kVHAQKVtczchKctctzbtK
141,2017-08-13,142,Up,Complicated (feat. Kiiara),Dimitri Vegas & Like Mike,482926,https://i.scdn.co/image/ab67616d0000485105df880db084244f431803b4,https://open.spotify.com/track/1Sl3njkhhz8nrSPZroDQ82
142,2017-08-13,143,Down,In the End,Linkin Park,482478,https://i.scdn.co/image/ab67616d00004851e2f039481babe23658fc719a,https://open.spotify.com/track/60a0Rd6pjrkxjPbaKzXjfq
143,2017-08-13,144,Down,Two High,Moon Taxi,478623,https://i.scdn.co/image/ab67616d000048513aba4c031c2a1b7941063ef0,https://open.spotify.com/track/3sJHkcxojoJD2Ytbo1yLLF
144,2017-08-13,145,Up,No Complaints,Metro Boomin,477761,https://i.scdn.co/image/f8fd3bfa4e9e48ade26b0b788301332e736220a4,https://open.spotify.com/track/6kig1UFggPUyZBCvXD3Wod
145,2017-08-13,146,Down,You Don't Know Me - Radio Edit,Jax Jones,476931,https://i.scdn.co/image/ab67616d00004851dd05a1716e2f07a07b8ccfe3,https://open.spotify.com/track/00lNx0OcTJrS3MKHcB80HY
146,2017-08-13,147,Up,Fake Love,Drake,471815,https://i.scdn.co/image/6dfd956b9331fa9ea1f47ebb95311951ed72b3db,https://open.spotify.com/track/343YBumqHu19cGoGARUTsd
147,2017-08-13,148,Up,Bounce Back,Big Sean,469281,https://i.scdn.co/image/695d0c097d8463ccc2c2b9855fe44e3e9e7bc267,https://open.spotify.com/track/0SGkqnVQo9KPytSri1H6cF
148,2017-08-13,149,Up,do re mi (feat. Gucci Mane),blackbear,467873,https://i.scdn.co/image/0204c2af4ad772fd738bbd661b300a4dec113e71,https://open.spotify.com/track/53mrVsi49rLHIaKBiSvElG
149,2017-08-13,150,Down,Tuesday,Burak Yeter,466900,https://i.scdn.co/image/069b0b8dc1285ba4d2bd7f2536abfce84598d130,https://open.spotify.com/track/7abpmGpF7PGep2rDU68GBR
150,2017-08-13,151,Up,In the Name of Love,Martin Garrix,464951,https://i.scdn.co/image/ab67616d00004851923db3f255cd48a6d5783ebf,https://open.spotify.com/track/04DwTuZ2VBdJCCC5TROn7L
151,2017-08-13,152,Flat,Side To Side,Ariana Grande,461891,https://i.scdn.co/image/ab67616d000048517227f5854239a059af211d5b,https://open.spotify.com/track/4pLwZjInHj3SimIyN9SnOz
152,2017-08-13,153,Up,I Took A Pill In Ibiza - Seeb Remix,Mike Posner,456201,https://i.scdn.co/image/ab67616d0000485140512e02a594e3378c0256e6,https://open.spotify.com/track/17Fd6Yb7mSbinKG8LoWfFl
153,2017-08-13,154,Down,You Be Love (feat. Billy Raffoul),Avicii,455602,https://i.scdn.co/image/241ee98f30f1a0066a26890586952e393a473b0d,https://open.spotify.com/track/12ip0ceCeszDTDFxDY1AXJ
154,2017-08-13,155,Up,Happier,Ed Sheeran,452870,https://i.scdn.co/image/ab67616d00004851ba5db46f4b838ef6027e6f96,https://open.spotify.com/track/2RttW7RAu5nOAfq6YFvApB
155,2017-08-13,156,Down,Call On Me - Ryan Riback Extended Remix,Starley,451055,https://i.scdn.co/image/ab67616d000048519d4079afc73664f86f055400,https://open.spotify.com/track/78rIJddV4X0HkNAInEcYde
156,2017-08-13,157,Up,Why,Sabrina Carpenter,450478,https://i.scdn.co/image/ab67616d00004851eacfb091aa2c9ce49381c96e,https://open.spotify.com/track/2jYmK1cb3Uya6FFsocdpzO
157,2017-08-13,158,Up,do re mi,blackbear,450346,https://i.scdn.co/image/25560e082d8ff78217dd6594d18f827a4049cc63,https://open.spotify.com/track/3Q3myFA7q4Op95DOpHplaY
158,2017-08-13,159,Up,Love Yourself,Justin Bieber,449840,https://i.scdn.co/image/ab67616d00004851b6d9a4fbb0bd49f0f034aead,https://open.spotify.com/track/3hB5DgAiMAQ4DzYbsMq1IT
159,2017-08-13,160,Up,Look At Me!,XXXTENTACION,448217,https://i.scdn.co/image/ab67616d0000485125b5901b8bcf902f54d466d9,https://open.spotify.com/track/4ARPvK8DHLwt4oX65ZAFMw
160,2017-08-13,161,Flat,Cold Water (feat. Justin Bieber & MØ),Major Lazer,444471,https://i.scdn.co/image/ab67616d000048512e8f1cca2bc8c9d55930523b,https://open.spotify.com/track/6DNtNfH8hXkqOX1sjqmI7p
161,2017-08-13,162,Up,Portland,Drake,444081,https://i.scdn.co/image/6dfd956b9331fa9ea1f47ebb95311951ed72b3db,https://open.spotify.com/track/2bjwRfXMk4uRgOD9IBYl9h
162,2017-08-13,163,Up,Swang,Rae Sremmurd,443584,https://i.scdn.co/image/16293ab3b4f9301aeb5f41810fd7056d463db55e,https://open.spotify.com/track/6mapJIPnQ23RTAevUoE0DL
163,2017-08-13,164,Down,Loco Enamorado,Abraham Mateo,439776,https://i.scdn.co/image/ab67616d00004851c7c9cff204bc6b4a3e36e42d,https://open.spotify.com/track/4N1c5rmWOzRmB9SMacr5wB
164,2017-08-13,165,Flat,The Cure,Lady Gaga,436812,https://i.scdn.co/image/ab67616d000048514a9be9e8223db02a37e1e8fe,https://open.spotify.com/track/51PIvodunv6NmX5250zxAh
165,2017-08-13,166,Up,Faded,Alan Walker,428516,https://i.scdn.co/image/ab67616d00004851c4d00cac55ae1b4598c9bc90,https://open.spotify.com/track/7gHs73wELdeycvS48JfIos
166,2017-08-13,167,Up,Mercy,Shawn Mendes,428487,https://i.scdn.co/image/ab67616d00004851188e6332f32088921ab1eaf8,https://open.spotify.com/track/4TZy1wLyHec06pwgFYDh1a
167,2017-08-13,168,Up,White Iverson,Post Malone,427770,https://i.scdn.co/image/23bae95100dcb6ac8f88c19fa2a11c50a998a926,https://open.spotify.com/track/6eT7xZZlB2mwyzJ2sUKG6w
168,2017-08-13,169,Up,Heathens,Twenty One Pilots,423111,https://i.scdn.co/image/ab67616d000048512ca3ba8f334ca5a5f0312efb,https://open.spotify.com/track/6i0V12jOa3mr6uu4WYhUBr
169,2017-08-13,170,Down,Ahora Me Llama,KAROL G,422184,https://i.scdn.co/image/ab67616d000048511f8b5b79339712de8c904d63,https://open.spotify.com/track/61HHDBLqF3AmSvLfHKNGd2
170,2017-08-13,171,Down,Friend Of Mine (feat. Vargas & Lagola),Avicii,420980,https://i.scdn.co/image/241ee98f30f1a0066a26890586952e393a473b0d,https://open.spotify.com/track/5WEqjIUHkwZ5h3DSE7F9bM
171,2017-08-13,172,Down,Alguien Robo,Sebastian Yatra,417815,https://i.scdn.co/image/ab67616d0000485135e1cf8c70c60dc416956c17,https://open.spotify.com/track/5i50gKdLAjjIr7UxRT5IVy
172,2017-08-13,173,Up,"Lose Yourself - From ""8 Mile"" Soundtrack",Eminem,416663,https://i.scdn.co/image/36440dfd440d23086573d62a32def35ecc42f111,https://open.spotify.com/track/5Z01UMMf7V1o0MzF86s6WJ
173,2017-08-13,174,Down,Numb,Linkin Park,414042,https://i.scdn.co/image/ab67616d00004851b4ad7ebaf4575f120eb3f193,https://open.spotify.com/track/2nLtzopw4rPReszdYBJU6h
174,2017-08-13,175,Up,Broccoli (feat. Lil Yachty),DRAM,410909,https://i.scdn.co/image/ab67616d00004851f02a1575a59bd05998826351,https://open.spotify.com/track/7yyRTcZmCiyzzJlNzGC9Ol
175,2017-08-13,176,Down,Tired,Alan Walker,410433,https://i.scdn.co/image/ab67616d00004851c311619d7b02d5c4a6c167f2,https://open.spotify.com/track/3b5Li4QKDVBx1x7fQuu54a
176,2017-08-13,177,New,Rolex,Ayo & Teo,410076,https://i.scdn.co/image/ab67616d0000485179dbd95fbdf6b0d617bd32dd,https://open.spotify.com/track/0pSBuHjILhNEo55xK1zrRt
177,2017-08-13,178,Down,Hunter,Galantis,410038,https://i.scdn.co/image/ab67616d00004851c57e7df0eb72981d8aafd57d,https://open.spotify.com/track/3caMfJGFp53NAH2TuigdNj
178,2017-08-13,179,New,Go Flex,Post Malone,409989,https://i.scdn.co/image/23bae95100dcb6ac8f88c19fa2a11c50a998a926,https://open.spotify.com/track/5yuShbu70mtHXY0yLzCQLQ
179,2017-08-13,180,Up,One Last Time,Ariana Grande,408900,https://i.scdn.co/image/ab67616d000048511254a60895a75d37796045c8,https://open.spotify.com/track/7bJwvubZZaoGE1AGEfu8Fi
180,2017-08-13,181,Up,Tunnel Vision,Kodak Black,406113,https://i.scdn.co/image/ab67616d000048511541a676423805fc68ff3e66,https://open.spotify.com/track/4Q3N4Ct4zCuIHuZ65E3BD4
181,2017-08-13,182,New,The Night We Met,Lord Huron,405690,https://i.scdn.co/image/ab67616d00004851ee6611c95f868e465c98a0b2,https://open.spotify.com/track/6mORGLOz79w6VsCRLWYYuK
182,2017-08-13,183,New,The Scientist,Coldplay,405136,https://i.scdn.co/image/ab67616d00004851ad6f442ecac8735b9285a923,https://open.spotify.com/track/75JFxkI2RXiU7L9VXzMkle
183,2017-08-13,184,Down,Cheap Thrills,Sia,403922,https://i.scdn.co/image/ab67616d0000485149e0134c686547c28b7c999f,https://open.spotify.com/track/27SdWb2rFzO6GWiYDBTD9j
184,2017-08-13,185,Up,Safari,J Balvin,403518,https://i.scdn.co/image/ab67616d00004851338ffc4c72a192f06070546b,https://open.spotify.com/track/6rQSrBHf7HlZjtcMZ4S4bO
185,2017-08-13,186,Down,Bebe (feat. Anuel AA),Ozuna,402555,https://i.scdn.co/image/ab67616d00004851918760935230018b01f7a3f4,https://open.spotify.com/track/6SIrNxmmdbv1KUbFBu1PaN
186,2017-08-13,187,Down,Hear Me Now,Alok,401033,https://i.scdn.co/image/e308bad29e4cf6dc8aa5cd97449ef71bbb893d40,https://open.spotify.com/track/1a5Yu5L18qNxVhXx38njON
187,2017-08-13,188,New,Stressed Out,Twenty One Pilots,400051,https://i.scdn.co/image/ab67616d00004851de03bfc2991fd5bcfde65ba3,https://open.spotify.com/track/3CRDbSIZ4r5MsZ0YwxuEkn
188,2017-08-13,189,New,T-Shirt,Migos,398996,https://i.scdn.co/image/ab67616d0000485199a8ab6da9d593939302828a,https://open.spotify.com/track/7KOlJ92bu51cltsD9KU5I7
189,2017-08-13,190,Up,Heavy (feat. Kiiara),Linkin Park,398392,https://i.scdn.co/image/ab67616d00004851145e1cf12538f5666511237d,https://open.spotify.com/track/104buTcnP2AsxqB7U1FIZ4
190,2017-08-13,191,Up,Ride,Twenty One Pilots,396767,https://i.scdn.co/image/ab67616d00004851de03bfc2991fd5bcfde65ba3,https://open.spotify.com/track/2Z8WuEywRWYTKe1NybPQEW
191,2017-08-13,192,Up,El Farsante,DJ Jonathan,396040,https://i.scdn.co/image/ab67616d00004851c856c1b98c4beac7d0d14379,https://open.spotify.com/track/66gNNRsKkmECPQUrvpMQtS
192,2017-08-13,193,Down,Sun Comes Up (feat. James Arthur),Rudimental,395976,https://i.scdn.co/image/ab67616d00004851db779b39b22152a560a22bde,https://open.spotify.com/track/6SUocL0caib4mLHe8ZrZzi
193,2017-08-13,194,Down,No Vacancy,OneRepublic,395042,https://i.scdn.co/image/ab67616d000048518eadf2a91387dd890653afbe,https://open.spotify.com/track/6XOYVSmNDjKUNMXooU4s4z
194,2017-08-13,195,Down,Traicionera,Sebastian Yatra,393724,https://i.scdn.co/image/ab67616d00004851dbe5e9f934a9be5db8884c52,https://open.spotify.com/track/5J1c3M4EldCfNxXwrwt8mT
195,2017-08-13,196,New,Weak,AJR,393184,https://i.scdn.co/image/ab67616d00004851c5f3ca405ff6ed13dc554b94,https://open.spotify.com/track/3E2Zh20GDCR9B1EYjfXWyv
196,2017-08-13,197,Down,Imitadora,Romeo Santos,392396,https://i.scdn.co/image/ab67616d00004851827d0777f8cccdf5b7481442,https://open.spotify.com/track/6r46lnXFbE9fr2d3KNaGbe
197,2017-08-13,198,Down,Reminder - Remix,The Weeknd,391413,https://i.scdn.co/image/2a37773b7e32e91d092e687caf6dcaf414cabe48,https://open.spotify.com/track/7F1LWA9sIlTorHUo4amGqk
198,2017-08-13,199,New,Boys,Charli XCX,389564,https://i.scdn.co/image/ab67616d00004851eb4121feca968298ac9e2720,https://open.spotify.com/track/5o4yGlG0PfeVUa6ClIyOxq
199,2017-08-13,200,New,"How Far I'll Go - From ""Moana""",Alessia Cara,386855,https://i.scdn.co/image/ab67616d00004851fb128b1eda22335050f584fe,https://open.spotify.com/track/5hYTyyh2odQKphUbMqc5gN
