,Date,Position,Trend,Title,Artist,Streams,Icon_URL,Spotify_URL
0,2017-08-05,1,Flat,Mi Gente,J Balvin,4858552,https://i.scdn.co/image/ab67616d00004851996bd1ea86bd3815eedfeef5,https://open.spotify.com/track/2rb5MvYT7ZIxbKW5hfcHx8
1,2017-08-05,2,Flat,Despacito - Remix,Luis Fonsi,4347440,https://i.scdn.co/image/ab67616d00004851d8559d0280ffe2a2af6dacdf,https://open.spotify.com/track/5CtI0qwDJkDQGwXD1H1cLb
2,2017-08-05,3,Flat,Wild Thoughts (feat. Rihanna & Bryson Tiller),DJ Khaled,3826766,https://i.scdn.co/image/ab67616d00004851dcb6a73da1e7f293b875f69c,https://open.spotify.com/track/1OAh8uOEOvTDqkKFsKksCi
3,2017-08-05,4,Flat,Unforgettable,French Montana,3509815,https://i.scdn.co/image/ab67616d000048518a31195a371b2233456f6c07,https://open.spotify.com/track/3B54sVLJ402zGa6Xm4YGNe
4,2017-08-05,5,Flat,Feels,Calvin Harris,3407847,https://i.scdn.co/image/ab67616d000048514d3fa5ce7ba599f4fd7803ef,https://open.spotify.com/track/5bcTCxgc7xVfSaMV3RuVke
5,2017-08-05,6,Flat,2U (feat. Justin Bieber),David Guetta,3174766,https://i.scdn.co/image/ab67616d0000485145c5570d4a66346d8f683913,https://open.spotify.com/track/3A7qX2QjDlPnazUsRk5y0M
6,2017-08-05,7,Flat,"I'm the One (feat. Justin Bieber, Quavo, Chance the Rapper & Lil Wayne)",DJ Khaled,3066509,https://i.scdn.co/image/ab67616d00004851dcb6a73da1e7f293b875f69c,https://open.spotify.com/track/3DXncPQOG4VBw3QHh3S817
7,2017-08-05,8,Flat,Shape of You,Ed Sheeran,2928977,https://i.scdn.co/image/ab67616d00004851ba5db46f4b838ef6027e6f96,https://open.spotify.com/track/7qiZfU4dY1lWllzX7mPBI3
8,2017-08-05,9,Flat,Attention,Charlie Puth,2879375,https://i.scdn.co/image/ab67616d00004851db21a273452f0637cdbc35aa,https://open.spotify.com/track/4iLqG9SeJSnt0cSPICSjxv
9,2017-08-05,10,Flat,Strip That Down,Liam Payne,2749059,https://i.scdn.co/image/ab67616d00004851ec1abb2ba5e210e826161111,https://open.spotify.com/track/6EpRaXYhGOB3fj4V2uDkMJ
10,2017-08-05,11,Flat,Thunder,Imagine Dragons,2651591,https://i.scdn.co/image/ab67616d000048517956bd9a3d7a15e4c2e37cc6,https://open.spotify.com/track/0tKcYR2II1VCQWT79i5NrW
11,2017-08-05,12,Flat,Mama,Jonas Blue,2570453,https://i.scdn.co/image/14891cf71e2287163c137e90074783ba5cdd4ff4,https://open.spotify.com/track/0NiXXAI876aGImAd6rTj8w
12,2017-08-05,13,Flat,Sorry Not Sorry,Demi Lovato,2367171,https://i.scdn.co/image/ab67616d0000485110e3276edd7706710560bd4c,https://open.spotify.com/track/25C5CowdsfXld2jJanbiex
13,2017-08-05,14,Flat,More Than You Know,Axwell /\ Ingrosso,2327661,https://i.scdn.co/image/ab67616d00004851cb442ec337da75fb09cc3981,https://open.spotify.com/track/3PEgB3fkiojxms35ntsTgs
14,2017-08-05,15,Up,XO TOUR Llif3,Lil Uzi Vert,2293974,https://i.scdn.co/image/ab67616d0000485115531ec8568373f631db9786,https://open.spotify.com/track/2eMwDehkIC1j68U6FA3Eiq
15,2017-08-05,16,Down,There's Nothing Holdin' Me Back,Shawn Mendes,2284189,https://i.scdn.co/image/ab67616d00004851f9cbd0c07513a7232cd6b9a7,https://open.spotify.com/track/79cuOz3SPQTuFrp8WgftAu
16,2017-08-05,17,Flat,New Rules,Dua Lipa,2225147,https://i.scdn.co/image/ab67616d000048516b915e407b70e121e06fe979,https://open.spotify.com/track/2ekn2ttSfGqwhhate0LSR0
17,2017-08-05,18,Up,Felices los 4,Maluma,2041324,https://i.scdn.co/image/ab67616d00004851d9732b592276542ecafa6c6d,https://open.spotify.com/track/0qYTZCo5Bwh1nsUFGZP3zn
18,2017-08-05,19,Up,Me Rehúso,Danny Ocean,2018459,https://i.scdn.co/image/ab67616d00004851a75bd33684083600569dd3bf,https://open.spotify.com/track/6De0lHrwBfPfrhorm9q1Xl
19,2017-08-05,20,Down,Fetish (feat. Gucci Mane),Selena Gomez,1990338,https://i.scdn.co/image/ab67616d00004851676b024fbd4c52c3fa382dd4,https://open.spotify.com/track/0XLOf9LhyazPX9Ld8jPiUq
20,2017-08-05,21,Down,Swalla (feat. Nicki Minaj & Ty Dolla $ign),Jason Derulo,1985048,https://i.scdn.co/image/ab67616d000048519d6522bee68370fa5592301d,https://open.spotify.com/track/6kex4EBAj0WHXDKZMEJaaF
21,2017-08-05,22,Up,Despacito (Featuring Daddy Yankee),Luis Fonsi,1956268,https://i.scdn.co/image/ab67616d00004851a5971936e3b8d91f8b616b17,https://open.spotify.com/track/4aWmUDTfIPGksMNLV2rQP2
22,2017-08-05,23,Down,HUMBLE.,Kendrick Lamar,1938607,https://i.scdn.co/image/ae1f239b41e9604a66eb900834c6887cd2f62ff1,https://open.spotify.com/track/7KXjTSCq5nL1LoYtL7XAwS
23,2017-08-05,24,Up,Back to You (feat. Bebe Rexha & Digital Farm Animals),Louis Tomlinson,1935584,https://i.scdn.co/image/ab67616d00004851327d7ffa53a268bf7411c28b,https://open.spotify.com/track/7F9vK8hNFMml4GtHsaXui6
24,2017-08-05,25,Down,There for You,Martin Garrix,1891844,https://i.scdn.co/image/ab67616d0000485172c57da7edfe8e915182cdd4,https://open.spotify.com/track/6jA8HL9i4QGzsj6fjoxp8Y
25,2017-08-05,26,Down,Something Just Like This,The Chainsmokers,1883242,https://i.scdn.co/image/ab67616d000048510c13d3d5a503c84fcc60ae94,https://open.spotify.com/track/6RUKPb4LETWmmr3iAEQktW
26,2017-08-05,27,Up,Glorious (feat. Skylar Grey),Macklemore,1808776,https://i.scdn.co/image/ab67616d000048512c19c42e316cd3d949c992b0,https://open.spotify.com/track/3HVr6jTVwBHBa2flM0eURR
27,2017-08-05,28,Down,Believer,Imagine Dragons,1780275,https://i.scdn.co/image/ab67616d000048517956bd9a3d7a15e4c2e37cc6,https://open.spotify.com/track/0CcQNd8CINkwQfe1RDtGV6
28,2017-08-05,29,Flat,Pretty Girl - Cheat Codes X CADE Remix,Maggie Lindemann,1772204,https://i.scdn.co/image/ab67616d000048517c7436e1b6273be0e7bc1a84,https://open.spotify.com/track/1NDxZ7cFAo481dtYWdrUnR
29,2017-08-05,30,Up,Bank Account,21 Savage,1762403,https://i.scdn.co/image/ab67616d0000485163bdcfe76718674e7783df36,https://open.spotify.com/track/5eqK0tbzUPo2SoeZsov04s
30,2017-08-05,31,Down,"Know No Better (feat. Travis Scott, Camila Cabello & Quavo)",Major Lazer,1737300,https://i.scdn.co/image/ab67616d00004851de1e9558f85913eb0b47f623,https://open.spotify.com/track/3Ytr1SUCUi6J3L9dRFx5iH
31,2017-08-05,32,Down,Your Song,Rita Ora,1710328,https://i.scdn.co/image/ab67616d00004851528e7f2b6eda1b2a20ccfb1f,https://open.spotify.com/track/4c2W3VKsOFoIg2SFaO6DY5
32,2017-08-05,33,Down,Congratulations,Post Malone,1702066,https://i.scdn.co/image/23bae95100dcb6ac8f88c19fa2a11c50a998a926,https://open.spotify.com/track/3a1lNhkSLSkpJE4MSHpDu9
33,2017-08-05,34,Flat,Slow Hands,Niall Horan,1632342,https://i.scdn.co/image/ab67616d00004851805efe949d48d6f50e604919,https://open.spotify.com/track/167NczpNbRF7oWakJaY3Hh
34,2017-08-05,35,Flat,I Like Me Better,Lauv,1601296,https://i.scdn.co/image/ab67616d00004851fab48816b625e2a77a732400,https://open.spotify.com/track/1wjzFQodRWrPcQ0AnYnvQ9
35,2017-08-05,36,Flat,Crying in the Club,Camila Cabello,1560534,https://i.scdn.co/image/ab67616d00004851cec62b81146fe4d116fbb2fa,https://open.spotify.com/track/1SJtlNRJDeYHioymcvsqev
36,2017-08-05,37,Up,Escápate Conmigo,Wisin,1553130,https://i.scdn.co/image/ab67616d000048512b02904e5404ad6069c16a4f,https://open.spotify.com/track/2cnKEkpVUSV4wnjQiTWfH6
37,2017-08-05,38,Down,Symphony (feat. Zara Larsson),Clean Bandit,1501032,https://i.scdn.co/image/ab67616d000048515b1130d050c4cd2295999d85,https://open.spotify.com/track/1x5sYLZiu9r5E43kMlt9f8
38,2017-08-05,39,Up,Una Lady Como Tú,Manuel Turizo,1481257,https://i.scdn.co/image/ab67616d00004851f9dc35bc367fcf98e763d27e,https://open.spotify.com/track/7MHN1aCFtLXjownGhvEQlF
39,2017-08-05,40,Down,That's What I Like,Bruno Mars,1475576,https://i.scdn.co/image/ab67616d00004851232711f7d66a1e19e89e28c5,https://open.spotify.com/track/0KKkJNfGyhkQ5aFogxQAPU
40,2017-08-05,41,Flat,BUTTERFLY EFFECT,Travis Scott,1421653,https://i.scdn.co/image/ab67616d00004851b5e9358d0d07114609d9afab,https://open.spotify.com/track/1yxgsra98r3qAtxqiGZPiX
41,2017-08-05,42,Flat,Slide,Calvin Harris,1413118,https://i.scdn.co/image/ab67616d000048514d3fa5ce7ba599f4fd7803ef,https://open.spotify.com/track/7tr2za8SQg2CI8EDgrdtNl
42,2017-08-05,43,Down,Bad Liar,Selena Gomez,1402502,https://i.scdn.co/image/ab67616d00004851f40c5ecb3d327a55e8aa6714,https://open.spotify.com/track/1sCxVKWImDZSZKvG0U9B23
43,2017-08-05,44,Up,Redbone,Childish Gambino,1355015,https://i.scdn.co/image/ab67616d000048510b97e56ffad7c6211aa848f8,https://open.spotify.com/track/3kxfsdsCpFgN412fpnW85Y
44,2017-08-05,45,Down,Signs,Drake,1346640,https://i.scdn.co/image/ab67616d000048514d37373eef5fcb26802d8c18,https://open.spotify.com/track/5EnYT6F7wEcdege6mDHEfO
45,2017-08-05,46,Up,Bonita,J Balvin,1339044,https://i.scdn.co/image/ab67616d0000485148f3fc1d4f0fed414418e041,https://open.spotify.com/track/693iqPOQvhI7PobtR8CC8v
46,2017-08-05,47,Down,Stay (with Alessia Cara),Zedd,1335601,https://i.scdn.co/image/ab67616d0000485191a70f95efc3400f696e89cc,https://open.spotify.com/track/0dA2Mk56wEzDgegdC6R17g
47,2017-08-05,48,Up,SUBEME LA RADIO,Enrique Iglesias,1329687,https://i.scdn.co/image/ab67616d000048515366ff028970205a29d558ed,https://open.spotify.com/track/7nKBxz47S9SD79N086fuhn
48,2017-08-05,49,Down,No Promises (feat. Demi Lovato),Cheat Codes,1316344,https://i.scdn.co/image/ab67616d00004851e74ecdb2f1316c8f026970a8,https://open.spotify.com/track/1louJpMmzEicAn7lzDalPW
49,2017-08-05,50,Down,Location,Khalid,1311909,https://i.scdn.co/image/ab67616d00004851988ede5e1276e758b5f9e577,https://open.spotify.com/track/152lZdxL1OR0ZMW6KquMif
50,2017-08-05,51,Down,Mask Off,Future,1292091,https://i.scdn.co/image/ab67616d00004851356884f85665ebdd79223fdf,https://open.spotify.com/track/3rOSwuTsUlJp0Pu0MkN8r8
51,2017-08-05,52,Flat,Ahora Dice,Chris Jeday,1230798,https://i.scdn.co/image/ab67616d000048513a142c7e7fc7863dc1a256ed,https://open.spotify.com/track/22eADXu8DfOAUEDw4vU8qy
52,2017-08-05,53,Flat,It Ain't Me (with Selena Gomez),Kygo,1129210,https://i.scdn.co/image/ab67616d0000485141f289940f2e6a0d51988d77,https://open.spotify.com/track/3eR23VReFzcdmS7TYCrhCe
53,2017-08-05,54,Up,Hey DJ,CNCO,1108204,https://i.scdn.co/image/ab67616d000048514358c8856d3acc00ca6c3578,https://open.spotify.com/track/209gZgcfLq2aUuu51vOWBl
54,2017-08-05,55,Down,Galway Girl,Ed Sheeran,1088259,https://i.scdn.co/image/ab67616d00004851ba5db46f4b838ef6027e6f96,https://open.spotify.com/track/0afhq8XCExXpqazXczTSve
55,2017-08-05,56,Up,Rich Love (with Seeb),OneRepublic,1045540,https://i.scdn.co/image/ab67616d000048516f2fa4c6cd6653d8d770a415,https://open.spotify.com/track/7aF09WaavZAmAWuUeYxlYD
56,2017-08-05,57,Down,Most Girls,Hailee Steinfeld,1044906,https://i.scdn.co/image/ab67616d000048519e1b81dc79bd5055417b1e5a,https://open.spotify.com/track/2mfUa8bLs2s5N4VaqJZ4lZ
57,2017-08-05,58,Flat,OK - Spotify Version,Robin Schulz,1019729,https://i.scdn.co/image/ab67616d000048517fd57367322c558ca19c9ed8,https://open.spotify.com/track/3bWAqKDWg6u1davspr5IkS
58,2017-08-05,59,Flat,Praying,Kesha,999645,https://i.scdn.co/image/ab67616d000048514313d7405dc66050a41c85ec,https://open.spotify.com/track/79NlESqzFSW0hdBWgls4FX
59,2017-08-05,60,Up,DNA.,Kendrick Lamar,975497,https://i.scdn.co/image/ae1f239b41e9604a66eb900834c6887cd2f62ff1,https://open.spotify.com/track/6HZILIRieu8S0iqY8kIKhj
60,2017-08-05,61,Up,Young Dumb & Broke,Khalid,967195,https://i.scdn.co/image/ab67616d00004851988ede5e1276e758b5f9e577,https://open.spotify.com/track/5Z3GHaZ6ec9bsiI5BenrbY
61,2017-08-05,62,Flat,Feel It Still,Portugal. The Man,951820,https://i.scdn.co/image/ab67616d00004851af52c228c9619ff6298b08cd,https://open.spotify.com/track/6QgjcU0zLnzq5OrUoSZ3OK
62,2017-08-05,63,Up,Tu Foto,Ozuna,943891,https://i.scdn.co/image/ab67616d000048515a0467b3a49a461da243c362,https://open.spotify.com/track/0Szp49tpFasIjX04Mcsydp
63,2017-08-05,64,Up,goosebumps,Travis Scott,935712,https://i.scdn.co/image/ab67616d00004851f54b99bf27cda88f4a7403ce,https://open.spotify.com/track/6gBFPUFcJLzWGx4lenP6h2
64,2017-08-05,65,Up,Body Like A Back Road,Sam Hunt,934191,https://i.scdn.co/image/ab67616d000048519eccbdab1110afc4d5a186a8,https://open.spotify.com/track/7mldq42yDuxiUNn08nvzHO
65,2017-08-05,66,Down,Malibu,Miley Cyrus,922972,https://i.scdn.co/image/ab67616d000048512fe7eac044c3912f06432f22,https://open.spotify.com/track/2habSXqcJGExM6JJyskY7O
66,2017-08-05,67,Down,1-800-273-8255,Logic,911936,https://i.scdn.co/image/08f9ccb7875a87c07c79c1ccd5319263786c55ea,https://open.spotify.com/track/5tz69p7tJuGPeMGwNTxYuV
67,2017-08-05,68,Up,Passionfruit,Drake,902471,https://i.scdn.co/image/ab67616d000048515ea859dc94365abd9fd84fd6,https://open.spotify.com/track/7hDc8b7IXETo14hHIHdnhd
68,2017-08-05,69,Down,Now Or Never,Halsey,900641,https://i.scdn.co/image/d5bb421dbecbba7c6904eb67672f3cd25cf54c23,https://open.spotify.com/track/7i2DJ88J7jQ8K7zqFX2fW8
69,2017-08-05,70,Flat,First Time,Kygo,877191,https://i.scdn.co/image/ab67616d00004851b6d86ca196b697ee0f640118,https://open.spotify.com/track/2Gl0FzuLxflY6nPifJp5Dr
70,2017-08-05,71,Up,Closer,The Chainsmokers,875344,https://i.scdn.co/image/ab67616d00004851495ce6da9aeb159e94eaa453,https://open.spotify.com/track/7BKLCZ1jbUBVqRi2FVlTVw
71,2017-08-05,72,Up,Rollin,Calvin Harris,874543,https://i.scdn.co/image/ab67616d000048514d3fa5ce7ba599f4fd7803ef,https://open.spotify.com/track/0lMbuWUpfTWhEmOKxppEau
72,2017-08-05,73,Up,Me Enamoré,Shakira,874403,https://i.scdn.co/image/ab67616d00004851d05d3aad30c5fb7614893cf5,https://open.spotify.com/track/4qknM1pQz53QOyfDVTjcM9
73,2017-08-05,74,Down,Get Low (with Liam Payne),Zedd,873631,https://i.scdn.co/image/ab67616d00004851a558887a8b28dcd38ad6e3ef,https://open.spotify.com/track/1CKd1PnqfYx0H12V9MSaIY
74,2017-08-05,75,Down,Down,Fifth Harmony,870285,https://i.scdn.co/image/ab67616d00004851aa8f5611964dc75eebbecbba,https://open.spotify.com/track/7LEydI5NfjY6mZfKwYIptZ
75,2017-08-05,76,Up,La Rompe Corazones,Daddy Yankee,869389,https://i.scdn.co/image/ab67616d00004851b84a36483e43bfbcb931fcde,https://open.spotify.com/track/4okba5wu9mMLXx79DXLKi3
76,2017-08-05,77,Down,Say You Won't Let Go,James Arthur,862756,https://i.scdn.co/image/ab67616d0000485120beb61f61fcbeb33b10a9ab,https://open.spotify.com/track/5uCax9HTNlzGybIStD3vDh
77,2017-08-05,78,Up,Slippery (feat. Gucci Mane),Migos,853829,https://i.scdn.co/image/ab67616d0000485199a8ab6da9d593939302828a,https://open.spotify.com/track/6p8NuHm8uCGnn2Dtbtf7zE
78,2017-08-05,79,Down,LOYALTY. FEAT. RIHANNA.,Kendrick Lamar,826147,https://i.scdn.co/image/ae1f239b41e9604a66eb900834c6887cd2f62ff1,https://open.spotify.com/track/6SwRhMLwNqEi6alNPVG00n
79,2017-08-05,80,Up,Magnolia,Playboi Carti,807414,https://i.scdn.co/image/cbfa858a49a59efbca64c6f7078068cf07731bd0,https://open.spotify.com/track/1e1JKLEDKP7hEQzJfNAgPl
80,2017-08-05,81,Up,Came Here for Love,Sigala,806442,https://i.scdn.co/image/ab67616d000048513769e2973131468513fc59cd,https://open.spotify.com/track/3kGfazcbVvVkuZunzlLgTD
81,2017-08-05,82,Flat,Love Galore (feat. Travis Scott),SZA,799941,https://i.scdn.co/image/ab67616d000048514c79d5ec52a6d0302f3add25,https://open.spotify.com/track/0q75NwOoFiARAVp4EXU4Bs
82,2017-08-05,83,Up,El Amante,Nicky Jam,793396,https://i.scdn.co/image/ab67616d00004851d77dbcd4dbd37cdfa61771fa,https://open.spotify.com/track/3umS4y3uQDkqekNjVpiRUs
83,2017-08-05,84,Down,Issues,Julia Michaels,790144,https://i.scdn.co/image/bed97a5c36c8dda6724f89ecfd8c23497cc897f4,https://open.spotify.com/track/0xG0SHshCStMEyNbNC5d4k
84,2017-08-05,85,Up,Báilame,Nacho,777020,https://i.scdn.co/image/ab67616d000048514b2089fbced0d870deb3e9f2,https://open.spotify.com/track/7lRsNbdOGykkMAgsqs4R1C
85,2017-08-05,86,Down,Rockabye (feat. Sean Paul & Anne-Marie),Clean Bandit,776024,https://i.scdn.co/image/ab67616d000048511431c3bdf16aa99f71799d95,https://open.spotify.com/track/5knuzwU65gJK7IF5yJsuaW
86,2017-08-05,87,New,Perplexing Pegasus,Rae Sremmurd,764377,https://i.scdn.co/image/ab67616d000048510c4887060da7f88128376220,https://open.spotify.com/track/2nYwV62UABTH0NanrwVIdQ
87,2017-08-05,88,Up,Hey Ma (with Pitbull & J Balvin feat. Camila Cabello) - Spanish Version,Pitbull,759440,https://i.scdn.co/image/ab67616d000048513e40b472d708ea3c6bd86670,https://open.spotify.com/track/2Vdub5mY4lad7w64bFPUez
88,2017-08-05,89,Up,Sigo Extrañándote,J Balvin,757970,https://i.scdn.co/image/ab67616d00004851338ffc4c72a192f06070546b,https://open.spotify.com/track/6qDF4wWL49CAVbgT7yuHl8
89,2017-08-05,90,Up,Sua cara (feat. Anitta & Pabllo Vittar),Major Lazer,749372,https://i.scdn.co/image/ab67616d00004851d75f1f9e874ff1362df4a961,https://open.spotify.com/track/3ibRxEv4KkcU9e259eyNJA
90,2017-08-05,91,Down,Starboy,The Weeknd,742117,https://i.scdn.co/image/ab67616d000048510c8599cbde51245c128bcea9,https://open.spotify.com/track/5aAx2yezTd8zXrkmtKl66Z
91,2017-08-05,92,Up,I Feel It Coming,The Weeknd,741274,https://i.scdn.co/image/b3683184efeb899b2d1a02f4957d0c630dc10b0b,https://open.spotify.com/track/5GXAXm5YOmYT0kL5jHvYBt
92,2017-08-05,93,Up,One Dance,Drake,740013,https://i.scdn.co/image/ab67616d00004851726abca207567d5e41cb9667,https://open.spotify.com/track/1xznGGDReH1oQq0xzbwXa3
93,2017-08-05,94,Up,Bodak Yellow,Cardi B,731665,https://i.scdn.co/image/ab67616d0000485162a2dedc55a38a0fca0a17b0,https://open.spotify.com/track/2771LMNxwf62FTAdpJMQfM
94,2017-08-05,95,Up,Otra vez (feat. J Balvin),Zion & Lennox,727153,https://i.scdn.co/image/ab67616d0000485182eabf564ddc57325a84dd50,https://open.spotify.com/track/3QwBODjSEzelZyVjxPOHdq
95,2017-08-05,96,Down,Sign of the Times,Harry Styles,724853,https://i.scdn.co/image/ab67616d000048516c619c39c853f8b1d67b7859,https://open.spotify.com/track/5Ohxk2dO5COHF1krpoPigN
96,2017-08-05,97,Down,Scared to Be Lonely,Martin Garrix,720500,https://i.scdn.co/image/ab67616d0000485164f8a309aa3c0a66a31fc374,https://open.spotify.com/track/3ebXMykcMXOcLeJ9xZ17XH
97,2017-08-05,98,Up,Chantaje (feat. Maluma),Shakira,716796,https://i.scdn.co/image/ab67616d00004851d05d3aad30c5fb7614893cf5,https://open.spotify.com/track/6mICuAdrwEjh6Y6lroV2Kg
98,2017-08-05,99,Down,"I Don’t Wanna Live Forever (Fifty Shades Darker) - From ""Fifty Shades Darker (Original Motion Picture Soundtrack)""",ZAYN,712477,https://i.scdn.co/image/ab67616d000048512ae921f082ae5db4d3da818f,https://open.spotify.com/track/3NdDpSvN911VPGivFlV5d0
99,2017-08-05,100,Up,"Sola (Remix) [feat. Daddy Yankee, Wisin, Farruko, Zion & Lennox]",Anuel AA,705554,https://i.scdn.co/image/ab67616d00004851a66def7d649149464edc8f1e,https://open.spotify.com/track/5q2JbCNi4FcnglgPfxcV65
100,2017-08-05,101,Down,OMG,Camila Cabello,704540,https://i.scdn.co/image/ab67616d00004851147a905ba006c3ed794f17fd,https://open.spotify.com/track/4xBjsLUSjcx2h7PcRikpQp
101,2017-08-05,102,Down,Solo Dance,Martin Jensen,700396,https://i.scdn.co/image/ab67616d00004851950d67dbe3f31f1d9a5d06a2,https://open.spotify.com/track/6HUnnBwYZqcED1eQztxMBN
102,2017-08-05,103,Down,Castle on the Hill,Ed Sheeran,699490,https://i.scdn.co/image/ab67616d00004851ba5db46f4b838ef6027e6f96,https://open.spotify.com/track/6PCUP3dWmTjcTtXY02oFdT
103,2017-08-05,104,Up,Mayores,Becky G,696509,https://i.scdn.co/image/ab67616d00004851b5983d639fd953deb3c99848,https://open.spotify.com/track/7JNh1cfm0eXjqFVOzKLyau
104,2017-08-05,105,Down,Would You Ever,Skrillex,688325,https://i.scdn.co/image/ab67616d00004851c2896a061e50f35f97337512,https://open.spotify.com/track/57p8CBvPOxrvyCbn6ttl5r
105,2017-08-05,106,Down,In the End,Linkin Park,683276,https://i.scdn.co/image/ab67616d00004851e2f039481babe23658fc719a,https://open.spotify.com/track/60a0Rd6pjrkxjPbaKzXjfq
106,2017-08-05,107,Up,Summer Air,ItaloBrothers,681195,https://i.scdn.co/image/ab67616d000048516cc9441f366f82803e48ae5c,https://open.spotify.com/track/3GPI7hYiqD6enLRobhkBm8
107,2017-08-05,108,Up,It's A Vibe,2 Chainz,664471,https://i.scdn.co/image/179288654e273e14d827a4aa76cf37115e139ca0,https://open.spotify.com/track/6H0AwSQ20mo62jGlPGB8S6
108,2017-08-05,109,Down,Perfect,Ed Sheeran,659648,https://i.scdn.co/image/ab67616d00004851ba5db46f4b838ef6027e6f96,https://open.spotify.com/track/0tgVpDi06FyKpA1z0VMD4v
109,2017-08-05,110,Up,Si Tú La Ves (feat. Wisin),Nicky Jam,655565,https://i.scdn.co/image/ab67616d00004851d77dbcd4dbd37cdfa61771fa,https://open.spotify.com/track/4yN6xPLopmTLvc27pO9LIE
110,2017-08-05,111,Up,iSpy (feat. Lil Yachty),KYLE,651753,https://i.scdn.co/image/ab67616d0000485132e373f2988bc6596a542d1c,https://open.spotify.com/track/2EEeOnHehOozLq4aS0n6SL
111,2017-08-05,112,Down,LOVE. FEAT. ZACARI.,Kendrick Lamar,651292,https://i.scdn.co/image/ae1f239b41e9604a66eb900834c6887cd2f62ff1,https://open.spotify.com/track/6PGoSes0D9eUDeeAafB2As
112,2017-08-05,113,Up,Reggaetón Lento (Bailemos),CNCO,630229,https://i.scdn.co/image/ab67616d000048517db0f7ac4c612cce26ccacf9,https://open.spotify.com/track/3AEZUABDXNtecAOSC1qTfo
113,2017-08-05,114,Up,Paris,The Chainsmokers,626562,https://i.scdn.co/image/ab67616d000048510c13d3d5a503c84fcc60ae94,https://open.spotify.com/track/72jbDTw1piOOj770jWNeaG
114,2017-08-05,115,Down,Photograph,Ed Sheeran,626032,https://i.scdn.co/image/ab67616d00004851d08209944468440145f01524,https://open.spotify.com/track/6fxVffaTuwjgEk5h9QyRjy
115,2017-08-05,116,Up,Bella y Sensual,Romeo Santos,623180,https://i.scdn.co/image/ab67616d00004851827d0777f8cccdf5b7481442,https://open.spotify.com/track/0ERbK7qVqveCaBWIiYCrl3
116,2017-08-05,117,Up,Me Llamas (feat. Maluma) - Remix,Piso 21,622059,https://i.scdn.co/image/ab67616d000048511e1eafb5d2bb1ca39d26f092,https://open.spotify.com/track/5hEM0JchdVzQ5PwvSfITeX
117,2017-08-05,118,Up,Let Me Love You,DJ Snake,614554,https://i.scdn.co/image/ab67616d000048515045de6786e0af096de73ed4,https://open.spotify.com/track/4pdPtRcBmOSQDlJ3Fk945m
118,2017-08-05,119,Down,Swish Swish,Katy Perry,612658,https://i.scdn.co/image/ab67616d000048511487979a7e0181a5d0406d1a,https://open.spotify.com/track/2kVHAQKVtczchKctctzbtK
119,2017-08-05,120,Up,Don't Let Me Down,The Chainsmokers,610015,https://i.scdn.co/image/ab67616d0000485108d87fb54859bc9038f7e5e0,https://open.spotify.com/track/0QsvXIfqM0zZoerQfsI9lm
120,2017-08-05,121,Up,Besándote,Piso 21,608977,https://i.scdn.co/image/ab67616d000048512cd0b690a37d7bb6e2aa5de4,https://open.spotify.com/track/13X0XdLMOdtbXVtAj2ox4h
121,2017-08-05,122,Up,Tuesday,Burak Yeter,603397,https://i.scdn.co/image/069b0b8dc1285ba4d2bd7f2536abfce84598d130,https://open.spotify.com/track/7abpmGpF7PGep2rDU68GBR
122,2017-08-05,123,Up,24K Magic,Bruno Mars,597734,https://i.scdn.co/image/ab67616d00004851232711f7d66a1e19e89e28c5,https://open.spotify.com/track/6b8Be6ljOzmkOmFslEb23P
123,2017-08-05,124,Up,All My Love (feat. Conor Maynard),Cash Cash,596465,https://i.scdn.co/image/ab67616d0000485119412f5b0f76d10d241f2981,https://open.spotify.com/track/1839RWzPRZCVgvamu4sHSN
124,2017-08-05,125,Down,Havana,Camila Cabello,594675,https://i.scdn.co/image/ab67616d00004851d93cf4d07ba50d7b32ca7c44,https://open.spotify.com/track/0ofbQMrRDsUaVKq2mGLEAb
125,2017-08-05,126,Up,Super Far,LANY,586579,https://i.scdn.co/image/ab67616d000048514bf52f0d4578b67e362f4672,https://open.spotify.com/track/74ODGXs4byLTRdnKGM4s6E
126,2017-08-05,127,Up,"CAN'T STOP THE FEELING! (Original Song from DreamWorks Animation's ""TROLLS"")",Justin Timberlake,586546,https://i.scdn.co/image/ab67616d00004851ef37416970812293c08e8a78,https://open.spotify.com/track/6JV2JOEocMgcZxYSZelKcc
127,2017-08-05,128,Up,Bad and Boujee (feat. Lil Uzi Vert),Migos,586507,https://i.scdn.co/image/ab67616d0000485199a8ab6da9d593939302828a,https://open.spotify.com/track/4Km5HrUvYTaSUfiSGPJeQR
128,2017-08-05,129,Up,Instruction (feat. Demi Lovato & Stefflon Don),Jax Jones,581632,https://i.scdn.co/image/ab67616d00004851785528fd13fc6d63e29542f4,https://open.spotify.com/track/0XfOi87h82i09rQjWYG0Bm
129,2017-08-05,130,Down,Drowning (feat. Kodak Black),A Boogie Wit da Hoodie,577146,https://i.scdn.co/image/ab67616d0000485131d8918139b720e4141adeec,https://open.spotify.com/track/6Q2FftbUG530lCtBI74bMH
130,2017-08-05,131,Down,We Don't Talk Anymore,Charlie Puth,571934,https://i.scdn.co/image/ab67616d00004851c0e28105f0533c52717c46c2,https://open.spotify.com/track/68EMU2RD1ECNeOeJ5qAXCV
131,2017-08-05,132,Up,You Don't Know Me - Radio Edit,Jax Jones,568607,https://i.scdn.co/image/ab67616d00004851dd05a1716e2f07a07b8ccfe3,https://open.spotify.com/track/00lNx0OcTJrS3MKHcB80HY
132,2017-08-05,133,Down,Two High,Moon Taxi,565879,https://i.scdn.co/image/ab67616d000048513aba4c031c2a1b7941063ef0,https://open.spotify.com/track/3sJHkcxojoJD2Ytbo1yLLF
133,2017-08-05,134,Up,Treat You Better,Shawn Mendes,561907,https://i.scdn.co/image/ab67616d00004851188e6332f32088921ab1eaf8,https://open.spotify.com/track/4Hf7WnR761jpxPr5D46Bcd
134,2017-08-05,135,Down,Numb,Linkin Park,560956,https://i.scdn.co/image/ab67616d00004851b4ad7ebaf4575f120eb3f193,https://open.spotify.com/track/2nLtzopw4rPReszdYBJU6h
135,2017-08-05,136,Down,Reminder - Remix,The Weeknd,559366,https://i.scdn.co/image/2a37773b7e32e91d092e687caf6dcaf414cabe48,https://open.spotify.com/track/7F1LWA9sIlTorHUo4amGqk
136,2017-08-05,137,Up,Thinking out Loud,Ed Sheeran,547279,https://i.scdn.co/image/ab67616d00004851d08209944468440145f01524,https://open.spotify.com/track/1Slwb6dOYkBlWal1PGtnNg
137,2017-08-05,138,Up,4 AM,2 Chainz,546467,https://i.scdn.co/image/179288654e273e14d827a4aa76cf37115e139ca0,https://open.spotify.com/track/1nX9KhK3Fff27SnrIor2Yb
138,2017-08-05,139,Up,No Complaints,Metro Boomin,545244,https://i.scdn.co/image/f8fd3bfa4e9e48ade26b0b788301332e736220a4,https://open.spotify.com/track/6kig1UFggPUyZBCvXD3Wod
139,2017-08-05,140,Up,Hear Me Now,Alok,544423,https://i.scdn.co/image/e308bad29e4cf6dc8aa5cd97449ef71bbb893d40,https://open.spotify.com/track/1a5Yu5L18qNxVhXx38njON
140,2017-08-05,141,Up,Paradinha,Anitta,540604,https://i.scdn.co/image/ab67616d00004851060ef674248ad011af09f6e6,https://open.spotify.com/track/05rJdH2MRLJ3sQoEUO78qs
141,2017-08-05,142,Up,Hunter,Galantis,535725,https://i.scdn.co/image/ab67616d00004851c57e7df0eb72981d8aafd57d,https://open.spotify.com/track/3caMfJGFp53NAH2TuigdNj
142,2017-08-05,143,Down,Starving,Hailee Steinfeld,535133,https://i.scdn.co/image/ab67616d00004851612495ee5769c99125031be2,https://open.spotify.com/track/1qOLh0tI7trd1zdDKxYZTe
143,2017-08-05,144,Down,Heavy (feat. Kiiara),Linkin Park,534685,https://i.scdn.co/image/ab67616d00004851145e1cf12538f5666511237d,https://open.spotify.com/track/104buTcnP2AsxqB7U1FIZ4
144,2017-08-05,145,Down,Call On Me - Ryan Riback Extended Remix,Starley,532268,https://i.scdn.co/image/ab67616d000048519d4079afc73664f86f055400,https://open.spotify.com/track/78rIJddV4X0HkNAInEcYde
145,2017-08-05,146,Up,Rake It Up,Yo Gotti,530321,https://i.scdn.co/image/ab67616d00004851dc371ef9c9ad4c33b3fc130a,https://open.spotify.com/track/6c7D34787LOtPm8tzhsLgH
146,2017-08-05,147,Down,Side To Side,Ariana Grande,521888,https://i.scdn.co/image/ab67616d000048517227f5854239a059af211d5b,https://open.spotify.com/track/4pLwZjInHj3SimIyN9SnOz
147,2017-08-05,148,Up,Fake Love,Drake,515990,https://i.scdn.co/image/6dfd956b9331fa9ea1f47ebb95311951ed72b3db,https://open.spotify.com/track/343YBumqHu19cGoGARUTsd
148,2017-08-05,149,Down,I Took A Pill In Ibiza - Seeb Remix,Mike Posner,511793,https://i.scdn.co/image/ab67616d0000485140512e02a594e3378c0256e6,https://open.spotify.com/track/17Fd6Yb7mSbinKG8LoWfFl
149,2017-08-05,150,Down,Bounce Back,Big Sean,511390,https://i.scdn.co/image/695d0c097d8463ccc2c2b9855fe44e3e9e7bc267,https://open.spotify.com/track/0SGkqnVQo9KPytSri1H6cF
150,2017-08-05,151,Down,In the Name of Love,Martin Garrix,507356,https://i.scdn.co/image/ab67616d00004851923db3f255cd48a6d5783ebf,https://open.spotify.com/track/04DwTuZ2VBdJCCC5TROn7L
151,2017-08-05,152,Up,Alguien Robo,Sebastian Yatra,507007,https://i.scdn.co/image/ab67616d0000485135e1cf8c70c60dc416956c17,https://open.spotify.com/track/5i50gKdLAjjIr7UxRT5IVy
152,2017-08-05,153,Down,Cold Water (feat. Justin Bieber & MØ),Major Lazer,503865,https://i.scdn.co/image/ab67616d000048512e8f1cca2bc8c9d55930523b,https://open.spotify.com/track/6DNtNfH8hXkqOX1sjqmI7p
153,2017-08-05,154,Down,Boys,Charli XCX,501741,https://i.scdn.co/image/ab67616d00004851eb4121feca968298ac9e2720,https://open.spotify.com/track/5o4yGlG0PfeVUa6ClIyOxq
154,2017-08-05,155,Up,Tired,Alan Walker,500884,https://i.scdn.co/image/ab67616d00004851c311619d7b02d5c4a6c167f2,https://open.spotify.com/track/3b5Li4QKDVBx1x7fQuu54a
155,2017-08-05,156,Down,Complicated (feat. Kiiara),Dimitri Vegas & Like Mike,497453,https://i.scdn.co/image/ab67616d0000485105df880db084244f431803b4,https://open.spotify.com/track/1Sl3njkhhz8nrSPZroDQ82
156,2017-08-05,157,Up,Imitadora,Romeo Santos,495314,https://i.scdn.co/image/ab67616d00004851827d0777f8cccdf5b7481442,https://open.spotify.com/track/6r46lnXFbE9fr2d3KNaGbe
157,2017-08-05,158,Down,Love Yourself,Justin Bieber,494673,https://i.scdn.co/image/ab67616d00004851b6d9a4fbb0bd49f0f034aead,https://open.spotify.com/track/3hB5DgAiMAQ4DzYbsMq1IT
158,2017-08-05,159,Up,No Vacancy,OneRepublic,488042,https://i.scdn.co/image/ab67616d000048518eadf2a91387dd890653afbe,https://open.spotify.com/track/6XOYVSmNDjKUNMXooU4s4z
159,2017-08-05,160,Down,The Cure,Lady Gaga,487055,https://i.scdn.co/image/ab67616d000048514a9be9e8223db02a37e1e8fe,https://open.spotify.com/track/51PIvodunv6NmX5250zxAh
160,2017-08-05,161,Up,Swang,Rae Sremmurd,484511,https://i.scdn.co/image/16293ab3b4f9301aeb5f41810fd7056d463db55e,https://open.spotify.com/track/6mapJIPnQ23RTAevUoE0DL
161,2017-08-05,162,Flat,Portland,Drake,484394,https://i.scdn.co/image/6dfd956b9331fa9ea1f47ebb95311951ed72b3db,https://open.spotify.com/track/2bjwRfXMk4uRgOD9IBYl9h
162,2017-08-05,163,New,Robarte un Beso,Carlos Vives,483308,https://i.scdn.co/image/ab67616d0000485126f611d8f55ec6cecb29192e,https://open.spotify.com/track/4z3GJkrtH97Bj6fRta983T
163,2017-08-05,164,Up,Be Mine,Ofenbach,478681,https://i.scdn.co/image/ab67616d00004851e819b286432a124e510dc87b,https://open.spotify.com/track/2KklXplRtxMsBYo474Es0w
164,2017-08-05,165,Up,Ni Tú Ni Yo (feat. Gente de Zona),Jennifer Lopez,476578,https://i.scdn.co/image/ab67616d000048511c96396253c7d52af2b940e5,https://open.spotify.com/track/5xMzazov0IHYllrc8U2K6F
165,2017-08-05,166,Down,Look At Me!,XXXTENTACION,470168,https://i.scdn.co/image/ab67616d0000485125b5901b8bcf902f54d466d9,https://open.spotify.com/track/4ARPvK8DHLwt4oX65ZAFMw
166,2017-08-05,167,Flat,Cheap Thrills,Sia,469765,https://i.scdn.co/image/ab67616d0000485149e0134c686547c28b7c999f,https://open.spotify.com/track/27SdWb2rFzO6GWiYDBTD9j
167,2017-08-05,168,Down,Happier,Ed Sheeran,466429,https://i.scdn.co/image/ab67616d00004851ba5db46f4b838ef6027e6f96,https://open.spotify.com/track/2RttW7RAu5nOAfq6YFvApB
168,2017-08-05,169,Up,Safari,J Balvin,465147,https://i.scdn.co/image/ab67616d00004851338ffc4c72a192f06070546b,https://open.spotify.com/track/6rQSrBHf7HlZjtcMZ4S4bO
169,2017-08-05,170,Down,do re mi,blackbear,464045,https://i.scdn.co/image/25560e082d8ff78217dd6594d18f827a4049cc63,https://open.spotify.com/track/3Q3myFA7q4Op95DOpHplaY
170,2017-08-05,171,Up,Why,Sabrina Carpenter,461959,https://i.scdn.co/image/ab67616d00004851eacfb091aa2c9ce49381c96e,https://open.spotify.com/track/2jYmK1cb3Uya6FFsocdpzO
171,2017-08-05,172,Up,Vente Pa' Ca,Ricky Martin,460697,https://i.scdn.co/image/ab67616d000048513d90f5938459be40b7b6652a,https://open.spotify.com/track/7DM4BPaS7uofFul3ywMe46
172,2017-08-05,173,Down,Loca (feat. Cali y El Dandee),Maite Perroni,459702,https://i.scdn.co/image/ab67616d00004851aff6f2b3368a8bf5bb6eb94d,https://open.spotify.com/track/05ZXXyeZFhZtA6DAP3Aw7x
173,2017-08-05,174,Up,Hot2Touch,Felix Jaehn,459458,https://i.scdn.co/image/ab67616d00004851767ba597ba12ee255719cbd4,https://open.spotify.com/track/1sBhJGPUKrdRycgKxve70v
174,2017-08-05,175,Down,Faded,Alan Walker,459120,https://i.scdn.co/image/ab67616d00004851c4d00cac55ae1b4598c9bc90,https://open.spotify.com/track/7gHs73wELdeycvS48JfIos
175,2017-08-05,176,Down,White Iverson,Post Malone,459073,https://i.scdn.co/image/23bae95100dcb6ac8f88c19fa2a11c50a998a926,https://open.spotify.com/track/6eT7xZZlB2mwyzJ2sUKG6w
176,2017-08-05,177,Down,Mercy,Shawn Mendes,456917,https://i.scdn.co/image/ab67616d00004851188e6332f32088921ab1eaf8,https://open.spotify.com/track/4TZy1wLyHec06pwgFYDh1a
177,2017-08-05,178,New,Fazer Falta,Mc Livinho,456387,https://i.scdn.co/image/ab67616d000048518cf3b479e0a59aefa13b9a79,https://open.spotify.com/track/6pSYjx66rlqRmGGTHhnjCo
178,2017-08-05,179,Up,One Last Time,Ariana Grande,454544,https://i.scdn.co/image/ab67616d000048511254a60895a75d37796045c8,https://open.spotify.com/track/7bJwvubZZaoGE1AGEfu8Fi
179,2017-08-05,180,Up,Sun Comes Up (feat. James Arthur),Rudimental,452890,https://i.scdn.co/image/ab67616d00004851db779b39b22152a560a22bde,https://open.spotify.com/track/6SUocL0caib4mLHe8ZrZzi
180,2017-08-05,181,Up,Traicionera,Sebastian Yatra,450611,https://i.scdn.co/image/ab67616d00004851dbe5e9f934a9be5db8884c52,https://open.spotify.com/track/5J1c3M4EldCfNxXwrwt8mT
181,2017-08-05,182,Down,"Lose Yourself - From ""8 Mile"" Soundtrack",Eminem,449537,https://i.scdn.co/image/36440dfd440d23086573d62a32def35ecc42f111,https://open.spotify.com/track/5Z01UMMf7V1o0MzF86s6WJ
182,2017-08-05,183,Down,Heathens,Twenty One Pilots,449391,https://i.scdn.co/image/ab67616d000048512ca3ba8f334ca5a5f0312efb,https://open.spotify.com/track/6i0V12jOa3mr6uu4WYhUBr
183,2017-08-05,184,Up,T-Shirt,Migos,447128,https://i.scdn.co/image/ab67616d0000485199a8ab6da9d593939302828a,https://open.spotify.com/track/7KOlJ92bu51cltsD9KU5I7
184,2017-08-05,185,Up,Tunnel Vision,Kodak Black,445102,https://i.scdn.co/image/ab67616d000048511541a676423805fc68ff3e66,https://open.spotify.com/track/4Q3N4Ct4zCuIHuZ65E3BD4
185,2017-08-05,186,New,K.O.,Pabllo Vittar,442197,https://i.scdn.co/image/ab67616d00004851594cd06e175f23407d08a7d0,https://open.spotify.com/track/1J0iYsJuVhqfDhBoSLuO9A
186,2017-08-05,187,New,Loco Enamorado,Abraham Mateo,441238,https://i.scdn.co/image/ab67616d00004851c7c9cff204bc6b4a3e36e42d,https://open.spotify.com/track/4N1c5rmWOzRmB9SMacr5wB
187,2017-08-05,188,Down,Cold,Maroon 5,440438,https://i.scdn.co/image/ab67616d000048514727f9e79c338683c5bf8921,https://open.spotify.com/track/5NNlUMcOEOdoOIwwaWXv0k
188,2017-08-05,189,Down,Chained To The Rhythm,Katy Perry,438624,https://i.scdn.co/image/ab67616d000048511487979a7e0181a5d0406d1a,https://open.spotify.com/track/6520aj0B4FSKGVuKNsOCOi
189,2017-08-05,190,New,Ride,Twenty One Pilots,437264,https://i.scdn.co/image/ab67616d00004851de03bfc2991fd5bcfde65ba3,https://open.spotify.com/track/2Z8WuEywRWYTKe1NybPQEW
190,2017-08-05,191,New,Bebe (feat. Anuel AA),Ozuna,436367,https://i.scdn.co/image/ab67616d00004851918760935230018b01f7a3f4,https://open.spotify.com/track/6SIrNxmmdbv1KUbFBu1PaN
191,2017-08-05,192,New,Vacaciones,Wisin,435666,https://i.scdn.co/image/ab67616d00004851c85f0d16973e9dae6f8a786c,https://open.spotify.com/track/3dQDid3IUNhZy1OehIfYfE
192,2017-08-05,193,New,Rolex,Ayo & Teo,435664,https://i.scdn.co/image/ab67616d0000485179dbd95fbdf6b0d617bd32dd,https://open.spotify.com/track/0pSBuHjILhNEo55xK1zrRt
193,2017-08-05,194,Down,Weak,AJR,434715,https://i.scdn.co/image/ab67616d00004851c5f3ca405ff6ed13dc554b94,https://open.spotify.com/track/3E2Zh20GDCR9B1EYjfXWyv
194,2017-08-05,195,Up,Stressed Out,Twenty One Pilots,433377,https://i.scdn.co/image/ab67616d00004851de03bfc2991fd5bcfde65ba3,https://open.spotify.com/track/3CRDbSIZ4r5MsZ0YwxuEkn
195,2017-08-05,196,Up,Sorry,Justin Bieber,432937,https://i.scdn.co/image/ab67616d00004851b6d9a4fbb0bd49f0f034aead,https://open.spotify.com/track/69bp2EbF7Q2rqc5N3ylezZ
196,2017-08-05,197,Down,"How Far I'll Go - From ""Moana""",Alessia Cara,432276,https://i.scdn.co/image/ab67616d00004851fb128b1eda22335050f584fe,https://open.spotify.com/track/5hYTyyh2odQKphUbMqc5gN
197,2017-08-05,198,Down,Go Flex,Post Malone,431623,https://i.scdn.co/image/23bae95100dcb6ac8f88c19fa2a11c50a998a926,https://open.spotify.com/track/5yuShbu70mtHXY0yLzCQLQ
198,2017-08-05,199,New,Broccoli (feat. Lil Yachty),DRAM,431369,https://i.scdn.co/image/ab67616d00004851f02a1575a59bd05998826351,https://open.spotify.com/track/7yyRTcZmCiyzzJlNzGC9Ol
199,2017-08-05,200,Flat,Bon appétit,Katy Perry,430599,https://i.scdn.co/image/ab67616d000048511487979a7e0181a5d0406d1a,https://open.spotify.com/track/61WbtB6ujkpNAsAf5LjF4b
