,Date,Position,Trend,Title,Artist,Streams,Icon_URL,Spotify_URL
0,2017-08-24,1,Flat,Mi Gente,J Balvin,4553070,https://i.scdn.co/image/ab67616d00004851996bd1ea86bd3815eedfeef5,https://open.spotify.com/track/2rb5MvYT7ZIxbKW5hfcHx8
1,2017-08-24,2,Flat,Friends (with BloodPop®),Justin Bieber,3633412,https://i.scdn.co/image/ab67616d00004851302806b2c89a0f7a24b4922c,https://open.spotify.com/track/7nZmah2llfvLDiUjm0kiyz
2,2017-08-24,3,Flat,Unforgettable,French Montana,3321975,https://i.scdn.co/image/ab67616d000048518a31195a371b2233456f6c07,https://open.spotify.com/track/3B54sVLJ402zGa6Xm4YGNe
3,2017-08-24,4,Up,New Rules,Dua Lipa,3218287,https://i.scdn.co/image/ab67616d000048516b915e407b70e121e06fe979,https://open.spotify.com/track/2ekn2ttSfGqwhhate0LSR0
4,2017-08-24,5,Flat,Feels,Calvin Harris,3144976,https://i.scdn.co/image/ab67616d000048514d3fa5ce7ba599f4fd7803ef,https://open.spotify.com/track/5bcTCxgc7xVfSaMV3RuVke
5,2017-08-24,6,Up,Wild Thoughts (feat. Rihanna & Bryson Tiller),DJ Khaled,3134788,https://i.scdn.co/image/ab67616d00004851dcb6a73da1e7f293b875f69c,https://open.spotify.com/track/1OAh8uOEOvTDqkKFsKksCi
6,2017-08-24,7,Down,Despacito - Remix,Luis Fonsi,3126182,https://i.scdn.co/image/ab67616d00004851d8559d0280ffe2a2af6dacdf,https://open.spotify.com/track/5CtI0qwDJkDQGwXD1H1cLb
7,2017-08-24,8,Flat,Attention,Charlie Puth,2712880,https://i.scdn.co/image/ab67616d00004851db21a273452f0637cdbc35aa,https://open.spotify.com/track/4iLqG9SeJSnt0cSPICSjxv
8,2017-08-24,9,Flat,2U (feat. Justin Bieber),David Guetta,2646961,https://i.scdn.co/image/ab67616d0000485145c5570d4a66346d8f683913,https://open.spotify.com/track/3A7qX2QjDlPnazUsRk5y0M
9,2017-08-24,10,Up,Sorry Not Sorry,Demi Lovato,2636962,https://i.scdn.co/image/ab67616d0000485110e3276edd7706710560bd4c,https://open.spotify.com/track/25C5CowdsfXld2jJanbiex
10,2017-08-24,11,Down,Shape of You,Ed Sheeran,2602652,https://i.scdn.co/image/ab67616d00004851ba5db46f4b838ef6027e6f96,https://open.spotify.com/track/7qiZfU4dY1lWllzX7mPBI3
11,2017-08-24,12,Flat,Strip That Down,Liam Payne,2486414,https://i.scdn.co/image/ab67616d00004851ec1abb2ba5e210e826161111,https://open.spotify.com/track/6EpRaXYhGOB3fj4V2uDkMJ
12,2017-08-24,13,Flat,Thunder,Imagine Dragons,2471995,https://i.scdn.co/image/ab67616d000048517956bd9a3d7a15e4c2e37cc6,https://open.spotify.com/track/0tKcYR2II1VCQWT79i5NrW
13,2017-08-24,14,Up,Back to You (feat. Bebe Rexha & Digital Farm Animals),Louis Tomlinson,2366041,https://i.scdn.co/image/ab67616d00004851327d7ffa53a268bf7411c28b,https://open.spotify.com/track/7F9vK8hNFMml4GtHsaXui6
14,2017-08-24,15,Flat,More Than You Know,Axwell /\ Ingrosso,2359512,https://i.scdn.co/image/ab67616d00004851cb442ec337da75fb09cc3981,https://open.spotify.com/track/3PEgB3fkiojxms35ntsTgs
15,2017-08-24,16,Up,Mama,Jonas Blue,2312937,https://i.scdn.co/image/14891cf71e2287163c137e90074783ba5cdd4ff4,https://open.spotify.com/track/0NiXXAI876aGImAd6rTj8w
16,2017-08-24,17,Down,"I'm the One (feat. Justin Bieber, Quavo, Chance the Rapper & Lil Wayne)",DJ Khaled,2285992,https://i.scdn.co/image/ab67616d00004851dcb6a73da1e7f293b875f69c,https://open.spotify.com/track/3DXncPQOG4VBw3QHh3S817
17,2017-08-24,18,Flat,XO TOUR Llif3,Lil Uzi Vert,2182142,https://i.scdn.co/image/ab67616d0000485115531ec8568373f631db9786,https://open.spotify.com/track/2eMwDehkIC1j68U6FA3Eiq
18,2017-08-24,19,Up,Havana,Camila Cabello,2176076,https://i.scdn.co/image/ab67616d00004851d93cf4d07ba50d7b32ca7c44,https://open.spotify.com/track/0ofbQMrRDsUaVKq2mGLEAb
19,2017-08-24,20,Down,Glorious (feat. Skylar Grey),Macklemore,2106618,https://i.scdn.co/image/ab67616d000048512c19c42e316cd3d949c992b0,https://open.spotify.com/track/3HVr6jTVwBHBa2flM0eURR
20,2017-08-24,21,Flat,There's Nothing Holdin' Me Back,Shawn Mendes,2056315,https://i.scdn.co/image/ab67616d00004851f9cbd0c07513a7232cd6b9a7,https://open.spotify.com/track/79cuOz3SPQTuFrp8WgftAu
21,2017-08-24,22,Flat,Without You (feat. Sandro Cavazza),Avicii,2023784,https://i.scdn.co/image/ab67616d0000485130800bfbfff51ddb031d9bd7,https://open.spotify.com/track/6WbADFqMvR8N5u0BvtsWQE
22,2017-08-24,23,Flat,Silence,Marshmello,2003514,https://i.scdn.co/image/ab67616d00004851f33ba583059dc2f7d08bf2b8,https://open.spotify.com/track/7vGuf3Y35N4wmASOKLUVVU
23,2017-08-24,24,Up,Me Rehúso,Danny Ocean,1925211,https://i.scdn.co/image/ab67616d00004851a75bd33684083600569dd3bf,https://open.spotify.com/track/6De0lHrwBfPfrhorm9q1Xl
24,2017-08-24,25,Down,Bank Account,21 Savage,1910103,https://i.scdn.co/image/ab67616d0000485163bdcfe76718674e7783df36,https://open.spotify.com/track/5eqK0tbzUPo2SoeZsov04s
25,2017-08-24,26,Flat,HUMBLE.,Kendrick Lamar,1815461,https://i.scdn.co/image/ae1f239b41e9604a66eb900834c6887cd2f62ff1,https://open.spotify.com/track/7KXjTSCq5nL1LoYtL7XAwS
26,2017-08-24,27,Flat,I Like Me Better,Lauv,1786857,https://i.scdn.co/image/ab67616d00004851fab48816b625e2a77a732400,https://open.spotify.com/track/1wjzFQodRWrPcQ0AnYnvQ9
27,2017-08-24,28,Up,Felices los 4,Maluma,1721542,https://i.scdn.co/image/ab67616d00004851d9732b592276542ecafa6c6d,https://open.spotify.com/track/0qYTZCo5Bwh1nsUFGZP3zn
28,2017-08-24,29,Down,There for You,Martin Garrix,1704315,https://i.scdn.co/image/ab67616d0000485172c57da7edfe8e915182cdd4,https://open.spotify.com/track/6jA8HL9i4QGzsj6fjoxp8Y
29,2017-08-24,30,Up,Swalla (feat. Nicki Minaj & Ty Dolla $ign),Jason Derulo,1639683,https://i.scdn.co/image/ab67616d000048519d6522bee68370fa5592301d,https://open.spotify.com/track/6kex4EBAj0WHXDKZMEJaaF
30,2017-08-24,31,Flat,Fetish (feat. Gucci Mane),Selena Gomez,1634509,https://i.scdn.co/image/ab67616d00004851676b024fbd4c52c3fa382dd4,https://open.spotify.com/track/0XLOf9LhyazPX9Ld8jPiUq
31,2017-08-24,32,Up,Congratulations,Post Malone,1633728,https://i.scdn.co/image/23bae95100dcb6ac8f88c19fa2a11c50a998a926,https://open.spotify.com/track/3a1lNhkSLSkpJE4MSHpDu9
32,2017-08-24,33,Down,Your Song,Rita Ora,1631085,https://i.scdn.co/image/ab67616d00004851528e7f2b6eda1b2a20ccfb1f,https://open.spotify.com/track/4c2W3VKsOFoIg2SFaO6DY5
33,2017-08-24,34,Down,Something Just Like This,The Chainsmokers,1605054,https://i.scdn.co/image/ab67616d000048510c13d3d5a503c84fcc60ae94,https://open.spotify.com/track/6RUKPb4LETWmmr3iAEQktW
34,2017-08-24,35,Flat,Lonely Together (feat. Rita Ora),Avicii,1583709,https://i.scdn.co/image/241ee98f30f1a0066a26890586952e393a473b0d,https://open.spotify.com/track/2OALaHcDdKkjYEpAr0Qzab
35,2017-08-24,36,Flat,Young Dumb & Broke,Khalid,1568905,https://i.scdn.co/image/ab67616d00004851988ede5e1276e758b5f9e577,https://open.spotify.com/track/5Z3GHaZ6ec9bsiI5BenrbY
36,2017-08-24,37,Flat,Slow Hands,Niall Horan,1527354,https://i.scdn.co/image/ab67616d00004851805efe949d48d6f50e604919,https://open.spotify.com/track/167NczpNbRF7oWakJaY3Hh
37,2017-08-24,38,Flat,Believer,Imagine Dragons,1501209,https://i.scdn.co/image/ab67616d000048517956bd9a3d7a15e4c2e37cc6,https://open.spotify.com/track/0CcQNd8CINkwQfe1RDtGV6
38,2017-08-24,39,Up,Bodak Yellow,Cardi B,1450193,https://i.scdn.co/image/ab67616d0000485162a2dedc55a38a0fca0a17b0,https://open.spotify.com/track/2771LMNxwf62FTAdpJMQfM
39,2017-08-24,40,Flat,BUTTERFLY EFFECT,Travis Scott,1450009,https://i.scdn.co/image/ab67616d00004851b5e9358d0d07114609d9afab,https://open.spotify.com/track/1yxgsra98r3qAtxqiGZPiX
40,2017-08-24,41,Down,Despacito (Featuring Daddy Yankee),Luis Fonsi,1440853,https://i.scdn.co/image/ab67616d00004851a5971936e3b8d91f8b616b17,https://open.spotify.com/track/4aWmUDTfIPGksMNLV2rQP2
41,2017-08-24,42,Up,Una Lady Como Tú,Manuel Turizo,1383222,https://i.scdn.co/image/ab67616d00004851f9dc35bc367fcf98e763d27e,https://open.spotify.com/track/7MHN1aCFtLXjownGhvEQlF
42,2017-08-24,43,Up,Escápate Conmigo,Wisin,1381248,https://i.scdn.co/image/ab67616d000048512b02904e5404ad6069c16a4f,https://open.spotify.com/track/2cnKEkpVUSV4wnjQiTWfH6
43,2017-08-24,44,Up,Bonita,J Balvin,1371617,https://i.scdn.co/image/ab67616d0000485148f3fc1d4f0fed414418e041,https://open.spotify.com/track/693iqPOQvhI7PobtR8CC8v
44,2017-08-24,45,Down,Pretty Girl - Cheat Codes X CADE Remix,Maggie Lindemann,1366739,https://i.scdn.co/image/ab67616d000048517c7436e1b6273be0e7bc1a84,https://open.spotify.com/track/1NDxZ7cFAo481dtYWdrUnR
45,2017-08-24,46,Down,"Know No Better (feat. Travis Scott, Camila Cabello & Quavo)",Major Lazer,1361453,https://i.scdn.co/image/ab67616d00004851de1e9558f85913eb0b47f623,https://open.spotify.com/track/3Ytr1SUCUi6J3L9dRFx5iH
46,2017-08-24,47,Up,Symphony (feat. Zara Larsson),Clean Bandit,1301658,https://i.scdn.co/image/ab67616d000048515b1130d050c4cd2295999d85,https://open.spotify.com/track/1x5sYLZiu9r5E43kMlt9f8
47,2017-08-24,48,Down,Praying,Kesha,1291413,https://i.scdn.co/image/ab67616d0000485155de63b8aaf464fe8146b4f1,https://open.spotify.com/track/0jdny0dhgjUwoIp5GkqEaA
48,2017-08-24,49,Up,That's What I Like,Bruno Mars,1283693,https://i.scdn.co/image/ab67616d00004851232711f7d66a1e19e89e28c5,https://open.spotify.com/track/0KKkJNfGyhkQ5aFogxQAPU
49,2017-08-24,50,Down,No Promises (feat. Demi Lovato),Cheat Codes,1272348,https://i.scdn.co/image/ab67616d00004851e74ecdb2f1316c8f026970a8,https://open.spotify.com/track/1louJpMmzEicAn7lzDalPW
50,2017-08-24,51,Up,1-800-273-8255,Logic,1262342,https://i.scdn.co/image/08f9ccb7875a87c07c79c1ccd5319263786c55ea,https://open.spotify.com/track/5tz69p7tJuGPeMGwNTxYuV
51,2017-08-24,52,Down,Rich Love (with Seeb),OneRepublic,1252670,https://i.scdn.co/image/ab67616d000048516f2fa4c6cd6653d8d770a415,https://open.spotify.com/track/7aF09WaavZAmAWuUeYxlYD
52,2017-08-24,53,Flat,Feel It Still,Portugal. The Man,1193729,https://i.scdn.co/image/ab67616d00004851af52c228c9619ff6298b08cd,https://open.spotify.com/track/6QgjcU0zLnzq5OrUoSZ3OK
53,2017-08-24,54,Flat,What About Us,P!nk,1181695,https://i.scdn.co/image/ab67616d000048511d75bb4aadfc620497c5db0f,https://open.spotify.com/track/31MkGwj0SWgZaTvEt5Hgxv
54,2017-08-24,55,Flat,Would You Ever,Skrillex,1140783,https://i.scdn.co/image/ab67616d00004851c2896a061e50f35f97337512,https://open.spotify.com/track/57p8CBvPOxrvyCbn6ttl5r
55,2017-08-24,56,Flat,Location,Khalid,1113388,https://i.scdn.co/image/ab67616d00004851988ede5e1276e758b5f9e577,https://open.spotify.com/track/152lZdxL1OR0ZMW6KquMif
56,2017-08-24,57,Flat,Stay (with Alessia Cara),Zedd,1104095,https://i.scdn.co/image/ab67616d0000485191a70f95efc3400f696e89cc,https://open.spotify.com/track/0dA2Mk56wEzDgegdC6R17g
57,2017-08-24,58,Flat,Ahora Dice,Chris Jeday,1078493,https://i.scdn.co/image/ab67616d000048513a142c7e7fc7863dc1a256ed,https://open.spotify.com/track/22eADXu8DfOAUEDw4vU8qy
58,2017-08-24,59,Flat,Redbone,Childish Gambino,1031614,https://i.scdn.co/image/ab67616d000048510b97e56ffad7c6211aa848f8,https://open.spotify.com/track/3kxfsdsCpFgN412fpnW85Y
59,2017-08-24,60,Flat,Mask Off,Future,1018251,https://i.scdn.co/image/ab67616d00004851356884f85665ebdd79223fdf,https://open.spotify.com/track/3rOSwuTsUlJp0Pu0MkN8r8
60,2017-08-24,61,Flat,It Ain't Me (with Selena Gomez),Kygo,985553,https://i.scdn.co/image/ab67616d0000485141f289940f2e6a0d51988d77,https://open.spotify.com/track/3eR23VReFzcdmS7TYCrhCe
61,2017-08-24,62,Up,Mayores,Becky G,976005,https://i.scdn.co/image/ab67616d00004851b5983d639fd953deb3c99848,https://open.spotify.com/track/7JNh1cfm0eXjqFVOzKLyau
62,2017-08-24,63,Up,Questions,Chris Brown,970797,https://i.scdn.co/image/ab67616d00004851df5b4bb2ee00999c60ce05b7,https://open.spotify.com/track/5XQMr19TL7Mfksq9zihbOu
63,2017-08-24,64,Down,Galway Girl,Ed Sheeran,963691,https://i.scdn.co/image/ab67616d00004851ba5db46f4b838ef6027e6f96,https://open.spotify.com/track/0afhq8XCExXpqazXczTSve
64,2017-08-24,65,Up,Robarte un Beso,Carlos Vives,949741,https://i.scdn.co/image/ab67616d0000485126f611d8f55ec6cecb29192e,https://open.spotify.com/track/4z3GJkrtH97Bj6fRta983T
65,2017-08-24,66,Up,goosebumps,Travis Scott,938493,https://i.scdn.co/image/ab67616d00004851f54b99bf27cda88f4a7403ce,https://open.spotify.com/track/6gBFPUFcJLzWGx4lenP6h2
66,2017-08-24,67,Down,Get Low (with Liam Payne),Zedd,932576,https://i.scdn.co/image/ab67616d00004851a558887a8b28dcd38ad6e3ef,https://open.spotify.com/track/1CKd1PnqfYx0H12V9MSaIY
67,2017-08-24,68,Up,Hey DJ,CNCO,927954,https://i.scdn.co/image/ab67616d000048514358c8856d3acc00ca6c3578,https://open.spotify.com/track/209gZgcfLq2aUuu51vOWBl
68,2017-08-24,69,Down,DNA.,Kendrick Lamar,919414,https://i.scdn.co/image/ae1f239b41e9604a66eb900834c6887cd2f62ff1,https://open.spotify.com/track/6HZILIRieu8S0iqY8kIKhj
69,2017-08-24,70,Down,Signs,Drake,916446,https://i.scdn.co/image/ab67616d000048514d37373eef5fcb26802d8c18,https://open.spotify.com/track/5EnYT6F7wEcdege6mDHEfO
70,2017-08-24,71,Up,I Get The Bag (feat. Migos),Gucci Mane,913269,https://i.scdn.co/image/ab67616d00004851a774223eda7c354f45f898a6,https://open.spotify.com/track/1HTtUBEY3tuw2btgwwI2Ja
71,2017-08-24,72,Down,OK - Spotify Version,Robin Schulz,912713,https://i.scdn.co/image/ab67616d000048517fd57367322c558ca19c9ed8,https://open.spotify.com/track/3bWAqKDWg6u1davspr5IkS
72,2017-08-24,73,Down,Say You Won't Let Go,James Arthur,909158,https://i.scdn.co/image/ab67616d0000485120beb61f61fcbeb33b10a9ab,https://open.spotify.com/track/5uCax9HTNlzGybIStD3vDh
73,2017-08-24,74,Up,Love Galore (feat. Travis Scott),SZA,906376,https://i.scdn.co/image/ab67616d000048514c79d5ec52a6d0302f3add25,https://open.spotify.com/track/0q75NwOoFiARAVp4EXU4Bs
74,2017-08-24,75,Down,Crying in the Club,Camila Cabello,898452,https://i.scdn.co/image/ab67616d00004851cec62b81146fe4d116fbb2fa,https://open.spotify.com/track/1SJtlNRJDeYHioymcvsqev
75,2017-08-24,76,Up,Krippy Kush,Farruko,896813,https://i.scdn.co/image/ab67616d00004851e2d873eb680063460c94914c,https://open.spotify.com/track/3rgjBiAMVGnxmsTDmUy8vb
76,2017-08-24,77,Down,Slide,Calvin Harris,881521,https://i.scdn.co/image/ab67616d000048514d3fa5ce7ba599f4fd7803ef,https://open.spotify.com/track/7tr2za8SQg2CI8EDgrdtNl
77,2017-08-24,78,Up,Slippery (feat. Gucci Mane),Migos,874742,https://i.scdn.co/image/ab67616d0000485199a8ab6da9d593939302828a,https://open.spotify.com/track/6p8NuHm8uCGnn2Dtbtf7zE
78,2017-08-24,79,Up,Tu Foto,Ozuna,871394,https://i.scdn.co/image/ab67616d000048515a0467b3a49a461da243c362,https://open.spotify.com/track/0Szp49tpFasIjX04Mcsydp
79,2017-08-24,80,Down,SUBEME LA RADIO,Enrique Iglesias,871132,https://i.scdn.co/image/ab67616d000048515366ff028970205a29d558ed,https://open.spotify.com/track/7nKBxz47S9SD79N086fuhn
80,2017-08-24,81,Up,Instruction (feat. Demi Lovato & Stefflon Don),Jax Jones,862617,https://i.scdn.co/image/ab67616d00004851785528fd13fc6d63e29542f4,https://open.spotify.com/track/0XfOi87h82i09rQjWYG0Bm
81,2017-08-24,82,Down,Most Girls,Hailee Steinfeld,850216,https://i.scdn.co/image/ab67616d000048519e1b81dc79bd5055417b1e5a,https://open.spotify.com/track/2mfUa8bLs2s5N4VaqJZ4lZ
82,2017-08-24,83,Up,Magnolia,Playboi Carti,845771,https://i.scdn.co/image/cbfa858a49a59efbca64c6f7078068cf07731bd0,https://open.spotify.com/track/1e1JKLEDKP7hEQzJfNAgPl
83,2017-08-24,84,Down,Bad Liar,Selena Gomez,842295,https://i.scdn.co/image/ab67616d00004851f40c5ecb3d327a55e8aa6714,https://open.spotify.com/track/1sCxVKWImDZSZKvG0U9B23
84,2017-08-24,85,Down,Issues,Julia Michaels,828346,https://i.scdn.co/image/bed97a5c36c8dda6724f89ecfd8c23497cc897f4,https://open.spotify.com/track/0xG0SHshCStMEyNbNC5d4k
85,2017-08-24,86,Down,Closer,The Chainsmokers,826524,https://i.scdn.co/image/ab67616d00004851495ce6da9aeb159e94eaa453,https://open.spotify.com/track/7BKLCZ1jbUBVqRi2FVlTVw
86,2017-08-24,87,Down,LOYALTY. FEAT. RIHANNA.,Kendrick Lamar,824687,https://i.scdn.co/image/ae1f239b41e9604a66eb900834c6887cd2f62ff1,https://open.spotify.com/track/6SwRhMLwNqEi6alNPVG00n
87,2017-08-24,88,Down,Malibu,Miley Cyrus,823244,https://i.scdn.co/image/ab67616d000048512fe7eac044c3912f06432f22,https://open.spotify.com/track/2habSXqcJGExM6JJyskY7O
88,2017-08-24,89,Down,OMG,Camila Cabello,797175,https://i.scdn.co/image/ab67616d00004851147a905ba006c3ed794f17fd,https://open.spotify.com/track/4xBjsLUSjcx2h7PcRikpQp
89,2017-08-24,90,Up,Reggaetón Lento (Remix),CNCO,780086,https://i.scdn.co/image/ab67616d00004851c4c45bf90052845efd2a597d,https://open.spotify.com/track/3zoYkqS4y2BsGVShPL2nTE
90,2017-08-24,91,Down,Passionfruit,Drake,776447,https://i.scdn.co/image/ab67616d000048515ea859dc94365abd9fd84fd6,https://open.spotify.com/track/7hDc8b7IXETo14hHIHdnhd
91,2017-08-24,92,Flat,La Rompe Corazones,Daddy Yankee,768897,https://i.scdn.co/image/ab67616d00004851b84a36483e43bfbcb931fcde,https://open.spotify.com/track/4okba5wu9mMLXx79DXLKi3
92,2017-08-24,93,Up,"I Don’t Wanna Live Forever (Fifty Shades Darker) - From ""Fifty Shades Darker (Original Motion Picture Soundtrack)""",ZAYN,758681,https://i.scdn.co/image/ab67616d000048512ae921f082ae5db4d3da818f,https://open.spotify.com/track/3NdDpSvN911VPGivFlV5d0
93,2017-08-24,94,Up,Me Enamoré,Shakira,737568,https://i.scdn.co/image/ab67616d00004851d05d3aad30c5fb7614893cf5,https://open.spotify.com/track/4qknM1pQz53QOyfDVTjcM9
94,2017-08-24,95,Up,Down,Fifth Harmony,732906,https://i.scdn.co/image/ab67616d00004851aa8f5611964dc75eebbecbba,https://open.spotify.com/track/7LEydI5NfjY6mZfKwYIptZ
95,2017-08-24,96,Flat,Body Like A Back Road,Sam Hunt,728965,https://i.scdn.co/image/ab67616d000048519eccbdab1110afc4d5a186a8,https://open.spotify.com/track/7mldq42yDuxiUNn08nvzHO
96,2017-08-24,97,Down,Came Here for Love,Sigala,727801,https://i.scdn.co/image/ab67616d000048513769e2973131468513fc59cd,https://open.spotify.com/track/3kGfazcbVvVkuZunzlLgTD
97,2017-08-24,98,Up,Rake It Up,Yo Gotti,723663,https://i.scdn.co/image/ab67616d00004851dc371ef9c9ad4c33b3fc130a,https://open.spotify.com/track/6c7D34787LOtPm8tzhsLgH
98,2017-08-24,99,Down,First Time,Kygo,717155,https://i.scdn.co/image/ab67616d00004851b6d86ca196b697ee0f640118,https://open.spotify.com/track/2Gl0FzuLxflY6nPifJp5Dr
99,2017-08-24,100,Down,Starboy,The Weeknd,715956,https://i.scdn.co/image/ab67616d000048510c8599cbde51245c128bcea9,https://open.spotify.com/track/5aAx2yezTd8zXrkmtKl66Z
100,2017-08-24,101,Down,Perfect,Ed Sheeran,711421,https://i.scdn.co/image/ab67616d00004851ba5db46f4b838ef6027e6f96,https://open.spotify.com/track/0tgVpDi06FyKpA1z0VMD4v
101,2017-08-24,102,Down,Rockabye (feat. Sean Paul & Anne-Marie),Clean Bandit,709258,https://i.scdn.co/image/ab67616d000048511431c3bdf16aa99f71799d95,https://open.spotify.com/track/5knuzwU65gJK7IF5yJsuaW
102,2017-08-24,103,Up,One Dance,Drake,697088,https://i.scdn.co/image/ab67616d00004851726abca207567d5e41cb9667,https://open.spotify.com/track/1xznGGDReH1oQq0xzbwXa3
103,2017-08-24,104,Down,Scared to Be Lonely,Martin Garrix,695708,https://i.scdn.co/image/ab67616d0000485164f8a309aa3c0a66a31fc374,https://open.spotify.com/track/3ebXMykcMXOcLeJ9xZ17XH
104,2017-08-24,105,Flat,Now Or Never,Halsey,690094,https://i.scdn.co/image/d5bb421dbecbba7c6904eb67672f3cd25cf54c23,https://open.spotify.com/track/7i2DJ88J7jQ8K7zqFX2fW8
105,2017-08-24,106,Up,It's A Vibe,2 Chainz,689969,https://i.scdn.co/image/179288654e273e14d827a4aa76cf37115e139ca0,https://open.spotify.com/track/6H0AwSQ20mo62jGlPGB8S6
106,2017-08-24,107,Up,Perplexing Pegasus,Rae Sremmurd,686422,https://i.scdn.co/image/ab67616d000048510c4887060da7f88128376220,https://open.spotify.com/track/2nYwV62UABTH0NanrwVIdQ
107,2017-08-24,108,Up,Solo Dance,Martin Jensen,685576,https://i.scdn.co/image/ab67616d00004851950d67dbe3f31f1d9a5d06a2,https://open.spotify.com/track/6HUnnBwYZqcED1eQztxMBN
108,2017-08-24,109,Down,Photograph,Ed Sheeran,684136,https://i.scdn.co/image/ab67616d00004851d08209944468440145f01524,https://open.spotify.com/track/6fxVffaTuwjgEk5h9QyRjy
109,2017-08-24,110,Up,Roll In Peace (feat. XXXTENTACION),Kodak Black,683876,https://i.scdn.co/image/ab67616d00004851583ce93dc89d84218f233ea7,https://open.spotify.com/track/40oKW22ZNNkEdZLJTScaQI
110,2017-08-24,111,Down,Summer Air,ItaloBrothers,682049,https://i.scdn.co/image/ab67616d000048516cc9441f366f82803e48ae5c,https://open.spotify.com/track/3GPI7hYiqD6enLRobhkBm8
111,2017-08-24,112,Down,El Amante,Nicky Jam,675884,https://i.scdn.co/image/ab67616d00004851d77dbcd4dbd37cdfa61771fa,https://open.spotify.com/track/3umS4y3uQDkqekNjVpiRUs
112,2017-08-24,113,Up,Bella y Sensual,Romeo Santos,674315,https://i.scdn.co/image/ab67616d00004851827d0777f8cccdf5b7481442,https://open.spotify.com/track/0ERbK7qVqveCaBWIiYCrl3
113,2017-08-24,114,Down,I Feel It Coming,The Weeknd,671546,https://i.scdn.co/image/b3683184efeb899b2d1a02f4957d0c630dc10b0b,https://open.spotify.com/track/5GXAXm5YOmYT0kL5jHvYBt
114,2017-08-24,115,Up,Otra vez (feat. J Balvin),Zion & Lennox,659520,https://i.scdn.co/image/ab67616d0000485182eabf564ddc57325a84dd50,https://open.spotify.com/track/3QwBODjSEzelZyVjxPOHdq
115,2017-08-24,116,Down,Sign of the Times,Harry Styles,654722,https://i.scdn.co/image/ab67616d000048516c619c39c853f8b1d67b7859,https://open.spotify.com/track/5Ohxk2dO5COHF1krpoPigN
116,2017-08-24,117,Flat,Sigo Extrañándote,J Balvin,652204,https://i.scdn.co/image/ab67616d00004851338ffc4c72a192f06070546b,https://open.spotify.com/track/6qDF4wWL49CAVbgT7yuHl8
117,2017-08-24,118,Down,LOVE. FEAT. ZACARI.,Kendrick Lamar,644581,https://i.scdn.co/image/ae1f239b41e9604a66eb900834c6887cd2f62ff1,https://open.spotify.com/track/6PGoSes0D9eUDeeAafB2As
118,2017-08-24,119,Down,All My Love (feat. Conor Maynard),Cash Cash,643629,https://i.scdn.co/image/ab67616d0000485119412f5b0f76d10d241f2981,https://open.spotify.com/track/1839RWzPRZCVgvamu4sHSN
119,2017-08-24,120,Up,Sua cara (feat. Anitta & Pabllo Vittar),Major Lazer,641174,https://i.scdn.co/image/ab67616d00004851d75f1f9e874ff1362df4a961,https://open.spotify.com/track/3ibRxEv4KkcU9e259eyNJA
120,2017-08-24,121,Down,Marmalade (feat. Lil Yachty),Macklemore,639823,https://i.scdn.co/image/ab67616d00004851680f96eb3f25997ee13ab941,https://open.spotify.com/track/0RYXEibxMami3QuT8kn4Iz
121,2017-08-24,122,Up,Báilame - Remix,Nacho,639641,https://i.scdn.co/image/ab67616d00004851473f54a79eb118bdfa668aa2,https://open.spotify.com/track/3VClLWqNn80Llv0PJOsKgr
122,2017-08-24,123,Down,"Sola (Remix) [feat. Daddy Yankee, Wisin, Farruko, Zion & Lennox]",Anuel AA,636562,https://i.scdn.co/image/ab67616d00004851a66def7d649149464edc8f1e,https://open.spotify.com/track/5q2JbCNi4FcnglgPfxcV65
123,2017-08-24,124,Down,Castle on the Hill,Ed Sheeran,636223,https://i.scdn.co/image/ab67616d00004851ba5db46f4b838ef6027e6f96,https://open.spotify.com/track/6PCUP3dWmTjcTtXY02oFdT
124,2017-08-24,125,Up,Swish Swish,Katy Perry,635307,https://i.scdn.co/image/ab67616d000048511487979a7e0181a5d0406d1a,https://open.spotify.com/track/2kVHAQKVtczchKctctzbtK
125,2017-08-24,126,Down,Báilame,Nacho,624143,https://i.scdn.co/image/ab67616d000048514b2089fbced0d870deb3e9f2,https://open.spotify.com/track/7lRsNbdOGykkMAgsqs4R1C
126,2017-08-24,127,Up,Si Tú La Ves (feat. Wisin),Nicky Jam,619011,https://i.scdn.co/image/ab67616d00004851d77dbcd4dbd37cdfa61771fa,https://open.spotify.com/track/4yN6xPLopmTLvc27pO9LIE
127,2017-08-24,128,Down,Complicated (feat. Kiiara),Dimitri Vegas & Like Mike,609112,https://i.scdn.co/image/ab67616d0000485105df880db084244f431803b4,https://open.spotify.com/track/1Sl3njkhhz8nrSPZroDQ82
128,2017-08-24,129,Down,Chantaje (feat. Maluma),Shakira,608239,https://i.scdn.co/image/ab67616d00004851d05d3aad30c5fb7614893cf5,https://open.spotify.com/track/6mICuAdrwEjh6Y6lroV2Kg
129,2017-08-24,130,Up,iSpy (feat. Lil Yachty),KYLE,601636,https://i.scdn.co/image/ab67616d0000485132e373f2988bc6596a542d1c,https://open.spotify.com/track/2EEeOnHehOozLq4aS0n6SL
130,2017-08-24,131,Down,Super Far,LANY,598622,https://i.scdn.co/image/ab67616d000048514bf52f0d4578b67e362f4672,https://open.spotify.com/track/74ODGXs4byLTRdnKGM4s6E
131,2017-08-24,132,Down,Paris,The Chainsmokers,596589,https://i.scdn.co/image/ab67616d000048510c13d3d5a503c84fcc60ae94,https://open.spotify.com/track/72jbDTw1piOOj770jWNeaG
132,2017-08-24,133,Up,Drowning (feat. Kodak Black),A Boogie Wit da Hoodie,594900,https://i.scdn.co/image/ab67616d0000485131d8918139b720e4141adeec,https://open.spotify.com/track/6Q2FftbUG530lCtBI74bMH
133,2017-08-24,134,Down,Let Me Love You,DJ Snake,594402,https://i.scdn.co/image/ab67616d000048515045de6786e0af096de73ed4,https://open.spotify.com/track/4pdPtRcBmOSQDlJ3Fk945m
134,2017-08-24,135,Down,We Don't Talk Anymore,Charlie Puth,594375,https://i.scdn.co/image/ab67616d00004851c0e28105f0533c52717c46c2,https://open.spotify.com/track/68EMU2RD1ECNeOeJ5qAXCV
135,2017-08-24,136,Down,do re mi (feat. Gucci Mane),blackbear,594051,https://i.scdn.co/image/0204c2af4ad772fd738bbd661b300a4dec113e71,https://open.spotify.com/track/53mrVsi49rLHIaKBiSvElG
136,2017-08-24,137,Up,Bad and Boujee (feat. Lil Uzi Vert),Migos,585851,https://i.scdn.co/image/ab67616d0000485199a8ab6da9d593939302828a,https://open.spotify.com/track/4Km5HrUvYTaSUfiSGPJeQR
137,2017-08-24,138,Down,Hey Ma (with Pitbull & J Balvin feat. Camila Cabello) - Spanish Version,Pitbull,584848,https://i.scdn.co/image/ab67616d000048513e40b472d708ea3c6bd86670,https://open.spotify.com/track/2Vdub5mY4lad7w64bFPUez
138,2017-08-24,139,Down,Besándote,Piso 21,583445,https://i.scdn.co/image/ab67616d000048512cd0b690a37d7bb6e2aa5de4,https://open.spotify.com/track/13X0XdLMOdtbXVtAj2ox4h
139,2017-08-24,140,Down,Don't Let Me Down,The Chainsmokers,576411,https://i.scdn.co/image/ab67616d0000485108d87fb54859bc9038f7e5e0,https://open.spotify.com/track/0QsvXIfqM0zZoerQfsI9lm
140,2017-08-24,141,Flat,Me Llamas (feat. Maluma) - Remix,Piso 21,575688,https://i.scdn.co/image/ab67616d000048511e1eafb5d2bb1ca39d26f092,https://open.spotify.com/track/5hEM0JchdVzQ5PwvSfITeX
141,2017-08-24,142,Down,Thinking out Loud,Ed Sheeran,569239,https://i.scdn.co/image/ab67616d00004851d08209944468440145f01524,https://open.spotify.com/track/1Slwb6dOYkBlWal1PGtnNg
142,2017-08-24,143,Up,Loco Enamorado,Abraham Mateo,565318,https://i.scdn.co/image/ab67616d00004851c7c9cff204bc6b4a3e36e42d,https://open.spotify.com/track/4N1c5rmWOzRmB9SMacr5wB
143,2017-08-24,144,Flat,Starving,Hailee Steinfeld,563706,https://i.scdn.co/image/ab67616d00004851612495ee5769c99125031be2,https://open.spotify.com/track/1qOLh0tI7trd1zdDKxYZTe
144,2017-08-24,145,Down,Reggaetón Lento (Bailemos),CNCO,562013,https://i.scdn.co/image/ab67616d000048517db0f7ac4c612cce26ccacf9,https://open.spotify.com/track/3AEZUABDXNtecAOSC1qTfo
145,2017-08-24,146,Down,Treat You Better,Shawn Mendes,561422,https://i.scdn.co/image/ab67616d00004851188e6332f32088921ab1eaf8,https://open.spotify.com/track/4Hf7WnR761jpxPr5D46Bcd
146,2017-08-24,147,Down,Two High,Moon Taxi,557177,https://i.scdn.co/image/ab67616d000048513aba4c031c2a1b7941063ef0,https://open.spotify.com/track/3sJHkcxojoJD2Ytbo1yLLF
147,2017-08-24,148,Up,Call On Me - Ryan Riback Extended Remix,Starley,555372,https://i.scdn.co/image/ab67616d000048519d4079afc73664f86f055400,https://open.spotify.com/track/78rIJddV4X0HkNAInEcYde
148,2017-08-24,149,Up,Ahora Me Llama,KAROL G,553195,https://i.scdn.co/image/ab67616d000048511f8b5b79339712de8c904d63,https://open.spotify.com/track/61HHDBLqF3AmSvLfHKNGd2
149,2017-08-24,150,Up,24K Magic,Bruno Mars,552417,https://i.scdn.co/image/ab67616d00004851232711f7d66a1e19e89e28c5,https://open.spotify.com/track/6b8Be6ljOzmkOmFslEb23P
150,2017-08-24,151,Down,Rollin,Calvin Harris,547110,https://i.scdn.co/image/ab67616d000048514d3fa5ce7ba599f4fd7803ef,https://open.spotify.com/track/0lMbuWUpfTWhEmOKxppEau
151,2017-08-24,152,Up,4 AM,2 Chainz,546048,https://i.scdn.co/image/179288654e273e14d827a4aa76cf37115e139ca0,https://open.spotify.com/track/1nX9KhK3Fff27SnrIor2Yb
152,2017-08-24,153,Up,Side To Side,Ariana Grande,538518,https://i.scdn.co/image/ab67616d000048517227f5854239a059af211d5b,https://open.spotify.com/track/4pLwZjInHj3SimIyN9SnOz
153,2017-08-24,154,Down,Why,Sabrina Carpenter,538298,https://i.scdn.co/image/ab67616d00004851eacfb091aa2c9ce49381c96e,https://open.spotify.com/track/2jYmK1cb3Uya6FFsocdpzO
154,2017-08-24,155,Up,Bounce Back,Big Sean,535272,https://i.scdn.co/image/695d0c097d8463ccc2c2b9855fe44e3e9e7bc267,https://open.spotify.com/track/0SGkqnVQo9KPytSri1H6cF
155,2017-08-24,156,Down,Unforgettable,Thomas Rhett,533633,https://i.scdn.co/image/ab67616d000048512f4c528049bbd6c39fe78c73,https://open.spotify.com/track/0ZiRSqlSsDlY0UyDYU9CTE
156,2017-08-24,157,Flat,Love Yourself,Justin Bieber,528857,https://i.scdn.co/image/ab67616d00004851b6d9a4fbb0bd49f0f034aead,https://open.spotify.com/track/3hB5DgAiMAQ4DzYbsMq1IT
157,2017-08-24,158,Down,Younger Now,Miley Cyrus,521942,https://i.scdn.co/image/ab67616d000048514e98da9967645ee250768076,https://open.spotify.com/track/0B48113ZG9UfkWWt7qD9xX
158,2017-08-24,159,Flat,"CAN'T STOP THE FEELING! (Original Song from DreamWorks Animation's ""TROLLS"")",Justin Timberlake,521561,https://i.scdn.co/image/ab67616d00004851ef37416970812293c08e8a78,https://open.spotify.com/track/6JV2JOEocMgcZxYSZelKcc
159,2017-08-24,160,Up,El Farsante,Ozuna,518848,https://i.scdn.co/image/ab67616d000048518ca96a10612c48a877d9a118,https://open.spotify.com/track/2LW4Zu7FcrwjWm3t5Rv3Oq
160,2017-08-24,161,Down,You Don't Know Me - Radio Edit,Jax Jones,507555,https://i.scdn.co/image/ab67616d00004851dd05a1716e2f07a07b8ccfe3,https://open.spotify.com/track/00lNx0OcTJrS3MKHcB80HY
161,2017-08-24,162,Up,"Lose Yourself - From ""8 Mile"" Soundtrack",Eminem,503602,https://i.scdn.co/image/36440dfd440d23086573d62a32def35ecc42f111,https://open.spotify.com/track/5Z01UMMf7V1o0MzF86s6WJ
162,2017-08-24,163,Down,In the Name of Love,Martin Garrix,503285,https://i.scdn.co/image/ab67616d00004851923db3f255cd48a6d5783ebf,https://open.spotify.com/track/04DwTuZ2VBdJCCC5TROn7L
163,2017-08-24,164,Flat,Fake Love,Drake,502188,https://i.scdn.co/image/6dfd956b9331fa9ea1f47ebb95311951ed72b3db,https://open.spotify.com/track/343YBumqHu19cGoGARUTsd
164,2017-08-24,165,Down,In the End,Linkin Park,501675,https://i.scdn.co/image/ab67616d00004851e2f039481babe23658fc719a,https://open.spotify.com/track/60a0Rd6pjrkxjPbaKzXjfq
165,2017-08-24,166,Down,Tuesday,Burak Yeter,501634,https://i.scdn.co/image/069b0b8dc1285ba4d2bd7f2536abfce84598d130,https://open.spotify.com/track/7abpmGpF7PGep2rDU68GBR
166,2017-08-24,167,Up,Mr. Brightside,The Killers,491910,https://i.scdn.co/image/7d778100d0160184d61981dc8aa666ee6fec0151,https://open.spotify.com/track/7oK9VyNzrYvRFo7nQEYkWN
167,2017-08-24,168,Up,Look At Me!,XXXTENTACION,489810,https://i.scdn.co/image/ab67616d0000485125b5901b8bcf902f54d466d9,https://open.spotify.com/track/4ARPvK8DHLwt4oX65ZAFMw
168,2017-08-24,169,Up,Wonderwall - Remastered,Oasis,489158,https://i.scdn.co/image/ab67616d0000485185e5dcc05cc216a10f141480,https://open.spotify.com/track/5qqabIl2vWzo9ApSC317sa
169,2017-08-24,170,Down,Sun Comes Up (feat. James Arthur),Rudimental,487499,https://i.scdn.co/image/ab67616d00004851db779b39b22152a560a22bde,https://open.spotify.com/track/6SUocL0caib4mLHe8ZrZzi
170,2017-08-24,171,Down,No Complaints,Metro Boomin,486801,https://i.scdn.co/image/f8fd3bfa4e9e48ade26b0b788301332e736220a4,https://open.spotify.com/track/6kig1UFggPUyZBCvXD3Wod
171,2017-08-24,172,Down,Cold Water (feat. Justin Bieber & MØ),Major Lazer,486081,https://i.scdn.co/image/ab67616d000048512e8f1cca2bc8c9d55930523b,https://open.spotify.com/track/6DNtNfH8hXkqOX1sjqmI7p
172,2017-08-24,173,New,Pumped Up Kicks,Foster The People,484327,https://i.scdn.co/image/ab67616d00004851c03f8ef4160b2a3b72dd407d,https://open.spotify.com/track/7w87IxuO7BDcJ3YUqCyMTT
173,2017-08-24,174,Down,White Iverson,Post Malone,481494,https://i.scdn.co/image/23bae95100dcb6ac8f88c19fa2a11c50a998a926,https://open.spotify.com/track/6eT7xZZlB2mwyzJ2sUKG6w
174,2017-08-24,175,New,Radioactive,Imagine Dragons,481243,https://i.scdn.co/image/ab67616d00004851dee648abe19dd6e10902c4ae,https://open.spotify.com/track/6Ep6BzIOB9tz3P4sWqiiAB
175,2017-08-24,176,Down,I Took A Pill In Ibiza - Seeb Remix,Mike Posner,480804,https://i.scdn.co/image/ab67616d0000485140512e02a594e3378c0256e6,https://open.spotify.com/track/17Fd6Yb7mSbinKG8LoWfFl
176,2017-08-24,177,Down,Versace on the Floor,Bruno Mars,478877,https://i.scdn.co/image/ab67616d00004851232711f7d66a1e19e89e28c5,https://open.spotify.com/track/0kN8xEmgMW9mh7UmDYHlJP
177,2017-08-24,178,Down,T-Shirt,Migos,477647,https://i.scdn.co/image/ab67616d0000485199a8ab6da9d593939302828a,https://open.spotify.com/track/7KOlJ92bu51cltsD9KU5I7
178,2017-08-24,179,Down,Swang,Rae Sremmurd,474853,https://i.scdn.co/image/16293ab3b4f9301aeb5f41810fd7056d463db55e,https://open.spotify.com/track/6mapJIPnQ23RTAevUoE0DL
179,2017-08-24,180,Up,Se Preparó,Ozuna,474115,https://i.scdn.co/image/ab67616d00004851b27654722f86a61ee41cd5f3,https://open.spotify.com/track/3mxWDt0eKXfl4C1e4oIP0J
180,2017-08-24,181,Flat,Bebe (feat. Anuel AA),Ozuna,471892,https://i.scdn.co/image/ab67616d00004851918760935230018b01f7a3f4,https://open.spotify.com/track/6SIrNxmmdbv1KUbFBu1PaN
181,2017-08-24,182,Down,Mercy,Shawn Mendes,471110,https://i.scdn.co/image/ab67616d00004851188e6332f32088921ab1eaf8,https://open.spotify.com/track/4TZy1wLyHec06pwgFYDh1a
182,2017-08-24,183,Down,Happier,Ed Sheeran,470940,https://i.scdn.co/image/ab67616d00004851ba5db46f4b838ef6027e6f96,https://open.spotify.com/track/2RttW7RAu5nOAfq6YFvApB
183,2017-08-24,184,Down,Go Flex,Post Malone,470300,https://i.scdn.co/image/23bae95100dcb6ac8f88c19fa2a11c50a998a926,https://open.spotify.com/track/5yuShbu70mtHXY0yLzCQLQ
184,2017-08-24,185,Down,do re mi,blackbear,469983,https://i.scdn.co/image/25560e082d8ff78217dd6594d18f827a4049cc63,https://open.spotify.com/track/3Q3myFA7q4Op95DOpHplaY
185,2017-08-24,186,Down,'Till I Collapse,Eminem,469960,https://i.scdn.co/image/ab67616d00004851ccdb1982626f299b3b1d3efd,https://open.spotify.com/track/6yr8GiTHWvFfi4o6Q5ebdT
186,2017-08-24,187,Down,The Scientist,Coldplay,464208,https://i.scdn.co/image/ab67616d00004851ad6f442ecac8735b9285a923,https://open.spotify.com/track/75JFxkI2RXiU7L9VXzMkle
187,2017-08-24,188,Down,Faded,Alan Walker,461208,https://i.scdn.co/image/ab67616d00004851c4d00cac55ae1b4598c9bc90,https://open.spotify.com/track/7gHs73wELdeycvS48JfIos
188,2017-08-24,189,Down,Boys,Charli XCX,460643,https://i.scdn.co/image/ab67616d00004851eb4121feca968298ac9e2720,https://open.spotify.com/track/5o4yGlG0PfeVUa6ClIyOxq
189,2017-08-24,190,Down,Portland,Drake,457465,https://i.scdn.co/image/6dfd956b9331fa9ea1f47ebb95311951ed72b3db,https://open.spotify.com/track/2bjwRfXMk4uRgOD9IBYl9h
190,2017-08-24,191,Down,The Cure,Lady Gaga,454505,https://i.scdn.co/image/ab67616d000048514a9be9e8223db02a37e1e8fe,https://open.spotify.com/track/51PIvodunv6NmX5250zxAh
191,2017-08-24,192,Up,Loca (feat. Cali y El Dandee),Maite Perroni,453065,https://i.scdn.co/image/ab67616d00004851aff6f2b3368a8bf5bb6eb94d,https://open.spotify.com/track/05ZXXyeZFhZtA6DAP3Aw7x
192,2017-08-24,193,Down,Cheap Thrills,Sia,450695,https://i.scdn.co/image/ab67616d0000485149e0134c686547c28b7c999f,https://open.spotify.com/track/27SdWb2rFzO6GWiYDBTD9j
193,2017-08-24,194,Down,The Night We Met,Lord Huron,448936,https://i.scdn.co/image/ab67616d00004851ee6611c95f868e465c98a0b2,https://open.spotify.com/track/6mORGLOz79w6VsCRLWYYuK
194,2017-08-24,195,Down,Ni Tú Ni Yo (feat. Gente de Zona),Jennifer Lopez,445860,https://i.scdn.co/image/ab67616d000048511c96396253c7d52af2b940e5,https://open.spotify.com/track/5xMzazov0IHYllrc8U2K6F
195,2017-08-24,196,Down,Heathens,Twenty One Pilots,443079,https://i.scdn.co/image/ab67616d000048512ca3ba8f334ca5a5f0312efb,https://open.spotify.com/track/6i0V12jOa3mr6uu4WYhUBr
196,2017-08-24,197,Down,No Vacancy,OneRepublic,440989,https://i.scdn.co/image/ab67616d000048518eadf2a91387dd890653afbe,https://open.spotify.com/track/6XOYVSmNDjKUNMXooU4s4z
197,2017-08-24,198,Down,Tunnel Vision,Kodak Black,438413,https://i.scdn.co/image/ab67616d000048511541a676423805fc68ff3e66,https://open.spotify.com/track/4Q3N4Ct4zCuIHuZ65E3BD4
198,2017-08-24,199,Down,Stressed Out,Twenty One Pilots,434970,https://i.scdn.co/image/ab67616d00004851de03bfc2991fd5bcfde65ba3,https://open.spotify.com/track/3CRDbSIZ4r5MsZ0YwxuEkn
199,2017-08-24,200,Flat,Love On The Brain,Rihanna,429201,https://i.scdn.co/image/ddc285ca9817c96c7719b3f2a759e108787db021,https://open.spotify.com/track/2aksifNn5ph8igDOkPBA02
