,Date,Position,Trend,Title,Artist,Streams,Icon_URL,Spotify_URL
0,2017-08-16,1,Flat,Mi Gente,J Balvin,4501762,https://i.scdn.co/image/ab67616d00004851996bd1ea86bd3815eedfeef5,https://open.spotify.com/track/2rb5MvYT7ZIxbKW5hfcHx8
1,2017-08-16,2,Flat,Despacito - Remix,Luis Fonsi,3524568,https://i.scdn.co/image/ab67616d00004851d8559d0280ffe2a2af6dacdf,https://open.spotify.com/track/5CtI0qwDJkDQGwXD1H1cLb
2,2017-08-16,3,Up,Unforgettable,French Montana,3355426,https://i.scdn.co/image/ab67616d000048518a31195a371b2233456f6c07,https://open.spotify.com/track/3B54sVLJ402zGa6Xm4YGNe
3,2017-08-16,4,Down,Wild Thoughts (feat. Rihanna & Bryson Tiller),DJ Khaled,3321994,https://i.scdn.co/image/ab67616d00004851dcb6a73da1e7f293b875f69c,https://open.spotify.com/track/1OAh8uOEOvTDqkKFsKksCi
4,2017-08-16,5,Flat,Feels,Calvin Harris,3176794,https://i.scdn.co/image/ab67616d000048514d3fa5ce7ba599f4fd7803ef,https://open.spotify.com/track/5bcTCxgc7xVfSaMV3RuVke
5,2017-08-16,6,Flat,2U (feat. Justin Bieber),David Guetta,2822792,https://i.scdn.co/image/ab67616d0000485145c5570d4a66346d8f683913,https://open.spotify.com/track/3A7qX2QjDlPnazUsRk5y0M
6,2017-08-16,7,Up,New Rules,Dua Lipa,2799047,https://i.scdn.co/image/ab67616d000048516b915e407b70e121e06fe979,https://open.spotify.com/track/2ekn2ttSfGqwhhate0LSR0
7,2017-08-16,8,Down,Attention,Charlie Puth,2740714,https://i.scdn.co/image/ab67616d00004851db21a273452f0637cdbc35aa,https://open.spotify.com/track/4iLqG9SeJSnt0cSPICSjxv
8,2017-08-16,9,Flat,Shape of You,Ed Sheeran,2673073,https://i.scdn.co/image/ab67616d00004851ba5db46f4b838ef6027e6f96,https://open.spotify.com/track/7qiZfU4dY1lWllzX7mPBI3
9,2017-08-16,10,Flat,"I'm the One (feat. Justin Bieber, Quavo, Chance the Rapper & Lil Wayne)",DJ Khaled,2618312,https://i.scdn.co/image/ab67616d00004851dcb6a73da1e7f293b875f69c,https://open.spotify.com/track/3DXncPQOG4VBw3QHh3S817
10,2017-08-16,11,Flat,Strip That Down,Liam Payne,2577066,https://i.scdn.co/image/ab67616d00004851ec1abb2ba5e210e826161111,https://open.spotify.com/track/6EpRaXYhGOB3fj4V2uDkMJ
11,2017-08-16,12,Flat,Thunder,Imagine Dragons,2467807,https://i.scdn.co/image/ab67616d000048517956bd9a3d7a15e4c2e37cc6,https://open.spotify.com/track/0tKcYR2II1VCQWT79i5NrW
12,2017-08-16,13,Flat,Sorry Not Sorry,Demi Lovato,2437673,https://i.scdn.co/image/ab67616d0000485110e3276edd7706710560bd4c,https://open.spotify.com/track/25C5CowdsfXld2jJanbiex
13,2017-08-16,14,Flat,Mama,Jonas Blue,2390852,https://i.scdn.co/image/14891cf71e2287163c137e90074783ba5cdd4ff4,https://open.spotify.com/track/0NiXXAI876aGImAd6rTj8w
14,2017-08-16,15,Flat,More Than You Know,Axwell /\ Ingrosso,2322585,https://i.scdn.co/image/ab67616d00004851cb442ec337da75fb09cc3981,https://open.spotify.com/track/3PEgB3fkiojxms35ntsTgs
15,2017-08-16,16,Flat,Back to You (feat. Bebe Rexha & Digital Farm Animals),Louis Tomlinson,2261848,https://i.scdn.co/image/ab67616d00004851327d7ffa53a268bf7411c28b,https://open.spotify.com/track/7F9vK8hNFMml4GtHsaXui6
16,2017-08-16,17,Flat,XO TOUR Llif3,Lil Uzi Vert,2142728,https://i.scdn.co/image/ab67616d0000485115531ec8568373f631db9786,https://open.spotify.com/track/2eMwDehkIC1j68U6FA3Eiq
17,2017-08-16,18,Flat,There's Nothing Holdin' Me Back,Shawn Mendes,2086500,https://i.scdn.co/image/ab67616d00004851f9cbd0c07513a7232cd6b9a7,https://open.spotify.com/track/79cuOz3SPQTuFrp8WgftAu
18,2017-08-16,19,Flat,Glorious (feat. Skylar Grey),Macklemore,2063553,https://i.scdn.co/image/ab67616d000048512c19c42e316cd3d949c992b0,https://open.spotify.com/track/3HVr6jTVwBHBa2flM0eURR
19,2017-08-16,20,Up,Without You (feat. Sandro Cavazza),Avicii,1897916,https://i.scdn.co/image/ab67616d0000485130800bfbfff51ddb031d9bd7,https://open.spotify.com/track/6WbADFqMvR8N5u0BvtsWQE
20,2017-08-16,21,Down,HUMBLE.,Kendrick Lamar,1850117,https://i.scdn.co/image/ae1f239b41e9604a66eb900834c6887cd2f62ff1,https://open.spotify.com/track/7KXjTSCq5nL1LoYtL7XAwS
21,2017-08-16,22,Down,Me Rehúso,Danny Ocean,1849656,https://i.scdn.co/image/ab67616d00004851a75bd33684083600569dd3bf,https://open.spotify.com/track/6De0lHrwBfPfrhorm9q1Xl
22,2017-08-16,23,Down,Bank Account,21 Savage,1833048,https://i.scdn.co/image/ab67616d0000485163bdcfe76718674e7783df36,https://open.spotify.com/track/5eqK0tbzUPo2SoeZsov04s
23,2017-08-16,24,Up,Fetish (feat. Gucci Mane),Selena Gomez,1791821,https://i.scdn.co/image/ab67616d00004851676b024fbd4c52c3fa382dd4,https://open.spotify.com/track/0XLOf9LhyazPX9Ld8jPiUq
24,2017-08-16,25,Down,There for You,Martin Garrix,1770076,https://i.scdn.co/image/ab67616d0000485172c57da7edfe8e915182cdd4,https://open.spotify.com/track/6jA8HL9i4QGzsj6fjoxp8Y
25,2017-08-16,26,Flat,Felices los 4,Maluma,1735623,https://i.scdn.co/image/ab67616d00004851d9732b592276542ecafa6c6d,https://open.spotify.com/track/0qYTZCo5Bwh1nsUFGZP3zn
26,2017-08-16,27,Up,Swalla (feat. Nicki Minaj & Ty Dolla $ign),Jason Derulo,1719314,https://i.scdn.co/image/ab67616d000048519d6522bee68370fa5592301d,https://open.spotify.com/track/6kex4EBAj0WHXDKZMEJaaF
27,2017-08-16,28,Down,Something Just Like This,The Chainsmokers,1715992,https://i.scdn.co/image/ab67616d000048510c13d3d5a503c84fcc60ae94,https://open.spotify.com/track/6RUKPb4LETWmmr3iAEQktW
28,2017-08-16,29,Flat,Your Song,Rita Ora,1694157,https://i.scdn.co/image/ab67616d00004851528e7f2b6eda1b2a20ccfb1f,https://open.spotify.com/track/4c2W3VKsOFoIg2SFaO6DY5
29,2017-08-16,30,Flat,I Like Me Better,Lauv,1649939,https://i.scdn.co/image/ab67616d00004851fab48816b625e2a77a732400,https://open.spotify.com/track/1wjzFQodRWrPcQ0AnYnvQ9
30,2017-08-16,31,Flat,Congratulations,Post Malone,1614374,https://i.scdn.co/image/23bae95100dcb6ac8f88c19fa2a11c50a998a926,https://open.spotify.com/track/3a1lNhkSLSkpJE4MSHpDu9
31,2017-08-16,32,Flat,Slow Hands,Niall Horan,1569887,https://i.scdn.co/image/ab67616d00004851805efe949d48d6f50e604919,https://open.spotify.com/track/167NczpNbRF7oWakJaY3Hh
32,2017-08-16,33,Flat,Believer,Imagine Dragons,1559599,https://i.scdn.co/image/ab67616d000048517956bd9a3d7a15e4c2e37cc6,https://open.spotify.com/track/0CcQNd8CINkwQfe1RDtGV6
33,2017-08-16,34,Flat,Despacito (Featuring Daddy Yankee),Luis Fonsi,1538000,https://i.scdn.co/image/ab67616d00004851a5971936e3b8d91f8b616b17,https://open.spotify.com/track/4aWmUDTfIPGksMNLV2rQP2
34,2017-08-16,35,Flat,"Know No Better (feat. Travis Scott, Camila Cabello & Quavo)",Major Lazer,1477748,https://i.scdn.co/image/ab67616d00004851de1e9558f85913eb0b47f623,https://open.spotify.com/track/3Ytr1SUCUi6J3L9dRFx5iH
35,2017-08-16,36,Flat,Pretty Girl - Cheat Codes X CADE Remix,Maggie Lindemann,1458432,https://i.scdn.co/image/ab67616d000048517c7436e1b6273be0e7bc1a84,https://open.spotify.com/track/1NDxZ7cFAo481dtYWdrUnR
36,2017-08-16,37,Flat,Praying,Kesha,1437104,https://i.scdn.co/image/ab67616d0000485155de63b8aaf464fe8146b4f1,https://open.spotify.com/track/0jdny0dhgjUwoIp5GkqEaA
37,2017-08-16,38,Up,Silence,Marshmello,1427384,https://i.scdn.co/image/ab67616d00004851f33ba583059dc2f7d08bf2b8,https://open.spotify.com/track/7vGuf3Y35N4wmASOKLUVVU
38,2017-08-16,39,Up,Lonely Together (feat. Rita Ora),Avicii,1415599,https://i.scdn.co/image/241ee98f30f1a0066a26890586952e393a473b0d,https://open.spotify.com/track/2OALaHcDdKkjYEpAr0Qzab
39,2017-08-16,40,Down,That's What I Like,Bruno Mars,1380260,https://i.scdn.co/image/ab67616d00004851232711f7d66a1e19e89e28c5,https://open.spotify.com/track/0KKkJNfGyhkQ5aFogxQAPU
40,2017-08-16,41,Down,Una Lady Como Tú,Manuel Turizo,1372828,https://i.scdn.co/image/ab67616d00004851f9dc35bc367fcf98e763d27e,https://open.spotify.com/track/7MHN1aCFtLXjownGhvEQlF
41,2017-08-16,42,Down,Symphony (feat. Zara Larsson),Clean Bandit,1367667,https://i.scdn.co/image/ab67616d000048515b1130d050c4cd2295999d85,https://open.spotify.com/track/1x5sYLZiu9r5E43kMlt9f8
42,2017-08-16,43,Down,Escápate Conmigo,Wisin,1354110,https://i.scdn.co/image/ab67616d000048512b02904e5404ad6069c16a4f,https://open.spotify.com/track/2cnKEkpVUSV4wnjQiTWfH6
43,2017-08-16,44,Down,Location,Khalid,1348535,https://i.scdn.co/image/ab67616d00004851988ede5e1276e758b5f9e577,https://open.spotify.com/track/152lZdxL1OR0ZMW6KquMif
44,2017-08-16,45,Down,Redbone,Childish Gambino,1335382,https://i.scdn.co/image/ab67616d000048510b97e56ffad7c6211aa848f8,https://open.spotify.com/track/3kxfsdsCpFgN412fpnW85Y
45,2017-08-16,46,Flat,No Promises (feat. Demi Lovato),Cheat Codes,1332782,https://i.scdn.co/image/ab67616d00004851e74ecdb2f1316c8f026970a8,https://open.spotify.com/track/1louJpMmzEicAn7lzDalPW
46,2017-08-16,47,Down,Bonita,J Balvin,1325080,https://i.scdn.co/image/ab67616d0000485148f3fc1d4f0fed414418e041,https://open.spotify.com/track/693iqPOQvhI7PobtR8CC8v
47,2017-08-16,48,Flat,Young Dumb & Broke,Khalid,1308859,https://i.scdn.co/image/ab67616d00004851988ede5e1276e758b5f9e577,https://open.spotify.com/track/5Z3GHaZ6ec9bsiI5BenrbY
48,2017-08-16,49,Down,BUTTERFLY EFFECT,Travis Scott,1303217,https://i.scdn.co/image/ab67616d00004851b5e9358d0d07114609d9afab,https://open.spotify.com/track/1yxgsra98r3qAtxqiGZPiX
49,2017-08-16,50,Up,Havana,Camila Cabello,1275064,https://i.scdn.co/image/ab67616d00004851d93cf4d07ba50d7b32ca7c44,https://open.spotify.com/track/0ofbQMrRDsUaVKq2mGLEAb
50,2017-08-16,51,Down,Stay (with Alessia Cara),Zedd,1273313,https://i.scdn.co/image/ab67616d0000485191a70f95efc3400f696e89cc,https://open.spotify.com/track/0dA2Mk56wEzDgegdC6R17g
51,2017-08-16,52,Down,Slide,Calvin Harris,1172491,https://i.scdn.co/image/ab67616d000048514d3fa5ce7ba599f4fd7803ef,https://open.spotify.com/track/7tr2za8SQg2CI8EDgrdtNl
52,2017-08-16,53,Flat,Rich Love (with Seeb),OneRepublic,1159925,https://i.scdn.co/image/ab67616d000048516f2fa4c6cd6653d8d770a415,https://open.spotify.com/track/7aF09WaavZAmAWuUeYxlYD
53,2017-08-16,54,Up,Feel It Still,Portugal. The Man,1082774,https://i.scdn.co/image/ab67616d00004851af52c228c9619ff6298b08cd,https://open.spotify.com/track/6QgjcU0zLnzq5OrUoSZ3OK
54,2017-08-16,55,Flat,Signs,Drake,1074654,https://i.scdn.co/image/ab67616d000048514d37373eef5fcb26802d8c18,https://open.spotify.com/track/5EnYT6F7wEcdege6mDHEfO
55,2017-08-16,56,Flat,Ahora Dice,Chris Jeday,1063473,https://i.scdn.co/image/ab67616d000048513a142c7e7fc7863dc1a256ed,https://open.spotify.com/track/22eADXu8DfOAUEDw4vU8qy
56,2017-08-16,57,Down,Crying in the Club,Camila Cabello,1061298,https://i.scdn.co/image/ab67616d00004851cec62b81146fe4d116fbb2fa,https://open.spotify.com/track/1SJtlNRJDeYHioymcvsqev
57,2017-08-16,58,Flat,Mask Off,Future,1058066,https://i.scdn.co/image/ab67616d00004851356884f85665ebdd79223fdf,https://open.spotify.com/track/3rOSwuTsUlJp0Pu0MkN8r8
58,2017-08-16,59,Up,What About Us,P!nk,1053473,https://i.scdn.co/image/ab67616d000048511d75bb4aadfc620497c5db0f,https://open.spotify.com/track/31MkGwj0SWgZaTvEt5Hgxv
59,2017-08-16,60,Up,Bodak Yellow,Cardi B,1053284,https://i.scdn.co/image/ab67616d0000485162a2dedc55a38a0fca0a17b0,https://open.spotify.com/track/2771LMNxwf62FTAdpJMQfM
60,2017-08-16,61,Down,It Ain't Me (with Selena Gomez),Kygo,1035074,https://i.scdn.co/image/ab67616d0000485141f289940f2e6a0d51988d77,https://open.spotify.com/track/3eR23VReFzcdmS7TYCrhCe
61,2017-08-16,62,Up,Most Girls,Hailee Steinfeld,1006121,https://i.scdn.co/image/ab67616d000048519e1b81dc79bd5055417b1e5a,https://open.spotify.com/track/2mfUa8bLs2s5N4VaqJZ4lZ
62,2017-08-16,63,Up,Would You Ever,Skrillex,998916,https://i.scdn.co/image/ab67616d00004851c2896a061e50f35f97337512,https://open.spotify.com/track/57p8CBvPOxrvyCbn6ttl5r
63,2017-08-16,64,Down,Bad Liar,Selena Gomez,996194,https://i.scdn.co/image/ab67616d00004851f40c5ecb3d327a55e8aa6714,https://open.spotify.com/track/1sCxVKWImDZSZKvG0U9B23
64,2017-08-16,65,Down,SUBEME LA RADIO,Enrique Iglesias,993813,https://i.scdn.co/image/ab67616d000048515366ff028970205a29d558ed,https://open.spotify.com/track/7nKBxz47S9SD79N086fuhn
65,2017-08-16,66,Down,Galway Girl,Ed Sheeran,992230,https://i.scdn.co/image/ab67616d00004851ba5db46f4b838ef6027e6f96,https://open.spotify.com/track/0afhq8XCExXpqazXczTSve
66,2017-08-16,67,Flat,OK - Spotify Version,Robin Schulz,942778,https://i.scdn.co/image/ab67616d000048517fd57367322c558ca19c9ed8,https://open.spotify.com/track/3bWAqKDWg6u1davspr5IkS
67,2017-08-16,68,Up,Get Low (with Liam Payne),Zedd,934103,https://i.scdn.co/image/ab67616d00004851a558887a8b28dcd38ad6e3ef,https://open.spotify.com/track/1CKd1PnqfYx0H12V9MSaIY
68,2017-08-16,69,Up,1-800-273-8255,Logic,933900,https://i.scdn.co/image/08f9ccb7875a87c07c79c1ccd5319263786c55ea,https://open.spotify.com/track/5tz69p7tJuGPeMGwNTxYuV
69,2017-08-16,70,Down,Hey DJ,CNCO,928557,https://i.scdn.co/image/ab67616d000048514358c8856d3acc00ca6c3578,https://open.spotify.com/track/209gZgcfLq2aUuu51vOWBl
70,2017-08-16,71,Down,DNA.,Kendrick Lamar,923249,https://i.scdn.co/image/ae1f239b41e9604a66eb900834c6887cd2f62ff1,https://open.spotify.com/track/6HZILIRieu8S0iqY8kIKhj
71,2017-08-16,72,Down,goosebumps,Travis Scott,917987,https://i.scdn.co/image/ab67616d00004851f54b99bf27cda88f4a7403ce,https://open.spotify.com/track/6gBFPUFcJLzWGx4lenP6h2
72,2017-08-16,73,Down,Say You Won't Let Go,James Arthur,900951,https://i.scdn.co/image/ab67616d0000485120beb61f61fcbeb33b10a9ab,https://open.spotify.com/track/5uCax9HTNlzGybIStD3vDh
73,2017-08-16,74,Up,Love Galore (feat. Travis Scott),SZA,875788,https://i.scdn.co/image/ab67616d000048514c79d5ec52a6d0302f3add25,https://open.spotify.com/track/0q75NwOoFiARAVp4EXU4Bs
74,2017-08-16,75,Down,Tu Foto,Ozuna,856101,https://i.scdn.co/image/ab67616d000048515a0467b3a49a461da243c362,https://open.spotify.com/track/0Szp49tpFasIjX04Mcsydp
75,2017-08-16,76,Flat,Magnolia,Playboi Carti,852356,https://i.scdn.co/image/cbfa858a49a59efbca64c6f7078068cf07731bd0,https://open.spotify.com/track/1e1JKLEDKP7hEQzJfNAgPl
76,2017-08-16,77,Up,Mayores,Becky G,847287,https://i.scdn.co/image/ab67616d00004851b5983d639fd953deb3c99848,https://open.spotify.com/track/7JNh1cfm0eXjqFVOzKLyau
77,2017-08-16,78,Down,Closer,The Chainsmokers,838585,https://i.scdn.co/image/ab67616d00004851495ce6da9aeb159e94eaa453,https://open.spotify.com/track/7BKLCZ1jbUBVqRi2FVlTVw
78,2017-08-16,79,Down,Slippery (feat. Gucci Mane),Migos,836570,https://i.scdn.co/image/ab67616d0000485199a8ab6da9d593939302828a,https://open.spotify.com/track/6p8NuHm8uCGnn2Dtbtf7zE
79,2017-08-16,80,Down,Malibu,Miley Cyrus,833122,https://i.scdn.co/image/ab67616d000048512fe7eac044c3912f06432f22,https://open.spotify.com/track/2habSXqcJGExM6JJyskY7O
80,2017-08-16,81,Down,Passionfruit,Drake,817954,https://i.scdn.co/image/ab67616d000048515ea859dc94365abd9fd84fd6,https://open.spotify.com/track/7hDc8b7IXETo14hHIHdnhd
81,2017-08-16,82,Flat,LOYALTY. FEAT. RIHANNA.,Kendrick Lamar,817937,https://i.scdn.co/image/ae1f239b41e9604a66eb900834c6887cd2f62ff1,https://open.spotify.com/track/6SwRhMLwNqEi6alNPVG00n
82,2017-08-16,83,Flat,Issues,Julia Michaels,815533,https://i.scdn.co/image/bed97a5c36c8dda6724f89ecfd8c23497cc897f4,https://open.spotify.com/track/0xG0SHshCStMEyNbNC5d4k
83,2017-08-16,84,Up,Robarte un Beso,Carlos Vives,791338,https://i.scdn.co/image/ab67616d0000485126f611d8f55ec6cecb29192e,https://open.spotify.com/track/4z3GJkrtH97Bj6fRta983T
84,2017-08-16,85,Flat,La Rompe Corazones,Daddy Yankee,783166,https://i.scdn.co/image/ab67616d00004851b84a36483e43bfbcb931fcde,https://open.spotify.com/track/4okba5wu9mMLXx79DXLKi3
85,2017-08-16,86,Flat,First Time,Kygo,775208,https://i.scdn.co/image/ab67616d00004851b6d86ca196b697ee0f640118,https://open.spotify.com/track/2Gl0FzuLxflY6nPifJp5Dr
86,2017-08-16,87,Down,Down,Fifth Harmony,771048,https://i.scdn.co/image/ab67616d00004851aa8f5611964dc75eebbecbba,https://open.spotify.com/track/7LEydI5NfjY6mZfKwYIptZ
87,2017-08-16,88,Flat,Me Enamoré,Shakira,762927,https://i.scdn.co/image/ab67616d00004851d05d3aad30c5fb7614893cf5,https://open.spotify.com/track/4qknM1pQz53QOyfDVTjcM9
88,2017-08-16,89,Down,Body Like A Back Road,Sam Hunt,758695,https://i.scdn.co/image/ab67616d000048519eccbdab1110afc4d5a186a8,https://open.spotify.com/track/7mldq42yDuxiUNn08nvzHO
89,2017-08-16,90,Up,Krippy Kush,Farruko,739224,https://i.scdn.co/image/ab67616d00004851e2d873eb680063460c94914c,https://open.spotify.com/track/3rgjBiAMVGnxmsTDmUy8vb
90,2017-08-16,91,Down,Came Here for Love,Sigala,737421,https://i.scdn.co/image/ab67616d000048513769e2973131468513fc59cd,https://open.spotify.com/track/3kGfazcbVvVkuZunzlLgTD
91,2017-08-16,92,Up,"I Don’t Wanna Live Forever (Fifty Shades Darker) - From ""Fifty Shades Darker (Original Motion Picture Soundtrack)""",ZAYN,735200,https://i.scdn.co/image/ab67616d000048512ae921f082ae5db4d3da818f,https://open.spotify.com/track/3NdDpSvN911VPGivFlV5d0
92,2017-08-16,93,Down,OMG,Camila Cabello,734422,https://i.scdn.co/image/ab67616d00004851147a905ba006c3ed794f17fd,https://open.spotify.com/track/4xBjsLUSjcx2h7PcRikpQp
93,2017-08-16,94,Down,Perfect,Ed Sheeran,727816,https://i.scdn.co/image/ab67616d00004851ba5db46f4b838ef6027e6f96,https://open.spotify.com/track/0tgVpDi06FyKpA1z0VMD4v
94,2017-08-16,95,Down,Now Or Never,Halsey,724162,https://i.scdn.co/image/d5bb421dbecbba7c6904eb67672f3cd25cf54c23,https://open.spotify.com/track/7i2DJ88J7jQ8K7zqFX2fW8
95,2017-08-16,96,Up,Rockabye (feat. Sean Paul & Anne-Marie),Clean Bandit,724140,https://i.scdn.co/image/ab67616d000048511431c3bdf16aa99f71799d95,https://open.spotify.com/track/5knuzwU65gJK7IF5yJsuaW
96,2017-08-16,97,Down,Starboy,The Weeknd,723980,https://i.scdn.co/image/ab67616d000048510c8599cbde51245c128bcea9,https://open.spotify.com/track/5aAx2yezTd8zXrkmtKl66Z
97,2017-08-16,98,Down,Summer Air,ItaloBrothers,708414,https://i.scdn.co/image/ab67616d000048516cc9441f366f82803e48ae5c,https://open.spotify.com/track/3GPI7hYiqD6enLRobhkBm8
98,2017-08-16,99,Down,El Amante,Nicky Jam,708226,https://i.scdn.co/image/ab67616d00004851d77dbcd4dbd37cdfa61771fa,https://open.spotify.com/track/3umS4y3uQDkqekNjVpiRUs
99,2017-08-16,100,Up,I Feel It Coming,The Weeknd,694295,https://i.scdn.co/image/b3683184efeb899b2d1a02f4957d0c630dc10b0b,https://open.spotify.com/track/5GXAXm5YOmYT0kL5jHvYBt
100,2017-08-16,101,Up,One Dance,Drake,693788,https://i.scdn.co/image/ab67616d00004851726abca207567d5e41cb9667,https://open.spotify.com/track/1xznGGDReH1oQq0xzbwXa3
101,2017-08-16,102,Down,Solo Dance,Martin Jensen,686875,https://i.scdn.co/image/ab67616d00004851950d67dbe3f31f1d9a5d06a2,https://open.spotify.com/track/6HUnnBwYZqcED1eQztxMBN
102,2017-08-16,103,Flat,Scared to Be Lonely,Martin Garrix,685880,https://i.scdn.co/image/ab67616d0000485164f8a309aa3c0a66a31fc374,https://open.spotify.com/track/3ebXMykcMXOcLeJ9xZ17XH
103,2017-08-16,104,Down,Perplexing Pegasus,Rae Sremmurd,683072,https://i.scdn.co/image/ab67616d000048510c4887060da7f88128376220,https://open.spotify.com/track/2nYwV62UABTH0NanrwVIdQ
104,2017-08-16,105,Up,Sigo Extrañándote,J Balvin,682407,https://i.scdn.co/image/ab67616d00004851338ffc4c72a192f06070546b,https://open.spotify.com/track/6qDF4wWL49CAVbgT7yuHl8
105,2017-08-16,106,Flat,Sign of the Times,Harry Styles,681849,https://i.scdn.co/image/ab67616d000048516c619c39c853f8b1d67b7859,https://open.spotify.com/track/5Ohxk2dO5COHF1krpoPigN
106,2017-08-16,107,Up,LOVE. FEAT. ZACARI.,Kendrick Lamar,676139,https://i.scdn.co/image/ae1f239b41e9604a66eb900834c6887cd2f62ff1,https://open.spotify.com/track/6PGoSes0D9eUDeeAafB2As
107,2017-08-16,108,Up,Castle on the Hill,Ed Sheeran,675974,https://i.scdn.co/image/ab67616d00004851ba5db46f4b838ef6027e6f96,https://open.spotify.com/track/6PCUP3dWmTjcTtXY02oFdT
108,2017-08-16,109,Up,It's A Vibe,2 Chainz,675912,https://i.scdn.co/image/179288654e273e14d827a4aa76cf37115e139ca0,https://open.spotify.com/track/6H0AwSQ20mo62jGlPGB8S6
109,2017-08-16,110,Down,Photograph,Ed Sheeran,673256,https://i.scdn.co/image/ab67616d00004851d08209944468440145f01524,https://open.spotify.com/track/6fxVffaTuwjgEk5h9QyRjy
110,2017-08-16,111,Up,Sua cara (feat. Anitta & Pabllo Vittar),Major Lazer,651343,https://i.scdn.co/image/ab67616d00004851d75f1f9e874ff1362df4a961,https://open.spotify.com/track/3ibRxEv4KkcU9e259eyNJA
111,2017-08-16,112,Up,Otra vez (feat. J Balvin),Zion & Lennox,650691,https://i.scdn.co/image/ab67616d0000485182eabf564ddc57325a84dd50,https://open.spotify.com/track/3QwBODjSEzelZyVjxPOHdq
112,2017-08-16,113,Down,Marmalade (feat. Lil Yachty),Macklemore,646069,https://i.scdn.co/image/ab67616d00004851680f96eb3f25997ee13ab941,https://open.spotify.com/track/0RYXEibxMami3QuT8kn4Iz
113,2017-08-16,114,Down,All My Love (feat. Conor Maynard),Cash Cash,641686,https://i.scdn.co/image/ab67616d0000485119412f5b0f76d10d241f2981,https://open.spotify.com/track/1839RWzPRZCVgvamu4sHSN
114,2017-08-16,115,Flat,"Sola (Remix) [feat. Daddy Yankee, Wisin, Farruko, Zion & Lennox]",Anuel AA,641422,https://i.scdn.co/image/ab67616d00004851a66def7d649149464edc8f1e,https://open.spotify.com/track/5q2JbCNi4FcnglgPfxcV65
115,2017-08-16,116,Up,Bella y Sensual,Romeo Santos,637592,https://i.scdn.co/image/ab67616d00004851827d0777f8cccdf5b7481442,https://open.spotify.com/track/0ERbK7qVqveCaBWIiYCrl3
116,2017-08-16,117,Up,Instruction (feat. Demi Lovato & Stefflon Don),Jax Jones,627196,https://i.scdn.co/image/ab67616d00004851785528fd13fc6d63e29542f4,https://open.spotify.com/track/0XfOi87h82i09rQjWYG0Bm
117,2017-08-16,118,Flat,Hey Ma (with Pitbull & J Balvin feat. Camila Cabello) - Spanish Version,Pitbull,624356,https://i.scdn.co/image/ab67616d000048513e40b472d708ea3c6bd86670,https://open.spotify.com/track/2Vdub5mY4lad7w64bFPUez
118,2017-08-16,119,Flat,Chantaje (feat. Maluma),Shakira,619812,https://i.scdn.co/image/ab67616d00004851d05d3aad30c5fb7614893cf5,https://open.spotify.com/track/6mICuAdrwEjh6Y6lroV2Kg
119,2017-08-16,120,Up,Báilame,Nacho,614048,https://i.scdn.co/image/ab67616d000048514b2089fbced0d870deb3e9f2,https://open.spotify.com/track/7lRsNbdOGykkMAgsqs4R1C
120,2017-08-16,121,Down,iSpy (feat. Lil Yachty),KYLE,613393,https://i.scdn.co/image/ab67616d0000485132e373f2988bc6596a542d1c,https://open.spotify.com/track/2EEeOnHehOozLq4aS0n6SL
121,2017-08-16,122,Down,Rollin,Calvin Harris,608847,https://i.scdn.co/image/ab67616d000048514d3fa5ce7ba599f4fd7803ef,https://open.spotify.com/track/0lMbuWUpfTWhEmOKxppEau
122,2017-08-16,123,Up,Paris,The Chainsmokers,606589,https://i.scdn.co/image/ab67616d000048510c13d3d5a503c84fcc60ae94,https://open.spotify.com/track/72jbDTw1piOOj770jWNeaG
123,2017-08-16,124,Up,Si Tú La Ves (feat. Wisin),Nicky Jam,603770,https://i.scdn.co/image/ab67616d00004851d77dbcd4dbd37cdfa61771fa,https://open.spotify.com/track/4yN6xPLopmTLvc27pO9LIE
124,2017-08-16,125,Up,Rake It Up,Yo Gotti,602178,https://i.scdn.co/image/ab67616d00004851dc371ef9c9ad4c33b3fc130a,https://open.spotify.com/track/6c7D34787LOtPm8tzhsLgH
125,2017-08-16,126,Down,Super Far,LANY,597238,https://i.scdn.co/image/ab67616d000048514bf52f0d4578b67e362f4672,https://open.spotify.com/track/74ODGXs4byLTRdnKGM4s6E
126,2017-08-16,127,Up,We Don't Talk Anymore,Charlie Puth,590999,https://i.scdn.co/image/ab67616d00004851c0e28105f0533c52717c46c2,https://open.spotify.com/track/68EMU2RD1ECNeOeJ5qAXCV
127,2017-08-16,128,Up,Let Me Love You,DJ Snake,590370,https://i.scdn.co/image/ab67616d000048515045de6786e0af096de73ed4,https://open.spotify.com/track/4pdPtRcBmOSQDlJ3Fk945m
128,2017-08-16,129,Up,Drowning (feat. Kodak Black),A Boogie Wit da Hoodie,585874,https://i.scdn.co/image/ab67616d0000485131d8918139b720e4141adeec,https://open.spotify.com/track/6Q2FftbUG530lCtBI74bMH
129,2017-08-16,130,Down,4 AM,2 Chainz,583089,https://i.scdn.co/image/179288654e273e14d827a4aa76cf37115e139ca0,https://open.spotify.com/track/1nX9KhK3Fff27SnrIor2Yb
130,2017-08-16,131,Flat,Don't Let Me Down,The Chainsmokers,580606,https://i.scdn.co/image/ab67616d0000485108d87fb54859bc9038f7e5e0,https://open.spotify.com/track/0QsvXIfqM0zZoerQfsI9lm
131,2017-08-16,132,Down,Complicated (feat. Kiiara),Dimitri Vegas & Like Mike,574364,https://i.scdn.co/image/ab67616d0000485105df880db084244f431803b4,https://open.spotify.com/track/1Sl3njkhhz8nrSPZroDQ82
132,2017-08-16,133,Up,Bad and Boujee (feat. Lil Uzi Vert),Migos,571103,https://i.scdn.co/image/ab67616d0000485199a8ab6da9d593939302828a,https://open.spotify.com/track/4Km5HrUvYTaSUfiSGPJeQR
133,2017-08-16,134,Up,Besándote,Piso 21,570336,https://i.scdn.co/image/ab67616d000048512cd0b690a37d7bb6e2aa5de4,https://open.spotify.com/track/13X0XdLMOdtbXVtAj2ox4h
134,2017-08-16,135,Up,Me Llamas (feat. Maluma) - Remix,Piso 21,565132,https://i.scdn.co/image/ab67616d000048511e1eafb5d2bb1ca39d26f092,https://open.spotify.com/track/5hEM0JchdVzQ5PwvSfITeX
135,2017-08-16,136,Down,Two High,Moon Taxi,565104,https://i.scdn.co/image/ab67616d000048513aba4c031c2a1b7941063ef0,https://open.spotify.com/track/3sJHkcxojoJD2Ytbo1yLLF
136,2017-08-16,137,Flat,Reggaetón Lento (Bailemos),CNCO,563536,https://i.scdn.co/image/ab67616d000048517db0f7ac4c612cce26ccacf9,https://open.spotify.com/track/3AEZUABDXNtecAOSC1qTfo
137,2017-08-16,138,Down,Thinking out Loud,Ed Sheeran,561205,https://i.scdn.co/image/ab67616d00004851d08209944468440145f01524,https://open.spotify.com/track/1Slwb6dOYkBlWal1PGtnNg
138,2017-08-16,139,Down,24K Magic,Bruno Mars,558784,https://i.scdn.co/image/ab67616d00004851232711f7d66a1e19e89e28c5,https://open.spotify.com/track/6b8Be6ljOzmkOmFslEb23P
139,2017-08-16,140,Down,Treat You Better,Shawn Mendes,558621,https://i.scdn.co/image/ab67616d00004851188e6332f32088921ab1eaf8,https://open.spotify.com/track/4Hf7WnR761jpxPr5D46Bcd
140,2017-08-16,141,Up,Starving,Hailee Steinfeld,558250,https://i.scdn.co/image/ab67616d00004851612495ee5769c99125031be2,https://open.spotify.com/track/1qOLh0tI7trd1zdDKxYZTe
141,2017-08-16,142,Up,do re mi (feat. Gucci Mane),blackbear,555232,https://i.scdn.co/image/0204c2af4ad772fd738bbd661b300a4dec113e71,https://open.spotify.com/track/53mrVsi49rLHIaKBiSvElG
142,2017-08-16,143,Up,Call On Me - Ryan Riback Extended Remix,Starley,550712,https://i.scdn.co/image/ab67616d000048519d4079afc73664f86f055400,https://open.spotify.com/track/78rIJddV4X0HkNAInEcYde
143,2017-08-16,144,Flat,Swish Swish,Katy Perry,548556,https://i.scdn.co/image/ab67616d000048511487979a7e0181a5d0406d1a,https://open.spotify.com/track/2kVHAQKVtczchKctctzbtK
144,2017-08-16,145,Down,Why,Sabrina Carpenter,542775,https://i.scdn.co/image/ab67616d00004851eacfb091aa2c9ce49381c96e,https://open.spotify.com/track/2jYmK1cb3Uya6FFsocdpzO
145,2017-08-16,146,Down,In the End,Linkin Park,538178,https://i.scdn.co/image/ab67616d00004851e2f039481babe23658fc719a,https://open.spotify.com/track/60a0Rd6pjrkxjPbaKzXjfq
146,2017-08-16,147,Up,Tuesday,Burak Yeter,525456,https://i.scdn.co/image/069b0b8dc1285ba4d2bd7f2536abfce84598d130,https://open.spotify.com/track/7abpmGpF7PGep2rDU68GBR
147,2017-08-16,148,Up,Side To Side,Ariana Grande,524575,https://i.scdn.co/image/ab67616d000048517227f5854239a059af211d5b,https://open.spotify.com/track/4pLwZjInHj3SimIyN9SnOz
148,2017-08-16,149,Down,"CAN'T STOP THE FEELING! (Original Song from DreamWorks Animation's ""TROLLS"")",Justin Timberlake,520412,https://i.scdn.co/image/ab67616d00004851ef37416970812293c08e8a78,https://open.spotify.com/track/6JV2JOEocMgcZxYSZelKcc
149,2017-08-16,150,Up,You Don't Know Me - Radio Edit,Jax Jones,517160,https://i.scdn.co/image/ab67616d00004851dd05a1716e2f07a07b8ccfe3,https://open.spotify.com/track/00lNx0OcTJrS3MKHcB80HY
150,2017-08-16,151,Up,Loco Enamorado,Abraham Mateo,515582,https://i.scdn.co/image/ab67616d00004851c7c9cff204bc6b4a3e36e42d,https://open.spotify.com/track/4N1c5rmWOzRmB9SMacr5wB
151,2017-08-16,152,Down,Bounce Back,Big Sean,514689,https://i.scdn.co/image/695d0c097d8463ccc2c2b9855fe44e3e9e7bc267,https://open.spotify.com/track/0SGkqnVQo9KPytSri1H6cF
152,2017-08-16,153,Flat,In the Name of Love,Martin Garrix,505026,https://i.scdn.co/image/ab67616d00004851923db3f255cd48a6d5783ebf,https://open.spotify.com/track/04DwTuZ2VBdJCCC5TROn7L
153,2017-08-16,154,Down,No Complaints,Metro Boomin,503850,https://i.scdn.co/image/f8fd3bfa4e9e48ade26b0b788301332e736220a4,https://open.spotify.com/track/6kig1UFggPUyZBCvXD3Wod
154,2017-08-16,155,Flat,Fake Love,Drake,500040,https://i.scdn.co/image/6dfd956b9331fa9ea1f47ebb95311951ed72b3db,https://open.spotify.com/track/343YBumqHu19cGoGARUTsd
155,2017-08-16,156,Flat,Love Yourself,Justin Bieber,490364,https://i.scdn.co/image/ab67616d00004851b6d9a4fbb0bd49f0f034aead,https://open.spotify.com/track/3hB5DgAiMAQ4DzYbsMq1IT
156,2017-08-16,157,Up,Cold Water (feat. Justin Bieber & MØ),Major Lazer,488279,https://i.scdn.co/image/ab67616d000048512e8f1cca2bc8c9d55930523b,https://open.spotify.com/track/6DNtNfH8hXkqOX1sjqmI7p
157,2017-08-16,158,Up,Sun Comes Up (feat. James Arthur),Rudimental,487505,https://i.scdn.co/image/ab67616d00004851db779b39b22152a560a22bde,https://open.spotify.com/track/6SUocL0caib4mLHe8ZrZzi
158,2017-08-16,159,Down,Happier,Ed Sheeran,483326,https://i.scdn.co/image/ab67616d00004851ba5db46f4b838ef6027e6f96,https://open.spotify.com/track/2RttW7RAu5nOAfq6YFvApB
159,2017-08-16,160,Flat,"Lose Yourself - From ""8 Mile"" Soundtrack",Eminem,479814,https://i.scdn.co/image/36440dfd440d23086573d62a32def35ecc42f111,https://open.spotify.com/track/5Z01UMMf7V1o0MzF86s6WJ
160,2017-08-16,161,Down,do re mi,blackbear,479202,https://i.scdn.co/image/25560e082d8ff78217dd6594d18f827a4049cc63,https://open.spotify.com/track/3Q3myFA7q4Op95DOpHplaY
161,2017-08-16,162,Up,I Took A Pill In Ibiza - Seeb Remix,Mike Posner,475483,https://i.scdn.co/image/ab67616d0000485140512e02a594e3378c0256e6,https://open.spotify.com/track/17Fd6Yb7mSbinKG8LoWfFl
162,2017-08-16,163,Down,Swang,Rae Sremmurd,475003,https://i.scdn.co/image/16293ab3b4f9301aeb5f41810fd7056d463db55e,https://open.spotify.com/track/6mapJIPnQ23RTAevUoE0DL
163,2017-08-16,164,Down,The Cure,Lady Gaga,472619,https://i.scdn.co/image/ab67616d000048514a9be9e8223db02a37e1e8fe,https://open.spotify.com/track/51PIvodunv6NmX5250zxAh
164,2017-08-16,165,Up,Mercy,Shawn Mendes,472539,https://i.scdn.co/image/ab67616d00004851188e6332f32088921ab1eaf8,https://open.spotify.com/track/4TZy1wLyHec06pwgFYDh1a
165,2017-08-16,166,Up,Boys,Charli XCX,470287,https://i.scdn.co/image/ab67616d00004851eb4121feca968298ac9e2720,https://open.spotify.com/track/5o4yGlG0PfeVUa6ClIyOxq
166,2017-08-16,167,Up,T-Shirt,Migos,470225,https://i.scdn.co/image/ab67616d0000485199a8ab6da9d593939302828a,https://open.spotify.com/track/7KOlJ92bu51cltsD9KU5I7
167,2017-08-16,168,Up,Ahora Me Llama,KAROL G,469815,https://i.scdn.co/image/ab67616d000048511f8b5b79339712de8c904d63,https://open.spotify.com/track/61HHDBLqF3AmSvLfHKNGd2
168,2017-08-16,169,Down,Versace on the Floor,Bruno Mars,468168,https://i.scdn.co/image/ab67616d00004851232711f7d66a1e19e89e28c5,https://open.spotify.com/track/0kN8xEmgMW9mh7UmDYHlJP
169,2017-08-16,170,Up,Faded,Alan Walker,466975,https://i.scdn.co/image/ab67616d00004851c4d00cac55ae1b4598c9bc90,https://open.spotify.com/track/7gHs73wELdeycvS48JfIos
170,2017-08-16,171,Down,Portland,Drake,466902,https://i.scdn.co/image/6dfd956b9331fa9ea1f47ebb95311951ed72b3db,https://open.spotify.com/track/2bjwRfXMk4uRgOD9IBYl9h
171,2017-08-16,172,Flat,Unforgettable,Thomas Rhett,462234,https://i.scdn.co/image/ab67616d000048512f4c528049bbd6c39fe78c73,https://open.spotify.com/track/0ZiRSqlSsDlY0UyDYU9CTE
172,2017-08-16,173,Down,Look At Me!,XXXTENTACION,461538,https://i.scdn.co/image/ab67616d0000485125b5901b8bcf902f54d466d9,https://open.spotify.com/track/4ARPvK8DHLwt4oX65ZAFMw
173,2017-08-16,174,Down,White Iverson,Post Malone,458744,https://i.scdn.co/image/23bae95100dcb6ac8f88c19fa2a11c50a998a926,https://open.spotify.com/track/6eT7xZZlB2mwyzJ2sUKG6w
174,2017-08-16,175,Down,No Vacancy,OneRepublic,458559,https://i.scdn.co/image/ab67616d000048518eadf2a91387dd890653afbe,https://open.spotify.com/track/6XOYVSmNDjKUNMXooU4s4z
175,2017-08-16,176,Up,Numb,Linkin Park,458196,https://i.scdn.co/image/ab67616d00004851b4ad7ebaf4575f120eb3f193,https://open.spotify.com/track/2nLtzopw4rPReszdYBJU6h
176,2017-08-16,177,Down,Hunter,Galantis,457227,https://i.scdn.co/image/ab67616d00004851c57e7df0eb72981d8aafd57d,https://open.spotify.com/track/3caMfJGFp53NAH2TuigdNj
177,2017-08-16,178,Down,The Night We Met,Lord Huron,457134,https://i.scdn.co/image/ab67616d00004851ee6611c95f868e465c98a0b2,https://open.spotify.com/track/6mORGLOz79w6VsCRLWYYuK
178,2017-08-16,179,Down,Tired,Alan Walker,454602,https://i.scdn.co/image/ab67616d00004851c311619d7b02d5c4a6c167f2,https://open.spotify.com/track/3b5Li4QKDVBx1x7fQuu54a
179,2017-08-16,180,Up,El Farsante,DJ Jonathan,454461,https://i.scdn.co/image/ab67616d00004851c856c1b98c4beac7d0d14379,https://open.spotify.com/track/66gNNRsKkmECPQUrvpMQtS
180,2017-08-16,181,Flat,Cheap Thrills,Sia,453286,https://i.scdn.co/image/ab67616d0000485149e0134c686547c28b7c999f,https://open.spotify.com/track/27SdWb2rFzO6GWiYDBTD9j
181,2017-08-16,182,Up,Ni Tú Ni Yo (feat. Gente de Zona),Jennifer Lopez,452968,https://i.scdn.co/image/ab67616d000048511c96396253c7d52af2b940e5,https://open.spotify.com/track/5xMzazov0IHYllrc8U2K6F
182,2017-08-16,183,Up,Tunnel Vision,Kodak Black,452796,https://i.scdn.co/image/ab67616d000048511541a676423805fc68ff3e66,https://open.spotify.com/track/4Q3N4Ct4zCuIHuZ65E3BD4
183,2017-08-16,184,Down,The Scientist,Coldplay,452688,https://i.scdn.co/image/ab67616d00004851ad6f442ecac8735b9285a923,https://open.spotify.com/track/75JFxkI2RXiU7L9VXzMkle
184,2017-08-16,185,Up,Mr. Brightside,The Killers,450583,https://i.scdn.co/image/7d778100d0160184d61981dc8aa666ee6fec0151,https://open.spotify.com/track/7oK9VyNzrYvRFo7nQEYkWN
185,2017-08-16,186,Down,One Last Time,Ariana Grande,450446,https://i.scdn.co/image/ab67616d000048511254a60895a75d37796045c8,https://open.spotify.com/track/7bJwvubZZaoGE1AGEfu8Fi
186,2017-08-16,187,Down,Heathens,Twenty One Pilots,447898,https://i.scdn.co/image/ab67616d000048512ca3ba8f334ca5a5f0312efb,https://open.spotify.com/track/6i0V12jOa3mr6uu4WYhUBr
187,2017-08-16,188,Flat,'Till I Collapse,Eminem,447335,https://i.scdn.co/image/ab67616d00004851ccdb1982626f299b3b1d3efd,https://open.spotify.com/track/6yr8GiTHWvFfi4o6Q5ebdT
188,2017-08-16,189,Up,Bebe (feat. Anuel AA),Ozuna,446507,https://i.scdn.co/image/ab67616d00004851918760935230018b01f7a3f4,https://open.spotify.com/track/6SIrNxmmdbv1KUbFBu1PaN
189,2017-08-16,190,Down,Go Flex,Post Malone,445894,https://i.scdn.co/image/23bae95100dcb6ac8f88c19fa2a11c50a998a926,https://open.spotify.com/track/5yuShbu70mtHXY0yLzCQLQ
190,2017-08-16,191,Down,Alguien Robo,Sebastian Yatra,441651,https://i.scdn.co/image/ab67616d0000485135e1cf8c70c60dc416956c17,https://open.spotify.com/track/5i50gKdLAjjIr7UxRT5IVy
191,2017-08-16,192,Down,You Be Love (feat. Billy Raffoul),Avicii,440857,https://i.scdn.co/image/241ee98f30f1a0066a26890586952e393a473b0d,https://open.spotify.com/track/12ip0ceCeszDTDFxDY1AXJ
192,2017-08-16,193,Down,Imitadora,Romeo Santos,438267,https://i.scdn.co/image/ab67616d00004851827d0777f8cccdf5b7481442,https://open.spotify.com/track/6r46lnXFbE9fr2d3KNaGbe
193,2017-08-16,194,Up,Cold,Maroon 5,437251,https://i.scdn.co/image/ab67616d000048514727f9e79c338683c5bf8921,https://open.spotify.com/track/5NNlUMcOEOdoOIwwaWXv0k
194,2017-08-16,195,New,Wonderwall - Remastered,Oasis,436035,https://i.scdn.co/image/ab67616d0000485185e5dcc05cc216a10f141480,https://open.spotify.com/track/5qqabIl2vWzo9ApSC317sa
195,2017-08-16,196,Down,Stressed Out,Twenty One Pilots,430843,https://i.scdn.co/image/ab67616d00004851de03bfc2991fd5bcfde65ba3,https://open.spotify.com/track/3CRDbSIZ4r5MsZ0YwxuEkn
196,2017-08-16,197,New,Báilame - Remix,Nacho,429646,https://i.scdn.co/image/ab67616d00004851473f54a79eb118bdfa668aa2,https://open.spotify.com/track/3VClLWqNn80Llv0PJOsKgr
197,2017-08-16,198,New,Loca (feat. Cali y El Dandee),Maite Perroni,428814,https://i.scdn.co/image/ab67616d00004851aff6f2b3368a8bf5bb6eb94d,https://open.spotify.com/track/05ZXXyeZFhZtA6DAP3Aw7x
198,2017-08-16,199,Down,Heavy (feat. Kiiara),Linkin Park,428695,https://i.scdn.co/image/ab67616d00004851145e1cf12538f5666511237d,https://open.spotify.com/track/104buTcnP2AsxqB7U1FIZ4
199,2017-08-16,200,Flat,Love On The Brain,Rihanna,427225,https://i.scdn.co/image/ddc285ca9817c96c7719b3f2a759e108787db021,https://open.spotify.com/track/2aksifNn5ph8igDOkPBA02
