,Date,Position,Trend,Title,Artist,Streams,Icon_URL,Spotify_URL
0,2017-08-04,1,Flat,Mi Gente,J Balvin,4888075,https://i.scdn.co/image/ab67616d00004851996bd1ea86bd3815eedfeef5,https://open.spotify.com/track/2rb5MvYT7ZIxbKW5hfcHx8
1,2017-08-04,2,Flat,Despacito - Remix,Luis Fonsi,4384688,https://i.scdn.co/image/ab67616d00004851d8559d0280ffe2a2af6dacdf,https://open.spotify.com/track/5CtI0qwDJkDQGwXD1H1cLb
2,2017-08-04,3,Flat,Wild Thoughts (feat. Rihanna & Bryson Tiller),DJ Khaled,3902458,https://i.scdn.co/image/ab67616d00004851dcb6a73da1e7f293b875f69c,https://open.spotify.com/track/1OAh8uOEOvTDqkKFsKksCi
3,2017-08-04,4,Flat,Unforgettable,French Montana,3639341,https://i.scdn.co/image/ab67616d000048518a31195a371b2233456f6c07,https://open.spotify.com/track/3B54sVLJ402zGa6Xm4YGNe
4,2017-08-04,5,Flat,Feels,Calvin Harris,3499197,https://i.scdn.co/image/ab67616d000048514d3fa5ce7ba599f4fd7803ef,https://open.spotify.com/track/5bcTCxgc7xVfSaMV3RuVke
5,2017-08-04,6,Flat,2U (feat. Justin Bieber),David Guetta,3302637,https://i.scdn.co/image/ab67616d0000485145c5570d4a66346d8f683913,https://open.spotify.com/track/3A7qX2QjDlPnazUsRk5y0M
6,2017-08-04,7,Flat,"I'm the One (feat. Justin Bieber, Quavo, Chance the Rapper & Lil Wayne)",DJ Khaled,3146102,https://i.scdn.co/image/ab67616d00004851dcb6a73da1e7f293b875f69c,https://open.spotify.com/track/3DXncPQOG4VBw3QHh3S817
7,2017-08-04,8,Up,Shape of You,Ed Sheeran,3006373,https://i.scdn.co/image/ab67616d00004851ba5db46f4b838ef6027e6f96,https://open.spotify.com/track/7qiZfU4dY1lWllzX7mPBI3
8,2017-08-04,9,Down,Attention,Charlie Puth,2995671,https://i.scdn.co/image/ab67616d00004851db21a273452f0637cdbc35aa,https://open.spotify.com/track/4iLqG9SeJSnt0cSPICSjxv
9,2017-08-04,10,Flat,Strip That Down,Liam Payne,2807172,https://i.scdn.co/image/ab67616d00004851ec1abb2ba5e210e826161111,https://open.spotify.com/track/6EpRaXYhGOB3fj4V2uDkMJ
10,2017-08-04,11,Flat,Thunder,Imagine Dragons,2761451,https://i.scdn.co/image/ab67616d000048517956bd9a3d7a15e4c2e37cc6,https://open.spotify.com/track/0tKcYR2II1VCQWT79i5NrW
11,2017-08-04,12,Flat,Mama,Jonas Blue,2650517,https://i.scdn.co/image/14891cf71e2287163c137e90074783ba5cdd4ff4,https://open.spotify.com/track/0NiXXAI876aGImAd6rTj8w
12,2017-08-04,13,Flat,Sorry Not Sorry,Demi Lovato,2483495,https://i.scdn.co/image/ab67616d0000485110e3276edd7706710560bd4c,https://open.spotify.com/track/25C5CowdsfXld2jJanbiex
13,2017-08-04,14,Up,More Than You Know,Axwell /\ Ingrosso,2429273,https://i.scdn.co/image/ab67616d00004851cb442ec337da75fb09cc3981,https://open.spotify.com/track/3PEgB3fkiojxms35ntsTgs
14,2017-08-04,15,Down,There's Nothing Holdin' Me Back,Shawn Mendes,2383850,https://i.scdn.co/image/ab67616d00004851f9cbd0c07513a7232cd6b9a7,https://open.spotify.com/track/79cuOz3SPQTuFrp8WgftAu
15,2017-08-04,16,Down,XO TOUR Llif3,Lil Uzi Vert,2359869,https://i.scdn.co/image/ab67616d0000485115531ec8568373f631db9786,https://open.spotify.com/track/2eMwDehkIC1j68U6FA3Eiq
16,2017-08-04,17,Flat,New Rules,Dua Lipa,2301032,https://i.scdn.co/image/ab67616d000048516b915e407b70e121e06fe979,https://open.spotify.com/track/2ekn2ttSfGqwhhate0LSR0
17,2017-08-04,18,Flat,Fetish (feat. Gucci Mane),Selena Gomez,2122358,https://i.scdn.co/image/ab67616d00004851676b024fbd4c52c3fa382dd4,https://open.spotify.com/track/0XLOf9LhyazPX9Ld8jPiUq
18,2017-08-04,19,Up,Swalla (feat. Nicki Minaj & Ty Dolla $ign),Jason Derulo,2037891,https://i.scdn.co/image/ab67616d000048519d6522bee68370fa5592301d,https://open.spotify.com/track/6kex4EBAj0WHXDKZMEJaaF
19,2017-08-04,20,Down,HUMBLE.,Kendrick Lamar,2035338,https://i.scdn.co/image/ae1f239b41e9604a66eb900834c6887cd2f62ff1,https://open.spotify.com/track/7KXjTSCq5nL1LoYtL7XAwS
20,2017-08-04,21,Up,Felices los 4,Maluma,1997433,https://i.scdn.co/image/ab67616d00004851d9732b592276542ecafa6c6d,https://open.spotify.com/track/0qYTZCo5Bwh1nsUFGZP3zn
21,2017-08-04,22,Up,Me Rehúso,Danny Ocean,1993242,https://i.scdn.co/image/ab67616d00004851a75bd33684083600569dd3bf,https://open.spotify.com/track/6De0lHrwBfPfrhorm9q1Xl
22,2017-08-04,23,Down,There for You,Martin Garrix,1980870,https://i.scdn.co/image/ab67616d0000485172c57da7edfe8e915182cdd4,https://open.spotify.com/track/6jA8HL9i4QGzsj6fjoxp8Y
23,2017-08-04,24,Down,Something Just Like This,The Chainsmokers,1978524,https://i.scdn.co/image/ab67616d000048510c13d3d5a503c84fcc60ae94,https://open.spotify.com/track/6RUKPb4LETWmmr3iAEQktW
24,2017-08-04,25,Down,Back to You (feat. Bebe Rexha & Digital Farm Animals),Louis Tomlinson,1976040,https://i.scdn.co/image/ab67616d00004851327d7ffa53a268bf7411c28b,https://open.spotify.com/track/7F9vK8hNFMml4GtHsaXui6
25,2017-08-04,26,Up,Despacito (Featuring Daddy Yankee),Luis Fonsi,1904484,https://i.scdn.co/image/ab67616d00004851a5971936e3b8d91f8b616b17,https://open.spotify.com/track/4aWmUDTfIPGksMNLV2rQP2
26,2017-08-04,27,Down,Believer,Imagine Dragons,1868511,https://i.scdn.co/image/ab67616d000048517956bd9a3d7a15e4c2e37cc6,https://open.spotify.com/track/0CcQNd8CINkwQfe1RDtGV6
27,2017-08-04,28,Up,"Know No Better (feat. Travis Scott, Camila Cabello & Quavo)",Major Lazer,1824984,https://i.scdn.co/image/ab67616d00004851de1e9558f85913eb0b47f623,https://open.spotify.com/track/3Ytr1SUCUi6J3L9dRFx5iH
28,2017-08-04,29,Flat,Pretty Girl - Cheat Codes X CADE Remix,Maggie Lindemann,1821263,https://i.scdn.co/image/ab67616d000048517c7436e1b6273be0e7bc1a84,https://open.spotify.com/track/1NDxZ7cFAo481dtYWdrUnR
29,2017-08-04,30,Up,Glorious (feat. Skylar Grey),Macklemore,1801197,https://i.scdn.co/image/ab67616d000048512c19c42e316cd3d949c992b0,https://open.spotify.com/track/3HVr6jTVwBHBa2flM0eURR
30,2017-08-04,31,Down,Your Song,Rita Ora,1796828,https://i.scdn.co/image/ab67616d00004851528e7f2b6eda1b2a20ccfb1f,https://open.spotify.com/track/4c2W3VKsOFoIg2SFaO6DY5
31,2017-08-04,32,Down,Congratulations,Post Malone,1786760,https://i.scdn.co/image/23bae95100dcb6ac8f88c19fa2a11c50a998a926,https://open.spotify.com/track/3a1lNhkSLSkpJE4MSHpDu9
32,2017-08-04,33,Up,Bank Account,21 Savage,1783944,https://i.scdn.co/image/ab67616d0000485163bdcfe76718674e7783df36,https://open.spotify.com/track/5eqK0tbzUPo2SoeZsov04s
33,2017-08-04,34,Down,Slow Hands,Niall Horan,1707655,https://i.scdn.co/image/ab67616d00004851805efe949d48d6f50e604919,https://open.spotify.com/track/167NczpNbRF7oWakJaY3Hh
34,2017-08-04,35,Flat,I Like Me Better,Lauv,1666971,https://i.scdn.co/image/ab67616d00004851fab48816b625e2a77a732400,https://open.spotify.com/track/1wjzFQodRWrPcQ0AnYnvQ9
35,2017-08-04,36,Flat,Crying in the Club,Camila Cabello,1629631,https://i.scdn.co/image/ab67616d00004851cec62b81146fe4d116fbb2fa,https://open.spotify.com/track/1SJtlNRJDeYHioymcvsqev
36,2017-08-04,37,Flat,Symphony (feat. Zara Larsson),Clean Bandit,1581715,https://i.scdn.co/image/ab67616d000048515b1130d050c4cd2295999d85,https://open.spotify.com/track/1x5sYLZiu9r5E43kMlt9f8
37,2017-08-04,38,Up,Escápate Conmigo,Wisin,1536022,https://i.scdn.co/image/ab67616d000048512b02904e5404ad6069c16a4f,https://open.spotify.com/track/2cnKEkpVUSV4wnjQiTWfH6
38,2017-08-04,39,Up,That's What I Like,Bruno Mars,1513516,https://i.scdn.co/image/ab67616d00004851232711f7d66a1e19e89e28c5,https://open.spotify.com/track/0KKkJNfGyhkQ5aFogxQAPU
39,2017-08-04,40,Down,Bad Liar,Selena Gomez,1511892,https://i.scdn.co/image/ab67616d00004851f40c5ecb3d327a55e8aa6714,https://open.spotify.com/track/1sCxVKWImDZSZKvG0U9B23
40,2017-08-04,41,Up,BUTTERFLY EFFECT,Travis Scott,1463254,https://i.scdn.co/image/ab67616d00004851b5e9358d0d07114609d9afab,https://open.spotify.com/track/1yxgsra98r3qAtxqiGZPiX
41,2017-08-04,42,Up,Slide,Calvin Harris,1459353,https://i.scdn.co/image/ab67616d000048514d3fa5ce7ba599f4fd7803ef,https://open.spotify.com/track/7tr2za8SQg2CI8EDgrdtNl
42,2017-08-04,43,Up,Una Lady Como Tú,Manuel Turizo,1458541,https://i.scdn.co/image/ab67616d00004851f9dc35bc367fcf98e763d27e,https://open.spotify.com/track/7MHN1aCFtLXjownGhvEQlF
43,2017-08-04,44,Down,Signs,Drake,1446290,https://i.scdn.co/image/ab67616d000048514d37373eef5fcb26802d8c18,https://open.spotify.com/track/5EnYT6F7wEcdege6mDHEfO
44,2017-08-04,45,Down,Stay (with Alessia Cara),Zedd,1434325,https://i.scdn.co/image/ab67616d0000485191a70f95efc3400f696e89cc,https://open.spotify.com/track/0dA2Mk56wEzDgegdC6R17g
45,2017-08-04,46,Down,No Promises (feat. Demi Lovato),Cheat Codes,1414720,https://i.scdn.co/image/ab67616d00004851e74ecdb2f1316c8f026970a8,https://open.spotify.com/track/1louJpMmzEicAn7lzDalPW
46,2017-08-04,47,Flat,Redbone,Childish Gambino,1407140,https://i.scdn.co/image/ab67616d000048510b97e56ffad7c6211aa848f8,https://open.spotify.com/track/3kxfsdsCpFgN412fpnW85Y
47,2017-08-04,48,Flat,Location,Khalid,1372849,https://i.scdn.co/image/ab67616d00004851988ede5e1276e758b5f9e577,https://open.spotify.com/track/152lZdxL1OR0ZMW6KquMif
48,2017-08-04,49,Up,SUBEME LA RADIO,Enrique Iglesias,1349350,https://i.scdn.co/image/ab67616d000048515366ff028970205a29d558ed,https://open.spotify.com/track/7nKBxz47S9SD79N086fuhn
49,2017-08-04,50,Down,Mask Off,Future,1335906,https://i.scdn.co/image/ab67616d00004851356884f85665ebdd79223fdf,https://open.spotify.com/track/3rOSwuTsUlJp0Pu0MkN8r8
50,2017-08-04,51,Flat,Bonita,J Balvin,1288787,https://i.scdn.co/image/ab67616d0000485148f3fc1d4f0fed414418e041,https://open.spotify.com/track/693iqPOQvhI7PobtR8CC8v
51,2017-08-04,52,Up,Ahora Dice,Chris Jeday,1220762,https://i.scdn.co/image/ab67616d000048513a142c7e7fc7863dc1a256ed,https://open.spotify.com/track/22eADXu8DfOAUEDw4vU8qy
52,2017-08-04,53,Down,It Ain't Me (with Selena Gomez),Kygo,1184412,https://i.scdn.co/image/ab67616d0000485141f289940f2e6a0d51988d77,https://open.spotify.com/track/3eR23VReFzcdmS7TYCrhCe
53,2017-08-04,54,Up,Galway Girl,Ed Sheeran,1139372,https://i.scdn.co/image/ab67616d00004851ba5db46f4b838ef6027e6f96,https://open.spotify.com/track/0afhq8XCExXpqazXczTSve
54,2017-08-04,55,Up,Hey DJ,CNCO,1100589,https://i.scdn.co/image/ab67616d000048514358c8856d3acc00ca6c3578,https://open.spotify.com/track/209gZgcfLq2aUuu51vOWBl
55,2017-08-04,56,Down,Most Girls,Hailee Steinfeld,1099617,https://i.scdn.co/image/ab67616d000048519e1b81dc79bd5055417b1e5a,https://open.spotify.com/track/2mfUa8bLs2s5N4VaqJZ4lZ
56,2017-08-04,57,Down,Rich Love (with Seeb),OneRepublic,1075646,https://i.scdn.co/image/ab67616d000048516f2fa4c6cd6653d8d770a415,https://open.spotify.com/track/7aF09WaavZAmAWuUeYxlYD
57,2017-08-04,58,Up,OK - Spotify Version,Robin Schulz,1044181,https://i.scdn.co/image/ab67616d000048517fd57367322c558ca19c9ed8,https://open.spotify.com/track/3bWAqKDWg6u1davspr5IkS
58,2017-08-04,59,Down,Praying,Kesha,1042325,https://i.scdn.co/image/ab67616d000048514313d7405dc66050a41c85ec,https://open.spotify.com/track/79NlESqzFSW0hdBWgls4FX
59,2017-08-04,60,New,OMG,Camila Cabello,1040842,https://i.scdn.co/image/ab67616d00004851147a905ba006c3ed794f17fd,https://open.spotify.com/track/4xBjsLUSjcx2h7PcRikpQp
60,2017-08-04,61,Down,DNA.,Kendrick Lamar,1027614,https://i.scdn.co/image/ae1f239b41e9604a66eb900834c6887cd2f62ff1,https://open.spotify.com/track/6HZILIRieu8S0iqY8kIKhj
61,2017-08-04,62,Down,Feel It Still,Portugal. The Man,996241,https://i.scdn.co/image/ab67616d00004851af52c228c9619ff6298b08cd,https://open.spotify.com/track/6QgjcU0zLnzq5OrUoSZ3OK
62,2017-08-04,63,Up,Young Dumb & Broke,Khalid,993280,https://i.scdn.co/image/ab67616d00004851988ede5e1276e758b5f9e577,https://open.spotify.com/track/5Z3GHaZ6ec9bsiI5BenrbY
63,2017-08-04,64,Down,Malibu,Miley Cyrus,989087,https://i.scdn.co/image/ab67616d000048512fe7eac044c3912f06432f22,https://open.spotify.com/track/2habSXqcJGExM6JJyskY7O
64,2017-08-04,65,Down,Now Or Never,Halsey,980098,https://i.scdn.co/image/d5bb421dbecbba7c6904eb67672f3cd25cf54c23,https://open.spotify.com/track/7i2DJ88J7jQ8K7zqFX2fW8
65,2017-08-04,66,Down,1-800-273-8255,Logic,973127,https://i.scdn.co/image/08f9ccb7875a87c07c79c1ccd5319263786c55ea,https://open.spotify.com/track/5tz69p7tJuGPeMGwNTxYuV
66,2017-08-04,67,Down,goosebumps,Travis Scott,971082,https://i.scdn.co/image/ab67616d00004851f54b99bf27cda88f4a7403ce,https://open.spotify.com/track/6gBFPUFcJLzWGx4lenP6h2
67,2017-08-04,68,Up,Body Like A Back Road,Sam Hunt,955431,https://i.scdn.co/image/ab67616d000048519eccbdab1110afc4d5a186a8,https://open.spotify.com/track/7mldq42yDuxiUNn08nvzHO
68,2017-08-04,69,Flat,Get Low (with Liam Payne),Zedd,936701,https://i.scdn.co/image/ab67616d00004851a558887a8b28dcd38ad6e3ef,https://open.spotify.com/track/1CKd1PnqfYx0H12V9MSaIY
69,2017-08-04,70,Down,First Time,Kygo,936353,https://i.scdn.co/image/ab67616d00004851b6d86ca196b697ee0f640118,https://open.spotify.com/track/2Gl0FzuLxflY6nPifJp5Dr
70,2017-08-04,71,Up,Passionfruit,Drake,928600,https://i.scdn.co/image/ab67616d000048515ea859dc94365abd9fd84fd6,https://open.spotify.com/track/7hDc8b7IXETo14hHIHdnhd
71,2017-08-04,72,Down,Say You Won't Let Go,James Arthur,926569,https://i.scdn.co/image/ab67616d0000485120beb61f61fcbeb33b10a9ab,https://open.spotify.com/track/5uCax9HTNlzGybIStD3vDh
72,2017-08-04,73,Up,Tu Foto,Ozuna,923332,https://i.scdn.co/image/ab67616d000048515a0467b3a49a461da243c362,https://open.spotify.com/track/0Szp49tpFasIjX04Mcsydp
73,2017-08-04,74,Down,Down,Fifth Harmony,921808,https://i.scdn.co/image/ab67616d00004851aa8f5611964dc75eebbecbba,https://open.spotify.com/track/7LEydI5NfjY6mZfKwYIptZ
74,2017-08-04,75,Down,Closer,The Chainsmokers,916308,https://i.scdn.co/image/ab67616d00004851495ce6da9aeb159e94eaa453,https://open.spotify.com/track/7BKLCZ1jbUBVqRi2FVlTVw
75,2017-08-04,76,Down,Rollin,Calvin Harris,913963,https://i.scdn.co/image/ab67616d000048514d3fa5ce7ba599f4fd7803ef,https://open.spotify.com/track/0lMbuWUpfTWhEmOKxppEau
76,2017-08-04,77,Up,Me Enamoré,Shakira,885769,https://i.scdn.co/image/ab67616d00004851d05d3aad30c5fb7614893cf5,https://open.spotify.com/track/4qknM1pQz53QOyfDVTjcM9
77,2017-08-04,78,Up,LOYALTY. FEAT. RIHANNA.,Kendrick Lamar,868041,https://i.scdn.co/image/ae1f239b41e9604a66eb900834c6887cd2f62ff1,https://open.spotify.com/track/6SwRhMLwNqEi6alNPVG00n
78,2017-08-04,79,Up,La Rompe Corazones,Daddy Yankee,865632,https://i.scdn.co/image/ab67616d00004851b84a36483e43bfbcb931fcde,https://open.spotify.com/track/4okba5wu9mMLXx79DXLKi3
79,2017-08-04,80,Flat,Slippery (feat. Gucci Mane),Migos,861324,https://i.scdn.co/image/ab67616d0000485199a8ab6da9d593939302828a,https://open.spotify.com/track/6p8NuHm8uCGnn2Dtbtf7zE
80,2017-08-04,81,New,Issues,Julia Michaels,852076,https://i.scdn.co/image/bed97a5c36c8dda6724f89ecfd8c23497cc897f4,https://open.spotify.com/track/0xG0SHshCStMEyNbNC5d4k
81,2017-08-04,82,Down,Love Galore (feat. Travis Scott),SZA,848437,https://i.scdn.co/image/ab67616d000048514c79d5ec52a6d0302f3add25,https://open.spotify.com/track/0q75NwOoFiARAVp4EXU4Bs
82,2017-08-04,83,Flat,Came Here for Love,Sigala,830407,https://i.scdn.co/image/ab67616d000048513769e2973131468513fc59cd,https://open.spotify.com/track/3kGfazcbVvVkuZunzlLgTD
83,2017-08-04,84,Flat,Magnolia,Playboi Carti,822599,https://i.scdn.co/image/cbfa858a49a59efbca64c6f7078068cf07731bd0,https://open.spotify.com/track/1e1JKLEDKP7hEQzJfNAgPl
84,2017-08-04,85,Down,Rockabye (feat. Sean Paul & Anne-Marie),Clean Bandit,816611,https://i.scdn.co/image/ab67616d000048511431c3bdf16aa99f71799d95,https://open.spotify.com/track/5knuzwU65gJK7IF5yJsuaW
85,2017-08-04,86,New,Havana,Camila Cabello,810209,https://i.scdn.co/image/ab67616d00004851d93cf4d07ba50d7b32ca7c44,https://open.spotify.com/track/0ofbQMrRDsUaVKq2mGLEAb
86,2017-08-04,87,Up,El Amante,Nicky Jam,792983,https://i.scdn.co/image/ab67616d00004851d77dbcd4dbd37cdfa61771fa,https://open.spotify.com/track/3umS4y3uQDkqekNjVpiRUs
87,2017-08-04,88,Up,Starboy,The Weeknd,784259,https://i.scdn.co/image/ab67616d000048510c8599cbde51245c128bcea9,https://open.spotify.com/track/5aAx2yezTd8zXrkmtKl66Z
88,2017-08-04,89,Down,Sign of the Times,Harry Styles,780464,https://i.scdn.co/image/ab67616d000048516c619c39c853f8b1d67b7859,https://open.spotify.com/track/5Ohxk2dO5COHF1krpoPigN
89,2017-08-04,90,Down,"I Don’t Wanna Live Forever (Fifty Shades Darker) - From ""Fifty Shades Darker (Original Motion Picture Soundtrack)""",ZAYN,778957,https://i.scdn.co/image/ab67616d000048512ae921f082ae5db4d3da818f,https://open.spotify.com/track/3NdDpSvN911VPGivFlV5d0
90,2017-08-04,91,Up,Báilame,Nacho,775419,https://i.scdn.co/image/ab67616d000048514b2089fbced0d870deb3e9f2,https://open.spotify.com/track/7lRsNbdOGykkMAgsqs4R1C
91,2017-08-04,92,Up,Solo Dance,Martin Jensen,775238,https://i.scdn.co/image/ab67616d00004851950d67dbe3f31f1d9a5d06a2,https://open.spotify.com/track/6HUnnBwYZqcED1eQztxMBN
92,2017-08-04,93,Up,Sua cara (feat. Anitta & Pabllo Vittar),Major Lazer,775041,https://i.scdn.co/image/ab67616d00004851d75f1f9e874ff1362df4a961,https://open.spotify.com/track/3ibRxEv4KkcU9e259eyNJA
93,2017-08-04,94,Down,I Feel It Coming,The Weeknd,772876,https://i.scdn.co/image/b3683184efeb899b2d1a02f4957d0c630dc10b0b,https://open.spotify.com/track/5GXAXm5YOmYT0kL5jHvYBt
94,2017-08-04,95,Down,In the End,Linkin Park,771080,https://i.scdn.co/image/ab67616d00004851e2f039481babe23658fc719a,https://open.spotify.com/track/60a0Rd6pjrkxjPbaKzXjfq
95,2017-08-04,96,Down,Scared to Be Lonely,Martin Garrix,769168,https://i.scdn.co/image/ab67616d0000485164f8a309aa3c0a66a31fc374,https://open.spotify.com/track/3ebXMykcMXOcLeJ9xZ17XH
96,2017-08-04,97,Down,Hey Ma (with Pitbull & J Balvin feat. Camila Cabello) - Spanish Version,Pitbull,769086,https://i.scdn.co/image/ab67616d000048513e40b472d708ea3c6bd86670,https://open.spotify.com/track/2Vdub5mY4lad7w64bFPUez
97,2017-08-04,98,Down,One Dance,Drake,768953,https://i.scdn.co/image/ab67616d00004851726abca207567d5e41cb9667,https://open.spotify.com/track/1xznGGDReH1oQq0xzbwXa3
98,2017-08-04,99,Down,Sigo Extrañándote,J Balvin,765162,https://i.scdn.co/image/ab67616d00004851338ffc4c72a192f06070546b,https://open.spotify.com/track/6qDF4wWL49CAVbgT7yuHl8
99,2017-08-04,100,Down,Castle on the Hill,Ed Sheeran,732729,https://i.scdn.co/image/ab67616d00004851ba5db46f4b838ef6027e6f96,https://open.spotify.com/track/6PCUP3dWmTjcTtXY02oFdT
100,2017-08-04,101,Up,Otra vez (feat. J Balvin),Zion & Lennox,731342,https://i.scdn.co/image/ab67616d0000485182eabf564ddc57325a84dd50,https://open.spotify.com/track/3QwBODjSEzelZyVjxPOHdq
101,2017-08-04,102,New,Perplexing Pegasus,Rae Sremmurd,726765,https://i.scdn.co/image/ab67616d0000485199010f4d0c87d39f1615a79b,https://open.spotify.com/track/0E8CA9JBoEs3tD0JQJUpQb
102,2017-08-04,103,Down,Chantaje (feat. Maluma),Shakira,726291,https://i.scdn.co/image/ab67616d00004851d05d3aad30c5fb7614893cf5,https://open.spotify.com/track/6mICuAdrwEjh6Y6lroV2Kg
103,2017-08-04,104,Down,Would You Ever,Skrillex,723258,https://i.scdn.co/image/ab67616d00004851c2896a061e50f35f97337512,https://open.spotify.com/track/57p8CBvPOxrvyCbn6ttl5r
104,2017-08-04,105,Down,"Sola (Remix) [feat. Daddy Yankee, Wisin, Farruko, Zion & Lennox]",Anuel AA,722023,https://i.scdn.co/image/ab67616d00004851a66def7d649149464edc8f1e,https://open.spotify.com/track/5q2JbCNi4FcnglgPfxcV65
105,2017-08-04,106,New,Reminder - Remix,The Weeknd,710887,https://i.scdn.co/image/2a37773b7e32e91d092e687caf6dcaf414cabe48,https://open.spotify.com/track/7F1LWA9sIlTorHUo4amGqk
106,2017-08-04,107,Down,Perfect,Ed Sheeran,696199,https://i.scdn.co/image/ab67616d00004851ba5db46f4b838ef6027e6f96,https://open.spotify.com/track/0tgVpDi06FyKpA1z0VMD4v
107,2017-08-04,108,Up,Mayores,Becky G,695079,https://i.scdn.co/image/ab67616d00004851b5983d639fd953deb3c99848,https://open.spotify.com/track/7JNh1cfm0eXjqFVOzKLyau
108,2017-08-04,109,Down,LOVE. FEAT. ZACARI.,Kendrick Lamar,690772,https://i.scdn.co/image/ae1f239b41e9604a66eb900834c6887cd2f62ff1,https://open.spotify.com/track/6PGoSes0D9eUDeeAafB2As
109,2017-08-04,110,Flat,Summer Air,ItaloBrothers,687396,https://i.scdn.co/image/ab67616d000048516cc9441f366f82803e48ae5c,https://open.spotify.com/track/3GPI7hYiqD6enLRobhkBm8
110,2017-08-04,111,Up,Bodak Yellow,Cardi B,685647,https://i.scdn.co/image/ab67616d0000485162a2dedc55a38a0fca0a17b0,https://open.spotify.com/track/2771LMNxwf62FTAdpJMQfM
111,2017-08-04,112,Down,It's A Vibe,2 Chainz,678061,https://i.scdn.co/image/179288654e273e14d827a4aa76cf37115e139ca0,https://open.spotify.com/track/6H0AwSQ20mo62jGlPGB8S6
112,2017-08-04,113,Down,Photograph,Ed Sheeran,676520,https://i.scdn.co/image/ab67616d00004851d08209944468440145f01524,https://open.spotify.com/track/6fxVffaTuwjgEk5h9QyRjy
113,2017-08-04,114,Down,iSpy (feat. Lil Yachty),KYLE,675052,https://i.scdn.co/image/ab67616d0000485132e373f2988bc6596a542d1c,https://open.spotify.com/track/2EEeOnHehOozLq4aS0n6SL
114,2017-08-04,115,Down,Paris,The Chainsmokers,673468,https://i.scdn.co/image/ab67616d000048510c13d3d5a503c84fcc60ae94,https://open.spotify.com/track/72jbDTw1piOOj770jWNeaG
115,2017-08-04,116,Down,Swish Swish,Katy Perry,661667,https://i.scdn.co/image/ab67616d000048511487979a7e0181a5d0406d1a,https://open.spotify.com/track/2kVHAQKVtczchKctctzbtK
116,2017-08-04,117,Down,Numb,Linkin Park,651346,https://i.scdn.co/image/ab67616d00004851b4ad7ebaf4575f120eb3f193,https://open.spotify.com/track/2nLtzopw4rPReszdYBJU6h
117,2017-08-04,118,Up,Si Tú La Ves (feat. Wisin),Nicky Jam,649354,https://i.scdn.co/image/ab67616d00004851d77dbcd4dbd37cdfa61771fa,https://open.spotify.com/track/4yN6xPLopmTLvc27pO9LIE
118,2017-08-04,119,Down,Let Me Love You,DJ Snake,640218,https://i.scdn.co/image/ab67616d000048515045de6786e0af096de73ed4,https://open.spotify.com/track/4pdPtRcBmOSQDlJ3Fk945m
119,2017-08-04,120,Up,Reggaetón Lento (Bailemos),CNCO,636966,https://i.scdn.co/image/ab67616d000048517db0f7ac4c612cce26ccacf9,https://open.spotify.com/track/3AEZUABDXNtecAOSC1qTfo
120,2017-08-04,121,Up,Me Llamas (feat. Maluma) - Remix,Piso 21,636130,https://i.scdn.co/image/ab67616d000048511e1eafb5d2bb1ca39d26f092,https://open.spotify.com/track/5hEM0JchdVzQ5PwvSfITeX
121,2017-08-04,122,Down,Don't Let Me Down,The Chainsmokers,633228,https://i.scdn.co/image/ab67616d0000485108d87fb54859bc9038f7e5e0,https://open.spotify.com/track/0QsvXIfqM0zZoerQfsI9lm
122,2017-08-04,123,Down,Two High,Moon Taxi,622474,https://i.scdn.co/image/ab67616d000048513aba4c031c2a1b7941063ef0,https://open.spotify.com/track/3sJHkcxojoJD2Ytbo1yLLF
123,2017-08-04,124,Up,Tuesday,Burak Yeter,622382,https://i.scdn.co/image/069b0b8dc1285ba4d2bd7f2536abfce84598d130,https://open.spotify.com/track/7abpmGpF7PGep2rDU68GBR
124,2017-08-04,125,Up,Besándote,Piso 21,620505,https://i.scdn.co/image/ab67616d000048512cd0b690a37d7bb6e2aa5de4,https://open.spotify.com/track/13X0XdLMOdtbXVtAj2ox4h
125,2017-08-04,126,Down,We Don't Talk Anymore,Charlie Puth,614798,https://i.scdn.co/image/ab67616d00004851c0e28105f0533c52717c46c2,https://open.spotify.com/track/68EMU2RD1ECNeOeJ5qAXCV
126,2017-08-04,127,Down,Drowning (feat. Kodak Black),A Boogie Wit da Hoodie,612199,https://i.scdn.co/image/ab67616d0000485131d8918139b720e4141adeec,https://open.spotify.com/track/6Q2FftbUG530lCtBI74bMH
127,2017-08-04,128,Up,24K Magic,Bruno Mars,610145,https://i.scdn.co/image/ab67616d00004851232711f7d66a1e19e89e28c5,https://open.spotify.com/track/6b8Be6ljOzmkOmFslEb23P
128,2017-08-04,129,Up,Bella y Sensual,Romeo Santos,608279,https://i.scdn.co/image/ab67616d00004851827d0777f8cccdf5b7481442,https://open.spotify.com/track/0ERbK7qVqveCaBWIiYCrl3
129,2017-08-04,130,Down,All My Love (feat. Conor Maynard),Cash Cash,606121,https://i.scdn.co/image/ab67616d0000485119412f5b0f76d10d241f2981,https://open.spotify.com/track/1839RWzPRZCVgvamu4sHSN
130,2017-08-04,131,New,Hymn,Kesha,603815,https://i.scdn.co/image/ab67616d00004851e4dc927f091d37fe32c86fe1,https://open.spotify.com/track/0wJJhRgdHhT93Z3iWdMB0T
131,2017-08-04,132,Down,Heavy (feat. Kiiara),Linkin Park,602521,https://i.scdn.co/image/ab67616d00004851145e1cf12538f5666511237d,https://open.spotify.com/track/104buTcnP2AsxqB7U1FIZ4
132,2017-08-04,133,Up,Instruction (feat. Demi Lovato & Stefflon Don),Jax Jones,600911,https://i.scdn.co/image/ab67616d00004851785528fd13fc6d63e29542f4,https://open.spotify.com/track/0XfOi87h82i09rQjWYG0Bm
133,2017-08-04,134,Down,Bad and Boujee (feat. Lil Uzi Vert),Migos,599326,https://i.scdn.co/image/ab67616d0000485199a8ab6da9d593939302828a,https://open.spotify.com/track/4Km5HrUvYTaSUfiSGPJeQR
134,2017-08-04,135,Flat,Call On Me - Ryan Riback Extended Remix,Starley,596809,https://i.scdn.co/image/ab67616d000048519d4079afc73664f86f055400,https://open.spotify.com/track/78rIJddV4X0HkNAInEcYde
135,2017-08-04,136,Down,Super Far,LANY,595867,https://i.scdn.co/image/ab67616d000048514bf52f0d4578b67e362f4672,https://open.spotify.com/track/74ODGXs4byLTRdnKGM4s6E
136,2017-08-04,137,Down,Treat You Better,Shawn Mendes,595479,https://i.scdn.co/image/ab67616d00004851188e6332f32088921ab1eaf8,https://open.spotify.com/track/4Hf7WnR761jpxPr5D46Bcd
137,2017-08-04,138,Down,You Don't Know Me - Radio Edit,Jax Jones,590959,https://i.scdn.co/image/ab67616d00004851dd05a1716e2f07a07b8ccfe3,https://open.spotify.com/track/00lNx0OcTJrS3MKHcB80HY
138,2017-08-04,139,Down,"CAN'T STOP THE FEELING! (Original Song from DreamWorks Animation's ""TROLLS"")",Justin Timberlake,585452,https://i.scdn.co/image/ab67616d00004851ef37416970812293c08e8a78,https://open.spotify.com/track/6JV2JOEocMgcZxYSZelKcc
139,2017-08-04,140,Down,Starving,Hailee Steinfeld,581377,https://i.scdn.co/image/ab67616d00004851612495ee5769c99125031be2,https://open.spotify.com/track/1qOLh0tI7trd1zdDKxYZTe
140,2017-08-04,141,Down,Thinking out Loud,Ed Sheeran,576699,https://i.scdn.co/image/ab67616d00004851d08209944468440145f01524,https://open.spotify.com/track/1Slwb6dOYkBlWal1PGtnNg
141,2017-08-04,142,Down,Boys,Charli XCX,565969,https://i.scdn.co/image/ab67616d00004851eb4121feca968298ac9e2720,https://open.spotify.com/track/5o4yGlG0PfeVUa6ClIyOxq
142,2017-08-04,143,Down,4 AM,2 Chainz,554855,https://i.scdn.co/image/179288654e273e14d827a4aa76cf37115e139ca0,https://open.spotify.com/track/1nX9KhK3Fff27SnrIor2Yb
143,2017-08-04,144,Down,Side To Side,Ariana Grande,552684,https://i.scdn.co/image/ab67616d000048517227f5854239a059af211d5b,https://open.spotify.com/track/4pLwZjInHj3SimIyN9SnOz
144,2017-08-04,145,Down,Hunter,Galantis,550050,https://i.scdn.co/image/ab67616d00004851c57e7df0eb72981d8aafd57d,https://open.spotify.com/track/3caMfJGFp53NAH2TuigdNj
145,2017-08-04,146,Down,Complicated (feat. Kiiara),Dimitri Vegas & Like Mike,541526,https://i.scdn.co/image/ab67616d0000485105df880db084244f431803b4,https://open.spotify.com/track/1Sl3njkhhz8nrSPZroDQ82
146,2017-08-04,147,Down,Bounce Back,Big Sean,537606,https://i.scdn.co/image/695d0c097d8463ccc2c2b9855fe44e3e9e7bc267,https://open.spotify.com/track/0SGkqnVQo9KPytSri1H6cF
147,2017-08-04,148,Flat,I Took A Pill In Ibiza - Seeb Remix,Mike Posner,535368,https://i.scdn.co/image/ab67616d0000485140512e02a594e3378c0256e6,https://open.spotify.com/track/17Fd6Yb7mSbinKG8LoWfFl
148,2017-08-04,149,Down,Fake Love,Drake,533828,https://i.scdn.co/image/6dfd956b9331fa9ea1f47ebb95311951ed72b3db,https://open.spotify.com/track/343YBumqHu19cGoGARUTsd
149,2017-08-04,150,Down,In the Name of Love,Martin Garrix,532895,https://i.scdn.co/image/ab67616d00004851923db3f255cd48a6d5783ebf,https://open.spotify.com/track/04DwTuZ2VBdJCCC5TROn7L
150,2017-08-04,151,Down,Cold Water (feat. Justin Bieber & MØ),Major Lazer,532556,https://i.scdn.co/image/ab67616d000048512e8f1cca2bc8c9d55930523b,https://open.spotify.com/track/6DNtNfH8hXkqOX1sjqmI7p
151,2017-08-04,152,Down,Rake It Up,Yo Gotti,532200,https://i.scdn.co/image/ab67616d00004851dc371ef9c9ad4c33b3fc130a,https://open.spotify.com/track/6c7D34787LOtPm8tzhsLgH
152,2017-08-04,153,Up,No Complaints,Metro Boomin,530902,https://i.scdn.co/image/f8fd3bfa4e9e48ade26b0b788301332e736220a4,https://open.spotify.com/track/6kig1UFggPUyZBCvXD3Wod
153,2017-08-04,154,Down,Alguien Robo,Sebastian Yatra,528940,https://i.scdn.co/image/ab67616d0000485135e1cf8c70c60dc416956c17,https://open.spotify.com/track/5i50gKdLAjjIr7UxRT5IVy
154,2017-08-04,155,Up,Hear Me Now,Alok,527087,https://i.scdn.co/image/e308bad29e4cf6dc8aa5cd97449ef71bbb893d40,https://open.spotify.com/track/1a5Yu5L18qNxVhXx38njON
155,2017-08-04,156,Up,Paradinha,Anitta,526667,https://i.scdn.co/image/ab67616d00004851060ef674248ad011af09f6e6,https://open.spotify.com/track/05rJdH2MRLJ3sQoEUO78qs
156,2017-08-04,157,Down,Love Yourself,Justin Bieber,523366,https://i.scdn.co/image/ab67616d00004851b6d9a4fbb0bd49f0f034aead,https://open.spotify.com/track/3hB5DgAiMAQ4DzYbsMq1IT
157,2017-08-04,158,Down,The Cure,Lady Gaga,522976,https://i.scdn.co/image/ab67616d000048514a9be9e8223db02a37e1e8fe,https://open.spotify.com/track/51PIvodunv6NmX5250zxAh
158,2017-08-04,159,Down,Tired,Alan Walker,521667,https://i.scdn.co/image/ab67616d00004851c311619d7b02d5c4a6c167f2,https://open.spotify.com/track/3b5Li4QKDVBx1x7fQuu54a
159,2017-08-04,160,Down,Imitadora,Romeo Santos,510344,https://i.scdn.co/image/ab67616d00004851827d0777f8cccdf5b7481442,https://open.spotify.com/track/6r46lnXFbE9fr2d3KNaGbe
160,2017-08-04,161,Down,Look At Me!,XXXTENTACION,508659,https://i.scdn.co/image/ab67616d0000485125b5901b8bcf902f54d466d9,https://open.spotify.com/track/4ARPvK8DHLwt4oX65ZAFMw
161,2017-08-04,162,Down,Portland,Drake,507528,https://i.scdn.co/image/6dfd956b9331fa9ea1f47ebb95311951ed72b3db,https://open.spotify.com/track/2bjwRfXMk4uRgOD9IBYl9h
162,2017-08-04,163,Down,Swang,Rae Sremmurd,506726,https://i.scdn.co/image/16293ab3b4f9301aeb5f41810fd7056d463db55e,https://open.spotify.com/track/6mapJIPnQ23RTAevUoE0DL
163,2017-08-04,164,Down,No Vacancy,OneRepublic,505641,https://i.scdn.co/image/ab67616d000048518eadf2a91387dd890653afbe,https://open.spotify.com/track/6XOYVSmNDjKUNMXooU4s4z
164,2017-08-04,165,Down,Happier,Ed Sheeran,495097,https://i.scdn.co/image/ab67616d00004851ba5db46f4b838ef6027e6f96,https://open.spotify.com/track/2RttW7RAu5nOAfq6YFvApB
165,2017-08-04,166,Down,Ni Tú Ni Yo (feat. Gente de Zona),Jennifer Lopez,492842,https://i.scdn.co/image/ab67616d000048511c96396253c7d52af2b940e5,https://open.spotify.com/track/5xMzazov0IHYllrc8U2K6F
166,2017-08-04,167,Up,Cheap Thrills,Sia,491336,https://i.scdn.co/image/ab67616d0000485149e0134c686547c28b7c999f,https://open.spotify.com/track/27SdWb2rFzO6GWiYDBTD9j
167,2017-08-04,168,Down,do re mi,blackbear,488891,https://i.scdn.co/image/25560e082d8ff78217dd6594d18f827a4049cc63,https://open.spotify.com/track/3Q3myFA7q4Op95DOpHplaY
168,2017-08-04,169,Down,"Lose Yourself - From ""8 Mile"" Soundtrack",Eminem,487290,https://i.scdn.co/image/36440dfd440d23086573d62a32def35ecc42f111,https://open.spotify.com/track/5Z01UMMf7V1o0MzF86s6WJ
169,2017-08-04,170,Down,Mercy,Shawn Mendes,486444,https://i.scdn.co/image/ab67616d00004851188e6332f32088921ab1eaf8,https://open.spotify.com/track/4TZy1wLyHec06pwgFYDh1a
170,2017-08-04,171,Up,Loca (feat. Cali y El Dandee),Maite Perroni,486326,https://i.scdn.co/image/ab67616d00004851aff6f2b3368a8bf5bb6eb94d,https://open.spotify.com/track/05ZXXyeZFhZtA6DAP3Aw7x
171,2017-08-04,172,Down,White Iverson,Post Malone,482825,https://i.scdn.co/image/23bae95100dcb6ac8f88c19fa2a11c50a998a926,https://open.spotify.com/track/6eT7xZZlB2mwyzJ2sUKG6w
172,2017-08-04,173,Down,Faded,Alan Walker,480743,https://i.scdn.co/image/ab67616d00004851c4d00cac55ae1b4598c9bc90,https://open.spotify.com/track/7gHs73wELdeycvS48JfIos
173,2017-08-04,174,Up,Be Mine,Ofenbach,477550,https://i.scdn.co/image/ab67616d00004851e819b286432a124e510dc87b,https://open.spotify.com/track/2KklXplRtxMsBYo474Es0w
174,2017-08-04,175,Flat,Chained To The Rhythm,Katy Perry,476365,https://i.scdn.co/image/ab67616d000048511487979a7e0181a5d0406d1a,https://open.spotify.com/track/6520aj0B4FSKGVuKNsOCOi
175,2017-08-04,176,Up,Work from Home (feat. Ty Dolla $ign),Fifth Harmony,476179,https://i.scdn.co/image/ab67616d00004851d03fa6f4e758282b7920b5c8,https://open.spotify.com/track/4tCtwWceOPWzenK2HAIJSb
176,2017-08-04,177,New,That's It (feat. Gucci Mane & 2 Chainz),Bebe Rexha,473530,https://i.scdn.co/image/ab67616d00004851a545e4917740e1d5a555dcc3,https://open.spotify.com/track/5smaUuzvwMXtiuBPvzVBLE
177,2017-08-04,178,Down,Cold,Maroon 5,473491,https://i.scdn.co/image/ab67616d000048514727f9e79c338683c5bf8921,https://open.spotify.com/track/5NNlUMcOEOdoOIwwaWXv0k
178,2017-08-04,179,Up,Hot2Touch,Felix Jaehn,470933,https://i.scdn.co/image/ab67616d00004851767ba597ba12ee255719cbd4,https://open.spotify.com/track/1sBhJGPUKrdRycgKxve70v
179,2017-08-04,180,Down,Heathens,Twenty One Pilots,470724,https://i.scdn.co/image/ab67616d000048512ca3ba8f334ca5a5f0312efb,https://open.spotify.com/track/6i0V12jOa3mr6uu4WYhUBr
180,2017-08-04,181,Down,Safari,J Balvin,470620,https://i.scdn.co/image/ab67616d00004851338ffc4c72a192f06070546b,https://open.spotify.com/track/6rQSrBHf7HlZjtcMZ4S4bO
181,2017-08-04,182,Down,One Last Time,Ariana Grande,470538,https://i.scdn.co/image/ab67616d000048511254a60895a75d37796045c8,https://open.spotify.com/track/7bJwvubZZaoGE1AGEfu8Fi
182,2017-08-04,183,New,More Mess,Kungs,469560,https://i.scdn.co/image/ab67616d0000485188ddf0540aedd971640c1e35,https://open.spotify.com/track/1gaK2od5J8GX6KecOaWm4d
183,2017-08-04,184,Up,Sun Comes Up (feat. James Arthur),Rudimental,469234,https://i.scdn.co/image/ab67616d00004851db779b39b22152a560a22bde,https://open.spotify.com/track/6SUocL0caib4mLHe8ZrZzi
184,2017-08-04,185,Down,Why,Sabrina Carpenter,467769,https://i.scdn.co/image/ab67616d00004851eacfb091aa2c9ce49381c96e,https://open.spotify.com/track/2jYmK1cb3Uya6FFsocdpzO
185,2017-08-04,186,Up,Vente Pa' Ca,Ricky Martin,466859,https://i.scdn.co/image/ab67616d000048513d90f5938459be40b7b6652a,https://open.spotify.com/track/7DM4BPaS7uofFul3ywMe46
186,2017-08-04,187,Down,T-Shirt,Migos,466642,https://i.scdn.co/image/ab67616d0000485199a8ab6da9d593939302828a,https://open.spotify.com/track/7KOlJ92bu51cltsD9KU5I7
187,2017-08-04,188,Down,"How Far I'll Go - From ""Moana""",Alessia Cara,466280,https://i.scdn.co/image/ab67616d00004851fb128b1eda22335050f584fe,https://open.spotify.com/track/5hYTyyh2odQKphUbMqc5gN
188,2017-08-04,189,Down,Weak,AJR,460335,https://i.scdn.co/image/ab67616d00004851c5f3ca405ff6ed13dc554b94,https://open.spotify.com/track/3E2Zh20GDCR9B1EYjfXWyv
189,2017-08-04,190,Down,The Scientist,Coldplay,459976,https://i.scdn.co/image/ab67616d00004851ad6f442ecac8735b9285a923,https://open.spotify.com/track/75JFxkI2RXiU7L9VXzMkle
190,2017-08-04,191,Down,Go Flex,Post Malone,457886,https://i.scdn.co/image/23bae95100dcb6ac8f88c19fa2a11c50a998a926,https://open.spotify.com/track/5yuShbu70mtHXY0yLzCQLQ
191,2017-08-04,192,Down,Tunnel Vision,Kodak Black,457212,https://i.scdn.co/image/ab67616d000048511541a676423805fc68ff3e66,https://open.spotify.com/track/4Q3N4Ct4zCuIHuZ65E3BD4
192,2017-08-04,193,Flat,Traicionera,Sebastian Yatra,456648,https://i.scdn.co/image/ab67616d00004851dbe5e9f934a9be5db8884c52,https://open.spotify.com/track/5J1c3M4EldCfNxXwrwt8mT
193,2017-08-04,194,New,Lean On (feat. MØ & DJ Snake),Major Lazer,456543,https://i.scdn.co/image/ab67616d000048519f55dad3a63f72f1bc8d6f59,https://open.spotify.com/track/4WjH9Bzt3kx7z8kl0awxh4
194,2017-08-04,195,Down,ELEMENT.,Kendrick Lamar,455455,https://i.scdn.co/image/ae1f239b41e9604a66eb900834c6887cd2f62ff1,https://open.spotify.com/track/1EaKU4dMbesXXd3BrLCtYG
195,2017-08-04,196,Down,Stressed Out,Twenty One Pilots,451232,https://i.scdn.co/image/ab67616d00004851de03bfc2991fd5bcfde65ba3,https://open.spotify.com/track/3CRDbSIZ4r5MsZ0YwxuEkn
196,2017-08-04,197,Down,The Night We Met,Lord Huron,450603,https://i.scdn.co/image/ab67616d00004851ee6611c95f868e465c98a0b2,https://open.spotify.com/track/6mORGLOz79w6VsCRLWYYuK
197,2017-08-04,198,Down,Wonderwall - Remastered,Oasis,448609,https://i.scdn.co/image/ab67616d0000485185e5dcc05cc216a10f141480,https://open.spotify.com/track/5qqabIl2vWzo9ApSC317sa
198,2017-08-04,199,New,Sorry,Justin Bieber,448240,https://i.scdn.co/image/ab67616d00004851b6d9a4fbb0bd49f0f034aead,https://open.spotify.com/track/69bp2EbF7Q2rqc5N3ylezZ
199,2017-08-04,200,Down,Bon appétit,Katy Perry,448064,https://i.scdn.co/image/ab67616d000048511487979a7e0181a5d0406d1a,https://open.spotify.com/track/61WbtB6ujkpNAsAf5LjF4b
