,Date,Position,Trend,Title,Artist,Streams,Icon_URL,Spotify_URL
0,2017-08-22,1,Flat,Mi Gente,J Balvin,4447134,https://i.scdn.co/image/ab67616d00004851996bd1ea86bd3815eedfeef5,https://open.spotify.com/track/2rb5MvYT7ZIxbKW5hfcHx8
1,2017-08-22,2,Flat,Friends (with BloodPop®),Justin Bieber,3613098,https://i.scdn.co/image/ab67616d00004851302806b2c89a0f7a24b4922c,https://open.spotify.com/track/7nZmah2llfvLDiUjm0kiyz
2,2017-08-22,3,Up,Unforgettable,French Montana,3286004,https://i.scdn.co/image/ab67616d000048518a31195a371b2233456f6c07,https://open.spotify.com/track/3B54sVLJ402zGa6Xm4YGNe
3,2017-08-22,4,Down,Despacito - Remix,Luis Fonsi,3245274,https://i.scdn.co/image/ab67616d00004851d8559d0280ffe2a2af6dacdf,https://open.spotify.com/track/5CtI0qwDJkDQGwXD1H1cLb
4,2017-08-22,5,Flat,Feels,Calvin Harris,3157890,https://i.scdn.co/image/ab67616d000048514d3fa5ce7ba599f4fd7803ef,https://open.spotify.com/track/5bcTCxgc7xVfSaMV3RuVke
5,2017-08-22,6,Up,New Rules,Dua Lipa,3116153,https://i.scdn.co/image/ab67616d000048516b915e407b70e121e06fe979,https://open.spotify.com/track/2ekn2ttSfGqwhhate0LSR0
6,2017-08-22,7,Down,Wild Thoughts (feat. Rihanna & Bryson Tiller),DJ Khaled,3104435,https://i.scdn.co/image/ab67616d00004851dcb6a73da1e7f293b875f69c,https://open.spotify.com/track/1OAh8uOEOvTDqkKFsKksCi
7,2017-08-22,8,Flat,2U (feat. Justin Bieber),David Guetta,2712466,https://i.scdn.co/image/ab67616d0000485145c5570d4a66346d8f683913,https://open.spotify.com/track/3A7qX2QjDlPnazUsRk5y0M
8,2017-08-22,9,Flat,Attention,Charlie Puth,2674883,https://i.scdn.co/image/ab67616d00004851db21a273452f0637cdbc35aa,https://open.spotify.com/track/4iLqG9SeJSnt0cSPICSjxv
9,2017-08-22,10,Flat,Shape of You,Ed Sheeran,2601178,https://i.scdn.co/image/ab67616d00004851ba5db46f4b838ef6027e6f96,https://open.spotify.com/track/7qiZfU4dY1lWllzX7mPBI3
10,2017-08-22,11,Flat,Sorry Not Sorry,Demi Lovato,2593307,https://i.scdn.co/image/ab67616d0000485110e3276edd7706710560bd4c,https://open.spotify.com/track/25C5CowdsfXld2jJanbiex
11,2017-08-22,12,Flat,Strip That Down,Liam Payne,2494431,https://i.scdn.co/image/ab67616d00004851ec1abb2ba5e210e826161111,https://open.spotify.com/track/6EpRaXYhGOB3fj4V2uDkMJ
12,2017-08-22,13,Flat,"I'm the One (feat. Justin Bieber, Quavo, Chance the Rapper & Lil Wayne)",DJ Khaled,2467463,https://i.scdn.co/image/ab67616d00004851dcb6a73da1e7f293b875f69c,https://open.spotify.com/track/3DXncPQOG4VBw3QHh3S817
13,2017-08-22,14,Flat,Thunder,Imagine Dragons,2449521,https://i.scdn.co/image/ab67616d000048517956bd9a3d7a15e4c2e37cc6,https://open.spotify.com/track/0tKcYR2II1VCQWT79i5NrW
14,2017-08-22,15,Flat,More Than You Know,Axwell /\ Ingrosso,2384322,https://i.scdn.co/image/ab67616d00004851cb442ec337da75fb09cc3981,https://open.spotify.com/track/3PEgB3fkiojxms35ntsTgs
15,2017-08-22,16,Up,Back to You (feat. Bebe Rexha & Digital Farm Animals),Louis Tomlinson,2351830,https://i.scdn.co/image/ab67616d00004851327d7ffa53a268bf7411c28b,https://open.spotify.com/track/7F9vK8hNFMml4GtHsaXui6
16,2017-08-22,17,Down,Mama,Jonas Blue,2306843,https://i.scdn.co/image/14891cf71e2287163c137e90074783ba5cdd4ff4,https://open.spotify.com/track/0NiXXAI876aGImAd6rTj8w
17,2017-08-22,18,Flat,XO TOUR Llif3,Lil Uzi Vert,2136604,https://i.scdn.co/image/ab67616d0000485115531ec8568373f631db9786,https://open.spotify.com/track/2eMwDehkIC1j68U6FA3Eiq
18,2017-08-22,19,Flat,Glorious (feat. Skylar Grey),Macklemore,2112267,https://i.scdn.co/image/ab67616d000048512c19c42e316cd3d949c992b0,https://open.spotify.com/track/3HVr6jTVwBHBa2flM0eURR
19,2017-08-22,20,Flat,There's Nothing Holdin' Me Back,Shawn Mendes,2037278,https://i.scdn.co/image/ab67616d00004851f9cbd0c07513a7232cd6b9a7,https://open.spotify.com/track/79cuOz3SPQTuFrp8WgftAu
20,2017-08-22,21,Flat,Without You (feat. Sandro Cavazza),Avicii,2019092,https://i.scdn.co/image/ab67616d0000485130800bfbfff51ddb031d9bd7,https://open.spotify.com/track/6WbADFqMvR8N5u0BvtsWQE
21,2017-08-22,22,Flat,Havana,Camila Cabello,1950903,https://i.scdn.co/image/ab67616d00004851d93cf4d07ba50d7b32ca7c44,https://open.spotify.com/track/0ofbQMrRDsUaVKq2mGLEAb
22,2017-08-22,23,Flat,Bank Account,21 Savage,1884807,https://i.scdn.co/image/ab67616d0000485163bdcfe76718674e7783df36,https://open.spotify.com/track/5eqK0tbzUPo2SoeZsov04s
23,2017-08-22,24,Up,Silence,Marshmello,1842824,https://i.scdn.co/image/ab67616d00004851f33ba583059dc2f7d08bf2b8,https://open.spotify.com/track/7vGuf3Y35N4wmASOKLUVVU
24,2017-08-22,25,Down,Me Rehúso,Danny Ocean,1830131,https://i.scdn.co/image/ab67616d00004851a75bd33684083600569dd3bf,https://open.spotify.com/track/6De0lHrwBfPfrhorm9q1Xl
25,2017-08-22,26,Flat,HUMBLE.,Kendrick Lamar,1780914,https://i.scdn.co/image/ae1f239b41e9604a66eb900834c6887cd2f62ff1,https://open.spotify.com/track/7KXjTSCq5nL1LoYtL7XAwS
26,2017-08-22,27,Flat,There for You,Martin Garrix,1744532,https://i.scdn.co/image/ab67616d0000485172c57da7edfe8e915182cdd4,https://open.spotify.com/track/6jA8HL9i4QGzsj6fjoxp8Y
27,2017-08-22,28,Up,I Like Me Better,Lauv,1726012,https://i.scdn.co/image/ab67616d00004851fab48816b625e2a77a732400,https://open.spotify.com/track/1wjzFQodRWrPcQ0AnYnvQ9
28,2017-08-22,29,Down,Felices los 4,Maluma,1670471,https://i.scdn.co/image/ab67616d00004851d9732b592276542ecafa6c6d,https://open.spotify.com/track/0qYTZCo5Bwh1nsUFGZP3zn
29,2017-08-22,30,Up,Your Song,Rita Ora,1653663,https://i.scdn.co/image/ab67616d00004851528e7f2b6eda1b2a20ccfb1f,https://open.spotify.com/track/4c2W3VKsOFoIg2SFaO6DY5
30,2017-08-22,31,Flat,Fetish (feat. Gucci Mane),Selena Gomez,1635084,https://i.scdn.co/image/ab67616d00004851676b024fbd4c52c3fa382dd4,https://open.spotify.com/track/0XLOf9LhyazPX9Ld8jPiUq
31,2017-08-22,32,Down,Swalla (feat. Nicki Minaj & Ty Dolla $ign),Jason Derulo,1631167,https://i.scdn.co/image/ab67616d000048519d6522bee68370fa5592301d,https://open.spotify.com/track/6kex4EBAj0WHXDKZMEJaaF
32,2017-08-22,33,Down,Something Just Like This,The Chainsmokers,1614078,https://i.scdn.co/image/ab67616d000048510c13d3d5a503c84fcc60ae94,https://open.spotify.com/track/6RUKPb4LETWmmr3iAEQktW
33,2017-08-22,34,Flat,Congratulations,Post Malone,1602171,https://i.scdn.co/image/23bae95100dcb6ac8f88c19fa2a11c50a998a926,https://open.spotify.com/track/3a1lNhkSLSkpJE4MSHpDu9
34,2017-08-22,35,Up,Young Dumb & Broke,Khalid,1542006,https://i.scdn.co/image/ab67616d00004851988ede5e1276e758b5f9e577,https://open.spotify.com/track/5Z3GHaZ6ec9bsiI5BenrbY
35,2017-08-22,36,Flat,Slow Hands,Niall Horan,1538036,https://i.scdn.co/image/ab67616d00004851805efe949d48d6f50e604919,https://open.spotify.com/track/167NczpNbRF7oWakJaY3Hh
36,2017-08-22,37,Down,Believer,Imagine Dragons,1520533,https://i.scdn.co/image/ab67616d000048517956bd9a3d7a15e4c2e37cc6,https://open.spotify.com/track/0CcQNd8CINkwQfe1RDtGV6
37,2017-08-22,38,Up,Lonely Together (feat. Rita Ora),Avicii,1510667,https://i.scdn.co/image/241ee98f30f1a0066a26890586952e393a473b0d,https://open.spotify.com/track/2OALaHcDdKkjYEpAr0Qzab
38,2017-08-22,39,Down,Despacito (Featuring Daddy Yankee),Luis Fonsi,1438371,https://i.scdn.co/image/ab67616d00004851a5971936e3b8d91f8b616b17,https://open.spotify.com/track/4aWmUDTfIPGksMNLV2rQP2
39,2017-08-22,40,Flat,"Know No Better (feat. Travis Scott, Camila Cabello & Quavo)",Major Lazer,1422680,https://i.scdn.co/image/ab67616d00004851de1e9558f85913eb0b47f623,https://open.spotify.com/track/3Ytr1SUCUi6J3L9dRFx5iH
40,2017-08-22,41,Flat,Pretty Girl - Cheat Codes X CADE Remix,Maggie Lindemann,1395770,https://i.scdn.co/image/ab67616d000048517c7436e1b6273be0e7bc1a84,https://open.spotify.com/track/1NDxZ7cFAo481dtYWdrUnR
41,2017-08-22,42,Flat,BUTTERFLY EFFECT,Travis Scott,1393961,https://i.scdn.co/image/ab67616d00004851b5e9358d0d07114609d9afab,https://open.spotify.com/track/1yxgsra98r3qAtxqiGZPiX
42,2017-08-22,43,Up,Bodak Yellow,Cardi B,1384410,https://i.scdn.co/image/ab67616d0000485162a2dedc55a38a0fca0a17b0,https://open.spotify.com/track/2771LMNxwf62FTAdpJMQfM
43,2017-08-22,44,Down,Una Lady Como Tú,Manuel Turizo,1357972,https://i.scdn.co/image/ab67616d00004851f9dc35bc367fcf98e763d27e,https://open.spotify.com/track/7MHN1aCFtLXjownGhvEQlF
44,2017-08-22,45,Flat,Praying,Kesha,1319908,https://i.scdn.co/image/ab67616d0000485155de63b8aaf464fe8146b4f1,https://open.spotify.com/track/0jdny0dhgjUwoIp5GkqEaA
45,2017-08-22,46,Up,Escápate Conmigo,Wisin,1316297,https://i.scdn.co/image/ab67616d000048512b02904e5404ad6069c16a4f,https://open.spotify.com/track/2cnKEkpVUSV4wnjQiTWfH6
46,2017-08-22,47,Flat,Symphony (feat. Zara Larsson),Clean Bandit,1311457,https://i.scdn.co/image/ab67616d000048515b1130d050c4cd2295999d85,https://open.spotify.com/track/1x5sYLZiu9r5E43kMlt9f8
47,2017-08-22,48,Down,Bonita,J Balvin,1304937,https://i.scdn.co/image/ab67616d0000485148f3fc1d4f0fed414418e041,https://open.spotify.com/track/693iqPOQvhI7PobtR8CC8v
48,2017-08-22,49,Flat,That's What I Like,Bruno Mars,1299923,https://i.scdn.co/image/ab67616d00004851232711f7d66a1e19e89e28c5,https://open.spotify.com/track/0KKkJNfGyhkQ5aFogxQAPU
49,2017-08-22,50,Flat,No Promises (feat. Demi Lovato),Cheat Codes,1287033,https://i.scdn.co/image/ab67616d00004851e74ecdb2f1316c8f026970a8,https://open.spotify.com/track/1louJpMmzEicAn7lzDalPW
50,2017-08-22,51,Up,Rich Love (with Seeb),OneRepublic,1208556,https://i.scdn.co/image/ab67616d000048516f2fa4c6cd6653d8d770a415,https://open.spotify.com/track/7aF09WaavZAmAWuUeYxlYD
51,2017-08-22,52,Down,1-800-273-8255,Logic,1205575,https://i.scdn.co/image/08f9ccb7875a87c07c79c1ccd5319263786c55ea,https://open.spotify.com/track/5tz69p7tJuGPeMGwNTxYuV
52,2017-08-22,53,Up,Feel It Still,Portugal. The Man,1194109,https://i.scdn.co/image/ab67616d00004851af52c228c9619ff6298b08cd,https://open.spotify.com/track/6QgjcU0zLnzq5OrUoSZ3OK
53,2017-08-22,54,Up,Would You Ever,Skrillex,1158289,https://i.scdn.co/image/ab67616d00004851c2896a061e50f35f97337512,https://open.spotify.com/track/57p8CBvPOxrvyCbn6ttl5r
54,2017-08-22,55,Flat,What About Us,P!nk,1131855,https://i.scdn.co/image/ab67616d000048511d75bb4aadfc620497c5db0f,https://open.spotify.com/track/31MkGwj0SWgZaTvEt5Hgxv
55,2017-08-22,56,Down,Location,Khalid,1125005,https://i.scdn.co/image/ab67616d00004851988ede5e1276e758b5f9e577,https://open.spotify.com/track/152lZdxL1OR0ZMW6KquMif
56,2017-08-22,57,Down,Stay (with Alessia Cara),Zedd,1109719,https://i.scdn.co/image/ab67616d0000485191a70f95efc3400f696e89cc,https://open.spotify.com/track/0dA2Mk56wEzDgegdC6R17g
57,2017-08-22,58,Flat,Redbone,Childish Gambino,1037979,https://i.scdn.co/image/ab67616d000048510b97e56ffad7c6211aa848f8,https://open.spotify.com/track/3kxfsdsCpFgN412fpnW85Y
58,2017-08-22,59,Flat,Ahora Dice,Chris Jeday,1029338,https://i.scdn.co/image/ab67616d000048513a142c7e7fc7863dc1a256ed,https://open.spotify.com/track/22eADXu8DfOAUEDw4vU8qy
59,2017-08-22,60,Flat,Mask Off,Future,1001222,https://i.scdn.co/image/ab67616d00004851356884f85665ebdd79223fdf,https://open.spotify.com/track/3rOSwuTsUlJp0Pu0MkN8r8
60,2017-08-22,61,Flat,Galway Girl,Ed Sheeran,979869,https://i.scdn.co/image/ab67616d00004851ba5db46f4b838ef6027e6f96,https://open.spotify.com/track/0afhq8XCExXpqazXczTSve
61,2017-08-22,62,Flat,It Ain't Me (with Selena Gomez),Kygo,975819,https://i.scdn.co/image/ab67616d0000485141f289940f2e6a0d51988d77,https://open.spotify.com/track/3eR23VReFzcdmS7TYCrhCe
62,2017-08-22,63,Flat,Most Girls,Hailee Steinfeld,970945,https://i.scdn.co/image/ab67616d000048519e1b81dc79bd5055417b1e5a,https://open.spotify.com/track/2mfUa8bLs2s5N4VaqJZ4lZ
63,2017-08-22,64,Flat,Slide,Calvin Harris,929279,https://i.scdn.co/image/ab67616d000048514d3fa5ce7ba599f4fd7803ef,https://open.spotify.com/track/7tr2za8SQg2CI8EDgrdtNl
64,2017-08-22,65,Flat,Crying in the Club,Camila Cabello,928091,https://i.scdn.co/image/ab67616d00004851cec62b81146fe4d116fbb2fa,https://open.spotify.com/track/1SJtlNRJDeYHioymcvsqev
65,2017-08-22,66,Up,Signs,Drake,927149,https://i.scdn.co/image/ab67616d000048514d37373eef5fcb26802d8c18,https://open.spotify.com/track/5EnYT6F7wEcdege6mDHEfO
66,2017-08-22,67,Up,Mayores,Becky G,925812,https://i.scdn.co/image/ab67616d00004851b5983d639fd953deb3c99848,https://open.spotify.com/track/7JNh1cfm0eXjqFVOzKLyau
67,2017-08-22,68,Flat,OK - Spotify Version,Robin Schulz,923556,https://i.scdn.co/image/ab67616d000048517fd57367322c558ca19c9ed8,https://open.spotify.com/track/3bWAqKDWg6u1davspr5IkS
68,2017-08-22,69,Up,Get Low (with Liam Payne),Zedd,921966,https://i.scdn.co/image/ab67616d00004851a558887a8b28dcd38ad6e3ef,https://open.spotify.com/track/1CKd1PnqfYx0H12V9MSaIY
69,2017-08-22,70,Up,DNA.,Kendrick Lamar,915355,https://i.scdn.co/image/ae1f239b41e9604a66eb900834c6887cd2f62ff1,https://open.spotify.com/track/6HZILIRieu8S0iqY8kIKhj
70,2017-08-22,71,Down,SUBEME LA RADIO,Enrique Iglesias,909347,https://i.scdn.co/image/ab67616d000048515366ff028970205a29d558ed,https://open.spotify.com/track/7nKBxz47S9SD79N086fuhn
71,2017-08-22,72,Down,Say You Won't Let Go,James Arthur,904536,https://i.scdn.co/image/ab67616d0000485120beb61f61fcbeb33b10a9ab,https://open.spotify.com/track/5uCax9HTNlzGybIStD3vDh
72,2017-08-22,73,Flat,goosebumps,Travis Scott,902559,https://i.scdn.co/image/ab67616d00004851f54b99bf27cda88f4a7403ce,https://open.spotify.com/track/6gBFPUFcJLzWGx4lenP6h2
73,2017-08-22,74,Down,Hey DJ,CNCO,890806,https://i.scdn.co/image/ab67616d000048514358c8856d3acc00ca6c3578,https://open.spotify.com/track/209gZgcfLq2aUuu51vOWBl
74,2017-08-22,75,Flat,Love Galore (feat. Travis Scott),SZA,880457,https://i.scdn.co/image/ab67616d000048514c79d5ec52a6d0302f3add25,https://open.spotify.com/track/0q75NwOoFiARAVp4EXU4Bs
75,2017-08-22,76,Up,Robarte un Beso,Carlos Vives,874254,https://i.scdn.co/image/ab67616d0000485126f611d8f55ec6cecb29192e,https://open.spotify.com/track/4z3GJkrtH97Bj6fRta983T
76,2017-08-22,77,Down,Slippery (feat. Gucci Mane),Migos,860192,https://i.scdn.co/image/ab67616d0000485199a8ab6da9d593939302828a,https://open.spotify.com/track/6p8NuHm8uCGnn2Dtbtf7zE
77,2017-08-22,78,Up,I Get The Bag (feat. Migos),Gucci Mane,856256,https://i.scdn.co/image/ab67616d00004851a774223eda7c354f45f898a6,https://open.spotify.com/track/1HTtUBEY3tuw2btgwwI2Ja
78,2017-08-22,79,Down,Krippy Kush,Farruko,854649,https://i.scdn.co/image/ab67616d00004851e2d873eb680063460c94914c,https://open.spotify.com/track/3rgjBiAMVGnxmsTDmUy8vb
79,2017-08-22,80,Down,Bad Liar,Selena Gomez,837900,https://i.scdn.co/image/ab67616d00004851f40c5ecb3d327a55e8aa6714,https://open.spotify.com/track/1sCxVKWImDZSZKvG0U9B23
80,2017-08-22,81,Down,Tu Foto,Ozuna,837213,https://i.scdn.co/image/ab67616d000048515a0467b3a49a461da243c362,https://open.spotify.com/track/0Szp49tpFasIjX04Mcsydp
81,2017-08-22,82,Down,Issues,Julia Michaels,833322,https://i.scdn.co/image/bed97a5c36c8dda6724f89ecfd8c23497cc897f4,https://open.spotify.com/track/0xG0SHshCStMEyNbNC5d4k
82,2017-08-22,83,Flat,Closer,The Chainsmokers,828297,https://i.scdn.co/image/ab67616d00004851495ce6da9aeb159e94eaa453,https://open.spotify.com/track/7BKLCZ1jbUBVqRi2FVlTVw
83,2017-08-22,84,Down,Magnolia,Playboi Carti,816388,https://i.scdn.co/image/cbfa858a49a59efbca64c6f7078068cf07731bd0,https://open.spotify.com/track/1e1JKLEDKP7hEQzJfNAgPl
84,2017-08-22,85,Down,Malibu,Miley Cyrus,812919,https://i.scdn.co/image/ab67616d000048512fe7eac044c3912f06432f22,https://open.spotify.com/track/2habSXqcJGExM6JJyskY7O
85,2017-08-22,86,Down,LOYALTY. FEAT. RIHANNA.,Kendrick Lamar,807839,https://i.scdn.co/image/ae1f239b41e9604a66eb900834c6887cd2f62ff1,https://open.spotify.com/track/6SwRhMLwNqEi6alNPVG00n
86,2017-08-22,87,Flat,Passionfruit,Drake,775885,https://i.scdn.co/image/ab67616d000048515ea859dc94365abd9fd84fd6,https://open.spotify.com/track/7hDc8b7IXETo14hHIHdnhd
87,2017-08-22,88,Up,First Time,Kygo,758139,https://i.scdn.co/image/ab67616d00004851b6d86ca196b697ee0f640118,https://open.spotify.com/track/2Gl0FzuLxflY6nPifJp5Dr
88,2017-08-22,89,Down,OMG,Camila Cabello,750003,https://i.scdn.co/image/ab67616d00004851147a905ba006c3ed794f17fd,https://open.spotify.com/track/4xBjsLUSjcx2h7PcRikpQp
89,2017-08-22,90,Up,La Rompe Corazones,Daddy Yankee,740497,https://i.scdn.co/image/ab67616d00004851b84a36483e43bfbcb931fcde,https://open.spotify.com/track/4okba5wu9mMLXx79DXLKi3
90,2017-08-22,91,Down,Me Enamoré,Shakira,737895,https://i.scdn.co/image/ab67616d00004851d05d3aad30c5fb7614893cf5,https://open.spotify.com/track/4qknM1pQz53QOyfDVTjcM9
91,2017-08-22,92,Flat,Body Like A Back Road,Sam Hunt,734216,https://i.scdn.co/image/ab67616d000048519eccbdab1110afc4d5a186a8,https://open.spotify.com/track/7mldq42yDuxiUNn08nvzHO
92,2017-08-22,93,Up,Summer Air,ItaloBrothers,732716,https://i.scdn.co/image/ab67616d000048516cc9441f366f82803e48ae5c,https://open.spotify.com/track/3GPI7hYiqD6enLRobhkBm8
93,2017-08-22,94,Up,Down,Fifth Harmony,731981,https://i.scdn.co/image/ab67616d00004851aa8f5611964dc75eebbecbba,https://open.spotify.com/track/7LEydI5NfjY6mZfKwYIptZ
94,2017-08-22,95,Down,Came Here for Love,Sigala,729329,https://i.scdn.co/image/ab67616d000048513769e2973131468513fc59cd,https://open.spotify.com/track/3kGfazcbVvVkuZunzlLgTD
95,2017-08-22,96,Flat,"I Don’t Wanna Live Forever (Fifty Shades Darker) - From ""Fifty Shades Darker (Original Motion Picture Soundtrack)""",ZAYN,715432,https://i.scdn.co/image/ab67616d000048512ae921f082ae5db4d3da818f,https://open.spotify.com/track/3NdDpSvN911VPGivFlV5d0
96,2017-08-22,97,Up,Questions,Chris Brown,706644,https://i.scdn.co/image/ab67616d00004851df5b4bb2ee00999c60ce05b7,https://open.spotify.com/track/5XQMr19TL7Mfksq9zihbOu
97,2017-08-22,98,Down,Perfect,Ed Sheeran,706475,https://i.scdn.co/image/ab67616d00004851ba5db46f4b838ef6027e6f96,https://open.spotify.com/track/0tgVpDi06FyKpA1z0VMD4v
98,2017-08-22,99,Down,Starboy,The Weeknd,705399,https://i.scdn.co/image/ab67616d000048510c8599cbde51245c128bcea9,https://open.spotify.com/track/5aAx2yezTd8zXrkmtKl66Z
99,2017-08-22,100,Down,Rockabye (feat. Sean Paul & Anne-Marie),Clean Bandit,699511,https://i.scdn.co/image/ab67616d000048511431c3bdf16aa99f71799d95,https://open.spotify.com/track/5knuzwU65gJK7IF5yJsuaW
100,2017-08-22,101,Up,Rake It Up,Yo Gotti,698050,https://i.scdn.co/image/ab67616d00004851dc371ef9c9ad4c33b3fc130a,https://open.spotify.com/track/6c7D34787LOtPm8tzhsLgH
101,2017-08-22,102,Down,Photograph,Ed Sheeran,690804,https://i.scdn.co/image/ab67616d00004851d08209944468440145f01524,https://open.spotify.com/track/6fxVffaTuwjgEk5h9QyRjy
102,2017-08-22,103,Down,Instruction (feat. Demi Lovato & Stefflon Don),Jax Jones,689343,https://i.scdn.co/image/ab67616d00004851785528fd13fc6d63e29542f4,https://open.spotify.com/track/0XfOi87h82i09rQjWYG0Bm
103,2017-08-22,104,Up,One Dance,Drake,683616,https://i.scdn.co/image/ab67616d00004851726abca207567d5e41cb9667,https://open.spotify.com/track/1xznGGDReH1oQq0xzbwXa3
104,2017-08-22,105,Down,Now Or Never,Halsey,679658,https://i.scdn.co/image/d5bb421dbecbba7c6904eb67672f3cd25cf54c23,https://open.spotify.com/track/7i2DJ88J7jQ8K7zqFX2fW8
105,2017-08-22,106,Up,Solo Dance,Martin Jensen,678886,https://i.scdn.co/image/ab67616d00004851950d67dbe3f31f1d9a5d06a2,https://open.spotify.com/track/6HUnnBwYZqcED1eQztxMBN
106,2017-08-22,107,Down,Scared to Be Lonely,Martin Garrix,677017,https://i.scdn.co/image/ab67616d0000485164f8a309aa3c0a66a31fc374,https://open.spotify.com/track/3ebXMykcMXOcLeJ9xZ17XH
107,2017-08-22,108,Down,I Feel It Coming,The Weeknd,674579,https://i.scdn.co/image/b3683184efeb899b2d1a02f4957d0c630dc10b0b,https://open.spotify.com/track/5GXAXm5YOmYT0kL5jHvYBt
108,2017-08-22,109,Up,It's A Vibe,2 Chainz,672601,https://i.scdn.co/image/179288654e273e14d827a4aa76cf37115e139ca0,https://open.spotify.com/track/6H0AwSQ20mo62jGlPGB8S6
109,2017-08-22,110,Up,Marmalade (feat. Lil Yachty),Macklemore,666763,https://i.scdn.co/image/ab67616d00004851680f96eb3f25997ee13ab941,https://open.spotify.com/track/0RYXEibxMami3QuT8kn4Iz
110,2017-08-22,111,Flat,Perplexing Pegasus,Rae Sremmurd,664388,https://i.scdn.co/image/ab67616d000048510c4887060da7f88128376220,https://open.spotify.com/track/2nYwV62UABTH0NanrwVIdQ
111,2017-08-22,112,Down,El Amante,Nicky Jam,664137,https://i.scdn.co/image/ab67616d00004851d77dbcd4dbd37cdfa61771fa,https://open.spotify.com/track/3umS4y3uQDkqekNjVpiRUs
112,2017-08-22,113,Down,Sign of the Times,Harry Styles,661037,https://i.scdn.co/image/ab67616d000048516c619c39c853f8b1d67b7859,https://open.spotify.com/track/5Ohxk2dO5COHF1krpoPigN
113,2017-08-22,114,Up,All My Love (feat. Conor Maynard),Cash Cash,652029,https://i.scdn.co/image/ab67616d0000485119412f5b0f76d10d241f2981,https://open.spotify.com/track/1839RWzPRZCVgvamu4sHSN
114,2017-08-22,115,Flat,LOVE. FEAT. ZACARI.,Kendrick Lamar,643585,https://i.scdn.co/image/ae1f239b41e9604a66eb900834c6887cd2f62ff1,https://open.spotify.com/track/6PGoSes0D9eUDeeAafB2As
115,2017-08-22,116,Up,Sigo Extrañándote,J Balvin,633389,https://i.scdn.co/image/ab67616d00004851338ffc4c72a192f06070546b,https://open.spotify.com/track/6qDF4wWL49CAVbgT7yuHl8
116,2017-08-22,117,Down,Castle on the Hill,Ed Sheeran,632084,https://i.scdn.co/image/ab67616d00004851ba5db46f4b838ef6027e6f96,https://open.spotify.com/track/6PCUP3dWmTjcTtXY02oFdT
117,2017-08-22,118,Down,Bella y Sensual,Romeo Santos,630163,https://i.scdn.co/image/ab67616d00004851827d0777f8cccdf5b7481442,https://open.spotify.com/track/0ERbK7qVqveCaBWIiYCrl3
118,2017-08-22,119,Down,Otra vez (feat. J Balvin),Zion & Lennox,629535,https://i.scdn.co/image/ab67616d0000485182eabf564ddc57325a84dd50,https://open.spotify.com/track/3QwBODjSEzelZyVjxPOHdq
119,2017-08-22,120,Up,Super Far,LANY,629105,https://i.scdn.co/image/ab67616d000048514bf52f0d4578b67e362f4672,https://open.spotify.com/track/74ODGXs4byLTRdnKGM4s6E
120,2017-08-22,121,Down,"Sola (Remix) [feat. Daddy Yankee, Wisin, Farruko, Zion & Lennox]",Anuel AA,623129,https://i.scdn.co/image/ab67616d00004851a66def7d649149464edc8f1e,https://open.spotify.com/track/5q2JbCNi4FcnglgPfxcV65
121,2017-08-22,122,Down,Sua cara (feat. Anitta & Pabllo Vittar),Major Lazer,623087,https://i.scdn.co/image/ab67616d00004851d75f1f9e874ff1362df4a961,https://open.spotify.com/track/3ibRxEv4KkcU9e259eyNJA
122,2017-08-22,123,Up,Complicated (feat. Kiiara),Dimitri Vegas & Like Mike,610132,https://i.scdn.co/image/ab67616d0000485105df880db084244f431803b4,https://open.spotify.com/track/1Sl3njkhhz8nrSPZroDQ82
123,2017-08-22,124,Up,Reggaetón Lento (Remix),CNCO,608445,https://i.scdn.co/image/ab67616d00004851c4c45bf90052845efd2a597d,https://open.spotify.com/track/3zoYkqS4y2BsGVShPL2nTE
124,2017-08-22,125,Down,Báilame,Nacho,604524,https://i.scdn.co/image/ab67616d000048514b2089fbced0d870deb3e9f2,https://open.spotify.com/track/7lRsNbdOGykkMAgsqs4R1C
125,2017-08-22,126,Flat,Chantaje (feat. Maluma),Shakira,598792,https://i.scdn.co/image/ab67616d00004851d05d3aad30c5fb7614893cf5,https://open.spotify.com/track/6mICuAdrwEjh6Y6lroV2Kg
126,2017-08-22,127,Down,iSpy (feat. Lil Yachty),KYLE,596498,https://i.scdn.co/image/ab67616d0000485132e373f2988bc6596a542d1c,https://open.spotify.com/track/2EEeOnHehOozLq4aS0n6SL
127,2017-08-22,128,Down,Paris,The Chainsmokers,594198,https://i.scdn.co/image/ab67616d000048510c13d3d5a503c84fcc60ae94,https://open.spotify.com/track/72jbDTw1piOOj770jWNeaG
128,2017-08-22,129,Down,Si Tú La Ves (feat. Wisin),Nicky Jam,594010,https://i.scdn.co/image/ab67616d00004851d77dbcd4dbd37cdfa61771fa,https://open.spotify.com/track/4yN6xPLopmTLvc27pO9LIE
129,2017-08-22,130,Down,Hey Ma (with Pitbull & J Balvin feat. Camila Cabello) - Spanish Version,Pitbull,590384,https://i.scdn.co/image/ab67616d000048513e40b472d708ea3c6bd86670,https://open.spotify.com/track/2Vdub5mY4lad7w64bFPUez
130,2017-08-22,131,Up,Two High,Moon Taxi,589163,https://i.scdn.co/image/ab67616d000048513aba4c031c2a1b7941063ef0,https://open.spotify.com/track/3sJHkcxojoJD2Ytbo1yLLF
131,2017-08-22,132,Flat,We Don't Talk Anymore,Charlie Puth,588365,https://i.scdn.co/image/ab67616d00004851c0e28105f0533c52717c46c2,https://open.spotify.com/track/68EMU2RD1ECNeOeJ5qAXCV
132,2017-08-22,133,Down,Let Me Love You,DJ Snake,585764,https://i.scdn.co/image/ab67616d000048515045de6786e0af096de73ed4,https://open.spotify.com/track/4pdPtRcBmOSQDlJ3Fk945m
133,2017-08-22,134,Up,Don't Let Me Down,The Chainsmokers,583908,https://i.scdn.co/image/ab67616d0000485108d87fb54859bc9038f7e5e0,https://open.spotify.com/track/0QsvXIfqM0zZoerQfsI9lm
134,2017-08-22,135,Down,do re mi (feat. Gucci Mane),blackbear,583758,https://i.scdn.co/image/0204c2af4ad772fd738bbd661b300a4dec113e71,https://open.spotify.com/track/53mrVsi49rLHIaKBiSvElG
135,2017-08-22,136,Down,Drowning (feat. Kodak Black),A Boogie Wit da Hoodie,583561,https://i.scdn.co/image/ab67616d0000485131d8918139b720e4141adeec,https://open.spotify.com/track/6Q2FftbUG530lCtBI74bMH
136,2017-08-22,137,Up,Báilame - Remix,Nacho,580833,https://i.scdn.co/image/ab67616d00004851473f54a79eb118bdfa668aa2,https://open.spotify.com/track/3VClLWqNn80Llv0PJOsKgr
137,2017-08-22,138,Up,Why,Sabrina Carpenter,567772,https://i.scdn.co/image/ab67616d00004851eacfb091aa2c9ce49381c96e,https://open.spotify.com/track/2jYmK1cb3Uya6FFsocdpzO
138,2017-08-22,139,Up,Rollin,Calvin Harris,567431,https://i.scdn.co/image/ab67616d000048514d3fa5ce7ba599f4fd7803ef,https://open.spotify.com/track/0lMbuWUpfTWhEmOKxppEau
139,2017-08-22,140,Down,Thinking out Loud,Ed Sheeran,565429,https://i.scdn.co/image/ab67616d00004851d08209944468440145f01524,https://open.spotify.com/track/1Slwb6dOYkBlWal1PGtnNg
140,2017-08-22,141,New,Roll In Peace (feat. XXXTENTACION),Kodak Black,564680,https://i.scdn.co/image/ab67616d00004851583ce93dc89d84218f233ea7,https://open.spotify.com/track/40oKW22ZNNkEdZLJTScaQI
141,2017-08-22,142,Down,Bad and Boujee (feat. Lil Uzi Vert),Migos,564086,https://i.scdn.co/image/ab67616d0000485199a8ab6da9d593939302828a,https://open.spotify.com/track/4Km5HrUvYTaSUfiSGPJeQR
142,2017-08-22,143,Up,Besándote,Piso 21,562918,https://i.scdn.co/image/ab67616d000048512cd0b690a37d7bb6e2aa5de4,https://open.spotify.com/track/13X0XdLMOdtbXVtAj2ox4h
143,2017-08-22,144,Down,Me Llamas (feat. Maluma) - Remix,Piso 21,555524,https://i.scdn.co/image/ab67616d000048511e1eafb5d2bb1ca39d26f092,https://open.spotify.com/track/5hEM0JchdVzQ5PwvSfITeX
144,2017-08-22,145,Down,Treat You Better,Shawn Mendes,553776,https://i.scdn.co/image/ab67616d00004851188e6332f32088921ab1eaf8,https://open.spotify.com/track/4Hf7WnR761jpxPr5D46Bcd
145,2017-08-22,146,Down,Reggaetón Lento (Bailemos),CNCO,553236,https://i.scdn.co/image/ab67616d000048517db0f7ac4c612cce26ccacf9,https://open.spotify.com/track/3AEZUABDXNtecAOSC1qTfo
146,2017-08-22,147,Up,Unforgettable,Thomas Rhett,549266,https://i.scdn.co/image/ab67616d000048512f4c528049bbd6c39fe78c73,https://open.spotify.com/track/0ZiRSqlSsDlY0UyDYU9CTE
147,2017-08-22,148,Down,Younger Now,Miley Cyrus,549162,https://i.scdn.co/image/ab67616d000048514e98da9967645ee250768076,https://open.spotify.com/track/0B48113ZG9UfkWWt7qD9xX
148,2017-08-22,149,Flat,Starving,Hailee Steinfeld,548297,https://i.scdn.co/image/ab67616d00004851612495ee5769c99125031be2,https://open.spotify.com/track/1qOLh0tI7trd1zdDKxYZTe
149,2017-08-22,150,Down,24K Magic,Bruno Mars,545173,https://i.scdn.co/image/ab67616d00004851232711f7d66a1e19e89e28c5,https://open.spotify.com/track/6b8Be6ljOzmkOmFslEb23P
150,2017-08-22,151,Down,Call On Me - Ryan Riback Extended Remix,Starley,543743,https://i.scdn.co/image/ab67616d000048519d4079afc73664f86f055400,https://open.spotify.com/track/78rIJddV4X0HkNAInEcYde
151,2017-08-22,152,Up,Swish Swish,Katy Perry,536821,https://i.scdn.co/image/ab67616d000048511487979a7e0181a5d0406d1a,https://open.spotify.com/track/2kVHAQKVtczchKctctzbtK
152,2017-08-22,153,Down,4 AM,2 Chainz,535476,https://i.scdn.co/image/179288654e273e14d827a4aa76cf37115e139ca0,https://open.spotify.com/track/1nX9KhK3Fff27SnrIor2Yb
153,2017-08-22,154,Down,Loco Enamorado,Abraham Mateo,534235,https://i.scdn.co/image/ab67616d00004851c7c9cff204bc6b4a3e36e42d,https://open.spotify.com/track/4N1c5rmWOzRmB9SMacr5wB
154,2017-08-22,155,Up,Side To Side,Ariana Grande,530522,https://i.scdn.co/image/ab67616d000048517227f5854239a059af211d5b,https://open.spotify.com/track/4pLwZjInHj3SimIyN9SnOz
155,2017-08-22,156,Up,Bounce Back,Big Sean,520937,https://i.scdn.co/image/695d0c097d8463ccc2c2b9855fe44e3e9e7bc267,https://open.spotify.com/track/0SGkqnVQo9KPytSri1H6cF
156,2017-08-22,157,Down,Ahora Me Llama,KAROL G,520500,https://i.scdn.co/image/ab67616d000048511f8b5b79339712de8c904d63,https://open.spotify.com/track/61HHDBLqF3AmSvLfHKNGd2
157,2017-08-22,158,Down,Love Yourself,Justin Bieber,520175,https://i.scdn.co/image/ab67616d00004851b6d9a4fbb0bd49f0f034aead,https://open.spotify.com/track/3hB5DgAiMAQ4DzYbsMq1IT
158,2017-08-22,159,Flat,"CAN'T STOP THE FEELING! (Original Song from DreamWorks Animation's ""TROLLS"")",Justin Timberlake,510750,https://i.scdn.co/image/ab67616d00004851ef37416970812293c08e8a78,https://open.spotify.com/track/6JV2JOEocMgcZxYSZelKcc
159,2017-08-22,160,Up,In the End,Linkin Park,505770,https://i.scdn.co/image/ab67616d00004851e2f039481babe23658fc719a,https://open.spotify.com/track/60a0Rd6pjrkxjPbaKzXjfq
160,2017-08-22,161,Down,You Don't Know Me - Radio Edit,Jax Jones,504525,https://i.scdn.co/image/ab67616d00004851dd05a1716e2f07a07b8ccfe3,https://open.spotify.com/track/00lNx0OcTJrS3MKHcB80HY
161,2017-08-22,162,Up,Tuesday,Burak Yeter,503031,https://i.scdn.co/image/069b0b8dc1285ba4d2bd7f2536abfce84598d130,https://open.spotify.com/track/7abpmGpF7PGep2rDU68GBR
162,2017-08-22,163,Up,Fake Love,Drake,499357,https://i.scdn.co/image/6dfd956b9331fa9ea1f47ebb95311951ed72b3db,https://open.spotify.com/track/343YBumqHu19cGoGARUTsd
163,2017-08-22,164,Down,In the Name of Love,Martin Garrix,497077,https://i.scdn.co/image/ab67616d00004851923db3f255cd48a6d5783ebf,https://open.spotify.com/track/04DwTuZ2VBdJCCC5TROn7L
164,2017-08-22,165,Up,"Lose Yourself - From ""8 Mile"" Soundtrack",Eminem,491576,https://i.scdn.co/image/36440dfd440d23086573d62a32def35ecc42f111,https://open.spotify.com/track/5Z01UMMf7V1o0MzF86s6WJ
165,2017-08-22,166,Up,Cold Water (feat. Justin Bieber & MØ),Major Lazer,489445,https://i.scdn.co/image/ab67616d000048512e8f1cca2bc8c9d55930523b,https://open.spotify.com/track/6DNtNfH8hXkqOX1sjqmI7p
166,2017-08-22,167,Down,No Complaints,Metro Boomin,486282,https://i.scdn.co/image/f8fd3bfa4e9e48ade26b0b788301332e736220a4,https://open.spotify.com/track/6kig1UFggPUyZBCvXD3Wod
167,2017-08-22,168,Down,Versace on the Floor,Bruno Mars,484669,https://i.scdn.co/image/ab67616d00004851232711f7d66a1e19e89e28c5,https://open.spotify.com/track/0kN8xEmgMW9mh7UmDYHlJP
168,2017-08-22,169,Down,Happier,Ed Sheeran,477543,https://i.scdn.co/image/ab67616d00004851ba5db46f4b838ef6027e6f96,https://open.spotify.com/track/2RttW7RAu5nOAfq6YFvApB
169,2017-08-22,170,Up,The Night We Met,Lord Huron,477431,https://i.scdn.co/image/ab67616d00004851ee6611c95f868e465c98a0b2,https://open.spotify.com/track/6mORGLOz79w6VsCRLWYYuK
170,2017-08-22,171,Up,Look At Me!,XXXTENTACION,474456,https://i.scdn.co/image/ab67616d0000485125b5901b8bcf902f54d466d9,https://open.spotify.com/track/4ARPvK8DHLwt4oX65ZAFMw
171,2017-08-22,172,Up,Sun Comes Up (feat. James Arthur),Rudimental,474418,https://i.scdn.co/image/ab67616d00004851db779b39b22152a560a22bde,https://open.spotify.com/track/6SUocL0caib4mLHe8ZrZzi
172,2017-08-22,173,Down,White Iverson,Post Malone,472833,https://i.scdn.co/image/23bae95100dcb6ac8f88c19fa2a11c50a998a926,https://open.spotify.com/track/6eT7xZZlB2mwyzJ2sUKG6w
173,2017-08-22,174,Flat,Swang,Rae Sremmurd,471600,https://i.scdn.co/image/16293ab3b4f9301aeb5f41810fd7056d463db55e,https://open.spotify.com/track/6mapJIPnQ23RTAevUoE0DL
174,2017-08-22,175,Down,Mercy,Shawn Mendes,471598,https://i.scdn.co/image/ab67616d00004851188e6332f32088921ab1eaf8,https://open.spotify.com/track/4TZy1wLyHec06pwgFYDh1a
175,2017-08-22,176,Down,do re mi,blackbear,471281,https://i.scdn.co/image/25560e082d8ff78217dd6594d18f827a4049cc63,https://open.spotify.com/track/3Q3myFA7q4Op95DOpHplaY
176,2017-08-22,177,Up,El Farsante,Ozuna,466226,https://i.scdn.co/image/ab67616d000048518ca96a10612c48a877d9a118,https://open.spotify.com/track/2LW4Zu7FcrwjWm3t5Rv3Oq
177,2017-08-22,178,Up,The Scientist,Coldplay,465748,https://i.scdn.co/image/ab67616d00004851ad6f442ecac8735b9285a923,https://open.spotify.com/track/75JFxkI2RXiU7L9VXzMkle
178,2017-08-22,179,Up,Boys,Charli XCX,464503,https://i.scdn.co/image/ab67616d00004851eb4121feca968298ac9e2720,https://open.spotify.com/track/5o4yGlG0PfeVUa6ClIyOxq
179,2017-08-22,180,Down,T-Shirt,Migos,463532,https://i.scdn.co/image/ab67616d0000485199a8ab6da9d593939302828a,https://open.spotify.com/track/7KOlJ92bu51cltsD9KU5I7
180,2017-08-22,181,Down,Go Flex,Post Malone,462990,https://i.scdn.co/image/23bae95100dcb6ac8f88c19fa2a11c50a998a926,https://open.spotify.com/track/5yuShbu70mtHXY0yLzCQLQ
181,2017-08-22,182,Up,'Till I Collapse,Eminem,462431,https://i.scdn.co/image/ab67616d00004851ccdb1982626f299b3b1d3efd,https://open.spotify.com/track/6yr8GiTHWvFfi4o6Q5ebdT
182,2017-08-22,183,Down,Faded,Alan Walker,462032,https://i.scdn.co/image/ab67616d00004851c4d00cac55ae1b4598c9bc90,https://open.spotify.com/track/7gHs73wELdeycvS48JfIos
183,2017-08-22,184,Down,I Took A Pill In Ibiza - Seeb Remix,Mike Posner,460569,https://i.scdn.co/image/ab67616d0000485140512e02a594e3378c0256e6,https://open.spotify.com/track/17Fd6Yb7mSbinKG8LoWfFl
184,2017-08-22,185,Down,No Vacancy,OneRepublic,455467,https://i.scdn.co/image/ab67616d000048518eadf2a91387dd890653afbe,https://open.spotify.com/track/6XOYVSmNDjKUNMXooU4s4z
185,2017-08-22,186,Up,Cheap Thrills,Sia,453312,https://i.scdn.co/image/ab67616d0000485149e0134c686547c28b7c999f,https://open.spotify.com/track/27SdWb2rFzO6GWiYDBTD9j
186,2017-08-22,187,Down,Bebe (feat. Anuel AA),Ozuna,451380,https://i.scdn.co/image/ab67616d00004851918760935230018b01f7a3f4,https://open.spotify.com/track/6SIrNxmmdbv1KUbFBu1PaN
187,2017-08-22,188,Flat,Portland,Drake,447347,https://i.scdn.co/image/6dfd956b9331fa9ea1f47ebb95311951ed72b3db,https://open.spotify.com/track/2bjwRfXMk4uRgOD9IBYl9h
188,2017-08-22,189,Down,The Cure,Lady Gaga,446876,https://i.scdn.co/image/ab67616d000048514a9be9e8223db02a37e1e8fe,https://open.spotify.com/track/51PIvodunv6NmX5250zxAh
189,2017-08-22,190,New,Loca (feat. Cali y El Dandee),Maite Perroni,444052,https://i.scdn.co/image/ab67616d00004851aff6f2b3368a8bf5bb6eb94d,https://open.spotify.com/track/05ZXXyeZFhZtA6DAP3Aw7x
190,2017-08-22,191,Flat,Heathens,Twenty One Pilots,439487,https://i.scdn.co/image/ab67616d000048512ca3ba8f334ca5a5f0312efb,https://open.spotify.com/track/6i0V12jOa3mr6uu4WYhUBr
191,2017-08-22,192,New,Se Preparó,Ozuna,436988,https://i.scdn.co/image/ab67616d00004851b27654722f86a61ee41cd5f3,https://open.spotify.com/track/3mxWDt0eKXfl4C1e4oIP0J
192,2017-08-22,193,Up,Ni Tú Ni Yo (feat. Gente de Zona),Jennifer Lopez,431155,https://i.scdn.co/image/ab67616d000048511c96396253c7d52af2b940e5,https://open.spotify.com/track/5xMzazov0IHYllrc8U2K6F
193,2017-08-22,194,Up,Stressed Out,Twenty One Pilots,428451,https://i.scdn.co/image/ab67616d00004851de03bfc2991fd5bcfde65ba3,https://open.spotify.com/track/3CRDbSIZ4r5MsZ0YwxuEkn
194,2017-08-22,195,Down,Tired,Alan Walker,427877,https://i.scdn.co/image/ab67616d00004851c311619d7b02d5c4a6c167f2,https://open.spotify.com/track/3b5Li4QKDVBx1x7fQuu54a
195,2017-08-22,196,Up,Numb,Linkin Park,427315,https://i.scdn.co/image/ab67616d00004851b4ad7ebaf4575f120eb3f193,https://open.spotify.com/track/2nLtzopw4rPReszdYBJU6h
196,2017-08-22,197,Down,Tunnel Vision,Kodak Black,427239,https://i.scdn.co/image/ab67616d000048511541a676423805fc68ff3e66,https://open.spotify.com/track/4Q3N4Ct4zCuIHuZ65E3BD4
197,2017-08-22,198,Up,September Song,JP Cooper,427148,https://i.scdn.co/image/ab67616d000048511400ec742ee0935608e30700,https://open.spotify.com/track/0FuTx2s3YH1ppmtiM6l0zI
198,2017-08-22,199,Up,Wonderwall - Remastered,Oasis,425975,https://i.scdn.co/image/ab67616d0000485185e5dcc05cc216a10f141480,https://open.spotify.com/track/5qqabIl2vWzo9ApSC317sa
199,2017-08-22,200,Down,Mr. Brightside,The Killers,421954,https://i.scdn.co/image/7d778100d0160184d61981dc8aa666ee6fec0151,https://open.spotify.com/track/7oK9VyNzrYvRFo7nQEYkWN
