,Date,Position,Trend,Title,Artist,Streams,Icon_URL,Spotify_URL
0,2017-08-03,1,Flat,Mi Gente,J Balvin,4595812,https://i.scdn.co/image/ab67616d00004851996bd1ea86bd3815eedfeef5,https://open.spotify.com/track/2rb5MvYT7ZIxbKW5hfcHx8
1,2017-08-03,2,Flat,Despacito - Remix,Luis Fonsi,4178268,https://i.scdn.co/image/ab67616d00004851d8559d0280ffe2a2af6dacdf,https://open.spotify.com/track/5CtI0qwDJkDQGwXD1H1cLb
2,2017-08-03,3,Flat,Wild Thoughts (feat. Rihanna & Bryson Tiller),DJ Khaled,3710300,https://i.scdn.co/image/ab67616d00004851dcb6a73da1e7f293b875f69c,https://open.spotify.com/track/1OAh8uOEOvTDqkKFsKksCi
3,2017-08-03,4,Flat,Unforgettable,French Montana,3531549,https://i.scdn.co/image/ab67616d000048518a31195a371b2233456f6c07,https://open.spotify.com/track/3B54sVLJ402zGa6Xm4YGNe
4,2017-08-03,5,Flat,Feels,Calvin Harris,3335390,https://i.scdn.co/image/ab67616d000048514d3fa5ce7ba599f4fd7803ef,https://open.spotify.com/track/5bcTCxgc7xVfSaMV3RuVke
5,2017-08-03,6,Flat,2U (feat. Justin Bieber),David Guetta,3215671,https://i.scdn.co/image/ab67616d0000485145c5570d4a66346d8f683913,https://open.spotify.com/track/3A7qX2QjDlPnazUsRk5y0M
6,2017-08-03,7,Flat,"I'm the One (feat. Justin Bieber, Quavo, Chance the Rapper & Lil Wayne)",DJ Khaled,3039898,https://i.scdn.co/image/ab67616d00004851dcb6a73da1e7f293b875f69c,https://open.spotify.com/track/3DXncPQOG4VBw3QHh3S817
7,2017-08-03,8,Flat,Attention,Charlie Puth,2933478,https://i.scdn.co/image/ab67616d00004851db21a273452f0637cdbc35aa,https://open.spotify.com/track/4iLqG9SeJSnt0cSPICSjxv
8,2017-08-03,9,Flat,Shape of You,Ed Sheeran,2909548,https://i.scdn.co/image/ab67616d00004851ba5db46f4b838ef6027e6f96,https://open.spotify.com/track/7qiZfU4dY1lWllzX7mPBI3
9,2017-08-03,10,Flat,Strip That Down,Liam Payne,2751941,https://i.scdn.co/image/ab67616d00004851ec1abb2ba5e210e826161111,https://open.spotify.com/track/6EpRaXYhGOB3fj4V2uDkMJ
10,2017-08-03,11,Flat,Thunder,Imagine Dragons,2682259,https://i.scdn.co/image/ab67616d000048517956bd9a3d7a15e4c2e37cc6,https://open.spotify.com/track/0tKcYR2II1VCQWT79i5NrW
11,2017-08-03,12,Flat,Mama,Jonas Blue,2573337,https://i.scdn.co/image/14891cf71e2287163c137e90074783ba5cdd4ff4,https://open.spotify.com/track/0NiXXAI876aGImAd6rTj8w
12,2017-08-03,13,Flat,Sorry Not Sorry,Demi Lovato,2429545,https://i.scdn.co/image/ab67616d0000485110e3276edd7706710560bd4c,https://open.spotify.com/track/25C5CowdsfXld2jJanbiex
13,2017-08-03,14,Flat,There's Nothing Holdin' Me Back,Shawn Mendes,2333519,https://i.scdn.co/image/ab67616d00004851f9cbd0c07513a7232cd6b9a7,https://open.spotify.com/track/79cuOz3SPQTuFrp8WgftAu
14,2017-08-03,15,Up,XO TOUR Llif3,Lil Uzi Vert,2294308,https://i.scdn.co/image/ab67616d0000485115531ec8568373f631db9786,https://open.spotify.com/track/2eMwDehkIC1j68U6FA3Eiq
15,2017-08-03,16,Down,More Than You Know,Axwell /\ Ingrosso,2276444,https://i.scdn.co/image/ab67616d00004851cb442ec337da75fb09cc3981,https://open.spotify.com/track/3PEgB3fkiojxms35ntsTgs
16,2017-08-03,17,Up,New Rules,Dua Lipa,2178147,https://i.scdn.co/image/ab67616d000048516b915e407b70e121e06fe979,https://open.spotify.com/track/2ekn2ttSfGqwhhate0LSR0
17,2017-08-03,18,Down,Fetish (feat. Gucci Mane),Selena Gomez,2154321,https://i.scdn.co/image/ab67616d00004851676b024fbd4c52c3fa382dd4,https://open.spotify.com/track/0XLOf9LhyazPX9Ld8jPiUq
18,2017-08-03,19,Up,HUMBLE.,Kendrick Lamar,1968279,https://i.scdn.co/image/ae1f239b41e9604a66eb900834c6887cd2f62ff1,https://open.spotify.com/track/7KXjTSCq5nL1LoYtL7XAwS
19,2017-08-03,20,Down,There for You,Martin Garrix,1962709,https://i.scdn.co/image/ab67616d0000485172c57da7edfe8e915182cdd4,https://open.spotify.com/track/6jA8HL9i4QGzsj6fjoxp8Y
20,2017-08-03,21,Flat,Swalla (feat. Nicki Minaj & Ty Dolla $ign),Jason Derulo,1955666,https://i.scdn.co/image/ab67616d000048519d6522bee68370fa5592301d,https://open.spotify.com/track/6kex4EBAj0WHXDKZMEJaaF
21,2017-08-03,22,Flat,Back to You (feat. Bebe Rexha & Digital Farm Animals),Louis Tomlinson,1946430,https://i.scdn.co/image/ab67616d00004851327d7ffa53a268bf7411c28b,https://open.spotify.com/track/7F9vK8hNFMml4GtHsaXui6
22,2017-08-03,23,Flat,Something Just Like This,The Chainsmokers,1906932,https://i.scdn.co/image/ab67616d000048510c13d3d5a503c84fcc60ae94,https://open.spotify.com/track/6RUKPb4LETWmmr3iAEQktW
23,2017-08-03,24,Flat,Felices los 4,Maluma,1889777,https://i.scdn.co/image/ab67616d00004851d9732b592276542ecafa6c6d,https://open.spotify.com/track/0qYTZCo5Bwh1nsUFGZP3zn
24,2017-08-03,25,Up,Me Rehúso,Danny Ocean,1879415,https://i.scdn.co/image/ab67616d00004851a75bd33684083600569dd3bf,https://open.spotify.com/track/6De0lHrwBfPfrhorm9q1Xl
25,2017-08-03,26,Up,Believer,Imagine Dragons,1832494,https://i.scdn.co/image/ab67616d000048517956bd9a3d7a15e4c2e37cc6,https://open.spotify.com/track/0CcQNd8CINkwQfe1RDtGV6
26,2017-08-03,27,Up,Despacito (Featuring Daddy Yankee),Luis Fonsi,1790216,https://i.scdn.co/image/ab67616d00004851a5971936e3b8d91f8b616b17,https://open.spotify.com/track/4aWmUDTfIPGksMNLV2rQP2
27,2017-08-03,28,Up,Your Song,Rita Ora,1780315,https://i.scdn.co/image/ab67616d00004851528e7f2b6eda1b2a20ccfb1f,https://open.spotify.com/track/4c2W3VKsOFoIg2SFaO6DY5
28,2017-08-03,29,Up,Pretty Girl - Cheat Codes X CADE Remix,Maggie Lindemann,1769229,https://i.scdn.co/image/ab67616d000048517c7436e1b6273be0e7bc1a84,https://open.spotify.com/track/1NDxZ7cFAo481dtYWdrUnR
29,2017-08-03,30,Down,Congratulations,Post Malone,1766244,https://i.scdn.co/image/23bae95100dcb6ac8f88c19fa2a11c50a998a926,https://open.spotify.com/track/3a1lNhkSLSkpJE4MSHpDu9
30,2017-08-03,31,Up,"Know No Better (feat. Travis Scott, Camila Cabello & Quavo)",Major Lazer,1732099,https://i.scdn.co/image/ab67616d00004851de1e9558f85913eb0b47f623,https://open.spotify.com/track/3Ytr1SUCUi6J3L9dRFx5iH
31,2017-08-03,32,Down,Slow Hands,Niall Horan,1696366,https://i.scdn.co/image/ab67616d00004851805efe949d48d6f50e604919,https://open.spotify.com/track/167NczpNbRF7oWakJaY3Hh
32,2017-08-03,33,Flat,Glorious (feat. Skylar Grey),Macklemore,1692193,https://i.scdn.co/image/ab67616d000048512c19c42e316cd3d949c992b0,https://open.spotify.com/track/3HVr6jTVwBHBa2flM0eURR
33,2017-08-03,34,Up,Bank Account,21 Savage,1676678,https://i.scdn.co/image/ab67616d0000485163bdcfe76718674e7783df36,https://open.spotify.com/track/5eqK0tbzUPo2SoeZsov04s
34,2017-08-03,35,Down,I Like Me Better,Lauv,1655173,https://i.scdn.co/image/ab67616d00004851fab48816b625e2a77a732400,https://open.spotify.com/track/1wjzFQodRWrPcQ0AnYnvQ9
35,2017-08-03,36,Flat,Crying in the Club,Camila Cabello,1611779,https://i.scdn.co/image/ab67616d00004851cec62b81146fe4d116fbb2fa,https://open.spotify.com/track/1SJtlNRJDeYHioymcvsqev
36,2017-08-03,37,Up,Symphony (feat. Zara Larsson),Clean Bandit,1523789,https://i.scdn.co/image/ab67616d000048515b1130d050c4cd2295999d85,https://open.spotify.com/track/1x5sYLZiu9r5E43kMlt9f8
37,2017-08-03,38,Flat,Bad Liar,Selena Gomez,1511704,https://i.scdn.co/image/ab67616d00004851f40c5ecb3d327a55e8aa6714,https://open.spotify.com/track/1sCxVKWImDZSZKvG0U9B23
38,2017-08-03,39,Down,Signs,Drake,1467848,https://i.scdn.co/image/ab67616d000048514d37373eef5fcb26802d8c18,https://open.spotify.com/track/5EnYT6F7wEcdege6mDHEfO
39,2017-08-03,40,Flat,That's What I Like,Bruno Mars,1454562,https://i.scdn.co/image/ab67616d00004851232711f7d66a1e19e89e28c5,https://open.spotify.com/track/0KKkJNfGyhkQ5aFogxQAPU
40,2017-08-03,41,Up,Escápate Conmigo,Wisin,1442400,https://i.scdn.co/image/ab67616d000048512b02904e5404ad6069c16a4f,https://open.spotify.com/track/2cnKEkpVUSV4wnjQiTWfH6
41,2017-08-03,42,Down,Stay (with Alessia Cara),Zedd,1431924,https://i.scdn.co/image/ab67616d0000485191a70f95efc3400f696e89cc,https://open.spotify.com/track/0dA2Mk56wEzDgegdC6R17g
42,2017-08-03,43,Up,BUTTERFLY EFFECT,Travis Scott,1411804,https://i.scdn.co/image/ab67616d00004851b5e9358d0d07114609d9afab,https://open.spotify.com/track/1yxgsra98r3qAtxqiGZPiX
43,2017-08-03,44,Down,Slide,Calvin Harris,1404858,https://i.scdn.co/image/ab67616d000048514d3fa5ce7ba599f4fd7803ef,https://open.spotify.com/track/7tr2za8SQg2CI8EDgrdtNl
44,2017-08-03,45,Flat,No Promises (feat. Demi Lovato),Cheat Codes,1386539,https://i.scdn.co/image/ab67616d00004851e74ecdb2f1316c8f026970a8,https://open.spotify.com/track/1louJpMmzEicAn7lzDalPW
45,2017-08-03,46,Flat,Una Lady Como Tú,Manuel Turizo,1376254,https://i.scdn.co/image/ab67616d00004851f9dc35bc367fcf98e763d27e,https://open.spotify.com/track/7MHN1aCFtLXjownGhvEQlF
46,2017-08-03,47,Flat,Redbone,Childish Gambino,1353878,https://i.scdn.co/image/ab67616d000048510b97e56ffad7c6211aa848f8,https://open.spotify.com/track/3kxfsdsCpFgN412fpnW85Y
47,2017-08-03,48,Flat,Location,Khalid,1353355,https://i.scdn.co/image/ab67616d00004851988ede5e1276e758b5f9e577,https://open.spotify.com/track/152lZdxL1OR0ZMW6KquMif
48,2017-08-03,49,Flat,Mask Off,Future,1291708,https://i.scdn.co/image/ab67616d00004851356884f85665ebdd79223fdf,https://open.spotify.com/track/3rOSwuTsUlJp0Pu0MkN8r8
49,2017-08-03,50,Flat,SUBEME LA RADIO,Enrique Iglesias,1289599,https://i.scdn.co/image/ab67616d000048515366ff028970205a29d558ed,https://open.spotify.com/track/7nKBxz47S9SD79N086fuhn
50,2017-08-03,51,Flat,Bonita,J Balvin,1191746,https://i.scdn.co/image/ab67616d0000485148f3fc1d4f0fed414418e041,https://open.spotify.com/track/693iqPOQvhI7PobtR8CC8v
51,2017-08-03,52,Flat,It Ain't Me (with Selena Gomez),Kygo,1161191,https://i.scdn.co/image/ab67616d0000485141f289940f2e6a0d51988d77,https://open.spotify.com/track/3eR23VReFzcdmS7TYCrhCe
52,2017-08-03,53,Flat,Ahora Dice,Chris Jeday,1158127,https://i.scdn.co/image/ab67616d000048513a142c7e7fc7863dc1a256ed,https://open.spotify.com/track/22eADXu8DfOAUEDw4vU8qy
53,2017-08-03,54,Flat,Most Girls,Hailee Steinfeld,1107972,https://i.scdn.co/image/ab67616d000048519e1b81dc79bd5055417b1e5a,https://open.spotify.com/track/2mfUa8bLs2s5N4VaqJZ4lZ
54,2017-08-03,55,Flat,Galway Girl,Ed Sheeran,1106851,https://i.scdn.co/image/ab67616d00004851ba5db46f4b838ef6027e6f96,https://open.spotify.com/track/0afhq8XCExXpqazXczTSve
55,2017-08-03,56,Up,Rich Love (with Seeb),OneRepublic,1055027,https://i.scdn.co/image/ab67616d000048516f2fa4c6cd6653d8d770a415,https://open.spotify.com/track/7aF09WaavZAmAWuUeYxlYD
56,2017-08-03,57,Down,Hey DJ,CNCO,1049327,https://i.scdn.co/image/ab67616d000048514358c8856d3acc00ca6c3578,https://open.spotify.com/track/209gZgcfLq2aUuu51vOWBl
57,2017-08-03,58,Flat,Praying,Kesha,1030653,https://i.scdn.co/image/ab67616d000048514313d7405dc66050a41c85ec,https://open.spotify.com/track/79NlESqzFSW0hdBWgls4FX
58,2017-08-03,59,Up,DNA.,Kendrick Lamar,1001978,https://i.scdn.co/image/ae1f239b41e9604a66eb900834c6887cd2f62ff1,https://open.spotify.com/track/6HZILIRieu8S0iqY8kIKhj
59,2017-08-03,60,Up,OK - Spotify Version,Robin Schulz,1001059,https://i.scdn.co/image/ab67616d000048517fd57367322c558ca19c9ed8,https://open.spotify.com/track/3bWAqKDWg6u1davspr5IkS
60,2017-08-03,61,Up,Feel It Still,Portugal. The Man,996568,https://i.scdn.co/image/ab67616d00004851af52c228c9619ff6298b08cd,https://open.spotify.com/track/6QgjcU0zLnzq5OrUoSZ3OK
61,2017-08-03,62,Down,1-800-273-8255,Logic,990488,https://i.scdn.co/image/08f9ccb7875a87c07c79c1ccd5319263786c55ea,https://open.spotify.com/track/5tz69p7tJuGPeMGwNTxYuV
62,2017-08-03,63,Down,Malibu,Miley Cyrus,989803,https://i.scdn.co/image/ab67616d000048512fe7eac044c3912f06432f22,https://open.spotify.com/track/2habSXqcJGExM6JJyskY7O
63,2017-08-03,64,Down,Now Or Never,Halsey,986084,https://i.scdn.co/image/d5bb421dbecbba7c6904eb67672f3cd25cf54c23,https://open.spotify.com/track/7i2DJ88J7jQ8K7zqFX2fW8
64,2017-08-03,65,Flat,Young Dumb & Broke,Khalid,972312,https://i.scdn.co/image/ab67616d00004851988ede5e1276e758b5f9e577,https://open.spotify.com/track/5Z3GHaZ6ec9bsiI5BenrbY
65,2017-08-03,66,Up,goosebumps,Travis Scott,949968,https://i.scdn.co/image/ab67616d00004851f54b99bf27cda88f4a7403ce,https://open.spotify.com/track/6gBFPUFcJLzWGx4lenP6h2
66,2017-08-03,67,Flat,Down,Fifth Harmony,948336,https://i.scdn.co/image/ab67616d00004851aa8f5611964dc75eebbecbba,https://open.spotify.com/track/7LEydI5NfjY6mZfKwYIptZ
67,2017-08-03,68,Flat,First Time,Kygo,948246,https://i.scdn.co/image/ab67616d00004851b6d86ca196b697ee0f640118,https://open.spotify.com/track/2Gl0FzuLxflY6nPifJp5Dr
68,2017-08-03,69,Down,Get Low (with Liam Payne),Zedd,943480,https://i.scdn.co/image/ab67616d00004851a558887a8b28dcd38ad6e3ef,https://open.spotify.com/track/1CKd1PnqfYx0H12V9MSaIY
69,2017-08-03,70,Down,Body Like A Back Road,Sam Hunt,937788,https://i.scdn.co/image/ab67616d000048519eccbdab1110afc4d5a186a8,https://open.spotify.com/track/7mldq42yDuxiUNn08nvzHO
70,2017-08-03,71,Flat,Say You Won't Let Go,James Arthur,936645,https://i.scdn.co/image/ab67616d0000485120beb61f61fcbeb33b10a9ab,https://open.spotify.com/track/5uCax9HTNlzGybIStD3vDh
71,2017-08-03,72,Flat,Rollin,Calvin Harris,906450,https://i.scdn.co/image/ab67616d000048514d3fa5ce7ba599f4fd7803ef,https://open.spotify.com/track/0lMbuWUpfTWhEmOKxppEau
72,2017-08-03,73,Flat,Passionfruit,Drake,900579,https://i.scdn.co/image/ab67616d000048515ea859dc94365abd9fd84fd6,https://open.spotify.com/track/7hDc8b7IXETo14hHIHdnhd
73,2017-08-03,74,Up,Closer,The Chainsmokers,867744,https://i.scdn.co/image/ab67616d00004851495ce6da9aeb159e94eaa453,https://open.spotify.com/track/7BKLCZ1jbUBVqRi2FVlTVw
74,2017-08-03,75,Up,Tu Foto,Ozuna,865725,https://i.scdn.co/image/ab67616d000048515a0467b3a49a461da243c362,https://open.spotify.com/track/0Szp49tpFasIjX04Mcsydp
75,2017-08-03,76,Down,Issues,Julia Michaels,853355,https://i.scdn.co/image/ab67616d00004851eab8691768189c70635820e8,https://open.spotify.com/track/6D0b04NJIKfEMg040WioJQ
76,2017-08-03,77,Flat,Love Galore (feat. Travis Scott),SZA,853319,https://i.scdn.co/image/ab67616d000048514c79d5ec52a6d0302f3add25,https://open.spotify.com/track/0q75NwOoFiARAVp4EXU4Bs
77,2017-08-03,78,Up,Me Enamoré,Shakira,852244,https://i.scdn.co/image/ab67616d00004851d05d3aad30c5fb7614893cf5,https://open.spotify.com/track/4qknM1pQz53QOyfDVTjcM9
78,2017-08-03,79,Down,LOYALTY. FEAT. RIHANNA.,Kendrick Lamar,850932,https://i.scdn.co/image/ae1f239b41e9604a66eb900834c6887cd2f62ff1,https://open.spotify.com/track/6SwRhMLwNqEi6alNPVG00n
79,2017-08-03,80,Down,Slippery (feat. Gucci Mane),Migos,840832,https://i.scdn.co/image/ab67616d0000485199a8ab6da9d593939302828a,https://open.spotify.com/track/6p8NuHm8uCGnn2Dtbtf7zE
80,2017-08-03,81,Flat,La Rompe Corazones,Daddy Yankee,819018,https://i.scdn.co/image/ab67616d00004851b84a36483e43bfbcb931fcde,https://open.spotify.com/track/4okba5wu9mMLXx79DXLKi3
81,2017-08-03,82,Flat,Rockabye (feat. Sean Paul & Anne-Marie),Clean Bandit,810389,https://i.scdn.co/image/ab67616d000048511431c3bdf16aa99f71799d95,https://open.spotify.com/track/5knuzwU65gJK7IF5yJsuaW
82,2017-08-03,83,Up,Came Here for Love,Sigala,799298,https://i.scdn.co/image/ab67616d000048513769e2973131468513fc59cd,https://open.spotify.com/track/3kGfazcbVvVkuZunzlLgTD
83,2017-08-03,84,Down,Magnolia,Playboi Carti,798892,https://i.scdn.co/image/cbfa858a49a59efbca64c6f7078068cf07731bd0,https://open.spotify.com/track/1e1JKLEDKP7hEQzJfNAgPl
84,2017-08-03,85,Down,Sign of the Times,Harry Styles,795086,https://i.scdn.co/image/ab67616d000048516c619c39c853f8b1d67b7859,https://open.spotify.com/track/5Ohxk2dO5COHF1krpoPigN
85,2017-08-03,86,Down,"I Don’t Wanna Live Forever (Fifty Shades Darker) - From ""Fifty Shades Darker (Original Motion Picture Soundtrack)""",ZAYN,777027,https://i.scdn.co/image/ab67616d000048512ae921f082ae5db4d3da818f,https://open.spotify.com/track/3NdDpSvN911VPGivFlV5d0
86,2017-08-03,87,Down,In the End,Linkin Park,771118,https://i.scdn.co/image/ab67616d00004851e2f039481babe23658fc719a,https://open.spotify.com/track/60a0Rd6pjrkxjPbaKzXjfq
87,2017-08-03,88,Flat,Scared to Be Lonely,Martin Garrix,760534,https://i.scdn.co/image/ab67616d0000485164f8a309aa3c0a66a31fc374,https://open.spotify.com/track/3ebXMykcMXOcLeJ9xZ17XH
88,2017-08-03,89,Up,Would You Ever,Skrillex,756949,https://i.scdn.co/image/ab67616d00004851c2896a061e50f35f97337512,https://open.spotify.com/track/57p8CBvPOxrvyCbn6ttl5r
89,2017-08-03,90,Down,El Amante,Nicky Jam,751582,https://i.scdn.co/image/ab67616d00004851d77dbcd4dbd37cdfa61771fa,https://open.spotify.com/track/3umS4y3uQDkqekNjVpiRUs
90,2017-08-03,91,Down,Hey Ma (with Pitbull & J Balvin feat. Camila Cabello) - Spanish Version,Pitbull,742978,https://i.scdn.co/image/ab67616d000048513e40b472d708ea3c6bd86670,https://open.spotify.com/track/2Vdub5mY4lad7w64bFPUez
91,2017-08-03,92,Down,Starboy,The Weeknd,740447,https://i.scdn.co/image/ab67616d000048510c8599cbde51245c128bcea9,https://open.spotify.com/track/5aAx2yezTd8zXrkmtKl66Z
92,2017-08-03,93,Up,I Feel It Coming,The Weeknd,734382,https://i.scdn.co/image/b3683184efeb899b2d1a02f4957d0c630dc10b0b,https://open.spotify.com/track/5GXAXm5YOmYT0kL5jHvYBt
93,2017-08-03,94,Flat,Báilame,Nacho,733815,https://i.scdn.co/image/ab67616d000048514b2089fbced0d870deb3e9f2,https://open.spotify.com/track/7lRsNbdOGykkMAgsqs4R1C
94,2017-08-03,95,Down,Sua cara (feat. Anitta & Pabllo Vittar),Major Lazer,730415,https://i.scdn.co/image/ab67616d00004851d75f1f9e874ff1362df4a961,https://open.spotify.com/track/3ibRxEv4KkcU9e259eyNJA
95,2017-08-03,96,Flat,Sigo Extrañándote,J Balvin,729891,https://i.scdn.co/image/ab67616d00004851338ffc4c72a192f06070546b,https://open.spotify.com/track/6qDF4wWL49CAVbgT7yuHl8
96,2017-08-03,97,Down,One Dance,Drake,728372,https://i.scdn.co/image/ab67616d00004851726abca207567d5e41cb9667,https://open.spotify.com/track/1xznGGDReH1oQq0xzbwXa3
97,2017-08-03,98,Flat,Solo Dance,Martin Jensen,727006,https://i.scdn.co/image/ab67616d00004851950d67dbe3f31f1d9a5d06a2,https://open.spotify.com/track/6HUnnBwYZqcED1eQztxMBN
98,2017-08-03,99,Down,Castle on the Hill,Ed Sheeran,708737,https://i.scdn.co/image/ab67616d00004851ba5db46f4b838ef6027e6f96,https://open.spotify.com/track/6PCUP3dWmTjcTtXY02oFdT
99,2017-08-03,100,Down,Perfect,Ed Sheeran,697197,https://i.scdn.co/image/ab67616d00004851ba5db46f4b838ef6027e6f96,https://open.spotify.com/track/0tgVpDi06FyKpA1z0VMD4v
100,2017-08-03,101,Flat,Chantaje (feat. Maluma),Shakira,691304,https://i.scdn.co/image/ab67616d00004851d05d3aad30c5fb7614893cf5,https://open.spotify.com/track/6mICuAdrwEjh6Y6lroV2Kg
101,2017-08-03,102,Up,Otra vez (feat. J Balvin),Zion & Lennox,690320,https://i.scdn.co/image/ab67616d0000485182eabf564ddc57325a84dd50,https://open.spotify.com/track/3QwBODjSEzelZyVjxPOHdq
102,2017-08-03,103,Down,LOVE. FEAT. ZACARI.,Kendrick Lamar,689344,https://i.scdn.co/image/ae1f239b41e9604a66eb900834c6887cd2f62ff1,https://open.spotify.com/track/6PGoSes0D9eUDeeAafB2As
103,2017-08-03,104,Down,"Sola (Remix) [feat. Daddy Yankee, Wisin, Farruko, Zion & Lennox]",Anuel AA,688956,https://i.scdn.co/image/ab67616d00004851a66def7d649149464edc8f1e,https://open.spotify.com/track/5q2JbCNi4FcnglgPfxcV65
104,2017-08-03,105,Down,Photograph,Ed Sheeran,677436,https://i.scdn.co/image/ab67616d00004851d08209944468440145f01524,https://open.spotify.com/track/6fxVffaTuwjgEk5h9QyRjy
105,2017-08-03,106,Down,Numb,Linkin Park,667903,https://i.scdn.co/image/ab67616d00004851b4ad7ebaf4575f120eb3f193,https://open.spotify.com/track/2nLtzopw4rPReszdYBJU6h
106,2017-08-03,107,Down,It's A Vibe,2 Chainz,663627,https://i.scdn.co/image/179288654e273e14d827a4aa76cf37115e139ca0,https://open.spotify.com/track/6H0AwSQ20mo62jGlPGB8S6
107,2017-08-03,108,Down,iSpy (feat. Lil Yachty),KYLE,663544,https://i.scdn.co/image/ab67616d0000485132e373f2988bc6596a542d1c,https://open.spotify.com/track/2EEeOnHehOozLq4aS0n6SL
108,2017-08-03,109,Down,Paris,The Chainsmokers,646010,https://i.scdn.co/image/ab67616d000048510c13d3d5a503c84fcc60ae94,https://open.spotify.com/track/72jbDTw1piOOj770jWNeaG
109,2017-08-03,110,Up,Summer Air,ItaloBrothers,640673,https://i.scdn.co/image/ab67616d000048516cc9441f366f82803e48ae5c,https://open.spotify.com/track/3GPI7hYiqD6enLRobhkBm8
110,2017-08-03,111,Down,Swish Swish,Katy Perry,635770,https://i.scdn.co/image/ab67616d000048511487979a7e0181a5d0406d1a,https://open.spotify.com/track/2kVHAQKVtczchKctctzbtK
111,2017-08-03,112,Down,Super Far,LANY,626824,https://i.scdn.co/image/ab67616d000048514bf52f0d4578b67e362f4672,https://open.spotify.com/track/74ODGXs4byLTRdnKGM4s6E
112,2017-08-03,113,Up,Mayores,Becky G,626719,https://i.scdn.co/image/ab67616d00004851b5983d639fd953deb3c99848,https://open.spotify.com/track/7JNh1cfm0eXjqFVOzKLyau
113,2017-08-03,114,Down,Heavy (feat. Kiiara),Linkin Park,619637,https://i.scdn.co/image/ab67616d00004851145e1cf12538f5666511237d,https://open.spotify.com/track/104buTcnP2AsxqB7U1FIZ4
114,2017-08-03,115,Down,Two High,Moon Taxi,619475,https://i.scdn.co/image/ab67616d000048513aba4c031c2a1b7941063ef0,https://open.spotify.com/track/3sJHkcxojoJD2Ytbo1yLLF
115,2017-08-03,116,Up,Bodak Yellow,Cardi B,618338,https://i.scdn.co/image/ab67616d0000485162a2dedc55a38a0fca0a17b0,https://open.spotify.com/track/2771LMNxwf62FTAdpJMQfM
116,2017-08-03,117,Down,All My Love (feat. Conor Maynard),Cash Cash,615842,https://i.scdn.co/image/ab67616d0000485119412f5b0f76d10d241f2981,https://open.spotify.com/track/1839RWzPRZCVgvamu4sHSN
117,2017-08-03,118,Down,Let Me Love You,DJ Snake,615468,https://i.scdn.co/image/ab67616d000048515045de6786e0af096de73ed4,https://open.spotify.com/track/4pdPtRcBmOSQDlJ3Fk945m
118,2017-08-03,119,Up,Si Tú La Ves (feat. Wisin),Nicky Jam,609636,https://i.scdn.co/image/ab67616d00004851d77dbcd4dbd37cdfa61771fa,https://open.spotify.com/track/4yN6xPLopmTLvc27pO9LIE
119,2017-08-03,120,Flat,Drowning (feat. Kodak Black),A Boogie Wit da Hoodie,607240,https://i.scdn.co/image/ab67616d0000485131d8918139b720e4141adeec,https://open.spotify.com/track/6Q2FftbUG530lCtBI74bMH
120,2017-08-03,121,Down,Don't Let Me Down,The Chainsmokers,606141,https://i.scdn.co/image/ab67616d0000485108d87fb54859bc9038f7e5e0,https://open.spotify.com/track/0QsvXIfqM0zZoerQfsI9lm
121,2017-08-03,122,Down,We Don't Talk Anymore,Charlie Puth,605043,https://i.scdn.co/image/ab67616d00004851c0e28105f0533c52717c46c2,https://open.spotify.com/track/68EMU2RD1ECNeOeJ5qAXCV
122,2017-08-03,123,Flat,Reggaetón Lento (Bailemos),CNCO,605027,https://i.scdn.co/image/ab67616d000048517db0f7ac4c612cce26ccacf9,https://open.spotify.com/track/3AEZUABDXNtecAOSC1qTfo
123,2017-08-03,124,Down,Me Llamas (feat. Maluma) - Remix,Piso 21,604774,https://i.scdn.co/image/ab67616d000048511e1eafb5d2bb1ca39d26f092,https://open.spotify.com/track/5hEM0JchdVzQ5PwvSfITeX
124,2017-08-03,125,Up,Boys,Charli XCX,600921,https://i.scdn.co/image/ab67616d00004851eb4121feca968298ac9e2720,https://open.spotify.com/track/5o4yGlG0PfeVUa6ClIyOxq
125,2017-08-03,126,Down,Besándote,Piso 21,593450,https://i.scdn.co/image/ab67616d000048512cd0b690a37d7bb6e2aa5de4,https://open.spotify.com/track/13X0XdLMOdtbXVtAj2ox4h
126,2017-08-03,127,Down,Treat You Better,Shawn Mendes,581506,https://i.scdn.co/image/ab67616d00004851188e6332f32088921ab1eaf8,https://open.spotify.com/track/4Hf7WnR761jpxPr5D46Bcd
127,2017-08-03,128,Down,Starving,Hailee Steinfeld,576091,https://i.scdn.co/image/ab67616d00004851612495ee5769c99125031be2,https://open.spotify.com/track/1qOLh0tI7trd1zdDKxYZTe
128,2017-08-03,129,Down,Tuesday,Burak Yeter,574837,https://i.scdn.co/image/069b0b8dc1285ba4d2bd7f2536abfce84598d130,https://open.spotify.com/track/7abpmGpF7PGep2rDU68GBR
129,2017-08-03,130,Up,Bad and Boujee (feat. Lil Uzi Vert),Migos,572482,https://i.scdn.co/image/ab67616d0000485199a8ab6da9d593939302828a,https://open.spotify.com/track/4Km5HrUvYTaSUfiSGPJeQR
130,2017-08-03,131,Down,24K Magic,Bruno Mars,571852,https://i.scdn.co/image/ab67616d00004851232711f7d66a1e19e89e28c5,https://open.spotify.com/track/6b8Be6ljOzmkOmFslEb23P
131,2017-08-03,132,Down,Thinking out Loud,Ed Sheeran,568815,https://i.scdn.co/image/ab67616d00004851d08209944468440145f01524,https://open.spotify.com/track/1Slwb6dOYkBlWal1PGtnNg
132,2017-08-03,133,Flat,You Don't Know Me - Radio Edit,Jax Jones,563647,https://i.scdn.co/image/ab67616d00004851dd05a1716e2f07a07b8ccfe3,https://open.spotify.com/track/00lNx0OcTJrS3MKHcB80HY
133,2017-08-03,134,Up,Complicated (feat. Kiiara),Dimitri Vegas & Like Mike,562096,https://i.scdn.co/image/ab67616d0000485105df880db084244f431803b4,https://open.spotify.com/track/1Sl3njkhhz8nrSPZroDQ82
134,2017-08-03,135,Down,Call On Me - Ryan Riback Extended Remix,Starley,561610,https://i.scdn.co/image/ab67616d000048519d4079afc73664f86f055400,https://open.spotify.com/track/78rIJddV4X0HkNAInEcYde
135,2017-08-03,136,Down,Side To Side,Ariana Grande,558153,https://i.scdn.co/image/ab67616d000048517227f5854239a059af211d5b,https://open.spotify.com/track/4pLwZjInHj3SimIyN9SnOz
136,2017-08-03,137,Up,Bella y Sensual,Romeo Santos,557136,https://i.scdn.co/image/ab67616d00004851827d0777f8cccdf5b7481442,https://open.spotify.com/track/0ERbK7qVqveCaBWIiYCrl3
137,2017-08-03,138,Down,"CAN'T STOP THE FEELING! (Original Song from DreamWorks Animation's ""TROLLS"")",Justin Timberlake,555121,https://i.scdn.co/image/ab67616d00004851ef37416970812293c08e8a78,https://open.spotify.com/track/6JV2JOEocMgcZxYSZelKcc
138,2017-08-03,139,Up,Instruction (feat. Demi Lovato & Stefflon Don),Jax Jones,554661,https://i.scdn.co/image/ab67616d00004851785528fd13fc6d63e29542f4,https://open.spotify.com/track/0XfOi87h82i09rQjWYG0Bm
139,2017-08-03,140,Down,4 AM,2 Chainz,537043,https://i.scdn.co/image/179288654e273e14d827a4aa76cf37115e139ca0,https://open.spotify.com/track/1nX9KhK3Fff27SnrIor2Yb
140,2017-08-03,141,Up,Bounce Back,Big Sean,533961,https://i.scdn.co/image/695d0c097d8463ccc2c2b9855fe44e3e9e7bc267,https://open.spotify.com/track/0SGkqnVQo9KPytSri1H6cF
141,2017-08-03,142,Down,The Cure,Lady Gaga,527789,https://i.scdn.co/image/ab67616d000048514a9be9e8223db02a37e1e8fe,https://open.spotify.com/track/51PIvodunv6NmX5250zxAh
142,2017-08-03,143,Down,Hunter,Galantis,522550,https://i.scdn.co/image/ab67616d00004851c57e7df0eb72981d8aafd57d,https://open.spotify.com/track/3caMfJGFp53NAH2TuigdNj
143,2017-08-03,144,Up,Tired,Alan Walker,520184,https://i.scdn.co/image/ab67616d00004851c311619d7b02d5c4a6c167f2,https://open.spotify.com/track/3b5Li4QKDVBx1x7fQuu54a
144,2017-08-03,145,Up,Fake Love,Drake,519223,https://i.scdn.co/image/6dfd956b9331fa9ea1f47ebb95311951ed72b3db,https://open.spotify.com/track/343YBumqHu19cGoGARUTsd
145,2017-08-03,146,Up,Rake It Up,Yo Gotti,517308,https://i.scdn.co/image/ab67616d00004851dc371ef9c9ad4c33b3fc130a,https://open.spotify.com/track/6c7D34787LOtPm8tzhsLgH
146,2017-08-03,147,Up,In the Name of Love,Martin Garrix,517043,https://i.scdn.co/image/ab67616d00004851923db3f255cd48a6d5783ebf,https://open.spotify.com/track/04DwTuZ2VBdJCCC5TROn7L
147,2017-08-03,148,Up,I Took A Pill In Ibiza - Seeb Remix,Mike Posner,515198,https://i.scdn.co/image/ab67616d0000485140512e02a594e3378c0256e6,https://open.spotify.com/track/17Fd6Yb7mSbinKG8LoWfFl
148,2017-08-03,149,Up,Imitadora,Romeo Santos,513344,https://i.scdn.co/image/ab67616d00004851827d0777f8cccdf5b7481442,https://open.spotify.com/track/6r46lnXFbE9fr2d3KNaGbe
149,2017-08-03,150,Down,Cold Water (feat. Justin Bieber & MØ),Major Lazer,511875,https://i.scdn.co/image/ab67616d000048512e8f1cca2bc8c9d55930523b,https://open.spotify.com/track/6DNtNfH8hXkqOX1sjqmI7p
150,2017-08-03,151,Up,Alguien Robo,Sebastian Yatra,509510,https://i.scdn.co/image/ab67616d0000485135e1cf8c70c60dc416956c17,https://open.spotify.com/track/5i50gKdLAjjIr7UxRT5IVy
151,2017-08-03,152,Up,Love Yourself,Justin Bieber,507401,https://i.scdn.co/image/ab67616d00004851b6d9a4fbb0bd49f0f034aead,https://open.spotify.com/track/3hB5DgAiMAQ4DzYbsMq1IT
152,2017-08-03,153,Up,Look At Me!,XXXTENTACION,502167,https://i.scdn.co/image/ab67616d0000485125b5901b8bcf902f54d466d9,https://open.spotify.com/track/4ARPvK8DHLwt4oX65ZAFMw
153,2017-08-03,154,Down,No Complaints,Metro Boomin,501696,https://i.scdn.co/image/f8fd3bfa4e9e48ade26b0b788301332e736220a4,https://open.spotify.com/track/6kig1UFggPUyZBCvXD3Wod
154,2017-08-03,155,Flat,Happier,Ed Sheeran,501218,https://i.scdn.co/image/ab67616d00004851ba5db46f4b838ef6027e6f96,https://open.spotify.com/track/2RttW7RAu5nOAfq6YFvApB
155,2017-08-03,156,Down,No Vacancy,OneRepublic,500080,https://i.scdn.co/image/ab67616d000048518eadf2a91387dd890653afbe,https://open.spotify.com/track/6XOYVSmNDjKUNMXooU4s4z
156,2017-08-03,157,Down,Portland,Drake,497491,https://i.scdn.co/image/6dfd956b9331fa9ea1f47ebb95311951ed72b3db,https://open.spotify.com/track/2bjwRfXMk4uRgOD9IBYl9h
157,2017-08-03,158,Down,do re mi,blackbear,494986,https://i.scdn.co/image/25560e082d8ff78217dd6594d18f827a4049cc63,https://open.spotify.com/track/3Q3myFA7q4Op95DOpHplaY
158,2017-08-03,159,Down,Swang,Rae Sremmurd,491765,https://i.scdn.co/image/16293ab3b4f9301aeb5f41810fd7056d463db55e,https://open.spotify.com/track/6mapJIPnQ23RTAevUoE0DL
159,2017-08-03,160,Flat,Paradinha,Anitta,490873,https://i.scdn.co/image/ab67616d00004851060ef674248ad011af09f6e6,https://open.spotify.com/track/05rJdH2MRLJ3sQoEUO78qs
160,2017-08-03,161,Up,Ni Tú Ni Yo (feat. Gente de Zona),Jennifer Lopez,484121,https://i.scdn.co/image/ab67616d000048511c96396253c7d52af2b940e5,https://open.spotify.com/track/5xMzazov0IHYllrc8U2K6F
161,2017-08-03,162,Down,Hear Me Now,Alok,481804,https://i.scdn.co/image/e308bad29e4cf6dc8aa5cd97449ef71bbb893d40,https://open.spotify.com/track/1a5Yu5L18qNxVhXx38njON
162,2017-08-03,163,Up,Why,Sabrina Carpenter,481738,https://i.scdn.co/image/ab67616d00004851eacfb091aa2c9ce49381c96e,https://open.spotify.com/track/2jYmK1cb3Uya6FFsocdpzO
163,2017-08-03,164,Flat,White Iverson,Post Malone,478488,https://i.scdn.co/image/23bae95100dcb6ac8f88c19fa2a11c50a998a926,https://open.spotify.com/track/6eT7xZZlB2mwyzJ2sUKG6w
164,2017-08-03,165,Flat,Mercy,Shawn Mendes,476322,https://i.scdn.co/image/ab67616d00004851188e6332f32088921ab1eaf8,https://open.spotify.com/track/4TZy1wLyHec06pwgFYDh1a
165,2017-08-03,166,Up,"Lose Yourself - From ""8 Mile"" Soundtrack",Eminem,475324,https://i.scdn.co/image/36440dfd440d23086573d62a32def35ecc42f111,https://open.spotify.com/track/5Z01UMMf7V1o0MzF86s6WJ
166,2017-08-03,167,Down,The Night We Met,Lord Huron,474879,https://i.scdn.co/image/ab67616d00004851ee6611c95f868e465c98a0b2,https://open.spotify.com/track/6mORGLOz79w6VsCRLWYYuK
167,2017-08-03,168,Down,Cold,Maroon 5,470486,https://i.scdn.co/image/ab67616d000048514727f9e79c338683c5bf8921,https://open.spotify.com/track/5NNlUMcOEOdoOIwwaWXv0k
168,2017-08-03,169,Up,"How Far I'll Go - From ""Moana""",Alessia Cara,470205,https://i.scdn.co/image/ab67616d00004851fb128b1eda22335050f584fe,https://open.spotify.com/track/5hYTyyh2odQKphUbMqc5gN
169,2017-08-03,170,Flat,One Last Time,Ariana Grande,467284,https://i.scdn.co/image/ab67616d000048511254a60895a75d37796045c8,https://open.spotify.com/track/7bJwvubZZaoGE1AGEfu8Fi
170,2017-08-03,171,Up,Faded,Alan Walker,464965,https://i.scdn.co/image/ab67616d00004851c4d00cac55ae1b4598c9bc90,https://open.spotify.com/track/7gHs73wELdeycvS48JfIos
171,2017-08-03,172,Down,Cheap Thrills,Sia,462910,https://i.scdn.co/image/ab67616d0000485149e0134c686547c28b7c999f,https://open.spotify.com/track/27SdWb2rFzO6GWiYDBTD9j
172,2017-08-03,173,Up,The Scientist,Coldplay,462597,https://i.scdn.co/image/ab67616d00004851ad6f442ecac8735b9285a923,https://open.spotify.com/track/75JFxkI2RXiU7L9VXzMkle
173,2017-08-03,174,Up,Loca (feat. Cali y El Dandee),Maite Perroni,458032,https://i.scdn.co/image/ab67616d00004851aff6f2b3368a8bf5bb6eb94d,https://open.spotify.com/track/05ZXXyeZFhZtA6DAP3Aw7x
174,2017-08-03,175,Up,Chained To The Rhythm,Katy Perry,455825,https://i.scdn.co/image/ab67616d000048511487979a7e0181a5d0406d1a,https://open.spotify.com/track/6520aj0B4FSKGVuKNsOCOi
175,2017-08-03,176,Down,Weak,AJR,455483,https://i.scdn.co/image/ab67616d00004851c5f3ca405ff6ed13dc554b94,https://open.spotify.com/track/3E2Zh20GDCR9B1EYjfXWyv
176,2017-08-03,177,Flat,Go Flex,Post Malone,453826,https://i.scdn.co/image/23bae95100dcb6ac8f88c19fa2a11c50a998a926,https://open.spotify.com/track/5yuShbu70mtHXY0yLzCQLQ
177,2017-08-03,178,Up,Safari,J Balvin,453147,https://i.scdn.co/image/ab67616d00004851338ffc4c72a192f06070546b,https://open.spotify.com/track/6rQSrBHf7HlZjtcMZ4S4bO
178,2017-08-03,179,Flat,Heathens,Twenty One Pilots,452750,https://i.scdn.co/image/ab67616d000048512ca3ba8f334ca5a5f0312efb,https://open.spotify.com/track/6i0V12jOa3mr6uu4WYhUBr
179,2017-08-03,180,Down,Hot2Touch,Felix Jaehn,452670,https://i.scdn.co/image/ab67616d00004851767ba597ba12ee255719cbd4,https://open.spotify.com/track/1sBhJGPUKrdRycgKxve70v
180,2017-08-03,181,Up,T-Shirt,Migos,449394,https://i.scdn.co/image/ab67616d0000485199a8ab6da9d593939302828a,https://open.spotify.com/track/7KOlJ92bu51cltsD9KU5I7
181,2017-08-03,182,Down,ELEMENT.,Kendrick Lamar,448110,https://i.scdn.co/image/ae1f239b41e9604a66eb900834c6887cd2f62ff1,https://open.spotify.com/track/1EaKU4dMbesXXd3BrLCtYG
182,2017-08-03,183,Up,Tunnel Vision,Kodak Black,447772,https://i.scdn.co/image/ab67616d000048511541a676423805fc68ff3e66,https://open.spotify.com/track/4Q3N4Ct4zCuIHuZ65E3BD4
183,2017-08-03,184,Up,Wonderwall - Remastered,Oasis,447347,https://i.scdn.co/image/ab67616d0000485185e5dcc05cc216a10f141480,https://open.spotify.com/track/5qqabIl2vWzo9ApSC317sa
184,2017-08-03,185,Down,'Till I Collapse,Eminem,447178,https://i.scdn.co/image/ab67616d00004851ccdb1982626f299b3b1d3efd,https://open.spotify.com/track/6yr8GiTHWvFfi4o6Q5ebdT
185,2017-08-03,186,Down,Be Mine,Ofenbach,445980,https://i.scdn.co/image/ab67616d00004851e819b286432a124e510dc87b,https://open.spotify.com/track/2KklXplRtxMsBYo474Es0w
186,2017-08-03,187,Up,Sun Comes Up (feat. James Arthur),Rudimental,445880,https://i.scdn.co/image/ab67616d00004851db779b39b22152a560a22bde,https://open.spotify.com/track/6SUocL0caib4mLHe8ZrZzi
187,2017-08-03,188,New,Marmalade (feat. Lil Yachty),Macklemore,445805,https://i.scdn.co/image/ab67616d00004851680f96eb3f25997ee13ab941,https://open.spotify.com/track/0RYXEibxMami3QuT8kn4Iz
188,2017-08-03,189,Up,Vente Pa' Ca,Ricky Martin,445283,https://i.scdn.co/image/ab67616d000048513d90f5938459be40b7b6652a,https://open.spotify.com/track/7DM4BPaS7uofFul3ywMe46
189,2017-08-03,190,Down,Bon appétit,Katy Perry,442009,https://i.scdn.co/image/ab67616d000048511487979a7e0181a5d0406d1a,https://open.spotify.com/track/61WbtB6ujkpNAsAf5LjF4b
190,2017-08-03,191,Up,Stressed Out,Twenty One Pilots,440316,https://i.scdn.co/image/ab67616d00004851de03bfc2991fd5bcfde65ba3,https://open.spotify.com/track/3CRDbSIZ4r5MsZ0YwxuEkn
191,2017-08-03,192,Flat,Ride,Twenty One Pilots,439750,https://i.scdn.co/image/ab67616d00004851de03bfc2991fd5bcfde65ba3,https://open.spotify.com/track/2Z8WuEywRWYTKe1NybPQEW
192,2017-08-03,193,Up,Traicionera,Sebastian Yatra,433021,https://i.scdn.co/image/ab67616d00004851dbe5e9f934a9be5db8884c52,https://open.spotify.com/track/5J1c3M4EldCfNxXwrwt8mT
193,2017-08-03,194,Flat,Dive,Ed Sheeran,431295,https://i.scdn.co/image/ab67616d00004851ba5db46f4b838ef6027e6f96,https://open.spotify.com/track/51ChrwmUPDJvedPQnIU8Ls
194,2017-08-03,195,Up,What I've Done,Linkin Park,431130,https://i.scdn.co/image/ab67616d00004851514f140462e6deb04d227f2e,https://open.spotify.com/track/4kfm1uI9QGaoN9qm6CkAMn
195,2017-08-03,196,Down,Still Got Time,ZAYN,431072,https://i.scdn.co/image/ab67616d000048513bfd914f72da2ed8822a634f,https://open.spotify.com/track/000xQL6tZNLJzIrtIgxqSl
196,2017-08-03,197,Up,Work from Home (feat. Ty Dolla $ign),Fifth Harmony,428223,https://i.scdn.co/image/ab67616d00004851d03fa6f4e758282b7920b5c8,https://open.spotify.com/track/4tCtwWceOPWzenK2HAIJSb
197,2017-08-03,198,New,Rolex,Ayo & Teo,427959,https://i.scdn.co/image/ab67616d0000485179dbd95fbdf6b0d617bd32dd,https://open.spotify.com/track/0pSBuHjILhNEo55xK1zrRt
198,2017-08-03,199,Down,Perfect Strangers,Jonas Blue,427307,https://i.scdn.co/image/14891cf71e2287163c137e90074783ba5cdd4ff4,https://open.spotify.com/track/5bZtRlMBU76vHuDOb1GM5u
199,2017-08-03,200,New,Loco Enamorado,Abraham Mateo,426463,https://i.scdn.co/image/ab67616d00004851c7c9cff204bc6b4a3e36e42d,https://open.spotify.com/track/4N1c5rmWOzRmB9SMacr5wB
