,Date,Position,Trend,Title,Artist,Streams,Icon_URL,Spotify_URL
0,2017-11-22,1,Flat,rockstar,Post Malone,5489874,https://i.scdn.co/image/ab67616d00004851345f823b6c1dbd3b4cc7b382,https://open.spotify.com/track/7wGoVu4Dady5GV0Sv4UIsx
1,2017-11-22,2,Flat,Havana,Camila Cabello,4437974,https://i.scdn.co/image/ab67616d00004851d93cf4d07ba50d7b32ca7c44,https://open.spotify.com/track/0ofbQMrRDsUaVKq2mGLEAb
2,2017-11-22,3,Flat,Wolves,Selena Gomez,3722111,https://i.scdn.co/image/ab67616d0000485110368f28dac3b838770f985c,https://open.spotify.com/track/7EmGUiUaOSGDnUUQUDrOXC
3,2017-11-22,4,Flat,New Rules,Dua Lipa,3578386,https://i.scdn.co/image/ab67616d000048516b915e407b70e121e06fe979,https://open.spotify.com/track/2ekn2ttSfGqwhhate0LSR0
4,2017-11-22,5,Flat,Perfect,Ed Sheeran,3442311,https://i.scdn.co/image/ab67616d00004851ba5db46f4b838ef6027e6f96,https://open.spotify.com/track/0tgVpDi06FyKpA1z0VMD4v
5,2017-11-22,6,Up,Gucci Gang,Lil Pump,3357472,https://i.scdn.co/image/ab67616d00004851d52ef190ae5253eb2c3c764c,https://open.spotify.com/track/43ZyHQITOjhciSUUNPVRHc
6,2017-11-22,7,Down,Too Good At Goodbyes,Sam Smith,3300149,https://i.scdn.co/image/eb645ad7342e0f34817e16d9d4061c3b5e374d4c,https://open.spotify.com/track/1mXVgsBdtIVeCLJnSnmtdV
7,2017-11-22,8,Flat,What Lovers Do (feat. SZA),Maroon 5,3203191,https://i.scdn.co/image/ab67616d000048519ccf08d3f74b36b7880522b5,https://open.spotify.com/track/3hBBKuWJfxlIlnd9QFoC8k
8,2017-11-22,9,Flat,Let You Down,NF,2847698,https://i.scdn.co/image/ab67616d0000485139e85b6ae069d1e25bbc89df,https://open.spotify.com/track/6mrKP2jyIQmM0rw6fQryjr
9,2017-11-22,10,Up,Silence,Marshmello,2751151,https://i.scdn.co/image/ab67616d00004851f33ba583059dc2f7d08bf2b8,https://open.spotify.com/track/7vGuf3Y35N4wmASOKLUVVU
10,2017-11-22,11,Down,Dusk Till Dawn - Radio Edit,ZAYN,2717625,https://i.scdn.co/image/ab67616d0000485123852b7ef0ecfe29d38d97ee,https://open.spotify.com/track/1j4kHkkpqZRBwE0A4CN4Yv
11,2017-11-22,12,Up,Échame La Culpa,Luis Fonsi,2630351,https://i.scdn.co/image/ab67616d000048510ac9a58447dfccc5127248e0,https://open.spotify.com/track/1zsG4eaZmkA1dvjDDsAGLK
12,2017-11-22,13,Down,I Fall Apart,Post Malone,2504894,https://i.scdn.co/image/23bae95100dcb6ac8f88c19fa2a11c50a998a926,https://open.spotify.com/track/75ZvA4QfFiZvzhj2xkaWAh
13,2017-11-22,14,Flat,1-800-273-8255,Logic,2269725,https://i.scdn.co/image/08f9ccb7875a87c07c79c1ccd5319263786c55ea,https://open.spotify.com/track/5tz69p7tJuGPeMGwNTxYuV
14,2017-11-22,15,Flat,Young Dumb & Broke,Khalid,2120224,https://i.scdn.co/image/ab67616d00004851988ede5e1276e758b5f9e577,https://open.spotify.com/track/5Z3GHaZ6ec9bsiI5BenrbY
15,2017-11-22,16,Flat,How Long,Charlie Puth,2098519,https://i.scdn.co/image/ab67616d00004851872353e715cccea67fe3de91,https://open.spotify.com/track/32DGGj6KlNuBr6WaqRxpxi
16,2017-11-22,17,Flat,"Let Me Go (with Alesso, Florida Georgia Line & watt)",Hailee Steinfeld,2053295,https://i.scdn.co/image/ab67616d00004851dbdc892395413def043e0655,https://open.spotify.com/track/5AEtlRudpgdT5FtNiuly6Y
17,2017-11-22,18,Up,Shape of You,Ed Sheeran,1950261,https://i.scdn.co/image/ab67616d00004851ba5db46f4b838ef6027e6f96,https://open.spotify.com/track/7qiZfU4dY1lWllzX7mPBI3
18,2017-11-22,19,Down,Stargazing,Kygo,1898359,https://i.scdn.co/image/ab67616d00004851a333559091297eda04eba27c,https://open.spotify.com/track/0Zbbxnx4SGGHoIow4PpISP
19,2017-11-22,20,Flat,Lonely Together (feat. Rita Ora),Avicii,1836805,https://i.scdn.co/image/241ee98f30f1a0066a26890586952e393a473b0d,https://open.spotify.com/track/2OALaHcDdKkjYEpAr0Qzab
20,2017-11-22,21,Up,Thunder,Imagine Dragons,1835173,https://i.scdn.co/image/ab67616d000048517956bd9a3d7a15e4c2e37cc6,https://open.spotify.com/track/0tKcYR2II1VCQWT79i5NrW
21,2017-11-22,22,Up,XO Tour Llif3,Lil Uzi Vert,1798041,https://i.scdn.co/image/ab67616d0000485141b41e6f7924e530a9b00f9c,https://open.spotify.com/track/7GX5flRQZVHRAGd6B4TmDO
22,2017-11-22,23,Up,Candy Paint,Post Malone,1786113,https://i.scdn.co/image/ab67616d00004851bf95d2beddffbdb488310f67,https://open.spotify.com/track/42CeaId2XNlxugDvyqHfDf
23,2017-11-22,24,Up,Unforgettable,French Montana,1773784,https://i.scdn.co/image/ab67616d000048518a31195a371b2233456f6c07,https://open.spotify.com/track/3B54sVLJ402zGa6Xm4YGNe
24,2017-11-22,25,Down,Walk On Water (feat. Beyoncé),Eminem,1772807,https://i.scdn.co/image/ab67616d00004851a9476a5b95d4faa1545e8d77,https://open.spotify.com/track/5b2QnYcT9rQIkhRWt4HztQ
25,2017-11-22,26,Down,Criminal,Natti Natasha,1756135,https://i.scdn.co/image/ab67616d000048515f3f4af0d3e662247a7d8cff,https://open.spotify.com/track/6Za3190Sbw39BBC77WSS1C
26,2017-11-22,27,Flat,Bank Account,21 Savage,1729440,https://i.scdn.co/image/ab67616d00004851ac3c0aecec76cd7b5a54795e,https://open.spotify.com/track/2fQrGHiQOvpL9UgPvtYy6G
27,2017-11-22,28,Flat,Feel It Still,Portugal. The Man,1704434,https://i.scdn.co/image/ab67616d00004851af52c228c9619ff6298b08cd,https://open.spotify.com/track/6QgjcU0zLnzq5OrUoSZ3OK
28,2017-11-22,29,Flat,Sorry Not Sorry,Demi Lovato,1687383,https://i.scdn.co/image/ab67616d00004851ec9c72308e30e7aa1d22b37d,https://open.spotify.com/track/3m660poUr1chesgkkjQM7P
29,2017-11-22,30,Up,Congratulations,Post Malone,1666473,https://i.scdn.co/image/23bae95100dcb6ac8f88c19fa2a11c50a998a926,https://open.spotify.com/track/3a1lNhkSLSkpJE4MSHpDu9
30,2017-11-22,31,Down,Mi Gente,J Balvin,1665643,https://i.scdn.co/image/ab67616d00004851996bd1ea86bd3815eedfeef5,https://open.spotify.com/track/2rb5MvYT7ZIxbKW5hfcHx8
31,2017-11-22,32,Flat,No Limit,G-Eazy,1652754,https://i.scdn.co/image/ab67616d0000485130e1314399055d25579f7ae3,https://open.spotify.com/track/2Xqd0wUttjueBfdcltADOv
32,2017-11-22,33,Up,Meant to Be (feat. Florida Georgia Line),Bebe Rexha,1580475,https://i.scdn.co/image/ab67616d000048511ba5682505dd6e2592b16e41,https://open.spotify.com/track/7iDa6hUg2VgEL1o1HjmfBn
33,2017-11-22,34,Down,Sensualidad,Bad Bunny,1579493,https://i.scdn.co/image/ab67616d00004851c0ca1263b2966ddff794d3bb,https://open.spotify.com/track/5hcisvFMidkMJlElTO9Qmw
34,2017-11-22,35,Flat,Se Preparó,Ozuna,1553187,https://i.scdn.co/image/ab67616d00004851b0a875d7f1bfe4ec4aaffa48,https://open.spotify.com/track/1m69ELEgE6k5ZWsap40ozt
35,2017-11-22,36,Up,Ric Flair Drip (& Metro Boomin),Offset,1530144,https://i.scdn.co/image/ab67616d000048510f206fe737d46f2f2d826d83,https://open.spotify.com/track/7sO5G9EABYOXQKNPNiE9NR
36,2017-11-22,37,Down,Plain Jane,A$AP Ferg,1523412,https://i.scdn.co/image/ab67616d00004851d79cfa3155b50beb5dbeeb9a,https://open.spotify.com/track/4dVpf9jZjcORqGTLUaeYj9
37,2017-11-22,38,Up,I Miss You (feat. Julia Michaels),Clean Bandit,1482844,https://i.scdn.co/image/ab67616d000048518341ce7a7a1f4ab4182823d5,https://open.spotify.com/track/2xmrfQpmS2iJExTlklLoAL
38,2017-11-22,39,Down,Mayores,Becky G,1440761,https://i.scdn.co/image/ab67616d00004851b5983d639fd953deb3c99848,https://open.spotify.com/track/7JNh1cfm0eXjqFVOzKLyau
39,2017-11-22,40,Up,Me Rehúso,Danny Ocean,1408768,https://i.scdn.co/image/ab67616d00004851a75bd33684083600569dd3bf,https://open.spotify.com/track/6De0lHrwBfPfrhorm9q1Xl
40,2017-11-22,41,Down,What About Us,P!nk,1390843,https://i.scdn.co/image/ab67616d0000485100164c96548a622d34b39828,https://open.spotify.com/track/0Qh38w01QRXK6KHIv0e3hb
41,2017-11-22,42,Up,Bodak Yellow,Cardi B,1382035,https://i.scdn.co/image/ab67616d0000485162a2dedc55a38a0fca0a17b0,https://open.spotify.com/track/2771LMNxwf62FTAdpJMQfM
42,2017-11-22,43,Down,MotorSport,Migos,1375233,https://i.scdn.co/image/ab67616d000048510dee8dd1f81727cbe7f085a3,https://open.spotify.com/track/1YZfcVLbbJwfizR5cDOp3q
43,2017-11-22,44,Down,Attention,Charlie Puth,1368494,https://i.scdn.co/image/ab67616d00004851db21a273452f0637cdbc35aa,https://open.spotify.com/track/4iLqG9SeJSnt0cSPICSjxv
44,2017-11-22,45,Flat,I Like Me Better,Lauv,1339501,https://i.scdn.co/image/ab67616d00004851fab48816b625e2a77a732400,https://open.spotify.com/track/1wjzFQodRWrPcQ0AnYnvQ9
45,2017-11-22,46,Flat,Friends (with BloodPop®),Justin Bieber,1330632,https://i.scdn.co/image/ab67616d00004851302806b2c89a0f7a24b4922c,https://open.spotify.com/track/7nZmah2llfvLDiUjm0kiyz
46,2017-11-22,47,Up,Perro Fiel (feat. Nicky Jam),Shakira,1310036,https://i.scdn.co/image/ab67616d00004851d05d3aad30c5fb7614893cf5,https://open.spotify.com/track/70lnL3QaSOIIyMa2X9aVRL
47,2017-11-22,48,Flat,Glorious (feat. Skylar Grey),Macklemore,1300407,https://i.scdn.co/image/ab67616d000048512e94b668c60b06deb1c3a05c,https://open.spotify.com/track/0CokSRCu5hZgPxcZBaEzVE
48,2017-11-22,49,Down,Man's Not Hot,Big Shaq,1296815,https://i.scdn.co/image/ab67616d00004851e297a281788cf46e9094a2ca,https://open.spotify.com/track/2nUJvBO87SkxCViQsLc9Zr
49,2017-11-22,50,Flat,Mi Gente (feat. Beyoncé),J Balvin,1266909,https://i.scdn.co/image/ab67616d00004851aa2bdbc1911b520d425af85e,https://open.spotify.com/track/7fwXWKdDNI5IutOMc5OKYw
50,2017-11-22,51,Up,HUMBLE.,Kendrick Lamar,1207145,https://i.scdn.co/image/ae1f239b41e9604a66eb900834c6887cd2f62ff1,https://open.spotify.com/track/7KXjTSCq5nL1LoYtL7XAwS
51,2017-11-22,52,Down,More Than You Know,Axwell /\ Ingrosso,1169066,https://i.scdn.co/image/ab67616d00004851cb442ec337da75fb09cc3981,https://open.spotify.com/track/3PEgB3fkiojxms35ntsTgs
52,2017-11-22,53,Up,All Falls Down (feat. Juliander),Alan Walker,1148913,https://i.scdn.co/image/ab67616d00004851206fdebc66bd04d9913f035d,https://open.spotify.com/track/5yFSF6qQA1rcLsQRnBsZgb
53,2017-11-22,54,Down,Jocelyn Flores,XXXTENTACION,1141367,https://i.scdn.co/image/ab67616d00004851203c89bd4391468eea4cc3f5,https://open.spotify.com/track/7m9OqQk4RVRkw9JJdeAw96
54,2017-11-22,55,Up,Havana - Remix,Camila Cabello,1116533,https://i.scdn.co/image/ab67616d000048515556fb4dfea9c05e09519c25,https://open.spotify.com/track/3whrwq4DtvucphBPUogRuJ
55,2017-11-22,56,Down,Too Much To Ask,Niall Horan,1107284,https://i.scdn.co/image/ab67616d0000485194fde6afa9cbf073e5b6445a,https://open.spotify.com/track/4v094LQ9eF10k2O2Te2ngK
56,2017-11-22,57,Flat,Que Va,Alex Sensation,1104030,https://i.scdn.co/image/ab67616d00004851571f364389a9436e4ff8a362,https://open.spotify.com/track/7ofxPmTNMj2GP07g1VZa0O
57,2017-11-22,58,Flat,Anywhere,Rita Ora,1082040,https://i.scdn.co/image/ab67616d000048517a642f7a662f4c94683ac038,https://open.spotify.com/track/7EI6Iki24tBHAMxtb4xQN2
58,2017-11-22,59,Up,I Get The Bag (feat. Migos),Gucci Mane,1052423,https://i.scdn.co/image/ab67616d00004851af7525e55333b110ff0f4e95,https://open.spotify.com/track/1XRgIKC5TPwo7nWGyKqgG0
59,2017-11-22,60,Down,Believer,Imagine Dragons,1051846,https://i.scdn.co/image/ab67616d000048517956bd9a3d7a15e4c2e37cc6,https://open.spotify.com/track/0CcQNd8CINkwQfe1RDtGV6
60,2017-11-22,61,Up,Báilame - Remix,Nacho,1036181,https://i.scdn.co/image/ab67616d00004851473f54a79eb118bdfa668aa2,https://open.spotify.com/track/3VClLWqNn80Llv0PJOsKgr
61,2017-11-22,62,Down,Something Just Like This,The Chainsmokers,1034887,https://i.scdn.co/image/ab67616d000048510c13d3d5a503c84fcc60ae94,https://open.spotify.com/track/6RUKPb4LETWmmr3iAEQktW
62,2017-11-22,63,Up,Felices los 4,Maluma,1034032,https://i.scdn.co/image/ab67616d00004851d9732b592276542ecafa6c6d,https://open.spotify.com/track/0qYTZCo5Bwh1nsUFGZP3zn
63,2017-11-22,64,Up,Downtown,Anitta,1031055,https://i.scdn.co/image/ab67616d000048518c6b830c36c7b4ac43c3cee8,https://open.spotify.com/track/3Ga6eKrUFf12ouh9Yw3v2D
64,2017-11-22,65,Down,Bad At Love,Halsey,1029337,https://i.scdn.co/image/d5bb421dbecbba7c6904eb67672f3cd25cf54c23,https://open.spotify.com/track/7y9iMe8SOB6z3NoHE2OfXl
65,2017-11-22,66,Up,All I Want for Christmas Is You,Mariah Carey,1014096,https://i.scdn.co/image/ab67616d000048514246e3158421f5abb75abc4f,https://open.spotify.com/track/0bYg9bo50gSsH3LtXe2SQn
66,2017-11-22,67,Up,There's Nothing Holdin' Me Back,Shawn Mendes,1001410,https://i.scdn.co/image/ab67616d00004851f9cbd0c07513a7232cd6b9a7,https://open.spotify.com/track/79cuOz3SPQTuFrp8WgftAu
67,2017-11-22,68,Down,Bonita,J Balvin,991470,https://i.scdn.co/image/ab67616d0000485148f3fc1d4f0fed414418e041,https://open.spotify.com/track/693iqPOQvhI7PobtR8CC8v
68,2017-11-22,69,Up,Despacito - Remix,Luis Fonsi,986428,https://i.scdn.co/image/ab67616d00004851d8559d0280ffe2a2af6dacdf,https://open.spotify.com/track/5CtI0qwDJkDQGwXD1H1cLb
69,2017-11-22,70,Up,Betrayed,Lil Xan,983459,https://i.scdn.co/image/ab67616d00004851fd53c5b8a4787f283833db4d,https://open.spotify.com/track/6NWl2m8asvH83xjuXVNsuG
70,2017-11-22,71,Down,Ghostface Killers,21 Savage,981715,https://i.scdn.co/image/ab67616d000048510f206fe737d46f2f2d826d83,https://open.spotify.com/track/5u6vkDnOyaf8LsteDAj2ub
71,2017-11-22,72,Flat,Vuelve,Daddy Yankee,980662,https://i.scdn.co/image/ab67616d0000485127fd276f720970c987695b55,https://open.spotify.com/track/0lJCqIx5BhZtf6QtYI2fbv
72,2017-11-22,73,Down,BUTTERFLY EFFECT,Travis Scott,978495,https://i.scdn.co/image/ab67616d00004851b5e9358d0d07114609d9afab,https://open.spotify.com/track/1yxgsra98r3qAtxqiGZPiX
73,2017-11-22,74,Flat,Suena El Dembow,Joey Montana,977880,https://i.scdn.co/image/ab67616d00004851c8185c654dc0409609c5eb31,https://open.spotify.com/track/5TysCiZtv1HnSWcTcUFusI
74,2017-11-22,75,Up,Tip Toe (feat. French Montana),Jason Derulo,972881,https://i.scdn.co/image/ab67616d000048511ba06755018b46f2a6a2a7ff,https://open.spotify.com/track/2z4pcBLQXF2BXKFvd0BuB6
75,2017-11-22,76,Down,Feels,Calvin Harris,958431,https://i.scdn.co/image/ab67616d000048514d3fa5ce7ba599f4fd7803ef,https://open.spotify.com/track/5bcTCxgc7xVfSaMV3RuVke
76,2017-11-22,77,Flat,Escápate Conmigo,Wisin,955593,https://i.scdn.co/image/ab67616d000048512b02904e5404ad6069c16a4f,https://open.spotify.com/track/2cnKEkpVUSV4wnjQiTWfH6
77,2017-11-22,78,Up,Good Old Days (feat. Kesha),Macklemore,955043,https://i.scdn.co/image/ab67616d000048512e94b668c60b06deb1c3a05c,https://open.spotify.com/track/2Za1AlJNvksouPPWbXpR2X
78,2017-11-22,79,Up,goosebumps,Travis Scott,946492,https://i.scdn.co/image/ab67616d00004851f54b99bf27cda88f4a7403ce,https://open.spotify.com/track/6gBFPUFcJLzWGx4lenP6h2
79,2017-11-22,80,Down,Robarte un Beso,Carlos Vives,942846,https://i.scdn.co/image/ab67616d00004851575fb66ec11e54fb68d548a5,https://open.spotify.com/track/0JcNysfWVWaMS7R6vzGB2k
80,2017-11-22,81,Down,Location,Khalid,919736,https://i.scdn.co/image/ab67616d00004851988ede5e1276e758b5f9e577,https://open.spotify.com/track/152lZdxL1OR0ZMW6KquMif
81,2017-11-22,82,Down,Say You Won't Let Go,James Arthur,918833,https://i.scdn.co/image/ab67616d0000485120beb61f61fcbeb33b10a9ab,https://open.spotify.com/track/5uCax9HTNlzGybIStD3vDh
82,2017-11-22,83,Flat,Look What You Made Me Do,Taylor Swift,909519,https://i.scdn.co/image/ab67616d00004851e3953b884e6b0bd31933d4e0,https://open.spotify.com/track/6uFsE1JgZ20EXyU0JQZbUR
83,2017-11-22,84,Up,Corazón,Maluma,893679,https://i.scdn.co/image/ab67616d000048516876ec811b26ba2094565b34,https://open.spotify.com/track/4lESS6vuruP6a79KWRaQou
84,2017-11-22,85,Down,Pray,Sam Smith,886925,https://i.scdn.co/image/eb645ad7342e0f34817e16d9d4061c3b5e374d4c,https://open.spotify.com/track/7DsX5K72fewVGb47qj7Tbg
85,2017-11-22,86,Down,A Different Way (with Lauv),DJ Snake,884502,https://i.scdn.co/image/ab67616d00004851506d86a3034de7bc2af6cb84,https://open.spotify.com/track/0Wv5wuenRLI3BcwgT3HPIP
86,2017-11-22,87,Down,Wait,Maroon 5,866204,https://i.scdn.co/image/ab67616d000048519ccf08d3f74b36b7880522b5,https://open.spotify.com/track/1Qg9jWGDkKAGZXj5v2OG59
87,2017-11-22,88,Up,Wild Thoughts (feat. Rihanna & Bryson Tiller),DJ Khaled,865975,https://i.scdn.co/image/ab67616d00004851dcb6a73da1e7f293b875f69c,https://open.spotify.com/track/1OAh8uOEOvTDqkKFsKksCi
88,2017-11-22,89,Down,Reggaetón Lento (Remix),CNCO,865288,https://i.scdn.co/image/ab67616d00004851c4c45bf90052845efd2a597d,https://open.spotify.com/track/3zoYkqS4y2BsGVShPL2nTE
89,2017-11-22,90,Up,Strip That Down,Liam Payne,863661,https://i.scdn.co/image/ab67616d00004851ec1abb2ba5e210e826161111,https://open.spotify.com/track/6EpRaXYhGOB3fj4V2uDkMJ
90,2017-11-22,91,Down,Without You (feat. Sandro Cavazza),Avicii,862202,https://i.scdn.co/image/ab67616d0000485130800bfbfff51ddb031d9bd7,https://open.spotify.com/track/6WbADFqMvR8N5u0BvtsWQE
91,2017-11-22,92,Flat,Go Flex,Post Malone,830674,https://i.scdn.co/image/23bae95100dcb6ac8f88c19fa2a11c50a998a926,https://open.spotify.com/track/5yuShbu70mtHXY0yLzCQLQ
92,2017-11-22,93,Up,"I'm the One (feat. Justin Bieber, Quavo, Chance the Rapper & Lil Wayne)",DJ Khaled,816639,https://i.scdn.co/image/ab67616d00004851dcb6a73da1e7f293b875f69c,https://open.spotify.com/track/3DXncPQOG4VBw3QHh3S817
93,2017-11-22,94,Down,Fuck Love (feat. Trippie Redd),XXXTENTACION,813591,https://i.scdn.co/image/ab67616d00004851203c89bd4391468eea4cc3f5,https://open.spotify.com/track/7AQim7LbvFVZJE3O8TYgf2
94,2017-11-22,95,Up,Mama,Jonas Blue,799035,https://i.scdn.co/image/14891cf71e2287163c137e90074783ba5cdd4ff4,https://open.spotify.com/track/0NiXXAI876aGImAd6rTj8w
95,2017-11-22,96,Up,Roll In Peace (feat. XXXTENTACION),Kodak Black,796144,https://i.scdn.co/image/ab67616d00004851583ce93dc89d84218f233ea7,https://open.spotify.com/track/40oKW22ZNNkEdZLJTScaQI
96,2017-11-22,97,Down,Homemade Dynamite - REMIX,Lorde,787763,https://i.scdn.co/image/ab67616d000048516626ef537ceeba28af1a14e7,https://open.spotify.com/track/2rE9TX3VQ0WNt7kziFhKep
97,2017-11-22,98,Up,Slow Hands,Niall Horan,780643,https://i.scdn.co/image/ab67616d0000485194fde6afa9cbf073e5b6445a,https://open.spotify.com/track/38yBBH2jacvDxrznF7h08J
98,2017-11-22,99,Up,Dirty Sexy Money (feat. Charli XCX & French Montana),David Guetta,779739,https://i.scdn.co/image/ab67616d00004851657bb3660936e0d47e785dcd,https://open.spotify.com/track/0tPQPaOKM32WgMSbPCYyRH
99,2017-11-22,100,Down,Wanted You (feat. Lil Uzi Vert),NAV,779021,https://i.scdn.co/image/8eebb0096ab97f23172ea197224a4ee0267043eb,https://open.spotify.com/track/790MhTXPFrYkrqCKvpg4t1
100,2017-11-22,101,Up,Déjala que vuelva (feat. Manuel Turizo),Piso 21,778102,https://i.scdn.co/image/ab67616d000048514ed4c2e64f7bf0977aa70b42,https://open.spotify.com/track/33bnxcjePIkcmNjEFTJX0l
101,2017-11-22,102,Down,Despacito (Featuring Daddy Yankee),Luis Fonsi,776824,https://i.scdn.co/image/ab67616d00004851a5971936e3b8d91f8b616b17,https://open.spotify.com/track/4aWmUDTfIPGksMNLV2rQP2
102,2017-11-22,103,Flat,Bedroom Floor,Liam Payne,771458,https://i.scdn.co/image/ab67616d00004851cf0dd4aa0fcfdacdb3099a3d,https://open.spotify.com/track/1pZdegOXTZ2ftINo3oUuRZ
103,2017-11-22,104,Down,Back to You (feat. Bebe Rexha & Digital Farm Animals),Louis Tomlinson,768486,https://i.scdn.co/image/ab67616d00004851327d7ffa53a268bf7411c28b,https://open.spotify.com/track/7F9vK8hNFMml4GtHsaXui6
104,2017-11-22,105,Up,Symphony (feat. Zara Larsson),Clean Bandit,766117,https://i.scdn.co/image/ab67616d000048515b1130d050c4cd2295999d85,https://open.spotify.com/track/1x5sYLZiu9r5E43kMlt9f8
105,2017-11-22,106,Down,Una Lady Como Tú,Manuel Turizo,760528,https://i.scdn.co/image/ab67616d00004851f9dc35bc367fcf98e763d27e,https://open.spotify.com/track/7MHN1aCFtLXjownGhvEQlF
106,2017-11-22,107,Up,Slippery (feat. Gucci Mane),Migos,758607,https://i.scdn.co/image/ab67616d0000485199a8ab6da9d593939302828a,https://open.spotify.com/track/6p8NuHm8uCGnn2Dtbtf7zE
107,2017-11-22,108,Down,PICK IT UP (feat. A$AP Rocky),Famous Dex,753205,https://i.scdn.co/image/ab67616d00004851b3c4572395192f7c8d26820b,https://open.spotify.com/track/3ncgNpxLoBQ65ABk4djDyd
108,2017-11-22,109,Up,That's What I Like,Bruno Mars,743518,https://i.scdn.co/image/ab67616d00004851232711f7d66a1e19e89e28c5,https://open.spotify.com/track/0KKkJNfGyhkQ5aFogxQAPU
109,2017-11-22,110,Up,Swalla (feat. Nicki Minaj & Ty Dolla $ign),Jason Derulo,740473,https://i.scdn.co/image/ab67616d000048519d6522bee68370fa5592301d,https://open.spotify.com/track/6kex4EBAj0WHXDKZMEJaaF
110,2017-11-22,111,Down,The Way Life Goes (feat. Oh Wonder),Lil Uzi Vert,732284,https://i.scdn.co/image/ab67616d0000485141b41e6f7924e530a9b00f9c,https://open.spotify.com/track/2eAZfqOm4EnOF9VvN50Tyc
111,2017-11-22,112,Up,LOVE. FEAT. ZACARI.,Kendrick Lamar,730555,https://i.scdn.co/image/ae1f239b41e9604a66eb900834c6887cd2f62ff1,https://open.spotify.com/track/6PGoSes0D9eUDeeAafB2As
112,2017-11-22,113,Down,Galway Girl,Ed Sheeran,726946,https://i.scdn.co/image/ab67616d00004851ba5db46f4b838ef6027e6f96,https://open.spotify.com/track/0afhq8XCExXpqazXczTSve
113,2017-11-22,114,Up,Mask Off,Future,724077,https://i.scdn.co/image/ab67616d00004851e0b64c8be3c4e804abcb2696,https://open.spotify.com/track/0VgkVdmE4gld66l8iyGjgx
114,2017-11-22,115,Down,Ahora Dice,Chris Jeday,720725,https://i.scdn.co/image/ab67616d000048513a142c7e7fc7863dc1a256ed,https://open.spotify.com/track/22eADXu8DfOAUEDw4vU8qy
115,2017-11-22,116,Up,3 A.M.,Jesse & Joy,720459,https://i.scdn.co/image/ab67616d000048510d747598f6e8df40f5671e0c,https://open.spotify.com/track/0yyZN5ASdrYu0XYWFzfxUu
116,2017-11-22,117,Down,Questions,Chris Brown,717066,https://i.scdn.co/image/ab67616d00004851af236a3219d347662cb4a284,https://open.spotify.com/track/3ojTJaonfkL96iIWa47SU3
117,2017-11-22,118,Up,Feels Great (feat. Fetty Wap & CVBZ),Cheat Codes,711278,https://i.scdn.co/image/ab67616d00004851418fb4daf285608ca79cd7b7,https://open.spotify.com/track/5uu28fUesZMl89lf9CLrgN
118,2017-11-22,119,Up,"I Don’t Wanna Live Forever (Fifty Shades Darker) - From ""Fifty Shades Darker (Original Motion Picture Soundtrack)""",ZAYN,704264,https://i.scdn.co/image/ab67616d000048512ae921f082ae5db4d3da818f,https://open.spotify.com/track/3NdDpSvN911VPGivFlV5d0
119,2017-11-22,120,Up,Your Song,Rita Ora,704119,https://i.scdn.co/image/ab67616d00004851528e7f2b6eda1b2a20ccfb1f,https://open.spotify.com/track/4c2W3VKsOFoIg2SFaO6DY5
120,2017-11-22,121,Down,White Iverson,Post Malone,703300,https://i.scdn.co/image/23bae95100dcb6ac8f88c19fa2a11c50a998a926,https://open.spotify.com/track/6eT7xZZlB2mwyzJ2sUKG6w
121,2017-11-22,122,Down,...Ready For It?,Taylor Swift,702835,https://i.scdn.co/image/ab67616d000048516d8d80daf86adc5dcf8a80bc,https://open.spotify.com/track/19WjVVgXjdKXfLXoaDPwTM
122,2017-11-22,123,Up,SUTRA,Sebastian Yatra,701642,https://i.scdn.co/image/ab67616d00004851f215288f120008eb66a16a8b,https://open.spotify.com/track/5TmZYdHW6HJ9gt7Aokuql5
123,2017-11-22,124,Down,Closer,The Chainsmokers,701539,https://i.scdn.co/image/ab67616d00004851495ce6da9aeb159e94eaa453,https://open.spotify.com/track/7BKLCZ1jbUBVqRi2FVlTVw
124,2017-11-22,125,Up,It Ain't Me (with Selena Gomez),Kygo,694509,https://i.scdn.co/image/ab67616d0000485141f289940f2e6a0d51988d77,https://open.spotify.com/track/3eR23VReFzcdmS7TYCrhCe
125,2017-11-22,126,Down,Photograph,Ed Sheeran,691403,https://i.scdn.co/image/ab67616d00004851d08209944468440145f01524,https://open.spotify.com/track/6fxVffaTuwjgEk5h9QyRjy
126,2017-11-22,127,Up,Explícale (feat. Bad Bunny),Yandel,686119,https://i.scdn.co/image/ab67616d00004851b54d1c695daae20467312eb3,https://open.spotify.com/track/1LszjjoVwDDZcWUQbzeDLG
127,2017-11-22,128,Up,Stranger Things (feat. OneRepublic),Kygo,684167,https://i.scdn.co/image/ab67616d000048513b85dc1c8597abe0b64d65bf,https://open.spotify.com/track/5gIRPQWULwrvIt0F6pY7ph
128,2017-11-22,129,Flat,New,Daya,677517,https://i.scdn.co/image/ab67616d000048518375d473513aafd2263ef5ef,https://open.spotify.com/track/7y4JznkAv2W3IKw9T1o2VK
129,2017-11-22,130,Up,Drowning (feat. Kodak Black),A Boogie Wit da Hoodie,674916,https://i.scdn.co/image/ab67616d00004851cdba7ee22968991250725ce1,https://open.spotify.com/track/1f5cbQtDrykjarZVrShaDI
130,2017-11-22,131,Down,Tú Foto,Ozuna,674817,https://i.scdn.co/image/ab67616d00004851b0a875d7f1bfe4ec4aaffa48,https://open.spotify.com/track/5zSOVwaY3sVjnmLhuEfsuf
131,2017-11-22,132,Up,2U (feat. Justin Bieber),David Guetta,668038,https://i.scdn.co/image/ab67616d0000485145c5570d4a66346d8f683913,https://open.spotify.com/track/3A7qX2QjDlPnazUsRk5y0M
132,2017-11-22,133,Up,Whatever It Takes,Imagine Dragons,660868,https://i.scdn.co/image/ab67616d000048517956bd9a3d7a15e4c2e37cc6,https://open.spotify.com/track/4IWAyPf1KMq7JCyGeCjTeH
133,2017-11-22,134,Up,Como Antes (feat. Wisin),Yandel,655174,https://i.scdn.co/image/ab67616d00004851b54d1c695daae20467312eb3,https://open.spotify.com/track/5YzA563GXTuwQaRq24z1k5
134,2017-11-22,135,Down,Thinking out Loud,Ed Sheeran,654155,https://i.scdn.co/image/ab67616d00004851d08209944468440145f01524,https://open.spotify.com/track/1Slwb6dOYkBlWal1PGtnNg
135,2017-11-22,136,Flat,Redbone,Childish Gambino,653896,https://i.scdn.co/image/ab67616d000048510b97e56ffad7c6211aa848f8,https://open.spotify.com/track/3kxfsdsCpFgN412fpnW85Y
136,2017-11-22,137,Flat,No Promises (feat. Demi Lovato),Cheat Codes,653747,https://i.scdn.co/image/ab67616d00004851e74ecdb2f1316c8f026970a8,https://open.spotify.com/track/1louJpMmzEicAn7lzDalPW
137,2017-11-22,138,Up,Rake It Up,Yo Gotti,653702,https://i.scdn.co/image/ab67616d000048512cc72b6f465812679b803638,https://open.spotify.com/track/4knL4iPxPOZjQzTUlELGSY
138,2017-11-22,139,Flat,Stay (with Alessia Cara),Zedd,651586,https://i.scdn.co/image/ab67616d0000485191a70f95efc3400f696e89cc,https://open.spotify.com/track/0dA2Mk56wEzDgegdC6R17g
139,2017-11-22,140,Up,Last Christmas,Wham!,650755,https://i.scdn.co/image/ab67616d00004851f2d2adaa21ad616df6241e7d,https://open.spotify.com/track/2FRnf9qhLbvw8fu4IBXx78
140,2017-11-22,141,Up,Lemon,N.E.R.D,648204,https://i.scdn.co/image/ab67616d00004851de957b01b61a40d7c12af030,https://open.spotify.com/track/6tUgfsOa8PLkoede5nOR7D
141,2017-11-22,142,Up,Starboy,The Weeknd,633557,https://i.scdn.co/image/ab67616d000048510c8599cbde51245c128bcea9,https://open.spotify.com/track/5aAx2yezTd8zXrkmtKl66Z
142,2017-11-22,143,Up,Bella y Sensual,Romeo Santos,628740,https://i.scdn.co/image/ab67616d00004851827d0777f8cccdf5b7481442,https://open.spotify.com/track/0ERbK7qVqveCaBWIiYCrl3
143,2017-11-22,144,Flat,Pretty Girl - Cheat Codes X CADE Remix,Maggie Lindemann,626949,https://i.scdn.co/image/ab67616d000048517c7436e1b6273be0e7bc1a84,https://open.spotify.com/track/1NDxZ7cFAo481dtYWdrUnR
144,2017-11-22,145,Down,Issues,Julia Michaels,626300,https://i.scdn.co/image/ab67616d00004851eab8691768189c70635820e8,https://open.spotify.com/track/6D0b04NJIKfEMg040WioJQ
145,2017-11-22,146,Down,Save That Shit,Lil Peep,622966,https://i.scdn.co/image/ab67616d0000485123e42a4144ea148068801e8f,https://open.spotify.com/track/6sn8WaooLLVhQvU96wtEAm
146,2017-11-22,147,Up,One Dance,Drake,622417,https://i.scdn.co/image/ab67616d00004851726abca207567d5e41cb9667,https://open.spotify.com/track/1xznGGDReH1oQq0xzbwXa3
147,2017-11-22,148,Down,Was du Liebe nennst,Bausa,622405,https://i.scdn.co/image/ab67616d000048514eab5afad0bdfd43418f727b,https://open.spotify.com/track/4hKWUzhQWsOkgT6LnDEASe
148,2017-11-22,149,Down,There for You,Martin Garrix,611272,https://i.scdn.co/image/ab67616d0000485172c57da7edfe8e915182cdd4,https://open.spotify.com/track/6jA8HL9i4QGzsj6fjoxp8Y
149,2017-11-22,150,Up,Hey DJ,CNCO,604697,https://i.scdn.co/image/ab67616d000048514358c8856d3acc00ca6c3578,https://open.spotify.com/track/209gZgcfLq2aUuu51vOWBl
150,2017-11-22,151,Up,El Farsante,Ozuna,601981,https://i.scdn.co/image/ab67616d00004851b0a875d7f1bfe4ec4aaffa48,https://open.spotify.com/track/5EId1m4DNwTf3at31w8bPJ
151,2017-11-22,152,Up,DNA.,Kendrick Lamar,594705,https://i.scdn.co/image/ae1f239b41e9604a66eb900834c6887cd2f62ff1,https://open.spotify.com/track/6HZILIRieu8S0iqY8kIKhj
152,2017-11-22,153,Down,Everybody Dies In Their Nightmares,XXXTENTACION,587151,https://i.scdn.co/image/ab67616d00004851203c89bd4391468eea4cc3f5,https://open.spotify.com/track/3GVkPk8mqxz0itaAriG1L7
153,2017-11-22,154,Up,Look At Me!,XXXTENTACION,585372,https://i.scdn.co/image/ab67616d0000485171af28545729f60b3eca66f7,https://open.spotify.com/track/7floNISpH8VF4z4459Qo18
154,2017-11-22,155,Down,Gorgeous,Taylor Swift,581557,https://i.scdn.co/image/ab67616d000048510ee25608d7ab9bed0bd16f1b,https://open.spotify.com/track/5Gd19NupVe5X8bAqxf9Iaz
155,2017-11-22,156,Flat,Scared to Be Lonely,Martin Garrix,573204,https://i.scdn.co/image/ab67616d0000485164f8a309aa3c0a66a31fc374,https://open.spotify.com/track/3ebXMykcMXOcLeJ9xZ17XH
156,2017-11-22,157,Flat,Passionfruit,Drake,572683,https://i.scdn.co/image/ab67616d000048515ea859dc94365abd9fd84fd6,https://open.spotify.com/track/7hDc8b7IXETo14hHIHdnhd
157,2017-11-22,158,Up,Fetish (feat. Gucci Mane),Selena Gomez,570713,https://i.scdn.co/image/ab67616d00004851676b024fbd4c52c3fa382dd4,https://open.spotify.com/track/0XLOf9LhyazPX9Ld8jPiUq
158,2017-11-22,159,Up,Sky Walker (feat. Travis Scott),Miguel,565925,https://i.scdn.co/image/ab67616d000048510821ead0f39992d8a67f1254,https://open.spotify.com/track/1DRW9bQzt2SE8f7H4KJZyL
159,2017-11-22,160,Up,I Feel It Coming,The Weeknd,558850,https://i.scdn.co/image/b3683184efeb899b2d1a02f4957d0c630dc10b0b,https://open.spotify.com/track/5GXAXm5YOmYT0kL5jHvYBt
160,2017-11-22,161,Up,Loco Enamorado,Abraham Mateo,556056,https://i.scdn.co/image/ab67616d00004851c7c9cff204bc6b4a3e36e42d,https://open.spotify.com/track/4N1c5rmWOzRmB9SMacr5wB
161,2017-11-22,162,Flat,"Lose Yourself - From ""8 Mile"" Soundtrack",Eminem,555935,https://i.scdn.co/image/ab67616d00004851a8a32ae2a279b9bf03445738,https://open.spotify.com/track/7w9bgPAmPTtrkt2v16QWvQ
162,2017-11-22,163,Down,Happier,Ed Sheeran,555331,https://i.scdn.co/image/ab67616d00004851ba5db46f4b838ef6027e6f96,https://open.spotify.com/track/2RttW7RAu5nOAfq6YFvApB
163,2017-11-22,164,Up,Rockabye (feat. Sean Paul & Anne-Marie),Clean Bandit,541971,https://i.scdn.co/image/ab67616d000048511431c3bdf16aa99f71799d95,https://open.spotify.com/track/5knuzwU65gJK7IF5yJsuaW
164,2017-11-22,165,Flat,Sign of the Times,Harry Styles,540841,https://i.scdn.co/image/ab67616d000048516c619c39c853f8b1d67b7859,https://open.spotify.com/track/5Ohxk2dO5COHF1krpoPigN
165,2017-11-22,166,Up,Body Like A Back Road,Sam Hunt,540264,https://i.scdn.co/image/ab67616d000048519eccbdab1110afc4d5a186a8,https://open.spotify.com/track/7mldq42yDuxiUNn08nvzHO
166,2017-11-22,167,Down,The Way Life Goes (feat. Nicki Minaj & Oh Wonder) - Remix,Lil Uzi Vert,540241,https://i.scdn.co/image/ab67616d000048514caade913459500ba3b69f1c,https://open.spotify.com/track/6GNifiuBPrKFpwNBYnooFm
167,2017-11-22,168,Down,'Till I Collapse,Eminem,533827,https://i.scdn.co/image/ab67616d00004851ccdb1982626f299b3b1d3efd,https://open.spotify.com/track/6yr8GiTHWvFfi4o6Q5ebdT
168,2017-11-22,169,Down,Stay With Me,Sam Smith,529642,https://i.scdn.co/image/ab67616d000048514fb7193968e58e51c3db3ef4,https://open.spotify.com/track/5Db9VIdDsN5yu3Eu7CT0i4
169,2017-11-22,170,Up,The Race,22 Savage,529066,https://i.scdn.co/image/ab67616d0000485128494dabcf84f9c3bd9459ee,https://open.spotify.com/track/0UioblV1x795s55Ur58c6c
170,2017-11-22,171,Up,Magnolia,Playboi Carti,527433,https://i.scdn.co/image/cbfa858a49a59efbca64c6f7078068cf07731bd0,https://open.spotify.com/track/1e1JKLEDKP7hEQzJfNAgPl
171,2017-11-22,172,Down,Castle on the Hill,Ed Sheeran,526190,https://i.scdn.co/image/ab67616d00004851ba5db46f4b838ef6027e6f96,https://open.spotify.com/track/6PCUP3dWmTjcTtXY02oFdT
172,2017-11-22,173,Up,Malibu,Miley Cyrus,525413,https://i.scdn.co/image/ab67616d000048519012e092ad8ed4731ea11134,https://open.spotify.com/track/1UZOjK1BwmwWU14Erba9CZ
173,2017-11-22,174,Down,We Don't Talk Anymore,Charlie Puth,524602,https://i.scdn.co/image/ab67616d00004851c0e28105f0533c52717c46c2,https://open.spotify.com/track/68EMU2RD1ECNeOeJ5qAXCV
174,2017-11-22,175,Up,Bad and Boujee (feat. Lil Uzi Vert),Migos,520204,https://i.scdn.co/image/ab67616d0000485199a8ab6da9d593939302828a,https://open.spotify.com/track/4Km5HrUvYTaSUfiSGPJeQR
175,2017-11-22,176,Down,Benz Truck - гелик,Lil Peep,517010,https://i.scdn.co/image/ab67616d0000485123e42a4144ea148068801e8f,https://open.spotify.com/track/22fRl49GSpRdu3J2EPj1i6
176,2017-11-22,177,Up,"Sola (Remix) [feat. Daddy Yankee, Wisin, Farruko, Zion & Lennox]",Anuel AA,515790,https://i.scdn.co/image/ab67616d00004851a66def7d649149464edc8f1e,https://open.spotify.com/track/5q2JbCNi4FcnglgPfxcV65
177,2017-11-22,178,Down,Most Girls,Hailee Steinfeld,511323,https://i.scdn.co/image/ab67616d000048519e1b81dc79bd5055417b1e5a,https://open.spotify.com/track/2mfUa8bLs2s5N4VaqJZ4lZ
178,2017-11-22,179,Down,Relationship (feat. Future),Young Thug,510858,https://i.scdn.co/image/ab67616d00004851419cedff7b313b962a93932e,https://open.spotify.com/track/25oOaleife6E2MIKmFkPvg
179,2017-11-22,180,Down,Praying,Kesha,507663,https://i.scdn.co/image/ab67616d0000485155de63b8aaf464fe8146b4f1,https://open.spotify.com/track/0jdny0dhgjUwoIp5GkqEaA
180,2017-11-22,181,Up,Mr. Brightside,The Killers,507019,https://i.scdn.co/image/7d778100d0160184d61981dc8aa666ee6fec0151,https://open.spotify.com/track/7oK9VyNzrYvRFo7nQEYkWN
181,2017-11-22,182,Up,"Pills & Automobiles (feat. Yo Gotti, A Boogie Wit Da Hoodie & Kodak Black)",Chris Brown,506009,https://i.scdn.co/image/ab67616d00004851af236a3219d347662cb4a284,https://open.spotify.com/track/5gx2E5aIXMRBellPZW1up5
182,2017-11-22,183,Up,La Formula (feat. Chris Jeday),De La Ghetto,504421,https://i.scdn.co/image/ab67616d00004851af778f5370b71c3202e5eea1,https://open.spotify.com/track/4XCQtUoRSh22Ep18ULmDnT
183,2017-11-22,184,Down,The Scientist,Coldplay,502831,https://i.scdn.co/image/ab67616d00004851ad6f442ecac8735b9285a923,https://open.spotify.com/track/75JFxkI2RXiU7L9VXzMkle
184,2017-11-22,185,Up,Paris,The Chainsmokers,500795,https://i.scdn.co/image/ab67616d000048510c13d3d5a503c84fcc60ae94,https://open.spotify.com/track/72jbDTw1piOOj770jWNeaG
185,2017-11-22,186,Up,Love Yourself,Justin Bieber,497188,https://i.scdn.co/image/ab67616d00004851b6d9a4fbb0bd49f0f034aead,https://open.spotify.com/track/3hB5DgAiMAQ4DzYbsMq1IT
186,2017-11-22,187,Down,Rubbin Off The Paint,YBN Nahmir,496282,https://i.scdn.co/image/ab67616d000048519147510353eec0dd5a6451b8,https://open.spotify.com/track/0taOCiup4HNG9LmbduVlJj
187,2017-11-22,188,Flat,Treat You Better,Shawn Mendes,495145,https://i.scdn.co/image/ab67616d00004851188e6332f32088921ab1eaf8,https://open.spotify.com/track/4Hf7WnR761jpxPr5D46Bcd
188,2017-11-22,189,Up,Wonderwall - Remastered,Oasis,494025,https://i.scdn.co/image/ab67616d0000485185e5dcc05cc216a10f141480,https://open.spotify.com/track/5qqabIl2vWzo9ApSC317sa
189,2017-11-22,190,Up,iSpy (feat. Lil Yachty),KYLE,491309,https://i.scdn.co/image/ab67616d0000485132e373f2988bc6596a542d1c,https://open.spotify.com/track/2EEeOnHehOozLq4aS0n6SL
190,2017-11-22,191,Up,If I'm Lucky,Jason Derulo,489567,https://i.scdn.co/image/ab67616d000048513d4b1b9e8a5863294562d76b,https://open.spotify.com/track/6eUncuJutsFi9BGO1JaBHh
191,2017-11-22,192,Up,GUMMO,6ix9ine,487691,https://i.scdn.co/image/21baec292a05430415f01af3aece4fb6b51f508a,https://open.spotify.com/track/2vjmyyAnDUzilFYxOlTdO1
192,2017-11-22,193,Down,OK - Spotify Version,Robin Schulz,486986,https://i.scdn.co/image/ab67616d000048517fd57367322c558ca19c9ed8,https://open.spotify.com/track/3bWAqKDWg6u1davspr5IkS
193,2017-11-22,194,Up,Is That For Me,Alesso,485193,https://i.scdn.co/image/ab67616d000048515cff09d47fb5645a51f53c58,https://open.spotify.com/track/2KwojFDebQV4J2b0JMRR5Q
194,2017-11-22,195,New,24K Magic,Bruno Mars,484755,https://i.scdn.co/image/ab67616d00004851232711f7d66a1e19e89e28c5,https://open.spotify.com/track/6b8Be6ljOzmkOmFslEb23P
195,2017-11-22,196,Down,Love Galore (feat. Travis Scott),SZA,481887,https://i.scdn.co/image/ab67616d000048514c79d5ec52a6d0302f3add25,https://open.spotify.com/track/0q75NwOoFiARAVp4EXU4Bs
196,2017-11-22,197,New,Let Me Love You,DJ Snake,480788,https://i.scdn.co/image/ab67616d000048515045de6786e0af096de73ed4,https://open.spotify.com/track/4pdPtRcBmOSQDlJ3Fk945m
197,2017-11-22,198,Down,Awful Things,Lil Peep,477139,https://i.scdn.co/image/ab67616d0000485123e42a4144ea148068801e8f,https://open.spotify.com/track/0bcEHhsuLRDm712CQHomdm
198,2017-11-22,199,Up,Don't Let Me Down,The Chainsmokers,476014,https://i.scdn.co/image/ab67616d0000485108d87fb54859bc9038f7e5e0,https://open.spotify.com/track/0QsvXIfqM0zZoerQfsI9lm
199,2017-11-22,200,Down,Burning,Sam Smith,475974,https://i.scdn.co/image/eb645ad7342e0f34817e16d9d4061c3b5e374d4c,https://open.spotify.com/track/2mb6YdoavL6db22p7XKJQZ
