,Date,Position,Trend,Title,Artist,Streams,Icon_URL,Spotify_URL
0,2017-11-30,1,Flat,rockstar,Post Malone,5228929,https://i.scdn.co/image/ab67616d00004851345f823b6c1dbd3b4cc7b382,https://open.spotify.com/track/7wGoVu4Dady5GV0Sv4UIsx
1,2017-11-30,2,Flat,Havana,Camila Cabello,4241521,https://i.scdn.co/image/ab67616d00004851d93cf4d07ba50d7b32ca7c44,https://open.spotify.com/track/0ofbQMrRDsUaVKq2mGLEAb
2,2017-11-30,3,Up,Perfect,Ed Sheeran,3511554,https://i.scdn.co/image/ab67616d00004851ba5db46f4b838ef6027e6f96,https://open.spotify.com/track/0tgVpDi06FyKpA1z0VMD4v
3,2017-11-30,4,Down,Wolves,Selena Gomez,3466799,https://i.scdn.co/image/ab67616d0000485110368f28dac3b838770f985c,https://open.spotify.com/track/7EmGUiUaOSGDnUUQUDrOXC
4,2017-11-30,5,Flat,New Rules,Dua Lipa,3422976,https://i.scdn.co/image/ab67616d000048516b915e407b70e121e06fe979,https://open.spotify.com/track/2ekn2ttSfGqwhhate0LSR0
5,2017-11-30,6,Flat,Too Good At Goodbyes,Sam Smith,3043697,https://i.scdn.co/image/eb645ad7342e0f34817e16d9d4061c3b5e374d4c,https://open.spotify.com/track/1mXVgsBdtIVeCLJnSnmtdV
6,2017-11-30,7,Flat,Gucci Gang,Lil Pump,2984948,https://i.scdn.co/image/ab67616d00004851d52ef190ae5253eb2c3c764c,https://open.spotify.com/track/43ZyHQITOjhciSUUNPVRHc
7,2017-11-30,8,Flat,What Lovers Do (feat. SZA),Maroon 5,2929532,https://i.scdn.co/image/ab67616d000048519ccf08d3f74b36b7880522b5,https://open.spotify.com/track/3hBBKuWJfxlIlnd9QFoC8k
8,2017-11-30,9,Flat,Let You Down,NF,2860821,https://i.scdn.co/image/ab67616d0000485139e85b6ae069d1e25bbc89df,https://open.spotify.com/track/6mrKP2jyIQmM0rw6fQryjr
9,2017-11-30,10,Flat,Échame La Culpa,Luis Fonsi,2707129,https://i.scdn.co/image/ab67616d000048510ac9a58447dfccc5127248e0,https://open.spotify.com/track/1zsG4eaZmkA1dvjDDsAGLK
10,2017-11-30,11,Flat,Silence,Marshmello,2639235,https://i.scdn.co/image/ab67616d00004851f33ba583059dc2f7d08bf2b8,https://open.spotify.com/track/7vGuf3Y35N4wmASOKLUVVU
11,2017-11-30,12,Flat,Dusk Till Dawn - Radio Edit,ZAYN,2591192,https://i.scdn.co/image/ab67616d0000485123852b7ef0ecfe29d38d97ee,https://open.spotify.com/track/1j4kHkkpqZRBwE0A4CN4Yv
12,2017-11-30,13,Flat,I Fall Apart,Post Malone,2408087,https://i.scdn.co/image/23bae95100dcb6ac8f88c19fa2a11c50a998a926,https://open.spotify.com/track/75ZvA4QfFiZvzhj2xkaWAh
13,2017-11-30,14,Flat,"Let Me Go (with Alesso, Florida Georgia Line & watt)",Hailee Steinfeld,2049309,https://i.scdn.co/image/ab67616d00004851dbdc892395413def043e0655,https://open.spotify.com/track/5AEtlRudpgdT5FtNiuly6Y
14,2017-11-30,15,Flat,How Long,Charlie Puth,2036860,https://i.scdn.co/image/ab67616d00004851872353e715cccea67fe3de91,https://open.spotify.com/track/32DGGj6KlNuBr6WaqRxpxi
15,2017-11-30,16,Flat,Young Dumb & Broke,Khalid,2029138,https://i.scdn.co/image/ab67616d00004851988ede5e1276e758b5f9e577,https://open.spotify.com/track/5Z3GHaZ6ec9bsiI5BenrbY
16,2017-11-30,17,Up,All I Want for Christmas Is You,Mariah Carey,2023476,https://i.scdn.co/image/ab67616d000048514246e3158421f5abb75abc4f,https://open.spotify.com/track/0bYg9bo50gSsH3LtXe2SQn
17,2017-11-30,18,Flat,Shape of You,Ed Sheeran,1950094,https://i.scdn.co/image/ab67616d00004851ba5db46f4b838ef6027e6f96,https://open.spotify.com/track/7qiZfU4dY1lWllzX7mPBI3
18,2017-11-30,19,Down,1-800-273-8255,Logic,1920852,https://i.scdn.co/image/08f9ccb7875a87c07c79c1ccd5319263786c55ea,https://open.spotify.com/track/5tz69p7tJuGPeMGwNTxYuV
19,2017-11-30,20,Down,Candy Paint,Post Malone,1853158,https://i.scdn.co/image/ab67616d00004851bf95d2beddffbdb488310f67,https://open.spotify.com/track/42CeaId2XNlxugDvyqHfDf
20,2017-11-30,21,Down,Stargazing,Kygo,1836401,https://i.scdn.co/image/ab67616d00004851a333559091297eda04eba27c,https://open.spotify.com/track/0Zbbxnx4SGGHoIow4PpISP
21,2017-11-30,22,Down,I Miss You (feat. Julia Michaels),Clean Bandit,1794182,https://i.scdn.co/image/ab67616d000048518341ce7a7a1f4ab4182823d5,https://open.spotify.com/track/2xmrfQpmS2iJExTlklLoAL
22,2017-11-30,23,Up,Sensualidad,Bad Bunny,1738781,https://i.scdn.co/image/ab67616d00004851c0ca1263b2966ddff794d3bb,https://open.spotify.com/track/5hcisvFMidkMJlElTO9Qmw
23,2017-11-30,24,Down,Thunder,Imagine Dragons,1715625,https://i.scdn.co/image/ab67616d000048517956bd9a3d7a15e4c2e37cc6,https://open.spotify.com/track/0tKcYR2II1VCQWT79i5NrW
24,2017-11-30,25,Up,Criminal,Natti Natasha,1681194,https://i.scdn.co/image/ab67616d000048515f3f4af0d3e662247a7d8cff,https://open.spotify.com/track/6Za3190Sbw39BBC77WSS1C
25,2017-11-30,26,Up,XO Tour Llif3,Lil Uzi Vert,1674815,https://i.scdn.co/image/ab67616d0000485141b41e6f7924e530a9b00f9c,https://open.spotify.com/track/7GX5flRQZVHRAGd6B4TmDO
26,2017-11-30,27,Up,Meant to Be (feat. Florida Georgia Line),Bebe Rexha,1667828,https://i.scdn.co/image/ab67616d000048511ba5682505dd6e2592b16e41,https://open.spotify.com/track/7iDa6hUg2VgEL1o1HjmfBn
27,2017-11-30,28,Up,Bank Account,21 Savage,1663550,https://i.scdn.co/image/ab67616d00004851ac3c0aecec76cd7b5a54795e,https://open.spotify.com/track/2fQrGHiQOvpL9UgPvtYy6G
28,2017-11-30,29,Down,Downtown,Anitta,1656910,https://i.scdn.co/image/ab67616d000048518c6b830c36c7b4ac43c3cee8,https://open.spotify.com/track/3Ga6eKrUFf12ouh9Yw3v2D
29,2017-11-30,30,Down,Unforgettable,French Montana,1646189,https://i.scdn.co/image/ab67616d000048518a31195a371b2233456f6c07,https://open.spotify.com/track/3B54sVLJ402zGa6Xm4YGNe
30,2017-11-30,31,Down,Lonely Together (feat. Rita Ora),Avicii,1634240,https://i.scdn.co/image/241ee98f30f1a0066a26890586952e393a473b0d,https://open.spotify.com/track/2OALaHcDdKkjYEpAr0Qzab
31,2017-11-30,32,Flat,Congratulations,Post Malone,1599517,https://i.scdn.co/image/23bae95100dcb6ac8f88c19fa2a11c50a998a926,https://open.spotify.com/track/3a1lNhkSLSkpJE4MSHpDu9
32,2017-11-30,33,Up,Ric Flair Drip (& Metro Boomin),Offset,1583902,https://i.scdn.co/image/ab67616d000048510f206fe737d46f2f2d826d83,https://open.spotify.com/track/7sO5G9EABYOXQKNPNiE9NR
33,2017-11-30,34,Down,Feel It Still,Portugal. The Man,1531904,https://i.scdn.co/image/ab67616d00004851af52c228c9619ff6298b08cd,https://open.spotify.com/track/6QgjcU0zLnzq5OrUoSZ3OK
34,2017-11-30,35,Up,No Limit,G-Eazy,1499435,https://i.scdn.co/image/ab67616d0000485130e1314399055d25579f7ae3,https://open.spotify.com/track/2Xqd0wUttjueBfdcltADOv
35,2017-11-30,36,Up,Mi Gente,J Balvin,1498819,https://i.scdn.co/image/ab67616d00004851996bd1ea86bd3815eedfeef5,https://open.spotify.com/track/2rb5MvYT7ZIxbKW5hfcHx8
36,2017-11-30,37,Down,Sorry Not Sorry,Demi Lovato,1487117,https://i.scdn.co/image/ab67616d00004851ec9c72308e30e7aa1d22b37d,https://open.spotify.com/track/3m660poUr1chesgkkjQM7P
37,2017-11-30,38,Up,Se Preparó,Ozuna,1474330,https://i.scdn.co/image/ab67616d00004851b0a875d7f1bfe4ec4aaffa48,https://open.spotify.com/track/1m69ELEgE6k5ZWsap40ozt
38,2017-11-30,39,Down,Plain Jane,A$AP Ferg,1459461,https://i.scdn.co/image/ab67616d00004851d79cfa3155b50beb5dbeeb9a,https://open.spotify.com/track/4dVpf9jZjcORqGTLUaeYj9
39,2017-11-30,40,Flat,Mayores,Becky G,1391119,https://i.scdn.co/image/ab67616d00004851b5983d639fd953deb3c99848,https://open.spotify.com/track/7JNh1cfm0eXjqFVOzKLyau
40,2017-11-30,41,Up,Me Rehúso,Danny Ocean,1365053,https://i.scdn.co/image/ab67616d00004851a75bd33684083600569dd3bf,https://open.spotify.com/track/6De0lHrwBfPfrhorm9q1Xl
41,2017-11-30,42,Up,Anywhere,Rita Ora,1330366,https://i.scdn.co/image/ab67616d000048517a642f7a662f4c94683ac038,https://open.spotify.com/track/7EI6Iki24tBHAMxtb4xQN2
42,2017-11-30,43,Up,Attention,Charlie Puth,1317193,https://i.scdn.co/image/ab67616d00004851db21a273452f0637cdbc35aa,https://open.spotify.com/track/4iLqG9SeJSnt0cSPICSjxv
43,2017-11-30,44,Down,I Like Me Better,Lauv,1307783,https://i.scdn.co/image/ab67616d00004851fab48816b625e2a77a732400,https://open.spotify.com/track/1wjzFQodRWrPcQ0AnYnvQ9
44,2017-11-30,45,Flat,Man's Not Hot,Big Shaq,1304469,https://i.scdn.co/image/ab67616d00004851e297a281788cf46e9094a2ca,https://open.spotify.com/track/2nUJvBO87SkxCViQsLc9Zr
45,2017-11-30,46,Down,MotorSport,Migos,1281426,https://i.scdn.co/image/ab67616d000048510dee8dd1f81727cbe7f085a3,https://open.spotify.com/track/1YZfcVLbbJwfizR5cDOp3q
46,2017-11-30,47,Down,Friends (with BloodPop®),Justin Bieber,1263866,https://i.scdn.co/image/ab67616d00004851302806b2c89a0f7a24b4922c,https://open.spotify.com/track/7nZmah2llfvLDiUjm0kiyz
47,2017-11-30,48,Down,Perro Fiel (feat. Nicky Jam),Shakira,1259735,https://i.scdn.co/image/ab67616d00004851d05d3aad30c5fb7614893cf5,https://open.spotify.com/track/70lnL3QaSOIIyMa2X9aVRL
48,2017-11-30,49,Up,Last Christmas,Wham!,1239070,https://i.scdn.co/image/ab67616d00004851f2d2adaa21ad616df6241e7d,https://open.spotify.com/track/2FRnf9qhLbvw8fu4IBXx78
49,2017-11-30,50,Flat,Glorious (feat. Skylar Grey),Macklemore,1186336,https://i.scdn.co/image/ab67616d000048512e94b668c60b06deb1c3a05c,https://open.spotify.com/track/0CokSRCu5hZgPxcZBaEzVE
50,2017-11-30,51,Down,Walk On Water (feat. Beyoncé),Eminem,1170482,https://i.scdn.co/image/ab67616d00004851a9476a5b95d4faa1545e8d77,https://open.spotify.com/track/5b2QnYcT9rQIkhRWt4HztQ
51,2017-11-30,52,Flat,All Falls Down (feat. Juliander),Alan Walker,1127042,https://i.scdn.co/image/ab67616d00004851206fdebc66bd04d9913f035d,https://open.spotify.com/track/5yFSF6qQA1rcLsQRnBsZgb
52,2017-11-30,53,Flat,HUMBLE.,Kendrick Lamar,1112388,https://i.scdn.co/image/ae1f239b41e9604a66eb900834c6887cd2f62ff1,https://open.spotify.com/track/7KXjTSCq5nL1LoYtL7XAwS
53,2017-11-30,54,Flat,Havana - Remix,Camila Cabello,1077595,https://i.scdn.co/image/ab67616d000048515556fb4dfea9c05e09519c25,https://open.spotify.com/track/3whrwq4DtvucphBPUogRuJ
54,2017-11-30,55,Up,Corazón,Maluma,1074563,https://i.scdn.co/image/ab67616d000048516876ec811b26ba2094565b34,https://open.spotify.com/track/4lESS6vuruP6a79KWRaQou
55,2017-11-30,56,Down,Mi Gente (feat. Beyoncé),J Balvin,1070477,https://i.scdn.co/image/ab67616d00004851aa2bdbc1911b520d425af85e,https://open.spotify.com/track/7fwXWKdDNI5IutOMc5OKYw
56,2017-11-30,57,Down,Jocelyn Flores,XXXTENTACION,1069481,https://i.scdn.co/image/ab67616d00004851203c89bd4391468eea4cc3f5,https://open.spotify.com/track/7m9OqQk4RVRkw9JJdeAw96
57,2017-11-30,58,Flat,Tip Toe (feat. French Montana),Jason Derulo,1056790,https://i.scdn.co/image/ab67616d000048511ba06755018b46f2a6a2a7ff,https://open.spotify.com/track/2z4pcBLQXF2BXKFvd0BuB6
58,2017-11-30,59,Down,More Than You Know,Axwell /\ Ingrosso,1052359,https://i.scdn.co/image/ab67616d00004851cb442ec337da75fb09cc3981,https://open.spotify.com/track/3PEgB3fkiojxms35ntsTgs
59,2017-11-30,60,Up,I Get The Bag (feat. Migos),Gucci Mane,1037597,https://i.scdn.co/image/ab67616d00004851af7525e55333b110ff0f4e95,https://open.spotify.com/track/1XRgIKC5TPwo7nWGyKqgG0
60,2017-11-30,61,Down,Betrayed,Lil Xan,1032394,https://i.scdn.co/image/ab67616d00004851fd53c5b8a4787f283833db4d,https://open.spotify.com/track/6NWl2m8asvH83xjuXVNsuG
61,2017-11-30,62,Flat,Bodak Yellow,Cardi B,1016975,https://i.scdn.co/image/ab67616d0000485162a2dedc55a38a0fca0a17b0,https://open.spotify.com/track/2771LMNxwf62FTAdpJMQfM
62,2017-11-30,63,Up,Something Just Like This,The Chainsmokers,1012024,https://i.scdn.co/image/ab67616d000048510c13d3d5a503c84fcc60ae94,https://open.spotify.com/track/6RUKPb4LETWmmr3iAEQktW
63,2017-11-30,64,Up,Que Va,Alex Sensation,1011967,https://i.scdn.co/image/ab67616d00004851571f364389a9436e4ff8a362,https://open.spotify.com/track/7ofxPmTNMj2GP07g1VZa0O
64,2017-11-30,65,Up,Believer,Imagine Dragons,1001186,https://i.scdn.co/image/ab67616d000048517956bd9a3d7a15e4c2e37cc6,https://open.spotify.com/track/0CcQNd8CINkwQfe1RDtGV6
65,2017-11-30,66,Up,Báilame - Remix,Nacho,998809,https://i.scdn.co/image/ab67616d00004851473f54a79eb118bdfa668aa2,https://open.spotify.com/track/3VClLWqNn80Llv0PJOsKgr
66,2017-11-30,67,Up,Ghostface Killers,21 Savage,977326,https://i.scdn.co/image/ab67616d000048510f206fe737d46f2f2d826d83,https://open.spotify.com/track/5u6vkDnOyaf8LsteDAj2ub
67,2017-11-30,68,Up,PICK IT UP (feat. A$AP Rocky),Famous Dex,976969,https://i.scdn.co/image/ab67616d00004851b3c4572395192f7c8d26820b,https://open.spotify.com/track/3ncgNpxLoBQ65ABk4djDyd
68,2017-11-30,69,Flat,Bonita,J Balvin,967384,https://i.scdn.co/image/ab67616d0000485148f3fc1d4f0fed414418e041,https://open.spotify.com/track/693iqPOQvhI7PobtR8CC8v
69,2017-11-30,70,Down,What About Us,P!nk,961933,https://i.scdn.co/image/ab67616d0000485100164c96548a622d34b39828,https://open.spotify.com/track/0Qh38w01QRXK6KHIv0e3hb
70,2017-11-30,71,Flat,BUTTERFLY EFFECT,Travis Scott,956982,https://i.scdn.co/image/ab67616d00004851b5e9358d0d07114609d9afab,https://open.spotify.com/track/1yxgsra98r3qAtxqiGZPiX
71,2017-11-30,72,Up,Suena El Dembow,Joey Montana,947167,https://i.scdn.co/image/ab67616d00004851c8185c654dc0409609c5eb31,https://open.spotify.com/track/5TysCiZtv1HnSWcTcUFusI
72,2017-11-30,73,Up,Déjala que vuelva (feat. Manuel Turizo),Piso 21,936130,https://i.scdn.co/image/ab67616d000048514ed4c2e64f7bf0977aa70b42,https://open.spotify.com/track/33bnxcjePIkcmNjEFTJX0l
73,2017-11-30,74,Down,Felices los 4,Maluma,935050,https://i.scdn.co/image/ab67616d00004851d9732b592276542ecafa6c6d,https://open.spotify.com/track/0qYTZCo5Bwh1nsUFGZP3zn
74,2017-11-30,75,Down,Bad At Love,Halsey,932342,https://i.scdn.co/image/d5bb421dbecbba7c6904eb67672f3cd25cf54c23,https://open.spotify.com/track/7y9iMe8SOB6z3NoHE2OfXl
75,2017-11-30,76,Up,MIC Drop (feat. Desiigner) [Steve Aoki Remix],BTS,922868,https://i.scdn.co/image/ab67616d0000485115220cf0d8a63c67c8daaaa6,https://open.spotify.com/track/7Ed6BkggCS2KaKY5YlINaF
76,2017-11-30,77,Down,There's Nothing Holdin' Me Back,Shawn Mendes,920703,https://i.scdn.co/image/ab67616d00004851f9cbd0c07513a7232cd6b9a7,https://open.spotify.com/track/79cuOz3SPQTuFrp8WgftAu
77,2017-11-30,78,Flat,Escápate Conmigo,Wisin,907692,https://i.scdn.co/image/ab67616d000048512b02904e5404ad6069c16a4f,https://open.spotify.com/track/2cnKEkpVUSV4wnjQiTWfH6
78,2017-11-30,79,Down,Naked,James Arthur,904911,https://i.scdn.co/image/ab67616d00004851f13bfa0da7b94ac3272f3152,https://open.spotify.com/track/7krbSH3rd8lhIZvuzTV3Bl
79,2017-11-30,80,Down,goosebumps,Travis Scott,903673,https://i.scdn.co/image/ab67616d00004851f54b99bf27cda88f4a7403ce,https://open.spotify.com/track/6gBFPUFcJLzWGx4lenP6h2
80,2017-11-30,81,Down,Vuelve,Daddy Yankee,895579,https://i.scdn.co/image/ab67616d0000485127fd276f720970c987695b55,https://open.spotify.com/track/0lJCqIx5BhZtf6QtYI2fbv
81,2017-11-30,82,Up,Robarte un Beso,Carlos Vives,890882,https://i.scdn.co/image/ab67616d00004851575fb66ec11e54fb68d548a5,https://open.spotify.com/track/0JcNysfWVWaMS7R6vzGB2k
82,2017-11-30,83,Down,Say You Won't Let Go,James Arthur,888741,https://i.scdn.co/image/ab67616d0000485120beb61f61fcbeb33b10a9ab,https://open.spotify.com/track/5uCax9HTNlzGybIStD3vDh
83,2017-11-30,84,Up,Despacito - Remix,Luis Fonsi,887457,https://i.scdn.co/image/ab67616d00004851d8559d0280ffe2a2af6dacdf,https://open.spotify.com/track/5CtI0qwDJkDQGwXD1H1cLb
84,2017-11-30,85,Down,Location,Khalid,886782,https://i.scdn.co/image/ab67616d00004851988ede5e1276e758b5f9e577,https://open.spotify.com/track/152lZdxL1OR0ZMW6KquMif
85,2017-11-30,86,Up,A Different Way (with Lauv),DJ Snake,855385,https://i.scdn.co/image/ab67616d00004851506d86a3034de7bc2af6cb84,https://open.spotify.com/track/0Wv5wuenRLI3BcwgT3HPIP
86,2017-11-30,87,Down,Too Much To Ask,Niall Horan,849035,https://i.scdn.co/image/ab67616d0000485194fde6afa9cbf073e5b6445a,https://open.spotify.com/track/4v094LQ9eF10k2O2Te2ngK
87,2017-11-30,88,Down,Wait,Maroon 5,846545,https://i.scdn.co/image/ab67616d000048519ccf08d3f74b36b7880522b5,https://open.spotify.com/track/1Qg9jWGDkKAGZXj5v2OG59
88,2017-11-30,89,Up,Strip That Down,Liam Payne,830027,https://i.scdn.co/image/ab67616d00004851ec1abb2ba5e210e826161111,https://open.spotify.com/track/6EpRaXYhGOB3fj4V2uDkMJ
89,2017-11-30,90,Down,Feels,Calvin Harris,828181,https://i.scdn.co/image/ab67616d000048514d3fa5ce7ba599f4fd7803ef,https://open.spotify.com/track/5bcTCxgc7xVfSaMV3RuVke
90,2017-11-30,91,Down,Without You (feat. Sandro Cavazza),Avicii,823331,https://i.scdn.co/image/ab67616d0000485130800bfbfff51ddb031d9bd7,https://open.spotify.com/track/6WbADFqMvR8N5u0BvtsWQE
91,2017-11-30,92,Up,It's Beginning to Look a Lot like Christmas,Michael Bublé,822607,https://i.scdn.co/image/ab67616d00004851c08cdc7be557844f3610880d,https://open.spotify.com/track/0lLdorYw7lVrJydTINhWdI
92,2017-11-30,93,Up,Go Flex,Post Malone,811780,https://i.scdn.co/image/23bae95100dcb6ac8f88c19fa2a11c50a998a926,https://open.spotify.com/track/5yuShbu70mtHXY0yLzCQLQ
93,2017-11-30,94,Down,Wanted You (feat. Lil Uzi Vert),NAV,800619,https://i.scdn.co/image/8eebb0096ab97f23172ea197224a4ee0267043eb,https://open.spotify.com/track/790MhTXPFrYkrqCKvpg4t1
94,2017-11-30,95,Up,"Home (with Machine Gun Kelly, X Ambassadors & Bebe Rexha)",Machine Gun Kelly,799744,https://i.scdn.co/image/ab67616d000048517a3fbbab0e9fb050a08fa065,https://open.spotify.com/track/0OI7AFifLSoGzpb8bdBLLV
95,2017-11-30,96,Down,Good Old Days (feat. Kesha),Macklemore,796665,https://i.scdn.co/image/ab67616d000048512e94b668c60b06deb1c3a05c,https://open.spotify.com/track/2Za1AlJNvksouPPWbXpR2X
96,2017-11-30,97,Down,Fuck Love (feat. Trippie Redd),XXXTENTACION,790573,https://i.scdn.co/image/ab67616d00004851203c89bd4391468eea4cc3f5,https://open.spotify.com/track/7AQim7LbvFVZJE3O8TYgf2
97,2017-11-30,98,Down,Roll In Peace (feat. XXXTENTACION),Kodak Black,786391,https://i.scdn.co/image/ab67616d00004851583ce93dc89d84218f233ea7,https://open.spotify.com/track/40oKW22ZNNkEdZLJTScaQI
98,2017-11-30,99,Down,Wild Thoughts (feat. Rihanna & Bryson Tiller),DJ Khaled,786162,https://i.scdn.co/image/ab67616d00004851dcb6a73da1e7f293b875f69c,https://open.spotify.com/track/1OAh8uOEOvTDqkKFsKksCi
99,2017-11-30,100,Down,Look What You Made Me Do,Taylor Swift,773233,https://i.scdn.co/image/ab67616d00004851e3953b884e6b0bd31933d4e0,https://open.spotify.com/track/6uFsE1JgZ20EXyU0JQZbUR
100,2017-11-30,101,Down,Mama,Jonas Blue,773038,https://i.scdn.co/image/14891cf71e2287163c137e90074783ba5cdd4ff4,https://open.spotify.com/track/0NiXXAI876aGImAd6rTj8w
101,2017-11-30,102,Down,"I'm the One (feat. Justin Bieber, Quavo, Chance the Rapper & Lil Wayne)",DJ Khaled,769288,https://i.scdn.co/image/ab67616d00004851dcb6a73da1e7f293b875f69c,https://open.spotify.com/track/3DXncPQOG4VBw3QHh3S817
102,2017-11-30,103,Up,That's What I Like,Bruno Mars,764333,https://i.scdn.co/image/ab67616d00004851232711f7d66a1e19e89e28c5,https://open.spotify.com/track/0KKkJNfGyhkQ5aFogxQAPU
103,2017-11-30,104,Down,Symphony (feat. Zara Larsson),Clean Bandit,745762,https://i.scdn.co/image/ab67616d000048515b1130d050c4cd2295999d85,https://open.spotify.com/track/1x5sYLZiu9r5E43kMlt9f8
104,2017-11-30,105,Up,Bella y Sensual,Romeo Santos,743975,https://i.scdn.co/image/ab67616d00004851827d0777f8cccdf5b7481442,https://open.spotify.com/track/0ERbK7qVqveCaBWIiYCrl3
105,2017-11-30,106,Down,Dirty Sexy Money (feat. Charli XCX & French Montana),David Guetta,742121,https://i.scdn.co/image/ab67616d00004851657bb3660936e0d47e785dcd,https://open.spotify.com/track/0tPQPaOKM32WgMSbPCYyRH
106,2017-11-30,107,Up,Santa Tell Me,Ariana Grande,737135,https://i.scdn.co/image/ab67616d00004851202a03f8e0f1845194be0a42,https://open.spotify.com/track/1ADjWm8QNhgNV8yCNNgQ1T
107,2017-11-30,108,Down,Homemade Dynamite - REMIX,Lorde,735393,https://i.scdn.co/image/ab67616d000048516626ef537ceeba28af1a14e7,https://open.spotify.com/track/2rE9TX3VQ0WNt7kziFhKep
108,2017-11-30,109,Up,Mistletoe,Justin Bieber,733820,https://i.scdn.co/image/ab67616d00004851c89563256ae01ba8d4cbce29,https://open.spotify.com/track/32OWobmyAz8J2qA8iWekyS
109,2017-11-30,110,Flat,SUTRA,Sebastian Yatra,733710,https://i.scdn.co/image/ab67616d00004851f215288f120008eb66a16a8b,https://open.spotify.com/track/5TmZYdHW6HJ9gt7Aokuql5
110,2017-11-30,111,Up,Codeine Dreaming (feat. Lil Wayne),Kodak Black,729880,https://i.scdn.co/image/ab67616d000048518e3046e13f253a208519b21a,https://open.spotify.com/track/4DTpngLjoHj5gFxEZFeD3J
111,2017-11-30,112,Flat,Slippery (feat. Gucci Mane),Migos,729755,https://i.scdn.co/image/ab67616d0000485199a8ab6da9d593939302828a,https://open.spotify.com/track/6p8NuHm8uCGnn2Dtbtf7zE
112,2017-11-30,113,Down,LOVE. FEAT. ZACARI.,Kendrick Lamar,727319,https://i.scdn.co/image/ae1f239b41e9604a66eb900834c6887cd2f62ff1,https://open.spotify.com/track/6PGoSes0D9eUDeeAafB2As
113,2017-11-30,114,Down,Galway Girl,Ed Sheeran,718245,https://i.scdn.co/image/ab67616d00004851ba5db46f4b838ef6027e6f96,https://open.spotify.com/track/0afhq8XCExXpqazXczTSve
114,2017-11-30,115,Down,Back to You (feat. Bebe Rexha & Digital Farm Animals),Louis Tomlinson,717299,https://i.scdn.co/image/ab67616d00004851327d7ffa53a268bf7411c28b,https://open.spotify.com/track/7F9vK8hNFMml4GtHsaXui6
115,2017-11-30,116,Down,Una Lady Como Tú,Manuel Turizo,716419,https://i.scdn.co/image/ab67616d00004851f9dc35bc367fcf98e763d27e,https://open.spotify.com/track/7MHN1aCFtLXjownGhvEQlF
116,2017-11-30,117,Down,Slow Hands,Niall Horan,714003,https://i.scdn.co/image/ab67616d0000485194fde6afa9cbf073e5b6445a,https://open.spotify.com/track/38yBBH2jacvDxrznF7h08J
117,2017-11-30,118,Flat,3 A.M.,Jesse & Joy,703621,https://i.scdn.co/image/ab67616d000048510d747598f6e8df40f5671e0c,https://open.spotify.com/track/0yyZN5ASdrYu0XYWFzfxUu
118,2017-11-30,119,Down,Photograph,Ed Sheeran,701331,https://i.scdn.co/image/ab67616d00004851d08209944468440145f01524,https://open.spotify.com/track/6fxVffaTuwjgEk5h9QyRjy
119,2017-11-30,120,Up,Rockin' Around The Christmas Tree - Single Version,Brenda Lee,697389,https://i.scdn.co/image/ab67616d000048515ea4a3e529289eb8169d765d,https://open.spotify.com/track/3T7dNA7O8c3Axj5WyDNcH3
120,2017-11-30,121,Flat,Mask Off,Future,693551,https://i.scdn.co/image/ab67616d00004851e0b64c8be3c4e804abcb2696,https://open.spotify.com/track/0VgkVdmE4gld66l8iyGjgx
121,2017-11-30,122,Flat,Ahora Dice,Chris Jeday,692203,https://i.scdn.co/image/ab67616d000048513a142c7e7fc7863dc1a256ed,https://open.spotify.com/track/22eADXu8DfOAUEDw4vU8qy
122,2017-11-30,123,Down,White Iverson,Post Malone,686259,https://i.scdn.co/image/23bae95100dcb6ac8f88c19fa2a11c50a998a926,https://open.spotify.com/track/6eT7xZZlB2mwyzJ2sUKG6w
123,2017-11-30,124,Down,Reggaetón Lento (Remix),CNCO,682632,https://i.scdn.co/image/ab67616d00004851c11062d14bee6968fa86008c,https://open.spotify.com/track/5PB8zB1MOZASboLquvinMF
124,2017-11-30,125,Up,It's the Most Wonderful Time of the Year,Andy Williams,679883,https://i.scdn.co/image/ab67616d0000485198073965947f92f1641b8356,https://open.spotify.com/track/5hslUAKq9I9CG2bAulFkHN
125,2017-11-30,126,Down,Swalla (feat. Nicki Minaj & Ty Dolla $ign),Jason Derulo,679547,https://i.scdn.co/image/ab67616d000048519d6522bee68370fa5592301d,https://open.spotify.com/track/6kex4EBAj0WHXDKZMEJaaF
126,2017-11-30,127,Down,Your Song,Rita Ora,677758,https://i.scdn.co/image/ab67616d00004851528e7f2b6eda1b2a20ccfb1f,https://open.spotify.com/track/4c2W3VKsOFoIg2SFaO6DY5
127,2017-11-30,128,Down,Despacito (Featuring Daddy Yankee),Luis Fonsi,676498,https://i.scdn.co/image/ab67616d00004851a5971936e3b8d91f8b616b17,https://open.spotify.com/track/4aWmUDTfIPGksMNLV2rQP2
128,2017-11-30,129,Down,Closer,The Chainsmokers,674886,https://i.scdn.co/image/ab67616d00004851495ce6da9aeb159e94eaa453,https://open.spotify.com/track/7BKLCZ1jbUBVqRi2FVlTVw
129,2017-11-30,130,Down,Pray,Sam Smith,673606,https://i.scdn.co/image/eb645ad7342e0f34817e16d9d4061c3b5e374d4c,https://open.spotify.com/track/7DsX5K72fewVGb47qj7Tbg
130,2017-11-30,131,Down,Bedroom Floor,Liam Payne,672972,https://i.scdn.co/image/ab67616d00004851cf0dd4aa0fcfdacdb3099a3d,https://open.spotify.com/track/1pZdegOXTZ2ftINo3oUuRZ
131,2017-11-30,132,Down,The Way Life Goes (feat. Oh Wonder),Lil Uzi Vert,669411,https://i.scdn.co/image/ab67616d0000485141b41e6f7924e530a9b00f9c,https://open.spotify.com/track/2eAZfqOm4EnOF9VvN50Tyc
132,2017-11-30,133,Down,It Ain't Me (with Selena Gomez),Kygo,663452,https://i.scdn.co/image/ab67616d0000485141f289940f2e6a0d51988d77,https://open.spotify.com/track/3eR23VReFzcdmS7TYCrhCe
133,2017-11-30,134,Down,Whatever It Takes,Imagine Dragons,653881,https://i.scdn.co/image/ab67616d000048517956bd9a3d7a15e4c2e37cc6,https://open.spotify.com/track/4IWAyPf1KMq7JCyGeCjTeH
134,2017-11-30,135,Down,Redbone,Childish Gambino,651615,https://i.scdn.co/image/ab67616d000048510b97e56ffad7c6211aa848f8,https://open.spotify.com/track/3kxfsdsCpFgN412fpnW85Y
135,2017-11-30,136,Up,Explícale (feat. Bad Bunny),Yandel,650405,https://i.scdn.co/image/ab67616d00004851b54d1c695daae20467312eb3,https://open.spotify.com/track/1LszjjoVwDDZcWUQbzeDLG
136,2017-11-30,137,Down,Feels Great (feat. Fetty Wap & CVBZ),Cheat Codes,646453,https://i.scdn.co/image/ab67616d00004851418fb4daf285608ca79cd7b7,https://open.spotify.com/track/5uu28fUesZMl89lf9CLrgN
137,2017-11-30,138,Down,Thinking out Loud,Ed Sheeran,645914,https://i.scdn.co/image/ab67616d00004851d08209944468440145f01524,https://open.spotify.com/track/1Slwb6dOYkBlWal1PGtnNg
138,2017-11-30,139,Up,Tú Foto,Ozuna,639444,https://i.scdn.co/image/ab67616d00004851b0a875d7f1bfe4ec4aaffa48,https://open.spotify.com/track/5zSOVwaY3sVjnmLhuEfsuf
139,2017-11-30,140,Up,Starboy,The Weeknd,638881,https://i.scdn.co/image/ab67616d000048510c8599cbde51245c128bcea9,https://open.spotify.com/track/5aAx2yezTd8zXrkmtKl66Z
140,2017-11-30,141,Down,"I Don’t Wanna Live Forever (Fifty Shades Darker) - From ""Fifty Shades Darker (Original Motion Picture Soundtrack)""",ZAYN,638853,https://i.scdn.co/image/ab67616d000048512ae921f082ae5db4d3da818f,https://open.spotify.com/track/3NdDpSvN911VPGivFlV5d0
141,2017-11-30,142,Up,Do They Know It's Christmas? - 1984 Version,Band Aid,637847,https://i.scdn.co/image/ab67616d00004851cefe32a94b7ddd9882392cdd,https://open.spotify.com/track/1hvpDAxZPKjKztOc72sv06
142,2017-11-30,143,Down,2U (feat. Justin Bieber),David Guetta,635373,https://i.scdn.co/image/ab67616d0000485145c5570d4a66346d8f683913,https://open.spotify.com/track/3A7qX2QjDlPnazUsRk5y0M
143,2017-11-30,144,Down,Questions,Chris Brown,629827,https://i.scdn.co/image/ab67616d00004851af236a3219d347662cb4a284,https://open.spotify.com/track/3ojTJaonfkL96iIWa47SU3
144,2017-11-30,145,Down,Get It Right (feat. MØ),Diplo,629467,https://i.scdn.co/image/ab67616d000048510cd36a2b4170d242e4cec592,https://open.spotify.com/track/68m6iwhKElLTBaGRG1LLwE
145,2017-11-30,146,Up,Stay (with Alessia Cara),Zedd,628591,https://i.scdn.co/image/ab67616d0000485191a70f95efc3400f696e89cc,https://open.spotify.com/track/0dA2Mk56wEzDgegdC6R17g
146,2017-11-30,147,Down,No Promises (feat. Demi Lovato),Cheat Codes,623437,https://i.scdn.co/image/ab67616d00004851e74ecdb2f1316c8f026970a8,https://open.spotify.com/track/1louJpMmzEicAn7lzDalPW
147,2017-11-30,148,Down,Issues,Julia Michaels,618422,https://i.scdn.co/image/ab67616d00004851eab8691768189c70635820e8,https://open.spotify.com/track/6D0b04NJIKfEMg040WioJQ
148,2017-11-30,149,Down,Pretty Girl - Cheat Codes X CADE Remix,Maggie Lindemann,616416,https://i.scdn.co/image/ab67616d000048517c7436e1b6273be0e7bc1a84,https://open.spotify.com/track/1NDxZ7cFAo481dtYWdrUnR
149,2017-11-30,150,Flat,Drowning (feat. Kodak Black),A Boogie Wit da Hoodie,615290,https://i.scdn.co/image/ab67616d00004851cdba7ee22968991250725ce1,https://open.spotify.com/track/1f5cbQtDrykjarZVrShaDI
150,2017-11-30,151,Up,One Dance,Drake,614661,https://i.scdn.co/image/ab67616d00004851726abca207567d5e41cb9667,https://open.spotify.com/track/1xznGGDReH1oQq0xzbwXa3
151,2017-11-30,152,Down,New,Daya,602993,https://i.scdn.co/image/ab67616d000048518375d473513aafd2263ef5ef,https://open.spotify.com/track/7y4JznkAv2W3IKw9T1o2VK
152,2017-11-30,153,Flat,Was du Liebe nennst,Bausa,602597,https://i.scdn.co/image/ab67616d000048514eab5afad0bdfd43418f727b,https://open.spotify.com/track/4hKWUzhQWsOkgT6LnDEASe
153,2017-11-30,154,Flat,El Farsante,Ozuna,600446,https://i.scdn.co/image/ab67616d00004851b0a875d7f1bfe4ec4aaffa48,https://open.spotify.com/track/5EId1m4DNwTf3at31w8bPJ
154,2017-11-30,155,Up,Rubbin Off The Paint,YBN Nahmir,595935,https://i.scdn.co/image/ab67616d000048519147510353eec0dd5a6451b8,https://open.spotify.com/track/0taOCiup4HNG9LmbduVlJj
155,2017-11-30,156,Down,Stranger Things (feat. OneRepublic),Kygo,595640,https://i.scdn.co/image/ab67616d000048513b85dc1c8597abe0b64d65bf,https://open.spotify.com/track/5gIRPQWULwrvIt0F6pY7ph
156,2017-11-30,157,Flat,Como Antes (feat. Wisin),Yandel,587291,https://i.scdn.co/image/ab67616d00004851b54d1c695daae20467312eb3,https://open.spotify.com/track/5YzA563GXTuwQaRq24z1k5
157,2017-11-30,158,Down,DNA.,Kendrick Lamar,586498,https://i.scdn.co/image/ae1f239b41e9604a66eb900834c6887cd2f62ff1,https://open.spotify.com/track/6HZILIRieu8S0iqY8kIKhj
158,2017-11-30,159,Flat,...Ready For It?,Taylor Swift,578634,https://i.scdn.co/image/ab67616d000048516d8d80daf86adc5dcf8a80bc,https://open.spotify.com/track/19WjVVgXjdKXfLXoaDPwTM
159,2017-11-30,160,Flat,GPS,Maluma,572211,https://i.scdn.co/image/ab67616d0000485130971acd0afe5b31d3b6d52a,https://open.spotify.com/track/3t6j6WNv2OSn6qm5Vxynub
160,2017-11-30,161,Flat,Everybody Dies In Their Nightmares,XXXTENTACION,571478,https://i.scdn.co/image/ab67616d00004851203c89bd4391468eea4cc3f5,https://open.spotify.com/track/3GVkPk8mqxz0itaAriG1L7
161,2017-11-30,162,Up,Jingle Bell Rock,Anita Kerr Singers,570364,https://i.scdn.co/image/ab67616d000048513303a25cbdcc0e3d17e22269,https://open.spotify.com/track/4IdXngKo4g5exqZ0fQTecu
162,2017-11-30,163,Up,Hey DJ,CNCO,569072,https://i.scdn.co/image/ab67616d000048514358c8856d3acc00ca6c3578,https://open.spotify.com/track/209gZgcfLq2aUuu51vOWBl
163,2017-11-30,164,Up,"Lose Yourself - From ""8 Mile"" Soundtrack",Eminem,568705,https://i.scdn.co/image/ab67616d00004851a8a32ae2a279b9bf03445738,https://open.spotify.com/track/7w9bgPAmPTtrkt2v16QWvQ
164,2017-11-30,165,New,Happy Xmas (War Is Over) - Remastered,John Lennon,566227,https://i.scdn.co/image/ab67616d00004851f7659b9e3bc9d7c9f1064b29,https://open.spotify.com/track/3zJw3rugfpVrmBeDDnUYzy
165,2017-11-30,166,Down,There for You,Martin Garrix,564184,https://i.scdn.co/image/ab67616d0000485172c57da7edfe8e915182cdd4,https://open.spotify.com/track/6jA8HL9i4QGzsj6fjoxp8Y
166,2017-11-30,167,Down,Happier,Ed Sheeran,561850,https://i.scdn.co/image/ab67616d00004851ba5db46f4b838ef6027e6f96,https://open.spotify.com/track/2RttW7RAu5nOAfq6YFvApB
167,2017-11-30,168,Down,Scared to Be Lonely,Martin Garrix,559781,https://i.scdn.co/image/ab67616d0000485164f8a309aa3c0a66a31fc374,https://open.spotify.com/track/3ebXMykcMXOcLeJ9xZ17XH
168,2017-11-30,169,Up,Save That Shit,Lil Peep,554512,https://i.scdn.co/image/ab67616d0000485123e42a4144ea148068801e8f,https://open.spotify.com/track/6sn8WaooLLVhQvU96wtEAm
169,2017-11-30,170,Down,Look At Me!,XXXTENTACION,553636,https://i.scdn.co/image/ab67616d0000485171af28545729f60b3eca66f7,https://open.spotify.com/track/7floNISpH8VF4z4459Qo18
170,2017-11-30,171,Down,Passionfruit,Drake,551620,https://i.scdn.co/image/ab67616d000048515ea859dc94365abd9fd84fd6,https://open.spotify.com/track/7hDc8b7IXETo14hHIHdnhd
171,2017-11-30,172,Down,I Feel It Coming,The Weeknd,549339,https://i.scdn.co/image/b3683184efeb899b2d1a02f4957d0c630dc10b0b,https://open.spotify.com/track/5GXAXm5YOmYT0kL5jHvYBt
172,2017-11-30,173,Up,Let It Snow! Let It Snow! Let It Snow! (with The B. Swanson Quartet),Frank Sinatra,546070,https://i.scdn.co/image/ab67616d00004851ab635079e314b1b477a39485,https://open.spotify.com/track/7inXu0Eaeg02VsM8kHNvzM
173,2017-11-30,174,Down,Sky Walker (feat. Travis Scott),Miguel,543764,https://i.scdn.co/image/ab67616d000048510821ead0f39992d8a67f1254,https://open.spotify.com/track/1DRW9bQzt2SE8f7H4KJZyL
174,2017-11-30,175,Down,Lemon,N.E.R.D,538010,https://i.scdn.co/image/ab67616d00004851de957b01b61a40d7c12af030,https://open.spotify.com/track/6tUgfsOa8PLkoede5nOR7D
175,2017-11-30,176,Up,Rockabye (feat. Sean Paul & Anne-Marie),Clean Bandit,535889,https://i.scdn.co/image/ab67616d000048511431c3bdf16aa99f71799d95,https://open.spotify.com/track/5knuzwU65gJK7IF5yJsuaW
176,2017-11-30,177,Down,GUMMO,6ix9ine,532909,https://i.scdn.co/image/21baec292a05430415f01af3aece4fb6b51f508a,https://open.spotify.com/track/2vjmyyAnDUzilFYxOlTdO1
177,2017-11-30,178,Down,Rake It Up,Yo Gotti,532374,https://i.scdn.co/image/ab67616d000048512cc72b6f465812679b803638,https://open.spotify.com/track/4knL4iPxPOZjQzTUlELGSY
178,2017-11-30,179,Down,Fetish (feat. Gucci Mane),Selena Gomez,527843,https://i.scdn.co/image/ab67616d00004851676b024fbd4c52c3fa382dd4,https://open.spotify.com/track/0XLOf9LhyazPX9Ld8jPiUq
179,2017-11-30,180,Down,'Till I Collapse,Eminem,526985,https://i.scdn.co/image/ab67616d00004851ccdb1982626f299b3b1d3efd,https://open.spotify.com/track/6yr8GiTHWvFfi4o6Q5ebdT
180,2017-11-30,181,Down,Sign of the Times,Harry Styles,523202,https://i.scdn.co/image/ab67616d000048516c619c39c853f8b1d67b7859,https://open.spotify.com/track/5Ohxk2dO5COHF1krpoPigN
181,2017-11-30,182,Up,The Scientist,Coldplay,518808,https://i.scdn.co/image/ab67616d00004851ad6f442ecac8735b9285a923,https://open.spotify.com/track/75JFxkI2RXiU7L9VXzMkle
182,2017-11-30,183,Down,New Freezer (feat. Kendrick Lamar),Rich The Kid,518754,https://i.scdn.co/image/ab67616d0000485166bac14cf011715fbed67e58,https://open.spotify.com/track/4pYZLpX23Vx8rwDpJCpPTA
183,2017-11-30,184,Down,Loco Enamorado,Abraham Mateo,516818,https://i.scdn.co/image/ab67616d00004851c7c9cff204bc6b4a3e36e42d,https://open.spotify.com/track/4N1c5rmWOzRmB9SMacr5wB
184,2017-11-30,185,Up,24K Magic,Bruno Mars,515447,https://i.scdn.co/image/ab67616d00004851232711f7d66a1e19e89e28c5,https://open.spotify.com/track/6b8Be6ljOzmkOmFslEb23P
185,2017-11-30,186,Up,Wonderwall - Remastered,Oasis,512865,https://i.scdn.co/image/ab67616d0000485185e5dcc05cc216a10f141480,https://open.spotify.com/track/5qqabIl2vWzo9ApSC317sa
186,2017-11-30,187,New,White Christmas,Bing Crosby,510532,https://i.scdn.co/image/ab67616d00004851a7bf97168afbe03609e98520,https://open.spotify.com/track/4so0Wek9Ig1p6CRCHuINwW
187,2017-11-30,188,Down,We Don't Talk Anymore,Charlie Puth,508503,https://i.scdn.co/image/ab67616d00004851c0e28105f0533c52717c46c2,https://open.spotify.com/track/68EMU2RD1ECNeOeJ5qAXCV
188,2017-11-30,189,Down,Castle on the Hill,Ed Sheeran,507428,https://i.scdn.co/image/ab67616d00004851ba5db46f4b838ef6027e6f96,https://open.spotify.com/track/6PCUP3dWmTjcTtXY02oFdT
189,2017-11-30,190,Down,Stay With Me,Sam Smith,502513,https://i.scdn.co/image/ab67616d000048514fb7193968e58e51c3db3ef4,https://open.spotify.com/track/5Db9VIdDsN5yu3Eu7CT0i4
190,2017-11-30,191,Down,All Night,Steve Aoki,499153,https://i.scdn.co/image/ab67616d00004851904aa5a6f53b2737a9e2df52,https://open.spotify.com/track/5mAxA6Q1SIym6dPNiFLUyd
191,2017-11-30,192,Down,"Sola (Remix) [feat. Daddy Yankee, Wisin, Farruko, Zion & Lennox]",Anuel AA,498394,https://i.scdn.co/image/ab67616d00004851a66def7d649149464edc8f1e,https://open.spotify.com/track/5q2JbCNi4FcnglgPfxcV65
192,2017-11-30,193,Down,"Pills & Automobiles (feat. Yo Gotti, A Boogie Wit Da Hoodie & Kodak Black)",Chris Brown,498047,https://i.scdn.co/image/ab67616d00004851af236a3219d347662cb4a284,https://open.spotify.com/track/5gx2E5aIXMRBellPZW1up5
193,2017-11-30,194,Flat,Bad and Boujee (feat. Lil Uzi Vert),Migos,495700,https://i.scdn.co/image/ab67616d0000485199a8ab6da9d593939302828a,https://open.spotify.com/track/4Km5HrUvYTaSUfiSGPJeQR
194,2017-11-30,195,Down,Relationship (feat. Future),Young Thug,494861,https://i.scdn.co/image/ab67616d00004851419cedff7b313b962a93932e,https://open.spotify.com/track/25oOaleife6E2MIKmFkPvg
195,2017-11-30,196,Up,Mr. Brightside,The Killers,494120,https://i.scdn.co/image/7d778100d0160184d61981dc8aa666ee6fec0151,https://open.spotify.com/track/7oK9VyNzrYvRFo7nQEYkWN
196,2017-11-30,197,Down,Most Girls,Hailee Steinfeld,492618,https://i.scdn.co/image/ab67616d000048519e1b81dc79bd5055417b1e5a,https://open.spotify.com/track/2mfUa8bLs2s5N4VaqJZ4lZ
197,2017-11-30,198,New,La Formula (feat. Chris Jeday),De La Ghetto,490682,https://i.scdn.co/image/ab67616d00004851af778f5370b71c3202e5eea1,https://open.spotify.com/track/4XCQtUoRSh22Ep18ULmDnT
198,2017-11-30,199,Down,Magnolia,Playboi Carti,490117,https://i.scdn.co/image/cbfa858a49a59efbca64c6f7078068cf07731bd0,https://open.spotify.com/track/1e1JKLEDKP7hEQzJfNAgPl
199,2017-11-30,200,Down,Paris,The Chainsmokers,489992,https://i.scdn.co/image/ab67616d000048510c13d3d5a503c84fcc60ae94,https://open.spotify.com/track/72jbDTw1piOOj770jWNeaG
