,Date,Position,Trend,Title,Artist,Streams,Icon_URL,Spotify_URL
0,2017-04-05,1,Flat,Shape of You,Ed Sheeran,6142684,https://i.scdn.co/image/ab67616d00004851ba5db46f4b838ef6027e6f96,https://open.spotify.com/track/7qiZfU4dY1lWllzX7mPBI3
1,2017-04-05,2,Up,It Ain't Me (with Selena Gomez),Kygo,3945157,https://i.scdn.co/image/ab67616d0000485141f289940f2e6a0d51988d77,https://open.spotify.com/track/3eR23VReFzcdmS7TYCrhCe
2,2017-04-05,3,Down,HUMBLE.,Kendrick Lamar,3933024,https://i.scdn.co/image/ae1f239b41e9604a66eb900834c6887cd2f62ff1,https://open.spotify.com/track/7KXjTSCq5nL1LoYtL7XAwS
3,2017-04-05,4,Flat,Passionfruit,Drake,3885210,https://i.scdn.co/image/ab67616d000048515ea859dc94365abd9fd84fd6,https://open.spotify.com/track/7hDc8b7IXETo14hHIHdnhd
4,2017-04-05,5,Flat,Something Just Like This,The Chainsmokers,3790119,https://i.scdn.co/image/ab67616d000048510c13d3d5a503c84fcc60ae94,https://open.spotify.com/track/6RUKPb4LETWmmr3iAEQktW
5,2017-04-05,6,Flat,That's What I Like,Bruno Mars,3349456,https://i.scdn.co/image/ab67616d00004851232711f7d66a1e19e89e28c5,https://open.spotify.com/track/0KKkJNfGyhkQ5aFogxQAPU
6,2017-04-05,7,Flat,Mask Off,Future,3339601,https://i.scdn.co/image/ab67616d00004851356884f85665ebdd79223fdf,https://open.spotify.com/track/3rOSwuTsUlJp0Pu0MkN8r8
7,2017-04-05,8,Flat,Stay (with Alessia Cara),Zedd,3309837,https://i.scdn.co/image/ab67616d0000485191a70f95efc3400f696e89cc,https://open.spotify.com/track/0dA2Mk56wEzDgegdC6R17g
8,2017-04-05,9,Flat,Galway Girl,Ed Sheeran,2984138,https://i.scdn.co/image/ab67616d00004851ba5db46f4b838ef6027e6f96,https://open.spotify.com/track/0afhq8XCExXpqazXczTSve
9,2017-04-05,10,Flat,Despacito (Featuring Daddy Yankee),Luis Fonsi,2953054,https://i.scdn.co/image/ab67616d00004851a5971936e3b8d91f8b616b17,https://open.spotify.com/track/4aWmUDTfIPGksMNLV2rQP2
10,2017-04-05,11,Flat,Symphony (feat. Zara Larsson),Clean Bandit,2882012,https://i.scdn.co/image/ab67616d000048515b1130d050c4cd2295999d85,https://open.spotify.com/track/1x5sYLZiu9r5E43kMlt9f8
11,2017-04-05,12,Up,Slide,Calvin Harris,2664048,https://i.scdn.co/image/ab67616d000048514d3fa5ce7ba599f4fd7803ef,https://open.spotify.com/track/7tr2za8SQg2CI8EDgrdtNl
12,2017-04-05,13,Down,Paris,The Chainsmokers,2633249,https://i.scdn.co/image/ab67616d000048510c13d3d5a503c84fcc60ae94,https://open.spotify.com/track/72jbDTw1piOOj770jWNeaG
13,2017-04-05,14,Flat,Scared to Be Lonely,Martin Garrix,2514077,https://i.scdn.co/image/ab67616d0000485164f8a309aa3c0a66a31fc374,https://open.spotify.com/track/3ebXMykcMXOcLeJ9xZ17XH
14,2017-04-05,15,Flat,Issues,Julia Michaels,2464157,https://i.scdn.co/image/ab67616d000048519615e35e0e9e4b2c3dccb520,https://open.spotify.com/track/1sXUWdKx03aP9Gmzft58rt
15,2017-04-05,16,Flat,"I Don’t Wanna Live Forever (Fifty Shades Darker) - From ""Fifty Shades Darker (Original Motion Picture Soundtrack)""",ZAYN,2272892,https://i.scdn.co/image/ab67616d000048512ae921f082ae5db4d3da818f,https://open.spotify.com/track/3NdDpSvN911VPGivFlV5d0
16,2017-04-05,17,Flat,Cold,Maroon 5,2118487,https://i.scdn.co/image/ab67616d000048514727f9e79c338683c5bf8921,https://open.spotify.com/track/5NNlUMcOEOdoOIwwaWXv0k
17,2017-04-05,18,Up,Swalla (feat. Nicki Minaj & Ty Dolla $ign),Jason Derulo,2107920,https://i.scdn.co/image/ab67616d000048519d6522bee68370fa5592301d,https://open.spotify.com/track/6kex4EBAj0WHXDKZMEJaaF
18,2017-04-05,19,Down,You Don't Know Me - Radio Edit,Jax Jones,2102627,https://i.scdn.co/image/ab67616d00004851dd05a1716e2f07a07b8ccfe3,https://open.spotify.com/track/00lNx0OcTJrS3MKHcB80HY
19,2017-04-05,20,Up,Believer,Imagine Dragons,2072865,https://i.scdn.co/image/ab67616d000048517956bd9a3d7a15e4c2e37cc6,https://open.spotify.com/track/0CcQNd8CINkwQfe1RDtGV6
20,2017-04-05,21,Down,Rockabye (feat. Sean Paul & Anne-Marie),Clean Bandit,2038374,https://i.scdn.co/image/ab67616d000048511431c3bdf16aa99f71799d95,https://open.spotify.com/track/5knuzwU65gJK7IF5yJsuaW
21,2017-04-05,22,Flat,Chained To The Rhythm,Katy Perry,2015710,https://i.scdn.co/image/ab67616d000048511487979a7e0181a5d0406d1a,https://open.spotify.com/track/6520aj0B4FSKGVuKNsOCOi
22,2017-04-05,23,Flat,Castle on the Hill,Ed Sheeran,1946176,https://i.scdn.co/image/ab67616d00004851ba5db46f4b838ef6027e6f96,https://open.spotify.com/track/6PCUP3dWmTjcTtXY02oFdT
23,2017-04-05,24,Flat,Portland,Drake,1903856,https://i.scdn.co/image/6dfd956b9331fa9ea1f47ebb95311951ed72b3db,https://open.spotify.com/track/2bjwRfXMk4uRgOD9IBYl9h
24,2017-04-05,25,Flat,iSpy (feat. Lil Yachty),KYLE,1873016,https://i.scdn.co/image/ab67616d0000485132e373f2988bc6596a542d1c,https://open.spotify.com/track/2EEeOnHehOozLq4aS0n6SL
25,2017-04-05,26,Flat,I Feel It Coming,The Weeknd,1801244,https://i.scdn.co/image/b3683184efeb899b2d1a02f4957d0c630dc10b0b,https://open.spotify.com/track/5GXAXm5YOmYT0kL5jHvYBt
26,2017-04-05,27,Flat,Call On Me - Ryan Riback Extended Remix,Starley,1747259,https://i.scdn.co/image/ab67616d000048519d4079afc73664f86f055400,https://open.spotify.com/track/78rIJddV4X0HkNAInEcYde
27,2017-04-05,28,Flat,Closer,The Chainsmokers,1703000,https://i.scdn.co/image/ab67616d00004851495ce6da9aeb159e94eaa453,https://open.spotify.com/track/7BKLCZ1jbUBVqRi2FVlTVw
28,2017-04-05,29,Up,XO TOUR Llif3,Lil Uzi Vert,1668223,https://i.scdn.co/image/ab67616d0000485115531ec8568373f631db9786,https://open.spotify.com/track/2eMwDehkIC1j68U6FA3Eiq
29,2017-04-05,30,Flat,Solo Dance,Martin Jensen,1659239,https://i.scdn.co/image/ab67616d00004851950d67dbe3f31f1d9a5d06a2,https://open.spotify.com/track/6HUnnBwYZqcED1eQztxMBN
30,2017-04-05,31,Down,Perfect,Ed Sheeran,1647495,https://i.scdn.co/image/ab67616d00004851ba5db46f4b838ef6027e6f96,https://open.spotify.com/track/0tgVpDi06FyKpA1z0VMD4v
31,2017-04-05,32,Down,Say You Won't Let Go,James Arthur,1635904,https://i.scdn.co/image/ab67616d0000485120beb61f61fcbeb33b10a9ab,https://open.spotify.com/track/5uCax9HTNlzGybIStD3vDh
32,2017-04-05,33,Up,Green Light,Lorde,1631824,https://i.scdn.co/image/ab67616d0000485128e1139fd3a34626351b9004,https://open.spotify.com/track/0gbBzIqrECJOEPvQJIBFs5
33,2017-04-05,34,Up,Location,Khalid,1593289,https://i.scdn.co/image/ab67616d00004851988ede5e1276e758b5f9e577,https://open.spotify.com/track/152lZdxL1OR0ZMW6KquMif
34,2017-04-05,35,Down,"How Far I'll Go - From ""Moana""",Alessia Cara,1585242,https://i.scdn.co/image/ab67616d00004851fb128b1eda22335050f584fe,https://open.spotify.com/track/5hYTyyh2odQKphUbMqc5gN
35,2017-04-05,36,Up,SUBEME LA RADIO,Enrique Iglesias,1562724,https://i.scdn.co/image/ab67616d000048515366ff028970205a29d558ed,https://open.spotify.com/track/7nKBxz47S9SD79N086fuhn
36,2017-04-05,37,Up,Starboy,The Weeknd,1531109,https://i.scdn.co/image/ab67616d000048510c8599cbde51245c128bcea9,https://open.spotify.com/track/5aAx2yezTd8zXrkmtKl66Z
37,2017-04-05,38,Up,Tunnel Vision,Kodak Black,1524789,https://i.scdn.co/image/ab67616d000048511541a676423805fc68ff3e66,https://open.spotify.com/track/4Q3N4Ct4zCuIHuZ65E3BD4
38,2017-04-05,39,Up,Run Up (feat. PARTYNEXTDOOR & Nicki Minaj),Major Lazer,1509706,https://i.scdn.co/image/ab67616d000048518036d7402a6a76aed04f1f98,https://open.spotify.com/track/0fg8CqpjdojMyXLNzM2PaJ
39,2017-04-05,40,Down,Blem,Drake,1508966,https://i.scdn.co/image/6dfd956b9331fa9ea1f47ebb95311951ed72b3db,https://open.spotify.com/track/2XlHu0HcujBCkWMdIAvrqt
40,2017-04-05,41,Down,Congratulations,Post Malone,1490645,https://i.scdn.co/image/23bae95100dcb6ac8f88c19fa2a11c50a998a926,https://open.spotify.com/track/3a1lNhkSLSkpJE4MSHpDu9
41,2017-04-05,42,Flat,Happier,Ed Sheeran,1460796,https://i.scdn.co/image/ab67616d00004851ba5db46f4b838ef6027e6f96,https://open.spotify.com/track/2RttW7RAu5nOAfq6YFvApB
42,2017-04-05,43,Flat,Fake Love,Drake,1449042,https://i.scdn.co/image/6dfd956b9331fa9ea1f47ebb95311951ed72b3db,https://open.spotify.com/track/343YBumqHu19cGoGARUTsd
43,2017-04-05,44,Flat,Selfish (feat. Rihanna),Future,1443570,https://i.scdn.co/image/ab67616d00004851968822b495da180d0792a437,https://open.spotify.com/track/2Ce5IyMlVRVvN997ZJjJJA
44,2017-04-05,45,Flat,Chantaje (feat. Maluma),Shakira,1424637,https://i.scdn.co/image/ab67616d00004851d05d3aad30c5fb7614893cf5,https://open.spotify.com/track/6mICuAdrwEjh6Y6lroV2Kg
45,2017-04-05,46,Up,Me Rehúso,Danny Ocean,1381969,https://i.scdn.co/image/ab67616d00004851a75bd33684083600569dd3bf,https://open.spotify.com/track/6De0lHrwBfPfrhorm9q1Xl
46,2017-04-05,47,Flat,El Amante,Nicky Jam,1378241,https://i.scdn.co/image/ab67616d00004851d77dbcd4dbd37cdfa61771fa,https://open.spotify.com/track/3umS4y3uQDkqekNjVpiRUs
47,2017-04-05,48,Down,Weak,AJR,1377144,https://i.scdn.co/image/ab67616d00004851c5f3ca405ff6ed13dc554b94,https://open.spotify.com/track/3E2Zh20GDCR9B1EYjfXWyv
48,2017-04-05,49,Down,Still Got Time,ZAYN,1348351,https://i.scdn.co/image/ab67616d000048513bfd914f72da2ed8822a634f,https://open.spotify.com/track/000xQL6tZNLJzIrtIgxqSl
49,2017-04-05,50,Flat,Gyalchester,Drake,1312521,https://i.scdn.co/image/6dfd956b9331fa9ea1f47ebb95311951ed72b3db,https://open.spotify.com/track/6UjfByV1lDLW0SOVQA4NAi
50,2017-04-05,51,Flat,The One,The Chainsmokers,1302301,https://i.scdn.co/image/ab67616d000048510c13d3d5a503c84fcc60ae94,https://open.spotify.com/track/0wfbD5rAksdXUzRvMfM3x5
51,2017-04-05,52,Up,September Song,JP Cooper,1171074,https://i.scdn.co/image/ab67616d000048511400ec742ee0935608e30700,https://open.spotify.com/track/0FuTx2s3YH1ppmtiM6l0zI
52,2017-04-05,53,Down,Bad and Boujee (feat. Lil Uzi Vert),Migos,1164236,https://i.scdn.co/image/ab67616d0000485199a8ab6da9d593939302828a,https://open.spotify.com/track/4Km5HrUvYTaSUfiSGPJeQR
53,2017-04-05,54,Flat,Dive,Ed Sheeran,1104163,https://i.scdn.co/image/ab67616d00004851ba5db46f4b838ef6027e6f96,https://open.spotify.com/track/51ChrwmUPDJvedPQnIU8Ls
54,2017-04-05,55,Up,Let Me Love You,DJ Snake,1097611,https://i.scdn.co/image/ab67616d000048515045de6786e0af096de73ed4,https://open.spotify.com/track/4pdPtRcBmOSQDlJ3Fk945m
55,2017-04-05,56,Down,Bounce Back,Big Sean,1097594,https://i.scdn.co/image/695d0c097d8463ccc2c2b9855fe44e3e9e7bc267,https://open.spotify.com/track/0SGkqnVQo9KPytSri1H6cF
56,2017-04-05,57,Flat,One Dance,Drake,1081985,https://i.scdn.co/image/ab67616d00004851726abca207567d5e41cb9667,https://open.spotify.com/track/1xznGGDReH1oQq0xzbwXa3
57,2017-04-05,58,Flat,Touch,Little Mix,1038618,https://i.scdn.co/image/ab67616d000048512318bbb0586903290db2b270,https://open.spotify.com/track/5Ua3GXyHwiSfpNTMjq6m2z
58,2017-04-05,59,Up,Heatstroke,Calvin Harris,993880,https://i.scdn.co/image/ab67616d000048514d3fa5ce7ba599f4fd7803ef,https://open.spotify.com/track/60APt5N2NRaKWf5xzJdzyC
59,2017-04-05,60,Down,24K Magic,Bruno Mars,982451,https://i.scdn.co/image/ab67616d00004851232711f7d66a1e19e89e28c5,https://open.spotify.com/track/6b8Be6ljOzmkOmFslEb23P
60,2017-04-05,61,Up,What Do I Know?,Ed Sheeran,963143,https://i.scdn.co/image/ab67616d00004851ba5db46f4b838ef6027e6f96,https://open.spotify.com/track/2pJZ1v8HezrAoZ0Fhzby92
61,2017-04-05,62,Flat,T-Shirt,Migos,958876,https://i.scdn.co/image/ab67616d0000485199a8ab6da9d593939302828a,https://open.spotify.com/track/7KOlJ92bu51cltsD9KU5I7
62,2017-04-05,63,Down,Free Smoke,Drake,954318,https://i.scdn.co/image/6dfd956b9331fa9ea1f47ebb95311951ed72b3db,https://open.spotify.com/track/05KOgYg8PGeJyyWBPi5ja8
63,2017-04-05,64,Flat,Don't Wanna Know,Maroon 5,940018,https://i.scdn.co/image/ab67616d00004851eec1912bbc2ff74b8203fe5f,https://open.spotify.com/track/5MFzQMkrl1FOOng9tq6R9r
64,2017-04-05,65,Up,Reggaetón Lento (Bailemos),CNCO,928873,https://i.scdn.co/image/ab67616d000048517db0f7ac4c612cce26ccacf9,https://open.spotify.com/track/3AEZUABDXNtecAOSC1qTfo
65,2017-04-05,66,Up,Body Like A Back Road,Sam Hunt,928219,https://i.scdn.co/image/ab67616d000048519eccbdab1110afc4d5a186a8,https://open.spotify.com/track/7mldq42yDuxiUNn08nvzHO
66,2017-04-05,67,Up,Starving,Hailee Steinfeld,924576,https://i.scdn.co/image/ab67616d00004851612495ee5769c99125031be2,https://open.spotify.com/track/1qOLh0tI7trd1zdDKxYZTe
67,2017-04-05,68,Up,Otra vez (feat. J Balvin),Zion & Lennox,922793,https://i.scdn.co/image/ab67616d0000485182eabf564ddc57325a84dd50,https://open.spotify.com/track/3QwBODjSEzelZyVjxPOHdq
68,2017-04-05,69,Flat,All Time Low,Jon Bellion,902792,https://i.scdn.co/image/ff06a4138a99d272c24d2f6da9b5ea6067c054db,https://open.spotify.com/track/1CnPYaKxTVb4LWOtiGOm0m
69,2017-04-05,70,Down,Get It Together,Drake,899534,https://i.scdn.co/image/6dfd956b9331fa9ea1f47ebb95311951ed72b3db,https://open.spotify.com/track/7y6c07pgjZvtHI9kuMVqk1
70,2017-04-05,71,Down,New Man,Ed Sheeran,897968,https://i.scdn.co/image/ab67616d00004851ba5db46f4b838ef6027e6f96,https://open.spotify.com/track/5HDPtsnyb3maFmPL8LLUTG
71,2017-04-05,72,Up,Swang,Rae Sremmurd,893652,https://i.scdn.co/image/16293ab3b4f9301aeb5f41810fd7056d463db55e,https://open.spotify.com/track/6mapJIPnQ23RTAevUoE0DL
72,2017-04-05,73,Flat,Look At Me!,XXXTENTACION,885814,https://i.scdn.co/image/ab67616d0000485125b5901b8bcf902f54d466d9,https://open.spotify.com/track/4ARPvK8DHLwt4oX65ZAFMw
73,2017-04-05,74,Up,Tuesday,Burak Yeter,885277,https://i.scdn.co/image/069b0b8dc1285ba4d2bd7f2536abfce84598d130,https://open.spotify.com/track/7abpmGpF7PGep2rDU68GBR
74,2017-04-05,75,Down,Teenage Fever,Drake,875582,https://i.scdn.co/image/6dfd956b9331fa9ea1f47ebb95311951ed72b3db,https://open.spotify.com/track/6n3HGiq4v35D6eFOSwqYuo
75,2017-04-05,76,Flat,All Night,The Vamps,860109,https://i.scdn.co/image/ab67616d00004851f03c9779c27137669304ea20,https://open.spotify.com/track/1yNyoWWWikbLhwIGWjZuDW
76,2017-04-05,77,Up,Hear Me Now,Alok,851859,https://i.scdn.co/image/e308bad29e4cf6dc8aa5cd97449ef71bbb893d40,https://open.spotify.com/track/1a5Yu5L18qNxVhXx38njON
77,2017-04-05,78,Down,Sigo Extrañándote,J Balvin,851390,https://i.scdn.co/image/ab67616d00004851338ffc4c72a192f06070546b,https://open.spotify.com/track/6qDF4wWL49CAVbgT7yuHl8
78,2017-04-05,79,Flat,La Rompe Corazones,Daddy Yankee,848067,https://i.scdn.co/image/ab67616d00004851b84a36483e43bfbcb931fcde,https://open.spotify.com/track/4okba5wu9mMLXx79DXLKi3
79,2017-04-05,80,Up,I Got You,Bebe Rexha,800225,https://i.scdn.co/image/ab67616d00004851809adcbcfe88c94fd2a706c1,https://open.spotify.com/track/1FUViuNSldssMIawrOXF2i
80,2017-04-05,81,Up,Don't Let Me Down,The Chainsmokers,795615,https://i.scdn.co/image/ab67616d0000485108d87fb54859bc9038f7e5e0,https://open.spotify.com/track/0QsvXIfqM0zZoerQfsI9lm
81,2017-04-05,82,Up,Everyday,Ariana Grande,788759,https://i.scdn.co/image/ab67616d000048517227f5854239a059af211d5b,https://open.spotify.com/track/3FiE2d325mIOc4YjkSLVJR
82,2017-04-05,83,Down,Cold Water (feat. Justin Bieber & MØ),Major Lazer,787856,https://i.scdn.co/image/ab67616d000048512e8f1cca2bc8c9d55930523b,https://open.spotify.com/track/6DNtNfH8hXkqOX1sjqmI7p
83,2017-04-05,84,Flat,Just Hold On,Steve Aoki,784159,https://i.scdn.co/image/ab67616d0000485122e2ce2de8bad6d67ee69b48,https://open.spotify.com/track/3EmmCZoqpWOTY1g2GBwJoR
84,2017-04-05,85,Up,In the Name of Love,Martin Garrix,773500,https://i.scdn.co/image/ab67616d00004851923db3f255cd48a6d5783ebf,https://open.spotify.com/track/04DwTuZ2VBdJCCC5TROn7L
85,2017-04-05,86,Up,"CAN'T STOP THE FEELING! (Original Song from DreamWorks Animation's ""TROLLS"")",Justin Timberlake,765804,https://i.scdn.co/image/ab67616d00004851ef37416970812293c08e8a78,https://open.spotify.com/track/6JV2JOEocMgcZxYSZelKcc
86,2017-04-05,87,Down,Supermarket Flowers,Ed Sheeran,764531,https://i.scdn.co/image/ab67616d00004851ba5db46f4b838ef6027e6f96,https://open.spotify.com/track/4VuS959DSpr82t3qBqCrWG
87,2017-04-05,88,Up,Hey Ma (with Pitbull & J Balvin feat. Camila Cabello) - Spanish Version,Pitbull,760101,https://i.scdn.co/image/ab67616d000048513e40b472d708ea3c6bd86670,https://open.spotify.com/track/2Vdub5mY4lad7w64bFPUez
88,2017-04-05,89,Up,"Sola (Remix) [feat. Daddy Yankee, Wisin, Farruko, Zion & Lennox]",Anuel AA,758624,https://i.scdn.co/image/ab67616d00004851a66def7d649149464edc8f1e,https://open.spotify.com/track/5q2JbCNi4FcnglgPfxcV65
89,2017-04-05,90,Down,The Heart Part 4,Kendrick Lamar,751949,https://i.scdn.co/image/ab67616d00004851b276b47f7d919215a26f1d6a,https://open.spotify.com/track/1zayuwd1YLZsYDArkruHdL
90,2017-04-05,91,Down,Barcelona,Ed Sheeran,747767,https://i.scdn.co/image/ab67616d00004851ba5db46f4b838ef6027e6f96,https://open.spotify.com/track/3Lfiu5sZ4M4B6JaKMBc0FU
91,2017-04-05,92,Up,goosebumps,Travis Scott,746742,https://i.scdn.co/image/ab67616d00004851f54b99bf27cda88f4a7403ce,https://open.spotify.com/track/6gBFPUFcJLzWGx4lenP6h2
92,2017-04-05,93,Up,Side To Side,Ariana Grande,746036,https://i.scdn.co/image/ab67616d000048517227f5854239a059af211d5b,https://open.spotify.com/track/4pLwZjInHj3SimIyN9SnOz
93,2017-04-05,94,Down,History,Olivia Holt,741592,https://i.scdn.co/image/ab67616d000048519e21eab426152ef9078d6b94,https://open.spotify.com/track/0WCEaydwN65cvwaW8aqptF
94,2017-04-05,95,Down,KMT,Drake,740773,https://i.scdn.co/image/6dfd956b9331fa9ea1f47ebb95311951ed72b3db,https://open.spotify.com/track/2jTujnt0y344ai1rNOywgr
95,2017-04-05,96,Down,Love On The Brain,Rihanna,729453,https://i.scdn.co/image/ddc285ca9817c96c7719b3f2a759e108787db021,https://open.spotify.com/track/2aksifNn5ph8igDOkPBA02
96,2017-04-05,97,Up,All Night (feat. Knox Fortune),Chance the Rapper,727422,https://i.scdn.co/image/ab67616d00004851e71dd15fc5bdefd5bff70452,https://open.spotify.com/track/60xaS8mYBKUW4VQQ666N0T
97,2017-04-05,98,Down,Everybody,Logic,726404,https://i.scdn.co/image/08f9ccb7875a87c07c79c1ccd5319263786c55ea,https://open.spotify.com/track/7cGFbx7MP0H23iHZTZpqMM
98,2017-04-05,99,Down,How Would You Feel (Paean),Ed Sheeran,724212,https://i.scdn.co/image/ab67616d00004851ba5db46f4b838ef6027e6f96,https://open.spotify.com/track/6PJ8FF6UR8FZXfEvpHkIVN
99,2017-04-05,100,Down,Madiba Riddim,Drake,723356,https://i.scdn.co/image/6dfd956b9331fa9ea1f47ebb95311951ed72b3db,https://open.spotify.com/track/76gUmNLXGQVOsGhfcshkFP
100,2017-04-05,101,Up,Me Llamas (feat. Maluma) - Remix,Piso 21,713942,https://i.scdn.co/image/ab67616d000048511e1eafb5d2bb1ca39d26f092,https://open.spotify.com/track/5hEM0JchdVzQ5PwvSfITeX
101,2017-04-05,102,Down,Sacrifices,Drake,710618,https://i.scdn.co/image/6dfd956b9331fa9ea1f47ebb95311951ed72b3db,https://open.spotify.com/track/0xl1w2q4VLojeXp4JfazPL
102,2017-04-05,103,Up,Treat You Better,Shawn Mendes,707576,https://i.scdn.co/image/ab67616d00004851188e6332f32088921ab1eaf8,https://open.spotify.com/track/4Hf7WnR761jpxPr5D46Bcd
103,2017-04-05,104,Up,Redbone,Childish Gambino,704966,https://i.scdn.co/image/ab67616d000048510b97e56ffad7c6211aa848f8,https://open.spotify.com/track/3kxfsdsCpFgN412fpnW85Y
104,2017-04-05,105,Up,Safari,J Balvin,693522,https://i.scdn.co/image/ab67616d00004851338ffc4c72a192f06070546b,https://open.spotify.com/track/6rQSrBHf7HlZjtcMZ4S4bO
105,2017-04-05,106,Up,"Ay Mi Dios (feat. Pitbull, Yandel & Chacal)",IAmChino,682383,https://i.scdn.co/image/ab67616d000048511568fbc07414eb185c58ef62,https://open.spotify.com/track/6stYbAJgTszHAHZMPxWWCY
106,2017-04-05,107,Down,Don't Leave,Snakehips,681928,https://i.scdn.co/image/ab67616d00004851b72a28b6f92b180a8a423e29,https://open.spotify.com/track/0Zx8khUcEfCFK2AEoIhC92
107,2017-04-05,108,Down,No Long Talk,Drake,678218,https://i.scdn.co/image/6dfd956b9331fa9ea1f47ebb95311951ed72b3db,https://open.spotify.com/track/6CfrYuD3YRDYdYvH9jNtXY
108,2017-04-05,109,Up,I Took A Pill In Ibiza - Seeb Remix,Mike Posner,677647,https://i.scdn.co/image/ab67616d0000485140512e02a594e3378c0256e6,https://open.spotify.com/track/17Fd6Yb7mSbinKG8LoWfFl
109,2017-04-05,110,Up,Good Life (with G-Eazy & Kehlani),G-Eazy,675988,https://i.scdn.co/image/ab67616d00004851fcc36f9c0515e6e7faa2030b,https://open.spotify.com/track/1Eck97uRMlprKOOJN9oO1E
110,2017-04-05,111,Down,My Way,Calvin Harris,675306,https://i.scdn.co/image/ab67616d000048518d12bc5e3ea5c9f4a967de32,https://open.spotify.com/track/1vvNmPOiUuyCbgWmtc6yfm
111,2017-04-05,112,Up,No Promises (feat. Demi Lovato),Cheat Codes,673208,https://i.scdn.co/image/ab67616d00004851e74ecdb2f1316c8f026970a8,https://open.spotify.com/track/1louJpMmzEicAn7lzDalPW
112,2017-04-05,113,Down,Bad Things (with Camila Cabello),Machine Gun Kelly,671017,https://i.scdn.co/image/d5f976093a4dcbc5ea9d4c04b414207f8bdce469,https://open.spotify.com/track/1PSBzsahR2AKwLJgx8ehBj
113,2017-04-05,114,Up,Mercy,Shawn Mendes,670122,https://i.scdn.co/image/ab67616d00004851188e6332f32088921ab1eaf8,https://open.spotify.com/track/4TZy1wLyHec06pwgFYDh1a
114,2017-04-05,115,Up,Vente Pa' Ca,Ricky Martin,670020,https://i.scdn.co/image/ab67616d000048513d90f5938459be40b7b6652a,https://open.spotify.com/track/7DM4BPaS7uofFul3ywMe46
115,2017-04-05,116,Down,Heathens,Twenty One Pilots,667632,https://i.scdn.co/image/ab67616d000048512ca3ba8f334ca5a5f0312efb,https://open.spotify.com/track/6i0V12jOa3mr6uu4WYhUBr
116,2017-04-05,117,Up,Rolex,Ayo & Teo,653337,https://i.scdn.co/image/ab67616d0000485179dbd95fbdf6b0d617bd32dd,https://open.spotify.com/track/0pSBuHjILhNEo55xK1zrRt
117,2017-04-05,118,Down,Nancy Mulligan,Ed Sheeran,651833,https://i.scdn.co/image/ab67616d00004851ba5db46f4b838ef6027e6f96,https://open.spotify.com/track/35QZaWQRkmnAVqBF1TLCxQ
118,2017-04-05,119,Down,Photograph,Ed Sheeran,651016,https://i.scdn.co/image/ab67616d00004851d08209944468440145f01524,https://open.spotify.com/track/6fxVffaTuwjgEk5h9QyRjy
119,2017-04-05,120,Up,We Don't Talk Anymore,Charlie Puth,648217,https://i.scdn.co/image/ab67616d00004851c0e28105f0533c52717c46c2,https://open.spotify.com/track/68EMU2RD1ECNeOeJ5qAXCV
120,2017-04-05,121,Up,Black Beatles,Rae Sremmurd,639049,https://i.scdn.co/image/16293ab3b4f9301aeb5f41810fd7056d463db55e,https://open.spotify.com/track/6fujklziTHa8uoM5OQSfIo
121,2017-04-05,122,Up,Human,Rag'n'Bone Man,635087,https://i.scdn.co/image/ab67616d0000485190a788beadaad34ff684d3ec,https://open.spotify.com/track/58zsLZPvfflaiIbNWoA22O
122,2017-04-05,123,Up,Moves,Big Sean,628095,https://i.scdn.co/image/695d0c097d8463ccc2c2b9855fe44e3e9e7bc267,https://open.spotify.com/track/0Fv5N0cHBsl4bzCbollCAS
123,2017-04-05,124,Down,4422,Drake,626245,https://i.scdn.co/image/6dfd956b9331fa9ea1f47ebb95311951ed72b3db,https://open.spotify.com/track/2fkeWbM6iqTw7oGHTYm2lw
124,2017-04-05,125,Up,Scars To Your Beautiful,Alessia Cara,623594,https://i.scdn.co/image/5b9e5bd34ec840f07c8530e43a76b1b5e08d8b77,https://open.spotify.com/track/0prNGof3XqfTvNDxHonvdK
125,2017-04-05,126,Up,Be the One,Dua Lipa,622833,https://i.scdn.co/image/ab67616d000048516b915e407b70e121e06fe979,https://open.spotify.com/track/7FCfMXYTIiQ9b4hDYs4Iol
126,2017-04-05,127,Up,Shed a Light,Robin Schulz,621471,https://i.scdn.co/image/ab67616d000048517be189f322bc8155c103d6c9,https://open.spotify.com/track/1cG0umU5TKStygKsPFZ9pY
127,2017-04-05,128,Down,Thinking out Loud,Ed Sheeran,620121,https://i.scdn.co/image/ab67616d00004851d08209944468440145f01524,https://open.spotify.com/track/1Slwb6dOYkBlWal1PGtnNg
128,2017-04-05,129,Down,Hearts Don't Break Around Here,Ed Sheeran,616971,https://i.scdn.co/image/ab67616d00004851ba5db46f4b838ef6027e6f96,https://open.spotify.com/track/2dfHh7ECGxfNqZTQno09Vk
129,2017-04-05,130,Flat,At My Best (feat. Hailee Steinfeld),Machine Gun Kelly,607596,https://i.scdn.co/image/d5f976093a4dcbc5ea9d4c04b414207f8bdce469,https://open.spotify.com/track/77lGafvlU68CeHgB2pkHC9
130,2017-04-05,131,Up,Stressed Out,Twenty One Pilots,606594,https://i.scdn.co/image/ab67616d00004851de03bfc2991fd5bcfde65ba3,https://open.spotify.com/track/3CRDbSIZ4r5MsZ0YwxuEkn
131,2017-04-05,132,Up,Cheap Thrills,Sia,606308,https://i.scdn.co/image/ab67616d0000485149e0134c686547c28b7c999f,https://open.spotify.com/track/27SdWb2rFzO6GWiYDBTD9j
132,2017-04-05,133,Up,Skin,Rag'n'Bone Man,595800,https://i.scdn.co/image/ab67616d0000485190a788beadaad34ff684d3ec,https://open.spotify.com/track/6y2Kaz9QI01XBKJ8mTb7Pf
133,2017-04-05,134,Up,Love Yourself,Justin Bieber,592178,https://i.scdn.co/image/ab67616d00004851b6d9a4fbb0bd49f0f034aead,https://open.spotify.com/track/3hB5DgAiMAQ4DzYbsMq1IT
134,2017-04-05,135,Down,Jorja Interlude,Drake,591824,https://i.scdn.co/image/6dfd956b9331fa9ea1f47ebb95311951ed72b3db,https://open.spotify.com/track/13e6f8t7RKXuxZ0JdaaJRG
135,2017-04-05,136,Up,Water Under the Bridge,Adele,591168,https://i.scdn.co/image/ab67616d000048514c3bbcff5e7248e415548f12,https://open.spotify.com/track/4vb4mFvYsr2h6enhjJsq9Y
136,2017-04-05,137,Down,Sooner Or Later,Aaron Carter,589509,https://i.scdn.co/image/ab67616d000048511f7d1e684ec89fe11a4fdc37,https://open.spotify.com/track/6wV12xIUb8oFY7lBy4KuQe
137,2017-04-05,138,Up,Ride,Twenty One Pilots,586675,https://i.scdn.co/image/ab67616d00004851de03bfc2991fd5bcfde65ba3,https://open.spotify.com/track/2Z8WuEywRWYTKe1NybPQEW
138,2017-04-05,139,Flat,Faded,Alan Walker,586363,https://i.scdn.co/image/ab67616d00004851c4d00cac55ae1b4598c9bc90,https://open.spotify.com/track/7gHs73wELdeycvS48JfIos
139,2017-04-05,140,Down,Do Not Disturb,Drake,581298,https://i.scdn.co/image/6dfd956b9331fa9ea1f47ebb95311951ed72b3db,https://open.spotify.com/track/2KvHC9z14GSl4YpkNMX384
140,2017-04-05,141,Up,Work from Home (feat. Ty Dolla $ign),Fifth Harmony,579186,https://i.scdn.co/image/ab67616d00004851d03fa6f4e758282b7920b5c8,https://open.spotify.com/track/4tCtwWceOPWzenK2HAIJSb
141,2017-04-05,142,Down,All We Know,The Chainsmokers,577924,https://i.scdn.co/image/ab67616d00004851ff8d8c5662a96d41433e9ee1,https://open.spotify.com/track/2rizacJSyD9S1IQUxUxnsK
142,2017-04-05,143,Up,Alguien Robo,Sebastian Yatra,576200,https://i.scdn.co/image/ab67616d0000485135e1cf8c70c60dc416956c17,https://open.spotify.com/track/5i50gKdLAjjIr7UxRT5IVy
143,2017-04-05,144,Down,Caroline,Aminé,572096,https://i.scdn.co/image/ab67616d00004851a7f01ef25974c10cdbbd566e,https://open.spotify.com/track/5GFDrUTLGJix84sNhjCG0g
144,2017-04-05,145,Up,Broccoli (feat. Lil Yachty),DRAM,571841,https://i.scdn.co/image/ab67616d00004851f02a1575a59bd05998826351,https://open.spotify.com/track/7yyRTcZmCiyzzJlNzGC9Ol
145,2017-04-05,146,Up,Vacaciones,Wisin,569487,https://i.scdn.co/image/ab67616d00004851c85f0d16973e9dae6f8a786c,https://open.spotify.com/track/3dQDid3IUNhZy1OehIfYfE
146,2017-04-05,147,Down,The Other,Lauv,568210,https://i.scdn.co/image/ab67616d000048513c6e07056b26bb9804a596da,https://open.spotify.com/track/1lntL1cI2UIWlxjL5QiN8g
147,2017-04-05,148,Down,Sunset Lover,Petit Biscuit,567058,https://i.scdn.co/image/ab67616d00004851014080d39d56c94c0b285362,https://open.spotify.com/track/0hNduWmlWmEmuwEFcYvRu1
148,2017-04-05,149,Up,Perfect Strangers,Jonas Blue,565836,https://i.scdn.co/image/ab67616d0000485179882e87678a76bc1d895e94,https://open.spotify.com/track/1CUVN2kn7mW5FjkqXTR2W1
149,2017-04-05,150,Up,Ciao Adios,Anne-Marie,565767,https://i.scdn.co/image/ab67616d0000485119f06fd0fc43d3ebed4f041d,https://open.spotify.com/track/3EfugazgSddQvzZpkof5I4
150,2017-04-05,151,Down,This Is What You Came For,Calvin Harris,563648,https://i.scdn.co/image/ab67616d00004851d9aa52355e062f5de060adbf,https://open.spotify.com/track/0azC730Exh71aQlOt9Zj3y
151,2017-04-05,152,Up,Te Quiero Pa´Mi,Don Omar,558854,https://i.scdn.co/image/ab67616d00004851d0cb2a58e3bf5d7ac5ece16f,https://open.spotify.com/track/3BY2mafsbsoKGqS380Xnuz
152,2017-04-05,153,Up,Alone,Alan Walker,554067,https://i.scdn.co/image/ab67616d00004851f00ade2f88d8223521bc7f76,https://open.spotify.com/track/0JiVRyTJcJnmlwCZ854K4p
153,2017-04-05,154,Down,Down,Marian Hill,550618,https://i.scdn.co/image/ab67616d00004851c989c526b15cacc1a579a9c7,https://open.spotify.com/track/2dqLk7ezV15LEJEwUmEbXB
154,2017-04-05,155,Down,Thumbs,Sabrina Carpenter,550080,https://i.scdn.co/image/ab67616d00004851b13cc7b6ba13bcd75cae73a1,https://open.spotify.com/track/3UjJP4ludb74a29P5EHEIo
155,2017-04-05,156,Up,TG4M,Zara Larsson,550041,https://i.scdn.co/image/ab67616d000048519e1683774b22648f4f178ed3,https://open.spotify.com/track/4uoumbAMEMaKdtiv763jKz
156,2017-04-05,157,Up,Pretty Girl - Cheat Codes X CADE Remix,Maggie Lindemann,549631,https://i.scdn.co/image/ab67616d000048517c7436e1b6273be0e7bc1a84,https://open.spotify.com/track/1NDxZ7cFAo481dtYWdrUnR
157,2017-04-05,158,Down,Eraser,Ed Sheeran,544323,https://i.scdn.co/image/ab67616d00004851ba5db46f4b838ef6027e6f96,https://open.spotify.com/track/7oolFzHipTMg2nL7shhdz2
158,2017-04-05,159,Up,Sorry,Justin Bieber,542477,https://i.scdn.co/image/ab67616d00004851b6d9a4fbb0bd49f0f034aead,https://open.spotify.com/track/69bp2EbF7Q2rqc5N3ylezZ
159,2017-04-05,160,Down,Versace on the Floor,Bruno Mars,539870,https://i.scdn.co/image/ab67616d00004851232711f7d66a1e19e89e28c5,https://open.spotify.com/track/0kN8xEmgMW9mh7UmDYHlJP
160,2017-04-05,161,Down,Bibia Be Ye Ye,Ed Sheeran,536760,https://i.scdn.co/image/ab67616d00004851ba5db46f4b838ef6027e6f96,https://open.spotify.com/track/6SznMYPQJHzr3IwsAHLId2
161,2017-04-05,162,Up,Traicionera,Sebastian Yatra,535294,https://i.scdn.co/image/ab67616d00004851dbe5e9f934a9be5db8884c52,https://open.spotify.com/track/5J1c3M4EldCfNxXwrwt8mT
162,2017-04-05,163,Down,Party Monster,The Weeknd,532426,https://i.scdn.co/image/6aeaaebcbd861c8369b14366e8e0eca2fe96055d,https://open.spotify.com/track/4F7A0DXBrmUAkp32uenhZt
163,2017-04-05,164,Down,Ice Melts,Drake,531979,https://i.scdn.co/image/6dfd956b9331fa9ea1f47ebb95311951ed72b3db,https://open.spotify.com/track/7bJ4mu7MHa3rHiNyKjOoSl
164,2017-04-05,165,Down,美女と野獣,Ariana Grande,523543,https://i.scdn.co/image/ab67616d00004851d5a45b435ecafffdede5fd28,https://open.spotify.com/track/1KT0xdIjm7t053xByACrrg
165,2017-04-05,166,Down,Deja vu,Prince Royce,521820,https://i.scdn.co/image/ab67616d000048516c1180ae683cc09d840a9163,https://open.spotify.com/track/46HdsiK0uR26B2dY9QPzda
166,2017-04-05,167,Down,The Scientist,Coldplay,520607,https://i.scdn.co/image/ab67616d00004851ad6f442ecac8735b9285a923,https://open.spotify.com/track/75JFxkI2RXiU7L9VXzMkle
167,2017-04-05,168,Flat,This Girl (Kungs Vs. Cookin' On 3 Burners) - Kungs Vs. Cookin' On 3 Burners,Kungs,513809,https://i.scdn.co/image/ab67616d00004851f504cc56f3bd99bc61929272,https://open.spotify.com/track/0tICYNayWWhH9GPeFrfjfD
168,2017-04-05,169,Down,Panda,Desiigner,513568,https://i.scdn.co/image/ab67616d000048513df69bfb7713d8262820612b,https://open.spotify.com/track/5OOkp4U9P9oL23maHFHL1h
169,2017-04-05,170,New,Now Or Never,Halsey,512990,https://i.scdn.co/image/ab67616d000048519357ea2dbe932b47fe8149d6,https://open.spotify.com/track/0Nhu3zSYbEz32IYiobV75e
170,2017-04-05,171,Up,Lights Down Low,MAX,512432,https://i.scdn.co/image/ab67616d00004851cefb1bcf9304bf454bae7f8d,https://open.spotify.com/track/1sYSP7gKa5kdKIfhANfori
171,2017-04-05,172,Up,Gyal You A Party Animal - Remix,Charly Black,508085,https://i.scdn.co/image/ab67616d0000485131a026a9d39e08006ddfb138,https://open.spotify.com/track/1AkTW13ysu0AJrwuM6UY0I
172,2017-04-05,173,Up,7 Years,Lukas Graham,507901,https://i.scdn.co/image/ab67616d0000485104d59cefa11f0eee9f1877a5,https://open.spotify.com/track/7129iqBafaphfc3WPCGC0L
173,2017-04-05,174,Up,Million Reasons,Lady Gaga,501659,https://i.scdn.co/image/ab67616d00004851dd0b256c733c96b653ab5cde,https://open.spotify.com/track/50PWlIBU7PlGGwzgN8TiFJ
174,2017-04-05,175,Up,"Sucker For Pain (with Wiz Khalifa, Imagine Dragons, Logic & Ty Dolla $ign feat. X Ambassadors)",Lil Wayne,498914,https://i.scdn.co/image/ab67616d000048517d8dfcfd507069d7f2062caf,https://open.spotify.com/track/4dASQiO1Eoo3RJvt74FtXB
175,2017-04-05,176,Up,No Problem (feat. Lil Wayne & 2 Chainz),Chance the Rapper,498301,https://i.scdn.co/image/ab67616d00004851e71dd15fc5bdefd5bff70452,https://open.spotify.com/track/0v9Wz8o0BT8DU38R4ddjeH
176,2017-04-05,177,Up,Cake By The Ocean,DNCE,497839,https://i.scdn.co/image/ab67616d00004851a19a2912e1618ada66b2e6e8,https://open.spotify.com/track/2aFiaMXmWsM3Vj72F9ksBl
177,2017-04-05,178,Down,No Lie,Sean Paul,497482,https://i.scdn.co/image/ab67616d000048514782809e4cd19cefc99048f7,https://open.spotify.com/track/3cFsmM51N5zMAuu1nNY4Tw
178,2017-04-05,179,Up,"i hate u, i love u (feat. olivia o'brien)",gnash,496658,https://i.scdn.co/image/ab67616d0000485108862f843ea27f44f8e8cbd8,https://open.spotify.com/track/7vRriwrloYVaoAe3a9wJHe
179,2017-04-05,180,Down,By Your Side,Jonas Blue,495102,https://i.scdn.co/image/ab67616d00004851bd4b658f3aead04637924c28,https://open.spotify.com/track/1D3ODoXHBLpdxolZRHWV1j
180,2017-04-05,181,Down,Save Myself,Ed Sheeran,494819,https://i.scdn.co/image/ab67616d00004851ba5db46f4b838ef6027e6f96,https://open.spotify.com/track/6TIU9Ehmi6dMzZK73Ym4yj
181,2017-04-05,182,Down,Lean On (feat. MØ & DJ Snake),Major Lazer,492770,https://i.scdn.co/image/ab67616d000048519f55dad3a63f72f1bc8d6f59,https://open.spotify.com/track/4WjH9Bzt3kx7z8kl0awxh4
182,2017-04-05,183,Up,Obsession (feat. Jon Bellion),Vice,490374,https://i.scdn.co/image/ab67616d00004851db6496aa86b190fb114b9d0c,https://open.spotify.com/track/5pvVAwQbuFoR7LkcicrKnk
183,2017-04-05,184,Flat,La Bicicleta,Carlos Vives,484519,https://i.scdn.co/image/ab67616d00004851d05d3aad30c5fb7614893cf5,https://open.spotify.com/track/0sXvAOmXgjR2QUqLK1MltU
184,2017-04-05,185,Up,I Love You,Axwell /\ Ingrosso,483202,https://i.scdn.co/image/ab67616d00004851c9565af11453132958687a20,https://open.spotify.com/track/11Fo4dAH31K7UZHGqCkCmE
185,2017-04-05,186,Down,Skepta Interlude,Drake,481816,https://i.scdn.co/image/6dfd956b9331fa9ea1f47ebb95311951ed72b3db,https://open.spotify.com/track/2dfqS3MRtbLZSZA1IL8xY5
186,2017-04-05,187,Down,Dile Que Tu Me Quieres,Ozuna,480345,https://i.scdn.co/image/ab67616d0000485133bbd31551e01896f58d688f,https://open.spotify.com/track/20ZAJdsKB5IGbGj4ilRt2o
187,2017-04-05,188,Down,Lush Life,Zara Larsson,473217,https://i.scdn.co/image/ab67616d000048519e1683774b22648f4f178ed3,https://open.spotify.com/track/1rIKgCH4H52lrvDcz50hS8
188,2017-04-05,189,Down,Too Good,Drake,469523,https://i.scdn.co/image/ab67616d00004851726abca207567d5e41cb9667,https://open.spotify.com/track/11KJSRSgaDxqydKYiD2Jew
189,2017-04-05,190,Down,X (feat. Future),21 Savage,468674,https://i.scdn.co/image/ab67616d000048512dd1ac4a61495080ef8f78ca,https://open.spotify.com/track/6fwdbPMwP1zVStm8FybmkO
190,2017-04-05,191,Down,Can't Have Everything,Drake,465009,https://i.scdn.co/image/6dfd956b9331fa9ea1f47ebb95311951ed72b3db,https://open.spotify.com/track/5f5r2N4Lp9WoULWPH9zp2W
191,2017-04-05,192,New,Lumbra,Cali Y El Dandee,463967,https://i.scdn.co/image/ab67616d000048511b871ef4de91bd38cac024d1,https://open.spotify.com/track/6VHdcVbiKLYYOcMbIqBcuK
192,2017-04-05,193,Up,Escápate Conmigo,Wisin,461289,https://i.scdn.co/image/ab67616d000048512b02904e5404ad6069c16a4f,https://open.spotify.com/track/2cnKEkpVUSV4wnjQiTWfH6
193,2017-04-05,194,Up,I Would Like,Zara Larsson,459787,https://i.scdn.co/image/ab67616d000048519e1683774b22648f4f178ed3,https://open.spotify.com/track/4Q4jmPHwu0wrJvqrld0FQ6
194,2017-04-05,195,Up,Oceans Away,A R I Z O N A,459501,https://i.scdn.co/image/ab67616d0000485150a25f1cb71018982b81ca2b,https://open.spotify.com/track/6A8dnC0xkiuWN4BshmTB2I
195,2017-04-05,196,Up,"Lose Yourself - From ""8 Mile"" Soundtrack",Eminem,458290,https://i.scdn.co/image/36440dfd440d23086573d62a32def35ecc42f111,https://open.spotify.com/track/5Z01UMMf7V1o0MzF86s6WJ
196,2017-04-05,197,New,Andas En Mi Cabeza,Chino & Nacho,456931,https://i.scdn.co/image/ab67616d0000485166dad4487da6fc0dced2d0c6,https://open.spotify.com/track/5mey7CLLuFToM2P68Qu1gF
197,2017-04-05,198,Down,Light It Up (feat. Nyla & Fuse ODG) - Remix,Major Lazer,456075,https://i.scdn.co/image/ab67616d00004851751a2e5da4333e86814026ba,https://open.spotify.com/track/0L7loeTIg6akW84aEQZpCT
198,2017-04-05,199,New,Into You,Ariana Grande,455914,https://i.scdn.co/image/ab67616d000048517227f5854239a059af211d5b,https://open.spotify.com/track/7yHEDfrJNd0zWOfXwydNH0
199,2017-04-05,200,Down,Light My Body Up (feat. Nicki Minaj & Lil Wayne),David Guetta,452106,https://i.scdn.co/image/ab67616d0000485169aef1f4d4877a43c7370db1,https://open.spotify.com/track/3vgNmjuRDnGLxUFGCLkwpm
