,Date,Position,Trend,Title,Artist,Streams,Icon_URL,Spotify_URL
0,2017-04-30,1,Flat,Despacito - Remix,Luis Fonsi,6312331,https://i.scdn.co/image/ab67616d00004851d8559d0280ffe2a2af6dacdf,https://open.spotify.com/track/5CtI0qwDJkDQGwXD1H1cLb
1,2017-04-30,2,Flat,Shape of You,Ed Sheeran,4881603,https://i.scdn.co/image/ab67616d00004851ba5db46f4b838ef6027e6f96,https://open.spotify.com/track/7qiZfU4dY1lWllzX7mPBI3
2,2017-04-30,3,Flat,HUMBLE.,Kendrick Lamar,4210771,https://i.scdn.co/image/ae1f239b41e9604a66eb900834c6887cd2f62ff1,https://open.spotify.com/track/7KXjTSCq5nL1LoYtL7XAwS
3,2017-04-30,4,Flat,"I'm the One (feat. Justin Bieber, Quavo, Chance the Rapper & Lil Wayne)",DJ Khaled,4113180,https://i.scdn.co/image/ab67616d00004851dcb6a73da1e7f293b875f69c,https://open.spotify.com/track/3DXncPQOG4VBw3QHh3S817
4,2017-04-30,5,Flat,Something Just Like This,The Chainsmokers,3275587,https://i.scdn.co/image/ab67616d000048510c13d3d5a503c84fcc60ae94,https://open.spotify.com/track/6RUKPb4LETWmmr3iAEQktW
5,2017-04-30,6,Flat,Mask Off,Future,3194368,https://i.scdn.co/image/ab67616d00004851356884f85665ebdd79223fdf,https://open.spotify.com/track/3rOSwuTsUlJp0Pu0MkN8r8
6,2017-04-30,7,Flat,It Ain't Me (with Selena Gomez),Kygo,3186100,https://i.scdn.co/image/ab67616d0000485141f289940f2e6a0d51988d77,https://open.spotify.com/track/3eR23VReFzcdmS7TYCrhCe
7,2017-04-30,8,Up,Stay (with Alessia Cara),Zedd,2933866,https://i.scdn.co/image/ab67616d0000485191a70f95efc3400f696e89cc,https://open.spotify.com/track/0dA2Mk56wEzDgegdC6R17g
8,2017-04-30,9,Down,Despacito (Featuring Daddy Yankee),Luis Fonsi,2903369,https://i.scdn.co/image/ab67616d00004851a5971936e3b8d91f8b616b17,https://open.spotify.com/track/4aWmUDTfIPGksMNLV2rQP2
9,2017-04-30,10,Up,Symphony (feat. Zara Larsson),Clean Bandit,2873573,https://i.scdn.co/image/ab67616d000048515b1130d050c4cd2295999d85,https://open.spotify.com/track/1x5sYLZiu9r5E43kMlt9f8
10,2017-04-30,11,Down,That's What I Like,Bruno Mars,2837997,https://i.scdn.co/image/ab67616d00004851232711f7d66a1e19e89e28c5,https://open.spotify.com/track/0KKkJNfGyhkQ5aFogxQAPU
11,2017-04-30,12,Down,Passionfruit,Drake,2825426,https://i.scdn.co/image/ab67616d000048515ea859dc94365abd9fd84fd6,https://open.spotify.com/track/7hDc8b7IXETo14hHIHdnhd
12,2017-04-30,13,Flat,Swalla (feat. Nicki Minaj & Ty Dolla $ign),Jason Derulo,2644387,https://i.scdn.co/image/ab67616d000048519d6522bee68370fa5592301d,https://open.spotify.com/track/6kex4EBAj0WHXDKZMEJaaF
13,2017-04-30,14,Flat,DNA.,Kendrick Lamar,2427976,https://i.scdn.co/image/ae1f239b41e9604a66eb900834c6887cd2f62ff1,https://open.spotify.com/track/6HZILIRieu8S0iqY8kIKhj
14,2017-04-30,15,Flat,There's Nothing Holdin' Me Back,Shawn Mendes,2272812,https://i.scdn.co/image/ab67616d00004851f9cbd0c07513a7232cd6b9a7,https://open.spotify.com/track/79cuOz3SPQTuFrp8WgftAu
15,2017-04-30,16,Flat,Slide,Calvin Harris,2179149,https://i.scdn.co/image/ab67616d000048514d3fa5ce7ba599f4fd7803ef,https://open.spotify.com/track/7tr2za8SQg2CI8EDgrdtNl
16,2017-04-30,17,Flat,Galway Girl,Ed Sheeran,2153782,https://i.scdn.co/image/ab67616d00004851ba5db46f4b838ef6027e6f96,https://open.spotify.com/track/0afhq8XCExXpqazXczTSve
17,2017-04-30,18,Flat,Scared to Be Lonely,Martin Garrix,2108040,https://i.scdn.co/image/ab67616d0000485164f8a309aa3c0a66a31fc374,https://open.spotify.com/track/3ebXMykcMXOcLeJ9xZ17XH
18,2017-04-30,19,Up,Issues,Julia Michaels,2023555,https://i.scdn.co/image/ab67616d000048519615e35e0e9e4b2c3dccb520,https://open.spotify.com/track/1sXUWdKx03aP9Gmzft58rt
19,2017-04-30,20,Down,XO TOUR Llif3,Lil Uzi Vert,1971344,https://i.scdn.co/image/ab67616d0000485115531ec8568373f631db9786,https://open.spotify.com/track/2eMwDehkIC1j68U6FA3Eiq
20,2017-04-30,21,Flat,iSpy (feat. Lil Yachty),KYLE,1854256,https://i.scdn.co/image/ab67616d0000485132e373f2988bc6596a542d1c,https://open.spotify.com/track/2EEeOnHehOozLq4aS0n6SL
21,2017-04-30,22,Flat,Paris,The Chainsmokers,1793907,https://i.scdn.co/image/ab67616d000048510c13d3d5a503c84fcc60ae94,https://open.spotify.com/track/72jbDTw1piOOj770jWNeaG
22,2017-04-30,23,Up,Sign of the Times,Harry Styles,1730696,https://i.scdn.co/image/ab67616d000048516c619c39c853f8b1d67b7859,https://open.spotify.com/track/5Ohxk2dO5COHF1krpoPigN
23,2017-04-30,24,Down,SUBEME LA RADIO,Enrique Iglesias,1720606,https://i.scdn.co/image/ab67616d000048515366ff028970205a29d558ed,https://open.spotify.com/track/7nKBxz47S9SD79N086fuhn
24,2017-04-30,25,Up,Good Life (with G-Eazy & Kehlani),G-Eazy,1714493,https://i.scdn.co/image/ab67616d00004851fcc36f9c0515e6e7faa2030b,https://open.spotify.com/track/1Eck97uRMlprKOOJN9oO1E
25,2017-04-30,26,Up,Believer,Imagine Dragons,1641638,https://i.scdn.co/image/ab67616d000048517956bd9a3d7a15e4c2e37cc6,https://open.spotify.com/track/0CcQNd8CINkwQfe1RDtGV6
26,2017-04-30,27,Down,You Don't Know Me - Radio Edit,Jax Jones,1632280,https://i.scdn.co/image/ab67616d00004851dd05a1716e2f07a07b8ccfe3,https://open.spotify.com/track/00lNx0OcTJrS3MKHcB80HY
27,2017-04-30,28,Up,Cold,Maroon 5,1627903,https://i.scdn.co/image/ab67616d000048514727f9e79c338683c5bf8921,https://open.spotify.com/track/5NNlUMcOEOdoOIwwaWXv0k
28,2017-04-30,29,Down,Me Rehúso,Danny Ocean,1627172,https://i.scdn.co/image/ab67616d00004851a75bd33684083600569dd3bf,https://open.spotify.com/track/6De0lHrwBfPfrhorm9q1Xl
29,2017-04-30,30,Flat,Rockabye (feat. Sean Paul & Anne-Marie),Clean Bandit,1556271,https://i.scdn.co/image/ab67616d000048511431c3bdf16aa99f71799d95,https://open.spotify.com/track/5knuzwU65gJK7IF5yJsuaW
30,2017-04-30,31,Up,"I Don’t Wanna Live Forever (Fifty Shades Darker) - From ""Fifty Shades Darker (Original Motion Picture Soundtrack)""",ZAYN,1544382,https://i.scdn.co/image/ab67616d000048512ae921f082ae5db4d3da818f,https://open.spotify.com/track/3NdDpSvN911VPGivFlV5d0
31,2017-04-30,32,Down,Felices los 4,Maluma,1527599,https://i.scdn.co/image/ab67616d00004851d9732b592276542ecafa6c6d,https://open.spotify.com/track/0qYTZCo5Bwh1nsUFGZP3zn
32,2017-04-30,33,Down,LOYALTY. FEAT. RIHANNA.,Kendrick Lamar,1516634,https://i.scdn.co/image/ae1f239b41e9604a66eb900834c6887cd2f62ff1,https://open.spotify.com/track/6SwRhMLwNqEi6alNPVG00n
33,2017-04-30,34,Up,Unforgettable,French Montana,1514565,https://i.scdn.co/image/ab67616d00004851482e95a6c610468cddf011da,https://open.spotify.com/track/1F2HXIJrE2Xn81OzT2zZvW
34,2017-04-30,35,Down,Call On Me - Ryan Riback Extended Remix,Starley,1498108,https://i.scdn.co/image/ab67616d000048519d4079afc73664f86f055400,https://open.spotify.com/track/78rIJddV4X0HkNAInEcYde
35,2017-04-30,36,Up,The Cure,Lady Gaga,1416130,https://i.scdn.co/image/ab67616d000048514a9be9e8223db02a37e1e8fe,https://open.spotify.com/track/51PIvodunv6NmX5250zxAh
36,2017-04-30,37,Up,Location,Khalid,1415588,https://i.scdn.co/image/ab67616d00004851988ede5e1276e758b5f9e577,https://open.spotify.com/track/152lZdxL1OR0ZMW6KquMif
37,2017-04-30,38,Up,Attention,Charlie Puth,1406112,https://i.scdn.co/image/ab67616d00004851db21a273452f0637cdbc35aa,https://open.spotify.com/track/4iLqG9SeJSnt0cSPICSjxv
38,2017-04-30,39,Down,I Feel It Coming,The Weeknd,1404698,https://i.scdn.co/image/b3683184efeb899b2d1a02f4957d0c630dc10b0b,https://open.spotify.com/track/5GXAXm5YOmYT0kL5jHvYBt
39,2017-04-30,40,Down,LOVE. FEAT. ZACARI.,Kendrick Lamar,1387881,https://i.scdn.co/image/ae1f239b41e9604a66eb900834c6887cd2f62ff1,https://open.spotify.com/track/6PGoSes0D9eUDeeAafB2As
40,2017-04-30,41,Down,Solo Dance,Martin Jensen,1384551,https://i.scdn.co/image/ab67616d00004851950d67dbe3f31f1d9a5d06a2,https://open.spotify.com/track/6HUnnBwYZqcED1eQztxMBN
41,2017-04-30,42,Down,ELEMENT.,Kendrick Lamar,1379858,https://i.scdn.co/image/ae1f239b41e9604a66eb900834c6887cd2f62ff1,https://open.spotify.com/track/1EaKU4dMbesXXd3BrLCtYG
42,2017-04-30,43,Down,El Amante,Nicky Jam,1336976,https://i.scdn.co/image/ab67616d00004851d77dbcd4dbd37cdfa61771fa,https://open.spotify.com/track/3umS4y3uQDkqekNjVpiRUs
43,2017-04-30,44,Up,Now Or Never,Halsey,1313480,https://i.scdn.co/image/ab67616d000048519357ea2dbe932b47fe8149d6,https://open.spotify.com/track/0Nhu3zSYbEz32IYiobV75e
44,2017-04-30,45,Up,Closer,The Chainsmokers,1286366,https://i.scdn.co/image/ab67616d00004851495ce6da9aeb159e94eaa453,https://open.spotify.com/track/7BKLCZ1jbUBVqRi2FVlTVw
45,2017-04-30,46,Up,Congratulations,Post Malone,1281222,https://i.scdn.co/image/23bae95100dcb6ac8f88c19fa2a11c50a998a926,https://open.spotify.com/track/3a1lNhkSLSkpJE4MSHpDu9
46,2017-04-30,47,Down,Chained To The Rhythm,Katy Perry,1251378,https://i.scdn.co/image/ab67616d000048511487979a7e0181a5d0406d1a,https://open.spotify.com/track/6520aj0B4FSKGVuKNsOCOi
47,2017-04-30,48,Up,Castle on the Hill,Ed Sheeran,1243987,https://i.scdn.co/image/ab67616d00004851ba5db46f4b838ef6027e6f96,https://open.spotify.com/track/6PCUP3dWmTjcTtXY02oFdT
48,2017-04-30,49,Down,Portland,Drake,1231061,https://i.scdn.co/image/6dfd956b9331fa9ea1f47ebb95311951ed72b3db,https://open.spotify.com/track/2bjwRfXMk4uRgOD9IBYl9h
49,2017-04-30,50,Up,Say You Won't Let Go,James Arthur,1230898,https://i.scdn.co/image/ab67616d0000485120beb61f61fcbeb33b10a9ab,https://open.spotify.com/track/5uCax9HTNlzGybIStD3vDh
50,2017-04-30,51,Down,Green Light,Lorde,1214309,https://i.scdn.co/image/ab67616d0000485128e1139fd3a34626351b9004,https://open.spotify.com/track/0gbBzIqrECJOEPvQJIBFs5
51,2017-04-30,52,Down,No Promises (feat. Demi Lovato),Cheat Codes,1200704,https://i.scdn.co/image/ab67616d00004851e74ecdb2f1316c8f026970a8,https://open.spotify.com/track/1louJpMmzEicAn7lzDalPW
52,2017-04-30,53,Up,Pretty Girl - Cheat Codes X CADE Remix,Maggie Lindemann,1196201,https://i.scdn.co/image/ab67616d000048517c7436e1b6273be0e7bc1a84,https://open.spotify.com/track/1NDxZ7cFAo481dtYWdrUnR
53,2017-04-30,54,Up,The One,The Chainsmokers,1195387,https://i.scdn.co/image/ab67616d000048510c13d3d5a503c84fcc60ae94,https://open.spotify.com/track/0wfbD5rAksdXUzRvMfM3x5
54,2017-04-30,55,Up,First Time,Kygo,1135536,https://i.scdn.co/image/ab67616d00004851b6d86ca196b697ee0f640118,https://open.spotify.com/track/2Gl0FzuLxflY6nPifJp5Dr
55,2017-04-30,56,Down,Chantaje (feat. Maluma),Shakira,1127129,https://i.scdn.co/image/ab67616d00004851d05d3aad30c5fb7614893cf5,https://open.spotify.com/track/6mICuAdrwEjh6Y6lroV2Kg
56,2017-04-30,57,Up,Tunnel Vision,Kodak Black,1109945,https://i.scdn.co/image/ab67616d000048511541a676423805fc68ff3e66,https://open.spotify.com/track/4Q3N4Ct4zCuIHuZ65E3BD4
57,2017-04-30,58,Up,Starboy,The Weeknd,1094966,https://i.scdn.co/image/ab67616d000048510c8599cbde51245c128bcea9,https://open.spotify.com/track/5aAx2yezTd8zXrkmtKl66Z
58,2017-04-30,59,Up,Still Got Time,ZAYN,1077763,https://i.scdn.co/image/ab67616d000048513bfd914f72da2ed8822a634f,https://open.spotify.com/track/000xQL6tZNLJzIrtIgxqSl
59,2017-04-30,60,Up,Run Up (feat. PARTYNEXTDOOR & Nicki Minaj),Major Lazer,1071326,https://i.scdn.co/image/ab67616d000048518036d7402a6a76aed04f1f98,https://open.spotify.com/track/0fg8CqpjdojMyXLNzM2PaJ
60,2017-04-30,61,Down,Hey Ma (with Pitbull & J Balvin feat. Camila Cabello) - Spanish Version,Pitbull,1057556,https://i.scdn.co/image/ab67616d000048513e40b472d708ea3c6bd86670,https://open.spotify.com/track/2Vdub5mY4lad7w64bFPUez
61,2017-04-30,62,Down,Bon appétit,Katy Perry,1050717,https://i.scdn.co/image/ab67616d000048511487979a7e0181a5d0406d1a,https://open.spotify.com/track/61WbtB6ujkpNAsAf5LjF4b
62,2017-04-30,63,Up,Tuesday,Burak Yeter,998181,https://i.scdn.co/image/069b0b8dc1285ba4d2bd7f2536abfce84598d130,https://open.spotify.com/track/7abpmGpF7PGep2rDU68GBR
63,2017-04-30,64,Up,The Night We Met,Lord Huron,990490,https://i.scdn.co/image/ab67616d00004851ee6611c95f868e465c98a0b2,https://open.spotify.com/track/6mORGLOz79w6VsCRLWYYuK
64,2017-04-30,65,Flat,Bad and Boujee (feat. Lil Uzi Vert),Migos,975059,https://i.scdn.co/image/ab67616d0000485199a8ab6da9d593939302828a,https://open.spotify.com/track/4Km5HrUvYTaSUfiSGPJeQR
65,2017-04-30,66,Down,Escápate Conmigo,Wisin,969100,https://i.scdn.co/image/ab67616d000048512b02904e5404ad6069c16a4f,https://open.spotify.com/track/2cnKEkpVUSV4wnjQiTWfH6
66,2017-04-30,67,Up,Selfish (feat. Rihanna),Future,960765,https://i.scdn.co/image/ab67616d00004851968822b495da180d0792a437,https://open.spotify.com/track/2Ce5IyMlVRVvN997ZJjJJA
67,2017-04-30,68,Down,One Dance,Drake,960159,https://i.scdn.co/image/ab67616d00004851726abca207567d5e41cb9667,https://open.spotify.com/track/1xznGGDReH1oQq0xzbwXa3
68,2017-04-30,69,Flat,Touch,Little Mix,941136,https://i.scdn.co/image/ab67616d000048512318bbb0586903290db2b270,https://open.spotify.com/track/5Ua3GXyHwiSfpNTMjq6m2z
69,2017-04-30,70,Down,Sigo Extrañándote,J Balvin,914519,https://i.scdn.co/image/ab67616d00004851338ffc4c72a192f06070546b,https://open.spotify.com/track/6qDF4wWL49CAVbgT7yuHl8
70,2017-04-30,71,Up,Perfect,Ed Sheeran,911246,https://i.scdn.co/image/ab67616d00004851ba5db46f4b838ef6027e6f96,https://open.spotify.com/track/0tgVpDi06FyKpA1z0VMD4v
71,2017-04-30,72,Flat,Fake Love,Drake,907267,https://i.scdn.co/image/6dfd956b9331fa9ea1f47ebb95311951ed72b3db,https://open.spotify.com/track/343YBumqHu19cGoGARUTsd
72,2017-04-30,73,Up,September Song,JP Cooper,903887,https://i.scdn.co/image/ab67616d000048511400ec742ee0935608e30700,https://open.spotify.com/track/0FuTx2s3YH1ppmtiM6l0zI
73,2017-04-30,74,Down,Ahora Dice,Chris Jeday,903528,https://i.scdn.co/image/ab67616d000048513a142c7e7fc7863dc1a256ed,https://open.spotify.com/track/22eADXu8DfOAUEDw4vU8qy
74,2017-04-30,75,Down,Let Me Love You,DJ Snake,894514,https://i.scdn.co/image/ab67616d000048515045de6786e0af096de73ed4,https://open.spotify.com/track/4pdPtRcBmOSQDlJ3Fk945m
75,2017-04-30,76,Up,goosebumps,Travis Scott,882176,https://i.scdn.co/image/ab67616d00004851f54b99bf27cda88f4a7403ce,https://open.spotify.com/track/6gBFPUFcJLzWGx4lenP6h2
76,2017-04-30,77,Flat,Bounce Back,Big Sean,869733,https://i.scdn.co/image/695d0c097d8463ccc2c2b9855fe44e3e9e7bc267,https://open.spotify.com/track/0SGkqnVQo9KPytSri1H6cF
77,2017-04-30,78,Down,Otra vez (feat. J Balvin),Zion & Lennox,862047,https://i.scdn.co/image/ab67616d0000485182eabf564ddc57325a84dd50,https://open.spotify.com/track/3QwBODjSEzelZyVjxPOHdq
78,2017-04-30,79,Up,do re mi,blackbear,833272,https://i.scdn.co/image/25560e082d8ff78217dd6594d18f827a4049cc63,https://open.spotify.com/track/3Q3myFA7q4Op95DOpHplaY
79,2017-04-30,80,Flat,La Rompe Corazones,Daddy Yankee,830625,https://i.scdn.co/image/ab67616d00004851b84a36483e43bfbcb931fcde,https://open.spotify.com/track/4okba5wu9mMLXx79DXLKi3
80,2017-04-30,81,Up,Weak,AJR,827923,https://i.scdn.co/image/ab67616d00004851c5f3ca405ff6ed13dc554b94,https://open.spotify.com/track/3E2Zh20GDCR9B1EYjfXWyv
81,2017-04-30,82,Down,XXX. FEAT. U2.,Kendrick Lamar,821640,https://i.scdn.co/image/ae1f239b41e9604a66eb900834c6887cd2f62ff1,https://open.spotify.com/track/4iYRa2btalAzPZoSYfROqF
82,2017-04-30,83,Up,Body Like A Back Road,Sam Hunt,819132,https://i.scdn.co/image/ab67616d000048519eccbdab1110afc4d5a186a8,https://open.spotify.com/track/7mldq42yDuxiUNn08nvzHO
83,2017-04-30,84,Down,Reggaetón Lento (Bailemos),CNCO,814994,https://i.scdn.co/image/ab67616d000048517db0f7ac4c612cce26ccacf9,https://open.spotify.com/track/3AEZUABDXNtecAOSC1qTfo
84,2017-04-30,85,Down,24K Magic,Bruno Mars,808809,https://i.scdn.co/image/ab67616d00004851232711f7d66a1e19e89e28c5,https://open.spotify.com/track/6b8Be6ljOzmkOmFslEb23P
85,2017-04-30,86,Up,Happier,Ed Sheeran,801804,https://i.scdn.co/image/ab67616d00004851ba5db46f4b838ef6027e6f96,https://open.spotify.com/track/2RttW7RAu5nOAfq6YFvApB
86,2017-04-30,87,Up,"How Far I'll Go - From ""Moana""",Alessia Cara,800393,https://i.scdn.co/image/ab67616d00004851fb128b1eda22335050f584fe,https://open.spotify.com/track/5hYTyyh2odQKphUbMqc5gN
87,2017-04-30,88,Up,Look At Me!,XXXTENTACION,771289,https://i.scdn.co/image/ab67616d0000485125b5901b8bcf902f54d466d9,https://open.spotify.com/track/4ARPvK8DHLwt4oX65ZAFMw
88,2017-04-30,89,Down,T-Shirt,Migos,767160,https://i.scdn.co/image/ab67616d0000485199a8ab6da9d593939302828a,https://open.spotify.com/track/7KOlJ92bu51cltsD9KU5I7
89,2017-04-30,90,Up,Starving,Hailee Steinfeld,744677,https://i.scdn.co/image/ab67616d00004851612495ee5769c99125031be2,https://open.spotify.com/track/1qOLh0tI7trd1zdDKxYZTe
90,2017-04-30,91,Down,YAH.,Kendrick Lamar,741170,https://i.scdn.co/image/ae1f239b41e9604a66eb900834c6887cd2f62ff1,https://open.spotify.com/track/4BHSjbYylfOH5WAGusDyni
91,2017-04-30,92,Down,"Sola (Remix) [feat. Daddy Yankee, Wisin, Farruko, Zion & Lennox]",Anuel AA,739766,https://i.scdn.co/image/ab67616d00004851a66def7d649149464edc8f1e,https://open.spotify.com/track/5q2JbCNi4FcnglgPfxcV65
92,2017-04-30,93,Down,Hear Me Now,Alok,736725,https://i.scdn.co/image/e308bad29e4cf6dc8aa5cd97449ef71bbb893d40,https://open.spotify.com/track/1a5Yu5L18qNxVhXx38njON
93,2017-04-30,94,Up,Swang,Rae Sremmurd,714219,https://i.scdn.co/image/16293ab3b4f9301aeb5f41810fd7056d463db55e,https://open.spotify.com/track/6mapJIPnQ23RTAevUoE0DL
94,2017-04-30,95,Down,Don't Wanna Know,Maroon 5,708208,https://i.scdn.co/image/ab67616d00004851eec1912bbc2ff74b8203fe5f,https://open.spotify.com/track/5MFzQMkrl1FOOng9tq6R9r
95,2017-04-30,96,Up,Gyalchester,Drake,703838,https://i.scdn.co/image/6dfd956b9331fa9ea1f47ebb95311951ed72b3db,https://open.spotify.com/track/6UjfByV1lDLW0SOVQA4NAi
96,2017-04-30,97,Up,All Time Low,Jon Bellion,692756,https://i.scdn.co/image/ff06a4138a99d272c24d2f6da9b5ea6067c054db,https://open.spotify.com/track/1CnPYaKxTVb4LWOtiGOm0m
97,2017-04-30,98,Up,Lust for Life (with The Weeknd),Lana Del Rey,687953,https://i.scdn.co/image/ab67616d00004851cc907289ff9b1a11a9aa7aae,https://open.spotify.com/track/5LYQSNHZxEA880URXFHg6h
98,2017-04-30,99,Down,PRIDE.,Kendrick Lamar,686069,https://i.scdn.co/image/ae1f239b41e9604a66eb900834c6887cd2f62ff1,https://open.spotify.com/track/6IZvVAP7VPPnsGX6bvgkqg
99,2017-04-30,100,Down,Me Llamas (feat. Maluma) - Remix,Piso 21,685199,https://i.scdn.co/image/ab67616d000048511e1eafb5d2bb1ca39d26f092,https://open.spotify.com/track/5hEM0JchdVzQ5PwvSfITeX
100,2017-04-30,101,Up,Don't Let Me Down,The Chainsmokers,683917,https://i.scdn.co/image/ab67616d0000485108d87fb54859bc9038f7e5e0,https://open.spotify.com/track/0QsvXIfqM0zZoerQfsI9lm
101,2017-04-30,102,Up,Drowning (feat. Kodak Black),A Boogie Wit da Hoodie,677295,https://i.scdn.co/image/ab67616d0000485131d8918139b720e4141adeec,https://open.spotify.com/track/6Q2FftbUG530lCtBI74bMH
102,2017-04-30,103,Up,Ciao Adios,Anne-Marie,676098,https://i.scdn.co/image/ab67616d0000485119f06fd0fc43d3ebed4f041d,https://open.spotify.com/track/3EfugazgSddQvzZpkof5I4
103,2017-04-30,104,Flat,"CAN'T STOP THE FEELING! (Original Song from DreamWorks Animation's ""TROLLS"")",Justin Timberlake,675664,https://i.scdn.co/image/ab67616d00004851ef37416970812293c08e8a78,https://open.spotify.com/track/6JV2JOEocMgcZxYSZelKcc
104,2017-04-30,105,Down,LUST.,Kendrick Lamar,666480,https://i.scdn.co/image/ae1f239b41e9604a66eb900834c6887cd2f62ff1,https://open.spotify.com/track/06FCvd7rrRcF3DdvWH5Isp
105,2017-04-30,106,Up,Redbone,Childish Gambino,665177,https://i.scdn.co/image/ab67616d000048510b97e56ffad7c6211aa848f8,https://open.spotify.com/track/3kxfsdsCpFgN412fpnW85Y
106,2017-04-30,107,Down,FEEL.,Kendrick Lamar,658224,https://i.scdn.co/image/ae1f239b41e9604a66eb900834c6887cd2f62ff1,https://open.spotify.com/track/2LTlO3NuNVN70lp2ZbVswF
107,2017-04-30,108,Up,Rolex,Ayo & Teo,649450,https://i.scdn.co/image/ab67616d0000485179dbd95fbdf6b0d617bd32dd,https://open.spotify.com/track/0pSBuHjILhNEo55xK1zrRt
108,2017-04-30,109,Up,I Took A Pill In Ibiza - Seeb Remix,Mike Posner,631290,https://i.scdn.co/image/ab67616d0000485140512e02a594e3378c0256e6,https://open.spotify.com/track/17Fd6Yb7mSbinKG8LoWfFl
109,2017-04-30,110,Up,Treat You Better,Shawn Mendes,624876,https://i.scdn.co/image/ab67616d00004851188e6332f32088921ab1eaf8,https://open.spotify.com/track/4Hf7WnR761jpxPr5D46Bcd
110,2017-04-30,111,Up,Heatstroke,Calvin Harris,624692,https://i.scdn.co/image/ab67616d000048514d3fa5ce7ba599f4fd7803ef,https://open.spotify.com/track/60APt5N2NRaKWf5xzJdzyC
111,2017-04-30,112,Up,Cold Water (feat. Justin Bieber & MØ),Major Lazer,624148,https://i.scdn.co/image/ab67616d000048512e8f1cca2bc8c9d55930523b,https://open.spotify.com/track/6DNtNfH8hXkqOX1sjqmI7p
112,2017-04-30,113,Down,Vente Pa' Ca,Ricky Martin,622961,https://i.scdn.co/image/ab67616d000048513d90f5938459be40b7b6652a,https://open.spotify.com/track/7DM4BPaS7uofFul3ywMe46
113,2017-04-30,114,Up,Everyday,Ariana Grande,621425,https://i.scdn.co/image/ab67616d000048517227f5854239a059af211d5b,https://open.spotify.com/track/3FiE2d325mIOc4YjkSLVJR
114,2017-04-30,115,Down,In the Name of Love,Martin Garrix,621261,https://i.scdn.co/image/ab67616d00004851923db3f255cd48a6d5783ebf,https://open.spotify.com/track/04DwTuZ2VBdJCCC5TROn7L
115,2017-04-30,116,Up,Whippin (feat. Felix Snow),Kiiara,620185,https://i.scdn.co/image/ab67616d00004851203e94bd36a9b9c984225d9b,https://open.spotify.com/track/3QWjljChcOMkRDYSzF33Qr
116,2017-04-30,117,Down,Me Enamoré,Shakira,618199,https://i.scdn.co/image/ab67616d00004851d05d3aad30c5fb7614893cf5,https://open.spotify.com/track/4qknM1pQz53QOyfDVTjcM9
117,2017-04-30,118,Down,Thunder,Imagine Dragons,607275,https://i.scdn.co/image/ab67616d000048517956bd9a3d7a15e4c2e37cc6,https://open.spotify.com/track/0tKcYR2II1VCQWT79i5NrW
118,2017-04-30,119,Up,Obsession (feat. Jon Bellion),Vice,605971,https://i.scdn.co/image/ab67616d00004851db6496aa86b190fb114b9d0c,https://open.spotify.com/track/5pvVAwQbuFoR7LkcicrKnk
119,2017-04-30,120,Down,Side To Side,Ariana Grande,603025,https://i.scdn.co/image/ab67616d000048517227f5854239a059af211d5b,https://open.spotify.com/track/4pLwZjInHj3SimIyN9SnOz
120,2017-04-30,121,Up,Dive,Ed Sheeran,600010,https://i.scdn.co/image/ab67616d00004851ba5db46f4b838ef6027e6f96,https://open.spotify.com/track/51ChrwmUPDJvedPQnIU8Ls
121,2017-04-30,122,Down,1-800-273-8255,Logic,597347,https://i.scdn.co/image/08f9ccb7875a87c07c79c1ccd5319263786c55ea,https://open.spotify.com/track/5tz69p7tJuGPeMGwNTxYuV
122,2017-04-30,123,Up,Break Up Every Night,The Chainsmokers,589302,https://i.scdn.co/image/ab67616d000048510c13d3d5a503c84fcc60ae94,https://open.spotify.com/track/6cPyTS0Kk2sc4xQwC93kOg
123,2017-04-30,124,Down,Safari,J Balvin,584657,https://i.scdn.co/image/ab67616d00004851338ffc4c72a192f06070546b,https://open.spotify.com/track/6rQSrBHf7HlZjtcMZ4S4bO
124,2017-04-30,125,Up,Bad Bitch (feat. Ty Dolla $ign),Bebe Rexha,576131,https://i.scdn.co/image/ab67616d0000485166ae1fd71a3e5779e98e277a,https://open.spotify.com/track/4ZJPwET9Jrgpkqi4Vo3Yg8
125,2017-04-30,126,Down,Heathens,Twenty One Pilots,575037,https://i.scdn.co/image/ab67616d000048512ca3ba8f334ca5a5f0312efb,https://open.spotify.com/track/6i0V12jOa3mr6uu4WYhUBr
126,2017-04-30,127,Up,Skin,Rag'n'Bone Man,571533,https://i.scdn.co/image/ab67616d0000485190a788beadaad34ff684d3ec,https://open.spotify.com/track/6y2Kaz9QI01XBKJ8mTb7Pf
127,2017-04-30,128,Up,All Night,The Vamps,568394,https://i.scdn.co/image/ab67616d00004851f03c9779c27137669304ea20,https://open.spotify.com/track/1yNyoWWWikbLhwIGWjZuDW
128,2017-04-30,129,Down,Blem,Drake,568014,https://i.scdn.co/image/6dfd956b9331fa9ea1f47ebb95311951ed72b3db,https://open.spotify.com/track/2XlHu0HcujBCkWMdIAvrqt
129,2017-04-30,130,Up,Mercy,Shawn Mendes,563241,https://i.scdn.co/image/ab67616d00004851188e6332f32088921ab1eaf8,https://open.spotify.com/track/4TZy1wLyHec06pwgFYDh1a
130,2017-04-30,131,Up,At My Best (feat. Hailee Steinfeld),Machine Gun Kelly,557798,https://i.scdn.co/image/d5f976093a4dcbc5ea9d4c04b414207f8bdce469,https://open.spotify.com/track/77lGafvlU68CeHgB2pkHC9
131,2017-04-30,132,Down,Hey DJ,CNCO,557140,https://i.scdn.co/image/ab67616d000048514358c8856d3acc00ca6c3578,https://open.spotify.com/track/209gZgcfLq2aUuu51vOWBl
132,2017-04-30,133,Up,We Don't Talk Anymore,Charlie Puth,551401,https://i.scdn.co/image/ab67616d00004851c0e28105f0533c52717c46c2,https://open.spotify.com/track/68EMU2RD1ECNeOeJ5qAXCV
133,2017-04-30,134,Up,Human,Rag'n'Bone Man,543548,https://i.scdn.co/image/ab67616d0000485190a788beadaad34ff684d3ec,https://open.spotify.com/track/58zsLZPvfflaiIbNWoA22O
134,2017-04-30,135,Up,Photograph,Ed Sheeran,543467,https://i.scdn.co/image/ab67616d00004851d08209944468440145f01524,https://open.spotify.com/track/6fxVffaTuwjgEk5h9QyRjy
135,2017-04-30,136,Up,Love On The Brain,Rihanna,536574,https://i.scdn.co/image/ddc285ca9817c96c7719b3f2a759e108787db021,https://open.spotify.com/track/2aksifNn5ph8igDOkPBA02
136,2017-04-30,137,Down,Vacaciones,Wisin,531955,https://i.scdn.co/image/ab67616d00004851c85f0d16973e9dae6f8a786c,https://open.spotify.com/track/3dQDid3IUNhZy1OehIfYfE
137,2017-04-30,138,Up,Just Hold On,Steve Aoki,530518,https://i.scdn.co/image/ab67616d0000485122e2ce2de8bad6d67ee69b48,https://open.spotify.com/track/3EmmCZoqpWOTY1g2GBwJoR
138,2017-04-30,139,Up,What Do I Know?,Ed Sheeran,529990,https://i.scdn.co/image/ab67616d00004851ba5db46f4b838ef6027e6f96,https://open.spotify.com/track/2pJZ1v8HezrAoZ0Fhzby92
139,2017-04-30,140,Up,Faded,Alan Walker,529001,https://i.scdn.co/image/ab67616d00004851c4d00cac55ae1b4598c9bc90,https://open.spotify.com/track/7gHs73wELdeycvS48JfIos
140,2017-04-30,141,Down,FEAR.,Kendrick Lamar,528799,https://i.scdn.co/image/ae1f239b41e9604a66eb900834c6887cd2f62ff1,https://open.spotify.com/track/23luOrEVHMfoX0AhfbQuS6
141,2017-04-30,142,Up,Black Beatles,Rae Sremmurd,527824,https://i.scdn.co/image/16293ab3b4f9301aeb5f41810fd7056d463db55e,https://open.spotify.com/track/6fujklziTHa8uoM5OQSfIo
142,2017-04-30,143,Down,"Ay Mi Dios (feat. Pitbull, Yandel & Chacal)",IAmChino,527792,https://i.scdn.co/image/ab67616d000048511568fbc07414eb185c58ef62,https://open.spotify.com/track/6stYbAJgTszHAHZMPxWWCY
143,2017-04-30,144,Down,GOD.,Kendrick Lamar,523464,https://i.scdn.co/image/ae1f239b41e9604a66eb900834c6887cd2f62ff1,https://open.spotify.com/track/5p3NP9mQblDsVJLdfNZJ3I
144,2017-04-30,145,Down,Alguien Robo,Sebastian Yatra,522602,https://i.scdn.co/image/ab67616d0000485135e1cf8c70c60dc416956c17,https://open.spotify.com/track/5i50gKdLAjjIr7UxRT5IVy
145,2017-04-30,146,Up,Stressed Out,Twenty One Pilots,522159,https://i.scdn.co/image/ab67616d00004851de03bfc2991fd5bcfde65ba3,https://open.spotify.com/track/3CRDbSIZ4r5MsZ0YwxuEkn
146,2017-04-30,147,Down,My Way,Calvin Harris,516693,https://i.scdn.co/image/ab67616d000048518d12bc5e3ea5c9f4a967de32,https://open.spotify.com/track/1vvNmPOiUuyCbgWmtc6yfm
147,2017-04-30,148,Down,Cheap Thrills,Sia,515856,https://i.scdn.co/image/ab67616d0000485149e0134c686547c28b7c999f,https://open.spotify.com/track/27SdWb2rFzO6GWiYDBTD9j
148,2017-04-30,149,Up,TG4M,Zara Larsson,515804,https://i.scdn.co/image/ab67616d000048519e1683774b22648f4f178ed3,https://open.spotify.com/track/4uoumbAMEMaKdtiv763jKz
149,2017-04-30,150,Up,Broccoli (feat. Lil Yachty),DRAM,515040,https://i.scdn.co/image/ab67616d00004851f02a1575a59bd05998826351,https://open.spotify.com/track/7yyRTcZmCiyzzJlNzGC9Ol
150,2017-04-30,151,Up,Love Yourself,Justin Bieber,513345,https://i.scdn.co/image/ab67616d00004851b6d9a4fbb0bd49f0f034aead,https://open.spotify.com/track/3hB5DgAiMAQ4DzYbsMq1IT
151,2017-04-30,152,Down,Te Quiero Pa´Mi,Don Omar,509736,https://i.scdn.co/image/ab67616d00004851d0cb2a58e3bf5d7ac5ece16f,https://open.spotify.com/track/3BY2mafsbsoKGqS380Xnuz
152,2017-04-30,153,Down,Saturnz Barz (feat. Popcaan),Gorillaz,507450,https://i.scdn.co/image/ab67616d00004851a5952c0e2e649f588603b743,https://open.spotify.com/track/7l9CE3wmEGOUYw1j4ETjnL
153,2017-04-30,154,Up,Sorry,Justin Bieber,504038,https://i.scdn.co/image/ab67616d00004851b6d9a4fbb0bd49f0f034aead,https://open.spotify.com/track/69bp2EbF7Q2rqc5N3ylezZ
154,2017-04-30,155,Up,Traicionera,Sebastian Yatra,500006,https://i.scdn.co/image/ab67616d00004851dbe5e9f934a9be5db8884c52,https://open.spotify.com/track/5J1c3M4EldCfNxXwrwt8mT
155,2017-04-30,156,Down,Hard Times,Paramore,495402,https://i.scdn.co/image/ab67616d00004851dbd83e179619408e5d05cc99,https://open.spotify.com/track/0w5Bdu51Ka25Pf3hojsKHh
156,2017-04-30,157,Up,Ride,Twenty One Pilots,491436,https://i.scdn.co/image/ab67616d00004851de03bfc2991fd5bcfde65ba3,https://open.spotify.com/track/2Z8WuEywRWYTKe1NybPQEW
157,2017-04-30,158,Up,Lights Down Low,MAX,489909,https://i.scdn.co/image/ab67616d00004851cefb1bcf9304bf454bae7f8d,https://open.spotify.com/track/1sYSP7gKa5kdKIfhANfori
158,2017-04-30,159,Up,Thinking out Loud,Ed Sheeran,488252,https://i.scdn.co/image/ab67616d00004851d08209944468440145f01524,https://open.spotify.com/track/1Slwb6dOYkBlWal1PGtnNg
159,2017-04-30,160,Up,Work from Home (feat. Ty Dolla $ign),Fifth Harmony,486147,https://i.scdn.co/image/ab67616d00004851d03fa6f4e758282b7920b5c8,https://open.spotify.com/track/4tCtwWceOPWzenK2HAIJSb
160,2017-04-30,161,Down,DUCKWORTH.,Kendrick Lamar,483694,https://i.scdn.co/image/ae1f239b41e9604a66eb900834c6887cd2f62ff1,https://open.spotify.com/track/0y9uTzK9cNKSAEHnpeRG8C
161,2017-04-30,162,Up,This Is What You Came For,Calvin Harris,475454,https://i.scdn.co/image/ab67616d00004851d9aa52355e062f5de060adbf,https://open.spotify.com/track/0azC730Exh71aQlOt9Zj3y
162,2017-04-30,163,Up,Perfect Strangers,Jonas Blue,472219,https://i.scdn.co/image/ab67616d0000485179882e87678a76bc1d895e94,https://open.spotify.com/track/1CUVN2kn7mW5FjkqXTR2W1
163,2017-04-30,164,Up,New Man,Ed Sheeran,470286,https://i.scdn.co/image/ab67616d00004851ba5db46f4b838ef6027e6f96,https://open.spotify.com/track/5HDPtsnyb3maFmPL8LLUTG
164,2017-04-30,165,Down,BLOOD.,Kendrick Lamar,467013,https://i.scdn.co/image/ae1f239b41e9604a66eb900834c6887cd2f62ff1,https://open.spotify.com/track/1n4jwRVXdkK2U34nBDUKKT
165,2017-04-30,166,Up,Scars To Your Beautiful,Alessia Cara,465886,https://i.scdn.co/image/5b9e5bd34ec840f07c8530e43a76b1b5e08d8b77,https://open.spotify.com/track/0prNGof3XqfTvNDxHonvdK
166,2017-04-30,167,Down,This Girl (Kungs Vs. Cookin' On 3 Burners) - Kungs Vs. Cookin' On 3 Burners,Kungs,464848,https://i.scdn.co/image/ab67616d00004851f504cc56f3bd99bc61929272,https://open.spotify.com/track/0tICYNayWWhH9GPeFrfjfD
167,2017-04-30,168,Up,Panda,Desiigner,455689,https://i.scdn.co/image/ab67616d000048513df69bfb7713d8262820612b,https://open.spotify.com/track/5OOkp4U9P9oL23maHFHL1h
168,2017-04-30,169,Down,Lumbra,Cali Y El Dandee,450170,https://i.scdn.co/image/ab67616d000048511b871ef4de91bd38cac024d1,https://open.spotify.com/track/6VHdcVbiKLYYOcMbIqBcuK
169,2017-04-30,170,Up,Caroline,Aminé,447551,https://i.scdn.co/image/ab67616d00004851a7f01ef25974c10cdbbd566e,https://open.spotify.com/track/5GFDrUTLGJix84sNhjCG0g
170,2017-04-30,171,Up,Bad Things (with Camila Cabello),Machine Gun Kelly,447427,https://i.scdn.co/image/d5f976093a4dcbc5ea9d4c04b414207f8bdce469,https://open.spotify.com/track/1PSBzsahR2AKwLJgx8ehBj
171,2017-04-30,172,Down,No Lie,Sean Paul,443106,https://i.scdn.co/image/ab67616d000048514782809e4cd19cefc99048f7,https://open.spotify.com/track/3cFsmM51N5zMAuu1nNY4Tw
172,2017-04-30,173,Down,Dile Que Tu Me Quieres,Ozuna,442348,https://i.scdn.co/image/ab67616d0000485133bbd31551e01896f58d688f,https://open.spotify.com/track/20ZAJdsKB5IGbGj4ilRt2o
173,2017-04-30,174,Flat,La Bicicleta,Carlos Vives,441325,https://i.scdn.co/image/ab67616d00004851d05d3aad30c5fb7614893cf5,https://open.spotify.com/track/0sXvAOmXgjR2QUqLK1MltU
174,2017-04-30,175,Up,"Sucker For Pain (with Wiz Khalifa, Imagine Dragons, Logic & Ty Dolla $ign feat. X Ambassadors)",Lil Wayne,439077,https://i.scdn.co/image/ab67616d000048517d8dfcfd507069d7f2062caf,https://open.spotify.com/track/4dASQiO1Eoo3RJvt74FtXB
175,2017-04-30,176,Down,Ascension (feat. Vince Staples),Gorillaz,435295,https://i.scdn.co/image/ab67616d00004851a5952c0e2e649f588603b743,https://open.spotify.com/track/2bBMODHVTXGwE2aZYfbgCt
176,2017-04-30,177,Up,Get Right Witcha,Migos,435222,https://i.scdn.co/image/ab67616d0000485199a8ab6da9d593939302828a,https://open.spotify.com/track/76Y0gxtTxN0FyDCYh5qYQj
177,2017-04-30,178,Flat,Lean On (feat. MØ & DJ Snake),Major Lazer,433391,https://i.scdn.co/image/ab67616d000048519f55dad3a63f72f1bc8d6f59,https://open.spotify.com/track/4WjH9Bzt3kx7z8kl0awxh4
178,2017-04-30,179,Up,Barcelona,Ed Sheeran,433174,https://i.scdn.co/image/ab67616d00004851ba5db46f4b838ef6027e6f96,https://open.spotify.com/track/3Lfiu5sZ4M4B6JaKMBc0FU
179,2017-04-30,180,Down,Shed a Light,Robin Schulz,432655,https://i.scdn.co/image/ab67616d000048517be189f322bc8155c103d6c9,https://open.spotify.com/track/1cG0umU5TKStygKsPFZ9pY
180,2017-04-30,181,Down,Andromeda (feat. DRAM),Gorillaz,429257,https://i.scdn.co/image/ab67616d00004851a5952c0e2e649f588603b743,https://open.spotify.com/track/2C0KFbb4v9CNWR5c9jWcKC
181,2017-04-30,182,Up,Alone,Alan Walker,426125,https://i.scdn.co/image/ab67616d00004851f00ade2f88d8223521bc7f76,https://open.spotify.com/track/0JiVRyTJcJnmlwCZ854K4p
182,2017-04-30,183,Up,Don't Leave,Snakehips,423154,https://i.scdn.co/image/ab67616d00004851b72a28b6f92b180a8a423e29,https://open.spotify.com/track/0Zx8khUcEfCFK2AEoIhC92
183,2017-04-30,184,Up,Cake By The Ocean,DNCE,422467,https://i.scdn.co/image/ab67616d00004851a19a2912e1618ada66b2e6e8,https://open.spotify.com/track/2aFiaMXmWsM3Vj72F9ksBl
184,2017-04-30,185,Up,7 Years,Lukas Graham,421974,https://i.scdn.co/image/ab67616d0000485104d59cefa11f0eee9f1877a5,https://open.spotify.com/track/7129iqBafaphfc3WPCGC0L
185,2017-04-30,186,New,Supermarket Flowers,Ed Sheeran,420472,https://i.scdn.co/image/ab67616d00004851ba5db46f4b838ef6027e6f96,https://open.spotify.com/track/4VuS959DSpr82t3qBqCrWG
186,2017-04-30,187,Down,Si Tú La Ves (feat. Wisin),Nicky Jam,418658,https://i.scdn.co/image/ab67616d00004851d77dbcd4dbd37cdfa61771fa,https://open.spotify.com/track/4yN6xPLopmTLvc27pO9LIE
187,2017-04-30,188,Up,Teenage Fever,Drake,415789,https://i.scdn.co/image/6dfd956b9331fa9ea1f47ebb95311951ed72b3db,https://open.spotify.com/track/6n3HGiq4v35D6eFOSwqYuo
188,2017-04-30,189,Up,Versace on the Floor,Bruno Mars,415362,https://i.scdn.co/image/ab67616d00004851232711f7d66a1e19e89e28c5,https://open.spotify.com/track/0kN8xEmgMW9mh7UmDYHlJP
189,2017-04-30,190,Down,History,Olivia Holt,412290,https://i.scdn.co/image/ab67616d000048519e21eab426152ef9078d6b94,https://open.spotify.com/track/0WCEaydwN65cvwaW8aqptF
190,2017-04-30,191,New,No Problem (feat. Lil Wayne & 2 Chainz),Chance the Rapper,412129,https://i.scdn.co/image/ab67616d00004851e71dd15fc5bdefd5bff70452,https://open.spotify.com/track/0v9Wz8o0BT8DU38R4ddjeH
191,2017-04-30,192,Down,I Got You,Bebe Rexha,410579,https://i.scdn.co/image/ab67616d00004851809adcbcfe88c94fd2a706c1,https://open.spotify.com/track/1FUViuNSldssMIawrOXF2i
192,2017-04-30,193,Down,Moves,Big Sean,409256,https://i.scdn.co/image/695d0c097d8463ccc2c2b9855fe44e3e9e7bc267,https://open.spotify.com/track/0Fv5N0cHBsl4bzCbollCAS
193,2017-04-30,194,New,DUELE EL CORAZON,Enrique Iglesias,408092,https://i.scdn.co/image/ab67616d0000485113dae8008773aede4a979a7d,https://open.spotify.com/track/6YZdkObH88npeKrrkb8Ggf
194,2017-04-30,195,Down,Free Smoke,Drake,407995,https://i.scdn.co/image/6dfd956b9331fa9ea1f47ebb95311951ed72b3db,https://open.spotify.com/track/05KOgYg8PGeJyyWBPi5ja8
195,2017-04-30,196,Up,Light It Up (feat. Nyla & Fuse ODG) - Remix,Major Lazer,407347,https://i.scdn.co/image/ab67616d00004851751a2e5da4333e86814026ba,https://open.spotify.com/track/0L7loeTIg6akW84aEQZpCT
196,2017-04-30,197,Down,Get It Together,Drake,406270,https://i.scdn.co/image/6dfd956b9331fa9ea1f47ebb95311951ed72b3db,https://open.spotify.com/track/7y6c07pgjZvtHI9kuMVqk1
197,2017-04-30,198,New,No More Sad Songs,Little Mix,406072,https://i.scdn.co/image/ab67616d000048511271b19cbf9d3788532a67f5,https://open.spotify.com/track/5ZnJsoJGkQ5K15W7Rcr5JO
198,2017-04-30,199,New,"i hate u, i love u (feat. olivia o'brien)",gnash,404410,https://i.scdn.co/image/ab67616d0000485108862f843ea27f44f8e8cbd8,https://open.spotify.com/track/7vRriwrloYVaoAe3a9wJHe
199,2017-04-30,200,New,Stitches,Shawn Mendes,404365,https://i.scdn.co/image/ab67616d0000485147710f5e89677e4d048e744c,https://open.spotify.com/track/1WP1r7fuvRqZRnUaTi2I1Q
