,Date,Position,Trend,Title,Artist,Streams,Icon_URL,Spotify_URL
0,2017-04-22,1,Flat,Despacito - Remix,Luis Fonsi,5727933,https://i.scdn.co/image/ab67616d00004851d8559d0280ffe2a2af6dacdf,https://open.spotify.com/track/5CtI0qwDJkDQGwXD1H1cLb
1,2017-04-22,2,Up,Shape of You,Ed Sheeran,5622571,https://i.scdn.co/image/ab67616d00004851ba5db46f4b838ef6027e6f96,https://open.spotify.com/track/7qiZfU4dY1lWllzX7mPBI3
2,2017-04-22,3,Down,HUMBLE.,Kendrick Lamar,5140519,https://i.scdn.co/image/ae1f239b41e9604a66eb900834c6887cd2f62ff1,https://open.spotify.com/track/7KXjTSCq5nL1LoYtL7XAwS
3,2017-04-22,4,Up,Something Just Like This,The Chainsmokers,3727966,https://i.scdn.co/image/ab67616d000048510c13d3d5a503c84fcc60ae94,https://open.spotify.com/track/6RUKPb4LETWmmr3iAEQktW
4,2017-04-22,5,Up,Mask Off,Future,3542997,https://i.scdn.co/image/ab67616d00004851356884f85665ebdd79223fdf,https://open.spotify.com/track/3rOSwuTsUlJp0Pu0MkN8r8
5,2017-04-22,6,Up,It Ain't Me (with Selena Gomez),Kygo,3493795,https://i.scdn.co/image/ab67616d0000485141f289940f2e6a0d51988d77,https://open.spotify.com/track/3eR23VReFzcdmS7TYCrhCe
6,2017-04-22,7,Down,DNA.,Kendrick Lamar,3460711,https://i.scdn.co/image/ae1f239b41e9604a66eb900834c6887cd2f62ff1,https://open.spotify.com/track/6HZILIRieu8S0iqY8kIKhj
7,2017-04-22,8,Flat,Passionfruit,Drake,3320802,https://i.scdn.co/image/ab67616d000048515ea859dc94365abd9fd84fd6,https://open.spotify.com/track/7hDc8b7IXETo14hHIHdnhd
8,2017-04-22,9,Flat,That's What I Like,Bruno Mars,3206176,https://i.scdn.co/image/ab67616d00004851232711f7d66a1e19e89e28c5,https://open.spotify.com/track/0KKkJNfGyhkQ5aFogxQAPU
9,2017-04-22,10,Up,Despacito (Featuring Daddy Yankee),Luis Fonsi,3169272,https://i.scdn.co/image/ab67616d00004851a5971936e3b8d91f8b616b17,https://open.spotify.com/track/4aWmUDTfIPGksMNLV2rQP2
10,2017-04-22,11,Down,Stay (with Alessia Cara),Zedd,3163732,https://i.scdn.co/image/ab67616d0000485191a70f95efc3400f696e89cc,https://open.spotify.com/track/0dA2Mk56wEzDgegdC6R17g
11,2017-04-22,12,Down,Symphony (feat. Zara Larsson),Clean Bandit,3145542,https://i.scdn.co/image/ab67616d000048515b1130d050c4cd2295999d85,https://open.spotify.com/track/1x5sYLZiu9r5E43kMlt9f8
12,2017-04-22,13,Flat,Swalla (feat. Nicki Minaj & Ty Dolla $ign),Jason Derulo,2668413,https://i.scdn.co/image/ab67616d000048519d6522bee68370fa5592301d,https://open.spotify.com/track/6kex4EBAj0WHXDKZMEJaaF
13,2017-04-22,14,Up,Galway Girl,Ed Sheeran,2501424,https://i.scdn.co/image/ab67616d00004851ba5db46f4b838ef6027e6f96,https://open.spotify.com/track/0afhq8XCExXpqazXczTSve
14,2017-04-22,15,Up,Slide,Calvin Harris,2336068,https://i.scdn.co/image/ab67616d000048514d3fa5ce7ba599f4fd7803ef,https://open.spotify.com/track/7tr2za8SQg2CI8EDgrdtNl
15,2017-04-22,16,Up,Scared to Be Lonely,Martin Garrix,2292895,https://i.scdn.co/image/ab67616d0000485164f8a309aa3c0a66a31fc374,https://open.spotify.com/track/3ebXMykcMXOcLeJ9xZ17XH
16,2017-04-22,17,Up,Paris,The Chainsmokers,2257521,https://i.scdn.co/image/ab67616d000048510c13d3d5a503c84fcc60ae94,https://open.spotify.com/track/72jbDTw1piOOj770jWNeaG
17,2017-04-22,18,Up,Issues,Julia Michaels,2249410,https://i.scdn.co/image/ab67616d000048519615e35e0e9e4b2c3dccb520,https://open.spotify.com/track/1sXUWdKx03aP9Gmzft58rt
18,2017-04-22,19,Down,LOYALTY. FEAT. RIHANNA.,Kendrick Lamar,2241295,https://i.scdn.co/image/ae1f239b41e9604a66eb900834c6887cd2f62ff1,https://open.spotify.com/track/6SwRhMLwNqEi6alNPVG00n
19,2017-04-22,20,Up,You Don't Know Me - Radio Edit,Jax Jones,2101696,https://i.scdn.co/image/ab67616d00004851dd05a1716e2f07a07b8ccfe3,https://open.spotify.com/track/00lNx0OcTJrS3MKHcB80HY
20,2017-04-22,21,Down,ELEMENT.,Kendrick Lamar,2073502,https://i.scdn.co/image/ae1f239b41e9604a66eb900834c6887cd2f62ff1,https://open.spotify.com/track/1EaKU4dMbesXXd3BrLCtYG
21,2017-04-22,22,Up,Sign of the Times,Harry Styles,2017769,https://i.scdn.co/image/ab67616d000048516c619c39c853f8b1d67b7859,https://open.spotify.com/track/5Ohxk2dO5COHF1krpoPigN
22,2017-04-22,23,Down,XO TOUR Llif3,Lil Uzi Vert,2006441,https://i.scdn.co/image/ab67616d0000485115531ec8568373f631db9786,https://open.spotify.com/track/2eMwDehkIC1j68U6FA3Eiq
23,2017-04-22,24,Up,iSpy (feat. Lil Yachty),KYLE,1974524,https://i.scdn.co/image/ab67616d0000485132e373f2988bc6596a542d1c,https://open.spotify.com/track/2EEeOnHehOozLq4aS0n6SL
24,2017-04-22,25,Down,LOVE. FEAT. ZACARI.,Kendrick Lamar,1898574,https://i.scdn.co/image/ae1f239b41e9604a66eb900834c6887cd2f62ff1,https://open.spotify.com/track/6PGoSes0D9eUDeeAafB2As
25,2017-04-22,26,Up,SUBEME LA RADIO,Enrique Iglesias,1849629,https://i.scdn.co/image/ab67616d000048515366ff028970205a29d558ed,https://open.spotify.com/track/7nKBxz47S9SD79N086fuhn
26,2017-04-22,27,Up,Cold,Maroon 5,1841868,https://i.scdn.co/image/ab67616d000048514727f9e79c338683c5bf8921,https://open.spotify.com/track/5NNlUMcOEOdoOIwwaWXv0k
27,2017-04-22,28,Up,Believer,Imagine Dragons,1828508,https://i.scdn.co/image/ab67616d000048517956bd9a3d7a15e4c2e37cc6,https://open.spotify.com/track/0CcQNd8CINkwQfe1RDtGV6
28,2017-04-22,29,Up,Rockabye (feat. Sean Paul & Anne-Marie),Clean Bandit,1824421,https://i.scdn.co/image/ab67616d000048511431c3bdf16aa99f71799d95,https://open.spotify.com/track/5knuzwU65gJK7IF5yJsuaW
29,2017-04-22,30,Up,"I Don’t Wanna Live Forever (Fifty Shades Darker) - From ""Fifty Shades Darker (Original Motion Picture Soundtrack)""",ZAYN,1787563,https://i.scdn.co/image/ab67616d000048512ae921f082ae5db4d3da818f,https://open.spotify.com/track/3NdDpSvN911VPGivFlV5d0
30,2017-04-22,31,Up,Me Rehúso,Danny Ocean,1699470,https://i.scdn.co/image/ab67616d00004851a75bd33684083600569dd3bf,https://open.spotify.com/track/6De0lHrwBfPfrhorm9q1Xl
31,2017-04-22,32,Up,Solo Dance,Martin Jensen,1683789,https://i.scdn.co/image/ab67616d00004851950d67dbe3f31f1d9a5d06a2,https://open.spotify.com/track/6HUnnBwYZqcED1eQztxMBN
32,2017-04-22,33,Up,I Feel It Coming,The Weeknd,1636153,https://i.scdn.co/image/b3683184efeb899b2d1a02f4957d0c630dc10b0b,https://open.spotify.com/track/5GXAXm5YOmYT0kL5jHvYBt
33,2017-04-22,34,Up,Call On Me - Ryan Riback Extended Remix,Starley,1632194,https://i.scdn.co/image/ab67616d000048519d4079afc73664f86f055400,https://open.spotify.com/track/78rIJddV4X0HkNAInEcYde
34,2017-04-22,35,Up,Good Life (with G-Eazy & Kehlani),G-Eazy,1587985,https://i.scdn.co/image/ab67616d00004851fcc36f9c0515e6e7faa2030b,https://open.spotify.com/track/1Eck97uRMlprKOOJN9oO1E
35,2017-04-22,36,Down,There's Nothing Holdin' Me Back,Shawn Mendes,1564946,https://i.scdn.co/image/ab67616d00004851f9cbd0c07513a7232cd6b9a7,https://open.spotify.com/track/79cuOz3SPQTuFrp8WgftAu
36,2017-04-22,37,Up,Congratulations,Post Malone,1561770,https://i.scdn.co/image/23bae95100dcb6ac8f88c19fa2a11c50a998a926,https://open.spotify.com/track/3a1lNhkSLSkpJE4MSHpDu9
37,2017-04-22,38,Up,Location,Khalid,1516152,https://i.scdn.co/image/ab67616d00004851988ede5e1276e758b5f9e577,https://open.spotify.com/track/152lZdxL1OR0ZMW6KquMif
38,2017-04-22,39,Up,Chained To The Rhythm,Katy Perry,1503234,https://i.scdn.co/image/ab67616d000048511487979a7e0181a5d0406d1a,https://open.spotify.com/track/6520aj0B4FSKGVuKNsOCOi
39,2017-04-22,40,Up,Castle on the Hill,Ed Sheeran,1471654,https://i.scdn.co/image/ab67616d00004851ba5db46f4b838ef6027e6f96,https://open.spotify.com/track/6PCUP3dWmTjcTtXY02oFdT
40,2017-04-22,41,Up,Closer,The Chainsmokers,1463654,https://i.scdn.co/image/ab67616d00004851495ce6da9aeb159e94eaa453,https://open.spotify.com/track/7BKLCZ1jbUBVqRi2FVlTVw
41,2017-04-22,42,Up,Portland,Drake,1455416,https://i.scdn.co/image/6dfd956b9331fa9ea1f47ebb95311951ed72b3db,https://open.spotify.com/track/2bjwRfXMk4uRgOD9IBYl9h
42,2017-04-22,43,Down,XXX. FEAT. U2.,Kendrick Lamar,1451906,https://i.scdn.co/image/ae1f239b41e9604a66eb900834c6887cd2f62ff1,https://open.spotify.com/track/4iYRa2btalAzPZoSYfROqF
43,2017-04-22,44,Down,YAH.,Kendrick Lamar,1414874,https://i.scdn.co/image/ae1f239b41e9604a66eb900834c6887cd2f62ff1,https://open.spotify.com/track/4BHSjbYylfOH5WAGusDyni
44,2017-04-22,45,Up,The One,The Chainsmokers,1389332,https://i.scdn.co/image/ab67616d000048510c13d3d5a503c84fcc60ae94,https://open.spotify.com/track/0wfbD5rAksdXUzRvMfM3x5
45,2017-04-22,46,Up,El Amante,Nicky Jam,1387643,https://i.scdn.co/image/ab67616d00004851d77dbcd4dbd37cdfa61771fa,https://open.spotify.com/track/3umS4y3uQDkqekNjVpiRUs
46,2017-04-22,47,Up,Green Light,Lorde,1358821,https://i.scdn.co/image/ab67616d0000485128e1139fd3a34626351b9004,https://open.spotify.com/track/0gbBzIqrECJOEPvQJIBFs5
47,2017-04-22,48,Up,Say You Won't Let Go,James Arthur,1308418,https://i.scdn.co/image/ab67616d0000485120beb61f61fcbeb33b10a9ab,https://open.spotify.com/track/5uCax9HTNlzGybIStD3vDh
48,2017-04-22,49,Down,Lust for Life (with The Weeknd),Lana Del Rey,1301623,https://i.scdn.co/image/ab67616d00004851cc907289ff9b1a11a9aa7aae,https://open.spotify.com/track/5LYQSNHZxEA880URXFHg6h
49,2017-04-22,50,Down,PRIDE.,Kendrick Lamar,1297474,https://i.scdn.co/image/ae1f239b41e9604a66eb900834c6887cd2f62ff1,https://open.spotify.com/track/6IZvVAP7VPPnsGX6bvgkqg
50,2017-04-22,51,Up,Chantaje (feat. Maluma),Shakira,1296734,https://i.scdn.co/image/ab67616d00004851d05d3aad30c5fb7614893cf5,https://open.spotify.com/track/6mICuAdrwEjh6Y6lroV2Kg
51,2017-04-22,52,Down,FEEL.,Kendrick Lamar,1281572,https://i.scdn.co/image/ae1f239b41e9604a66eb900834c6887cd2f62ff1,https://open.spotify.com/track/2LTlO3NuNVN70lp2ZbVswF
52,2017-04-22,53,Up,Starboy,The Weeknd,1268153,https://i.scdn.co/image/ab67616d000048510c8599cbde51245c128bcea9,https://open.spotify.com/track/5aAx2yezTd8zXrkmtKl66Z
53,2017-04-22,54,Up,Tunnel Vision,Kodak Black,1251426,https://i.scdn.co/image/ab67616d000048511541a676423805fc68ff3e66,https://open.spotify.com/track/4Q3N4Ct4zCuIHuZ65E3BD4
54,2017-04-22,55,Down,The Cure,Lady Gaga,1251404,https://i.scdn.co/image/ab67616d000048514a9be9e8223db02a37e1e8fe,https://open.spotify.com/track/51PIvodunv6NmX5250zxAh
55,2017-04-22,56,Up,Run Up (feat. PARTYNEXTDOOR & Nicki Minaj),Major Lazer,1228135,https://i.scdn.co/image/ab67616d000048518036d7402a6a76aed04f1f98,https://open.spotify.com/track/0fg8CqpjdojMyXLNzM2PaJ
56,2017-04-22,57,Down,Now Or Never,Halsey,1211674,https://i.scdn.co/image/ab67616d000048519357ea2dbe932b47fe8149d6,https://open.spotify.com/track/0Nhu3zSYbEz32IYiobV75e
57,2017-04-22,58,Down,LUST.,Kendrick Lamar,1202653,https://i.scdn.co/image/ae1f239b41e9604a66eb900834c6887cd2f62ff1,https://open.spotify.com/track/06FCvd7rrRcF3DdvWH5Isp
58,2017-04-22,59,Up,Hey Ma (with Pitbull & J Balvin feat. Camila Cabello) - Spanish Version,Pitbull,1189196,https://i.scdn.co/image/ab67616d000048513e40b472d708ea3c6bd86670,https://open.spotify.com/track/2Vdub5mY4lad7w64bFPUez
59,2017-04-22,60,Flat,Weak,AJR,1180936,https://i.scdn.co/image/ab67616d00004851c5f3ca405ff6ed13dc554b94,https://open.spotify.com/track/3E2Zh20GDCR9B1EYjfXWyv
60,2017-04-22,61,Up,Still Got Time,ZAYN,1170586,https://i.scdn.co/image/ab67616d000048513bfd914f72da2ed8822a634f,https://open.spotify.com/track/000xQL6tZNLJzIrtIgxqSl
61,2017-04-22,62,Up,No Promises (feat. Demi Lovato),Cheat Codes,1114888,https://i.scdn.co/image/ab67616d00004851e74ecdb2f1316c8f026970a8,https://open.spotify.com/track/1louJpMmzEicAn7lzDalPW
62,2017-04-22,63,Down,Selfish (feat. Rihanna),Future,1113926,https://i.scdn.co/image/ab67616d00004851968822b495da180d0792a437,https://open.spotify.com/track/2Ce5IyMlVRVvN997ZJjJJA
63,2017-04-22,64,Up,Touch,Little Mix,1107396,https://i.scdn.co/image/ab67616d000048512318bbb0586903290db2b270,https://open.spotify.com/track/5Ua3GXyHwiSfpNTMjq6m2z
64,2017-04-22,65,Up,Perfect,Ed Sheeran,1084039,https://i.scdn.co/image/ab67616d00004851ba5db46f4b838ef6027e6f96,https://open.spotify.com/track/0tgVpDi06FyKpA1z0VMD4v
65,2017-04-22,66,Up,Pretty Girl - Cheat Codes X CADE Remix,Maggie Lindemann,1072716,https://i.scdn.co/image/ab67616d000048517c7436e1b6273be0e7bc1a84,https://open.spotify.com/track/1NDxZ7cFAo481dtYWdrUnR
66,2017-04-22,67,Up,Fake Love,Drake,1069283,https://i.scdn.co/image/6dfd956b9331fa9ea1f47ebb95311951ed72b3db,https://open.spotify.com/track/343YBumqHu19cGoGARUTsd
67,2017-04-22,68,Up,Tuesday,Burak Yeter,1056648,https://i.scdn.co/image/069b0b8dc1285ba4d2bd7f2536abfce84598d130,https://open.spotify.com/track/7abpmGpF7PGep2rDU68GBR
68,2017-04-22,69,Up,Bad and Boujee (feat. Lil Uzi Vert),Migos,1051233,https://i.scdn.co/image/ab67616d0000485199a8ab6da9d593939302828a,https://open.spotify.com/track/4Km5HrUvYTaSUfiSGPJeQR
69,2017-04-22,70,Up,September Song,JP Cooper,1048972,https://i.scdn.co/image/ab67616d000048511400ec742ee0935608e30700,https://open.spotify.com/track/0FuTx2s3YH1ppmtiM6l0zI
70,2017-04-22,71,Up,One Dance,Drake,1039226,https://i.scdn.co/image/ab67616d00004851726abca207567d5e41cb9667,https://open.spotify.com/track/1xznGGDReH1oQq0xzbwXa3
71,2017-04-22,72,Up,Bounce Back,Big Sean,1018221,https://i.scdn.co/image/695d0c097d8463ccc2c2b9855fe44e3e9e7bc267,https://open.spotify.com/track/0SGkqnVQo9KPytSri1H6cF
72,2017-04-22,73,Up,Sigo Extrañándote,J Balvin,1013061,https://i.scdn.co/image/ab67616d00004851338ffc4c72a192f06070546b,https://open.spotify.com/track/6qDF4wWL49CAVbgT7yuHl8
73,2017-04-22,74,Up,Let Me Love You,DJ Snake,1011066,https://i.scdn.co/image/ab67616d000048515045de6786e0af096de73ed4,https://open.spotify.com/track/4pdPtRcBmOSQDlJ3Fk945m
74,2017-04-22,75,Up,Unforgettable,French Montana,982253,https://i.scdn.co/image/ab67616d00004851482e95a6c610468cddf011da,https://open.spotify.com/track/1F2HXIJrE2Xn81OzT2zZvW
75,2017-04-22,76,Down,FEAR.,Kendrick Lamar,981734,https://i.scdn.co/image/ae1f239b41e9604a66eb900834c6887cd2f62ff1,https://open.spotify.com/track/23luOrEVHMfoX0AhfbQuS6
76,2017-04-22,77,Up,Otra vez (feat. J Balvin),Zion & Lennox,974619,https://i.scdn.co/image/ab67616d0000485182eabf564ddc57325a84dd50,https://open.spotify.com/track/3QwBODjSEzelZyVjxPOHdq
77,2017-04-22,78,Up,Happier,Ed Sheeran,966121,https://i.scdn.co/image/ab67616d00004851ba5db46f4b838ef6027e6f96,https://open.spotify.com/track/2RttW7RAu5nOAfq6YFvApB
78,2017-04-22,79,Up,"How Far I'll Go - From ""Moana""",Alessia Cara,962262,https://i.scdn.co/image/ab67616d00004851fb128b1eda22335050f584fe,https://open.spotify.com/track/5hYTyyh2odQKphUbMqc5gN
79,2017-04-22,80,Up,Escápate Conmigo,Wisin,960062,https://i.scdn.co/image/ab67616d000048512b02904e5404ad6069c16a4f,https://open.spotify.com/track/2cnKEkpVUSV4wnjQiTWfH6
80,2017-04-22,81,Up,24K Magic,Bruno Mars,953980,https://i.scdn.co/image/ab67616d00004851232711f7d66a1e19e89e28c5,https://open.spotify.com/track/6b8Be6ljOzmkOmFslEb23P
81,2017-04-22,82,Up,Reggaetón Lento (Bailemos),CNCO,943533,https://i.scdn.co/image/ab67616d000048517db0f7ac4c612cce26ccacf9,https://open.spotify.com/track/3AEZUABDXNtecAOSC1qTfo
82,2017-04-22,83,Up,Hear Me Now,Alok,941905,https://i.scdn.co/image/e308bad29e4cf6dc8aa5cd97449ef71bbb893d40,https://open.spotify.com/track/1a5Yu5L18qNxVhXx38njON
83,2017-04-22,84,Up,La Rompe Corazones,Daddy Yankee,936682,https://i.scdn.co/image/ab67616d00004851b84a36483e43bfbcb931fcde,https://open.spotify.com/track/4okba5wu9mMLXx79DXLKi3
84,2017-04-22,85,Flat,goosebumps,Travis Scott,896210,https://i.scdn.co/image/ab67616d00004851f54b99bf27cda88f4a7403ce,https://open.spotify.com/track/6gBFPUFcJLzWGx4lenP6h2
85,2017-04-22,86,Flat,T-Shirt,Migos,878938,https://i.scdn.co/image/ab67616d0000485199a8ab6da9d593939302828a,https://open.spotify.com/track/7KOlJ92bu51cltsD9KU5I7
86,2017-04-22,87,Down,GOD.,Kendrick Lamar,874266,https://i.scdn.co/image/ae1f239b41e9604a66eb900834c6887cd2f62ff1,https://open.spotify.com/track/5p3NP9mQblDsVJLdfNZJ3I
87,2017-04-22,88,Down,Body Like A Back Road,Sam Hunt,862780,https://i.scdn.co/image/ab67616d000048519eccbdab1110afc4d5a186a8,https://open.spotify.com/track/7mldq42yDuxiUNn08nvzHO
88,2017-04-22,89,Down,Look At Me!,XXXTENTACION,862067,https://i.scdn.co/image/ab67616d0000485125b5901b8bcf902f54d466d9,https://open.spotify.com/track/4ARPvK8DHLwt4oX65ZAFMw
89,2017-04-22,90,Up,The Night We Met,Lord Huron,854956,https://i.scdn.co/image/ab67616d00004851ee6611c95f868e465c98a0b2,https://open.spotify.com/track/6mORGLOz79w6VsCRLWYYuK
90,2017-04-22,91,Up,do re mi,blackbear,849234,https://i.scdn.co/image/25560e082d8ff78217dd6594d18f827a4049cc63,https://open.spotify.com/track/3Q3myFA7q4Op95DOpHplaY
91,2017-04-22,92,Up,Don't Wanna Know,Maroon 5,847989,https://i.scdn.co/image/ab67616d00004851eec1912bbc2ff74b8203fe5f,https://open.spotify.com/track/5MFzQMkrl1FOOng9tq6R9r
92,2017-04-22,93,Down,Gyalchester,Drake,843779,https://i.scdn.co/image/6dfd956b9331fa9ea1f47ebb95311951ed72b3db,https://open.spotify.com/track/6UjfByV1lDLW0SOVQA4NAi
93,2017-04-22,94,Down,DUCKWORTH.,Kendrick Lamar,843323,https://i.scdn.co/image/ae1f239b41e9604a66eb900834c6887cd2f62ff1,https://open.spotify.com/track/0y9uTzK9cNKSAEHnpeRG8C
94,2017-04-22,95,Up,"Sola (Remix) [feat. Daddy Yankee, Wisin, Farruko, Zion & Lennox]",Anuel AA,836294,https://i.scdn.co/image/ab67616d00004851a66def7d649149464edc8f1e,https://open.spotify.com/track/5q2JbCNi4FcnglgPfxcV65
95,2017-04-22,96,Down,BLOOD.,Kendrick Lamar,834913,https://i.scdn.co/image/ae1f239b41e9604a66eb900834c6887cd2f62ff1,https://open.spotify.com/track/1n4jwRVXdkK2U34nBDUKKT
96,2017-04-22,97,Up,Felices los 4,Maluma,832498,https://i.scdn.co/image/ab67616d00004851d9732b592276542ecafa6c6d,https://open.spotify.com/track/0qYTZCo5Bwh1nsUFGZP3zn
97,2017-04-22,98,Up,Ahora Dice,Chris Jeday,830328,https://i.scdn.co/image/ab67616d000048513a142c7e7fc7863dc1a256ed,https://open.spotify.com/track/22eADXu8DfOAUEDw4vU8qy
98,2017-04-22,99,Down,Hard Times,Paramore,827901,https://i.scdn.co/image/ab67616d00004851dbd83e179619408e5d05cc99,https://open.spotify.com/track/0w5Bdu51Ka25Pf3hojsKHh
99,2017-04-22,100,Down,Swang,Rae Sremmurd,825819,https://i.scdn.co/image/16293ab3b4f9301aeb5f41810fd7056d463db55e,https://open.spotify.com/track/6mapJIPnQ23RTAevUoE0DL
100,2017-04-22,101,Down,Starving,Hailee Steinfeld,818354,https://i.scdn.co/image/ab67616d00004851612495ee5769c99125031be2,https://open.spotify.com/track/1qOLh0tI7trd1zdDKxYZTe
101,2017-04-22,102,Up,Me Llamas (feat. Maluma) - Remix,Piso 21,775086,https://i.scdn.co/image/ab67616d000048511e1eafb5d2bb1ca39d26f092,https://open.spotify.com/track/5hEM0JchdVzQ5PwvSfITeX
102,2017-04-22,103,Up,"CAN'T STOP THE FEELING! (Original Song from DreamWorks Animation's ""TROLLS"")",Justin Timberlake,774357,https://i.scdn.co/image/ab67616d00004851ef37416970812293c08e8a78,https://open.spotify.com/track/6JV2JOEocMgcZxYSZelKcc
103,2017-04-22,104,Down,All Time Low,Jon Bellion,773076,https://i.scdn.co/image/ff06a4138a99d272c24d2f6da9b5ea6067c054db,https://open.spotify.com/track/1CnPYaKxTVb4LWOtiGOm0m
104,2017-04-22,105,Down,Don't Let Me Down,The Chainsmokers,768075,https://i.scdn.co/image/ab67616d0000485108d87fb54859bc9038f7e5e0,https://open.spotify.com/track/0QsvXIfqM0zZoerQfsI9lm
105,2017-04-22,106,Up,"Ay Mi Dios (feat. Pitbull, Yandel & Chacal)",IAmChino,741495,https://i.scdn.co/image/ab67616d000048511568fbc07414eb185c58ef62,https://open.spotify.com/track/6stYbAJgTszHAHZMPxWWCY
106,2017-04-22,107,Down,Blem,Drake,734016,https://i.scdn.co/image/6dfd956b9331fa9ea1f47ebb95311951ed72b3db,https://open.spotify.com/track/2XlHu0HcujBCkWMdIAvrqt
107,2017-04-22,108,Down,History,Olivia Holt,725858,https://i.scdn.co/image/ab67616d000048519e21eab426152ef9078d6b94,https://open.spotify.com/track/0WCEaydwN65cvwaW8aqptF
108,2017-04-22,109,Down,Redbone,Childish Gambino,723833,https://i.scdn.co/image/ab67616d000048510b97e56ffad7c6211aa848f8,https://open.spotify.com/track/3kxfsdsCpFgN412fpnW85Y
109,2017-04-22,110,Down,Dive,Ed Sheeran,722883,https://i.scdn.co/image/ab67616d00004851ba5db46f4b838ef6027e6f96,https://open.spotify.com/track/51ChrwmUPDJvedPQnIU8Ls
110,2017-04-22,111,Up,Ciao Adios,Anne-Marie,722366,https://i.scdn.co/image/ab67616d0000485119f06fd0fc43d3ebed4f041d,https://open.spotify.com/track/3EfugazgSddQvzZpkof5I4
111,2017-04-22,112,Down,In the Name of Love,Martin Garrix,719649,https://i.scdn.co/image/ab67616d00004851923db3f255cd48a6d5783ebf,https://open.spotify.com/track/04DwTuZ2VBdJCCC5TROn7L
112,2017-04-22,113,Down,Heatstroke,Calvin Harris,709038,https://i.scdn.co/image/ab67616d000048514d3fa5ce7ba599f4fd7803ef,https://open.spotify.com/track/60APt5N2NRaKWf5xzJdzyC
113,2017-04-22,114,Up,Cold Water (feat. Justin Bieber & MØ),Major Lazer,702204,https://i.scdn.co/image/ab67616d000048512e8f1cca2bc8c9d55930523b,https://open.spotify.com/track/6DNtNfH8hXkqOX1sjqmI7p
114,2017-04-22,115,Up,Rolex,Ayo & Teo,701716,https://i.scdn.co/image/ab67616d0000485179dbd95fbdf6b0d617bd32dd,https://open.spotify.com/track/0pSBuHjILhNEo55xK1zrRt
115,2017-04-22,116,Down,All Night,The Vamps,700216,https://i.scdn.co/image/ab67616d00004851f03c9779c27137669304ea20,https://open.spotify.com/track/1yNyoWWWikbLhwIGWjZuDW
116,2017-04-22,117,Up,Me Enamoré,Shakira,700079,https://i.scdn.co/image/ab67616d00004851d05d3aad30c5fb7614893cf5,https://open.spotify.com/track/4qknM1pQz53QOyfDVTjcM9
117,2017-04-22,118,Up,Vente Pa' Ca,Ricky Martin,688230,https://i.scdn.co/image/ab67616d000048513d90f5938459be40b7b6652a,https://open.spotify.com/track/7DM4BPaS7uofFul3ywMe46
118,2017-04-22,119,Down,Everyday,Ariana Grande,688121,https://i.scdn.co/image/ab67616d000048517227f5854239a059af211d5b,https://open.spotify.com/track/3FiE2d325mIOc4YjkSLVJR
119,2017-04-22,120,Down,Side To Side,Ariana Grande,686545,https://i.scdn.co/image/ab67616d000048517227f5854239a059af211d5b,https://open.spotify.com/track/4pLwZjInHj3SimIyN9SnOz
120,2017-04-22,121,Up,Drowning (feat. Kodak Black),A Boogie Wit da Hoodie,681572,https://i.scdn.co/image/ab67616d0000485131d8918139b720e4141adeec,https://open.spotify.com/track/6Q2FftbUG530lCtBI74bMH
121,2017-04-22,122,Down,I Took A Pill In Ibiza - Seeb Remix,Mike Posner,678207,https://i.scdn.co/image/ab67616d0000485140512e02a594e3378c0256e6,https://open.spotify.com/track/17Fd6Yb7mSbinKG8LoWfFl
122,2017-04-22,123,Down,Just Hold On,Steve Aoki,675760,https://i.scdn.co/image/ab67616d0000485122e2ce2de8bad6d67ee69b48,https://open.spotify.com/track/3EmmCZoqpWOTY1g2GBwJoR
123,2017-04-22,124,Down,Break Up Every Night,The Chainsmokers,659931,https://i.scdn.co/image/ab67616d000048510c13d3d5a503c84fcc60ae94,https://open.spotify.com/track/6cPyTS0Kk2sc4xQwC93kOg
124,2017-04-22,125,Up,Safari,J Balvin,652534,https://i.scdn.co/image/ab67616d00004851338ffc4c72a192f06070546b,https://open.spotify.com/track/6rQSrBHf7HlZjtcMZ4S4bO
125,2017-04-22,126,Down,What Do I Know?,Ed Sheeran,646193,https://i.scdn.co/image/ab67616d00004851ba5db46f4b838ef6027e6f96,https://open.spotify.com/track/2pJZ1v8HezrAoZ0Fhzby92
126,2017-04-22,127,Flat,Obsession (feat. Jon Bellion),Vice,639558,https://i.scdn.co/image/ab67616d00004851db6496aa86b190fb114b9d0c,https://open.spotify.com/track/5pvVAwQbuFoR7LkcicrKnk
127,2017-04-22,128,Up,Heathens,Twenty One Pilots,639315,https://i.scdn.co/image/ab67616d000048512ca3ba8f334ca5a5f0312efb,https://open.spotify.com/track/6i0V12jOa3mr6uu4WYhUBr
128,2017-04-22,129,Up,Skin,Rag'n'Bone Man,630878,https://i.scdn.co/image/ab67616d0000485190a788beadaad34ff684d3ec,https://open.spotify.com/track/6y2Kaz9QI01XBKJ8mTb7Pf
129,2017-04-22,130,Up,Love On The Brain,Rihanna,623993,https://i.scdn.co/image/ddc285ca9817c96c7719b3f2a759e108787db021,https://open.spotify.com/track/2aksifNn5ph8igDOkPBA02
130,2017-04-22,131,Up,Alguien Robo,Sebastian Yatra,615840,https://i.scdn.co/image/ab67616d0000485135e1cf8c70c60dc416956c17,https://open.spotify.com/track/5i50gKdLAjjIr7UxRT5IVy
131,2017-04-22,132,Down,My Way,Calvin Harris,615771,https://i.scdn.co/image/ab67616d000048518d12bc5e3ea5c9f4a967de32,https://open.spotify.com/track/1vvNmPOiUuyCbgWmtc6yfm
132,2017-04-22,133,Up,Vacaciones,Wisin,614910,https://i.scdn.co/image/ab67616d00004851c85f0d16973e9dae6f8a786c,https://open.spotify.com/track/3dQDid3IUNhZy1OehIfYfE
133,2017-04-22,134,Up,Black Beatles,Rae Sremmurd,608070,https://i.scdn.co/image/16293ab3b4f9301aeb5f41810fd7056d463db55e,https://open.spotify.com/track/6fujklziTHa8uoM5OQSfIo
134,2017-04-22,135,Up,Human,Rag'n'Bone Man,600854,https://i.scdn.co/image/ab67616d0000485190a788beadaad34ff684d3ec,https://open.spotify.com/track/58zsLZPvfflaiIbNWoA22O
135,2017-04-22,136,Up,We Don't Talk Anymore,Charlie Puth,596179,https://i.scdn.co/image/ab67616d00004851c0e28105f0533c52717c46c2,https://open.spotify.com/track/68EMU2RD1ECNeOeJ5qAXCV
136,2017-04-22,137,Down,TG4M,Zara Larsson,591021,https://i.scdn.co/image/ab67616d000048519e1683774b22648f4f178ed3,https://open.spotify.com/track/4uoumbAMEMaKdtiv763jKz
137,2017-04-22,138,Up,Cheap Thrills,Sia,590582,https://i.scdn.co/image/ab67616d0000485149e0134c686547c28b7c999f,https://open.spotify.com/track/27SdWb2rFzO6GWiYDBTD9j
138,2017-04-22,139,Up,Te Quiero Pa´Mi,Don Omar,585080,https://i.scdn.co/image/ab67616d00004851d0cb2a58e3bf5d7ac5ece16f,https://open.spotify.com/track/3BY2mafsbsoKGqS380Xnuz
139,2017-04-22,140,Down,New Man,Ed Sheeran,580554,https://i.scdn.co/image/ab67616d00004851ba5db46f4b838ef6027e6f96,https://open.spotify.com/track/5HDPtsnyb3maFmPL8LLUTG
140,2017-04-22,141,Down,Photograph,Ed Sheeran,579156,https://i.scdn.co/image/ab67616d00004851d08209944468440145f01524,https://open.spotify.com/track/6fxVffaTuwjgEk5h9QyRjy
141,2017-04-22,142,Up,Stressed Out,Twenty One Pilots,577445,https://i.scdn.co/image/ab67616d00004851de03bfc2991fd5bcfde65ba3,https://open.spotify.com/track/3CRDbSIZ4r5MsZ0YwxuEkn
142,2017-04-22,143,Down,Attention,Charlie Puth,577386,https://i.scdn.co/image/ab67616d00004851db21a273452f0637cdbc35aa,https://open.spotify.com/track/4iLqG9SeJSnt0cSPICSjxv
143,2017-04-22,144,Up,Broccoli (feat. Lil Yachty),DRAM,576051,https://i.scdn.co/image/ab67616d00004851f02a1575a59bd05998826351,https://open.spotify.com/track/7yyRTcZmCiyzzJlNzGC9Ol
144,2017-04-22,145,Down,Bad Bitch (feat. Ty Dolla $ign),Bebe Rexha,569282,https://i.scdn.co/image/ab67616d0000485166ae1fd71a3e5779e98e277a,https://open.spotify.com/track/4ZJPwET9Jrgpkqi4Vo3Yg8
145,2017-04-22,146,Up,Traicionera,Sebastian Yatra,568043,https://i.scdn.co/image/ab67616d00004851dbe5e9f934a9be5db8884c52,https://open.spotify.com/track/5J1c3M4EldCfNxXwrwt8mT
146,2017-04-22,147,Up,Love Yourself,Justin Bieber,565664,https://i.scdn.co/image/ab67616d00004851b6d9a4fbb0bd49f0f034aead,https://open.spotify.com/track/3hB5DgAiMAQ4DzYbsMq1IT
147,2017-04-22,148,Up,Faded,Alan Walker,563573,https://i.scdn.co/image/ab67616d00004851c4d00cac55ae1b4598c9bc90,https://open.spotify.com/track/7gHs73wELdeycvS48JfIos
148,2017-04-22,149,Up,Moves,Big Sean,561902,https://i.scdn.co/image/695d0c097d8463ccc2c2b9855fe44e3e9e7bc267,https://open.spotify.com/track/0Fv5N0cHBsl4bzCbollCAS
149,2017-04-22,150,Up,At My Best (feat. Hailee Steinfeld),Machine Gun Kelly,561189,https://i.scdn.co/image/d5f976093a4dcbc5ea9d4c04b414207f8bdce469,https://open.spotify.com/track/77lGafvlU68CeHgB2pkHC9
150,2017-04-22,151,Up,Sorry,Justin Bieber,553209,https://i.scdn.co/image/ab67616d00004851b6d9a4fbb0bd49f0f034aead,https://open.spotify.com/track/69bp2EbF7Q2rqc5N3ylezZ
151,2017-04-22,152,Up,Ride,Twenty One Pilots,549611,https://i.scdn.co/image/ab67616d00004851de03bfc2991fd5bcfde65ba3,https://open.spotify.com/track/2Z8WuEywRWYTKe1NybPQEW
152,2017-04-22,153,Up,Work from Home (feat. Ty Dolla $ign),Fifth Harmony,544811,https://i.scdn.co/image/ab67616d00004851d03fa6f4e758282b7920b5c8,https://open.spotify.com/track/4tCtwWceOPWzenK2HAIJSb
153,2017-04-22,154,Down,Thinking out Loud,Ed Sheeran,544382,https://i.scdn.co/image/ab67616d00004851d08209944468440145f01524,https://open.spotify.com/track/1Slwb6dOYkBlWal1PGtnNg
154,2017-04-22,155,Up,This Is What You Came For,Calvin Harris,540486,https://i.scdn.co/image/ab67616d00004851d9aa52355e062f5de060adbf,https://open.spotify.com/track/0azC730Exh71aQlOt9Zj3y
155,2017-04-22,156,Up,Shed a Light,Robin Schulz,534889,https://i.scdn.co/image/ab67616d000048517be189f322bc8155c103d6c9,https://open.spotify.com/track/1cG0umU5TKStygKsPFZ9pY
156,2017-04-22,157,Up,Bad Things (with Camila Cabello),Machine Gun Kelly,528884,https://i.scdn.co/image/d5f976093a4dcbc5ea9d4c04b414207f8bdce469,https://open.spotify.com/track/1PSBzsahR2AKwLJgx8ehBj
157,2017-04-22,158,Up,Barcelona,Ed Sheeran,526867,https://i.scdn.co/image/ab67616d00004851ba5db46f4b838ef6027e6f96,https://open.spotify.com/track/3Lfiu5sZ4M4B6JaKMBc0FU
158,2017-04-22,159,Up,Scars To Your Beautiful,Alessia Cara,525666,https://i.scdn.co/image/5b9e5bd34ec840f07c8530e43a76b1b5e08d8b77,https://open.spotify.com/track/0prNGof3XqfTvNDxHonvdK
159,2017-04-22,160,Down,Free Smoke,Drake,521919,https://i.scdn.co/image/6dfd956b9331fa9ea1f47ebb95311951ed72b3db,https://open.spotify.com/track/05KOgYg8PGeJyyWBPi5ja8
160,2017-04-22,161,Up,Perfect Strangers,Jonas Blue,519247,https://i.scdn.co/image/ab67616d0000485179882e87678a76bc1d895e94,https://open.spotify.com/track/1CUVN2kn7mW5FjkqXTR2W1
161,2017-04-22,162,Up,Caroline,Aminé,518733,https://i.scdn.co/image/ab67616d00004851a7f01ef25974c10cdbbd566e,https://open.spotify.com/track/5GFDrUTLGJix84sNhjCG0g
162,2017-04-22,163,Up,This Girl (Kungs Vs. Cookin' On 3 Burners) - Kungs Vs. Cookin' On 3 Burners,Kungs,517902,https://i.scdn.co/image/ab67616d00004851f504cc56f3bd99bc61929272,https://open.spotify.com/track/0tICYNayWWhH9GPeFrfjfD
163,2017-04-22,164,Up,Lumbra,Cali Y El Dandee,516588,https://i.scdn.co/image/ab67616d000048511b871ef4de91bd38cac024d1,https://open.spotify.com/track/6VHdcVbiKLYYOcMbIqBcuK
164,2017-04-22,165,Up,No Lie,Sean Paul,516275,https://i.scdn.co/image/ab67616d000048514782809e4cd19cefc99048f7,https://open.spotify.com/track/3cFsmM51N5zMAuu1nNY4Tw
165,2017-04-22,166,Down,Treat You Better,Shawn Mendes,514095,https://i.scdn.co/image/ab67616d00004851188e6332f32088921ab1eaf8,https://open.spotify.com/track/4Hf7WnR761jpxPr5D46Bcd
166,2017-04-22,167,Down,Don't Leave,Snakehips,513610,https://i.scdn.co/image/ab67616d00004851b72a28b6f92b180a8a423e29,https://open.spotify.com/track/0Zx8khUcEfCFK2AEoIhC92
167,2017-04-22,168,Down,Get It Together,Drake,510551,https://i.scdn.co/image/6dfd956b9331fa9ea1f47ebb95311951ed72b3db,https://open.spotify.com/track/7y6c07pgjZvtHI9kuMVqk1
168,2017-04-22,169,Up,Panda,Desiigner,503666,https://i.scdn.co/image/ab67616d000048513df69bfb7713d8262820612b,https://open.spotify.com/track/5OOkp4U9P9oL23maHFHL1h
169,2017-04-22,170,Down,Supermarket Flowers,Ed Sheeran,502697,https://i.scdn.co/image/ab67616d00004851ba5db46f4b838ef6027e6f96,https://open.spotify.com/track/4VuS959DSpr82t3qBqCrWG
170,2017-04-22,171,Up,La Bicicleta,Carlos Vives,501994,https://i.scdn.co/image/ab67616d00004851d05d3aad30c5fb7614893cf5,https://open.spotify.com/track/0sXvAOmXgjR2QUqLK1MltU
171,2017-04-22,172,Down,Teenage Fever,Drake,501660,https://i.scdn.co/image/6dfd956b9331fa9ea1f47ebb95311951ed72b3db,https://open.spotify.com/track/6n3HGiq4v35D6eFOSwqYuo
172,2017-04-22,173,Up,Sunset Lover,Petit Biscuit,490624,https://i.scdn.co/image/ab67616d00004851014080d39d56c94c0b285362,https://open.spotify.com/track/0hNduWmlWmEmuwEFcYvRu1
173,2017-04-22,174,Down,Mercy,Shawn Mendes,488613,https://i.scdn.co/image/ab67616d00004851188e6332f32088921ab1eaf8,https://open.spotify.com/track/4TZy1wLyHec06pwgFYDh1a
174,2017-04-22,175,Down,I Got You,Bebe Rexha,485244,https://i.scdn.co/image/ab67616d00004851809adcbcfe88c94fd2a706c1,https://open.spotify.com/track/1FUViuNSldssMIawrOXF2i
175,2017-04-22,176,Up,Lean On (feat. MØ & DJ Snake),Major Lazer,485114,https://i.scdn.co/image/ab67616d000048519f55dad3a63f72f1bc8d6f59,https://open.spotify.com/track/4WjH9Bzt3kx7z8kl0awxh4
176,2017-04-22,177,Down,All We Know,The Chainsmokers,482568,https://i.scdn.co/image/ab67616d00004851ff8d8c5662a96d41433e9ee1,https://open.spotify.com/track/2rizacJSyD9S1IQUxUxnsK
177,2017-04-22,178,Up,Alone,Alan Walker,481018,https://i.scdn.co/image/ab67616d00004851f00ade2f88d8223521bc7f76,https://open.spotify.com/track/0JiVRyTJcJnmlwCZ854K4p
178,2017-04-22,179,Up,Dile Que Tu Me Quieres,Ozuna,476537,https://i.scdn.co/image/ab67616d0000485133bbd31551e01896f58d688f,https://open.spotify.com/track/20ZAJdsKB5IGbGj4ilRt2o
179,2017-04-22,180,New,Hey DJ,CNCO,476232,https://i.scdn.co/image/ab67616d000048514358c8856d3acc00ca6c3578,https://open.spotify.com/track/209gZgcfLq2aUuu51vOWBl
180,2017-04-22,181,Down,By Your Side,Jonas Blue,473574,https://i.scdn.co/image/ab67616d00004851bd4b658f3aead04637924c28,https://open.spotify.com/track/1D3ODoXHBLpdxolZRHWV1j
181,2017-04-22,182,Down,How Would You Feel (Paean),Ed Sheeran,472714,https://i.scdn.co/image/ab67616d00004851ba5db46f4b838ef6027e6f96,https://open.spotify.com/track/6PJ8FF6UR8FZXfEvpHkIVN
182,2017-04-22,183,Down,Be the One,Dua Lipa,472085,https://i.scdn.co/image/ab67616d000048516b915e407b70e121e06fe979,https://open.spotify.com/track/7FCfMXYTIiQ9b4hDYs4Iol
183,2017-04-22,184,Down,Versace on the Floor,Bruno Mars,471451,https://i.scdn.co/image/ab67616d00004851232711f7d66a1e19e89e28c5,https://open.spotify.com/track/0kN8xEmgMW9mh7UmDYHlJP
184,2017-04-22,185,Down,"Sucker For Pain (with Wiz Khalifa, Imagine Dragons, Logic & Ty Dolla $ign feat. X Ambassadors)",Lil Wayne,471221,https://i.scdn.co/image/ab67616d000048517d8dfcfd507069d7f2062caf,https://open.spotify.com/track/4dASQiO1Eoo3RJvt74FtXB
185,2017-04-22,186,Up,Cake By The Ocean,DNCE,470283,https://i.scdn.co/image/ab67616d00004851a19a2912e1618ada66b2e6e8,https://open.spotify.com/track/2aFiaMXmWsM3Vj72F9ksBl
186,2017-04-22,187,Up,Get Right Witcha,Migos,465983,https://i.scdn.co/image/ab67616d0000485199a8ab6da9d593939302828a,https://open.spotify.com/track/76Y0gxtTxN0FyDCYh5qYQj
187,2017-04-22,188,Down,Lights Down Low,MAX,465401,https://i.scdn.co/image/ab67616d00004851cefb1bcf9304bf454bae7f8d,https://open.spotify.com/track/1sYSP7gKa5kdKIfhANfori
188,2017-04-22,189,Down,Water Under the Bridge,Adele,463334,https://i.scdn.co/image/ab67616d000048514c3bbcff5e7248e415548f12,https://open.spotify.com/track/4vb4mFvYsr2h6enhjJsq9Y
189,2017-04-22,190,Up,7 Years,Lukas Graham,463192,https://i.scdn.co/image/ab67616d0000485104d59cefa11f0eee9f1877a5,https://open.spotify.com/track/7129iqBafaphfc3WPCGC0L
190,2017-04-22,191,Down,No Problem (feat. Lil Wayne & 2 Chainz),Chance the Rapper,455136,https://i.scdn.co/image/ab67616d00004851e71dd15fc5bdefd5bff70452,https://open.spotify.com/track/0v9Wz8o0BT8DU38R4ddjeH
191,2017-04-22,192,New,Deja vu,Prince Royce,454724,https://i.scdn.co/image/ab67616d000048516c1180ae683cc09d840a9163,https://open.spotify.com/track/46HdsiK0uR26B2dY9QPzda
192,2017-04-22,193,New,Andas En Mi Cabeza,Chino & Nacho,449931,https://i.scdn.co/image/ab67616d0000485166dad4487da6fc0dced2d0c6,https://open.spotify.com/track/5mey7CLLuFToM2P68Qu1gF
193,2017-04-22,194,Up,Too Good,Drake,449324,https://i.scdn.co/image/ab67616d00004851726abca207567d5e41cb9667,https://open.spotify.com/track/11KJSRSgaDxqydKYiD2Jew
194,2017-04-22,195,Down,"Lose Yourself - From ""8 Mile"" Soundtrack",Eminem,448601,https://i.scdn.co/image/36440dfd440d23086573d62a32def35ecc42f111,https://open.spotify.com/track/5Z01UMMf7V1o0MzF86s6WJ
195,2017-04-22,196,New,Gyal You A Party Animal - Remix,Charly Black,447649,https://i.scdn.co/image/ab67616d0000485131a026a9d39e08006ddfb138,https://open.spotify.com/track/1AkTW13ysu0AJrwuM6UY0I
196,2017-04-22,197,New,Light It Up (feat. Nyla & Fuse ODG) - Remix,Major Lazer,442788,https://i.scdn.co/image/ab67616d00004851751a2e5da4333e86814026ba,https://open.spotify.com/track/0L7loeTIg6akW84aEQZpCT
197,2017-04-22,198,New,Up,NAV,439913,https://i.scdn.co/image/d62c91b4a909cdac115e068d943554b0d96c0003,https://open.spotify.com/track/5qbcsZMwL0x46sX7VO37Ye
198,2017-04-22,199,Down,Party Monster,The Weeknd,439879,https://i.scdn.co/image/6aeaaebcbd861c8369b14366e8e0eca2fe96055d,https://open.spotify.com/track/4F7A0DXBrmUAkp32uenhZt
199,2017-04-22,200,New,X (feat. Future),21 Savage,438889,https://i.scdn.co/image/ab67616d000048512dd1ac4a61495080ef8f78ca,https://open.spotify.com/track/6fwdbPMwP1zVStm8FybmkO
