,Date,Position,Trend,Title,Artist,Streams,Icon_URL,Spotify_URL
0,2017-04-08,1,Flat,Shape of You,Ed Sheeran,6413787,https://i.scdn.co/image/ab67616d00004851ba5db46f4b838ef6027e6f96,https://open.spotify.com/track/7qiZfU4dY1lWllzX7mPBI3
1,2017-04-08,2,Flat,Something Just Like This,The Chainsmokers,4671355,https://i.scdn.co/image/ab67616d000048510c13d3d5a503c84fcc60ae94,https://open.spotify.com/track/6RUKPb4LETWmmr3iAEQktW
2,2017-04-08,3,Flat,It Ain't Me (with Selena Gomez),Kygo,3964826,https://i.scdn.co/image/ab67616d0000485141f289940f2e6a0d51988d77,https://open.spotify.com/track/3eR23VReFzcdmS7TYCrhCe
3,2017-04-08,4,Flat,Passionfruit,Drake,3861025,https://i.scdn.co/image/ab67616d000048515ea859dc94365abd9fd84fd6,https://open.spotify.com/track/7hDc8b7IXETo14hHIHdnhd
4,2017-04-08,5,Flat,HUMBLE.,Kendrick Lamar,3650616,https://i.scdn.co/image/ae1f239b41e9604a66eb900834c6887cd2f62ff1,https://open.spotify.com/track/7KXjTSCq5nL1LoYtL7XAwS
5,2017-04-08,6,Flat,Mask Off,Future,3575858,https://i.scdn.co/image/ab67616d00004851356884f85665ebdd79223fdf,https://open.spotify.com/track/3rOSwuTsUlJp0Pu0MkN8r8
6,2017-04-08,7,Flat,That's What I Like,Bruno Mars,3487450,https://i.scdn.co/image/ab67616d00004851232711f7d66a1e19e89e28c5,https://open.spotify.com/track/0KKkJNfGyhkQ5aFogxQAPU
7,2017-04-08,8,Up,Despacito (Featuring Daddy Yankee),Luis Fonsi,3347136,https://i.scdn.co/image/ab67616d00004851a5971936e3b8d91f8b616b17,https://open.spotify.com/track/4aWmUDTfIPGksMNLV2rQP2
8,2017-04-08,9,Down,Stay (with Alessia Cara),Zedd,3308329,https://i.scdn.co/image/ab67616d0000485191a70f95efc3400f696e89cc,https://open.spotify.com/track/0dA2Mk56wEzDgegdC6R17g
9,2017-04-08,10,Down,Paris,The Chainsmokers,3300930,https://i.scdn.co/image/ab67616d000048510c13d3d5a503c84fcc60ae94,https://open.spotify.com/track/72jbDTw1piOOj770jWNeaG
10,2017-04-08,11,Flat,Symphony (feat. Zara Larsson),Clean Bandit,3059770,https://i.scdn.co/image/ab67616d000048515b1130d050c4cd2295999d85,https://open.spotify.com/track/1x5sYLZiu9r5E43kMlt9f8
11,2017-04-08,12,Flat,Galway Girl,Ed Sheeran,2970017,https://i.scdn.co/image/ab67616d00004851ba5db46f4b838ef6027e6f96,https://open.spotify.com/track/0afhq8XCExXpqazXczTSve
12,2017-04-08,13,Flat,Slide,Calvin Harris,2650378,https://i.scdn.co/image/ab67616d000048514d3fa5ce7ba599f4fd7803ef,https://open.spotify.com/track/7tr2za8SQg2CI8EDgrdtNl
13,2017-04-08,14,Flat,Scared to Be Lonely,Martin Garrix,2515109,https://i.scdn.co/image/ab67616d0000485164f8a309aa3c0a66a31fc374,https://open.spotify.com/track/3ebXMykcMXOcLeJ9xZ17XH
14,2017-04-08,15,Up,Swalla (feat. Nicki Minaj & Ty Dolla $ign),Jason Derulo,2447962,https://i.scdn.co/image/ab67616d000048519d6522bee68370fa5592301d,https://open.spotify.com/track/6kex4EBAj0WHXDKZMEJaaF
15,2017-04-08,16,Down,Issues,Julia Michaels,2404413,https://i.scdn.co/image/ab67616d000048519615e35e0e9e4b2c3dccb520,https://open.spotify.com/track/1sXUWdKx03aP9Gmzft58rt
16,2017-04-08,17,Up,You Don't Know Me - Radio Edit,Jax Jones,2311608,https://i.scdn.co/image/ab67616d00004851dd05a1716e2f07a07b8ccfe3,https://open.spotify.com/track/00lNx0OcTJrS3MKHcB80HY
17,2017-04-08,18,Down,The One,The Chainsmokers,2299102,https://i.scdn.co/image/ab67616d000048510c13d3d5a503c84fcc60ae94,https://open.spotify.com/track/0wfbD5rAksdXUzRvMfM3x5
18,2017-04-08,19,Up,Sign of the Times,Harry Styles,2276692,https://i.scdn.co/image/ab67616d000048516c619c39c853f8b1d67b7859,https://open.spotify.com/track/5Ohxk2dO5COHF1krpoPigN
19,2017-04-08,20,Down,"I Don’t Wanna Live Forever (Fifty Shades Darker) - From ""Fifty Shades Darker (Original Motion Picture Soundtrack)""",ZAYN,2165010,https://i.scdn.co/image/ab67616d000048512ae921f082ae5db4d3da818f,https://open.spotify.com/track/3NdDpSvN911VPGivFlV5d0
20,2017-04-08,21,Up,Rockabye (feat. Sean Paul & Anne-Marie),Clean Bandit,2091915,https://i.scdn.co/image/ab67616d000048511431c3bdf16aa99f71799d95,https://open.spotify.com/track/5knuzwU65gJK7IF5yJsuaW
21,2017-04-08,22,Down,Cold,Maroon 5,2057681,https://i.scdn.co/image/ab67616d000048514727f9e79c338683c5bf8921,https://open.spotify.com/track/5NNlUMcOEOdoOIwwaWXv0k
22,2017-04-08,23,Flat,Believer,Imagine Dragons,2014714,https://i.scdn.co/image/ab67616d000048517956bd9a3d7a15e4c2e37cc6,https://open.spotify.com/track/0CcQNd8CINkwQfe1RDtGV6
23,2017-04-08,24,Up,iSpy (feat. Lil Yachty),KYLE,1998960,https://i.scdn.co/image/ab67616d0000485132e373f2988bc6596a542d1c,https://open.spotify.com/track/2EEeOnHehOozLq4aS0n6SL
24,2017-04-08,25,Up,Castle on the Hill,Ed Sheeran,1879212,https://i.scdn.co/image/ab67616d00004851ba5db46f4b838ef6027e6f96,https://open.spotify.com/track/6PCUP3dWmTjcTtXY02oFdT
25,2017-04-08,26,Down,Chained To The Rhythm,Katy Perry,1870866,https://i.scdn.co/image/ab67616d000048511487979a7e0181a5d0406d1a,https://open.spotify.com/track/6520aj0B4FSKGVuKNsOCOi
26,2017-04-08,27,Up,Call On Me - Ryan Riback Extended Remix,Starley,1814723,https://i.scdn.co/image/ab67616d000048519d4079afc73664f86f055400,https://open.spotify.com/track/78rIJddV4X0HkNAInEcYde
27,2017-04-08,28,Up,XO TOUR Llif3,Lil Uzi Vert,1796158,https://i.scdn.co/image/ab67616d0000485115531ec8568373f631db9786,https://open.spotify.com/track/2eMwDehkIC1j68U6FA3Eiq
28,2017-04-08,29,Down,I Feel It Coming,The Weeknd,1792326,https://i.scdn.co/image/b3683184efeb899b2d1a02f4957d0c630dc10b0b,https://open.spotify.com/track/5GXAXm5YOmYT0kL5jHvYBt
29,2017-04-08,30,Down,Portland,Drake,1791402,https://i.scdn.co/image/6dfd956b9331fa9ea1f47ebb95311951ed72b3db,https://open.spotify.com/track/2bjwRfXMk4uRgOD9IBYl9h
30,2017-04-08,31,Up,Solo Dance,Martin Jensen,1787102,https://i.scdn.co/image/ab67616d00004851950d67dbe3f31f1d9a5d06a2,https://open.spotify.com/track/6HUnnBwYZqcED1eQztxMBN
31,2017-04-08,32,Down,Closer,The Chainsmokers,1782345,https://i.scdn.co/image/ab67616d00004851495ce6da9aeb159e94eaa453,https://open.spotify.com/track/7BKLCZ1jbUBVqRi2FVlTVw
32,2017-04-08,33,Up,SUBEME LA RADIO,Enrique Iglesias,1775259,https://i.scdn.co/image/ab67616d000048515366ff028970205a29d558ed,https://open.spotify.com/track/7nKBxz47S9SD79N086fuhn
33,2017-04-08,34,Up,Starboy,The Weeknd,1583330,https://i.scdn.co/image/ab67616d000048510c8599cbde51245c128bcea9,https://open.spotify.com/track/5aAx2yezTd8zXrkmtKl66Z
34,2017-04-08,35,Up,Me Rehúso,Danny Ocean,1537466,https://i.scdn.co/image/ab67616d00004851a75bd33684083600569dd3bf,https://open.spotify.com/track/6De0lHrwBfPfrhorm9q1Xl
35,2017-04-08,36,Down,Green Light,Lorde,1530239,https://i.scdn.co/image/ab67616d0000485128e1139fd3a34626351b9004,https://open.spotify.com/track/0gbBzIqrECJOEPvQJIBFs5
36,2017-04-08,37,Up,Chantaje (feat. Maluma),Shakira,1525790,https://i.scdn.co/image/ab67616d00004851d05d3aad30c5fb7614893cf5,https://open.spotify.com/track/6mICuAdrwEjh6Y6lroV2Kg
37,2017-04-08,38,Up,Run Up (feat. PARTYNEXTDOOR & Nicki Minaj),Major Lazer,1523242,https://i.scdn.co/image/ab67616d000048518036d7402a6a76aed04f1f98,https://open.spotify.com/track/0fg8CqpjdojMyXLNzM2PaJ
38,2017-04-08,39,Flat,Location,Khalid,1515814,https://i.scdn.co/image/ab67616d00004851988ede5e1276e758b5f9e577,https://open.spotify.com/track/152lZdxL1OR0ZMW6KquMif
39,2017-04-08,40,Up,El Amante,Nicky Jam,1510916,https://i.scdn.co/image/ab67616d00004851d77dbcd4dbd37cdfa61771fa,https://open.spotify.com/track/3umS4y3uQDkqekNjVpiRUs
40,2017-04-08,41,Down,Say You Won't Let Go,James Arthur,1500727,https://i.scdn.co/image/ab67616d0000485120beb61f61fcbeb33b10a9ab,https://open.spotify.com/track/5uCax9HTNlzGybIStD3vDh
41,2017-04-08,42,Down,Congratulations,Post Malone,1479621,https://i.scdn.co/image/23bae95100dcb6ac8f88c19fa2a11c50a998a926,https://open.spotify.com/track/3a1lNhkSLSkpJE4MSHpDu9
42,2017-04-08,43,Down,Perfect,Ed Sheeran,1478458,https://i.scdn.co/image/ab67616d00004851ba5db46f4b838ef6027e6f96,https://open.spotify.com/track/0tgVpDi06FyKpA1z0VMD4v
43,2017-04-08,44,Down,Tunnel Vision,Kodak Black,1478154,https://i.scdn.co/image/ab67616d000048511541a676423805fc68ff3e66,https://open.spotify.com/track/4Q3N4Ct4zCuIHuZ65E3BD4
44,2017-04-08,45,Up,Fake Love,Drake,1418974,https://i.scdn.co/image/6dfd956b9331fa9ea1f47ebb95311951ed72b3db,https://open.spotify.com/track/343YBumqHu19cGoGARUTsd
45,2017-04-08,46,Up,Selfish (feat. Rihanna),Future,1396898,https://i.scdn.co/image/ab67616d00004851968822b495da180d0792a437,https://open.spotify.com/track/2Ce5IyMlVRVvN997ZJjJJA
46,2017-04-08,47,Up,Weak,AJR,1349608,https://i.scdn.co/image/ab67616d00004851c5f3ca405ff6ed13dc554b94,https://open.spotify.com/track/3E2Zh20GDCR9B1EYjfXWyv
47,2017-04-08,48,Down,"How Far I'll Go - From ""Moana""",Alessia Cara,1347060,https://i.scdn.co/image/ab67616d00004851fb128b1eda22335050f584fe,https://open.spotify.com/track/5hYTyyh2odQKphUbMqc5gN
48,2017-04-08,49,Flat,Blem,Drake,1338958,https://i.scdn.co/image/6dfd956b9331fa9ea1f47ebb95311951ed72b3db,https://open.spotify.com/track/2XlHu0HcujBCkWMdIAvrqt
49,2017-04-08,50,Down,Break Up Every Night,The Chainsmokers,1284722,https://i.scdn.co/image/ab67616d000048510c13d3d5a503c84fcc60ae94,https://open.spotify.com/track/6cPyTS0Kk2sc4xQwC93kOg
50,2017-04-08,51,Up,Still Got Time,ZAYN,1260002,https://i.scdn.co/image/ab67616d000048513bfd914f72da2ed8822a634f,https://open.spotify.com/track/000xQL6tZNLJzIrtIgxqSl
51,2017-04-08,52,Down,Happier,Ed Sheeran,1242972,https://i.scdn.co/image/ab67616d00004851ba5db46f4b838ef6027e6f96,https://open.spotify.com/track/2RttW7RAu5nOAfq6YFvApB
52,2017-04-08,53,Up,Bad and Boujee (feat. Lil Uzi Vert),Migos,1239464,https://i.scdn.co/image/ab67616d0000485199a8ab6da9d593939302828a,https://open.spotify.com/track/4Km5HrUvYTaSUfiSGPJeQR
53,2017-04-08,54,Up,September Song,JP Cooper,1183683,https://i.scdn.co/image/ab67616d000048511400ec742ee0935608e30700,https://open.spotify.com/track/0FuTx2s3YH1ppmtiM6l0zI
54,2017-04-08,55,Up,One Dance,Drake,1144430,https://i.scdn.co/image/ab67616d00004851726abca207567d5e41cb9667,https://open.spotify.com/track/1xznGGDReH1oQq0xzbwXa3
55,2017-04-08,56,Down,Gyalchester,Drake,1141994,https://i.scdn.co/image/6dfd956b9331fa9ea1f47ebb95311951ed72b3db,https://open.spotify.com/track/6UjfByV1lDLW0SOVQA4NAi
56,2017-04-08,57,Up,Let Me Love You,DJ Snake,1130578,https://i.scdn.co/image/ab67616d000048515045de6786e0af096de73ed4,https://open.spotify.com/track/4pdPtRcBmOSQDlJ3Fk945m
57,2017-04-08,58,Up,Bounce Back,Big Sean,1122354,https://i.scdn.co/image/695d0c097d8463ccc2c2b9855fe44e3e9e7bc267,https://open.spotify.com/track/0SGkqnVQo9KPytSri1H6cF
58,2017-04-08,59,Down,Now Or Never,Halsey,1106925,https://i.scdn.co/image/ab67616d000048519357ea2dbe932b47fe8149d6,https://open.spotify.com/track/0Nhu3zSYbEz32IYiobV75e
59,2017-04-08,60,Up,24K Magic,Bruno Mars,1058774,https://i.scdn.co/image/ab67616d00004851232711f7d66a1e19e89e28c5,https://open.spotify.com/track/6b8Be6ljOzmkOmFslEb23P
60,2017-04-08,61,Up,Touch,Little Mix,1056055,https://i.scdn.co/image/ab67616d000048512318bbb0586903290db2b270,https://open.spotify.com/track/5Ua3GXyHwiSfpNTMjq6m2z
61,2017-04-08,62,Up,Tuesday,Burak Yeter,1048205,https://i.scdn.co/image/069b0b8dc1285ba4d2bd7f2536abfce84598d130,https://open.spotify.com/track/7abpmGpF7PGep2rDU68GBR
62,2017-04-08,63,Up,Otra vez (feat. J Balvin),Zion & Lennox,995732,https://i.scdn.co/image/ab67616d0000485182eabf564ddc57325a84dd50,https://open.spotify.com/track/3QwBODjSEzelZyVjxPOHdq
63,2017-04-08,64,Up,Reggaetón Lento (Bailemos),CNCO,993790,https://i.scdn.co/image/ab67616d000048517db0f7ac4c612cce26ccacf9,https://open.spotify.com/track/3AEZUABDXNtecAOSC1qTfo
64,2017-04-08,65,Flat,Dive,Ed Sheeran,965342,https://i.scdn.co/image/ab67616d00004851ba5db46f4b838ef6027e6f96,https://open.spotify.com/track/51ChrwmUPDJvedPQnIU8Ls
65,2017-04-08,66,Up,T-Shirt,Migos,962815,https://i.scdn.co/image/ab67616d0000485199a8ab6da9d593939302828a,https://open.spotify.com/track/7KOlJ92bu51cltsD9KU5I7
66,2017-04-08,67,Down,Heatstroke,Calvin Harris,962376,https://i.scdn.co/image/ab67616d000048514d3fa5ce7ba599f4fd7803ef,https://open.spotify.com/track/60APt5N2NRaKWf5xzJdzyC
67,2017-04-08,68,Up,La Rompe Corazones,Daddy Yankee,936670,https://i.scdn.co/image/ab67616d00004851b84a36483e43bfbcb931fcde,https://open.spotify.com/track/4okba5wu9mMLXx79DXLKi3
68,2017-04-08,69,Up,Don't Wanna Know,Maroon 5,936134,https://i.scdn.co/image/ab67616d00004851eec1912bbc2ff74b8203fe5f,https://open.spotify.com/track/5MFzQMkrl1FOOng9tq6R9r
69,2017-04-08,70,Up,Sigo Extrañándote,J Balvin,934579,https://i.scdn.co/image/ab67616d00004851338ffc4c72a192f06070546b,https://open.spotify.com/track/6qDF4wWL49CAVbgT7yuHl8
70,2017-04-08,71,Up,Swang,Rae Sremmurd,909559,https://i.scdn.co/image/16293ab3b4f9301aeb5f41810fd7056d463db55e,https://open.spotify.com/track/6mapJIPnQ23RTAevUoE0DL
71,2017-04-08,72,Up,Body Like A Back Road,Sam Hunt,907463,https://i.scdn.co/image/ab67616d000048519eccbdab1110afc4d5a186a8,https://open.spotify.com/track/7mldq42yDuxiUNn08nvzHO
72,2017-04-08,73,Down,Bloodstream,The Chainsmokers,904712,https://i.scdn.co/image/ab67616d000048510c13d3d5a503c84fcc60ae94,https://open.spotify.com/track/26AuyrZGzWWiYZPSd3XBIg
73,2017-04-08,74,Up,Don't Let Me Down,The Chainsmokers,904206,https://i.scdn.co/image/ab67616d0000485108d87fb54859bc9038f7e5e0,https://open.spotify.com/track/0QsvXIfqM0zZoerQfsI9lm
74,2017-04-08,75,Up,Look At Me!,XXXTENTACION,896344,https://i.scdn.co/image/ab67616d0000485125b5901b8bcf902f54d466d9,https://open.spotify.com/track/4ARPvK8DHLwt4oX65ZAFMw
75,2017-04-08,76,Down,Don't Say,The Chainsmokers,891847,https://i.scdn.co/image/ab67616d000048510c13d3d5a503c84fcc60ae94,https://open.spotify.com/track/1pJQAHpD51J7GYaFrrFO9S
76,2017-04-08,77,Up,Hear Me Now,Alok,881317,https://i.scdn.co/image/e308bad29e4cf6dc8aa5cd97449ef71bbb893d40,https://open.spotify.com/track/1a5Yu5L18qNxVhXx38njON
77,2017-04-08,78,Up,All Time Low,Jon Bellion,876977,https://i.scdn.co/image/ff06a4138a99d272c24d2f6da9b5ea6067c054db,https://open.spotify.com/track/1CnPYaKxTVb4LWOtiGOm0m
78,2017-04-08,79,Up,Starving,Hailee Steinfeld,861984,https://i.scdn.co/image/ab67616d00004851612495ee5769c99125031be2,https://open.spotify.com/track/1qOLh0tI7trd1zdDKxYZTe
79,2017-04-08,80,Down,Free Smoke,Drake,860085,https://i.scdn.co/image/6dfd956b9331fa9ea1f47ebb95311951ed72b3db,https://open.spotify.com/track/05KOgYg8PGeJyyWBPi5ja8
80,2017-04-08,81,Down,What Do I Know?,Ed Sheeran,852203,https://i.scdn.co/image/ab67616d00004851ba5db46f4b838ef6027e6f96,https://open.spotify.com/track/2pJZ1v8HezrAoZ0Fhzby92
81,2017-04-08,82,Up,"CAN'T STOP THE FEELING! (Original Song from DreamWorks Animation's ""TROLLS"")",Justin Timberlake,844170,https://i.scdn.co/image/ab67616d00004851ef37416970812293c08e8a78,https://open.spotify.com/track/6JV2JOEocMgcZxYSZelKcc
82,2017-04-08,83,Down,Honest,The Chainsmokers,842496,https://i.scdn.co/image/ab67616d000048510c13d3d5a503c84fcc60ae94,https://open.spotify.com/track/6KjbNLbRjuoa8rEq5yNA6H
83,2017-04-08,84,Up,All Night,The Vamps,826231,https://i.scdn.co/image/ab67616d00004851f03c9779c27137669304ea20,https://open.spotify.com/track/1yNyoWWWikbLhwIGWjZuDW
84,2017-04-08,85,Up,In the Name of Love,Martin Garrix,821724,https://i.scdn.co/image/ab67616d00004851923db3f255cd48a6d5783ebf,https://open.spotify.com/track/04DwTuZ2VBdJCCC5TROn7L
85,2017-04-08,86,Up,Cold Water (feat. Justin Bieber & MØ),Major Lazer,821283,https://i.scdn.co/image/ab67616d000048512e8f1cca2bc8c9d55930523b,https://open.spotify.com/track/6DNtNfH8hXkqOX1sjqmI7p
86,2017-04-08,87,Up,No Promises (feat. Demi Lovato),Cheat Codes,818058,https://i.scdn.co/image/ab67616d00004851e74ecdb2f1316c8f026970a8,https://open.spotify.com/track/1louJpMmzEicAn7lzDalPW
87,2017-04-08,88,Down,My Type,The Chainsmokers,813161,https://i.scdn.co/image/ab67616d000048510c13d3d5a503c84fcc60ae94,https://open.spotify.com/track/6V9kwssTrwkKT72imgowj9
88,2017-04-08,89,Up,"Sola (Remix) [feat. Daddy Yankee, Wisin, Farruko, Zion & Lennox]",Anuel AA,810934,https://i.scdn.co/image/ab67616d00004851a66def7d649149464edc8f1e,https://open.spotify.com/track/5q2JbCNi4FcnglgPfxcV65
89,2017-04-08,90,Up,Hey Ma (with Pitbull & J Balvin feat. Camila Cabello) - Spanish Version,Pitbull,807048,https://i.scdn.co/image/ab67616d000048513e40b472d708ea3c6bd86670,https://open.spotify.com/track/2Vdub5mY4lad7w64bFPUez
90,2017-04-08,91,Down,Get It Together,Drake,796161,https://i.scdn.co/image/6dfd956b9331fa9ea1f47ebb95311951ed72b3db,https://open.spotify.com/track/7y6c07pgjZvtHI9kuMVqk1
91,2017-04-08,92,Down,New Man,Ed Sheeran,787600,https://i.scdn.co/image/ab67616d00004851ba5db46f4b838ef6027e6f96,https://open.spotify.com/track/5HDPtsnyb3maFmPL8LLUTG
92,2017-04-08,93,Up,Everyday,Ariana Grande,771224,https://i.scdn.co/image/ab67616d000048517227f5854239a059af211d5b,https://open.spotify.com/track/3FiE2d325mIOc4YjkSLVJR
93,2017-04-08,94,Up,Just Hold On,Steve Aoki,770730,https://i.scdn.co/image/ab67616d0000485122e2ce2de8bad6d67ee69b48,https://open.spotify.com/track/3EmmCZoqpWOTY1g2GBwJoR
94,2017-04-08,95,Up,Rolex,Ayo & Teo,758718,https://i.scdn.co/image/ab67616d0000485179dbd95fbdf6b0d617bd32dd,https://open.spotify.com/track/0pSBuHjILhNEo55xK1zrRt
95,2017-04-08,96,Up,Side To Side,Ariana Grande,757203,https://i.scdn.co/image/ab67616d000048517227f5854239a059af211d5b,https://open.spotify.com/track/4pLwZjInHj3SimIyN9SnOz
96,2017-04-08,97,Up,goosebumps,Travis Scott,756829,https://i.scdn.co/image/ab67616d00004851f54b99bf27cda88f4a7403ce,https://open.spotify.com/track/6gBFPUFcJLzWGx4lenP6h2
97,2017-04-08,98,Down,It Won't Kill Ya,The Chainsmokers,755143,https://i.scdn.co/image/ab67616d000048510c13d3d5a503c84fcc60ae94,https://open.spotify.com/track/5xhJmd0I15jFcEdqxfCzKk
98,2017-04-08,99,Down,Teenage Fever,Drake,744831,https://i.scdn.co/image/6dfd956b9331fa9ea1f47ebb95311951ed72b3db,https://open.spotify.com/track/6n3HGiq4v35D6eFOSwqYuo
99,2017-04-08,100,Up,"Ay Mi Dios (feat. Pitbull, Yandel & Chacal)",IAmChino,737747,https://i.scdn.co/image/ab67616d000048511568fbc07414eb185c58ef62,https://open.spotify.com/track/6stYbAJgTszHAHZMPxWWCY
100,2017-04-08,101,Up,Me Llamas (feat. Maluma) - Remix,Piso 21,735686,https://i.scdn.co/image/ab67616d000048511e1eafb5d2bb1ca39d26f092,https://open.spotify.com/track/5hEM0JchdVzQ5PwvSfITeX
101,2017-04-08,102,Up,Pretty Girl - Cheat Codes X CADE Remix,Maggie Lindemann,722751,https://i.scdn.co/image/ab67616d000048517c7436e1b6273be0e7bc1a84,https://open.spotify.com/track/1NDxZ7cFAo481dtYWdrUnR
102,2017-04-08,103,Up,Treat You Better,Shawn Mendes,713609,https://i.scdn.co/image/ab67616d00004851188e6332f32088921ab1eaf8,https://open.spotify.com/track/4Hf7WnR761jpxPr5D46Bcd
103,2017-04-08,104,Up,Safari,J Balvin,708440,https://i.scdn.co/image/ab67616d00004851338ffc4c72a192f06070546b,https://open.spotify.com/track/6rQSrBHf7HlZjtcMZ4S4bO
104,2017-04-08,105,Up,I Took A Pill In Ibiza - Seeb Remix,Mike Posner,707986,https://i.scdn.co/image/ab67616d0000485140512e02a594e3378c0256e6,https://open.spotify.com/track/17Fd6Yb7mSbinKG8LoWfFl
105,2017-04-08,106,Down,My Way,Calvin Harris,707721,https://i.scdn.co/image/ab67616d000048518d12bc5e3ea5c9f4a967de32,https://open.spotify.com/track/1vvNmPOiUuyCbgWmtc6yfm
106,2017-04-08,107,Up,Vente Pa' Ca,Ricky Martin,705614,https://i.scdn.co/image/ab67616d000048513d90f5938459be40b7b6652a,https://open.spotify.com/track/7DM4BPaS7uofFul3ywMe46
107,2017-04-08,108,Down,Young,The Chainsmokers,703250,https://i.scdn.co/image/ab67616d000048510c13d3d5a503c84fcc60ae94,https://open.spotify.com/track/1KeZgPUr54C8iz3FjqzVoz
108,2017-04-08,109,Up,Heathens,Twenty One Pilots,699861,https://i.scdn.co/image/ab67616d000048512ca3ba8f334ca5a5f0312efb,https://open.spotify.com/track/6i0V12jOa3mr6uu4WYhUBr
109,2017-04-08,110,Down,Last Day Alive,The Chainsmokers,692702,https://i.scdn.co/image/ab67616d000048510c13d3d5a503c84fcc60ae94,https://open.spotify.com/track/6GeD5g9vZTz25Egf8kxoIY
110,2017-04-08,111,Up,Black Beatles,Rae Sremmurd,683760,https://i.scdn.co/image/16293ab3b4f9301aeb5f41810fd7056d463db55e,https://open.spotify.com/track/6fujklziTHa8uoM5OQSfIo
111,2017-04-08,112,Down,Barcelona,Ed Sheeran,682453,https://i.scdn.co/image/ab67616d00004851ba5db46f4b838ef6027e6f96,https://open.spotify.com/track/3Lfiu5sZ4M4B6JaKMBc0FU
112,2017-04-08,113,Up,Skin,Rag'n'Bone Man,679728,https://i.scdn.co/image/ab67616d0000485190a788beadaad34ff684d3ec,https://open.spotify.com/track/6y2Kaz9QI01XBKJ8mTb7Pf
113,2017-04-08,114,Down,Wake Up Alone,The Chainsmokers,677587,https://i.scdn.co/image/ab67616d000048510c13d3d5a503c84fcc60ae94,https://open.spotify.com/track/0dj1CtyRxZ4bnIT4Q20jNT
114,2017-04-08,115,Up,Ciao Adios,Anne-Marie,676976,https://i.scdn.co/image/ab67616d0000485119f06fd0fc43d3ebed4f041d,https://open.spotify.com/track/3EfugazgSddQvzZpkof5I4
115,2017-04-08,116,Down,Supermarket Flowers,Ed Sheeran,672230,https://i.scdn.co/image/ab67616d00004851ba5db46f4b838ef6027e6f96,https://open.spotify.com/track/4VuS959DSpr82t3qBqCrWG
116,2017-04-08,117,Up,Escápate Conmigo,Wisin,670147,https://i.scdn.co/image/ab67616d000048512b02904e5404ad6069c16a4f,https://open.spotify.com/track/2cnKEkpVUSV4wnjQiTWfH6
117,2017-04-08,118,Up,Human,Rag'n'Bone Man,669618,https://i.scdn.co/image/ab67616d0000485190a788beadaad34ff684d3ec,https://open.spotify.com/track/58zsLZPvfflaiIbNWoA22O
118,2017-04-08,119,Up,Good Life (with G-Eazy & Kehlani),G-Eazy,667162,https://i.scdn.co/image/ab67616d00004851fcc36f9c0515e6e7faa2030b,https://open.spotify.com/track/1Eck97uRMlprKOOJN9oO1E
119,2017-04-08,120,Down,Love On The Brain,Rihanna,663392,https://i.scdn.co/image/ddc285ca9817c96c7719b3f2a759e108787db021,https://open.spotify.com/track/2aksifNn5ph8igDOkPBA02
120,2017-04-08,121,Down,Redbone,Childish Gambino,662862,https://i.scdn.co/image/ab67616d000048510b97e56ffad7c6211aa848f8,https://open.spotify.com/track/3kxfsdsCpFgN412fpnW85Y
121,2017-04-08,122,Down,History,Olivia Holt,656088,https://i.scdn.co/image/ab67616d000048519e21eab426152ef9078d6b94,https://open.spotify.com/track/0WCEaydwN65cvwaW8aqptF
122,2017-04-08,123,Down,All Night (feat. Knox Fortune),Chance the Rapper,654834,https://i.scdn.co/image/ab67616d00004851e71dd15fc5bdefd5bff70452,https://open.spotify.com/track/60xaS8mYBKUW4VQQ666N0T
123,2017-04-08,124,Up,Mercy,Shawn Mendes,651844,https://i.scdn.co/image/ab67616d00004851188e6332f32088921ab1eaf8,https://open.spotify.com/track/4TZy1wLyHec06pwgFYDh1a
124,2017-04-08,125,Down,KMT,Drake,640825,https://i.scdn.co/image/6dfd956b9331fa9ea1f47ebb95311951ed72b3db,https://open.spotify.com/track/2jTujnt0y344ai1rNOywgr
125,2017-04-08,126,Down,How Would You Feel (Paean),Ed Sheeran,633174,https://i.scdn.co/image/ab67616d00004851ba5db46f4b838ef6027e6f96,https://open.spotify.com/track/6PJ8FF6UR8FZXfEvpHkIVN
126,2017-04-08,127,Up,Broccoli (feat. Lil Yachty),DRAM,633050,https://i.scdn.co/image/ab67616d00004851f02a1575a59bd05998826351,https://open.spotify.com/track/7yyRTcZmCiyzzJlNzGC9Ol
127,2017-04-08,128,Up,Bad Things (with Camila Cabello),Machine Gun Kelly,632523,https://i.scdn.co/image/d5f976093a4dcbc5ea9d4c04b414207f8bdce469,https://open.spotify.com/track/1PSBzsahR2AKwLJgx8ehBj
128,2017-04-08,129,Up,We Don't Talk Anymore,Charlie Puth,629925,https://i.scdn.co/image/ab67616d00004851c0e28105f0533c52717c46c2,https://open.spotify.com/track/68EMU2RD1ECNeOeJ5qAXCV
129,2017-04-08,130,Up,Cheap Thrills,Sia,629646,https://i.scdn.co/image/ab67616d0000485149e0134c686547c28b7c999f,https://open.spotify.com/track/27SdWb2rFzO6GWiYDBTD9j
130,2017-04-08,131,Down,Madiba Riddim,Drake,624330,https://i.scdn.co/image/6dfd956b9331fa9ea1f47ebb95311951ed72b3db,https://open.spotify.com/track/76gUmNLXGQVOsGhfcshkFP
131,2017-04-08,132,Up,Stressed Out,Twenty One Pilots,622871,https://i.scdn.co/image/ab67616d00004851de03bfc2991fd5bcfde65ba3,https://open.spotify.com/track/3CRDbSIZ4r5MsZ0YwxuEkn
132,2017-04-08,133,Up,All We Know,The Chainsmokers,616879,https://i.scdn.co/image/ab67616d00004851ff8d8c5662a96d41433e9ee1,https://open.spotify.com/track/2rizacJSyD9S1IQUxUxnsK
133,2017-04-08,134,Up,Shed a Light,Robin Schulz,615649,https://i.scdn.co/image/ab67616d000048517be189f322bc8155c103d6c9,https://open.spotify.com/track/1cG0umU5TKStygKsPFZ9pY
134,2017-04-08,135,Up,Be the One,Dua Lipa,614500,https://i.scdn.co/image/ab67616d000048516b915e407b70e121e06fe979,https://open.spotify.com/track/7FCfMXYTIiQ9b4hDYs4Iol
135,2017-04-08,136,Up,Faded,Alan Walker,611099,https://i.scdn.co/image/ab67616d00004851c4d00cac55ae1b4598c9bc90,https://open.spotify.com/track/7gHs73wELdeycvS48JfIos
136,2017-04-08,137,Up,Vacaciones,Wisin,610734,https://i.scdn.co/image/ab67616d00004851c85f0d16973e9dae6f8a786c,https://open.spotify.com/track/3dQDid3IUNhZy1OehIfYfE
137,2017-04-08,138,Up,Ride,Twenty One Pilots,607942,https://i.scdn.co/image/ab67616d00004851de03bfc2991fd5bcfde65ba3,https://open.spotify.com/track/2Z8WuEywRWYTKe1NybPQEW
138,2017-04-08,139,Up,This Is What You Came For,Calvin Harris,604945,https://i.scdn.co/image/ab67616d00004851d9aa52355e062f5de060adbf,https://open.spotify.com/track/0azC730Exh71aQlOt9Zj3y
139,2017-04-08,140,Down,Photograph,Ed Sheeran,604852,https://i.scdn.co/image/ab67616d00004851d08209944468440145f01524,https://open.spotify.com/track/6fxVffaTuwjgEk5h9QyRjy
140,2017-04-08,141,Down,Don't Leave,Snakehips,604245,https://i.scdn.co/image/ab67616d00004851b72a28b6f92b180a8a423e29,https://open.spotify.com/track/0Zx8khUcEfCFK2AEoIhC92
141,2017-04-08,142,Down,Sacrifices,Drake,603909,https://i.scdn.co/image/6dfd956b9331fa9ea1f47ebb95311951ed72b3db,https://open.spotify.com/track/0xl1w2q4VLojeXp4JfazPL
142,2017-04-08,143,Up,Alguien Robo,Sebastian Yatra,600492,https://i.scdn.co/image/ab67616d0000485135e1cf8c70c60dc416956c17,https://open.spotify.com/track/5i50gKdLAjjIr7UxRT5IVy
143,2017-04-08,144,Up,Te Quiero Pa´Mi,Don Omar,598434,https://i.scdn.co/image/ab67616d00004851d0cb2a58e3bf5d7ac5ece16f,https://open.spotify.com/track/3BY2mafsbsoKGqS380Xnuz
144,2017-04-08,145,Down,Moves,Big Sean,596130,https://i.scdn.co/image/695d0c097d8463ccc2c2b9855fe44e3e9e7bc267,https://open.spotify.com/track/0Fv5N0cHBsl4bzCbollCAS
145,2017-04-08,146,Up,Caroline,Aminé,594698,https://i.scdn.co/image/ab67616d00004851a7f01ef25974c10cdbbd566e,https://open.spotify.com/track/5GFDrUTLGJix84sNhjCG0g
146,2017-04-08,147,Down,Nancy Mulligan,Ed Sheeran,591440,https://i.scdn.co/image/ab67616d00004851ba5db46f4b838ef6027e6f96,https://open.spotify.com/track/35QZaWQRkmnAVqBF1TLCxQ
147,2017-04-08,148,Up,Work from Home (feat. Ty Dolla $ign),Fifth Harmony,590171,https://i.scdn.co/image/ab67616d00004851d03fa6f4e758282b7920b5c8,https://open.spotify.com/track/4tCtwWceOPWzenK2HAIJSb
148,2017-04-08,149,Down,I Got You,Bebe Rexha,585526,https://i.scdn.co/image/ab67616d00004851809adcbcfe88c94fd2a706c1,https://open.spotify.com/track/1FUViuNSldssMIawrOXF2i
149,2017-04-08,150,Up,Alone,Alan Walker,584835,https://i.scdn.co/image/ab67616d00004851f00ade2f88d8223521bc7f76,https://open.spotify.com/track/0JiVRyTJcJnmlwCZ854K4p
150,2017-04-08,151,Down,No Long Talk,Drake,583246,https://i.scdn.co/image/6dfd956b9331fa9ea1f47ebb95311951ed72b3db,https://open.spotify.com/track/6CfrYuD3YRDYdYvH9jNtXY
151,2017-04-08,152,Up,Traicionera,Sebastian Yatra,582978,https://i.scdn.co/image/ab67616d00004851dbe5e9f934a9be5db8884c52,https://open.spotify.com/track/5J1c3M4EldCfNxXwrwt8mT
152,2017-04-08,153,Down,The Heart Part 4,Kendrick Lamar,581178,https://i.scdn.co/image/ab67616d00004851b276b47f7d919215a26f1d6a,https://open.spotify.com/track/1zayuwd1YLZsYDArkruHdL
153,2017-04-08,154,Flat,Love Yourself,Justin Bieber,581046,https://i.scdn.co/image/ab67616d00004851b6d9a4fbb0bd49f0f034aead,https://open.spotify.com/track/3hB5DgAiMAQ4DzYbsMq1IT
154,2017-04-08,155,Down,Thinking out Loud,Ed Sheeran,580419,https://i.scdn.co/image/ab67616d00004851d08209944468440145f01524,https://open.spotify.com/track/1Slwb6dOYkBlWal1PGtnNg
155,2017-04-08,156,Down,Everybody,Logic,575441,https://i.scdn.co/image/08f9ccb7875a87c07c79c1ccd5319263786c55ea,https://open.spotify.com/track/7cGFbx7MP0H23iHZTZpqMM
156,2017-04-08,157,Up,Sorry,Justin Bieber,573357,https://i.scdn.co/image/ab67616d00004851b6d9a4fbb0bd49f0f034aead,https://open.spotify.com/track/69bp2EbF7Q2rqc5N3ylezZ
157,2017-04-08,158,Down,Scars To Your Beautiful,Alessia Cara,571679,https://i.scdn.co/image/5b9e5bd34ec840f07c8530e43a76b1b5e08d8b77,https://open.spotify.com/track/0prNGof3XqfTvNDxHonvdK
158,2017-04-08,159,Down,Perfect Strangers,Jonas Blue,570825,https://i.scdn.co/image/ab67616d0000485179882e87678a76bc1d895e94,https://open.spotify.com/track/1CUVN2kn7mW5FjkqXTR2W1
159,2017-04-08,160,Down,At My Best (feat. Hailee Steinfeld),Machine Gun Kelly,563988,https://i.scdn.co/image/d5f976093a4dcbc5ea9d4c04b414207f8bdce469,https://open.spotify.com/track/77lGafvlU68CeHgB2pkHC9
160,2017-04-08,161,Up,No Lie,Sean Paul,560307,https://i.scdn.co/image/ab67616d000048514782809e4cd19cefc99048f7,https://open.spotify.com/track/3cFsmM51N5zMAuu1nNY4Tw
161,2017-04-08,162,Up,This Girl (Kungs Vs. Cookin' On 3 Burners) - Kungs Vs. Cookin' On 3 Burners,Kungs,546627,https://i.scdn.co/image/ab67616d00004851f504cc56f3bd99bc61929272,https://open.spotify.com/track/0tICYNayWWhH9GPeFrfjfD
162,2017-04-08,163,Up,Water Under the Bridge,Adele,545219,https://i.scdn.co/image/ab67616d000048514c3bbcff5e7248e415548f12,https://open.spotify.com/track/4vb4mFvYsr2h6enhjJsq9Y
163,2017-04-08,164,Up,Panda,Desiigner,543698,https://i.scdn.co/image/ab67616d000048513df69bfb7713d8262820612b,https://open.spotify.com/track/5OOkp4U9P9oL23maHFHL1h
164,2017-04-08,165,Up,La Bicicleta,Carlos Vives,538724,https://i.scdn.co/image/ab67616d00004851d05d3aad30c5fb7614893cf5,https://open.spotify.com/track/0sXvAOmXgjR2QUqLK1MltU
165,2017-04-08,166,Up,Ahora Dice,Chris Jeday,531241,https://i.scdn.co/image/ab67616d000048513a142c7e7fc7863dc1a256ed,https://open.spotify.com/track/22eADXu8DfOAUEDw4vU8qy
166,2017-04-08,167,Up,TG4M,Zara Larsson,529984,https://i.scdn.co/image/ab67616d000048519e1683774b22648f4f178ed3,https://open.spotify.com/track/4uoumbAMEMaKdtiv763jKz
167,2017-04-08,168,Down,4422,Drake,529694,https://i.scdn.co/image/6dfd956b9331fa9ea1f47ebb95311951ed72b3db,https://open.spotify.com/track/2fkeWbM6iqTw7oGHTYm2lw
168,2017-04-08,169,Up,Dile Que Tu Me Quieres,Ozuna,517220,https://i.scdn.co/image/ab67616d0000485133bbd31551e01896f58d688f,https://open.spotify.com/track/20ZAJdsKB5IGbGj4ilRt2o
169,2017-04-08,170,Up,Down,Marian Hill,517216,https://i.scdn.co/image/ab67616d00004851c989c526b15cacc1a579a9c7,https://open.spotify.com/track/2dqLk7ezV15LEJEwUmEbXB
170,2017-04-08,171,Down,Do Not Disturb,Drake,514984,https://i.scdn.co/image/6dfd956b9331fa9ea1f47ebb95311951ed72b3db,https://open.spotify.com/track/2KvHC9z14GSl4YpkNMX384
171,2017-04-08,172,Up,Lean On (feat. MØ & DJ Snake),Major Lazer,514951,https://i.scdn.co/image/ab67616d000048519f55dad3a63f72f1bc8d6f59,https://open.spotify.com/track/4WjH9Bzt3kx7z8kl0awxh4
172,2017-04-08,173,Down,Party Monster,The Weeknd,511799,https://i.scdn.co/image/6aeaaebcbd861c8369b14366e8e0eca2fe96055d,https://open.spotify.com/track/4F7A0DXBrmUAkp32uenhZt
173,2017-04-08,174,Up,Sunset Lover,Petit Biscuit,507978,https://i.scdn.co/image/ab67616d00004851014080d39d56c94c0b285362,https://open.spotify.com/track/0hNduWmlWmEmuwEFcYvRu1
174,2017-04-08,175,Down,Jorja Interlude,Drake,507228,https://i.scdn.co/image/6dfd956b9331fa9ea1f47ebb95311951ed72b3db,https://open.spotify.com/track/13e6f8t7RKXuxZ0JdaaJRG
175,2017-04-08,176,Up,No Problem (feat. Lil Wayne & 2 Chainz),Chance the Rapper,506861,https://i.scdn.co/image/ab67616d00004851e71dd15fc5bdefd5bff70452,https://open.spotify.com/track/0v9Wz8o0BT8DU38R4ddjeH
176,2017-04-08,177,Up,"Sucker For Pain (with Wiz Khalifa, Imagine Dragons, Logic & Ty Dolla $ign feat. X Ambassadors)",Lil Wayne,505626,https://i.scdn.co/image/ab67616d000048517d8dfcfd507069d7f2062caf,https://open.spotify.com/track/4dASQiO1Eoo3RJvt74FtXB
177,2017-04-08,178,Down,Versace on the Floor,Bruno Mars,505244,https://i.scdn.co/image/ab67616d00004851232711f7d66a1e19e89e28c5,https://open.spotify.com/track/0kN8xEmgMW9mh7UmDYHlJP
178,2017-04-08,179,Up,X (feat. Future),21 Savage,501497,https://i.scdn.co/image/ab67616d000048512dd1ac4a61495080ef8f78ca,https://open.spotify.com/track/6fwdbPMwP1zVStm8FybmkO
179,2017-04-08,180,Down,Hearts Don't Break Around Here,Ed Sheeran,501204,https://i.scdn.co/image/ab67616d00004851ba5db46f4b838ef6027e6f96,https://open.spotify.com/track/2dfHh7ECGxfNqZTQno09Vk
180,2017-04-08,181,Down,By Your Side,Jonas Blue,499065,https://i.scdn.co/image/ab67616d00004851bd4b658f3aead04637924c28,https://open.spotify.com/track/1D3ODoXHBLpdxolZRHWV1j
181,2017-04-08,182,Up,Lumbra,Cali Y El Dandee,497497,https://i.scdn.co/image/ab67616d000048511b871ef4de91bd38cac024d1,https://open.spotify.com/track/6VHdcVbiKLYYOcMbIqBcuK
182,2017-04-08,183,Up,Cake By The Ocean,DNCE,496635,https://i.scdn.co/image/ab67616d00004851a19a2912e1618ada66b2e6e8,https://open.spotify.com/track/2aFiaMXmWsM3Vj72F9ksBl
183,2017-04-08,184,Down,DEVASTATED,Joey Bada$$,496608,https://i.scdn.co/image/ab67616d000048516a3c1e51a7d2a2a7fbe172a1,https://open.spotify.com/track/4ntsD33Pgsgk8rUyZLLiUV
184,2017-04-08,185,Up,Deja vu,Prince Royce,496180,https://i.scdn.co/image/ab67616d000048516c1180ae683cc09d840a9163,https://open.spotify.com/track/46HdsiK0uR26B2dY9QPzda
185,2017-04-08,186,New,Obsession (feat. Jon Bellion),Vice,495974,https://i.scdn.co/image/ab67616d00004851db6496aa86b190fb114b9d0c,https://open.spotify.com/track/5pvVAwQbuFoR7LkcicrKnk
186,2017-04-08,187,Up,7 Years,Lukas Graham,495483,https://i.scdn.co/image/ab67616d0000485104d59cefa11f0eee9f1877a5,https://open.spotify.com/track/7129iqBafaphfc3WPCGC0L
187,2017-04-08,188,Up,Light It Up (feat. Nyla & Fuse ODG) - Remix,Major Lazer,493686,https://i.scdn.co/image/ab67616d00004851751a2e5da4333e86814026ba,https://open.spotify.com/track/0L7loeTIg6akW84aEQZpCT
188,2017-04-08,189,Down,Gyal You A Party Animal - Remix,Charly Black,491637,https://i.scdn.co/image/ab67616d0000485131a026a9d39e08006ddfb138,https://open.spotify.com/track/1AkTW13ysu0AJrwuM6UY0I
189,2017-04-08,190,New,do re mi,blackbear,491177,https://i.scdn.co/image/25560e082d8ff78217dd6594d18f827a4049cc63,https://open.spotify.com/track/3Q3myFA7q4Op95DOpHplaY
190,2017-04-08,191,New,Andas En Mi Cabeza,Chino & Nacho,487542,https://i.scdn.co/image/ab67616d0000485166dad4487da6fc0dced2d0c6,https://open.spotify.com/track/5mey7CLLuFToM2P68Qu1gF
191,2017-04-08,192,Down,The Other,Lauv,483833,https://i.scdn.co/image/ab67616d000048513c6e07056b26bb9804a596da,https://open.spotify.com/track/1lntL1cI2UIWlxjL5QiN8g
192,2017-04-08,193,New,I Would Like,Zara Larsson,482066,https://i.scdn.co/image/ab67616d000048519e1683774b22648f4f178ed3,https://open.spotify.com/track/4Q4jmPHwu0wrJvqrld0FQ6
193,2017-04-08,194,Up,Too Good,Drake,480568,https://i.scdn.co/image/ab67616d00004851726abca207567d5e41cb9667,https://open.spotify.com/track/11KJSRSgaDxqydKYiD2Jew
194,2017-04-08,195,Down,Eraser,Ed Sheeran,477341,https://i.scdn.co/image/ab67616d00004851ba5db46f4b838ef6027e6f96,https://open.spotify.com/track/7oolFzHipTMg2nL7shhdz2
195,2017-04-08,196,Down,Ice Melts,Drake,473727,https://i.scdn.co/image/6dfd956b9331fa9ea1f47ebb95311951ed72b3db,https://open.spotify.com/track/7bJ4mu7MHa3rHiNyKjOoSl
196,2017-04-08,197,Up,I Love You,Axwell /\ Ingrosso,471606,https://i.scdn.co/image/ab67616d00004851c9565af11453132958687a20,https://open.spotify.com/track/11Fo4dAH31K7UZHGqCkCmE
197,2017-04-08,198,Down,美女と野獣,Ariana Grande,465059,https://i.scdn.co/image/ab67616d00004851d5a45b435ecafffdede5fd28,https://open.spotify.com/track/1KT0xdIjm7t053xByACrrg
198,2017-04-08,199,Down,Sooner Or Later,Aaron Carter,464944,https://i.scdn.co/image/ab67616d000048511f7d1e684ec89fe11a4fdc37,https://open.spotify.com/track/6wV12xIUb8oFY7lBy4KuQe
199,2017-04-08,200,New,Lush Life,Zara Larsson,460710,https://i.scdn.co/image/ab67616d000048519e1683774b22648f4f178ed3,https://open.spotify.com/track/1rIKgCH4H52lrvDcz50hS8
