,Date,Position,Trend,Title,Artist,Streams,Icon_URL,Spotify_URL
0,2017-04-12,1,Flat,Shape of You,Ed Sheeran,5864254,https://i.scdn.co/image/ab67616d00004851ba5db46f4b838ef6027e6f96,https://open.spotify.com/track/7qiZfU4dY1lWllzX7mPBI3
1,2017-04-12,2,Flat,Something Just Like This,The Chainsmokers,4299214,https://i.scdn.co/image/ab67616d000048510c13d3d5a503c84fcc60ae94,https://open.spotify.com/track/6RUKPb4LETWmmr3iAEQktW
2,2017-04-12,3,Flat,It Ain't Me (with Selena Gomez),Kygo,3783416,https://i.scdn.co/image/ab67616d0000485141f289940f2e6a0d51988d77,https://open.spotify.com/track/3eR23VReFzcdmS7TYCrhCe
3,2017-04-12,4,Flat,HUMBLE.,Kendrick Lamar,3754509,https://i.scdn.co/image/ae1f239b41e9604a66eb900834c6887cd2f62ff1,https://open.spotify.com/track/7KXjTSCq5nL1LoYtL7XAwS
4,2017-04-12,5,Up,Passionfruit,Drake,3704605,https://i.scdn.co/image/ab67616d000048515ea859dc94365abd9fd84fd6,https://open.spotify.com/track/7hDc8b7IXETo14hHIHdnhd
5,2017-04-12,6,Down,Mask Off,Future,3689149,https://i.scdn.co/image/ab67616d00004851356884f85665ebdd79223fdf,https://open.spotify.com/track/3rOSwuTsUlJp0Pu0MkN8r8
6,2017-04-12,7,Flat,That's What I Like,Bruno Mars,3343498,https://i.scdn.co/image/ab67616d00004851232711f7d66a1e19e89e28c5,https://open.spotify.com/track/0KKkJNfGyhkQ5aFogxQAPU
7,2017-04-12,8,Flat,Stay (with Alessia Cara),Zedd,3277982,https://i.scdn.co/image/ab67616d0000485191a70f95efc3400f696e89cc,https://open.spotify.com/track/0dA2Mk56wEzDgegdC6R17g
8,2017-04-12,9,Flat,Symphony (feat. Zara Larsson),Clean Bandit,3063716,https://i.scdn.co/image/ab67616d000048515b1130d050c4cd2295999d85,https://open.spotify.com/track/1x5sYLZiu9r5E43kMlt9f8
9,2017-04-12,10,Up,Despacito (Featuring Daddy Yankee),Luis Fonsi,3040703,https://i.scdn.co/image/ab67616d00004851a5971936e3b8d91f8b616b17,https://open.spotify.com/track/4aWmUDTfIPGksMNLV2rQP2
10,2017-04-12,11,Down,Paris,The Chainsmokers,3028503,https://i.scdn.co/image/ab67616d000048510c13d3d5a503c84fcc60ae94,https://open.spotify.com/track/72jbDTw1piOOj770jWNeaG
11,2017-04-12,12,Flat,Galway Girl,Ed Sheeran,2718899,https://i.scdn.co/image/ab67616d00004851ba5db46f4b838ef6027e6f96,https://open.spotify.com/track/0afhq8XCExXpqazXczTSve
12,2017-04-12,13,Flat,Sign of the Times,Harry Styles,2618311,https://i.scdn.co/image/ab67616d000048516c619c39c853f8b1d67b7859,https://open.spotify.com/track/5Ohxk2dO5COHF1krpoPigN
13,2017-04-12,14,Flat,Slide,Calvin Harris,2540450,https://i.scdn.co/image/ab67616d000048514d3fa5ce7ba599f4fd7803ef,https://open.spotify.com/track/7tr2za8SQg2CI8EDgrdtNl
14,2017-04-12,15,Up,Swalla (feat. Nicki Minaj & Ty Dolla $ign),Jason Derulo,2474028,https://i.scdn.co/image/ab67616d000048519d6522bee68370fa5592301d,https://open.spotify.com/track/6kex4EBAj0WHXDKZMEJaaF
15,2017-04-12,16,Flat,Scared to Be Lonely,Martin Garrix,2457245,https://i.scdn.co/image/ab67616d0000485164f8a309aa3c0a66a31fc374,https://open.spotify.com/track/3ebXMykcMXOcLeJ9xZ17XH
16,2017-04-12,17,Down,Issues,Julia Michaels,2450330,https://i.scdn.co/image/ab67616d000048519615e35e0e9e4b2c3dccb520,https://open.spotify.com/track/1sXUWdKx03aP9Gmzft58rt
17,2017-04-12,18,Up,"I Don’t Wanna Live Forever (Fifty Shades Darker) - From ""Fifty Shades Darker (Original Motion Picture Soundtrack)""",ZAYN,2080946,https://i.scdn.co/image/ab67616d000048512ae921f082ae5db4d3da818f,https://open.spotify.com/track/3NdDpSvN911VPGivFlV5d0
18,2017-04-12,19,Up,You Don't Know Me - Radio Edit,Jax Jones,2067951,https://i.scdn.co/image/ab67616d00004851dd05a1716e2f07a07b8ccfe3,https://open.spotify.com/track/00lNx0OcTJrS3MKHcB80HY
19,2017-04-12,20,Down,The One,The Chainsmokers,2065889,https://i.scdn.co/image/ab67616d000048510c13d3d5a503c84fcc60ae94,https://open.spotify.com/track/0wfbD5rAksdXUzRvMfM3x5
20,2017-04-12,21,Flat,Cold,Maroon 5,2030604,https://i.scdn.co/image/ab67616d000048514727f9e79c338683c5bf8921,https://open.spotify.com/track/5NNlUMcOEOdoOIwwaWXv0k
21,2017-04-12,22,Flat,iSpy (feat. Lil Yachty),KYLE,2024345,https://i.scdn.co/image/ab67616d0000485132e373f2988bc6596a542d1c,https://open.spotify.com/track/2EEeOnHehOozLq4aS0n6SL
22,2017-04-12,23,Flat,XO TOUR Llif3,Lil Uzi Vert,1970575,https://i.scdn.co/image/ab67616d0000485115531ec8568373f631db9786,https://open.spotify.com/track/2eMwDehkIC1j68U6FA3Eiq
23,2017-04-12,24,Flat,Believer,Imagine Dragons,1968435,https://i.scdn.co/image/ab67616d000048517956bd9a3d7a15e4c2e37cc6,https://open.spotify.com/track/0CcQNd8CINkwQfe1RDtGV6
24,2017-04-12,25,Flat,Rockabye (feat. Sean Paul & Anne-Marie),Clean Bandit,1960949,https://i.scdn.co/image/ab67616d000048511431c3bdf16aa99f71799d95,https://open.spotify.com/track/5knuzwU65gJK7IF5yJsuaW
25,2017-04-12,26,Up,Call On Me - Ryan Riback Extended Remix,Starley,1767503,https://i.scdn.co/image/ab67616d000048519d4079afc73664f86f055400,https://open.spotify.com/track/78rIJddV4X0HkNAInEcYde
26,2017-04-12,27,Down,Castle on the Hill,Ed Sheeran,1735304,https://i.scdn.co/image/ab67616d00004851ba5db46f4b838ef6027e6f96,https://open.spotify.com/track/6PCUP3dWmTjcTtXY02oFdT
27,2017-04-12,28,Flat,Solo Dance,Martin Jensen,1725630,https://i.scdn.co/image/ab67616d00004851950d67dbe3f31f1d9a5d06a2,https://open.spotify.com/track/6HUnnBwYZqcED1eQztxMBN
28,2017-04-12,29,Up,I Feel It Coming,The Weeknd,1699433,https://i.scdn.co/image/b3683184efeb899b2d1a02f4957d0c630dc10b0b,https://open.spotify.com/track/5GXAXm5YOmYT0kL5jHvYBt
29,2017-04-12,30,Up,Chained To The Rhythm,Katy Perry,1673780,https://i.scdn.co/image/ab67616d000048511487979a7e0181a5d0406d1a,https://open.spotify.com/track/6520aj0B4FSKGVuKNsOCOi
30,2017-04-12,31,Down,Closer,The Chainsmokers,1671462,https://i.scdn.co/image/ab67616d00004851495ce6da9aeb159e94eaa453,https://open.spotify.com/track/7BKLCZ1jbUBVqRi2FVlTVw
31,2017-04-12,32,Up,SUBEME LA RADIO,Enrique Iglesias,1658690,https://i.scdn.co/image/ab67616d000048515366ff028970205a29d558ed,https://open.spotify.com/track/7nKBxz47S9SD79N086fuhn
32,2017-04-12,33,Down,Portland,Drake,1641073,https://i.scdn.co/image/6dfd956b9331fa9ea1f47ebb95311951ed72b3db,https://open.spotify.com/track/2bjwRfXMk4uRgOD9IBYl9h
33,2017-04-12,34,Flat,Location,Khalid,1593184,https://i.scdn.co/image/ab67616d00004851988ede5e1276e758b5f9e577,https://open.spotify.com/track/152lZdxL1OR0ZMW6KquMif
34,2017-04-12,35,Flat,Say You Won't Let Go,James Arthur,1555705,https://i.scdn.co/image/ab67616d0000485120beb61f61fcbeb33b10a9ab,https://open.spotify.com/track/5uCax9HTNlzGybIStD3vDh
35,2017-04-12,36,Flat,Green Light,Lorde,1536978,https://i.scdn.co/image/ab67616d0000485128e1139fd3a34626351b9004,https://open.spotify.com/track/0gbBzIqrECJOEPvQJIBFs5
36,2017-04-12,37,Up,Congratulations,Post Malone,1529756,https://i.scdn.co/image/23bae95100dcb6ac8f88c19fa2a11c50a998a926,https://open.spotify.com/track/3a1lNhkSLSkpJE4MSHpDu9
37,2017-04-12,38,Down,Starboy,The Weeknd,1508846,https://i.scdn.co/image/ab67616d000048510c8599cbde51245c128bcea9,https://open.spotify.com/track/5aAx2yezTd8zXrkmtKl66Z
38,2017-04-12,39,Up,Me Rehúso,Danny Ocean,1468372,https://i.scdn.co/image/ab67616d00004851a75bd33684083600569dd3bf,https://open.spotify.com/track/6De0lHrwBfPfrhorm9q1Xl
39,2017-04-12,40,Down,Perfect,Ed Sheeran,1455344,https://i.scdn.co/image/ab67616d00004851ba5db46f4b838ef6027e6f96,https://open.spotify.com/track/0tgVpDi06FyKpA1z0VMD4v
40,2017-04-12,41,Up,Selfish (feat. Rihanna),Future,1440836,https://i.scdn.co/image/ab67616d00004851968822b495da180d0792a437,https://open.spotify.com/track/2Ce5IyMlVRVvN997ZJjJJA
41,2017-04-12,42,Up,Chantaje (feat. Maluma),Shakira,1413175,https://i.scdn.co/image/ab67616d00004851d05d3aad30c5fb7614893cf5,https://open.spotify.com/track/6mICuAdrwEjh6Y6lroV2Kg
42,2017-04-12,43,Flat,Tunnel Vision,Kodak Black,1412119,https://i.scdn.co/image/ab67616d000048511541a676423805fc68ff3e66,https://open.spotify.com/track/4Q3N4Ct4zCuIHuZ65E3BD4
43,2017-04-12,44,Up,Now Or Never,Halsey,1411378,https://i.scdn.co/image/ab67616d000048519357ea2dbe932b47fe8149d6,https://open.spotify.com/track/0Nhu3zSYbEz32IYiobV75e
44,2017-04-12,45,Flat,El Amante,Nicky Jam,1401877,https://i.scdn.co/image/ab67616d00004851d77dbcd4dbd37cdfa61771fa,https://open.spotify.com/track/3umS4y3uQDkqekNjVpiRUs
45,2017-04-12,46,Down,Run Up (feat. PARTYNEXTDOOR & Nicki Minaj),Major Lazer,1388361,https://i.scdn.co/image/ab67616d000048518036d7402a6a76aed04f1f98,https://open.spotify.com/track/0fg8CqpjdojMyXLNzM2PaJ
46,2017-04-12,47,Down,Weak,AJR,1321141,https://i.scdn.co/image/ab67616d00004851c5f3ca405ff6ed13dc554b94,https://open.spotify.com/track/3E2Zh20GDCR9B1EYjfXWyv
47,2017-04-12,48,Down,Fake Love,Drake,1297682,https://i.scdn.co/image/6dfd956b9331fa9ea1f47ebb95311951ed72b3db,https://open.spotify.com/track/343YBumqHu19cGoGARUTsd
48,2017-04-12,49,Down,Happier,Ed Sheeran,1258702,https://i.scdn.co/image/ab67616d00004851ba5db46f4b838ef6027e6f96,https://open.spotify.com/track/2RttW7RAu5nOAfq6YFvApB
49,2017-04-12,50,Flat,Blem,Drake,1249244,https://i.scdn.co/image/6dfd956b9331fa9ea1f47ebb95311951ed72b3db,https://open.spotify.com/track/2XlHu0HcujBCkWMdIAvrqt
50,2017-04-12,51,Up,Still Got Time,ZAYN,1204596,https://i.scdn.co/image/ab67616d000048513bfd914f72da2ed8822a634f,https://open.spotify.com/track/000xQL6tZNLJzIrtIgxqSl
51,2017-04-12,52,Down,"How Far I'll Go - From ""Moana""",Alessia Cara,1186511,https://i.scdn.co/image/ab67616d00004851fb128b1eda22335050f584fe,https://open.spotify.com/track/5hYTyyh2odQKphUbMqc5gN
52,2017-04-12,53,Flat,September Song,JP Cooper,1158292,https://i.scdn.co/image/ab67616d000048511400ec742ee0935608e30700,https://open.spotify.com/track/0FuTx2s3YH1ppmtiM6l0zI
53,2017-04-12,54,Flat,Bad and Boujee (feat. Lil Uzi Vert),Migos,1102214,https://i.scdn.co/image/ab67616d0000485199a8ab6da9d593939302828a,https://open.spotify.com/track/4Km5HrUvYTaSUfiSGPJeQR
54,2017-04-12,55,Up,Touch,Little Mix,1099993,https://i.scdn.co/image/ab67616d000048512318bbb0586903290db2b270,https://open.spotify.com/track/5Ua3GXyHwiSfpNTMjq6m2z
55,2017-04-12,56,Down,Let Me Love You,DJ Snake,1074800,https://i.scdn.co/image/ab67616d000048515045de6786e0af096de73ed4,https://open.spotify.com/track/4pdPtRcBmOSQDlJ3Fk945m
56,2017-04-12,57,Flat,Bounce Back,Big Sean,1069898,https://i.scdn.co/image/695d0c097d8463ccc2c2b9855fe44e3e9e7bc267,https://open.spotify.com/track/0SGkqnVQo9KPytSri1H6cF
57,2017-04-12,58,Up,One Dance,Drake,1037720,https://i.scdn.co/image/ab67616d00004851726abca207567d5e41cb9667,https://open.spotify.com/track/1xznGGDReH1oQq0xzbwXa3
58,2017-04-12,59,Down,Gyalchester,Drake,989342,https://i.scdn.co/image/6dfd956b9331fa9ea1f47ebb95311951ed72b3db,https://open.spotify.com/track/6UjfByV1lDLW0SOVQA4NAi
59,2017-04-12,60,Up,Tuesday,Burak Yeter,953708,https://i.scdn.co/image/069b0b8dc1285ba4d2bd7f2536abfce84598d130,https://open.spotify.com/track/7abpmGpF7PGep2rDU68GBR
60,2017-04-12,61,Flat,Body Like A Back Road,Sam Hunt,945105,https://i.scdn.co/image/ab67616d000048519eccbdab1110afc4d5a186a8,https://open.spotify.com/track/7mldq42yDuxiUNn08nvzHO
61,2017-04-12,62,Up,24K Magic,Bruno Mars,934488,https://i.scdn.co/image/ab67616d00004851232711f7d66a1e19e89e28c5,https://open.spotify.com/track/6b8Be6ljOzmkOmFslEb23P
62,2017-04-12,63,Up,No Promises (feat. Demi Lovato),Cheat Codes,932992,https://i.scdn.co/image/ab67616d00004851e74ecdb2f1316c8f026970a8,https://open.spotify.com/track/1louJpMmzEicAn7lzDalPW
63,2017-04-12,64,Up,Otra vez (feat. J Balvin),Zion & Lennox,927350,https://i.scdn.co/image/ab67616d0000485182eabf564ddc57325a84dd50,https://open.spotify.com/track/3QwBODjSEzelZyVjxPOHdq
64,2017-04-12,65,Up,Reggaetón Lento (Bailemos),CNCO,912966,https://i.scdn.co/image/ab67616d000048517db0f7ac4c612cce26ccacf9,https://open.spotify.com/track/3AEZUABDXNtecAOSC1qTfo
65,2017-04-12,66,Down,Dive,Ed Sheeran,912140,https://i.scdn.co/image/ab67616d00004851ba5db46f4b838ef6027e6f96,https://open.spotify.com/track/51ChrwmUPDJvedPQnIU8Ls
66,2017-04-12,67,Down,Don't Wanna Know,Maroon 5,909758,https://i.scdn.co/image/ab67616d00004851eec1912bbc2ff74b8203fe5f,https://open.spotify.com/track/5MFzQMkrl1FOOng9tq6R9r
67,2017-04-12,68,Up,Sigo Extrañándote,J Balvin,898582,https://i.scdn.co/image/ab67616d00004851338ffc4c72a192f06070546b,https://open.spotify.com/track/6qDF4wWL49CAVbgT7yuHl8
68,2017-04-12,69,Up,Heatstroke,Calvin Harris,898443,https://i.scdn.co/image/ab67616d000048514d3fa5ce7ba599f4fd7803ef,https://open.spotify.com/track/60APt5N2NRaKWf5xzJdzyC
69,2017-04-12,70,Flat,Starving,Hailee Steinfeld,895371,https://i.scdn.co/image/ab67616d00004851612495ee5769c99125031be2,https://open.spotify.com/track/1qOLh0tI7trd1zdDKxYZTe
70,2017-04-12,71,Down,T-Shirt,Migos,889906,https://i.scdn.co/image/ab67616d0000485199a8ab6da9d593939302828a,https://open.spotify.com/track/7KOlJ92bu51cltsD9KU5I7
71,2017-04-12,72,Up,Swang,Rae Sremmurd,881183,https://i.scdn.co/image/16293ab3b4f9301aeb5f41810fd7056d463db55e,https://open.spotify.com/track/6mapJIPnQ23RTAevUoE0DL
72,2017-04-12,73,Up,Look At Me!,XXXTENTACION,873945,https://i.scdn.co/image/ab67616d0000485125b5901b8bcf902f54d466d9,https://open.spotify.com/track/4ARPvK8DHLwt4oX65ZAFMw
73,2017-04-12,74,Up,La Rompe Corazones,Daddy Yankee,868630,https://i.scdn.co/image/ab67616d00004851b84a36483e43bfbcb931fcde,https://open.spotify.com/track/4okba5wu9mMLXx79DXLKi3
74,2017-04-12,75,Up,Pretty Girl - Cheat Codes X CADE Remix,Maggie Lindemann,866479,https://i.scdn.co/image/ab67616d000048517c7436e1b6273be0e7bc1a84,https://open.spotify.com/track/1NDxZ7cFAo481dtYWdrUnR
75,2017-04-12,76,Down,Break Up Every Night,The Chainsmokers,864318,https://i.scdn.co/image/ab67616d000048510c13d3d5a503c84fcc60ae94,https://open.spotify.com/track/6cPyTS0Kk2sc4xQwC93kOg
76,2017-04-12,77,Down,All Time Low,Jon Bellion,837160,https://i.scdn.co/image/ff06a4138a99d272c24d2f6da9b5ea6067c054db,https://open.spotify.com/track/1CnPYaKxTVb4LWOtiGOm0m
77,2017-04-12,78,Up,Hear Me Now,Alok,826927,https://i.scdn.co/image/e308bad29e4cf6dc8aa5cd97449ef71bbb893d40,https://open.spotify.com/track/1a5Yu5L18qNxVhXx38njON
78,2017-04-12,79,Up,All Night,The Vamps,825611,https://i.scdn.co/image/ab67616d00004851f03c9779c27137669304ea20,https://open.spotify.com/track/1yNyoWWWikbLhwIGWjZuDW
79,2017-04-12,80,Down,Free Smoke,Drake,819116,https://i.scdn.co/image/6dfd956b9331fa9ea1f47ebb95311951ed72b3db,https://open.spotify.com/track/05KOgYg8PGeJyyWBPi5ja8
80,2017-04-12,81,Down,Don't Let Me Down,The Chainsmokers,817681,https://i.scdn.co/image/ab67616d0000485108d87fb54859bc9038f7e5e0,https://open.spotify.com/track/0QsvXIfqM0zZoerQfsI9lm
81,2017-04-12,82,Down,What Do I Know?,Ed Sheeran,814173,https://i.scdn.co/image/ab67616d00004851ba5db46f4b838ef6027e6f96,https://open.spotify.com/track/2pJZ1v8HezrAoZ0Fhzby92
82,2017-04-12,83,Up,Good Life (with G-Eazy & Kehlani),G-Eazy,798449,https://i.scdn.co/image/ab67616d00004851fcc36f9c0515e6e7faa2030b,https://open.spotify.com/track/1Eck97uRMlprKOOJN9oO1E
83,2017-04-12,84,Up,Everyday,Ariana Grande,792278,https://i.scdn.co/image/ab67616d000048517227f5854239a059af211d5b,https://open.spotify.com/track/3FiE2d325mIOc4YjkSLVJR
84,2017-04-12,85,Down,Hey Ma (with Pitbull & J Balvin feat. Camila Cabello) - Spanish Version,Pitbull,791090,https://i.scdn.co/image/ab67616d000048513e40b472d708ea3c6bd86670,https://open.spotify.com/track/2Vdub5mY4lad7w64bFPUez
85,2017-04-12,86,Down,Cold Water (feat. Justin Bieber & MØ),Major Lazer,776203,https://i.scdn.co/image/ab67616d000048512e8f1cca2bc8c9d55930523b,https://open.spotify.com/track/6DNtNfH8hXkqOX1sjqmI7p
86,2017-04-12,87,Down,"Sola (Remix) [feat. Daddy Yankee, Wisin, Farruko, Zion & Lennox]",Anuel AA,775142,https://i.scdn.co/image/ab67616d00004851a66def7d649149464edc8f1e,https://open.spotify.com/track/5q2JbCNi4FcnglgPfxcV65
87,2017-04-12,88,Down,In the Name of Love,Martin Garrix,766153,https://i.scdn.co/image/ab67616d00004851923db3f255cd48a6d5783ebf,https://open.spotify.com/track/04DwTuZ2VBdJCCC5TROn7L
88,2017-04-12,89,Up,"CAN'T STOP THE FEELING! (Original Song from DreamWorks Animation's ""TROLLS"")",Justin Timberlake,755808,https://i.scdn.co/image/ab67616d00004851ef37416970812293c08e8a78,https://open.spotify.com/track/6JV2JOEocMgcZxYSZelKcc
89,2017-04-12,90,Down,goosebumps,Travis Scott,754205,https://i.scdn.co/image/ab67616d00004851f54b99bf27cda88f4a7403ce,https://open.spotify.com/track/6gBFPUFcJLzWGx4lenP6h2
90,2017-04-12,91,Flat,Just Hold On,Steve Aoki,741515,https://i.scdn.co/image/ab67616d0000485122e2ce2de8bad6d67ee69b48,https://open.spotify.com/track/3EmmCZoqpWOTY1g2GBwJoR
91,2017-04-12,92,Down,New Man,Ed Sheeran,737742,https://i.scdn.co/image/ab67616d00004851ba5db46f4b838ef6027e6f96,https://open.spotify.com/track/5HDPtsnyb3maFmPL8LLUTG
92,2017-04-12,93,Up,Side To Side,Ariana Grande,732980,https://i.scdn.co/image/ab67616d000048517227f5854239a059af211d5b,https://open.spotify.com/track/4pLwZjInHj3SimIyN9SnOz
93,2017-04-12,94,Down,Teenage Fever,Drake,710123,https://i.scdn.co/image/6dfd956b9331fa9ea1f47ebb95311951ed72b3db,https://open.spotify.com/track/6n3HGiq4v35D6eFOSwqYuo
94,2017-04-12,95,Up,Redbone,Childish Gambino,707098,https://i.scdn.co/image/ab67616d000048510b97e56ffad7c6211aa848f8,https://open.spotify.com/track/3kxfsdsCpFgN412fpnW85Y
95,2017-04-12,96,Up,Treat You Better,Shawn Mendes,706679,https://i.scdn.co/image/ab67616d00004851188e6332f32088921ab1eaf8,https://open.spotify.com/track/4Hf7WnR761jpxPr5D46Bcd
96,2017-04-12,97,Down,Rolex,Ayo & Teo,706433,https://i.scdn.co/image/ab67616d0000485179dbd95fbdf6b0d617bd32dd,https://open.spotify.com/track/0pSBuHjILhNEo55xK1zrRt
97,2017-04-12,98,Up,Escápate Conmigo,Wisin,702442,https://i.scdn.co/image/ab67616d000048512b02904e5404ad6069c16a4f,https://open.spotify.com/track/2cnKEkpVUSV4wnjQiTWfH6
98,2017-04-12,99,Flat,Me Llamas (feat. Maluma) - Remix,Piso 21,701536,https://i.scdn.co/image/ab67616d000048511e1eafb5d2bb1ca39d26f092,https://open.spotify.com/track/5hEM0JchdVzQ5PwvSfITeX
99,2017-04-12,100,Up,History,Olivia Holt,695926,https://i.scdn.co/image/ab67616d000048519e21eab426152ef9078d6b94,https://open.spotify.com/track/0WCEaydwN65cvwaW8aqptF
100,2017-04-12,101,Up,"Ay Mi Dios (feat. Pitbull, Yandel & Chacal)",IAmChino,688589,https://i.scdn.co/image/ab67616d000048511568fbc07414eb185c58ef62,https://open.spotify.com/track/6stYbAJgTszHAHZMPxWWCY
101,2017-04-12,102,Down,Get It Together,Drake,673397,https://i.scdn.co/image/6dfd956b9331fa9ea1f47ebb95311951ed72b3db,https://open.spotify.com/track/7y6c07pgjZvtHI9kuMVqk1
102,2017-04-12,103,Up,Vente Pa' Ca,Ricky Martin,670578,https://i.scdn.co/image/ab67616d000048513d90f5938459be40b7b6652a,https://open.spotify.com/track/7DM4BPaS7uofFul3ywMe46
103,2017-04-12,104,Up,I Took A Pill In Ibiza - Seeb Remix,Mike Posner,666359,https://i.scdn.co/image/ab67616d0000485140512e02a594e3378c0256e6,https://open.spotify.com/track/17Fd6Yb7mSbinKG8LoWfFl
104,2017-04-12,105,Flat,Love On The Brain,Rihanna,665751,https://i.scdn.co/image/ddc285ca9817c96c7719b3f2a759e108787db021,https://open.spotify.com/track/2aksifNn5ph8igDOkPBA02
105,2017-04-12,106,Up,Mercy,Shawn Mendes,660061,https://i.scdn.co/image/ab67616d00004851188e6332f32088921ab1eaf8,https://open.spotify.com/track/4TZy1wLyHec06pwgFYDh1a
106,2017-04-12,107,Up,Heathens,Twenty One Pilots,658577,https://i.scdn.co/image/ab67616d000048512ca3ba8f334ca5a5f0312efb,https://open.spotify.com/track/6i0V12jOa3mr6uu4WYhUBr
107,2017-04-12,108,Down,Supermarket Flowers,Ed Sheeran,654815,https://i.scdn.co/image/ab67616d00004851ba5db46f4b838ef6027e6f96,https://open.spotify.com/track/4VuS959DSpr82t3qBqCrWG
108,2017-04-12,109,Down,Barcelona,Ed Sheeran,648090,https://i.scdn.co/image/ab67616d00004851ba5db46f4b838ef6027e6f96,https://open.spotify.com/track/3Lfiu5sZ4M4B6JaKMBc0FU
109,2017-04-12,110,Up,Safari,J Balvin,647513,https://i.scdn.co/image/ab67616d00004851338ffc4c72a192f06070546b,https://open.spotify.com/track/6rQSrBHf7HlZjtcMZ4S4bO
110,2017-04-12,111,Up,My Way,Calvin Harris,642154,https://i.scdn.co/image/ab67616d000048518d12bc5e3ea5c9f4a967de32,https://open.spotify.com/track/1vvNmPOiUuyCbgWmtc6yfm
111,2017-04-12,112,Down,Photograph,Ed Sheeran,639207,https://i.scdn.co/image/ab67616d00004851d08209944468440145f01524,https://open.spotify.com/track/6fxVffaTuwjgEk5h9QyRjy
112,2017-04-12,113,Up,Ciao Adios,Anne-Marie,635217,https://i.scdn.co/image/ab67616d0000485119f06fd0fc43d3ebed4f041d,https://open.spotify.com/track/3EfugazgSddQvzZpkof5I4
113,2017-04-12,114,Up,Skin,Rag'n'Bone Man,632695,https://i.scdn.co/image/ab67616d0000485190a788beadaad34ff684d3ec,https://open.spotify.com/track/6y2Kaz9QI01XBKJ8mTb7Pf
114,2017-04-12,115,Up,All Night (feat. Knox Fortune),Chance the Rapper,631987,https://i.scdn.co/image/ab67616d00004851e71dd15fc5bdefd5bff70452,https://open.spotify.com/track/60xaS8mYBKUW4VQQ666N0T
115,2017-04-12,116,Up,Human,Rag'n'Bone Man,628384,https://i.scdn.co/image/ab67616d0000485190a788beadaad34ff684d3ec,https://open.spotify.com/track/58zsLZPvfflaiIbNWoA22O
116,2017-04-12,117,Up,Black Beatles,Rae Sremmurd,626944,https://i.scdn.co/image/16293ab3b4f9301aeb5f41810fd7056d463db55e,https://open.spotify.com/track/6fujklziTHa8uoM5OQSfIo
117,2017-04-12,118,Up,We Don't Talk Anymore,Charlie Puth,626848,https://i.scdn.co/image/ab67616d00004851c0e28105f0533c52717c46c2,https://open.spotify.com/track/68EMU2RD1ECNeOeJ5qAXCV
118,2017-04-12,119,Down,How Would You Feel (Paean),Ed Sheeran,623923,https://i.scdn.co/image/ab67616d00004851ba5db46f4b838ef6027e6f96,https://open.spotify.com/track/6PJ8FF6UR8FZXfEvpHkIVN
119,2017-04-12,120,Down,Bad Things (with Camila Cabello),Machine Gun Kelly,618461,https://i.scdn.co/image/d5f976093a4dcbc5ea9d4c04b414207f8bdce469,https://open.spotify.com/track/1PSBzsahR2AKwLJgx8ehBj
120,2017-04-12,121,Up,TG4M,Zara Larsson,618182,https://i.scdn.co/image/ab67616d000048519e1683774b22648f4f178ed3,https://open.spotify.com/track/4uoumbAMEMaKdtiv763jKz
121,2017-04-12,122,Up,Be the One,Dua Lipa,614512,https://i.scdn.co/image/ab67616d000048516b915e407b70e121e06fe979,https://open.spotify.com/track/7FCfMXYTIiQ9b4hDYs4Iol
122,2017-04-12,123,Up,Don't Leave,Snakehips,613542,https://i.scdn.co/image/ab67616d00004851b72a28b6f92b180a8a423e29,https://open.spotify.com/track/0Zx8khUcEfCFK2AEoIhC92
123,2017-04-12,124,Up,Cheap Thrills,Sia,605207,https://i.scdn.co/image/ab67616d0000485149e0134c686547c28b7c999f,https://open.spotify.com/track/27SdWb2rFzO6GWiYDBTD9j
124,2017-04-12,125,Down,Bloodstream,The Chainsmokers,598935,https://i.scdn.co/image/ab67616d000048510c13d3d5a503c84fcc60ae94,https://open.spotify.com/track/26AuyrZGzWWiYZPSd3XBIg
125,2017-04-12,126,Up,Stressed Out,Twenty One Pilots,597212,https://i.scdn.co/image/ab67616d00004851de03bfc2991fd5bcfde65ba3,https://open.spotify.com/track/3CRDbSIZ4r5MsZ0YwxuEkn
126,2017-04-12,127,Up,Vacaciones,Wisin,592492,https://i.scdn.co/image/ab67616d00004851c85f0d16973e9dae6f8a786c,https://open.spotify.com/track/3dQDid3IUNhZy1OehIfYfE
127,2017-04-12,128,Up,Faded,Alan Walker,587286,https://i.scdn.co/image/ab67616d00004851c4d00cac55ae1b4598c9bc90,https://open.spotify.com/track/7gHs73wELdeycvS48JfIos
128,2017-04-12,129,Flat,Everybody,Logic,586826,https://i.scdn.co/image/08f9ccb7875a87c07c79c1ccd5319263786c55ea,https://open.spotify.com/track/7cGFbx7MP0H23iHZTZpqMM
129,2017-04-12,130,Down,All We Know,The Chainsmokers,586278,https://i.scdn.co/image/ab67616d00004851ff8d8c5662a96d41433e9ee1,https://open.spotify.com/track/2rizacJSyD9S1IQUxUxnsK
130,2017-04-12,131,Down,Don't Say,The Chainsmokers,585639,https://i.scdn.co/image/ab67616d000048510c13d3d5a503c84fcc60ae94,https://open.spotify.com/track/1pJQAHpD51J7GYaFrrFO9S
131,2017-04-12,132,Flat,Thinking out Loud,Ed Sheeran,585472,https://i.scdn.co/image/ab67616d00004851d08209944468440145f01524,https://open.spotify.com/track/1Slwb6dOYkBlWal1PGtnNg
132,2017-04-12,133,Up,Shed a Light,Robin Schulz,583924,https://i.scdn.co/image/ab67616d000048517be189f322bc8155c103d6c9,https://open.spotify.com/track/1cG0umU5TKStygKsPFZ9pY
133,2017-04-12,134,Up,At My Best (feat. Hailee Steinfeld),Machine Gun Kelly,582694,https://i.scdn.co/image/d5f976093a4dcbc5ea9d4c04b414207f8bdce469,https://open.spotify.com/track/77lGafvlU68CeHgB2pkHC9
134,2017-04-12,135,Up,Moves,Big Sean,582459,https://i.scdn.co/image/695d0c097d8463ccc2c2b9855fe44e3e9e7bc267,https://open.spotify.com/track/0Fv5N0cHBsl4bzCbollCAS
135,2017-04-12,136,Up,Scars To Your Beautiful,Alessia Cara,581997,https://i.scdn.co/image/5b9e5bd34ec840f07c8530e43a76b1b5e08d8b77,https://open.spotify.com/track/0prNGof3XqfTvNDxHonvdK
136,2017-04-12,137,Up,Love Yourself,Justin Bieber,579459,https://i.scdn.co/image/ab67616d00004851b6d9a4fbb0bd49f0f034aead,https://open.spotify.com/track/3hB5DgAiMAQ4DzYbsMq1IT
137,2017-04-12,138,Up,Work from Home (feat. Ty Dolla $ign),Fifth Harmony,577868,https://i.scdn.co/image/ab67616d00004851d03fa6f4e758282b7920b5c8,https://open.spotify.com/track/4tCtwWceOPWzenK2HAIJSb
138,2017-04-12,139,Down,Broccoli (feat. Lil Yachty),DRAM,577677,https://i.scdn.co/image/ab67616d00004851f02a1575a59bd05998826351,https://open.spotify.com/track/7yyRTcZmCiyzzJlNzGC9Ol
139,2017-04-12,140,Up,Alguien Robo,Sebastian Yatra,574839,https://i.scdn.co/image/ab67616d0000485135e1cf8c70c60dc416956c17,https://open.spotify.com/track/5i50gKdLAjjIr7UxRT5IVy
140,2017-04-12,141,Up,Te Quiero Pa´Mi,Don Omar,573405,https://i.scdn.co/image/ab67616d00004851d0cb2a58e3bf5d7ac5ece16f,https://open.spotify.com/track/3BY2mafsbsoKGqS380Xnuz
141,2017-04-12,142,Down,Ride,Twenty One Pilots,572576,https://i.scdn.co/image/ab67616d00004851de03bfc2991fd5bcfde65ba3,https://open.spotify.com/track/2Z8WuEywRWYTKe1NybPQEW
142,2017-04-12,143,Up,Obsession (feat. Jon Bellion),Vice,570481,https://i.scdn.co/image/ab67616d00004851db6496aa86b190fb114b9d0c,https://open.spotify.com/track/5pvVAwQbuFoR7LkcicrKnk
143,2017-04-12,144,Up,I Got You,Bebe Rexha,569806,https://i.scdn.co/image/ab67616d00004851809adcbcfe88c94fd2a706c1,https://open.spotify.com/track/1FUViuNSldssMIawrOXF2i
144,2017-04-12,145,Down,Honest,The Chainsmokers,569768,https://i.scdn.co/image/ab67616d000048510c13d3d5a503c84fcc60ae94,https://open.spotify.com/track/6KjbNLbRjuoa8rEq5yNA6H
145,2017-04-12,146,Down,KMT,Drake,569727,https://i.scdn.co/image/6dfd956b9331fa9ea1f47ebb95311951ed72b3db,https://open.spotify.com/track/2jTujnt0y344ai1rNOywgr
146,2017-04-12,147,Up,Water Under the Bridge,Adele,562613,https://i.scdn.co/image/ab67616d000048514c3bbcff5e7248e415548f12,https://open.spotify.com/track/4vb4mFvYsr2h6enhjJsq9Y
147,2017-04-12,148,Up,Ahora Dice,Chris Jeday,558877,https://i.scdn.co/image/ab67616d000048513a142c7e7fc7863dc1a256ed,https://open.spotify.com/track/22eADXu8DfOAUEDw4vU8qy
148,2017-04-12,149,Up,This Is What You Came For,Calvin Harris,558688,https://i.scdn.co/image/ab67616d00004851d9aa52355e062f5de060adbf,https://open.spotify.com/track/0azC730Exh71aQlOt9Zj3y
149,2017-04-12,150,Up,Perfect Strangers,Jonas Blue,557962,https://i.scdn.co/image/ab67616d0000485179882e87678a76bc1d895e94,https://open.spotify.com/track/1CUVN2kn7mW5FjkqXTR2W1
150,2017-04-12,151,Down,Nancy Mulligan,Ed Sheeran,551877,https://i.scdn.co/image/ab67616d00004851ba5db46f4b838ef6027e6f96,https://open.spotify.com/track/35QZaWQRkmnAVqBF1TLCxQ
151,2017-04-12,152,Down,Caroline,Aminé,551738,https://i.scdn.co/image/ab67616d00004851a7f01ef25974c10cdbbd566e,https://open.spotify.com/track/5GFDrUTLGJix84sNhjCG0g
152,2017-04-12,153,Up,do re mi,blackbear,546839,https://i.scdn.co/image/25560e082d8ff78217dd6594d18f827a4049cc63,https://open.spotify.com/track/3Q3myFA7q4Op95DOpHplaY
153,2017-04-12,154,Down,The Heart Part 4,Kendrick Lamar,545671,https://i.scdn.co/image/ab67616d00004851b276b47f7d919215a26f1d6a,https://open.spotify.com/track/1zayuwd1YLZsYDArkruHdL
154,2017-04-12,155,Down,Madiba Riddim,Drake,540085,https://i.scdn.co/image/6dfd956b9331fa9ea1f47ebb95311951ed72b3db,https://open.spotify.com/track/76gUmNLXGQVOsGhfcshkFP
155,2017-04-12,156,Up,Traicionera,Sebastian Yatra,539771,https://i.scdn.co/image/ab67616d00004851dbe5e9f934a9be5db8884c52,https://open.spotify.com/track/5J1c3M4EldCfNxXwrwt8mT
156,2017-04-12,157,Down,Sacrifices,Drake,539424,https://i.scdn.co/image/6dfd956b9331fa9ea1f47ebb95311951ed72b3db,https://open.spotify.com/track/0xl1w2q4VLojeXp4JfazPL
157,2017-04-12,158,Up,Sorry,Justin Bieber,538983,https://i.scdn.co/image/ab67616d00004851b6d9a4fbb0bd49f0f034aead,https://open.spotify.com/track/69bp2EbF7Q2rqc5N3ylezZ
158,2017-04-12,159,Down,My Type,The Chainsmokers,534831,https://i.scdn.co/image/ab67616d000048510c13d3d5a503c84fcc60ae94,https://open.spotify.com/track/6V9kwssTrwkKT72imgowj9
159,2017-04-12,160,Up,The Night We Met,Lord Huron,531034,https://i.scdn.co/image/ab67616d00004851ee6611c95f868e465c98a0b2,https://open.spotify.com/track/6mORGLOz79w6VsCRLWYYuK
160,2017-04-12,161,Up,Unforgettable,French Montana,525150,https://i.scdn.co/image/ab67616d00004851482e95a6c610468cddf011da,https://open.spotify.com/track/1F2HXIJrE2Xn81OzT2zZvW
161,2017-04-12,162,Up,The Other,Lauv,524921,https://i.scdn.co/image/ab67616d000048513c6e07056b26bb9804a596da,https://open.spotify.com/track/1lntL1cI2UIWlxjL5QiN8g
162,2017-04-12,163,Down,No Long Talk,Drake,522468,https://i.scdn.co/image/6dfd956b9331fa9ea1f47ebb95311951ed72b3db,https://open.spotify.com/track/6CfrYuD3YRDYdYvH9jNtXY
163,2017-04-12,164,Down,Alone,Alan Walker,522179,https://i.scdn.co/image/ab67616d00004851f00ade2f88d8223521bc7f76,https://open.spotify.com/track/0JiVRyTJcJnmlwCZ854K4p
164,2017-04-12,165,Up,By Your Side,Jonas Blue,516845,https://i.scdn.co/image/ab67616d00004851bd4b658f3aead04637924c28,https://open.spotify.com/track/1D3ODoXHBLpdxolZRHWV1j
165,2017-04-12,166,Up,Lights Down Low,MAX,515559,https://i.scdn.co/image/ab67616d00004851cefb1bcf9304bf454bae7f8d,https://open.spotify.com/track/1sYSP7gKa5kdKIfhANfori
166,2017-04-12,167,Down,It Won't Kill Ya,The Chainsmokers,512008,https://i.scdn.co/image/ab67616d000048510c13d3d5a503c84fcc60ae94,https://open.spotify.com/track/5xhJmd0I15jFcEdqxfCzKk
167,2017-04-12,168,Up,La Bicicleta,Carlos Vives,511889,https://i.scdn.co/image/ab67616d00004851d05d3aad30c5fb7614893cf5,https://open.spotify.com/track/0sXvAOmXgjR2QUqLK1MltU
168,2017-04-12,169,Down,Young,The Chainsmokers,509409,https://i.scdn.co/image/ab67616d000048510c13d3d5a503c84fcc60ae94,https://open.spotify.com/track/1KeZgPUr54C8iz3FjqzVoz
169,2017-04-12,170,Up,This Girl (Kungs Vs. Cookin' On 3 Burners) - Kungs Vs. Cookin' On 3 Burners,Kungs,508088,https://i.scdn.co/image/ab67616d00004851f504cc56f3bd99bc61929272,https://open.spotify.com/track/0tICYNayWWhH9GPeFrfjfD
170,2017-04-12,171,Up,Panda,Desiigner,506048,https://i.scdn.co/image/ab67616d000048513df69bfb7713d8262820612b,https://open.spotify.com/track/5OOkp4U9P9oL23maHFHL1h
171,2017-04-12,172,Down,Versace on the Floor,Bruno Mars,505787,https://i.scdn.co/image/ab67616d00004851232711f7d66a1e19e89e28c5,https://open.spotify.com/track/0kN8xEmgMW9mh7UmDYHlJP
172,2017-04-12,173,Up,Bad Bitch (feat. Ty Dolla $ign),Bebe Rexha,498137,https://i.scdn.co/image/ab67616d0000485166ae1fd71a3e5779e98e277a,https://open.spotify.com/track/4ZJPwET9Jrgpkqi4Vo3Yg8
173,2017-04-12,174,Up,Deja vu,Prince Royce,498020,https://i.scdn.co/image/ab67616d000048516c1180ae683cc09d840a9163,https://open.spotify.com/track/46HdsiK0uR26B2dY9QPzda
174,2017-04-12,175,Up,7 Years,Lukas Graham,497831,https://i.scdn.co/image/ab67616d0000485104d59cefa11f0eee9f1877a5,https://open.spotify.com/track/7129iqBafaphfc3WPCGC0L
175,2017-04-12,176,Up,Million Reasons,Lady Gaga,496857,https://i.scdn.co/image/ab67616d00004851dd0b256c733c96b653ab5cde,https://open.spotify.com/track/50PWlIBU7PlGGwzgN8TiFJ
176,2017-04-12,177,Down,Hearts Don't Break Around Here,Ed Sheeran,496601,https://i.scdn.co/image/ab67616d00004851ba5db46f4b838ef6027e6f96,https://open.spotify.com/track/2dfHh7ECGxfNqZTQno09Vk
177,2017-04-12,178,Up,Lean On (feat. MØ & DJ Snake),Major Lazer,496418,https://i.scdn.co/image/ab67616d000048519f55dad3a63f72f1bc8d6f59,https://open.spotify.com/track/4WjH9Bzt3kx7z8kl0awxh4
178,2017-04-12,179,Down,Sunset Lover,Petit Biscuit,493230,https://i.scdn.co/image/ab67616d00004851014080d39d56c94c0b285362,https://open.spotify.com/track/0hNduWmlWmEmuwEFcYvRu1
179,2017-04-12,180,Up,No Problem (feat. Lil Wayne & 2 Chainz),Chance the Rapper,491462,https://i.scdn.co/image/ab67616d00004851e71dd15fc5bdefd5bff70452,https://open.spotify.com/track/0v9Wz8o0BT8DU38R4ddjeH
180,2017-04-12,181,Down,No Lie,Sean Paul,491257,https://i.scdn.co/image/ab67616d000048514782809e4cd19cefc99048f7,https://open.spotify.com/track/3cFsmM51N5zMAuu1nNY4Tw
181,2017-04-12,182,Up,Cake By The Ocean,DNCE,491151,https://i.scdn.co/image/ab67616d00004851a19a2912e1618ada66b2e6e8,https://open.spotify.com/track/2aFiaMXmWsM3Vj72F9ksBl
182,2017-04-12,183,Up,"Sucker For Pain (with Wiz Khalifa, Imagine Dragons, Logic & Ty Dolla $ign feat. X Ambassadors)",Lil Wayne,490516,https://i.scdn.co/image/ab67616d000048517d8dfcfd507069d7f2062caf,https://open.spotify.com/track/4dASQiO1Eoo3RJvt74FtXB
183,2017-04-12,184,Flat,Party Monster,The Weeknd,488307,https://i.scdn.co/image/6aeaaebcbd861c8369b14366e8e0eca2fe96055d,https://open.spotify.com/track/4F7A0DXBrmUAkp32uenhZt
184,2017-04-12,185,Down,Do Not Disturb,Drake,487975,https://i.scdn.co/image/6dfd956b9331fa9ea1f47ebb95311951ed72b3db,https://open.spotify.com/track/2KvHC9z14GSl4YpkNMX384
185,2017-04-12,186,Up,Dile Que Tu Me Quieres,Ozuna,486797,https://i.scdn.co/image/ab67616d0000485133bbd31551e01896f58d688f,https://open.spotify.com/track/20ZAJdsKB5IGbGj4ilRt2o
186,2017-04-12,187,Up,Lumbra,Cali Y El Dandee,486794,https://i.scdn.co/image/ab67616d000048511b871ef4de91bd38cac024d1,https://open.spotify.com/track/6VHdcVbiKLYYOcMbIqBcuK
187,2017-04-12,188,Down,Down,Marian Hill,485396,https://i.scdn.co/image/ab67616d00004851c989c526b15cacc1a579a9c7,https://open.spotify.com/track/2dqLk7ezV15LEJEwUmEbXB
188,2017-04-12,189,New,Me Enamoré,Shakira,484200,https://i.scdn.co/image/ab67616d00004851d05d3aad30c5fb7614893cf5,https://open.spotify.com/track/4qknM1pQz53QOyfDVTjcM9
189,2017-04-12,190,Down,4422,Drake,478257,https://i.scdn.co/image/6dfd956b9331fa9ea1f47ebb95311951ed72b3db,https://open.spotify.com/track/2fkeWbM6iqTw7oGHTYm2lw
190,2017-04-12,191,Up,Drowning (feat. Kodak Black),A Boogie Wit da Hoodie,477565,https://i.scdn.co/image/ab67616d0000485131d8918139b720e4141adeec,https://open.spotify.com/track/6Q2FftbUG530lCtBI74bMH
191,2017-04-12,192,Up,X (feat. Future),21 Savage,473811,https://i.scdn.co/image/ab67616d000048512dd1ac4a61495080ef8f78ca,https://open.spotify.com/track/6fwdbPMwP1zVStm8FybmkO
192,2017-04-12,193,Flat,"i hate u, i love u (feat. olivia o'brien)",gnash,470174,https://i.scdn.co/image/ab67616d0000485108862f843ea27f44f8e8cbd8,https://open.spotify.com/track/7vRriwrloYVaoAe3a9wJHe
193,2017-04-12,194,Up,The Scientist,Coldplay,466597,https://i.scdn.co/image/ab67616d00004851ad6f442ecac8735b9285a923,https://open.spotify.com/track/75JFxkI2RXiU7L9VXzMkle
194,2017-04-12,195,Up,I Love You,Axwell /\ Ingrosso,459014,https://i.scdn.co/image/ab67616d00004851c9565af11453132958687a20,https://open.spotify.com/track/11Fo4dAH31K7UZHGqCkCmE
195,2017-04-12,196,New,Andas En Mi Cabeza,Chino & Nacho,458333,https://i.scdn.co/image/ab67616d0000485166dad4487da6fc0dced2d0c6,https://open.spotify.com/track/5mey7CLLuFToM2P68Qu1gF
196,2017-04-12,197,Down,Last Day Alive,The Chainsmokers,457531,https://i.scdn.co/image/ab67616d000048510c13d3d5a503c84fcc60ae94,https://open.spotify.com/track/6GeD5g9vZTz25Egf8kxoIY
197,2017-04-12,198,Down,美女と野獣,Ariana Grande,456041,https://i.scdn.co/image/ab67616d00004851d5a45b435ecafffdede5fd28,https://open.spotify.com/track/1KT0xdIjm7t053xByACrrg
198,2017-04-12,199,New,I Would Like,Zara Larsson,453527,https://i.scdn.co/image/ab67616d000048519e1683774b22648f4f178ed3,https://open.spotify.com/track/4Q4jmPHwu0wrJvqrld0FQ6
199,2017-04-12,200,Down,Jorja Interlude,Drake,452251,https://i.scdn.co/image/6dfd956b9331fa9ea1f47ebb95311951ed72b3db,https://open.spotify.com/track/13e6f8t7RKXuxZ0JdaaJRG
