,Date,Position,Trend,Title,Artist,Streams,Icon_URL,Spotify_URL
0,2017-04-20,1,Flat,HUMBLE.,Kendrick Lamar,5594536,https://i.scdn.co/image/ae1f239b41e9604a66eb900834c6887cd2f62ff1,https://open.spotify.com/track/7KXjTSCq5nL1LoYtL7XAwS
1,2017-04-20,2,Flat,Shape of You,Ed Sheeran,5418445,https://i.scdn.co/image/ab67616d00004851ba5db46f4b838ef6027e6f96,https://open.spotify.com/track/7qiZfU4dY1lWllzX7mPBI3
2,2017-04-20,3,Flat,Despacito - Remix,Luis Fonsi,4916383,https://i.scdn.co/image/ab67616d00004851d8559d0280ffe2a2af6dacdf,https://open.spotify.com/track/5CtI0qwDJkDQGwXD1H1cLb
3,2017-04-20,4,Flat,DNA.,Kendrick Lamar,4122518,https://i.scdn.co/image/ae1f239b41e9604a66eb900834c6887cd2f62ff1,https://open.spotify.com/track/6HZILIRieu8S0iqY8kIKhj
4,2017-04-20,5,Flat,Something Just Like This,The Chainsmokers,3792579,https://i.scdn.co/image/ab67616d000048510c13d3d5a503c84fcc60ae94,https://open.spotify.com/track/6RUKPb4LETWmmr3iAEQktW
5,2017-04-20,6,Flat,It Ain't Me (with Selena Gomez),Kygo,3541217,https://i.scdn.co/image/ab67616d0000485141f289940f2e6a0d51988d77,https://open.spotify.com/track/3eR23VReFzcdmS7TYCrhCe
6,2017-04-20,7,Flat,Mask Off,Future,3453626,https://i.scdn.co/image/ab67616d00004851356884f85665ebdd79223fdf,https://open.spotify.com/track/3rOSwuTsUlJp0Pu0MkN8r8
7,2017-04-20,8,Flat,Passionfruit,Drake,3262691,https://i.scdn.co/image/ab67616d000048515ea859dc94365abd9fd84fd6,https://open.spotify.com/track/7hDc8b7IXETo14hHIHdnhd
8,2017-04-20,9,Up,Stay (with Alessia Cara),Zedd,3172650,https://i.scdn.co/image/ab67616d0000485191a70f95efc3400f696e89cc,https://open.spotify.com/track/0dA2Mk56wEzDgegdC6R17g
9,2017-04-20,10,Down,That's What I Like,Bruno Mars,3166385,https://i.scdn.co/image/ab67616d00004851232711f7d66a1e19e89e28c5,https://open.spotify.com/track/0KKkJNfGyhkQ5aFogxQAPU
10,2017-04-20,11,Flat,Symphony (feat. Zara Larsson),Clean Bandit,3044290,https://i.scdn.co/image/ab67616d000048515b1130d050c4cd2295999d85,https://open.spotify.com/track/1x5sYLZiu9r5E43kMlt9f8
11,2017-04-20,12,Up,Despacito (Featuring Daddy Yankee),Luis Fonsi,2905459,https://i.scdn.co/image/ab67616d00004851a5971936e3b8d91f8b616b17,https://open.spotify.com/track/4aWmUDTfIPGksMNLV2rQP2
12,2017-04-20,13,Down,LOYALTY. FEAT. RIHANNA.,Kendrick Lamar,2786872,https://i.scdn.co/image/ae1f239b41e9604a66eb900834c6887cd2f62ff1,https://open.spotify.com/track/6SwRhMLwNqEi6alNPVG00n
13,2017-04-20,14,Down,ELEMENT.,Kendrick Lamar,2615426,https://i.scdn.co/image/ae1f239b41e9604a66eb900834c6887cd2f62ff1,https://open.spotify.com/track/1EaKU4dMbesXXd3BrLCtYG
14,2017-04-20,15,Flat,Swalla (feat. Nicki Minaj & Ty Dolla $ign),Jason Derulo,2565867,https://i.scdn.co/image/ab67616d000048519d6522bee68370fa5592301d,https://open.spotify.com/track/6kex4EBAj0WHXDKZMEJaaF
15,2017-04-20,16,Flat,Galway Girl,Ed Sheeran,2464070,https://i.scdn.co/image/ab67616d00004851ba5db46f4b838ef6027e6f96,https://open.spotify.com/track/0afhq8XCExXpqazXczTSve
16,2017-04-20,17,Up,Paris,The Chainsmokers,2336877,https://i.scdn.co/image/ab67616d000048510c13d3d5a503c84fcc60ae94,https://open.spotify.com/track/72jbDTw1piOOj770jWNeaG
17,2017-04-20,18,Up,Issues,Julia Michaels,2303277,https://i.scdn.co/image/ab67616d000048519615e35e0e9e4b2c3dccb520,https://open.spotify.com/track/1sXUWdKx03aP9Gmzft58rt
18,2017-04-20,19,Up,Slide,Calvin Harris,2292190,https://i.scdn.co/image/ab67616d000048514d3fa5ce7ba599f4fd7803ef,https://open.spotify.com/track/7tr2za8SQg2CI8EDgrdtNl
19,2017-04-20,20,Down,LOVE. FEAT. ZACARI.,Kendrick Lamar,2277972,https://i.scdn.co/image/ae1f239b41e9604a66eb900834c6887cd2f62ff1,https://open.spotify.com/track/6PGoSes0D9eUDeeAafB2As
20,2017-04-20,21,Flat,Scared to Be Lonely,Martin Garrix,2266531,https://i.scdn.co/image/ab67616d0000485164f8a309aa3c0a66a31fc374,https://open.spotify.com/track/3ebXMykcMXOcLeJ9xZ17XH
21,2017-04-20,22,Flat,Sign of the Times,Harry Styles,2169167,https://i.scdn.co/image/ab67616d000048516c619c39c853f8b1d67b7859,https://open.spotify.com/track/5Ohxk2dO5COHF1krpoPigN
22,2017-04-20,23,Up,XO TOUR Llif3,Lil Uzi Vert,2016841,https://i.scdn.co/image/ab67616d0000485115531ec8568373f631db9786,https://open.spotify.com/track/2eMwDehkIC1j68U6FA3Eiq
23,2017-04-20,24,Up,You Don't Know Me - Radio Edit,Jax Jones,1967670,https://i.scdn.co/image/ab67616d00004851dd05a1716e2f07a07b8ccfe3,https://open.spotify.com/track/00lNx0OcTJrS3MKHcB80HY
24,2017-04-20,25,Down,XXX. FEAT. U2.,Kendrick Lamar,1921997,https://i.scdn.co/image/ae1f239b41e9604a66eb900834c6887cd2f62ff1,https://open.spotify.com/track/4iYRa2btalAzPZoSYfROqF
25,2017-04-20,26,Up,iSpy (feat. Lil Yachty),KYLE,1921430,https://i.scdn.co/image/ab67616d0000485132e373f2988bc6596a542d1c,https://open.spotify.com/track/2EEeOnHehOozLq4aS0n6SL
26,2017-04-20,27,Up,Believer,Imagine Dragons,1851528,https://i.scdn.co/image/ab67616d000048517956bd9a3d7a15e4c2e37cc6,https://open.spotify.com/track/0CcQNd8CINkwQfe1RDtGV6
27,2017-04-20,28,Down,YAH.,Kendrick Lamar,1847673,https://i.scdn.co/image/ae1f239b41e9604a66eb900834c6887cd2f62ff1,https://open.spotify.com/track/4BHSjbYylfOH5WAGusDyni
28,2017-04-20,29,Up,Cold,Maroon 5,1846351,https://i.scdn.co/image/ab67616d000048514727f9e79c338683c5bf8921,https://open.spotify.com/track/5NNlUMcOEOdoOIwwaWXv0k
29,2017-04-20,30,Up,"I Don’t Wanna Live Forever (Fifty Shades Darker) - From ""Fifty Shades Darker (Original Motion Picture Soundtrack)""",ZAYN,1826560,https://i.scdn.co/image/ab67616d000048512ae921f082ae5db4d3da818f,https://open.spotify.com/track/3NdDpSvN911VPGivFlV5d0
30,2017-04-20,31,Up,Rockabye (feat. Sean Paul & Anne-Marie),Clean Bandit,1807068,https://i.scdn.co/image/ab67616d000048511431c3bdf16aa99f71799d95,https://open.spotify.com/track/5knuzwU65gJK7IF5yJsuaW
31,2017-04-20,32,Down,FEEL.,Kendrick Lamar,1751421,https://i.scdn.co/image/ae1f239b41e9604a66eb900834c6887cd2f62ff1,https://open.spotify.com/track/2LTlO3NuNVN70lp2ZbVswF
32,2017-04-20,33,Down,PRIDE.,Kendrick Lamar,1720075,https://i.scdn.co/image/ae1f239b41e9604a66eb900834c6887cd2f62ff1,https://open.spotify.com/track/6IZvVAP7VPPnsGX6bvgkqg
33,2017-04-20,34,Up,Solo Dance,Martin Jensen,1667786,https://i.scdn.co/image/ab67616d00004851950d67dbe3f31f1d9a5d06a2,https://open.spotify.com/track/6HUnnBwYZqcED1eQztxMBN
34,2017-04-20,35,Up,I Feel It Coming,The Weeknd,1624410,https://i.scdn.co/image/b3683184efeb899b2d1a02f4957d0c630dc10b0b,https://open.spotify.com/track/5GXAXm5YOmYT0kL5jHvYBt
35,2017-04-20,36,Up,Location,Khalid,1620740,https://i.scdn.co/image/ab67616d00004851988ede5e1276e758b5f9e577,https://open.spotify.com/track/152lZdxL1OR0ZMW6KquMif
36,2017-04-20,37,Down,LUST.,Kendrick Lamar,1607479,https://i.scdn.co/image/ae1f239b41e9604a66eb900834c6887cd2f62ff1,https://open.spotify.com/track/06FCvd7rrRcF3DdvWH5Isp
37,2017-04-20,38,Down,Call On Me - Ryan Riback Extended Remix,Starley,1589438,https://i.scdn.co/image/ab67616d000048519d4079afc73664f86f055400,https://open.spotify.com/track/78rIJddV4X0HkNAInEcYde
38,2017-04-20,39,Up,Congratulations,Post Malone,1588936,https://i.scdn.co/image/23bae95100dcb6ac8f88c19fa2a11c50a998a926,https://open.spotify.com/track/3a1lNhkSLSkpJE4MSHpDu9
39,2017-04-20,40,Up,SUBEME LA RADIO,Enrique Iglesias,1587266,https://i.scdn.co/image/ab67616d000048515366ff028970205a29d558ed,https://open.spotify.com/track/7nKBxz47S9SD79N086fuhn
40,2017-04-20,41,Up,Good Life (with G-Eazy & Kehlani),G-Eazy,1571889,https://i.scdn.co/image/ab67616d00004851fcc36f9c0515e6e7faa2030b,https://open.spotify.com/track/1Eck97uRMlprKOOJN9oO1E
41,2017-04-20,42,Down,The One,The Chainsmokers,1533676,https://i.scdn.co/image/ab67616d000048510c13d3d5a503c84fcc60ae94,https://open.spotify.com/track/0wfbD5rAksdXUzRvMfM3x5
42,2017-04-20,43,Up,Me Rehúso,Danny Ocean,1508127,https://i.scdn.co/image/ab67616d00004851a75bd33684083600569dd3bf,https://open.spotify.com/track/6De0lHrwBfPfrhorm9q1Xl
43,2017-04-20,44,Down,Castle on the Hill,Ed Sheeran,1497604,https://i.scdn.co/image/ab67616d00004851ba5db46f4b838ef6027e6f96,https://open.spotify.com/track/6PCUP3dWmTjcTtXY02oFdT
44,2017-04-20,45,Down,Chained To The Rhythm,Katy Perry,1470875,https://i.scdn.co/image/ab67616d000048511487979a7e0181a5d0406d1a,https://open.spotify.com/track/6520aj0B4FSKGVuKNsOCOi
45,2017-04-20,46,Up,Closer,The Chainsmokers,1466771,https://i.scdn.co/image/ab67616d00004851495ce6da9aeb159e94eaa453,https://open.spotify.com/track/7BKLCZ1jbUBVqRi2FVlTVw
46,2017-04-20,47,Up,Portland,Drake,1448232,https://i.scdn.co/image/6dfd956b9331fa9ea1f47ebb95311951ed72b3db,https://open.spotify.com/track/2bjwRfXMk4uRgOD9IBYl9h
47,2017-04-20,48,Up,Say You Won't Let Go,James Arthur,1393340,https://i.scdn.co/image/ab67616d0000485120beb61f61fcbeb33b10a9ab,https://open.spotify.com/track/5uCax9HTNlzGybIStD3vDh
48,2017-04-20,49,Up,Green Light,Lorde,1330748,https://i.scdn.co/image/ab67616d0000485128e1139fd3a34626351b9004,https://open.spotify.com/track/0gbBzIqrECJOEPvQJIBFs5
49,2017-04-20,50,Down,FEAR.,Kendrick Lamar,1328757,https://i.scdn.co/image/ae1f239b41e9604a66eb900834c6887cd2f62ff1,https://open.spotify.com/track/23luOrEVHMfoX0AhfbQuS6
50,2017-04-20,51,Up,The Cure,Lady Gaga,1314412,https://i.scdn.co/image/ab67616d000048514a9be9e8223db02a37e1e8fe,https://open.spotify.com/track/51PIvodunv6NmX5250zxAh
51,2017-04-20,52,Up,Now Or Never,Halsey,1293560,https://i.scdn.co/image/ab67616d000048519357ea2dbe932b47fe8149d6,https://open.spotify.com/track/0Nhu3zSYbEz32IYiobV75e
52,2017-04-20,53,New,Lust for Life (with The Weeknd),Lana Del Rey,1286837,https://i.scdn.co/image/ab67616d00004851cc907289ff9b1a11a9aa7aae,https://open.spotify.com/track/5LYQSNHZxEA880URXFHg6h
53,2017-04-20,54,Down,GOD.,Kendrick Lamar,1267432,https://i.scdn.co/image/ae1f239b41e9604a66eb900834c6887cd2f62ff1,https://open.spotify.com/track/5p3NP9mQblDsVJLdfNZJ3I
54,2017-04-20,55,Up,Starboy,The Weeknd,1251902,https://i.scdn.co/image/ab67616d000048510c8599cbde51245c128bcea9,https://open.spotify.com/track/5aAx2yezTd8zXrkmtKl66Z
55,2017-04-20,56,Up,El Amante,Nicky Jam,1233540,https://i.scdn.co/image/ab67616d00004851d77dbcd4dbd37cdfa61771fa,https://open.spotify.com/track/3umS4y3uQDkqekNjVpiRUs
56,2017-04-20,57,Up,Run Up (feat. PARTYNEXTDOOR & Nicki Minaj),Major Lazer,1210363,https://i.scdn.co/image/ab67616d000048518036d7402a6a76aed04f1f98,https://open.spotify.com/track/0fg8CqpjdojMyXLNzM2PaJ
57,2017-04-20,58,Flat,Weak,AJR,1207891,https://i.scdn.co/image/ab67616d00004851c5f3ca405ff6ed13dc554b94,https://open.spotify.com/track/3E2Zh20GDCR9B1EYjfXWyv
58,2017-04-20,59,Up,Tunnel Vision,Kodak Black,1205754,https://i.scdn.co/image/ab67616d000048511541a676423805fc68ff3e66,https://open.spotify.com/track/4Q3N4Ct4zCuIHuZ65E3BD4
59,2017-04-20,60,Up,Chantaje (feat. Maluma),Shakira,1202985,https://i.scdn.co/image/ab67616d00004851d05d3aad30c5fb7614893cf5,https://open.spotify.com/track/6mICuAdrwEjh6Y6lroV2Kg
60,2017-04-20,61,Down,Selfish (feat. Rihanna),Future,1191082,https://i.scdn.co/image/ab67616d00004851968822b495da180d0792a437,https://open.spotify.com/track/2Ce5IyMlVRVvN997ZJjJJA
61,2017-04-20,62,Down,DUCKWORTH.,Kendrick Lamar,1171394,https://i.scdn.co/image/ae1f239b41e9604a66eb900834c6887cd2f62ff1,https://open.spotify.com/track/0y9uTzK9cNKSAEHnpeRG8C
62,2017-04-20,63,Down,BLOOD.,Kendrick Lamar,1161811,https://i.scdn.co/image/ae1f239b41e9604a66eb900834c6887cd2f62ff1,https://open.spotify.com/track/1n4jwRVXdkK2U34nBDUKKT
63,2017-04-20,64,Down,Perfect,Ed Sheeran,1149673,https://i.scdn.co/image/ab67616d00004851ba5db46f4b838ef6027e6f96,https://open.spotify.com/track/0tgVpDi06FyKpA1z0VMD4v
64,2017-04-20,65,Down,Still Got Time,ZAYN,1137077,https://i.scdn.co/image/ab67616d000048513bfd914f72da2ed8822a634f,https://open.spotify.com/track/000xQL6tZNLJzIrtIgxqSl
65,2017-04-20,66,Flat,Touch,Little Mix,1120925,https://i.scdn.co/image/ab67616d000048512318bbb0586903290db2b270,https://open.spotify.com/track/5Ua3GXyHwiSfpNTMjq6m2z
66,2017-04-20,67,Flat,No Promises (feat. Demi Lovato),Cheat Codes,1110933,https://i.scdn.co/image/ab67616d00004851e74ecdb2f1316c8f026970a8,https://open.spotify.com/track/1louJpMmzEicAn7lzDalPW
67,2017-04-20,68,Down,September Song,JP Cooper,1102740,https://i.scdn.co/image/ab67616d000048511400ec742ee0935608e30700,https://open.spotify.com/track/0FuTx2s3YH1ppmtiM6l0zI
68,2017-04-20,69,Down,Hey Ma (with Pitbull & J Balvin feat. Camila Cabello) - Spanish Version,Pitbull,1099126,https://i.scdn.co/image/ab67616d000048513e40b472d708ea3c6bd86670,https://open.spotify.com/track/2Vdub5mY4lad7w64bFPUez
69,2017-04-20,70,Down,Fake Love,Drake,1059177,https://i.scdn.co/image/6dfd956b9331fa9ea1f47ebb95311951ed72b3db,https://open.spotify.com/track/343YBumqHu19cGoGARUTsd
70,2017-04-20,71,Flat,Pretty Girl - Cheat Codes X CADE Remix,Maggie Lindemann,1053673,https://i.scdn.co/image/ab67616d000048517c7436e1b6273be0e7bc1a84,https://open.spotify.com/track/1NDxZ7cFAo481dtYWdrUnR
71,2017-04-20,72,Down,Happier,Ed Sheeran,1031193,https://i.scdn.co/image/ab67616d00004851ba5db46f4b838ef6027e6f96,https://open.spotify.com/track/2RttW7RAu5nOAfq6YFvApB
72,2017-04-20,73,Flat,Bounce Back,Big Sean,1027079,https://i.scdn.co/image/695d0c097d8463ccc2c2b9855fe44e3e9e7bc267,https://open.spotify.com/track/0SGkqnVQo9KPytSri1H6cF
73,2017-04-20,74,Flat,Bad and Boujee (feat. Lil Uzi Vert),Migos,1018887,https://i.scdn.co/image/ab67616d0000485199a8ab6da9d593939302828a,https://open.spotify.com/track/4Km5HrUvYTaSUfiSGPJeQR
74,2017-04-20,75,Flat,Let Me Love You,DJ Snake,1012622,https://i.scdn.co/image/ab67616d000048515045de6786e0af096de73ed4,https://open.spotify.com/track/4pdPtRcBmOSQDlJ3Fk945m
75,2017-04-20,76,Down,"How Far I'll Go - From ""Moana""",Alessia Cara,1008043,https://i.scdn.co/image/ab67616d00004851fb128b1eda22335050f584fe,https://open.spotify.com/track/5hYTyyh2odQKphUbMqc5gN
76,2017-04-20,77,Down,One Dance,Drake,988575,https://i.scdn.co/image/ab67616d00004851726abca207567d5e41cb9667,https://open.spotify.com/track/1xznGGDReH1oQq0xzbwXa3
77,2017-04-20,78,New,There's Nothing Holdin' Me Back,Shawn Mendes,960317,https://i.scdn.co/image/ab67616d00004851f9cbd0c07513a7232cd6b9a7,https://open.spotify.com/track/79cuOz3SPQTuFrp8WgftAu
78,2017-04-20,79,Down,Tuesday,Burak Yeter,953327,https://i.scdn.co/image/069b0b8dc1285ba4d2bd7f2536abfce84598d130,https://open.spotify.com/track/7abpmGpF7PGep2rDU68GBR
79,2017-04-20,80,Down,Unforgettable,French Montana,945848,https://i.scdn.co/image/ab67616d00004851482e95a6c610468cddf011da,https://open.spotify.com/track/1F2HXIJrE2Xn81OzT2zZvW
80,2017-04-20,81,Up,Sigo Extrañándote,J Balvin,906406,https://i.scdn.co/image/ab67616d00004851338ffc4c72a192f06070546b,https://open.spotify.com/track/6qDF4wWL49CAVbgT7yuHl8
81,2017-04-20,82,Down,Body Like A Back Road,Sam Hunt,904828,https://i.scdn.co/image/ab67616d000048519eccbdab1110afc4d5a186a8,https://open.spotify.com/track/7mldq42yDuxiUNn08nvzHO
82,2017-04-20,83,Down,T-Shirt,Migos,902451,https://i.scdn.co/image/ab67616d0000485199a8ab6da9d593939302828a,https://open.spotify.com/track/7KOlJ92bu51cltsD9KU5I7
83,2017-04-20,84,Up,Otra vez (feat. J Balvin),Zion & Lennox,897425,https://i.scdn.co/image/ab67616d0000485182eabf564ddc57325a84dd50,https://open.spotify.com/track/3QwBODjSEzelZyVjxPOHdq
84,2017-04-20,85,Down,24K Magic,Bruno Mars,894389,https://i.scdn.co/image/ab67616d00004851232711f7d66a1e19e89e28c5,https://open.spotify.com/track/6b8Be6ljOzmkOmFslEb23P
85,2017-04-20,86,Down,Look At Me!,XXXTENTACION,892469,https://i.scdn.co/image/ab67616d0000485125b5901b8bcf902f54d466d9,https://open.spotify.com/track/4ARPvK8DHLwt4oX65ZAFMw
86,2017-04-20,87,Down,Gyalchester,Drake,880889,https://i.scdn.co/image/6dfd956b9331fa9ea1f47ebb95311951ed72b3db,https://open.spotify.com/track/6UjfByV1lDLW0SOVQA4NAi
87,2017-04-20,88,Down,Starving,Hailee Steinfeld,874491,https://i.scdn.co/image/ab67616d00004851612495ee5769c99125031be2,https://open.spotify.com/track/1qOLh0tI7trd1zdDKxYZTe
88,2017-04-20,89,Down,Don't Wanna Know,Maroon 5,867714,https://i.scdn.co/image/ab67616d00004851eec1912bbc2ff74b8203fe5f,https://open.spotify.com/track/5MFzQMkrl1FOOng9tq6R9r
89,2017-04-20,90,Down,goosebumps,Travis Scott,865799,https://i.scdn.co/image/ab67616d00004851f54b99bf27cda88f4a7403ce,https://open.spotify.com/track/6gBFPUFcJLzWGx4lenP6h2
90,2017-04-20,91,Down,Reggaetón Lento (Bailemos),CNCO,853288,https://i.scdn.co/image/ab67616d000048517db0f7ac4c612cce26ccacf9,https://open.spotify.com/track/3AEZUABDXNtecAOSC1qTfo
91,2017-04-20,92,Down,Hear Me Now,Alok,832840,https://i.scdn.co/image/e308bad29e4cf6dc8aa5cd97449ef71bbb893d40,https://open.spotify.com/track/1a5Yu5L18qNxVhXx38njON
92,2017-04-20,93,Flat,La Rompe Corazones,Daddy Yankee,830631,https://i.scdn.co/image/ab67616d00004851b84a36483e43bfbcb931fcde,https://open.spotify.com/track/4okba5wu9mMLXx79DXLKi3
93,2017-04-20,94,Up,Escápate Conmigo,Wisin,827047,https://i.scdn.co/image/ab67616d000048512b02904e5404ad6069c16a4f,https://open.spotify.com/track/2cnKEkpVUSV4wnjQiTWfH6
94,2017-04-20,95,Up,Hard Times,Paramore,821593,https://i.scdn.co/image/ab67616d00004851dbd83e179619408e5d05cc99,https://open.spotify.com/track/0w5Bdu51Ka25Pf3hojsKHh
95,2017-04-20,96,Up,Swang,Rae Sremmurd,785763,https://i.scdn.co/image/16293ab3b4f9301aeb5f41810fd7056d463db55e,https://open.spotify.com/track/6mapJIPnQ23RTAevUoE0DL
96,2017-04-20,97,Down,Dive,Ed Sheeran,785508,https://i.scdn.co/image/ab67616d00004851ba5db46f4b838ef6027e6f96,https://open.spotify.com/track/51ChrwmUPDJvedPQnIU8Ls
97,2017-04-20,98,Down,All Time Low,Jon Bellion,784557,https://i.scdn.co/image/ff06a4138a99d272c24d2f6da9b5ea6067c054db,https://open.spotify.com/track/1CnPYaKxTVb4LWOtiGOm0m
98,2017-04-20,99,Down,Blem,Drake,782416,https://i.scdn.co/image/6dfd956b9331fa9ea1f47ebb95311951ed72b3db,https://open.spotify.com/track/2XlHu0HcujBCkWMdIAvrqt
99,2017-04-20,100,Down,Redbone,Childish Gambino,770584,https://i.scdn.co/image/ab67616d000048510b97e56ffad7c6211aa848f8,https://open.spotify.com/track/3kxfsdsCpFgN412fpnW85Y
100,2017-04-20,101,Down,Don't Let Me Down,The Chainsmokers,763123,https://i.scdn.co/image/ab67616d0000485108d87fb54859bc9038f7e5e0,https://open.spotify.com/track/0QsvXIfqM0zZoerQfsI9lm
101,2017-04-20,102,Down,Heatstroke,Calvin Harris,754660,https://i.scdn.co/image/ab67616d000048514d3fa5ce7ba599f4fd7803ef,https://open.spotify.com/track/60APt5N2NRaKWf5xzJdzyC
102,2017-04-20,103,Down,All Night,The Vamps,753755,https://i.scdn.co/image/ab67616d00004851f03c9779c27137669304ea20,https://open.spotify.com/track/1yNyoWWWikbLhwIGWjZuDW
103,2017-04-20,104,Down,History,Olivia Holt,752989,https://i.scdn.co/image/ab67616d000048519e21eab426152ef9078d6b94,https://open.spotify.com/track/0WCEaydwN65cvwaW8aqptF
104,2017-04-20,105,Down,"Sola (Remix) [feat. Daddy Yankee, Wisin, Farruko, Zion & Lennox]",Anuel AA,747697,https://i.scdn.co/image/ab67616d00004851a66def7d649149464edc8f1e,https://open.spotify.com/track/5q2JbCNi4FcnglgPfxcV65
105,2017-04-20,106,Up,Treat You Better,Shawn Mendes,740667,https://i.scdn.co/image/ab67616d00004851188e6332f32088921ab1eaf8,https://open.spotify.com/track/4Hf7WnR761jpxPr5D46Bcd
106,2017-04-20,107,Down,Everyday,Ariana Grande,733325,https://i.scdn.co/image/ab67616d000048517227f5854239a059af211d5b,https://open.spotify.com/track/3FiE2d325mIOc4YjkSLVJR
107,2017-04-20,108,Down,Break Up Every Night,The Chainsmokers,729658,https://i.scdn.co/image/ab67616d000048510c13d3d5a503c84fcc60ae94,https://open.spotify.com/track/6cPyTS0Kk2sc4xQwC93kOg
108,2017-04-20,109,Flat,In the Name of Love,Martin Garrix,718575,https://i.scdn.co/image/ab67616d00004851923db3f255cd48a6d5783ebf,https://open.spotify.com/track/04DwTuZ2VBdJCCC5TROn7L
109,2017-04-20,110,Down,Cold Water (feat. Justin Bieber & MØ),Major Lazer,709843,https://i.scdn.co/image/ab67616d000048512e8f1cca2bc8c9d55930523b,https://open.spotify.com/track/6DNtNfH8hXkqOX1sjqmI7p
110,2017-04-20,111,Down,Just Hold On,Steve Aoki,709425,https://i.scdn.co/image/ab67616d0000485122e2ce2de8bad6d67ee69b48,https://open.spotify.com/track/3EmmCZoqpWOTY1g2GBwJoR
111,2017-04-20,112,Down,"CAN'T STOP THE FEELING! (Original Song from DreamWorks Animation's ""TROLLS"")",Justin Timberlake,706817,https://i.scdn.co/image/ab67616d00004851ef37416970812293c08e8a78,https://open.spotify.com/track/6JV2JOEocMgcZxYSZelKcc
112,2017-04-20,113,Up,Me Llamas (feat. Maluma) - Remix,Piso 21,704465,https://i.scdn.co/image/ab67616d000048511e1eafb5d2bb1ca39d26f092,https://open.spotify.com/track/5hEM0JchdVzQ5PwvSfITeX
113,2017-04-20,114,Down,Ciao Adios,Anne-Marie,702919,https://i.scdn.co/image/ab67616d0000485119f06fd0fc43d3ebed4f041d,https://open.spotify.com/track/3EfugazgSddQvzZpkof5I4
114,2017-04-20,115,Up,Mercy,Shawn Mendes,699863,https://i.scdn.co/image/ab67616d00004851188e6332f32088921ab1eaf8,https://open.spotify.com/track/4TZy1wLyHec06pwgFYDh1a
115,2017-04-20,116,Down,The Night We Met,Lord Huron,699428,https://i.scdn.co/image/ab67616d00004851ee6611c95f868e465c98a0b2,https://open.spotify.com/track/6mORGLOz79w6VsCRLWYYuK
116,2017-04-20,117,Down,Side To Side,Ariana Grande,698396,https://i.scdn.co/image/ab67616d000048517227f5854239a059af211d5b,https://open.spotify.com/track/4pLwZjInHj3SimIyN9SnOz
117,2017-04-20,118,Down,What Do I Know?,Ed Sheeran,686459,https://i.scdn.co/image/ab67616d00004851ba5db46f4b838ef6027e6f96,https://open.spotify.com/track/2pJZ1v8HezrAoZ0Fhzby92
118,2017-04-20,119,Flat,Ahora Dice,Chris Jeday,682010,https://i.scdn.co/image/ab67616d000048513a142c7e7fc7863dc1a256ed,https://open.spotify.com/track/22eADXu8DfOAUEDw4vU8qy
119,2017-04-20,120,Down,Obsession (feat. Jon Bellion),Vice,676148,https://i.scdn.co/image/ab67616d00004851db6496aa86b190fb114b9d0c,https://open.spotify.com/track/5pvVAwQbuFoR7LkcicrKnk
120,2017-04-20,121,Down,"Ay Mi Dios (feat. Pitbull, Yandel & Chacal)",IAmChino,671537,https://i.scdn.co/image/ab67616d000048511568fbc07414eb185c58ef62,https://open.spotify.com/track/6stYbAJgTszHAHZMPxWWCY
121,2017-04-20,122,Up,I Took A Pill In Ibiza - Seeb Remix,Mike Posner,653254,https://i.scdn.co/image/ab67616d0000485140512e02a594e3378c0256e6,https://open.spotify.com/track/17Fd6Yb7mSbinKG8LoWfFl
122,2017-04-20,123,Down,do re mi,blackbear,650760,https://i.scdn.co/image/25560e082d8ff78217dd6594d18f827a4049cc63,https://open.spotify.com/track/3Q3myFA7q4Op95DOpHplaY
123,2017-04-20,124,Down,Rolex,Ayo & Teo,643473,https://i.scdn.co/image/ab67616d0000485179dbd95fbdf6b0d617bd32dd,https://open.spotify.com/track/0pSBuHjILhNEo55xK1zrRt
124,2017-04-20,125,Down,Love On The Brain,Rihanna,640405,https://i.scdn.co/image/ddc285ca9817c96c7719b3f2a759e108787db021,https://open.spotify.com/track/2aksifNn5ph8igDOkPBA02
125,2017-04-20,126,Down,TG4M,Zara Larsson,639301,https://i.scdn.co/image/ab67616d000048519e1683774b22648f4f178ed3,https://open.spotify.com/track/4uoumbAMEMaKdtiv763jKz
126,2017-04-20,127,Down,New Man,Ed Sheeran,638510,https://i.scdn.co/image/ab67616d00004851ba5db46f4b838ef6027e6f96,https://open.spotify.com/track/5HDPtsnyb3maFmPL8LLUTG
127,2017-04-20,128,Up,Drowning (feat. Kodak Black),A Boogie Wit da Hoodie,632337,https://i.scdn.co/image/ab67616d0000485131d8918139b720e4141adeec,https://open.spotify.com/track/6Q2FftbUG530lCtBI74bMH
128,2017-04-20,129,Flat,Me Enamoré,Shakira,632036,https://i.scdn.co/image/ab67616d00004851d05d3aad30c5fb7614893cf5,https://open.spotify.com/track/4qknM1pQz53QOyfDVTjcM9
129,2017-04-20,130,Down,Heathens,Twenty One Pilots,625268,https://i.scdn.co/image/ab67616d000048512ca3ba8f334ca5a5f0312efb,https://open.spotify.com/track/6i0V12jOa3mr6uu4WYhUBr
130,2017-04-20,131,Down,Photograph,Ed Sheeran,623999,https://i.scdn.co/image/ab67616d00004851d08209944468440145f01524,https://open.spotify.com/track/6fxVffaTuwjgEk5h9QyRjy
131,2017-04-20,132,Down,Vente Pa' Ca,Ricky Martin,621914,https://i.scdn.co/image/ab67616d000048513d90f5938459be40b7b6652a,https://open.spotify.com/track/7DM4BPaS7uofFul3ywMe46
132,2017-04-20,133,Down,Be the One,Dua Lipa,619916,https://i.scdn.co/image/ab67616d000048516b915e407b70e121e06fe979,https://open.spotify.com/track/7FCfMXYTIiQ9b4hDYs4Iol
133,2017-04-20,134,Down,We Don't Talk Anymore,Charlie Puth,614147,https://i.scdn.co/image/ab67616d00004851c0e28105f0533c52717c46c2,https://open.spotify.com/track/68EMU2RD1ECNeOeJ5qAXCV
134,2017-04-20,135,Down,My Way,Calvin Harris,607268,https://i.scdn.co/image/ab67616d000048518d12bc5e3ea5c9f4a967de32,https://open.spotify.com/track/1vvNmPOiUuyCbgWmtc6yfm
135,2017-04-20,136,Down,Bad Bitch (feat. Ty Dolla $ign),Bebe Rexha,603514,https://i.scdn.co/image/ab67616d0000485166ae1fd71a3e5779e98e277a,https://open.spotify.com/track/4ZJPwET9Jrgpkqi4Vo3Yg8
136,2017-04-20,137,Up,Safari,J Balvin,595192,https://i.scdn.co/image/ab67616d00004851338ffc4c72a192f06070546b,https://open.spotify.com/track/6rQSrBHf7HlZjtcMZ4S4bO
137,2017-04-20,138,Up,Black Beatles,Rae Sremmurd,590574,https://i.scdn.co/image/16293ab3b4f9301aeb5f41810fd7056d463db55e,https://open.spotify.com/track/6fujklziTHa8uoM5OQSfIo
138,2017-04-20,139,Down,Skin,Rag'n'Bone Man,586955,https://i.scdn.co/image/ab67616d0000485190a788beadaad34ff684d3ec,https://open.spotify.com/track/6y2Kaz9QI01XBKJ8mTb7Pf
139,2017-04-20,140,Down,Cheap Thrills,Sia,582112,https://i.scdn.co/image/ab67616d0000485149e0134c686547c28b7c999f,https://open.spotify.com/track/27SdWb2rFzO6GWiYDBTD9j
140,2017-04-20,141,Down,Love Yourself,Justin Bieber,572748,https://i.scdn.co/image/ab67616d00004851b6d9a4fbb0bd49f0f034aead,https://open.spotify.com/track/3hB5DgAiMAQ4DzYbsMq1IT
141,2017-04-20,142,Up,Stressed Out,Twenty One Pilots,572158,https://i.scdn.co/image/ab67616d00004851de03bfc2991fd5bcfde65ba3,https://open.spotify.com/track/3CRDbSIZ4r5MsZ0YwxuEkn
142,2017-04-20,143,Flat,Thinking out Loud,Ed Sheeran,572064,https://i.scdn.co/image/ab67616d00004851d08209944468440145f01524,https://open.spotify.com/track/1Slwb6dOYkBlWal1PGtnNg
143,2017-04-20,144,Down,Human,Rag'n'Bone Man,570280,https://i.scdn.co/image/ab67616d0000485190a788beadaad34ff684d3ec,https://open.spotify.com/track/58zsLZPvfflaiIbNWoA22O
144,2017-04-20,145,Down,At My Best (feat. Hailee Steinfeld),Machine Gun Kelly,569576,https://i.scdn.co/image/d5f976093a4dcbc5ea9d4c04b414207f8bdce469,https://open.spotify.com/track/77lGafvlU68CeHgB2pkHC9
145,2017-04-20,146,Up,Alguien Robo,Sebastian Yatra,569027,https://i.scdn.co/image/ab67616d0000485135e1cf8c70c60dc416956c17,https://open.spotify.com/track/5i50gKdLAjjIr7UxRT5IVy
146,2017-04-20,147,Down,Barcelona,Ed Sheeran,565309,https://i.scdn.co/image/ab67616d00004851ba5db46f4b838ef6027e6f96,https://open.spotify.com/track/3Lfiu5sZ4M4B6JaKMBc0FU
147,2017-04-20,148,Flat,Don't Leave,Snakehips,564818,https://i.scdn.co/image/ab67616d00004851b72a28b6f92b180a8a423e29,https://open.spotify.com/track/0Zx8khUcEfCFK2AEoIhC92
148,2017-04-20,149,Down,Faded,Alan Walker,562423,https://i.scdn.co/image/ab67616d00004851c4d00cac55ae1b4598c9bc90,https://open.spotify.com/track/7gHs73wELdeycvS48JfIos
149,2017-04-20,150,Down,Shed a Light,Robin Schulz,559630,https://i.scdn.co/image/ab67616d000048517be189f322bc8155c103d6c9,https://open.spotify.com/track/1cG0umU5TKStygKsPFZ9pY
150,2017-04-20,151,Up,Vacaciones,Wisin,558678,https://i.scdn.co/image/ab67616d00004851c85f0d16973e9dae6f8a786c,https://open.spotify.com/track/3dQDid3IUNhZy1OehIfYfE
151,2017-04-20,152,Down,Scars To Your Beautiful,Alessia Cara,556028,https://i.scdn.co/image/5b9e5bd34ec840f07c8530e43a76b1b5e08d8b77,https://open.spotify.com/track/0prNGof3XqfTvNDxHonvdK
152,2017-04-20,153,Down,Free Smoke,Drake,555686,https://i.scdn.co/image/6dfd956b9331fa9ea1f47ebb95311951ed72b3db,https://open.spotify.com/track/05KOgYg8PGeJyyWBPi5ja8
153,2017-04-20,154,Up,Broccoli (feat. Lil Yachty),DRAM,553218,https://i.scdn.co/image/ab67616d00004851f02a1575a59bd05998826351,https://open.spotify.com/track/7yyRTcZmCiyzzJlNzGC9Ol
154,2017-04-20,155,Down,Teenage Fever,Drake,552433,https://i.scdn.co/image/6dfd956b9331fa9ea1f47ebb95311951ed72b3db,https://open.spotify.com/track/6n3HGiq4v35D6eFOSwqYuo
155,2017-04-20,156,Down,Work from Home (feat. Ty Dolla $ign),Fifth Harmony,551613,https://i.scdn.co/image/ab67616d00004851d03fa6f4e758282b7920b5c8,https://open.spotify.com/track/4tCtwWceOPWzenK2HAIJSb
156,2017-04-20,157,Down,Supermarket Flowers,Ed Sheeran,548526,https://i.scdn.co/image/ab67616d00004851ba5db46f4b838ef6027e6f96,https://open.spotify.com/track/4VuS959DSpr82t3qBqCrWG
157,2017-04-20,158,Flat,Ride,Twenty One Pilots,546801,https://i.scdn.co/image/ab67616d00004851de03bfc2991fd5bcfde65ba3,https://open.spotify.com/track/2Z8WuEywRWYTKe1NybPQEW
158,2017-04-20,159,Down,Moves,Big Sean,544108,https://i.scdn.co/image/695d0c097d8463ccc2c2b9855fe44e3e9e7bc267,https://open.spotify.com/track/0Fv5N0cHBsl4bzCbollCAS
159,2017-04-20,160,Down,Perfect Strangers,Jonas Blue,543647,https://i.scdn.co/image/ab67616d0000485179882e87678a76bc1d895e94,https://open.spotify.com/track/1CUVN2kn7mW5FjkqXTR2W1
160,2017-04-20,161,Down,Get It Together,Drake,542967,https://i.scdn.co/image/6dfd956b9331fa9ea1f47ebb95311951ed72b3db,https://open.spotify.com/track/7y6c07pgjZvtHI9kuMVqk1
161,2017-04-20,162,Up,Te Quiero Pa´Mi,Don Omar,535396,https://i.scdn.co/image/ab67616d00004851d0cb2a58e3bf5d7ac5ece16f,https://open.spotify.com/track/3BY2mafsbsoKGqS380Xnuz
162,2017-04-20,163,Flat,This Is What You Came For,Calvin Harris,534433,https://i.scdn.co/image/ab67616d00004851d9aa52355e062f5de060adbf,https://open.spotify.com/track/0azC730Exh71aQlOt9Zj3y
163,2017-04-20,164,Down,Sorry,Justin Bieber,533941,https://i.scdn.co/image/ab67616d00004851b6d9a4fbb0bd49f0f034aead,https://open.spotify.com/track/69bp2EbF7Q2rqc5N3ylezZ
164,2017-04-20,165,Up,I Got You,Bebe Rexha,522287,https://i.scdn.co/image/ab67616d00004851809adcbcfe88c94fd2a706c1,https://open.spotify.com/track/1FUViuNSldssMIawrOXF2i
165,2017-04-20,166,Down,How Would You Feel (Paean),Ed Sheeran,520502,https://i.scdn.co/image/ab67616d00004851ba5db46f4b838ef6027e6f96,https://open.spotify.com/track/6PJ8FF6UR8FZXfEvpHkIVN
166,2017-04-20,167,Down,All We Know,The Chainsmokers,516442,https://i.scdn.co/image/ab67616d00004851ff8d8c5662a96d41433e9ee1,https://open.spotify.com/track/2rizacJSyD9S1IQUxUxnsK
167,2017-04-20,168,Up,Traicionera,Sebastian Yatra,511140,https://i.scdn.co/image/ab67616d00004851dbe5e9f934a9be5db8884c52,https://open.spotify.com/track/5J1c3M4EldCfNxXwrwt8mT
168,2017-04-20,169,Down,Lights Down Low,MAX,508232,https://i.scdn.co/image/ab67616d00004851cefb1bcf9304bf454bae7f8d,https://open.spotify.com/track/1sYSP7gKa5kdKIfhANfori
169,2017-04-20,170,Flat,Water Under the Bridge,Adele,504653,https://i.scdn.co/image/ab67616d000048514c3bbcff5e7248e415548f12,https://open.spotify.com/track/4vb4mFvYsr2h6enhjJsq9Y
170,2017-04-20,171,Up,Caroline,Aminé,501885,https://i.scdn.co/image/ab67616d00004851a7f01ef25974c10cdbbd566e,https://open.spotify.com/track/5GFDrUTLGJix84sNhjCG0g
171,2017-04-20,172,Down,Million Reasons,Lady Gaga,498446,https://i.scdn.co/image/ab67616d00004851dd0b256c733c96b653ab5cde,https://open.spotify.com/track/50PWlIBU7PlGGwzgN8TiFJ
172,2017-04-20,173,Down,By Your Side,Jonas Blue,497313,https://i.scdn.co/image/ab67616d00004851bd4b658f3aead04637924c28,https://open.spotify.com/track/1D3ODoXHBLpdxolZRHWV1j
173,2017-04-20,174,Up,This Girl (Kungs Vs. Cookin' On 3 Burners) - Kungs Vs. Cookin' On 3 Burners,Kungs,494847,https://i.scdn.co/image/ab67616d00004851f504cc56f3bd99bc61929272,https://open.spotify.com/track/0tICYNayWWhH9GPeFrfjfD
174,2017-04-20,175,Down,Peek A Boo,Lil Yachty,493892,https://i.scdn.co/image/75b22c66a283958d1a339106b855b14bd82126c0,https://open.spotify.com/track/5hx4FpDZOnDVYlyoG3rMks
175,2017-04-20,176,Up,Sunset Lover,Petit Biscuit,492370,https://i.scdn.co/image/ab67616d00004851014080d39d56c94c0b285362,https://open.spotify.com/track/0hNduWmlWmEmuwEFcYvRu1
176,2017-04-20,177,Down,Versace on the Floor,Bruno Mars,491525,https://i.scdn.co/image/ab67616d00004851232711f7d66a1e19e89e28c5,https://open.spotify.com/track/0kN8xEmgMW9mh7UmDYHlJP
177,2017-04-20,178,Up,"Lose Yourself - From ""8 Mile"" Soundtrack",Eminem,489921,https://i.scdn.co/image/36440dfd440d23086573d62a32def35ecc42f111,https://open.spotify.com/track/5Z01UMMf7V1o0MzF86s6WJ
178,2017-04-20,179,Up,Panda,Desiigner,479913,https://i.scdn.co/image/ab67616d000048513df69bfb7713d8262820612b,https://open.spotify.com/track/5OOkp4U9P9oL23maHFHL1h
179,2017-04-20,180,Up,Lean On (feat. MØ & DJ Snake),Major Lazer,478636,https://i.scdn.co/image/ab67616d000048519f55dad3a63f72f1bc8d6f59,https://open.spotify.com/track/4WjH9Bzt3kx7z8kl0awxh4
180,2017-04-20,181,Down,The Other,Lauv,478095,https://i.scdn.co/image/ab67616d000048513c6e07056b26bb9804a596da,https://open.spotify.com/track/1lntL1cI2UIWlxjL5QiN8g
181,2017-04-20,182,Down,No Problem (feat. Lil Wayne & 2 Chainz),Chance the Rapper,476992,https://i.scdn.co/image/ab67616d00004851e71dd15fc5bdefd5bff70452,https://open.spotify.com/track/0v9Wz8o0BT8DU38R4ddjeH
182,2017-04-20,183,Up,"Sucker For Pain (with Wiz Khalifa, Imagine Dragons, Logic & Ty Dolla $ign feat. X Ambassadors)",Lil Wayne,474460,https://i.scdn.co/image/ab67616d000048517d8dfcfd507069d7f2062caf,https://open.spotify.com/track/4dASQiO1Eoo3RJvt74FtXB
183,2017-04-20,184,Down,7 Years,Lukas Graham,472418,https://i.scdn.co/image/ab67616d0000485104d59cefa11f0eee9f1877a5,https://open.spotify.com/track/7129iqBafaphfc3WPCGC0L
184,2017-04-20,185,Flat,Alone,Alan Walker,471694,https://i.scdn.co/image/ab67616d00004851f00ade2f88d8223521bc7f76,https://open.spotify.com/track/0JiVRyTJcJnmlwCZ854K4p
185,2017-04-20,186,Down,Cake By The Ocean,DNCE,470585,https://i.scdn.co/image/ab67616d00004851a19a2912e1618ada66b2e6e8,https://open.spotify.com/track/2aFiaMXmWsM3Vj72F9ksBl
186,2017-04-20,187,Down,Black SpiderMan,Logic,469724,https://i.scdn.co/image/08f9ccb7875a87c07c79c1ccd5319263786c55ea,https://open.spotify.com/track/7BKUWh5sdtdS17crohRe4L
187,2017-04-20,188,Flat,No Lie,Sean Paul,465803,https://i.scdn.co/image/ab67616d000048514782809e4cd19cefc99048f7,https://open.spotify.com/track/3cFsmM51N5zMAuu1nNY4Tw
188,2017-04-20,189,Up,Lumbra,Cali Y El Dandee,464765,https://i.scdn.co/image/ab67616d000048511b871ef4de91bd38cac024d1,https://open.spotify.com/track/6VHdcVbiKLYYOcMbIqBcuK
189,2017-04-20,190,Flat,Party Monster,The Weeknd,461864,https://i.scdn.co/image/6aeaaebcbd861c8369b14366e8e0eca2fe96055d,https://open.spotify.com/track/4F7A0DXBrmUAkp32uenhZt
190,2017-04-20,191,Down,"Gang Up (with Young Thug, 2 Chainz & Wiz Khalifa feat. PnB Rock)",Young Thug,460631,https://i.scdn.co/image/ab67616d000048517d7076c66e4244d2f8030dbd,https://open.spotify.com/track/5PfTI3zrQbZEWcQdycMqJM
191,2017-04-20,192,Up,La Bicicleta,Carlos Vives,460547,https://i.scdn.co/image/ab67616d00004851d05d3aad30c5fb7614893cf5,https://open.spotify.com/track/0sXvAOmXgjR2QUqLK1MltU
192,2017-04-20,193,Down,Nancy Mulligan,Ed Sheeran,457214,https://i.scdn.co/image/ab67616d00004851ba5db46f4b838ef6027e6f96,https://open.spotify.com/track/35QZaWQRkmnAVqBF1TLCxQ
193,2017-04-20,194,Down,KMT,Drake,454176,https://i.scdn.co/image/6dfd956b9331fa9ea1f47ebb95311951ed72b3db,https://open.spotify.com/track/2jTujnt0y344ai1rNOywgr
194,2017-04-20,195,Up,Oceans Away,A R I Z O N A,447295,https://i.scdn.co/image/ab67616d0000485150a25f1cb71018982b81ca2b,https://open.spotify.com/track/6A8dnC0xkiuWN4BshmTB2I
195,2017-04-20,196,Down,"i hate u, i love u (feat. olivia o'brien)",gnash,445930,https://i.scdn.co/image/ab67616d0000485108862f843ea27f44f8e8cbd8,https://open.spotify.com/track/7vRriwrloYVaoAe3a9wJHe
196,2017-04-20,197,New,White Iverson,Post Malone,444728,https://i.scdn.co/image/23bae95100dcb6ac8f88c19fa2a11c50a998a926,https://open.spotify.com/track/6eT7xZZlB2mwyzJ2sUKG6w
197,2017-04-20,198,New,Too Good,Drake,438697,https://i.scdn.co/image/ab67616d00004851726abca207567d5e41cb9667,https://open.spotify.com/track/11KJSRSgaDxqydKYiD2Jew
198,2017-04-20,199,New,Capsize,FRENSHIP,438655,https://i.scdn.co/image/ab67616d00004851670048174db73ef55039c7bf,https://open.spotify.com/track/2XMTqoHHSH0lvuXrvIEdco
199,2017-04-20,200,New,Deja vu,Prince Royce,437290,https://i.scdn.co/image/ab67616d000048516c1180ae683cc09d840a9163,https://open.spotify.com/track/46HdsiK0uR26B2dY9QPzda
