,Date,Position,Trend,Title,Artist,Streams,Icon_URL,Spotify_URL
0,2017-04-24,1,Flat,Despacito - Remix,Luis Fonsi,5837415,https://i.scdn.co/image/ab67616d00004851d8559d0280ffe2a2af6dacdf,https://open.spotify.com/track/5CtI0qwDJkDQGwXD1H1cLb
1,2017-04-24,2,Flat,Shape of You,Ed Sheeran,5118118,https://i.scdn.co/image/ab67616d00004851ba5db46f4b838ef6027e6f96,https://open.spotify.com/track/7qiZfU4dY1lWllzX7mPBI3
2,2017-04-24,3,Flat,HUMBLE.,Kendrick Lamar,5069477,https://i.scdn.co/image/ae1f239b41e9604a66eb900834c6887cd2f62ff1,https://open.spotify.com/track/7KXjTSCq5nL1LoYtL7XAwS
3,2017-04-24,4,Flat,Something Just Like This,The Chainsmokers,3557569,https://i.scdn.co/image/ab67616d000048510c13d3d5a503c84fcc60ae94,https://open.spotify.com/track/6RUKPb4LETWmmr3iAEQktW
4,2017-04-24,5,Up,DNA.,Kendrick Lamar,3376282,https://i.scdn.co/image/ae1f239b41e9604a66eb900834c6887cd2f62ff1,https://open.spotify.com/track/6HZILIRieu8S0iqY8kIKhj
5,2017-04-24,6,Down,Mask Off,Future,3319188,https://i.scdn.co/image/ab67616d00004851356884f85665ebdd79223fdf,https://open.spotify.com/track/3rOSwuTsUlJp0Pu0MkN8r8
6,2017-04-24,7,Down,It Ain't Me (with Selena Gomez),Kygo,3305851,https://i.scdn.co/image/ab67616d0000485141f289940f2e6a0d51988d77,https://open.spotify.com/track/3eR23VReFzcdmS7TYCrhCe
7,2017-04-24,8,Down,Passionfruit,Drake,3109264,https://i.scdn.co/image/ab67616d000048515ea859dc94365abd9fd84fd6,https://open.spotify.com/track/7hDc8b7IXETo14hHIHdnhd
8,2017-04-24,9,Flat,Stay (with Alessia Cara),Zedd,3086610,https://i.scdn.co/image/ab67616d0000485191a70f95efc3400f696e89cc,https://open.spotify.com/track/0dA2Mk56wEzDgegdC6R17g
9,2017-04-24,10,Flat,That's What I Like,Bruno Mars,2966964,https://i.scdn.co/image/ab67616d00004851232711f7d66a1e19e89e28c5,https://open.spotify.com/track/0KKkJNfGyhkQ5aFogxQAPU
10,2017-04-24,11,Flat,Symphony (feat. Zara Larsson),Clean Bandit,2948016,https://i.scdn.co/image/ab67616d000048515b1130d050c4cd2295999d85,https://open.spotify.com/track/1x5sYLZiu9r5E43kMlt9f8
11,2017-04-24,12,Flat,Despacito (Featuring Daddy Yankee),Luis Fonsi,2774047,https://i.scdn.co/image/ab67616d00004851a5971936e3b8d91f8b616b17,https://open.spotify.com/track/4aWmUDTfIPGksMNLV2rQP2
12,2017-04-24,13,Flat,Swalla (feat. Nicki Minaj & Ty Dolla $ign),Jason Derulo,2505204,https://i.scdn.co/image/ab67616d000048519d6522bee68370fa5592301d,https://open.spotify.com/track/6kex4EBAj0WHXDKZMEJaaF
13,2017-04-24,14,Flat,Galway Girl,Ed Sheeran,2343647,https://i.scdn.co/image/ab67616d00004851ba5db46f4b838ef6027e6f96,https://open.spotify.com/track/0afhq8XCExXpqazXczTSve
14,2017-04-24,15,Flat,Slide,Calvin Harris,2275052,https://i.scdn.co/image/ab67616d000048514d3fa5ce7ba599f4fd7803ef,https://open.spotify.com/track/7tr2za8SQg2CI8EDgrdtNl
15,2017-04-24,16,Flat,Issues,Julia Michaels,2194334,https://i.scdn.co/image/ab67616d000048519615e35e0e9e4b2c3dccb520,https://open.spotify.com/track/1sXUWdKx03aP9Gmzft58rt
16,2017-04-24,17,Up,LOYALTY. FEAT. RIHANNA.,Kendrick Lamar,2189512,https://i.scdn.co/image/ae1f239b41e9604a66eb900834c6887cd2f62ff1,https://open.spotify.com/track/6SwRhMLwNqEi6alNPVG00n
17,2017-04-24,18,Down,Scared to Be Lonely,Martin Garrix,2159748,https://i.scdn.co/image/ab67616d0000485164f8a309aa3c0a66a31fc374,https://open.spotify.com/track/3ebXMykcMXOcLeJ9xZ17XH
18,2017-04-24,19,Down,Paris,The Chainsmokers,2058572,https://i.scdn.co/image/ab67616d000048510c13d3d5a503c84fcc60ae94,https://open.spotify.com/track/72jbDTw1piOOj770jWNeaG
19,2017-04-24,20,Up,ELEMENT.,Kendrick Lamar,2050866,https://i.scdn.co/image/ae1f239b41e9604a66eb900834c6887cd2f62ff1,https://open.spotify.com/track/1EaKU4dMbesXXd3BrLCtYG
20,2017-04-24,21,Down,Sign of the Times,Harry Styles,2021637,https://i.scdn.co/image/ab67616d000048516c619c39c853f8b1d67b7859,https://open.spotify.com/track/5Ohxk2dO5COHF1krpoPigN
21,2017-04-24,22,Down,XO TOUR Llif3,Lil Uzi Vert,2014738,https://i.scdn.co/image/ab67616d0000485115531ec8568373f631db9786,https://open.spotify.com/track/2eMwDehkIC1j68U6FA3Eiq
22,2017-04-24,23,Up,There's Nothing Holdin' Me Back,Shawn Mendes,1976557,https://i.scdn.co/image/ab67616d00004851f9cbd0c07513a7232cd6b9a7,https://open.spotify.com/track/79cuOz3SPQTuFrp8WgftAu
23,2017-04-24,24,Down,You Don't Know Me - Radio Edit,Jax Jones,1925945,https://i.scdn.co/image/ab67616d00004851dd05a1716e2f07a07b8ccfe3,https://open.spotify.com/track/00lNx0OcTJrS3MKHcB80HY
24,2017-04-24,25,Flat,LOVE. FEAT. ZACARI.,Kendrick Lamar,1925630,https://i.scdn.co/image/ae1f239b41e9604a66eb900834c6887cd2f62ff1,https://open.spotify.com/track/6PGoSes0D9eUDeeAafB2As
25,2017-04-24,26,Down,iSpy (feat. Lil Yachty),KYLE,1855791,https://i.scdn.co/image/ab67616d0000485132e373f2988bc6596a542d1c,https://open.spotify.com/track/2EEeOnHehOozLq4aS0n6SL
26,2017-04-24,27,Down,Cold,Maroon 5,1787322,https://i.scdn.co/image/ab67616d000048514727f9e79c338683c5bf8921,https://open.spotify.com/track/5NNlUMcOEOdoOIwwaWXv0k
27,2017-04-24,28,Flat,Believer,Imagine Dragons,1784674,https://i.scdn.co/image/ab67616d000048517956bd9a3d7a15e4c2e37cc6,https://open.spotify.com/track/0CcQNd8CINkwQfe1RDtGV6
28,2017-04-24,29,Flat,"I Don’t Wanna Live Forever (Fifty Shades Darker) - From ""Fifty Shades Darker (Original Motion Picture Soundtrack)""",ZAYN,1707351,https://i.scdn.co/image/ab67616d000048512ae921f082ae5db4d3da818f,https://open.spotify.com/track/3NdDpSvN911VPGivFlV5d0
29,2017-04-24,30,Flat,Rockabye (feat. Sean Paul & Anne-Marie),Clean Bandit,1651272,https://i.scdn.co/image/ab67616d000048511431c3bdf16aa99f71799d95,https://open.spotify.com/track/5knuzwU65gJK7IF5yJsuaW
30,2017-04-24,31,Up,Good Life (with G-Eazy & Kehlani),G-Eazy,1650659,https://i.scdn.co/image/ab67616d00004851fcc36f9c0515e6e7faa2030b,https://open.spotify.com/track/1Eck97uRMlprKOOJN9oO1E
31,2017-04-24,32,Down,SUBEME LA RADIO,Enrique Iglesias,1617766,https://i.scdn.co/image/ab67616d000048515366ff028970205a29d558ed,https://open.spotify.com/track/7nKBxz47S9SD79N086fuhn
32,2017-04-24,33,Up,Location,Khalid,1568544,https://i.scdn.co/image/ab67616d00004851988ede5e1276e758b5f9e577,https://open.spotify.com/track/152lZdxL1OR0ZMW6KquMif
33,2017-04-24,34,Flat,Solo Dance,Martin Jensen,1562848,https://i.scdn.co/image/ab67616d00004851950d67dbe3f31f1d9a5d06a2,https://open.spotify.com/track/6HUnnBwYZqcED1eQztxMBN
34,2017-04-24,35,Up,Call On Me - Ryan Riback Extended Remix,Starley,1559032,https://i.scdn.co/image/ab67616d000048519d4079afc73664f86f055400,https://open.spotify.com/track/78rIJddV4X0HkNAInEcYde
35,2017-04-24,36,Down,Congratulations,Post Malone,1550259,https://i.scdn.co/image/23bae95100dcb6ac8f88c19fa2a11c50a998a926,https://open.spotify.com/track/3a1lNhkSLSkpJE4MSHpDu9
36,2017-04-24,37,Down,Me Rehúso,Danny Ocean,1535687,https://i.scdn.co/image/ab67616d00004851a75bd33684083600569dd3bf,https://open.spotify.com/track/6De0lHrwBfPfrhorm9q1Xl
37,2017-04-24,38,Flat,I Feel It Coming,The Weeknd,1526955,https://i.scdn.co/image/b3683184efeb899b2d1a02f4957d0c630dc10b0b,https://open.spotify.com/track/5GXAXm5YOmYT0kL5jHvYBt
38,2017-04-24,39,Up,Closer,The Chainsmokers,1430244,https://i.scdn.co/image/ab67616d00004851495ce6da9aeb159e94eaa453,https://open.spotify.com/track/7BKLCZ1jbUBVqRi2FVlTVw
39,2017-04-24,40,Up,XXX. FEAT. U2.,Kendrick Lamar,1416933,https://i.scdn.co/image/ae1f239b41e9604a66eb900834c6887cd2f62ff1,https://open.spotify.com/track/4iYRa2btalAzPZoSYfROqF
40,2017-04-24,41,Down,Castle on the Hill,Ed Sheeran,1393556,https://i.scdn.co/image/ab67616d00004851ba5db46f4b838ef6027e6f96,https://open.spotify.com/track/6PCUP3dWmTjcTtXY02oFdT
41,2017-04-24,42,Flat,Chained To The Rhythm,Katy Perry,1388145,https://i.scdn.co/image/ab67616d000048511487979a7e0181a5d0406d1a,https://open.spotify.com/track/6520aj0B4FSKGVuKNsOCOi
42,2017-04-24,43,Flat,The One,The Chainsmokers,1376555,https://i.scdn.co/image/ab67616d000048510c13d3d5a503c84fcc60ae94,https://open.spotify.com/track/0wfbD5rAksdXUzRvMfM3x5
43,2017-04-24,44,Up,The Cure,Lady Gaga,1374032,https://i.scdn.co/image/ab67616d000048514a9be9e8223db02a37e1e8fe,https://open.spotify.com/track/51PIvodunv6NmX5250zxAh
44,2017-04-24,45,Down,Portland,Drake,1371810,https://i.scdn.co/image/6dfd956b9331fa9ea1f47ebb95311951ed72b3db,https://open.spotify.com/track/2bjwRfXMk4uRgOD9IBYl9h
45,2017-04-24,46,Down,Say You Won't Let Go,James Arthur,1360727,https://i.scdn.co/image/ab67616d0000485120beb61f61fcbeb33b10a9ab,https://open.spotify.com/track/5uCax9HTNlzGybIStD3vDh
46,2017-04-24,47,Up,YAH.,Kendrick Lamar,1358654,https://i.scdn.co/image/ae1f239b41e9604a66eb900834c6887cd2f62ff1,https://open.spotify.com/track/4BHSjbYylfOH5WAGusDyni
47,2017-04-24,48,Down,Green Light,Lorde,1349345,https://i.scdn.co/image/ab67616d0000485128e1139fd3a34626351b9004,https://open.spotify.com/track/0gbBzIqrECJOEPvQJIBFs5
48,2017-04-24,49,Up,Now Or Never,Halsey,1304327,https://i.scdn.co/image/ab67616d000048519357ea2dbe932b47fe8149d6,https://open.spotify.com/track/0Nhu3zSYbEz32IYiobV75e
49,2017-04-24,50,Up,PRIDE.,Kendrick Lamar,1266669,https://i.scdn.co/image/ae1f239b41e9604a66eb900834c6887cd2f62ff1,https://open.spotify.com/track/6IZvVAP7VPPnsGX6bvgkqg
50,2017-04-24,51,Down,El Amante,Nicky Jam,1264023,https://i.scdn.co/image/ab67616d00004851d77dbcd4dbd37cdfa61771fa,https://open.spotify.com/track/3umS4y3uQDkqekNjVpiRUs
51,2017-04-24,52,Down,Chantaje (feat. Maluma),Shakira,1215080,https://i.scdn.co/image/ab67616d00004851d05d3aad30c5fb7614893cf5,https://open.spotify.com/track/6mICuAdrwEjh6Y6lroV2Kg
52,2017-04-24,53,Up,Lust for Life (with The Weeknd),Lana Del Rey,1189421,https://i.scdn.co/image/ab67616d00004851cc907289ff9b1a11a9aa7aae,https://open.spotify.com/track/5LYQSNHZxEA880URXFHg6h
53,2017-04-24,54,Up,Still Got Time,ZAYN,1175837,https://i.scdn.co/image/ab67616d000048513bfd914f72da2ed8822a634f,https://open.spotify.com/track/000xQL6tZNLJzIrtIgxqSl
54,2017-04-24,55,Down,Tunnel Vision,Kodak Black,1172248,https://i.scdn.co/image/ab67616d000048511541a676423805fc68ff3e66,https://open.spotify.com/track/4Q3N4Ct4zCuIHuZ65E3BD4
55,2017-04-24,56,Down,Starboy,The Weeknd,1171896,https://i.scdn.co/image/ab67616d000048510c8599cbde51245c128bcea9,https://open.spotify.com/track/5aAx2yezTd8zXrkmtKl66Z
56,2017-04-24,57,Down,Run Up (feat. PARTYNEXTDOOR & Nicki Minaj),Major Lazer,1170533,https://i.scdn.co/image/ab67616d000048518036d7402a6a76aed04f1f98,https://open.spotify.com/track/0fg8CqpjdojMyXLNzM2PaJ
57,2017-04-24,58,Up,FEEL.,Kendrick Lamar,1169059,https://i.scdn.co/image/ae1f239b41e9604a66eb900834c6887cd2f62ff1,https://open.spotify.com/track/2LTlO3NuNVN70lp2ZbVswF
58,2017-04-24,59,Up,No Promises (feat. Demi Lovato),Cheat Codes,1165739,https://i.scdn.co/image/ab67616d00004851e74ecdb2f1316c8f026970a8,https://open.spotify.com/track/1louJpMmzEicAn7lzDalPW
59,2017-04-24,60,Down,Weak,AJR,1142303,https://i.scdn.co/image/ab67616d00004851c5f3ca405ff6ed13dc554b94,https://open.spotify.com/track/3E2Zh20GDCR9B1EYjfXWyv
60,2017-04-24,61,Up,LUST.,Kendrick Lamar,1132914,https://i.scdn.co/image/ae1f239b41e9604a66eb900834c6887cd2f62ff1,https://open.spotify.com/track/06FCvd7rrRcF3DdvWH5Isp
61,2017-04-24,62,Up,Felices los 4,Maluma,1114994,https://i.scdn.co/image/ab67616d00004851d9732b592276542ecafa6c6d,https://open.spotify.com/track/0qYTZCo5Bwh1nsUFGZP3zn
62,2017-04-24,63,Up,Pretty Girl - Cheat Codes X CADE Remix,Maggie Lindemann,1101263,https://i.scdn.co/image/ab67616d000048517c7436e1b6273be0e7bc1a84,https://open.spotify.com/track/1NDxZ7cFAo481dtYWdrUnR
63,2017-04-24,64,Down,Perfect,Ed Sheeran,1092548,https://i.scdn.co/image/ab67616d00004851ba5db46f4b838ef6027e6f96,https://open.spotify.com/track/0tgVpDi06FyKpA1z0VMD4v
64,2017-04-24,65,Down,Selfish (feat. Rihanna),Future,1084923,https://i.scdn.co/image/ab67616d00004851968822b495da180d0792a437,https://open.spotify.com/track/2Ce5IyMlVRVvN997ZJjJJA
65,2017-04-24,66,Down,Hey Ma (with Pitbull & J Balvin feat. Camila Cabello) - Spanish Version,Pitbull,1084605,https://i.scdn.co/image/ab67616d000048513e40b472d708ea3c6bd86670,https://open.spotify.com/track/2Vdub5mY4lad7w64bFPUez
66,2017-04-24,67,Down,Touch,Little Mix,1072909,https://i.scdn.co/image/ab67616d000048512318bbb0586903290db2b270,https://open.spotify.com/track/5Ua3GXyHwiSfpNTMjq6m2z
67,2017-04-24,68,Flat,September Song,JP Cooper,1053560,https://i.scdn.co/image/ab67616d000048511400ec742ee0935608e30700,https://open.spotify.com/track/0FuTx2s3YH1ppmtiM6l0zI
68,2017-04-24,69,Up,Unforgettable,French Montana,1023585,https://i.scdn.co/image/ab67616d00004851482e95a6c610468cddf011da,https://open.spotify.com/track/1F2HXIJrE2Xn81OzT2zZvW
69,2017-04-24,70,Up,The Night We Met,Lord Huron,1018257,https://i.scdn.co/image/ab67616d00004851ee6611c95f868e465c98a0b2,https://open.spotify.com/track/6mORGLOz79w6VsCRLWYYuK
70,2017-04-24,71,Down,Fake Love,Drake,994713,https://i.scdn.co/image/6dfd956b9331fa9ea1f47ebb95311951ed72b3db,https://open.spotify.com/track/343YBumqHu19cGoGARUTsd
71,2017-04-24,72,Down,Happier,Ed Sheeran,961021,https://i.scdn.co/image/ab67616d00004851ba5db46f4b838ef6027e6f96,https://open.spotify.com/track/2RttW7RAu5nOAfq6YFvApB
72,2017-04-24,73,Flat,Let Me Love You,DJ Snake,938747,https://i.scdn.co/image/ab67616d000048515045de6786e0af096de73ed4,https://open.spotify.com/track/4pdPtRcBmOSQDlJ3Fk945m
73,2017-04-24,74,Up,Tuesday,Burak Yeter,929772,https://i.scdn.co/image/069b0b8dc1285ba4d2bd7f2536abfce84598d130,https://open.spotify.com/track/7abpmGpF7PGep2rDU68GBR
74,2017-04-24,75,Down,Bounce Back,Big Sean,929626,https://i.scdn.co/image/695d0c097d8463ccc2c2b9855fe44e3e9e7bc267,https://open.spotify.com/track/0SGkqnVQo9KPytSri1H6cF
75,2017-04-24,76,Down,Bad and Boujee (feat. Lil Uzi Vert),Migos,923845,https://i.scdn.co/image/ab67616d0000485199a8ab6da9d593939302828a,https://open.spotify.com/track/4Km5HrUvYTaSUfiSGPJeQR
76,2017-04-24,77,Up,do re mi,blackbear,920130,https://i.scdn.co/image/25560e082d8ff78217dd6594d18f827a4049cc63,https://open.spotify.com/track/3Q3myFA7q4Op95DOpHplaY
77,2017-04-24,78,Down,One Dance,Drake,918852,https://i.scdn.co/image/ab67616d00004851726abca207567d5e41cb9667,https://open.spotify.com/track/1xznGGDReH1oQq0xzbwXa3
78,2017-04-24,79,Up,FEAR.,Kendrick Lamar,907406,https://i.scdn.co/image/ae1f239b41e9604a66eb900834c6887cd2f62ff1,https://open.spotify.com/track/23luOrEVHMfoX0AhfbQuS6
79,2017-04-24,80,Down,"How Far I'll Go - From ""Moana""",Alessia Cara,904118,https://i.scdn.co/image/ab67616d00004851fb128b1eda22335050f584fe,https://open.spotify.com/track/5hYTyyh2odQKphUbMqc5gN
80,2017-04-24,81,Down,Sigo Extrañándote,J Balvin,891838,https://i.scdn.co/image/ab67616d00004851338ffc4c72a192f06070546b,https://open.spotify.com/track/6qDF4wWL49CAVbgT7yuHl8
81,2017-04-24,82,Down,goosebumps,Travis Scott,891380,https://i.scdn.co/image/ab67616d00004851f54b99bf27cda88f4a7403ce,https://open.spotify.com/track/6gBFPUFcJLzWGx4lenP6h2
82,2017-04-24,83,Down,Body Like A Back Road,Sam Hunt,881634,https://i.scdn.co/image/ab67616d000048519eccbdab1110afc4d5a186a8,https://open.spotify.com/track/7mldq42yDuxiUNn08nvzHO
83,2017-04-24,84,Up,Escápate Conmigo,Wisin,878711,https://i.scdn.co/image/ab67616d000048512b02904e5404ad6069c16a4f,https://open.spotify.com/track/2cnKEkpVUSV4wnjQiTWfH6
84,2017-04-24,85,Up,GOD.,Kendrick Lamar,865418,https://i.scdn.co/image/ae1f239b41e9604a66eb900834c6887cd2f62ff1,https://open.spotify.com/track/5p3NP9mQblDsVJLdfNZJ3I
85,2017-04-24,86,Up,DUCKWORTH.,Kendrick Lamar,830511,https://i.scdn.co/image/ae1f239b41e9604a66eb900834c6887cd2f62ff1,https://open.spotify.com/track/0y9uTzK9cNKSAEHnpeRG8C
86,2017-04-24,87,Down,Otra vez (feat. J Balvin),Zion & Lennox,829791,https://i.scdn.co/image/ab67616d0000485182eabf564ddc57325a84dd50,https://open.spotify.com/track/3QwBODjSEzelZyVjxPOHdq
87,2017-04-24,88,Down,24K Magic,Bruno Mars,821679,https://i.scdn.co/image/ab67616d00004851232711f7d66a1e19e89e28c5,https://open.spotify.com/track/6b8Be6ljOzmkOmFslEb23P
88,2017-04-24,89,Flat,Hear Me Now,Alok,821511,https://i.scdn.co/image/e308bad29e4cf6dc8aa5cd97449ef71bbb893d40,https://open.spotify.com/track/1a5Yu5L18qNxVhXx38njON
89,2017-04-24,90,Up,Gyalchester,Drake,814011,https://i.scdn.co/image/6dfd956b9331fa9ea1f47ebb95311951ed72b3db,https://open.spotify.com/track/6UjfByV1lDLW0SOVQA4NAi
90,2017-04-24,91,Up,BLOOD.,Kendrick Lamar,811346,https://i.scdn.co/image/ae1f239b41e9604a66eb900834c6887cd2f62ff1,https://open.spotify.com/track/1n4jwRVXdkK2U34nBDUKKT
91,2017-04-24,92,Down,T-Shirt,Migos,810024,https://i.scdn.co/image/ab67616d0000485199a8ab6da9d593939302828a,https://open.spotify.com/track/7KOlJ92bu51cltsD9KU5I7
92,2017-04-24,93,Down,Starving,Hailee Steinfeld,806422,https://i.scdn.co/image/ab67616d00004851612495ee5769c99125031be2,https://open.spotify.com/track/1qOLh0tI7trd1zdDKxYZTe
93,2017-04-24,94,Down,La Rompe Corazones,Daddy Yankee,800218,https://i.scdn.co/image/ab67616d00004851b84a36483e43bfbcb931fcde,https://open.spotify.com/track/4okba5wu9mMLXx79DXLKi3
94,2017-04-24,95,Flat,Ahora Dice,Chris Jeday,799942,https://i.scdn.co/image/ab67616d000048513a142c7e7fc7863dc1a256ed,https://open.spotify.com/track/22eADXu8DfOAUEDw4vU8qy
95,2017-04-24,96,Down,Reggaetón Lento (Bailemos),CNCO,795288,https://i.scdn.co/image/ab67616d000048517db0f7ac4c612cce26ccacf9,https://open.spotify.com/track/3AEZUABDXNtecAOSC1qTfo
96,2017-04-24,97,Down,Look At Me!,XXXTENTACION,792846,https://i.scdn.co/image/ab67616d0000485125b5901b8bcf902f54d466d9,https://open.spotify.com/track/4ARPvK8DHLwt4oX65ZAFMw
97,2017-04-24,98,Down,Don't Wanna Know,Maroon 5,790224,https://i.scdn.co/image/ab67616d00004851eec1912bbc2ff74b8203fe5f,https://open.spotify.com/track/5MFzQMkrl1FOOng9tq6R9r
98,2017-04-24,99,Up,Hard Times,Paramore,778776,https://i.scdn.co/image/ab67616d00004851dbd83e179619408e5d05cc99,https://open.spotify.com/track/0w5Bdu51Ka25Pf3hojsKHh
99,2017-04-24,100,Up,Attention,Charlie Puth,774273,https://i.scdn.co/image/ab67616d00004851db21a273452f0637cdbc35aa,https://open.spotify.com/track/4iLqG9SeJSnt0cSPICSjxv
100,2017-04-24,101,Down,Swang,Rae Sremmurd,770687,https://i.scdn.co/image/16293ab3b4f9301aeb5f41810fd7056d463db55e,https://open.spotify.com/track/6mapJIPnQ23RTAevUoE0DL
101,2017-04-24,102,Flat,Dive,Ed Sheeran,740267,https://i.scdn.co/image/ab67616d00004851ba5db46f4b838ef6027e6f96,https://open.spotify.com/track/51ChrwmUPDJvedPQnIU8Ls
102,2017-04-24,103,Down,All Time Low,Jon Bellion,738933,https://i.scdn.co/image/ff06a4138a99d272c24d2f6da9b5ea6067c054db,https://open.spotify.com/track/1CnPYaKxTVb4LWOtiGOm0m
103,2017-04-24,104,Down,"Sola (Remix) [feat. Daddy Yankee, Wisin, Farruko, Zion & Lennox]",Anuel AA,733670,https://i.scdn.co/image/ab67616d00004851a66def7d649149464edc8f1e,https://open.spotify.com/track/5q2JbCNi4FcnglgPfxcV65
104,2017-04-24,105,Down,Redbone,Childish Gambino,730862,https://i.scdn.co/image/ab67616d000048510b97e56ffad7c6211aa848f8,https://open.spotify.com/track/3kxfsdsCpFgN412fpnW85Y
105,2017-04-24,106,Up,History,Olivia Holt,723295,https://i.scdn.co/image/ab67616d000048519e21eab426152ef9078d6b94,https://open.spotify.com/track/0WCEaydwN65cvwaW8aqptF
106,2017-04-24,107,Down,Don't Let Me Down,The Chainsmokers,715307,https://i.scdn.co/image/ab67616d0000485108d87fb54859bc9038f7e5e0,https://open.spotify.com/track/0QsvXIfqM0zZoerQfsI9lm
107,2017-04-24,108,Up,Drowning (feat. Kodak Black),A Boogie Wit da Hoodie,704877,https://i.scdn.co/image/ab67616d0000485131d8918139b720e4141adeec,https://open.spotify.com/track/6Q2FftbUG530lCtBI74bMH
108,2017-04-24,109,Flat,Blem,Drake,688553,https://i.scdn.co/image/6dfd956b9331fa9ea1f47ebb95311951ed72b3db,https://open.spotify.com/track/2XlHu0HcujBCkWMdIAvrqt
109,2017-04-24,110,Up,Break Up Every Night,The Chainsmokers,687667,https://i.scdn.co/image/ab67616d000048510c13d3d5a503c84fcc60ae94,https://open.spotify.com/track/6cPyTS0Kk2sc4xQwC93kOg
110,2017-04-24,111,Down,Me Llamas (feat. Maluma) - Remix,Piso 21,679263,https://i.scdn.co/image/ab67616d000048511e1eafb5d2bb1ca39d26f092,https://open.spotify.com/track/5hEM0JchdVzQ5PwvSfITeX
111,2017-04-24,112,Up,Everyday,Ariana Grande,679083,https://i.scdn.co/image/ab67616d000048517227f5854239a059af211d5b,https://open.spotify.com/track/3FiE2d325mIOc4YjkSLVJR
112,2017-04-24,113,Up,Treat You Better,Shawn Mendes,672415,https://i.scdn.co/image/ab67616d00004851188e6332f32088921ab1eaf8,https://open.spotify.com/track/4Hf7WnR761jpxPr5D46Bcd
113,2017-04-24,114,Up,Heatstroke,Calvin Harris,669876,https://i.scdn.co/image/ab67616d000048514d3fa5ce7ba599f4fd7803ef,https://open.spotify.com/track/60APt5N2NRaKWf5xzJdzyC
114,2017-04-24,115,Up,Obsession (feat. Jon Bellion),Vice,666213,https://i.scdn.co/image/ab67616d00004851db6496aa86b190fb114b9d0c,https://open.spotify.com/track/5pvVAwQbuFoR7LkcicrKnk
115,2017-04-24,116,Down,Cold Water (feat. Justin Bieber & MØ),Major Lazer,659733,https://i.scdn.co/image/ab67616d000048512e8f1cca2bc8c9d55930523b,https://open.spotify.com/track/6DNtNfH8hXkqOX1sjqmI7p
116,2017-04-24,117,Up,Ciao Adios,Anne-Marie,659171,https://i.scdn.co/image/ab67616d0000485119f06fd0fc43d3ebed4f041d,https://open.spotify.com/track/3EfugazgSddQvzZpkof5I4
117,2017-04-24,118,Down,"CAN'T STOP THE FEELING! (Original Song from DreamWorks Animation's ""TROLLS"")",Justin Timberlake,658399,https://i.scdn.co/image/ab67616d00004851ef37416970812293c08e8a78,https://open.spotify.com/track/6JV2JOEocMgcZxYSZelKcc
118,2017-04-24,119,Down,Side To Side,Ariana Grande,653081,https://i.scdn.co/image/ab67616d000048517227f5854239a059af211d5b,https://open.spotify.com/track/4pLwZjInHj3SimIyN9SnOz
119,2017-04-24,120,Down,Rolex,Ayo & Teo,649132,https://i.scdn.co/image/ab67616d0000485179dbd95fbdf6b0d617bd32dd,https://open.spotify.com/track/0pSBuHjILhNEo55xK1zrRt
120,2017-04-24,121,Down,In the Name of Love,Martin Garrix,644652,https://i.scdn.co/image/ab67616d00004851923db3f255cd48a6d5783ebf,https://open.spotify.com/track/04DwTuZ2VBdJCCC5TROn7L
121,2017-04-24,122,Up,Mercy,Shawn Mendes,635430,https://i.scdn.co/image/ab67616d00004851188e6332f32088921ab1eaf8,https://open.spotify.com/track/4TZy1wLyHec06pwgFYDh1a
122,2017-04-24,123,Up,Me Enamoré,Shakira,632516,https://i.scdn.co/image/ab67616d00004851d05d3aad30c5fb7614893cf5,https://open.spotify.com/track/4qknM1pQz53QOyfDVTjcM9
123,2017-04-24,124,Down,All Night,The Vamps,631993,https://i.scdn.co/image/ab67616d00004851f03c9779c27137669304ea20,https://open.spotify.com/track/1yNyoWWWikbLhwIGWjZuDW
124,2017-04-24,125,Down,"Ay Mi Dios (feat. Pitbull, Yandel & Chacal)",IAmChino,630155,https://i.scdn.co/image/ab67616d000048511568fbc07414eb185c58ef62,https://open.spotify.com/track/6stYbAJgTszHAHZMPxWWCY
125,2017-04-24,126,Up,Love On The Brain,Rihanna,624895,https://i.scdn.co/image/ddc285ca9817c96c7719b3f2a759e108787db021,https://open.spotify.com/track/2aksifNn5ph8igDOkPBA02
126,2017-04-24,127,Down,What Do I Know?,Ed Sheeran,623251,https://i.scdn.co/image/ab67616d00004851ba5db46f4b838ef6027e6f96,https://open.spotify.com/track/2pJZ1v8HezrAoZ0Fhzby92
127,2017-04-24,128,Down,I Took A Pill In Ibiza - Seeb Remix,Mike Posner,614139,https://i.scdn.co/image/ab67616d0000485140512e02a594e3378c0256e6,https://open.spotify.com/track/17Fd6Yb7mSbinKG8LoWfFl
128,2017-04-24,129,Up,Just Hold On,Steve Aoki,608391,https://i.scdn.co/image/ab67616d0000485122e2ce2de8bad6d67ee69b48,https://open.spotify.com/track/3EmmCZoqpWOTY1g2GBwJoR
129,2017-04-24,130,Up,Photograph,Ed Sheeran,608360,https://i.scdn.co/image/ab67616d00004851d08209944468440145f01524,https://open.spotify.com/track/6fxVffaTuwjgEk5h9QyRjy
130,2017-04-24,131,Up,Bad Bitch (feat. Ty Dolla $ign),Bebe Rexha,605858,https://i.scdn.co/image/ab67616d0000485166ae1fd71a3e5779e98e277a,https://open.spotify.com/track/4ZJPwET9Jrgpkqi4Vo3Yg8
131,2017-04-24,132,Up,At My Best (feat. Hailee Steinfeld),Machine Gun Kelly,605810,https://i.scdn.co/image/d5f976093a4dcbc5ea9d4c04b414207f8bdce469,https://open.spotify.com/track/77lGafvlU68CeHgB2pkHC9
132,2017-04-24,133,Flat,TG4M,Zara Larsson,600238,https://i.scdn.co/image/ab67616d000048519e1683774b22648f4f178ed3,https://open.spotify.com/track/4uoumbAMEMaKdtiv763jKz
133,2017-04-24,134,Down,Vente Pa' Ca,Ricky Martin,594960,https://i.scdn.co/image/ab67616d000048513d90f5938459be40b7b6652a,https://open.spotify.com/track/7DM4BPaS7uofFul3ywMe46
134,2017-04-24,135,Down,Heathens,Twenty One Pilots,582267,https://i.scdn.co/image/ab67616d000048512ca3ba8f334ca5a5f0312efb,https://open.spotify.com/track/6i0V12jOa3mr6uu4WYhUBr
135,2017-04-24,136,Down,New Man,Ed Sheeran,578929,https://i.scdn.co/image/ab67616d00004851ba5db46f4b838ef6027e6f96,https://open.spotify.com/track/5HDPtsnyb3maFmPL8LLUTG
136,2017-04-24,137,Down,We Don't Talk Anymore,Charlie Puth,575406,https://i.scdn.co/image/ab67616d00004851c0e28105f0533c52717c46c2,https://open.spotify.com/track/68EMU2RD1ECNeOeJ5qAXCV
137,2017-04-24,138,Down,Skin,Rag'n'Bone Man,572407,https://i.scdn.co/image/ab67616d0000485190a788beadaad34ff684d3ec,https://open.spotify.com/track/6y2Kaz9QI01XBKJ8mTb7Pf
138,2017-04-24,139,Up,Cheap Thrills,Sia,565147,https://i.scdn.co/image/ab67616d0000485149e0134c686547c28b7c999f,https://open.spotify.com/track/27SdWb2rFzO6GWiYDBTD9j
139,2017-04-24,140,Down,Safari,J Balvin,557406,https://i.scdn.co/image/ab67616d00004851338ffc4c72a192f06070546b,https://open.spotify.com/track/6rQSrBHf7HlZjtcMZ4S4bO
140,2017-04-24,141,Up,Thinking out Loud,Ed Sheeran,546966,https://i.scdn.co/image/ab67616d00004851d08209944468440145f01524,https://open.spotify.com/track/1Slwb6dOYkBlWal1PGtnNg
141,2017-04-24,142,Up,Alguien Robo,Sebastian Yatra,545810,https://i.scdn.co/image/ab67616d0000485135e1cf8c70c60dc416956c17,https://open.spotify.com/track/5i50gKdLAjjIr7UxRT5IVy
142,2017-04-24,143,Flat,Love Yourself,Justin Bieber,544879,https://i.scdn.co/image/ab67616d00004851b6d9a4fbb0bd49f0f034aead,https://open.spotify.com/track/3hB5DgAiMAQ4DzYbsMq1IT
143,2017-04-24,144,Down,My Way,Calvin Harris,540864,https://i.scdn.co/image/ab67616d000048518d12bc5e3ea5c9f4a967de32,https://open.spotify.com/track/1vvNmPOiUuyCbgWmtc6yfm
144,2017-04-24,145,Down,Stressed Out,Twenty One Pilots,535718,https://i.scdn.co/image/ab67616d00004851de03bfc2991fd5bcfde65ba3,https://open.spotify.com/track/3CRDbSIZ4r5MsZ0YwxuEkn
145,2017-04-24,146,Up,Moves,Big Sean,531838,https://i.scdn.co/image/695d0c097d8463ccc2c2b9855fe44e3e9e7bc267,https://open.spotify.com/track/0Fv5N0cHBsl4bzCbollCAS
146,2017-04-24,147,Down,Black Beatles,Rae Sremmurd,531014,https://i.scdn.co/image/16293ab3b4f9301aeb5f41810fd7056d463db55e,https://open.spotify.com/track/6fujklziTHa8uoM5OQSfIo
147,2017-04-24,148,Up,Faded,Alan Walker,530991,https://i.scdn.co/image/ab67616d00004851c4d00cac55ae1b4598c9bc90,https://open.spotify.com/track/7gHs73wELdeycvS48JfIos
148,2017-04-24,149,Down,Human,Rag'n'Bone Man,530034,https://i.scdn.co/image/ab67616d0000485190a788beadaad34ff684d3ec,https://open.spotify.com/track/58zsLZPvfflaiIbNWoA22O
149,2017-04-24,150,Down,Vacaciones,Wisin,526668,https://i.scdn.co/image/ab67616d00004851c85f0d16973e9dae6f8a786c,https://open.spotify.com/track/3dQDid3IUNhZy1OehIfYfE
150,2017-04-24,151,Up,Bad Things (with Camila Cabello),Machine Gun Kelly,520915,https://i.scdn.co/image/d5f976093a4dcbc5ea9d4c04b414207f8bdce469,https://open.spotify.com/track/1PSBzsahR2AKwLJgx8ehBj
151,2017-04-24,152,Up,Scars To Your Beautiful,Alessia Cara,520729,https://i.scdn.co/image/5b9e5bd34ec840f07c8530e43a76b1b5e08d8b77,https://open.spotify.com/track/0prNGof3XqfTvNDxHonvdK
152,2017-04-24,153,Up,Barcelona,Ed Sheeran,516178,https://i.scdn.co/image/ab67616d00004851ba5db46f4b838ef6027e6f96,https://open.spotify.com/track/3Lfiu5sZ4M4B6JaKMBc0FU
153,2017-04-24,154,Up,Supermarket Flowers,Ed Sheeran,515817,https://i.scdn.co/image/ab67616d00004851ba5db46f4b838ef6027e6f96,https://open.spotify.com/track/4VuS959DSpr82t3qBqCrWG
154,2017-04-24,155,Up,Teenage Fever,Drake,514821,https://i.scdn.co/image/6dfd956b9331fa9ea1f47ebb95311951ed72b3db,https://open.spotify.com/track/6n3HGiq4v35D6eFOSwqYuo
155,2017-04-24,156,Down,Te Quiero Pa´Mi,Don Omar,512785,https://i.scdn.co/image/ab67616d00004851d0cb2a58e3bf5d7ac5ece16f,https://open.spotify.com/track/3BY2mafsbsoKGqS380Xnuz
156,2017-04-24,157,Up,Work from Home (feat. Ty Dolla $ign),Fifth Harmony,511176,https://i.scdn.co/image/ab67616d00004851d03fa6f4e758282b7920b5c8,https://open.spotify.com/track/4tCtwWceOPWzenK2HAIJSb
157,2017-04-24,158,Up,Lights Down Low,MAX,510192,https://i.scdn.co/image/ab67616d00004851cefb1bcf9304bf454bae7f8d,https://open.spotify.com/track/1sYSP7gKa5kdKIfhANfori
158,2017-04-24,159,Down,Ride,Twenty One Pilots,509003,https://i.scdn.co/image/ab67616d00004851de03bfc2991fd5bcfde65ba3,https://open.spotify.com/track/2Z8WuEywRWYTKe1NybPQEW
159,2017-04-24,160,Up,This Is What You Came For,Calvin Harris,501709,https://i.scdn.co/image/ab67616d00004851d9aa52355e062f5de060adbf,https://open.spotify.com/track/0azC730Exh71aQlOt9Zj3y
160,2017-04-24,161,Up,Get It Together,Drake,501614,https://i.scdn.co/image/6dfd956b9331fa9ea1f47ebb95311951ed72b3db,https://open.spotify.com/track/7y6c07pgjZvtHI9kuMVqk1
161,2017-04-24,162,Up,Free Smoke,Drake,500739,https://i.scdn.co/image/6dfd956b9331fa9ea1f47ebb95311951ed72b3db,https://open.spotify.com/track/05KOgYg8PGeJyyWBPi5ja8
162,2017-04-24,163,Up,Perfect Strangers,Jonas Blue,500599,https://i.scdn.co/image/ab67616d0000485179882e87678a76bc1d895e94,https://open.spotify.com/track/1CUVN2kn7mW5FjkqXTR2W1
163,2017-04-24,164,Down,Sorry,Justin Bieber,499108,https://i.scdn.co/image/ab67616d00004851b6d9a4fbb0bd49f0f034aead,https://open.spotify.com/track/69bp2EbF7Q2rqc5N3ylezZ
164,2017-04-24,165,Down,Broccoli (feat. Lil Yachty),DRAM,498348,https://i.scdn.co/image/ab67616d00004851f02a1575a59bd05998826351,https://open.spotify.com/track/7yyRTcZmCiyzzJlNzGC9Ol
165,2017-04-24,166,Up,Don't Leave,Snakehips,489031,https://i.scdn.co/image/ab67616d00004851b72a28b6f92b180a8a423e29,https://open.spotify.com/track/0Zx8khUcEfCFK2AEoIhC92
166,2017-04-24,167,Up,No Lie,Sean Paul,483468,https://i.scdn.co/image/ab67616d000048514782809e4cd19cefc99048f7,https://open.spotify.com/track/3cFsmM51N5zMAuu1nNY4Tw
167,2017-04-24,168,Down,Traicionera,Sebastian Yatra,482949,https://i.scdn.co/image/ab67616d00004851dbe5e9f934a9be5db8884c52,https://open.spotify.com/track/5J1c3M4EldCfNxXwrwt8mT
168,2017-04-24,169,Up,Lean On (feat. MØ & DJ Snake),Major Lazer,482222,https://i.scdn.co/image/ab67616d000048519f55dad3a63f72f1bc8d6f59,https://open.spotify.com/track/4WjH9Bzt3kx7z8kl0awxh4
169,2017-04-24,170,Down,How Would You Feel (Paean),Ed Sheeran,481796,https://i.scdn.co/image/ab67616d00004851ba5db46f4b838ef6027e6f96,https://open.spotify.com/track/6PJ8FF6UR8FZXfEvpHkIVN
170,2017-04-24,171,Down,Shed a Light,Robin Schulz,478846,https://i.scdn.co/image/ab67616d000048517be189f322bc8155c103d6c9,https://open.spotify.com/track/1cG0umU5TKStygKsPFZ9pY
171,2017-04-24,172,Up,All We Know,The Chainsmokers,474103,https://i.scdn.co/image/ab67616d00004851ff8d8c5662a96d41433e9ee1,https://open.spotify.com/track/2rizacJSyD9S1IQUxUxnsK
172,2017-04-24,173,Down,This Girl (Kungs Vs. Cookin' On 3 Burners) - Kungs Vs. Cookin' On 3 Burners,Kungs,468838,https://i.scdn.co/image/ab67616d00004851f504cc56f3bd99bc61929272,https://open.spotify.com/track/0tICYNayWWhH9GPeFrfjfD
173,2017-04-24,174,Down,Water Under the Bridge,Adele,468526,https://i.scdn.co/image/ab67616d000048514c3bbcff5e7248e415548f12,https://open.spotify.com/track/4vb4mFvYsr2h6enhjJsq9Y
174,2017-04-24,175,Down,Versace on the Floor,Bruno Mars,467949,https://i.scdn.co/image/ab67616d00004851232711f7d66a1e19e89e28c5,https://open.spotify.com/track/0kN8xEmgMW9mh7UmDYHlJP
175,2017-04-24,176,Up,Million Reasons,Lady Gaga,464956,https://i.scdn.co/image/ab67616d00004851dd0b256c733c96b653ab5cde,https://open.spotify.com/track/50PWlIBU7PlGGwzgN8TiFJ
176,2017-04-24,177,Up,Sunset Lover,Petit Biscuit,464703,https://i.scdn.co/image/ab67616d00004851014080d39d56c94c0b285362,https://open.spotify.com/track/0hNduWmlWmEmuwEFcYvRu1
177,2017-04-24,178,Down,Caroline,Aminé,463751,https://i.scdn.co/image/ab67616d00004851a7f01ef25974c10cdbbd566e,https://open.spotify.com/track/5GFDrUTLGJix84sNhjCG0g
178,2017-04-24,179,Down,I Got You,Bebe Rexha,454761,https://i.scdn.co/image/ab67616d00004851809adcbcfe88c94fd2a706c1,https://open.spotify.com/track/1FUViuNSldssMIawrOXF2i
179,2017-04-24,180,Down,Lumbra,Cali Y El Dandee,454490,https://i.scdn.co/image/ab67616d000048511b871ef4de91bd38cac024d1,https://open.spotify.com/track/6VHdcVbiKLYYOcMbIqBcuK
180,2017-04-24,181,Down,7 Years,Lukas Graham,451796,https://i.scdn.co/image/ab67616d0000485104d59cefa11f0eee9f1877a5,https://open.spotify.com/track/7129iqBafaphfc3WPCGC0L
181,2017-04-24,182,Up,Up,NAV,450888,https://i.scdn.co/image/d62c91b4a909cdac115e068d943554b0d96c0003,https://open.spotify.com/track/5qbcsZMwL0x46sX7VO37Ye
182,2017-04-24,183,Down,Panda,Desiigner,448813,https://i.scdn.co/image/ab67616d000048513df69bfb7713d8262820612b,https://open.spotify.com/track/5OOkp4U9P9oL23maHFHL1h
183,2017-04-24,184,Up,Get Right Witcha,Migos,446721,https://i.scdn.co/image/ab67616d0000485199a8ab6da9d593939302828a,https://open.spotify.com/track/76Y0gxtTxN0FyDCYh5qYQj
184,2017-04-24,185,Up,By Your Side,Jonas Blue,445078,https://i.scdn.co/image/ab67616d00004851bd4b658f3aead04637924c28,https://open.spotify.com/track/1D3ODoXHBLpdxolZRHWV1j
185,2017-04-24,186,Up,"i hate u, i love u (feat. olivia o'brien)",gnash,444196,https://i.scdn.co/image/ab67616d0000485108862f843ea27f44f8e8cbd8,https://open.spotify.com/track/7vRriwrloYVaoAe3a9wJHe
186,2017-04-24,187,Up,Do Not Disturb,Drake,443726,https://i.scdn.co/image/6dfd956b9331fa9ea1f47ebb95311951ed72b3db,https://open.spotify.com/track/2KvHC9z14GSl4YpkNMX384
187,2017-04-24,188,Up,Hey DJ,CNCO,440937,https://i.scdn.co/image/ab67616d000048514358c8856d3acc00ca6c3578,https://open.spotify.com/track/209gZgcfLq2aUuu51vOWBl
188,2017-04-24,189,New,Light It Up (feat. Nyla & Fuse ODG) - Remix,Major Lazer,440456,https://i.scdn.co/image/ab67616d00004851751a2e5da4333e86814026ba,https://open.spotify.com/track/0L7loeTIg6akW84aEQZpCT
189,2017-04-24,190,Down,"Sucker For Pain (with Wiz Khalifa, Imagine Dragons, Logic & Ty Dolla $ign feat. X Ambassadors)",Lil Wayne,439044,https://i.scdn.co/image/ab67616d000048517d8dfcfd507069d7f2062caf,https://open.spotify.com/track/4dASQiO1Eoo3RJvt74FtXB
190,2017-04-24,191,Up,"Lose Yourself - From ""8 Mile"" Soundtrack",Eminem,438450,https://i.scdn.co/image/36440dfd440d23086573d62a32def35ecc42f111,https://open.spotify.com/track/5Z01UMMf7V1o0MzF86s6WJ
191,2017-04-24,192,New,wokeuplikethis*,Playboi Carti,434797,https://i.scdn.co/image/cbfa858a49a59efbca64c6f7078068cf07731bd0,https://open.spotify.com/track/59J5nzL1KniFHnU120dQzt
192,2017-04-24,193,New,Nights With You,MØ,432943,https://i.scdn.co/image/ab67616d00004851bd58d7394f4103d9810c8edf,https://open.spotify.com/track/5q5gzmbBS5yQzos2BvVr1t
193,2017-04-24,194,New,Deja vu,Prince Royce,431590,https://i.scdn.co/image/ab67616d000048516c1180ae683cc09d840a9163,https://open.spotify.com/track/46HdsiK0uR26B2dY9QPzda
194,2017-04-24,195,Down,Alone,Alan Walker,429989,https://i.scdn.co/image/ab67616d00004851f00ade2f88d8223521bc7f76,https://open.spotify.com/track/0JiVRyTJcJnmlwCZ854K4p
195,2017-04-24,196,Down,La Bicicleta,Carlos Vives,429349,https://i.scdn.co/image/ab67616d00004851d05d3aad30c5fb7614893cf5,https://open.spotify.com/track/0sXvAOmXgjR2QUqLK1MltU
196,2017-04-24,197,Down,Cake By The Ocean,DNCE,427741,https://i.scdn.co/image/ab67616d00004851a19a2912e1618ada66b2e6e8,https://open.spotify.com/track/2aFiaMXmWsM3Vj72F9ksBl
197,2017-04-24,198,Down,No Problem (feat. Lil Wayne & 2 Chainz),Chance the Rapper,427357,https://i.scdn.co/image/ab67616d00004851e71dd15fc5bdefd5bff70452,https://open.spotify.com/track/0v9Wz8o0BT8DU38R4ddjeH
198,2017-04-24,199,Up,Party Monster,The Weeknd,427353,https://i.scdn.co/image/6aeaaebcbd861c8369b14366e8e0eca2fe96055d,https://open.spotify.com/track/4F7A0DXBrmUAkp32uenhZt
199,2017-04-24,200,New,Black SpiderMan,Logic,427303,https://i.scdn.co/image/08f9ccb7875a87c07c79c1ccd5319263786c55ea,https://open.spotify.com/track/7BKUWh5sdtdS17crohRe4L
