,Date,Position,Trend,Title,Artist,Streams,Icon_URL,Spotify_URL
0,2017-04-06,1,Flat,Shape of You,Ed Sheeran,6121652,https://i.scdn.co/image/ab67616d00004851ba5db46f4b838ef6027e6f96,https://open.spotify.com/track/7qiZfU4dY1lWllzX7mPBI3
1,2017-04-06,2,Flat,It Ain't Me (with Selena Gomez),Kygo,3958963,https://i.scdn.co/image/ab67616d0000485141f289940f2e6a0d51988d77,https://open.spotify.com/track/3eR23VReFzcdmS7TYCrhCe
2,2017-04-06,3,Flat,HUMBLE.,Kendrick Lamar,3865830,https://i.scdn.co/image/ae1f239b41e9604a66eb900834c6887cd2f62ff1,https://open.spotify.com/track/7KXjTSCq5nL1LoYtL7XAwS
3,2017-04-06,4,Flat,Passionfruit,Drake,3827066,https://i.scdn.co/image/ab67616d000048515ea859dc94365abd9fd84fd6,https://open.spotify.com/track/7hDc8b7IXETo14hHIHdnhd
4,2017-04-06,5,Flat,Something Just Like This,The Chainsmokers,3797881,https://i.scdn.co/image/ab67616d000048510c13d3d5a503c84fcc60ae94,https://open.spotify.com/track/6RUKPb4LETWmmr3iAEQktW
5,2017-04-06,6,Up,Mask Off,Future,3407647,https://i.scdn.co/image/ab67616d00004851356884f85665ebdd79223fdf,https://open.spotify.com/track/3rOSwuTsUlJp0Pu0MkN8r8
6,2017-04-06,7,Down,That's What I Like,Bruno Mars,3324676,https://i.scdn.co/image/ab67616d00004851232711f7d66a1e19e89e28c5,https://open.spotify.com/track/0KKkJNfGyhkQ5aFogxQAPU
7,2017-04-06,8,Flat,Stay (with Alessia Cara),Zedd,3283877,https://i.scdn.co/image/ab67616d0000485191a70f95efc3400f696e89cc,https://open.spotify.com/track/0dA2Mk56wEzDgegdC6R17g
8,2017-04-06,9,Up,Despacito (Featuring Daddy Yankee),Luis Fonsi,2994396,https://i.scdn.co/image/ab67616d00004851a5971936e3b8d91f8b616b17,https://open.spotify.com/track/4aWmUDTfIPGksMNLV2rQP2
9,2017-04-06,10,Down,Galway Girl,Ed Sheeran,2984947,https://i.scdn.co/image/ab67616d00004851ba5db46f4b838ef6027e6f96,https://open.spotify.com/track/0afhq8XCExXpqazXczTSve
10,2017-04-06,11,Flat,Symphony (feat. Zara Larsson),Clean Bandit,2920074,https://i.scdn.co/image/ab67616d000048515b1130d050c4cd2295999d85,https://open.spotify.com/track/1x5sYLZiu9r5E43kMlt9f8
11,2017-04-06,12,Flat,Slide,Calvin Harris,2640403,https://i.scdn.co/image/ab67616d000048514d3fa5ce7ba599f4fd7803ef,https://open.spotify.com/track/7tr2za8SQg2CI8EDgrdtNl
12,2017-04-06,13,Flat,Paris,The Chainsmokers,2622717,https://i.scdn.co/image/ab67616d000048510c13d3d5a503c84fcc60ae94,https://open.spotify.com/track/72jbDTw1piOOj770jWNeaG
13,2017-04-06,14,Flat,Scared to Be Lonely,Martin Garrix,2503767,https://i.scdn.co/image/ab67616d0000485164f8a309aa3c0a66a31fc374,https://open.spotify.com/track/3ebXMykcMXOcLeJ9xZ17XH
14,2017-04-06,15,Flat,Issues,Julia Michaels,2474522,https://i.scdn.co/image/ab67616d000048519615e35e0e9e4b2c3dccb520,https://open.spotify.com/track/1sXUWdKx03aP9Gmzft58rt
15,2017-04-06,16,Flat,"I Don’t Wanna Live Forever (Fifty Shades Darker) - From ""Fifty Shades Darker (Original Motion Picture Soundtrack)""",ZAYN,2242811,https://i.scdn.co/image/ab67616d000048512ae921f082ae5db4d3da818f,https://open.spotify.com/track/3NdDpSvN911VPGivFlV5d0
16,2017-04-06,17,Up,Swalla (feat. Nicki Minaj & Ty Dolla $ign),Jason Derulo,2198095,https://i.scdn.co/image/ab67616d000048519d6522bee68370fa5592301d,https://open.spotify.com/track/6kex4EBAj0WHXDKZMEJaaF
17,2017-04-06,18,Up,You Don't Know Me - Radio Edit,Jax Jones,2128359,https://i.scdn.co/image/ab67616d00004851dd05a1716e2f07a07b8ccfe3,https://open.spotify.com/track/00lNx0OcTJrS3MKHcB80HY
18,2017-04-06,19,Down,Cold,Maroon 5,2106157,https://i.scdn.co/image/ab67616d000048514727f9e79c338683c5bf8921,https://open.spotify.com/track/5NNlUMcOEOdoOIwwaWXv0k
19,2017-04-06,20,Flat,Believer,Imagine Dragons,2061582,https://i.scdn.co/image/ab67616d000048517956bd9a3d7a15e4c2e37cc6,https://open.spotify.com/track/0CcQNd8CINkwQfe1RDtGV6
20,2017-04-06,21,Flat,Rockabye (feat. Sean Paul & Anne-Marie),Clean Bandit,2030218,https://i.scdn.co/image/ab67616d000048511431c3bdf16aa99f71799d95,https://open.spotify.com/track/5knuzwU65gJK7IF5yJsuaW
21,2017-04-06,22,Flat,Chained To The Rhythm,Katy Perry,2007011,https://i.scdn.co/image/ab67616d000048511487979a7e0181a5d0406d1a,https://open.spotify.com/track/6520aj0B4FSKGVuKNsOCOi
22,2017-04-06,23,Flat,Castle on the Hill,Ed Sheeran,1917260,https://i.scdn.co/image/ab67616d00004851ba5db46f4b838ef6027e6f96,https://open.spotify.com/track/6PCUP3dWmTjcTtXY02oFdT
23,2017-04-06,24,Up,iSpy (feat. Lil Yachty),KYLE,1886313,https://i.scdn.co/image/ab67616d0000485132e373f2988bc6596a542d1c,https://open.spotify.com/track/2EEeOnHehOozLq4aS0n6SL
24,2017-04-06,25,Down,Portland,Drake,1881198,https://i.scdn.co/image/6dfd956b9331fa9ea1f47ebb95311951ed72b3db,https://open.spotify.com/track/2bjwRfXMk4uRgOD9IBYl9h
25,2017-04-06,26,Flat,I Feel It Coming,The Weeknd,1787160,https://i.scdn.co/image/b3683184efeb899b2d1a02f4957d0c630dc10b0b,https://open.spotify.com/track/5GXAXm5YOmYT0kL5jHvYBt
26,2017-04-06,27,Flat,Call On Me - Ryan Riback Extended Remix,Starley,1755886,https://i.scdn.co/image/ab67616d000048519d4079afc73664f86f055400,https://open.spotify.com/track/78rIJddV4X0HkNAInEcYde
27,2017-04-06,28,Up,Solo Dance,Martin Jensen,1723502,https://i.scdn.co/image/ab67616d00004851950d67dbe3f31f1d9a5d06a2,https://open.spotify.com/track/6HUnnBwYZqcED1eQztxMBN
28,2017-04-06,29,Down,Closer,The Chainsmokers,1718633,https://i.scdn.co/image/ab67616d00004851495ce6da9aeb159e94eaa453,https://open.spotify.com/track/7BKLCZ1jbUBVqRi2FVlTVw
29,2017-04-06,30,Down,XO TOUR Llif3,Lil Uzi Vert,1698593,https://i.scdn.co/image/ab67616d0000485115531ec8568373f631db9786,https://open.spotify.com/track/2eMwDehkIC1j68U6FA3Eiq
30,2017-04-06,31,Up,Say You Won't Let Go,James Arthur,1643613,https://i.scdn.co/image/ab67616d0000485120beb61f61fcbeb33b10a9ab,https://open.spotify.com/track/5uCax9HTNlzGybIStD3vDh
31,2017-04-06,32,Up,Green Light,Lorde,1641229,https://i.scdn.co/image/ab67616d0000485128e1139fd3a34626351b9004,https://open.spotify.com/track/0gbBzIqrECJOEPvQJIBFs5
32,2017-04-06,33,Down,Perfect,Ed Sheeran,1623040,https://i.scdn.co/image/ab67616d00004851ba5db46f4b838ef6027e6f96,https://open.spotify.com/track/0tgVpDi06FyKpA1z0VMD4v
33,2017-04-06,34,Up,SUBEME LA RADIO,Enrique Iglesias,1614752,https://i.scdn.co/image/ab67616d000048515366ff028970205a29d558ed,https://open.spotify.com/track/7nKBxz47S9SD79N086fuhn
34,2017-04-06,35,Down,Location,Khalid,1588594,https://i.scdn.co/image/ab67616d00004851988ede5e1276e758b5f9e577,https://open.spotify.com/track/152lZdxL1OR0ZMW6KquMif
35,2017-04-06,36,Down,"How Far I'll Go - From ""Moana""",Alessia Cara,1586728,https://i.scdn.co/image/ab67616d00004851fb128b1eda22335050f584fe,https://open.spotify.com/track/5hYTyyh2odQKphUbMqc5gN
36,2017-04-06,37,Flat,Starboy,The Weeknd,1537492,https://i.scdn.co/image/ab67616d000048510c8599cbde51245c128bcea9,https://open.spotify.com/track/5aAx2yezTd8zXrkmtKl66Z
37,2017-04-06,38,Flat,Tunnel Vision,Kodak Black,1514542,https://i.scdn.co/image/ab67616d000048511541a676423805fc68ff3e66,https://open.spotify.com/track/4Q3N4Ct4zCuIHuZ65E3BD4
38,2017-04-06,39,Up,Congratulations,Post Malone,1499593,https://i.scdn.co/image/23bae95100dcb6ac8f88c19fa2a11c50a998a926,https://open.spotify.com/track/3a1lNhkSLSkpJE4MSHpDu9
39,2017-04-06,40,Down,Run Up (feat. PARTYNEXTDOOR & Nicki Minaj),Major Lazer,1489863,https://i.scdn.co/image/ab67616d000048518036d7402a6a76aed04f1f98,https://open.spotify.com/track/0fg8CqpjdojMyXLNzM2PaJ
40,2017-04-06,41,Down,Blem,Drake,1443486,https://i.scdn.co/image/6dfd956b9331fa9ea1f47ebb95311951ed72b3db,https://open.spotify.com/track/2XlHu0HcujBCkWMdIAvrqt
41,2017-04-06,42,Up,Selfish (feat. Rihanna),Future,1431494,https://i.scdn.co/image/ab67616d00004851968822b495da180d0792a437,https://open.spotify.com/track/2Ce5IyMlVRVvN997ZJjJJA
42,2017-04-06,43,Flat,Fake Love,Drake,1428611,https://i.scdn.co/image/6dfd956b9331fa9ea1f47ebb95311951ed72b3db,https://open.spotify.com/track/343YBumqHu19cGoGARUTsd
43,2017-04-06,44,Up,Chantaje (feat. Maluma),Shakira,1428467,https://i.scdn.co/image/ab67616d00004851d05d3aad30c5fb7614893cf5,https://open.spotify.com/track/6mICuAdrwEjh6Y6lroV2Kg
44,2017-04-06,45,Down,Happier,Ed Sheeran,1427149,https://i.scdn.co/image/ab67616d00004851ba5db46f4b838ef6027e6f96,https://open.spotify.com/track/2RttW7RAu5nOAfq6YFvApB
45,2017-04-06,46,Flat,Me Rehúso,Danny Ocean,1403872,https://i.scdn.co/image/ab67616d00004851a75bd33684083600569dd3bf,https://open.spotify.com/track/6De0lHrwBfPfrhorm9q1Xl
46,2017-04-06,47,Flat,El Amante,Nicky Jam,1391563,https://i.scdn.co/image/ab67616d00004851d77dbcd4dbd37cdfa61771fa,https://open.spotify.com/track/3umS4y3uQDkqekNjVpiRUs
47,2017-04-06,48,Flat,Weak,AJR,1366711,https://i.scdn.co/image/ab67616d00004851c5f3ca405ff6ed13dc554b94,https://open.spotify.com/track/3E2Zh20GDCR9B1EYjfXWyv
48,2017-04-06,49,Flat,Still Got Time,ZAYN,1343499,https://i.scdn.co/image/ab67616d000048513bfd914f72da2ed8822a634f,https://open.spotify.com/track/000xQL6tZNLJzIrtIgxqSl
49,2017-04-06,50,Up,The One,The Chainsmokers,1307449,https://i.scdn.co/image/ab67616d000048510c13d3d5a503c84fcc60ae94,https://open.spotify.com/track/0wfbD5rAksdXUzRvMfM3x5
50,2017-04-06,51,Down,Gyalchester,Drake,1292067,https://i.scdn.co/image/6dfd956b9331fa9ea1f47ebb95311951ed72b3db,https://open.spotify.com/track/6UjfByV1lDLW0SOVQA4NAi
51,2017-04-06,52,Flat,September Song,JP Cooper,1169779,https://i.scdn.co/image/ab67616d000048511400ec742ee0935608e30700,https://open.spotify.com/track/0FuTx2s3YH1ppmtiM6l0zI
52,2017-04-06,53,Flat,Bad and Boujee (feat. Lil Uzi Vert),Migos,1163892,https://i.scdn.co/image/ab67616d0000485199a8ab6da9d593939302828a,https://open.spotify.com/track/4Km5HrUvYTaSUfiSGPJeQR
53,2017-04-06,54,Up,Bounce Back,Big Sean,1103156,https://i.scdn.co/image/695d0c097d8463ccc2c2b9855fe44e3e9e7bc267,https://open.spotify.com/track/0SGkqnVQo9KPytSri1H6cF
54,2017-04-06,55,Flat,Let Me Love You,DJ Snake,1101849,https://i.scdn.co/image/ab67616d000048515045de6786e0af096de73ed4,https://open.spotify.com/track/4pdPtRcBmOSQDlJ3Fk945m
55,2017-04-06,56,Up,One Dance,Drake,1100856,https://i.scdn.co/image/ab67616d00004851726abca207567d5e41cb9667,https://open.spotify.com/track/1xznGGDReH1oQq0xzbwXa3
56,2017-04-06,57,Down,Dive,Ed Sheeran,1074437,https://i.scdn.co/image/ab67616d00004851ba5db46f4b838ef6027e6f96,https://open.spotify.com/track/51ChrwmUPDJvedPQnIU8Ls
57,2017-04-06,58,Flat,Touch,Little Mix,1040957,https://i.scdn.co/image/ab67616d000048512318bbb0586903290db2b270,https://open.spotify.com/track/5Ua3GXyHwiSfpNTMjq6m2z
58,2017-04-06,59,Flat,Heatstroke,Calvin Harris,984325,https://i.scdn.co/image/ab67616d000048514d3fa5ce7ba599f4fd7803ef,https://open.spotify.com/track/60APt5N2NRaKWf5xzJdzyC
59,2017-04-06,60,Flat,24K Magic,Bruno Mars,984226,https://i.scdn.co/image/ab67616d00004851232711f7d66a1e19e89e28c5,https://open.spotify.com/track/6b8Be6ljOzmkOmFslEb23P
60,2017-04-06,61,Up,T-Shirt,Migos,953710,https://i.scdn.co/image/ab67616d0000485199a8ab6da9d593939302828a,https://open.spotify.com/track/7KOlJ92bu51cltsD9KU5I7
61,2017-04-06,62,Down,What Do I Know?,Ed Sheeran,940162,https://i.scdn.co/image/ab67616d00004851ba5db46f4b838ef6027e6f96,https://open.spotify.com/track/2pJZ1v8HezrAoZ0Fhzby92
62,2017-04-06,63,Up,Don't Wanna Know,Maroon 5,937892,https://i.scdn.co/image/ab67616d00004851eec1912bbc2ff74b8203fe5f,https://open.spotify.com/track/5MFzQMkrl1FOOng9tq6R9r
63,2017-04-06,64,Up,Otra vez (feat. J Balvin),Zion & Lennox,936949,https://i.scdn.co/image/ab67616d0000485182eabf564ddc57325a84dd50,https://open.spotify.com/track/3QwBODjSEzelZyVjxPOHdq
64,2017-04-06,65,Flat,Reggaetón Lento (Bailemos),CNCO,935417,https://i.scdn.co/image/ab67616d000048517db0f7ac4c612cce26ccacf9,https://open.spotify.com/track/3AEZUABDXNtecAOSC1qTfo
65,2017-04-06,66,Up,Starving,Hailee Steinfeld,926220,https://i.scdn.co/image/ab67616d00004851612495ee5769c99125031be2,https://open.spotify.com/track/1qOLh0tI7trd1zdDKxYZTe
66,2017-04-06,67,Down,Free Smoke,Drake,923468,https://i.scdn.co/image/6dfd956b9331fa9ea1f47ebb95311951ed72b3db,https://open.spotify.com/track/05KOgYg8PGeJyyWBPi5ja8
67,2017-04-06,68,Down,Body Like A Back Road,Sam Hunt,907678,https://i.scdn.co/image/ab67616d000048519eccbdab1110afc4d5a186a8,https://open.spotify.com/track/7mldq42yDuxiUNn08nvzHO
68,2017-04-06,69,Up,Swang,Rae Sremmurd,901678,https://i.scdn.co/image/16293ab3b4f9301aeb5f41810fd7056d463db55e,https://open.spotify.com/track/6mapJIPnQ23RTAevUoE0DL
69,2017-04-06,70,Down,All Time Low,Jon Bellion,893186,https://i.scdn.co/image/ff06a4138a99d272c24d2f6da9b5ea6067c054db,https://open.spotify.com/track/1CnPYaKxTVb4LWOtiGOm0m
70,2017-04-06,71,Up,Look At Me!,XXXTENTACION,886988,https://i.scdn.co/image/ab67616d0000485125b5901b8bcf902f54d466d9,https://open.spotify.com/track/4ARPvK8DHLwt4oX65ZAFMw
71,2017-04-06,72,Up,Tuesday,Burak Yeter,885453,https://i.scdn.co/image/069b0b8dc1285ba4d2bd7f2536abfce84598d130,https://open.spotify.com/track/7abpmGpF7PGep2rDU68GBR
72,2017-04-06,73,Down,New Man,Ed Sheeran,875676,https://i.scdn.co/image/ab67616d00004851ba5db46f4b838ef6027e6f96,https://open.spotify.com/track/5HDPtsnyb3maFmPL8LLUTG
73,2017-04-06,74,Up,La Rompe Corazones,Daddy Yankee,874410,https://i.scdn.co/image/ab67616d00004851b84a36483e43bfbcb931fcde,https://open.spotify.com/track/4okba5wu9mMLXx79DXLKi3
74,2017-04-06,75,Up,Sigo Extrañándote,J Balvin,867354,https://i.scdn.co/image/ab67616d00004851338ffc4c72a192f06070546b,https://open.spotify.com/track/6qDF4wWL49CAVbgT7yuHl8
75,2017-04-06,76,Down,Get It Together,Drake,866397,https://i.scdn.co/image/6dfd956b9331fa9ea1f47ebb95311951ed72b3db,https://open.spotify.com/track/7y6c07pgjZvtHI9kuMVqk1
76,2017-04-06,77,Down,Teenage Fever,Drake,859564,https://i.scdn.co/image/6dfd956b9331fa9ea1f47ebb95311951ed72b3db,https://open.spotify.com/track/6n3HGiq4v35D6eFOSwqYuo
77,2017-04-06,78,Down,All Night,The Vamps,858730,https://i.scdn.co/image/ab67616d00004851f03c9779c27137669304ea20,https://open.spotify.com/track/1yNyoWWWikbLhwIGWjZuDW
78,2017-04-06,79,Down,Hear Me Now,Alok,842302,https://i.scdn.co/image/e308bad29e4cf6dc8aa5cd97449ef71bbb893d40,https://open.spotify.com/track/1a5Yu5L18qNxVhXx38njON
79,2017-04-06,80,Up,Don't Let Me Down,The Chainsmokers,815451,https://i.scdn.co/image/ab67616d0000485108d87fb54859bc9038f7e5e0,https://open.spotify.com/track/0QsvXIfqM0zZoerQfsI9lm
80,2017-04-06,81,Up,Cold Water (feat. Justin Bieber & MØ),Major Lazer,799698,https://i.scdn.co/image/ab67616d000048512e8f1cca2bc8c9d55930523b,https://open.spotify.com/track/6DNtNfH8hXkqOX1sjqmI7p
81,2017-04-06,82,Down,I Got You,Bebe Rexha,797728,https://i.scdn.co/image/ab67616d00004851809adcbcfe88c94fd2a706c1,https://open.spotify.com/track/1FUViuNSldssMIawrOXF2i
82,2017-04-06,83,Up,In the Name of Love,Martin Garrix,782804,https://i.scdn.co/image/ab67616d00004851923db3f255cd48a6d5783ebf,https://open.spotify.com/track/04DwTuZ2VBdJCCC5TROn7L
83,2017-04-06,84,Down,Everyday,Ariana Grande,779915,https://i.scdn.co/image/ab67616d000048517227f5854239a059af211d5b,https://open.spotify.com/track/3FiE2d325mIOc4YjkSLVJR
84,2017-04-06,85,Down,Just Hold On,Steve Aoki,771400,https://i.scdn.co/image/ab67616d0000485122e2ce2de8bad6d67ee69b48,https://open.spotify.com/track/3EmmCZoqpWOTY1g2GBwJoR
85,2017-04-06,86,Up,Side To Side,Ariana Grande,764990,https://i.scdn.co/image/ab67616d000048517227f5854239a059af211d5b,https://open.spotify.com/track/4pLwZjInHj3SimIyN9SnOz
86,2017-04-06,87,Down,"CAN'T STOP THE FEELING! (Original Song from DreamWorks Animation's ""TROLLS"")",Justin Timberlake,764107,https://i.scdn.co/image/ab67616d00004851ef37416970812293c08e8a78,https://open.spotify.com/track/6JV2JOEocMgcZxYSZelKcc
87,2017-04-06,88,Up,"Sola (Remix) [feat. Daddy Yankee, Wisin, Farruko, Zion & Lennox]",Anuel AA,763760,https://i.scdn.co/image/ab67616d00004851a66def7d649149464edc8f1e,https://open.spotify.com/track/5q2JbCNi4FcnglgPfxcV65
88,2017-04-06,89,Down,Hey Ma (with Pitbull & J Balvin feat. Camila Cabello) - Spanish Version,Pitbull,760693,https://i.scdn.co/image/ab67616d000048513e40b472d708ea3c6bd86670,https://open.spotify.com/track/2Vdub5mY4lad7w64bFPUez
89,2017-04-06,90,Up,goosebumps,Travis Scott,756513,https://i.scdn.co/image/ab67616d00004851f54b99bf27cda88f4a7403ce,https://open.spotify.com/track/6gBFPUFcJLzWGx4lenP6h2
90,2017-04-06,91,Flat,Barcelona,Ed Sheeran,752004,https://i.scdn.co/image/ab67616d00004851ba5db46f4b838ef6027e6f96,https://open.spotify.com/track/3Lfiu5sZ4M4B6JaKMBc0FU
91,2017-04-06,92,Down,Supermarket Flowers,Ed Sheeran,751840,https://i.scdn.co/image/ab67616d00004851ba5db46f4b838ef6027e6f96,https://open.spotify.com/track/4VuS959DSpr82t3qBqCrWG
92,2017-04-06,93,Up,History,Olivia Holt,734860,https://i.scdn.co/image/ab67616d000048519e21eab426152ef9078d6b94,https://open.spotify.com/track/0WCEaydwN65cvwaW8aqptF
93,2017-04-06,94,Down,The Heart Part 4,Kendrick Lamar,722295,https://i.scdn.co/image/ab67616d00004851b276b47f7d919215a26f1d6a,https://open.spotify.com/track/1zayuwd1YLZsYDArkruHdL
94,2017-04-06,95,Up,All Night (feat. Knox Fortune),Chance the Rapper,719913,https://i.scdn.co/image/ab67616d00004851e71dd15fc5bdefd5bff70452,https://open.spotify.com/track/60xaS8mYBKUW4VQQ666N0T
95,2017-04-06,96,Down,KMT,Drake,717529,https://i.scdn.co/image/6dfd956b9331fa9ea1f47ebb95311951ed72b3db,https://open.spotify.com/track/2jTujnt0y344ai1rNOywgr
96,2017-04-06,97,Up,Treat You Better,Shawn Mendes,717048,https://i.scdn.co/image/ab67616d00004851188e6332f32088921ab1eaf8,https://open.spotify.com/track/4Hf7WnR761jpxPr5D46Bcd
97,2017-04-06,98,Up,Me Llamas (feat. Maluma) - Remix,Piso 21,714823,https://i.scdn.co/image/ab67616d000048511e1eafb5d2bb1ca39d26f092,https://open.spotify.com/track/5hEM0JchdVzQ5PwvSfITeX
98,2017-04-06,99,Up,Safari,J Balvin,710713,https://i.scdn.co/image/ab67616d00004851338ffc4c72a192f06070546b,https://open.spotify.com/track/6rQSrBHf7HlZjtcMZ4S4bO
99,2017-04-06,100,Down,How Would You Feel (Paean),Ed Sheeran,710656,https://i.scdn.co/image/ab67616d00004851ba5db46f4b838ef6027e6f96,https://open.spotify.com/track/6PJ8FF6UR8FZXfEvpHkIVN
100,2017-04-06,101,Up,Redbone,Childish Gambino,704786,https://i.scdn.co/image/ab67616d000048510b97e56ffad7c6211aa848f8,https://open.spotify.com/track/3kxfsdsCpFgN412fpnW85Y
101,2017-04-06,102,Down,Madiba Riddim,Drake,700554,https://i.scdn.co/image/6dfd956b9331fa9ea1f47ebb95311951ed72b3db,https://open.spotify.com/track/76gUmNLXGQVOsGhfcshkFP
102,2017-04-06,103,Down,Love On The Brain,Rihanna,698528,https://i.scdn.co/image/ddc285ca9817c96c7719b3f2a759e108787db021,https://open.spotify.com/track/2aksifNn5ph8igDOkPBA02
103,2017-04-06,104,Down,Sacrifices,Drake,687368,https://i.scdn.co/image/6dfd956b9331fa9ea1f47ebb95311951ed72b3db,https://open.spotify.com/track/0xl1w2q4VLojeXp4JfazPL
104,2017-04-06,105,Up,No Promises (feat. Demi Lovato),Cheat Codes,685968,https://i.scdn.co/image/ab67616d00004851e74ecdb2f1316c8f026970a8,https://open.spotify.com/track/1louJpMmzEicAn7lzDalPW
105,2017-04-06,106,Up,I Took A Pill In Ibiza - Seeb Remix,Mike Posner,685189,https://i.scdn.co/image/ab67616d0000485140512e02a594e3378c0256e6,https://open.spotify.com/track/17Fd6Yb7mSbinKG8LoWfFl
106,2017-04-06,107,Down,"Ay Mi Dios (feat. Pitbull, Yandel & Chacal)",IAmChino,683267,https://i.scdn.co/image/ab67616d000048511568fbc07414eb185c58ef62,https://open.spotify.com/track/6stYbAJgTszHAHZMPxWWCY
107,2017-04-06,108,Down,Everybody,Logic,679999,https://i.scdn.co/image/08f9ccb7875a87c07c79c1ccd5319263786c55ea,https://open.spotify.com/track/7cGFbx7MP0H23iHZTZpqMM
108,2017-04-06,109,Up,Good Life (with G-Eazy & Kehlani),G-Eazy,677311,https://i.scdn.co/image/ab67616d00004851fcc36f9c0515e6e7faa2030b,https://open.spotify.com/track/1Eck97uRMlprKOOJN9oO1E
109,2017-04-06,110,Up,My Way,Calvin Harris,675181,https://i.scdn.co/image/ab67616d000048518d12bc5e3ea5c9f4a967de32,https://open.spotify.com/track/1vvNmPOiUuyCbgWmtc6yfm
110,2017-04-06,111,Up,Vente Pa' Ca,Ricky Martin,669905,https://i.scdn.co/image/ab67616d000048513d90f5938459be40b7b6652a,https://open.spotify.com/track/7DM4BPaS7uofFul3ywMe46
111,2017-04-06,112,Up,Heathens,Twenty One Pilots,669559,https://i.scdn.co/image/ab67616d000048512ca3ba8f334ca5a5f0312efb,https://open.spotify.com/track/6i0V12jOa3mr6uu4WYhUBr
112,2017-04-06,113,Down,Don't Leave,Snakehips,664734,https://i.scdn.co/image/ab67616d00004851b72a28b6f92b180a8a423e29,https://open.spotify.com/track/0Zx8khUcEfCFK2AEoIhC92
113,2017-04-06,114,Down,Bad Things (with Camila Cabello),Machine Gun Kelly,664661,https://i.scdn.co/image/d5f976093a4dcbc5ea9d4c04b414207f8bdce469,https://open.spotify.com/track/1PSBzsahR2AKwLJgx8ehBj
114,2017-04-06,115,Up,Rolex,Ayo & Teo,663425,https://i.scdn.co/image/ab67616d0000485179dbd95fbdf6b0d617bd32dd,https://open.spotify.com/track/0pSBuHjILhNEo55xK1zrRt
115,2017-04-06,116,Down,Mercy,Shawn Mendes,662110,https://i.scdn.co/image/ab67616d00004851188e6332f32088921ab1eaf8,https://open.spotify.com/track/4TZy1wLyHec06pwgFYDh1a
116,2017-04-06,117,Up,Photograph,Ed Sheeran,656382,https://i.scdn.co/image/ab67616d00004851d08209944468440145f01524,https://open.spotify.com/track/6fxVffaTuwjgEk5h9QyRjy
117,2017-04-06,118,Down,No Long Talk,Drake,652257,https://i.scdn.co/image/6dfd956b9331fa9ea1f47ebb95311951ed72b3db,https://open.spotify.com/track/6CfrYuD3YRDYdYvH9jNtXY
118,2017-04-06,119,Up,Black Beatles,Rae Sremmurd,648507,https://i.scdn.co/image/16293ab3b4f9301aeb5f41810fd7056d463db55e,https://open.spotify.com/track/6fujklziTHa8uoM5OQSfIo
119,2017-04-06,120,Flat,We Don't Talk Anymore,Charlie Puth,647247,https://i.scdn.co/image/ab67616d00004851c0e28105f0533c52717c46c2,https://open.spotify.com/track/68EMU2RD1ECNeOeJ5qAXCV
120,2017-04-06,121,Down,Nancy Mulligan,Ed Sheeran,639066,https://i.scdn.co/image/ab67616d00004851ba5db46f4b838ef6027e6f96,https://open.spotify.com/track/35QZaWQRkmnAVqBF1TLCxQ
121,2017-04-06,122,Flat,Human,Rag'n'Bone Man,638478,https://i.scdn.co/image/ab67616d0000485190a788beadaad34ff684d3ec,https://open.spotify.com/track/58zsLZPvfflaiIbNWoA22O
122,2017-04-06,123,Up,Cheap Thrills,Sia,631507,https://i.scdn.co/image/ab67616d0000485149e0134c686547c28b7c999f,https://open.spotify.com/track/27SdWb2rFzO6GWiYDBTD9j
123,2017-04-06,124,Up,Be the One,Dua Lipa,626635,https://i.scdn.co/image/ab67616d000048516b915e407b70e121e06fe979,https://open.spotify.com/track/7FCfMXYTIiQ9b4hDYs4Iol
124,2017-04-06,125,Down,Moves,Big Sean,623071,https://i.scdn.co/image/695d0c097d8463ccc2c2b9855fe44e3e9e7bc267,https://open.spotify.com/track/0Fv5N0cHBsl4bzCbollCAS
125,2017-04-06,126,Up,Thinking out Loud,Ed Sheeran,621034,https://i.scdn.co/image/ab67616d00004851d08209944468440145f01524,https://open.spotify.com/track/1Slwb6dOYkBlWal1PGtnNg
126,2017-04-06,127,Flat,Shed a Light,Robin Schulz,619037,https://i.scdn.co/image/ab67616d000048517be189f322bc8155c103d6c9,https://open.spotify.com/track/1cG0umU5TKStygKsPFZ9pY
127,2017-04-06,128,Up,Pretty Girl - Cheat Codes X CADE Remix,Maggie Lindemann,617342,https://i.scdn.co/image/ab67616d000048517c7436e1b6273be0e7bc1a84,https://open.spotify.com/track/1NDxZ7cFAo481dtYWdrUnR
128,2017-04-06,129,Up,Skin,Rag'n'Bone Man,614957,https://i.scdn.co/image/ab67616d0000485190a788beadaad34ff684d3ec,https://open.spotify.com/track/6y2Kaz9QI01XBKJ8mTb7Pf
129,2017-04-06,130,Down,Scars To Your Beautiful,Alessia Cara,614616,https://i.scdn.co/image/5b9e5bd34ec840f07c8530e43a76b1b5e08d8b77,https://open.spotify.com/track/0prNGof3XqfTvNDxHonvdK
130,2017-04-06,131,Flat,Stressed Out,Twenty One Pilots,610309,https://i.scdn.co/image/ab67616d00004851de03bfc2991fd5bcfde65ba3,https://open.spotify.com/track/3CRDbSIZ4r5MsZ0YwxuEkn
131,2017-04-06,132,Down,4422,Drake,604895,https://i.scdn.co/image/6dfd956b9331fa9ea1f47ebb95311951ed72b3db,https://open.spotify.com/track/2fkeWbM6iqTw7oGHTYm2lw
132,2017-04-06,133,Down,At My Best (feat. Hailee Steinfeld),Machine Gun Kelly,598987,https://i.scdn.co/image/d5f976093a4dcbc5ea9d4c04b414207f8bdce469,https://open.spotify.com/track/77lGafvlU68CeHgB2pkHC9
133,2017-04-06,134,Up,Work from Home (feat. Ty Dolla $ign),Fifth Harmony,592951,https://i.scdn.co/image/ab67616d00004851d03fa6f4e758282b7920b5c8,https://open.spotify.com/track/4tCtwWceOPWzenK2HAIJSb
134,2017-04-06,135,Up,Sooner Or Later,Aaron Carter,592024,https://i.scdn.co/image/ab67616d000048511f7d1e684ec89fe11a4fdc37,https://open.spotify.com/track/6wV12xIUb8oFY7lBy4KuQe
135,2017-04-06,136,Up,Faded,Alan Walker,591419,https://i.scdn.co/image/ab67616d00004851c4d00cac55ae1b4598c9bc90,https://open.spotify.com/track/7gHs73wELdeycvS48JfIos
136,2017-04-06,137,Up,Ciao Adios,Anne-Marie,590206,https://i.scdn.co/image/ab67616d0000485119f06fd0fc43d3ebed4f041d,https://open.spotify.com/track/3EfugazgSddQvzZpkof5I4
137,2017-04-06,138,Down,Hearts Don't Break Around Here,Ed Sheeran,588729,https://i.scdn.co/image/ab67616d00004851ba5db46f4b838ef6027e6f96,https://open.spotify.com/track/2dfHh7ECGxfNqZTQno09Vk
138,2017-04-06,139,Down,Love Yourself,Justin Bieber,588602,https://i.scdn.co/image/ab67616d00004851b6d9a4fbb0bd49f0f034aead,https://open.spotify.com/track/3hB5DgAiMAQ4DzYbsMq1IT
139,2017-04-06,140,Up,This Is What You Came For,Calvin Harris,588251,https://i.scdn.co/image/ab67616d00004851d9aa52355e062f5de060adbf,https://open.spotify.com/track/0azC730Exh71aQlOt9Zj3y
140,2017-04-06,141,Up,Alguien Robo,Sebastian Yatra,586348,https://i.scdn.co/image/ab67616d0000485135e1cf8c70c60dc416956c17,https://open.spotify.com/track/5i50gKdLAjjIr7UxRT5IVy
141,2017-04-06,142,Down,Ride,Twenty One Pilots,585257,https://i.scdn.co/image/ab67616d00004851de03bfc2991fd5bcfde65ba3,https://open.spotify.com/track/2Z8WuEywRWYTKe1NybPQEW
142,2017-04-06,143,Up,Vacaciones,Wisin,574270,https://i.scdn.co/image/ab67616d00004851c85f0d16973e9dae6f8a786c,https://open.spotify.com/track/3dQDid3IUNhZy1OehIfYfE
143,2017-04-06,144,Up,Broccoli (feat. Lil Yachty),DRAM,573577,https://i.scdn.co/image/ab67616d00004851f02a1575a59bd05998826351,https://open.spotify.com/track/7yyRTcZmCiyzzJlNzGC9Ol
144,2017-04-06,145,Up,Perfect Strangers,Jonas Blue,571404,https://i.scdn.co/image/ab67616d0000485179882e87678a76bc1d895e94,https://open.spotify.com/track/1CUVN2kn7mW5FjkqXTR2W1
145,2017-04-06,146,Down,Jorja Interlude,Drake,571220,https://i.scdn.co/image/6dfd956b9331fa9ea1f47ebb95311951ed72b3db,https://open.spotify.com/track/13e6f8t7RKXuxZ0JdaaJRG
146,2017-04-06,147,Up,Te Quiero Pa´Mi,Don Omar,568887,https://i.scdn.co/image/ab67616d00004851d0cb2a58e3bf5d7ac5ece16f,https://open.spotify.com/track/3BY2mafsbsoKGqS380Xnuz
147,2017-04-06,148,Down,Do Not Disturb,Drake,568546,https://i.scdn.co/image/6dfd956b9331fa9ea1f47ebb95311951ed72b3db,https://open.spotify.com/track/2KvHC9z14GSl4YpkNMX384
148,2017-04-06,149,Down,All We Know,The Chainsmokers,567918,https://i.scdn.co/image/ab67616d00004851ff8d8c5662a96d41433e9ee1,https://open.spotify.com/track/2rizacJSyD9S1IQUxUxnsK
149,2017-04-06,150,Down,Water Under the Bridge,Adele,567762,https://i.scdn.co/image/ab67616d000048514c3bbcff5e7248e415548f12,https://open.spotify.com/track/4vb4mFvYsr2h6enhjJsq9Y
150,2017-04-06,151,Down,Sunset Lover,Petit Biscuit,561748,https://i.scdn.co/image/ab67616d00004851014080d39d56c94c0b285362,https://open.spotify.com/track/0hNduWmlWmEmuwEFcYvRu1
151,2017-04-06,152,Up,Alone,Alan Walker,561495,https://i.scdn.co/image/ab67616d00004851f00ade2f88d8223521bc7f76,https://open.spotify.com/track/0JiVRyTJcJnmlwCZ854K4p
152,2017-04-06,153,Down,Caroline,Aminé,558644,https://i.scdn.co/image/ab67616d00004851a7f01ef25974c10cdbbd566e,https://open.spotify.com/track/5GFDrUTLGJix84sNhjCG0g
153,2017-04-06,154,Up,Thumbs,Sabrina Carpenter,556539,https://i.scdn.co/image/ab67616d00004851b13cc7b6ba13bcd75cae73a1,https://open.spotify.com/track/3UjJP4ludb74a29P5EHEIo
154,2017-04-06,155,Down,The Other,Lauv,555863,https://i.scdn.co/image/ab67616d000048513c6e07056b26bb9804a596da,https://open.spotify.com/track/1lntL1cI2UIWlxjL5QiN8g
155,2017-04-06,156,Up,Traicionera,Sebastian Yatra,552647,https://i.scdn.co/image/ab67616d00004851dbe5e9f934a9be5db8884c52,https://open.spotify.com/track/5J1c3M4EldCfNxXwrwt8mT
156,2017-04-06,157,Down,TG4M,Zara Larsson,550371,https://i.scdn.co/image/ab67616d000048519e1683774b22648f4f178ed3,https://open.spotify.com/track/4uoumbAMEMaKdtiv763jKz
157,2017-04-06,158,Up,Now Or Never,Halsey,548106,https://i.scdn.co/image/ab67616d000048519357ea2dbe932b47fe8149d6,https://open.spotify.com/track/0Nhu3zSYbEz32IYiobV75e
158,2017-04-06,159,Flat,Sorry,Justin Bieber,547986,https://i.scdn.co/image/ab67616d00004851b6d9a4fbb0bd49f0f034aead,https://open.spotify.com/track/69bp2EbF7Q2rqc5N3ylezZ
159,2017-04-06,160,Flat,Versace on the Floor,Bruno Mars,537270,https://i.scdn.co/image/ab67616d00004851232711f7d66a1e19e89e28c5,https://open.spotify.com/track/0kN8xEmgMW9mh7UmDYHlJP
160,2017-04-06,161,Down,Down,Marian Hill,533245,https://i.scdn.co/image/ab67616d00004851c989c526b15cacc1a579a9c7,https://open.spotify.com/track/2dqLk7ezV15LEJEwUmEbXB
161,2017-04-06,162,Down,Eraser,Ed Sheeran,530891,https://i.scdn.co/image/ab67616d00004851ba5db46f4b838ef6027e6f96,https://open.spotify.com/track/7oolFzHipTMg2nL7shhdz2
162,2017-04-06,163,Flat,Party Monster,The Weeknd,529829,https://i.scdn.co/image/6aeaaebcbd861c8369b14366e8e0eca2fe96055d,https://open.spotify.com/track/4F7A0DXBrmUAkp32uenhZt
163,2017-04-06,164,Up,This Girl (Kungs Vs. Cookin' On 3 Burners) - Kungs Vs. Cookin' On 3 Burners,Kungs,524076,https://i.scdn.co/image/ab67616d00004851f504cc56f3bd99bc61929272,https://open.spotify.com/track/0tICYNayWWhH9GPeFrfjfD
164,2017-04-06,165,Down,Bibia Be Ye Ye,Ed Sheeran,524017,https://i.scdn.co/image/ab67616d00004851ba5db46f4b838ef6027e6f96,https://open.spotify.com/track/6SznMYPQJHzr3IwsAHLId2
165,2017-04-06,166,Down,美女と野獣,Ariana Grande,518163,https://i.scdn.co/image/ab67616d00004851d5a45b435ecafffdede5fd28,https://open.spotify.com/track/1KT0xdIjm7t053xByACrrg
166,2017-04-06,167,Down,Ice Melts,Drake,517431,https://i.scdn.co/image/6dfd956b9331fa9ea1f47ebb95311951ed72b3db,https://open.spotify.com/track/7bJ4mu7MHa3rHiNyKjOoSl
167,2017-04-06,168,Up,Panda,Desiigner,515871,https://i.scdn.co/image/ab67616d000048513df69bfb7713d8262820612b,https://open.spotify.com/track/5OOkp4U9P9oL23maHFHL1h
168,2017-04-06,169,Up,Gyal You A Party Animal - Remix,Charly Black,514587,https://i.scdn.co/image/ab67616d0000485131a026a9d39e08006ddfb138,https://open.spotify.com/track/1AkTW13ysu0AJrwuM6UY0I
169,2017-04-06,170,Up,Lights Down Low,MAX,513419,https://i.scdn.co/image/ab67616d00004851cefb1bcf9304bf454bae7f8d,https://open.spotify.com/track/1sYSP7gKa5kdKIfhANfori
170,2017-04-06,171,Down,Deja vu,Prince Royce,509529,https://i.scdn.co/image/ab67616d000048516c1180ae683cc09d840a9163,https://open.spotify.com/track/46HdsiK0uR26B2dY9QPzda
171,2017-04-06,172,Up,7 Years,Lukas Graham,505341,https://i.scdn.co/image/ab67616d0000485104d59cefa11f0eee9f1877a5,https://open.spotify.com/track/7129iqBafaphfc3WPCGC0L
172,2017-04-06,173,Up,Lean On (feat. MØ & DJ Snake),Major Lazer,504248,https://i.scdn.co/image/ab67616d000048519f55dad3a63f72f1bc8d6f59,https://open.spotify.com/track/4WjH9Bzt3kx7z8kl0awxh4
173,2017-04-06,174,Up,Obsession (feat. Jon Bellion),Vice,503124,https://i.scdn.co/image/ab67616d00004851db6496aa86b190fb114b9d0c,https://open.spotify.com/track/5pvVAwQbuFoR7LkcicrKnk
174,2017-04-06,175,Down,The Scientist,Coldplay,503059,https://i.scdn.co/image/ab67616d00004851ad6f442ecac8735b9285a923,https://open.spotify.com/track/75JFxkI2RXiU7L9VXzMkle
175,2017-04-06,176,Up,No Lie,Sean Paul,502123,https://i.scdn.co/image/ab67616d000048514782809e4cd19cefc99048f7,https://open.spotify.com/track/3cFsmM51N5zMAuu1nNY4Tw
176,2017-04-06,177,Down,"Sucker For Pain (with Wiz Khalifa, Imagine Dragons, Logic & Ty Dolla $ign feat. X Ambassadors)",Lil Wayne,501561,https://i.scdn.co/image/ab67616d000048517d8dfcfd507069d7f2062caf,https://open.spotify.com/track/4dASQiO1Eoo3RJvt74FtXB
177,2017-04-06,178,Up,By Your Side,Jonas Blue,499144,https://i.scdn.co/image/ab67616d00004851bd4b658f3aead04637924c28,https://open.spotify.com/track/1D3ODoXHBLpdxolZRHWV1j
178,2017-04-06,179,Down,No Problem (feat. Lil Wayne & 2 Chainz),Chance the Rapper,496883,https://i.scdn.co/image/ab67616d00004851e71dd15fc5bdefd5bff70452,https://open.spotify.com/track/0v9Wz8o0BT8DU38R4ddjeH
179,2017-04-06,180,Down,Million Reasons,Lady Gaga,493649,https://i.scdn.co/image/ab67616d00004851dd0b256c733c96b653ab5cde,https://open.spotify.com/track/50PWlIBU7PlGGwzgN8TiFJ
180,2017-04-06,181,Up,La Bicicleta,Carlos Vives,490978,https://i.scdn.co/image/ab67616d00004851d05d3aad30c5fb7614893cf5,https://open.spotify.com/track/0sXvAOmXgjR2QUqLK1MltU
181,2017-04-06,182,Down,Cake By The Ocean,DNCE,490396,https://i.scdn.co/image/ab67616d00004851a19a2912e1618ada66b2e6e8,https://open.spotify.com/track/2aFiaMXmWsM3Vj72F9ksBl
182,2017-04-06,183,Up,Dile Que Tu Me Quieres,Ozuna,484198,https://i.scdn.co/image/ab67616d0000485133bbd31551e01896f58d688f,https://open.spotify.com/track/20ZAJdsKB5IGbGj4ilRt2o
183,2017-04-06,184,Down,"i hate u, i love u (feat. olivia o'brien)",gnash,483961,https://i.scdn.co/image/ab67616d0000485108862f843ea27f44f8e8cbd8,https://open.spotify.com/track/7vRriwrloYVaoAe3a9wJHe
184,2017-04-06,185,Down,Save Myself,Ed Sheeran,482820,https://i.scdn.co/image/ab67616d00004851ba5db46f4b838ef6027e6f96,https://open.spotify.com/track/6TIU9Ehmi6dMzZK73Ym4yj
185,2017-04-06,186,Down,I Love You,Axwell /\ Ingrosso,482113,https://i.scdn.co/image/ab67616d00004851c9565af11453132958687a20,https://open.spotify.com/track/11Fo4dAH31K7UZHGqCkCmE
186,2017-04-06,187,Up,Lumbra,Cali Y El Dandee,481809,https://i.scdn.co/image/ab67616d000048511b871ef4de91bd38cac024d1,https://open.spotify.com/track/6VHdcVbiKLYYOcMbIqBcuK
187,2017-04-06,188,Up,Light It Up (feat. Nyla & Fuse ODG) - Remix,Major Lazer,477805,https://i.scdn.co/image/ab67616d00004851751a2e5da4333e86814026ba,https://open.spotify.com/track/0L7loeTIg6akW84aEQZpCT
188,2017-04-06,189,Up,X (feat. Future),21 Savage,472473,https://i.scdn.co/image/ab67616d000048512dd1ac4a61495080ef8f78ca,https://open.spotify.com/track/6fwdbPMwP1zVStm8FybmkO
189,2017-04-06,190,Up,Escápate Conmigo,Wisin,470744,https://i.scdn.co/image/ab67616d000048512b02904e5404ad6069c16a4f,https://open.spotify.com/track/2cnKEkpVUSV4wnjQiTWfH6
190,2017-04-06,191,Down,Too Good,Drake,469095,https://i.scdn.co/image/ab67616d00004851726abca207567d5e41cb9667,https://open.spotify.com/track/11KJSRSgaDxqydKYiD2Jew
191,2017-04-06,192,Up,Into You,Ariana Grande,466794,https://i.scdn.co/image/ab67616d000048517227f5854239a059af211d5b,https://open.spotify.com/track/7yHEDfrJNd0zWOfXwydNH0
192,2017-04-06,193,Down,Lush Life,Zara Larsson,466444,https://i.scdn.co/image/ab67616d000048519e1683774b22648f4f178ed3,https://open.spotify.com/track/1rIKgCH4H52lrvDcz50hS8
193,2017-04-06,194,Down,Skepta Interlude,Drake,463795,https://i.scdn.co/image/6dfd956b9331fa9ea1f47ebb95311951ed72b3db,https://open.spotify.com/track/2dfqS3MRtbLZSZA1IL8xY5
194,2017-04-06,195,Up,Andas En Mi Cabeza,Chino & Nacho,462187,https://i.scdn.co/image/ab67616d0000485166dad4487da6fc0dced2d0c6,https://open.spotify.com/track/5mey7CLLuFToM2P68Qu1gF
195,2017-04-06,196,Down,Oceans Away,A R I Z O N A,461349,https://i.scdn.co/image/ab67616d0000485150a25f1cb71018982b81ca2b,https://open.spotify.com/track/6A8dnC0xkiuWN4BshmTB2I
196,2017-04-06,197,Down,"Lose Yourself - From ""8 Mile"" Soundtrack",Eminem,456530,https://i.scdn.co/image/36440dfd440d23086573d62a32def35ecc42f111,https://open.spotify.com/track/5Z01UMMf7V1o0MzF86s6WJ
197,2017-04-06,198,New,Work,Rihanna,454131,https://i.scdn.co/image/ab67616d000048510ed05634a469e5cf4789b0a7,https://open.spotify.com/track/14WWzenpaEgQZlqPq2nk4v
198,2017-04-06,199,New,Capsize,FRENSHIP,450827,https://i.scdn.co/image/ab67616d00004851670048174db73ef55039c7bf,https://open.spotify.com/track/2XMTqoHHSH0lvuXrvIEdco
199,2017-04-06,200,Down,Can't Have Everything,Drake,450365,https://i.scdn.co/image/6dfd956b9331fa9ea1f47ebb95311951ed72b3db,https://open.spotify.com/track/5f5r2N4Lp9WoULWPH9zp2W
