,Date,Position,Trend,Title,Artist,Streams,Icon_URL,Spotify_URL
0,2017-04-02,1,Flat,Shape of You,Ed Sheeran,5983149,https://i.scdn.co/image/ab67616d00004851ba5db46f4b838ef6027e6f96,https://open.spotify.com/track/7qiZfU4dY1lWllzX7mPBI3
1,2017-04-02,2,Flat,Passionfruit,Drake,3781815,https://i.scdn.co/image/ab67616d000048515ea859dc94365abd9fd84fd6,https://open.spotify.com/track/7hDc8b7IXETo14hHIHdnhd
2,2017-04-02,3,Flat,It Ain't Me (with Selena Gomez),Kygo,3632878,https://i.scdn.co/image/ab67616d0000485141f289940f2e6a0d51988d77,https://open.spotify.com/track/3eR23VReFzcdmS7TYCrhCe
3,2017-04-02,4,Flat,Something Just Like This,The Chainsmokers,3466544,https://i.scdn.co/image/ab67616d000048510c13d3d5a503c84fcc60ae94,https://open.spotify.com/track/6RUKPb4LETWmmr3iAEQktW
4,2017-04-02,5,Up,That's What I Like,Bruno Mars,3075581,https://i.scdn.co/image/ab67616d00004851232711f7d66a1e19e89e28c5,https://open.spotify.com/track/0KKkJNfGyhkQ5aFogxQAPU
5,2017-04-02,6,Up,HUMBLE.,Kendrick Lamar,3003820,https://i.scdn.co/image/ae1f239b41e9604a66eb900834c6887cd2f62ff1,https://open.spotify.com/track/7KXjTSCq5nL1LoYtL7XAwS
6,2017-04-02,7,Flat,Stay (with Alessia Cara),Zedd,2981706,https://i.scdn.co/image/ab67616d0000485191a70f95efc3400f696e89cc,https://open.spotify.com/track/0dA2Mk56wEzDgegdC6R17g
7,2017-04-02,8,Flat,Mask Off,Future,2970696,https://i.scdn.co/image/ab67616d00004851356884f85665ebdd79223fdf,https://open.spotify.com/track/3rOSwuTsUlJp0Pu0MkN8r8
8,2017-04-02,9,Down,Despacito (Featuring Daddy Yankee),Luis Fonsi,2926285,https://i.scdn.co/image/ab67616d00004851a5971936e3b8d91f8b616b17,https://open.spotify.com/track/4aWmUDTfIPGksMNLV2rQP2
9,2017-04-02,10,Down,Galway Girl,Ed Sheeran,2898879,https://i.scdn.co/image/ab67616d00004851ba5db46f4b838ef6027e6f96,https://open.spotify.com/track/0afhq8XCExXpqazXczTSve
10,2017-04-02,11,Flat,Paris,The Chainsmokers,2496068,https://i.scdn.co/image/ab67616d000048510c13d3d5a503c84fcc60ae94,https://open.spotify.com/track/72jbDTw1piOOj770jWNeaG
11,2017-04-02,12,Flat,Symphony (feat. Zara Larsson),Clean Bandit,2477993,https://i.scdn.co/image/ab67616d000048515b1130d050c4cd2295999d85,https://open.spotify.com/track/1x5sYLZiu9r5E43kMlt9f8
12,2017-04-02,13,Up,Slide,Calvin Harris,2360848,https://i.scdn.co/image/ab67616d000048514d3fa5ce7ba599f4fd7803ef,https://open.spotify.com/track/7tr2za8SQg2CI8EDgrdtNl
13,2017-04-02,14,Down,Scared to Be Lonely,Martin Garrix,2321714,https://i.scdn.co/image/ab67616d0000485164f8a309aa3c0a66a31fc374,https://open.spotify.com/track/3ebXMykcMXOcLeJ9xZ17XH
14,2017-04-02,15,Flat,"I Don’t Wanna Live Forever (Fifty Shades Darker) - From ""Fifty Shades Darker (Original Motion Picture Soundtrack)""",ZAYN,2287565,https://i.scdn.co/image/ab67616d000048512ae921f082ae5db4d3da818f,https://open.spotify.com/track/3NdDpSvN911VPGivFlV5d0
15,2017-04-02,16,Flat,Issues,Julia Michaels,2237757,https://i.scdn.co/image/ab67616d000048519615e35e0e9e4b2c3dccb520,https://open.spotify.com/track/1sXUWdKx03aP9Gmzft58rt
16,2017-04-02,17,Flat,You Don't Know Me - Radio Edit,Jax Jones,1946240,https://i.scdn.co/image/ab67616d00004851dd05a1716e2f07a07b8ccfe3,https://open.spotify.com/track/00lNx0OcTJrS3MKHcB80HY
17,2017-04-02,18,Flat,Rockabye (feat. Sean Paul & Anne-Marie),Clean Bandit,1930151,https://i.scdn.co/image/ab67616d000048511431c3bdf16aa99f71799d95,https://open.spotify.com/track/5knuzwU65gJK7IF5yJsuaW
18,2017-04-02,19,Up,Castle on the Hill,Ed Sheeran,1926150,https://i.scdn.co/image/ab67616d00004851ba5db46f4b838ef6027e6f96,https://open.spotify.com/track/6PCUP3dWmTjcTtXY02oFdT
19,2017-04-02,20,Up,Cold,Maroon 5,1883517,https://i.scdn.co/image/ab67616d000048514727f9e79c338683c5bf8921,https://open.spotify.com/track/5NNlUMcOEOdoOIwwaWXv0k
20,2017-04-02,21,Down,Chained To The Rhythm,Katy Perry,1850430,https://i.scdn.co/image/ab67616d000048511487979a7e0181a5d0406d1a,https://open.spotify.com/track/6520aj0B4FSKGVuKNsOCOi
21,2017-04-02,22,Up,Swalla (feat. Nicki Minaj & Ty Dolla $ign),Jason Derulo,1835807,https://i.scdn.co/image/ab67616d000048519d6522bee68370fa5592301d,https://open.spotify.com/track/6kex4EBAj0WHXDKZMEJaaF
22,2017-04-02,23,Down,Believer,Imagine Dragons,1829027,https://i.scdn.co/image/ab67616d000048517956bd9a3d7a15e4c2e37cc6,https://open.spotify.com/track/0CcQNd8CINkwQfe1RDtGV6
23,2017-04-02,24,Flat,iSpy (feat. Lil Yachty),KYLE,1821684,https://i.scdn.co/image/ab67616d0000485132e373f2988bc6596a542d1c,https://open.spotify.com/track/2EEeOnHehOozLq4aS0n6SL
24,2017-04-02,25,Flat,Portland,Drake,1742389,https://i.scdn.co/image/6dfd956b9331fa9ea1f47ebb95311951ed72b3db,https://open.spotify.com/track/2bjwRfXMk4uRgOD9IBYl9h
25,2017-04-02,26,Flat,I Feel It Coming,The Weeknd,1657282,https://i.scdn.co/image/b3683184efeb899b2d1a02f4957d0c630dc10b0b,https://open.spotify.com/track/5GXAXm5YOmYT0kL5jHvYBt
26,2017-04-02,27,Flat,Call On Me - Ryan Riback Extended Remix,Starley,1626856,https://i.scdn.co/image/ab67616d000048519d4079afc73664f86f055400,https://open.spotify.com/track/78rIJddV4X0HkNAInEcYde
27,2017-04-02,28,Flat,Closer,The Chainsmokers,1622115,https://i.scdn.co/image/ab67616d00004851495ce6da9aeb159e94eaa453,https://open.spotify.com/track/7BKLCZ1jbUBVqRi2FVlTVw
28,2017-04-02,29,Up,Perfect,Ed Sheeran,1558603,https://i.scdn.co/image/ab67616d00004851ba5db46f4b838ef6027e6f96,https://open.spotify.com/track/0tgVpDi06FyKpA1z0VMD4v
29,2017-04-02,30,Flat,Solo Dance,Martin Jensen,1524780,https://i.scdn.co/image/ab67616d00004851950d67dbe3f31f1d9a5d06a2,https://open.spotify.com/track/6HUnnBwYZqcED1eQztxMBN
30,2017-04-02,31,Flat,Blem,Drake,1509196,https://i.scdn.co/image/6dfd956b9331fa9ea1f47ebb95311951ed72b3db,https://open.spotify.com/track/2XlHu0HcujBCkWMdIAvrqt
31,2017-04-02,32,Down,SUBEME LA RADIO,Enrique Iglesias,1488316,https://i.scdn.co/image/ab67616d000048515366ff028970205a29d558ed,https://open.spotify.com/track/7nKBxz47S9SD79N086fuhn
32,2017-04-02,33,Up,Say You Won't Let Go,James Arthur,1483415,https://i.scdn.co/image/ab67616d0000485120beb61f61fcbeb33b10a9ab,https://open.spotify.com/track/5uCax9HTNlzGybIStD3vDh
33,2017-04-02,34,Up,"How Far I'll Go - From ""Moana""",Alessia Cara,1479223,https://i.scdn.co/image/ab67616d00004851fb128b1eda22335050f584fe,https://open.spotify.com/track/5hYTyyh2odQKphUbMqc5gN
34,2017-04-02,35,Down,Fake Love,Drake,1450234,https://i.scdn.co/image/6dfd956b9331fa9ea1f47ebb95311951ed72b3db,https://open.spotify.com/track/343YBumqHu19cGoGARUTsd
35,2017-04-02,36,Down,Starboy,The Weeknd,1434791,https://i.scdn.co/image/ab67616d000048510c8599cbde51245c128bcea9,https://open.spotify.com/track/5aAx2yezTd8zXrkmtKl66Z
36,2017-04-02,37,Flat,Tunnel Vision,Kodak Black,1432836,https://i.scdn.co/image/ab67616d000048511541a676423805fc68ff3e66,https://open.spotify.com/track/4Q3N4Ct4zCuIHuZ65E3BD4
37,2017-04-02,38,Up,Happier,Ed Sheeran,1414401,https://i.scdn.co/image/ab67616d00004851ba5db46f4b838ef6027e6f96,https://open.spotify.com/track/2RttW7RAu5nOAfq6YFvApB
38,2017-04-02,39,Down,Green Light,Lorde,1405214,https://i.scdn.co/image/ab67616d0000485128e1139fd3a34626351b9004,https://open.spotify.com/track/0gbBzIqrECJOEPvQJIBFs5
39,2017-04-02,40,Down,Chantaje (feat. Maluma),Shakira,1387526,https://i.scdn.co/image/ab67616d00004851d05d3aad30c5fb7614893cf5,https://open.spotify.com/track/6mICuAdrwEjh6Y6lroV2Kg
40,2017-04-02,41,Up,Location,Khalid,1379221,https://i.scdn.co/image/ab67616d00004851988ede5e1276e758b5f9e577,https://open.spotify.com/track/152lZdxL1OR0ZMW6KquMif
41,2017-04-02,42,Up,Congratulations,Post Malone,1371156,https://i.scdn.co/image/23bae95100dcb6ac8f88c19fa2a11c50a998a926,https://open.spotify.com/track/3a1lNhkSLSkpJE4MSHpDu9
42,2017-04-02,43,Down,Run Up (feat. PARTYNEXTDOOR & Nicki Minaj),Major Lazer,1371113,https://i.scdn.co/image/ab67616d000048518036d7402a6a76aed04f1f98,https://open.spotify.com/track/0fg8CqpjdojMyXLNzM2PaJ
43,2017-04-02,44,Down,El Amante,Nicky Jam,1334228,https://i.scdn.co/image/ab67616d00004851d77dbcd4dbd37cdfa61771fa,https://open.spotify.com/track/3umS4y3uQDkqekNjVpiRUs
44,2017-04-02,45,Up,Selfish (feat. Rihanna),Future,1282306,https://i.scdn.co/image/ab67616d00004851968822b495da180d0792a437,https://open.spotify.com/track/2Ce5IyMlVRVvN997ZJjJJA
45,2017-04-02,46,Down,Gyalchester,Drake,1258447,https://i.scdn.co/image/6dfd956b9331fa9ea1f47ebb95311951ed72b3db,https://open.spotify.com/track/6UjfByV1lDLW0SOVQA4NAi
46,2017-04-02,47,Flat,Weak,AJR,1249768,https://i.scdn.co/image/ab67616d00004851c5f3ca405ff6ed13dc554b94,https://open.spotify.com/track/3E2Zh20GDCR9B1EYjfXWyv
47,2017-04-02,48,Flat,Me Rehúso,Danny Ocean,1249158,https://i.scdn.co/image/ab67616d00004851a75bd33684083600569dd3bf,https://open.spotify.com/track/6De0lHrwBfPfrhorm9q1Xl
48,2017-04-02,49,Up,Bad and Boujee (feat. Lil Uzi Vert),Migos,1231807,https://i.scdn.co/image/ab67616d0000485199a8ab6da9d593939302828a,https://open.spotify.com/track/4Km5HrUvYTaSUfiSGPJeQR
49,2017-04-02,50,Up,XO TOUR Llif3,Lil Uzi Vert,1217935,https://i.scdn.co/image/ab67616d0000485115531ec8568373f631db9786,https://open.spotify.com/track/2eMwDehkIC1j68U6FA3Eiq
50,2017-04-02,51,Down,Still Got Time,ZAYN,1186491,https://i.scdn.co/image/ab67616d000048513bfd914f72da2ed8822a634f,https://open.spotify.com/track/000xQL6tZNLJzIrtIgxqSl
51,2017-04-02,52,Flat,Dive,Ed Sheeran,1121474,https://i.scdn.co/image/ab67616d00004851ba5db46f4b838ef6027e6f96,https://open.spotify.com/track/51ChrwmUPDJvedPQnIU8Ls
52,2017-04-02,53,Flat,September Song,JP Cooper,1061944,https://i.scdn.co/image/ab67616d000048511400ec742ee0935608e30700,https://open.spotify.com/track/0FuTx2s3YH1ppmtiM6l0zI
53,2017-04-02,54,Flat,One Dance,Drake,1053444,https://i.scdn.co/image/ab67616d00004851726abca207567d5e41cb9667,https://open.spotify.com/track/1xznGGDReH1oQq0xzbwXa3
54,2017-04-02,55,Up,Bounce Back,Big Sean,1048520,https://i.scdn.co/image/695d0c097d8463ccc2c2b9855fe44e3e9e7bc267,https://open.spotify.com/track/0SGkqnVQo9KPytSri1H6cF
55,2017-04-02,56,Down,Let Me Love You,DJ Snake,1025828,https://i.scdn.co/image/ab67616d000048515045de6786e0af096de73ed4,https://open.spotify.com/track/4pdPtRcBmOSQDlJ3Fk945m
56,2017-04-02,57,Flat,24K Magic,Bruno Mars,968822,https://i.scdn.co/image/ab67616d00004851232711f7d66a1e19e89e28c5,https://open.spotify.com/track/6b8Be6ljOzmkOmFslEb23P
57,2017-04-02,58,Flat,Free Smoke,Drake,957787,https://i.scdn.co/image/6dfd956b9331fa9ea1f47ebb95311951ed72b3db,https://open.spotify.com/track/05KOgYg8PGeJyyWBPi5ja8
58,2017-04-02,59,Up,Touch,Little Mix,952661,https://i.scdn.co/image/ab67616d000048512318bbb0586903290db2b270,https://open.spotify.com/track/5Ua3GXyHwiSfpNTMjq6m2z
59,2017-04-02,60,Flat,Get It Together,Drake,929724,https://i.scdn.co/image/6dfd956b9331fa9ea1f47ebb95311951ed72b3db,https://open.spotify.com/track/7y6c07pgjZvtHI9kuMVqk1
60,2017-04-02,61,Up,T-Shirt,Migos,923564,https://i.scdn.co/image/ab67616d0000485199a8ab6da9d593939302828a,https://open.spotify.com/track/7KOlJ92bu51cltsD9KU5I7
61,2017-04-02,62,Up,New Man,Ed Sheeran,916609,https://i.scdn.co/image/ab67616d00004851ba5db46f4b838ef6027e6f96,https://open.spotify.com/track/5HDPtsnyb3maFmPL8LLUTG
62,2017-04-02,63,Up,What Do I Know?,Ed Sheeran,915251,https://i.scdn.co/image/ab67616d00004851ba5db46f4b838ef6027e6f96,https://open.spotify.com/track/2pJZ1v8HezrAoZ0Fhzby92
63,2017-04-02,64,Down,Reggaetón Lento (Bailemos),CNCO,911103,https://i.scdn.co/image/ab67616d000048517db0f7ac4c612cce26ccacf9,https://open.spotify.com/track/3AEZUABDXNtecAOSC1qTfo
64,2017-04-02,65,Down,Otra vez (feat. J Balvin),Zion & Lennox,883753,https://i.scdn.co/image/ab67616d0000485182eabf564ddc57325a84dd50,https://open.spotify.com/track/3QwBODjSEzelZyVjxPOHdq
65,2017-04-02,66,Flat,Don't Wanna Know,Maroon 5,871073,https://i.scdn.co/image/ab67616d00004851eec1912bbc2ff74b8203fe5f,https://open.spotify.com/track/5MFzQMkrl1FOOng9tq6R9r
66,2017-04-02,67,Up,All Time Low,Jon Bellion,870597,https://i.scdn.co/image/ff06a4138a99d272c24d2f6da9b5ea6067c054db,https://open.spotify.com/track/1CnPYaKxTVb4LWOtiGOm0m
67,2017-04-02,68,Down,The One,The Chainsmokers,867463,https://i.scdn.co/image/ab67616d000048510c13d3d5a503c84fcc60ae94,https://open.spotify.com/track/0wfbD5rAksdXUzRvMfM3x5
68,2017-04-02,69,Up,Love On The Brain,Rihanna,856667,https://i.scdn.co/image/ddc285ca9817c96c7719b3f2a759e108787db021,https://open.spotify.com/track/2aksifNn5ph8igDOkPBA02
69,2017-04-02,70,Down,Teenage Fever,Drake,854962,https://i.scdn.co/image/6dfd956b9331fa9ea1f47ebb95311951ed72b3db,https://open.spotify.com/track/6n3HGiq4v35D6eFOSwqYuo
70,2017-04-02,71,Up,Swang,Rae Sremmurd,846564,https://i.scdn.co/image/16293ab3b4f9301aeb5f41810fd7056d463db55e,https://open.spotify.com/track/6mapJIPnQ23RTAevUoE0DL
71,2017-04-02,72,Up,All Night,The Vamps,833344,https://i.scdn.co/image/ab67616d00004851f03c9779c27137669304ea20,https://open.spotify.com/track/1yNyoWWWikbLhwIGWjZuDW
72,2017-04-02,73,Up,Look At Me!,XXXTENTACION,822268,https://i.scdn.co/image/ab67616d0000485125b5901b8bcf902f54d466d9,https://open.spotify.com/track/4ARPvK8DHLwt4oX65ZAFMw
73,2017-04-02,74,Up,Starving,Hailee Steinfeld,821265,https://i.scdn.co/image/ab67616d00004851612495ee5769c99125031be2,https://open.spotify.com/track/1qOLh0tI7trd1zdDKxYZTe
74,2017-04-02,75,Down,Tuesday,Burak Yeter,811348,https://i.scdn.co/image/069b0b8dc1285ba4d2bd7f2536abfce84598d130,https://open.spotify.com/track/7abpmGpF7PGep2rDU68GBR
75,2017-04-02,76,Down,La Rompe Corazones,Daddy Yankee,808734,https://i.scdn.co/image/ab67616d00004851b84a36483e43bfbcb931fcde,https://open.spotify.com/track/4okba5wu9mMLXx79DXLKi3
76,2017-04-02,77,Up,Body Like A Back Road,Sam Hunt,806495,https://i.scdn.co/image/ab67616d000048519eccbdab1110afc4d5a186a8,https://open.spotify.com/track/7mldq42yDuxiUNn08nvzHO
77,2017-04-02,78,Up,Don't Leave,Snakehips,802675,https://i.scdn.co/image/ab67616d00004851b72a28b6f92b180a8a423e29,https://open.spotify.com/track/0Zx8khUcEfCFK2AEoIhC92
78,2017-04-02,79,Down,Hear Me Now,Alok,770580,https://i.scdn.co/image/e308bad29e4cf6dc8aa5cd97449ef71bbb893d40,https://open.spotify.com/track/1a5Yu5L18qNxVhXx38njON
79,2017-04-02,80,Down,Sigo Extrañándote,J Balvin,761279,https://i.scdn.co/image/ab67616d00004851338ffc4c72a192f06070546b,https://open.spotify.com/track/6qDF4wWL49CAVbgT7yuHl8
80,2017-04-02,81,Up,Supermarket Flowers,Ed Sheeran,760564,https://i.scdn.co/image/ab67616d00004851ba5db46f4b838ef6027e6f96,https://open.spotify.com/track/4VuS959DSpr82t3qBqCrWG
81,2017-04-02,82,Down,The Heart Part 4,Kendrick Lamar,758717,https://i.scdn.co/image/ab67616d00004851b276b47f7d919215a26f1d6a,https://open.spotify.com/track/1zayuwd1YLZsYDArkruHdL
82,2017-04-02,83,Up,Don't Let Me Down,The Chainsmokers,758179,https://i.scdn.co/image/ab67616d0000485108d87fb54859bc9038f7e5e0,https://open.spotify.com/track/0QsvXIfqM0zZoerQfsI9lm
83,2017-04-02,84,Up,Barcelona,Ed Sheeran,752017,https://i.scdn.co/image/ab67616d00004851ba5db46f4b838ef6027e6f96,https://open.spotify.com/track/3Lfiu5sZ4M4B6JaKMBc0FU
84,2017-04-02,85,Up,Cold Water (feat. Justin Bieber & MØ),Major Lazer,749028,https://i.scdn.co/image/ab67616d000048512e8f1cca2bc8c9d55930523b,https://open.spotify.com/track/6DNtNfH8hXkqOX1sjqmI7p
85,2017-04-02,86,Down,"CAN'T STOP THE FEELING! (Original Song from DreamWorks Animation's ""TROLLS"")",Justin Timberlake,747579,https://i.scdn.co/image/ab67616d00004851ef37416970812293c08e8a78,https://open.spotify.com/track/6JV2JOEocMgcZxYSZelKcc
86,2017-04-02,87,Down,Madiba Riddim,Drake,747008,https://i.scdn.co/image/6dfd956b9331fa9ea1f47ebb95311951ed72b3db,https://open.spotify.com/track/76gUmNLXGQVOsGhfcshkFP
87,2017-04-02,88,Down,KMT,Drake,744221,https://i.scdn.co/image/6dfd956b9331fa9ea1f47ebb95311951ed72b3db,https://open.spotify.com/track/2jTujnt0y344ai1rNOywgr
88,2017-04-02,89,Down,In the Name of Love,Martin Garrix,737480,https://i.scdn.co/image/ab67616d00004851923db3f255cd48a6d5783ebf,https://open.spotify.com/track/04DwTuZ2VBdJCCC5TROn7L
89,2017-04-02,90,Up,No Long Talk,Drake,719687,https://i.scdn.co/image/6dfd956b9331fa9ea1f47ebb95311951ed72b3db,https://open.spotify.com/track/6CfrYuD3YRDYdYvH9jNtXY
90,2017-04-02,91,Up,I Got You,Bebe Rexha,717979,https://i.scdn.co/image/ab67616d00004851809adcbcfe88c94fd2a706c1,https://open.spotify.com/track/1FUViuNSldssMIawrOXF2i
91,2017-04-02,92,Up,Sacrifices,Drake,710307,https://i.scdn.co/image/6dfd956b9331fa9ea1f47ebb95311951ed72b3db,https://open.spotify.com/track/0xl1w2q4VLojeXp4JfazPL
92,2017-04-02,93,Up,Everyday,Ariana Grande,707020,https://i.scdn.co/image/ab67616d000048517227f5854239a059af211d5b,https://open.spotify.com/track/3FiE2d325mIOc4YjkSLVJR
93,2017-04-02,94,Down,Just Hold On,Steve Aoki,706925,https://i.scdn.co/image/ab67616d0000485122e2ce2de8bad6d67ee69b48,https://open.spotify.com/track/3EmmCZoqpWOTY1g2GBwJoR
94,2017-04-02,95,Up,How Would You Feel (Paean),Ed Sheeran,705953,https://i.scdn.co/image/ab67616d00004851ba5db46f4b838ef6027e6f96,https://open.spotify.com/track/6PJ8FF6UR8FZXfEvpHkIVN
95,2017-04-02,96,Down,History,Olivia Holt,701203,https://i.scdn.co/image/ab67616d000048519e21eab426152ef9078d6b94,https://open.spotify.com/track/0WCEaydwN65cvwaW8aqptF
96,2017-04-02,97,Down,"Sola (Remix) [feat. Daddy Yankee, Wisin, Farruko, Zion & Lennox]",Anuel AA,697865,https://i.scdn.co/image/ab67616d00004851a66def7d649149464edc8f1e,https://open.spotify.com/track/5q2JbCNi4FcnglgPfxcV65
97,2017-04-02,98,Up,Side To Side,Ariana Grande,687131,https://i.scdn.co/image/ab67616d000048517227f5854239a059af211d5b,https://open.spotify.com/track/4pLwZjInHj3SimIyN9SnOz
98,2017-04-02,99,Flat,Safari,J Balvin,678689,https://i.scdn.co/image/ab67616d00004851338ffc4c72a192f06070546b,https://open.spotify.com/track/6rQSrBHf7HlZjtcMZ4S4bO
99,2017-04-02,100,Down,Hey Ma (with Pitbull & J Balvin feat. Camila Cabello) - Spanish Version,Pitbull,677833,https://i.scdn.co/image/ab67616d000048513e40b472d708ea3c6bd86670,https://open.spotify.com/track/2Vdub5mY4lad7w64bFPUez
100,2017-04-02,101,Up,Nancy Mulligan,Ed Sheeran,663458,https://i.scdn.co/image/ab67616d00004851ba5db46f4b838ef6027e6f96,https://open.spotify.com/track/35QZaWQRkmnAVqBF1TLCxQ
101,2017-04-02,102,Up,Heathens,Twenty One Pilots,661325,https://i.scdn.co/image/ab67616d000048512ca3ba8f334ca5a5f0312efb,https://open.spotify.com/track/6i0V12jOa3mr6uu4WYhUBr
102,2017-04-02,103,Up,Treat You Better,Shawn Mendes,660462,https://i.scdn.co/image/ab67616d00004851188e6332f32088921ab1eaf8,https://open.spotify.com/track/4Hf7WnR761jpxPr5D46Bcd
103,2017-04-02,104,Down,Heatstroke,Calvin Harris,660099,https://i.scdn.co/image/ab67616d000048514d3fa5ce7ba599f4fd7803ef,https://open.spotify.com/track/60APt5N2NRaKWf5xzJdzyC
104,2017-04-02,105,Flat,4422,Drake,654165,https://i.scdn.co/image/6dfd956b9331fa9ea1f47ebb95311951ed72b3db,https://open.spotify.com/track/2fkeWbM6iqTw7oGHTYm2lw
105,2017-04-02,106,Down,"Ay Mi Dios (feat. Pitbull, Yandel & Chacal)",IAmChino,654001,https://i.scdn.co/image/ab67616d000048511568fbc07414eb185c58ef62,https://open.spotify.com/track/6stYbAJgTszHAHZMPxWWCY
106,2017-04-02,107,Up,All Night (feat. Knox Fortune),Chance the Rapper,653849,https://i.scdn.co/image/ab67616d00004851e71dd15fc5bdefd5bff70452,https://open.spotify.com/track/60xaS8mYBKUW4VQQ666N0T
107,2017-04-02,108,Up,Rolex,Ayo & Teo,652187,https://i.scdn.co/image/ab67616d0000485179dbd95fbdf6b0d617bd32dd,https://open.spotify.com/track/0pSBuHjILhNEo55xK1zrRt
108,2017-04-02,109,Down,Me Llamas (feat. Maluma) - Remix,Piso 21,651883,https://i.scdn.co/image/ab67616d000048511e1eafb5d2bb1ca39d26f092,https://open.spotify.com/track/5hEM0JchdVzQ5PwvSfITeX
109,2017-04-02,110,Up,goosebumps,Travis Scott,651379,https://i.scdn.co/image/ab67616d00004851f54b99bf27cda88f4a7403ce,https://open.spotify.com/track/6gBFPUFcJLzWGx4lenP6h2
110,2017-04-02,111,Down,My Way,Calvin Harris,645971,https://i.scdn.co/image/ab67616d000048518d12bc5e3ea5c9f4a967de32,https://open.spotify.com/track/1vvNmPOiUuyCbgWmtc6yfm
111,2017-04-02,112,Down,Everybody,Logic,645699,https://i.scdn.co/image/08f9ccb7875a87c07c79c1ccd5319263786c55ea,https://open.spotify.com/track/7cGFbx7MP0H23iHZTZpqMM
112,2017-04-02,113,Down,Black Beatles,Rae Sremmurd,638908,https://i.scdn.co/image/16293ab3b4f9301aeb5f41810fd7056d463db55e,https://open.spotify.com/track/6fujklziTHa8uoM5OQSfIo
113,2017-04-02,114,Up,Bad Things (with Camila Cabello),Machine Gun Kelly,637319,https://i.scdn.co/image/d5f976093a4dcbc5ea9d4c04b414207f8bdce469,https://open.spotify.com/track/1PSBzsahR2AKwLJgx8ehBj
114,2017-04-02,115,Down,Vente Pa' Ca,Ricky Martin,636711,https://i.scdn.co/image/ab67616d000048513d90f5938459be40b7b6652a,https://open.spotify.com/track/7DM4BPaS7uofFul3ywMe46
115,2017-04-02,116,Down,I Took A Pill In Ibiza - Seeb Remix,Mike Posner,633046,https://i.scdn.co/image/ab67616d0000485140512e02a594e3378c0256e6,https://open.spotify.com/track/17Fd6Yb7mSbinKG8LoWfFl
116,2017-04-02,117,Down,Jorja Interlude,Drake,615290,https://i.scdn.co/image/6dfd956b9331fa9ea1f47ebb95311951ed72b3db,https://open.spotify.com/track/13e6f8t7RKXuxZ0JdaaJRG
117,2017-04-02,118,Up,Caroline,Aminé,611592,https://i.scdn.co/image/ab67616d00004851a7f01ef25974c10cdbbd566e,https://open.spotify.com/track/5GFDrUTLGJix84sNhjCG0g
118,2017-04-02,119,Flat,Mercy,Shawn Mendes,609879,https://i.scdn.co/image/ab67616d00004851188e6332f32088921ab1eaf8,https://open.spotify.com/track/4TZy1wLyHec06pwgFYDh1a
119,2017-04-02,120,Up,Photograph,Ed Sheeran,608575,https://i.scdn.co/image/ab67616d00004851d08209944468440145f01524,https://open.spotify.com/track/6fxVffaTuwjgEk5h9QyRjy
120,2017-04-02,121,Up,Redbone,Childish Gambino,608056,https://i.scdn.co/image/ab67616d000048510b97e56ffad7c6211aa848f8,https://open.spotify.com/track/3kxfsdsCpFgN412fpnW85Y
121,2017-04-02,122,Up,Hearts Don't Break Around Here,Ed Sheeran,592205,https://i.scdn.co/image/ab67616d00004851ba5db46f4b838ef6027e6f96,https://open.spotify.com/track/2dfHh7ECGxfNqZTQno09Vk
122,2017-04-02,123,Down,We Don't Talk Anymore,Charlie Puth,586763,https://i.scdn.co/image/ab67616d00004851c0e28105f0533c52717c46c2,https://open.spotify.com/track/68EMU2RD1ECNeOeJ5qAXCV
123,2017-04-02,124,Down,Human,Rag'n'Bone Man,583866,https://i.scdn.co/image/ab67616d0000485190a788beadaad34ff684d3ec,https://open.spotify.com/track/58zsLZPvfflaiIbNWoA22O
124,2017-04-02,125,Down,Broccoli (feat. Lil Yachty),DRAM,578149,https://i.scdn.co/image/ab67616d00004851f02a1575a59bd05998826351,https://open.spotify.com/track/7yyRTcZmCiyzzJlNzGC9Ol
125,2017-04-02,126,Down,Stressed Out,Twenty One Pilots,577543,https://i.scdn.co/image/ab67616d00004851de03bfc2991fd5bcfde65ba3,https://open.spotify.com/track/3CRDbSIZ4r5MsZ0YwxuEkn
126,2017-04-02,127,Up,Moves,Big Sean,573447,https://i.scdn.co/image/695d0c097d8463ccc2c2b9855fe44e3e9e7bc267,https://open.spotify.com/track/0Fv5N0cHBsl4bzCbollCAS
127,2017-04-02,128,Up,Thinking out Loud,Ed Sheeran,569715,https://i.scdn.co/image/ab67616d00004851d08209944468440145f01524,https://open.spotify.com/track/1Slwb6dOYkBlWal1PGtnNg
128,2017-04-02,129,Down,Be the One,Dua Lipa,567141,https://i.scdn.co/image/ab67616d000048516b915e407b70e121e06fe979,https://open.spotify.com/track/7FCfMXYTIiQ9b4hDYs4Iol
129,2017-04-02,130,Down,Good Life (with G-Eazy & Kehlani),G-Eazy,567081,https://i.scdn.co/image/ab67616d00004851fcc36f9c0515e6e7faa2030b,https://open.spotify.com/track/1Eck97uRMlprKOOJN9oO1E
130,2017-04-02,131,Down,Do Not Disturb,Drake,565894,https://i.scdn.co/image/6dfd956b9331fa9ea1f47ebb95311951ed72b3db,https://open.spotify.com/track/2KvHC9z14GSl4YpkNMX384
131,2017-04-02,132,Up,At My Best (feat. Hailee Steinfeld),Machine Gun Kelly,560694,https://i.scdn.co/image/d5f976093a4dcbc5ea9d4c04b414207f8bdce469,https://open.spotify.com/track/77lGafvlU68CeHgB2pkHC9
132,2017-04-02,133,Up,Eraser,Ed Sheeran,559910,https://i.scdn.co/image/ab67616d00004851ba5db46f4b838ef6027e6f96,https://open.spotify.com/track/7oolFzHipTMg2nL7shhdz2
133,2017-04-02,134,Up,All We Know,The Chainsmokers,558117,https://i.scdn.co/image/ab67616d00004851ff8d8c5662a96d41433e9ee1,https://open.spotify.com/track/2rizacJSyD9S1IQUxUxnsK
134,2017-04-02,135,Up,Ride,Twenty One Pilots,556383,https://i.scdn.co/image/ab67616d00004851de03bfc2991fd5bcfde65ba3,https://open.spotify.com/track/2Z8WuEywRWYTKe1NybPQEW
135,2017-04-02,136,Up,Scars To Your Beautiful,Alessia Cara,552612,https://i.scdn.co/image/5b9e5bd34ec840f07c8530e43a76b1b5e08d8b77,https://open.spotify.com/track/0prNGof3XqfTvNDxHonvdK
136,2017-04-02,137,Up,Faded,Alan Walker,552564,https://i.scdn.co/image/ab67616d00004851c4d00cac55ae1b4598c9bc90,https://open.spotify.com/track/7gHs73wELdeycvS48JfIos
137,2017-04-02,138,Up,Down,Marian Hill,552392,https://i.scdn.co/image/ab67616d00004851c989c526b15cacc1a579a9c7,https://open.spotify.com/track/2dqLk7ezV15LEJEwUmEbXB
138,2017-04-02,139,Up,Love Yourself,Justin Bieber,550816,https://i.scdn.co/image/ab67616d00004851b6d9a4fbb0bd49f0f034aead,https://open.spotify.com/track/3hB5DgAiMAQ4DzYbsMq1IT
139,2017-04-02,140,Down,Shed a Light,Robin Schulz,548139,https://i.scdn.co/image/ab67616d000048517be189f322bc8155c103d6c9,https://open.spotify.com/track/1cG0umU5TKStygKsPFZ9pY
140,2017-04-02,141,Down,Skin,Rag'n'Bone Man,546779,https://i.scdn.co/image/ab67616d0000485190a788beadaad34ff684d3ec,https://open.spotify.com/track/6y2Kaz9QI01XBKJ8mTb7Pf
141,2017-04-02,142,Down,Vacaciones,Wisin,545149,https://i.scdn.co/image/ab67616d00004851c85f0d16973e9dae6f8a786c,https://open.spotify.com/track/3dQDid3IUNhZy1OehIfYfE
142,2017-04-02,143,Down,Cheap Thrills,Sia,545133,https://i.scdn.co/image/ab67616d0000485149e0134c686547c28b7c999f,https://open.spotify.com/track/27SdWb2rFzO6GWiYDBTD9j
143,2017-04-02,144,Up,The Other,Lauv,544692,https://i.scdn.co/image/ab67616d000048513c6e07056b26bb9804a596da,https://open.spotify.com/track/1lntL1cI2UIWlxjL5QiN8g
144,2017-04-02,145,Up,Bibia Be Ye Ye,Ed Sheeran,539710,https://i.scdn.co/image/ab67616d00004851ba5db46f4b838ef6027e6f96,https://open.spotify.com/track/6SznMYPQJHzr3IwsAHLId2
145,2017-04-02,146,Down,Sooner Or Later,Aaron Carter,538725,https://i.scdn.co/image/ab67616d000048511f7d1e684ec89fe11a4fdc37,https://open.spotify.com/track/6wV12xIUb8oFY7lBy4KuQe
146,2017-04-02,147,Down,This Is What You Came For,Calvin Harris,538215,https://i.scdn.co/image/ab67616d00004851d9aa52355e062f5de060adbf,https://open.spotify.com/track/0azC730Exh71aQlOt9Zj3y
147,2017-04-02,148,Up,Ice Melts,Drake,532416,https://i.scdn.co/image/6dfd956b9331fa9ea1f47ebb95311951ed72b3db,https://open.spotify.com/track/7bJ4mu7MHa3rHiNyKjOoSl
148,2017-04-02,149,Up,美女と野獣,Ariana Grande,529027,https://i.scdn.co/image/ab67616d00004851d5a45b435ecafffdede5fd28,https://open.spotify.com/track/1KT0xdIjm7t053xByACrrg
149,2017-04-02,150,Up,Sunset Lover,Petit Biscuit,525047,https://i.scdn.co/image/ab67616d00004851014080d39d56c94c0b285362,https://open.spotify.com/track/0hNduWmlWmEmuwEFcYvRu1
150,2017-04-02,151,Up,Party Monster,The Weeknd,523399,https://i.scdn.co/image/6aeaaebcbd861c8369b14366e8e0eca2fe96055d,https://open.spotify.com/track/4F7A0DXBrmUAkp32uenhZt
151,2017-04-02,152,Flat,Work from Home (feat. Ty Dolla $ign),Fifth Harmony,522781,https://i.scdn.co/image/ab67616d00004851d03fa6f4e758282b7920b5c8,https://open.spotify.com/track/4tCtwWceOPWzenK2HAIJSb
152,2017-04-02,153,Down,Alone,Alan Walker,519994,https://i.scdn.co/image/ab67616d00004851f00ade2f88d8223521bc7f76,https://open.spotify.com/track/0JiVRyTJcJnmlwCZ854K4p
153,2017-04-02,154,Down,Traicionera,Sebastian Yatra,519080,https://i.scdn.co/image/ab67616d00004851dbe5e9f934a9be5db8884c52,https://open.spotify.com/track/5J1c3M4EldCfNxXwrwt8mT
154,2017-04-02,155,Flat,Perfect Strangers,Jonas Blue,518821,https://i.scdn.co/image/ab67616d0000485179882e87678a76bc1d895e94,https://open.spotify.com/track/1CUVN2kn7mW5FjkqXTR2W1
155,2017-04-02,156,Up,Water Under the Bridge,Adele,518438,https://i.scdn.co/image/ab67616d000048514c3bbcff5e7248e415548f12,https://open.spotify.com/track/4vb4mFvYsr2h6enhjJsq9Y
156,2017-04-02,157,Down,Te Quiero Pa´Mi,Don Omar,517449,https://i.scdn.co/image/ab67616d00004851d0cb2a58e3bf5d7ac5ece16f,https://open.spotify.com/track/3BY2mafsbsoKGqS380Xnuz
157,2017-04-02,158,Down,Sorry,Justin Bieber,515662,https://i.scdn.co/image/ab67616d00004851b6d9a4fbb0bd49f0f034aead,https://open.spotify.com/track/69bp2EbF7Q2rqc5N3ylezZ
158,2017-04-02,159,Down,Alguien Robo,Sebastian Yatra,511407,https://i.scdn.co/image/ab67616d0000485135e1cf8c70c60dc416956c17,https://open.spotify.com/track/5i50gKdLAjjIr7UxRT5IVy
159,2017-04-02,160,Up,Versace on the Floor,Bruno Mars,510573,https://i.scdn.co/image/ab67616d00004851232711f7d66a1e19e89e28c5,https://open.spotify.com/track/0kN8xEmgMW9mh7UmDYHlJP
160,2017-04-02,161,Up,Thumbs,Sabrina Carpenter,509640,https://i.scdn.co/image/ab67616d00004851b13cc7b6ba13bcd75cae73a1,https://open.spotify.com/track/3UjJP4ludb74a29P5EHEIo
161,2017-04-02,162,Down,No Promises (feat. Demi Lovato),Cheat Codes,505276,https://i.scdn.co/image/ab67616d00004851e74ecdb2f1316c8f026970a8,https://open.spotify.com/track/1louJpMmzEicAn7lzDalPW
162,2017-04-02,163,Up,Save Myself,Ed Sheeran,495751,https://i.scdn.co/image/ab67616d00004851ba5db46f4b838ef6027e6f96,https://open.spotify.com/track/6TIU9Ehmi6dMzZK73Ym4yj
163,2017-04-02,164,Down,Skepta Interlude,Drake,489285,https://i.scdn.co/image/6dfd956b9331fa9ea1f47ebb95311951ed72b3db,https://open.spotify.com/track/2dfqS3MRtbLZSZA1IL8xY5
164,2017-04-02,165,Down,Panda,Desiigner,483655,https://i.scdn.co/image/ab67616d000048513df69bfb7713d8262820612b,https://open.spotify.com/track/5OOkp4U9P9oL23maHFHL1h
165,2017-04-02,166,Down,Ciao Adios,Anne-Marie,477144,https://i.scdn.co/image/ab67616d0000485119f06fd0fc43d3ebed4f041d,https://open.spotify.com/track/3EfugazgSddQvzZpkof5I4
166,2017-04-02,167,Down,Gyal You A Party Animal - Remix,Charly Black,474763,https://i.scdn.co/image/ab67616d0000485131a026a9d39e08006ddfb138,https://open.spotify.com/track/1AkTW13ysu0AJrwuM6UY0I
167,2017-04-02,168,Flat,La Bicicleta,Carlos Vives,471401,https://i.scdn.co/image/ab67616d00004851d05d3aad30c5fb7614893cf5,https://open.spotify.com/track/0sXvAOmXgjR2QUqLK1MltU
168,2017-04-02,169,Up,No Problem (feat. Lil Wayne & 2 Chainz),Chance the Rapper,468537,https://i.scdn.co/image/ab67616d00004851e71dd15fc5bdefd5bff70452,https://open.spotify.com/track/0v9Wz8o0BT8DU38R4ddjeH
169,2017-04-02,170,Down,This Girl (Kungs Vs. Cookin' On 3 Burners) - Kungs Vs. Cookin' On 3 Burners,Kungs,467450,https://i.scdn.co/image/ab67616d00004851f504cc56f3bd99bc61929272,https://open.spotify.com/track/0tICYNayWWhH9GPeFrfjfD
170,2017-04-02,171,Up,"Sucker For Pain (with Wiz Khalifa, Imagine Dragons, Logic & Ty Dolla $ign feat. X Ambassadors)",Lil Wayne,467272,https://i.scdn.co/image/ab67616d000048517d8dfcfd507069d7f2062caf,https://open.spotify.com/track/4dASQiO1Eoo3RJvt74FtXB
171,2017-04-02,172,Down,Can't Have Everything,Drake,464806,https://i.scdn.co/image/6dfd956b9331fa9ea1f47ebb95311951ed72b3db,https://open.spotify.com/track/5f5r2N4Lp9WoULWPH9zp2W
172,2017-04-02,173,Down,Dile Que Tu Me Quieres,Ozuna,461934,https://i.scdn.co/image/ab67616d0000485133bbd31551e01896f58d688f,https://open.spotify.com/track/20ZAJdsKB5IGbGj4ilRt2o
173,2017-04-02,174,Down,No Lie,Sean Paul,460417,https://i.scdn.co/image/ab67616d000048514782809e4cd19cefc99048f7,https://open.spotify.com/track/3cFsmM51N5zMAuu1nNY4Tw
174,2017-04-02,175,Up,By Your Side,Jonas Blue,458220,https://i.scdn.co/image/ab67616d00004851bd4b658f3aead04637924c28,https://open.spotify.com/track/1D3ODoXHBLpdxolZRHWV1j
175,2017-04-02,176,Up,Lights Down Low,MAX,457492,https://i.scdn.co/image/ab67616d00004851cefb1bcf9304bf454bae7f8d,https://open.spotify.com/track/1sYSP7gKa5kdKIfhANfori
176,2017-04-02,177,Up,TG4M,Zara Larsson,456245,https://i.scdn.co/image/ab67616d000048519e1683774b22648f4f178ed3,https://open.spotify.com/track/4uoumbAMEMaKdtiv763jKz
177,2017-04-02,178,Up,7 Years,Lukas Graham,454849,https://i.scdn.co/image/ab67616d0000485104d59cefa11f0eee9f1877a5,https://open.spotify.com/track/7129iqBafaphfc3WPCGC0L
178,2017-04-02,179,Up,X (feat. Future),21 Savage,450926,https://i.scdn.co/image/ab67616d000048512dd1ac4a61495080ef8f78ca,https://open.spotify.com/track/6fwdbPMwP1zVStm8FybmkO
179,2017-04-02,180,Up,Too Good,Drake,449442,https://i.scdn.co/image/ab67616d00004851726abca207567d5e41cb9667,https://open.spotify.com/track/11KJSRSgaDxqydKYiD2Jew
180,2017-04-02,181,Up,"i hate u, i love u (feat. olivia o'brien)",gnash,446291,https://i.scdn.co/image/ab67616d0000485108862f843ea27f44f8e8cbd8,https://open.spotify.com/track/7vRriwrloYVaoAe3a9wJHe
181,2017-04-02,182,Down,Cake By The Ocean,DNCE,445169,https://i.scdn.co/image/ab67616d00004851a19a2912e1618ada66b2e6e8,https://open.spotify.com/track/2aFiaMXmWsM3Vj72F9ksBl
182,2017-04-02,183,Down,Lean On (feat. MØ & DJ Snake),Major Lazer,443884,https://i.scdn.co/image/ab67616d000048519f55dad3a63f72f1bc8d6f59,https://open.spotify.com/track/4WjH9Bzt3kx7z8kl0awxh4
183,2017-04-02,184,Up,Nothings Into Somethings,Drake,442059,https://i.scdn.co/image/6dfd956b9331fa9ea1f47ebb95311951ed72b3db,https://open.spotify.com/track/6MbH1QiphMCPTqVEVC7UYi
184,2017-04-02,185,Flat,Glow,Drake,441663,https://i.scdn.co/image/6dfd956b9331fa9ea1f47ebb95311951ed72b3db,https://open.spotify.com/track/28irpKCCK9nn9DZSik2zEx
185,2017-04-02,186,Up,Controlla,Drake,438010,https://i.scdn.co/image/ab67616d00004851726abca207567d5e41cb9667,https://open.spotify.com/track/6F609ICg9Spjrw1epsAnpa
186,2017-04-02,187,Down,I Would Like,Zara Larsson,434476,https://i.scdn.co/image/ab67616d000048519e1683774b22648f4f178ed3,https://open.spotify.com/track/4Q4jmPHwu0wrJvqrld0FQ6
187,2017-04-02,188,Up,Chill Bill,Rob $tone,432020,https://i.scdn.co/image/ab67616d000048516f3e9696889a2425338e0836,https://open.spotify.com/track/5uDASfU19gDxSjW8cnCaBp
188,2017-04-02,189,Down,Deja vu,Prince Royce,430682,https://i.scdn.co/image/ab67616d000048516c1180ae683cc09d840a9163,https://open.spotify.com/track/46HdsiK0uR26B2dY9QPzda
189,2017-04-02,190,Down,Andas En Mi Cabeza,Chino & Nacho,428461,https://i.scdn.co/image/ab67616d0000485166dad4487da6fc0dced2d0c6,https://open.spotify.com/track/5mey7CLLuFToM2P68Qu1gF
190,2017-04-02,191,Up,Lush Life,Zara Larsson,424463,https://i.scdn.co/image/ab67616d000048519e1683774b22648f4f178ed3,https://open.spotify.com/track/1rIKgCH4H52lrvDcz50hS8
191,2017-04-02,192,Down,Now and Later,Sage The Gemini,422167,https://i.scdn.co/image/ab67616d0000485182d22e1d83fc1045ad33444a,https://open.spotify.com/track/43jBqV3j3Xi1g6wO0bhIMd
192,2017-04-02,193,Down,Light It Up (feat. Nyla & Fuse ODG) - Remix,Major Lazer,419954,https://i.scdn.co/image/ab67616d00004851751a2e5da4333e86814026ba,https://open.spotify.com/track/0L7loeTIg6akW84aEQZpCT
193,2017-04-02,194,Up,Lose You,Drake,419813,https://i.scdn.co/image/6dfd956b9331fa9ea1f47ebb95311951ed72b3db,https://open.spotify.com/track/2Na0z2gfN67Rzf0vp74Wi3
194,2017-04-02,195,New,Million Reasons,Lady Gaga,417103,https://i.scdn.co/image/ab67616d00004851dd0b256c733c96b653ab5cde,https://open.spotify.com/track/50PWlIBU7PlGGwzgN8TiFJ
195,2017-04-02,196,Up,No Frauds,Nicki Minaj,416319,https://i.scdn.co/image/f6eb2f1e1a5ea603f4cee5b8f082ff6ebbc8c0ff,https://open.spotify.com/track/7KcGEssn7BnJdTgildK5y0
196,2017-04-02,197,Down,Work,Rihanna,415877,https://i.scdn.co/image/ab67616d000048510ed05634a469e5cf4789b0a7,https://open.spotify.com/track/14WWzenpaEgQZlqPq2nk4v
197,2017-04-02,198,New,Fresh Eyes,Andy Grammer,415014,https://i.scdn.co/image/ab67616d0000485158dd2ff215d3baa7d4bd194f,https://open.spotify.com/track/4nMlau89VAjmV7agkl7OY3
198,2017-04-02,199,New,White Iverson,Post Malone,414101,https://i.scdn.co/image/23bae95100dcb6ac8f88c19fa2a11c50a998a926,https://open.spotify.com/track/6eT7xZZlB2mwyzJ2sUKG6w
199,2017-04-02,200,Down,I Love You,Axwell /\ Ingrosso,413286,https://i.scdn.co/image/ab67616d00004851c9565af11453132958687a20,https://open.spotify.com/track/11Fo4dAH31K7UZHGqCkCmE
