,Date,Position,Trend,Title,Artist,Streams,Icon_URL,Spotify_URL
0,2017-04-10,1,Flat,Shape of You,Ed Sheeran,5915537,https://i.scdn.co/image/ab67616d00004851ba5db46f4b838ef6027e6f96,https://open.spotify.com/track/7qiZfU4dY1lWllzX7mPBI3
1,2017-04-10,2,Flat,Something Just Like This,The Chainsmokers,4343539,https://i.scdn.co/image/ab67616d000048510c13d3d5a503c84fcc60ae94,https://open.spotify.com/track/6RUKPb4LETWmmr3iAEQktW
2,2017-04-10,3,Flat,It Ain't Me (with Selena Gomez),Kygo,3759057,https://i.scdn.co/image/ab67616d0000485141f289940f2e6a0d51988d77,https://open.spotify.com/track/3eR23VReFzcdmS7TYCrhCe
3,2017-04-10,4,Flat,Passionfruit,Drake,3642059,https://i.scdn.co/image/ab67616d000048515ea859dc94365abd9fd84fd6,https://open.spotify.com/track/7hDc8b7IXETo14hHIHdnhd
4,2017-04-10,5,Flat,Mask Off,Future,3625586,https://i.scdn.co/image/ab67616d00004851356884f85665ebdd79223fdf,https://open.spotify.com/track/3rOSwuTsUlJp0Pu0MkN8r8
5,2017-04-10,6,Flat,HUMBLE.,Kendrick Lamar,3587174,https://i.scdn.co/image/ae1f239b41e9604a66eb900834c6887cd2f62ff1,https://open.spotify.com/track/7KXjTSCq5nL1LoYtL7XAwS
6,2017-04-10,7,Flat,That's What I Like,Bruno Mars,3272450,https://i.scdn.co/image/ab67616d00004851232711f7d66a1e19e89e28c5,https://open.spotify.com/track/0KKkJNfGyhkQ5aFogxQAPU
7,2017-04-10,8,Flat,Stay (with Alessia Cara),Zedd,3221955,https://i.scdn.co/image/ab67616d0000485191a70f95efc3400f696e89cc,https://open.spotify.com/track/0dA2Mk56wEzDgegdC6R17g
8,2017-04-10,9,Up,Paris,The Chainsmokers,3055194,https://i.scdn.co/image/ab67616d000048510c13d3d5a503c84fcc60ae94,https://open.spotify.com/track/72jbDTw1piOOj770jWNeaG
9,2017-04-10,10,Up,Symphony (feat. Zara Larsson),Clean Bandit,2979690,https://i.scdn.co/image/ab67616d000048515b1130d050c4cd2295999d85,https://open.spotify.com/track/1x5sYLZiu9r5E43kMlt9f8
10,2017-04-10,11,Down,Despacito (Featuring Daddy Yankee),Luis Fonsi,2901437,https://i.scdn.co/image/ab67616d00004851a5971936e3b8d91f8b616b17,https://open.spotify.com/track/4aWmUDTfIPGksMNLV2rQP2
11,2017-04-10,12,Flat,Galway Girl,Ed Sheeran,2786042,https://i.scdn.co/image/ab67616d00004851ba5db46f4b838ef6027e6f96,https://open.spotify.com/track/0afhq8XCExXpqazXczTSve
12,2017-04-10,13,Flat,Slide,Calvin Harris,2550600,https://i.scdn.co/image/ab67616d000048514d3fa5ce7ba599f4fd7803ef,https://open.spotify.com/track/7tr2za8SQg2CI8EDgrdtNl
13,2017-04-10,14,Up,Sign of the Times,Harry Styles,2515505,https://i.scdn.co/image/ab67616d000048516c619c39c853f8b1d67b7859,https://open.spotify.com/track/5Ohxk2dO5COHF1krpoPigN
14,2017-04-10,15,Up,Issues,Julia Michaels,2394844,https://i.scdn.co/image/ab67616d000048519615e35e0e9e4b2c3dccb520,https://open.spotify.com/track/1sXUWdKx03aP9Gmzft58rt
15,2017-04-10,16,Down,Scared to Be Lonely,Martin Garrix,2394409,https://i.scdn.co/image/ab67616d0000485164f8a309aa3c0a66a31fc374,https://open.spotify.com/track/3ebXMykcMXOcLeJ9xZ17XH
16,2017-04-10,17,Down,Swalla (feat. Nicki Minaj & Ty Dolla $ign),Jason Derulo,2383674,https://i.scdn.co/image/ab67616d000048519d6522bee68370fa5592301d,https://open.spotify.com/track/6kex4EBAj0WHXDKZMEJaaF
17,2017-04-10,18,Flat,The One,The Chainsmokers,2152952,https://i.scdn.co/image/ab67616d000048510c13d3d5a503c84fcc60ae94,https://open.spotify.com/track/0wfbD5rAksdXUzRvMfM3x5
18,2017-04-10,19,Flat,You Don't Know Me - Radio Edit,Jax Jones,2069078,https://i.scdn.co/image/ab67616d00004851dd05a1716e2f07a07b8ccfe3,https://open.spotify.com/track/00lNx0OcTJrS3MKHcB80HY
19,2017-04-10,20,Flat,"I Don’t Wanna Live Forever (Fifty Shades Darker) - From ""Fifty Shades Darker (Original Motion Picture Soundtrack)""",ZAYN,2061612,https://i.scdn.co/image/ab67616d000048512ae921f082ae5db4d3da818f,https://open.spotify.com/track/3NdDpSvN911VPGivFlV5d0
20,2017-04-10,21,Up,Cold,Maroon 5,1993438,https://i.scdn.co/image/ab67616d000048514727f9e79c338683c5bf8921,https://open.spotify.com/track/5NNlUMcOEOdoOIwwaWXv0k
21,2017-04-10,22,Down,iSpy (feat. Lil Yachty),KYLE,1956300,https://i.scdn.co/image/ab67616d0000485132e373f2988bc6596a542d1c,https://open.spotify.com/track/2EEeOnHehOozLq4aS0n6SL
22,2017-04-10,23,Up,Believer,Imagine Dragons,1942984,https://i.scdn.co/image/ab67616d000048517956bd9a3d7a15e4c2e37cc6,https://open.spotify.com/track/0CcQNd8CINkwQfe1RDtGV6
23,2017-04-10,24,Down,Rockabye (feat. Sean Paul & Anne-Marie),Clean Bandit,1941550,https://i.scdn.co/image/ab67616d000048511431c3bdf16aa99f71799d95,https://open.spotify.com/track/5knuzwU65gJK7IF5yJsuaW
24,2017-04-10,25,Flat,XO TOUR Llif3,Lil Uzi Vert,1902838,https://i.scdn.co/image/ab67616d0000485115531ec8568373f631db9786,https://open.spotify.com/track/2eMwDehkIC1j68U6FA3Eiq
25,2017-04-10,26,Flat,Castle on the Hill,Ed Sheeran,1816910,https://i.scdn.co/image/ab67616d00004851ba5db46f4b838ef6027e6f96,https://open.spotify.com/track/6PCUP3dWmTjcTtXY02oFdT
26,2017-04-10,27,Up,Closer,The Chainsmokers,1764202,https://i.scdn.co/image/ab67616d00004851495ce6da9aeb159e94eaa453,https://open.spotify.com/track/7BKLCZ1jbUBVqRi2FVlTVw
27,2017-04-10,28,Down,Call On Me - Ryan Riback Extended Remix,Starley,1737637,https://i.scdn.co/image/ab67616d000048519d4079afc73664f86f055400,https://open.spotify.com/track/78rIJddV4X0HkNAInEcYde
28,2017-04-10,29,Up,Chained To The Rhythm,Katy Perry,1700139,https://i.scdn.co/image/ab67616d000048511487979a7e0181a5d0406d1a,https://open.spotify.com/track/6520aj0B4FSKGVuKNsOCOi
29,2017-04-10,30,Down,Portland,Drake,1692033,https://i.scdn.co/image/6dfd956b9331fa9ea1f47ebb95311951ed72b3db,https://open.spotify.com/track/2bjwRfXMk4uRgOD9IBYl9h
30,2017-04-10,31,Down,Solo Dance,Martin Jensen,1689380,https://i.scdn.co/image/ab67616d00004851950d67dbe3f31f1d9a5d06a2,https://open.spotify.com/track/6HUnnBwYZqcED1eQztxMBN
31,2017-04-10,32,Flat,I Feel It Coming,The Weeknd,1679900,https://i.scdn.co/image/b3683184efeb899b2d1a02f4957d0c630dc10b0b,https://open.spotify.com/track/5GXAXm5YOmYT0kL5jHvYBt
32,2017-04-10,33,Flat,SUBEME LA RADIO,Enrique Iglesias,1586495,https://i.scdn.co/image/ab67616d000048515366ff028970205a29d558ed,https://open.spotify.com/track/7nKBxz47S9SD79N086fuhn
33,2017-04-10,34,Flat,Say You Won't Let Go,James Arthur,1546481,https://i.scdn.co/image/ab67616d0000485120beb61f61fcbeb33b10a9ab,https://open.spotify.com/track/5uCax9HTNlzGybIStD3vDh
34,2017-04-10,35,Flat,Location,Khalid,1535314,https://i.scdn.co/image/ab67616d00004851988ede5e1276e758b5f9e577,https://open.spotify.com/track/152lZdxL1OR0ZMW6KquMif
35,2017-04-10,36,Up,Perfect,Ed Sheeran,1498079,https://i.scdn.co/image/ab67616d00004851ba5db46f4b838ef6027e6f96,https://open.spotify.com/track/0tgVpDi06FyKpA1z0VMD4v
36,2017-04-10,37,Flat,Green Light,Lorde,1493521,https://i.scdn.co/image/ab67616d0000485128e1139fd3a34626351b9004,https://open.spotify.com/track/0gbBzIqrECJOEPvQJIBFs5
37,2017-04-10,38,Down,Starboy,The Weeknd,1492282,https://i.scdn.co/image/ab67616d000048510c8599cbde51245c128bcea9,https://open.spotify.com/track/5aAx2yezTd8zXrkmtKl66Z
38,2017-04-10,39,Down,Congratulations,Post Malone,1474104,https://i.scdn.co/image/23bae95100dcb6ac8f88c19fa2a11c50a998a926,https://open.spotify.com/track/3a1lNhkSLSkpJE4MSHpDu9
39,2017-04-10,40,Flat,Me Rehúso,Danny Ocean,1422970,https://i.scdn.co/image/ab67616d00004851a75bd33684083600569dd3bf,https://open.spotify.com/track/6De0lHrwBfPfrhorm9q1Xl
40,2017-04-10,41,Up,Run Up (feat. PARTYNEXTDOOR & Nicki Minaj),Major Lazer,1416290,https://i.scdn.co/image/ab67616d000048518036d7402a6a76aed04f1f98,https://open.spotify.com/track/0fg8CqpjdojMyXLNzM2PaJ
41,2017-04-10,42,Down,Tunnel Vision,Kodak Black,1386597,https://i.scdn.co/image/ab67616d000048511541a676423805fc68ff3e66,https://open.spotify.com/track/4Q3N4Ct4zCuIHuZ65E3BD4
42,2017-04-10,43,Up,Selfish (feat. Rihanna),Future,1371271,https://i.scdn.co/image/ab67616d00004851968822b495da180d0792a437,https://open.spotify.com/track/2Ce5IyMlVRVvN997ZJjJJA
43,2017-04-10,44,Down,Chantaje (feat. Maluma),Shakira,1364450,https://i.scdn.co/image/ab67616d00004851d05d3aad30c5fb7614893cf5,https://open.spotify.com/track/6mICuAdrwEjh6Y6lroV2Kg
44,2017-04-10,45,Down,El Amante,Nicky Jam,1349954,https://i.scdn.co/image/ab67616d00004851d77dbcd4dbd37cdfa61771fa,https://open.spotify.com/track/3umS4y3uQDkqekNjVpiRUs
45,2017-04-10,46,Up,Weak,AJR,1336501,https://i.scdn.co/image/ab67616d00004851c5f3ca405ff6ed13dc554b94,https://open.spotify.com/track/3E2Zh20GDCR9B1EYjfXWyv
46,2017-04-10,47,Down,Fake Love,Drake,1311911,https://i.scdn.co/image/6dfd956b9331fa9ea1f47ebb95311951ed72b3db,https://open.spotify.com/track/343YBumqHu19cGoGARUTsd
47,2017-04-10,48,Up,"How Far I'll Go - From ""Moana""",Alessia Cara,1281490,https://i.scdn.co/image/ab67616d00004851fb128b1eda22335050f584fe,https://open.spotify.com/track/5hYTyyh2odQKphUbMqc5gN
48,2017-04-10,49,Down,Blem,Drake,1269533,https://i.scdn.co/image/6dfd956b9331fa9ea1f47ebb95311951ed72b3db,https://open.spotify.com/track/2XlHu0HcujBCkWMdIAvrqt
49,2017-04-10,50,Flat,Happier,Ed Sheeran,1267840,https://i.scdn.co/image/ab67616d00004851ba5db46f4b838ef6027e6f96,https://open.spotify.com/track/2RttW7RAu5nOAfq6YFvApB
50,2017-04-10,51,Up,Now Or Never,Halsey,1237459,https://i.scdn.co/image/ab67616d000048519357ea2dbe932b47fe8149d6,https://open.spotify.com/track/0Nhu3zSYbEz32IYiobV75e
51,2017-04-10,52,Flat,September Song,JP Cooper,1186022,https://i.scdn.co/image/ab67616d000048511400ec742ee0935608e30700,https://open.spotify.com/track/0FuTx2s3YH1ppmtiM6l0zI
52,2017-04-10,53,Flat,Still Got Time,ZAYN,1175167,https://i.scdn.co/image/ab67616d000048513bfd914f72da2ed8822a634f,https://open.spotify.com/track/000xQL6tZNLJzIrtIgxqSl
53,2017-04-10,54,Down,Bad and Boujee (feat. Lil Uzi Vert),Migos,1092141,https://i.scdn.co/image/ab67616d0000485199a8ab6da9d593939302828a,https://open.spotify.com/track/4Km5HrUvYTaSUfiSGPJeQR
54,2017-04-10,55,Up,Gyalchester,Drake,1087466,https://i.scdn.co/image/6dfd956b9331fa9ea1f47ebb95311951ed72b3db,https://open.spotify.com/track/6UjfByV1lDLW0SOVQA4NAi
55,2017-04-10,56,Down,Break Up Every Night,The Chainsmokers,1064501,https://i.scdn.co/image/ab67616d000048510c13d3d5a503c84fcc60ae94,https://open.spotify.com/track/6cPyTS0Kk2sc4xQwC93kOg
56,2017-04-10,57,Up,Let Me Love You,DJ Snake,1058805,https://i.scdn.co/image/ab67616d000048515045de6786e0af096de73ed4,https://open.spotify.com/track/4pdPtRcBmOSQDlJ3Fk945m
57,2017-04-10,58,Up,Touch,Little Mix,1044322,https://i.scdn.co/image/ab67616d000048512318bbb0586903290db2b270,https://open.spotify.com/track/5Ua3GXyHwiSfpNTMjq6m2z
58,2017-04-10,59,Down,Bounce Back,Big Sean,1043157,https://i.scdn.co/image/695d0c097d8463ccc2c2b9855fe44e3e9e7bc267,https://open.spotify.com/track/0SGkqnVQo9KPytSri1H6cF
59,2017-04-10,60,Down,One Dance,Drake,1021612,https://i.scdn.co/image/ab67616d00004851726abca207567d5e41cb9667,https://open.spotify.com/track/1xznGGDReH1oQq0xzbwXa3
60,2017-04-10,61,Up,Dive,Ed Sheeran,954238,https://i.scdn.co/image/ab67616d00004851ba5db46f4b838ef6027e6f96,https://open.spotify.com/track/51ChrwmUPDJvedPQnIU8Ls
61,2017-04-10,62,Up,Body Like A Back Road,Sam Hunt,935802,https://i.scdn.co/image/ab67616d000048519eccbdab1110afc4d5a186a8,https://open.spotify.com/track/7mldq42yDuxiUNn08nvzHO
62,2017-04-10,63,Down,24K Magic,Bruno Mars,931158,https://i.scdn.co/image/ab67616d00004851232711f7d66a1e19e89e28c5,https://open.spotify.com/track/6b8Be6ljOzmkOmFslEb23P
63,2017-04-10,64,Down,Tuesday,Burak Yeter,912472,https://i.scdn.co/image/069b0b8dc1285ba4d2bd7f2536abfce84598d130,https://open.spotify.com/track/7abpmGpF7PGep2rDU68GBR
64,2017-04-10,65,Up,Don't Wanna Know,Maroon 5,897787,https://i.scdn.co/image/ab67616d00004851eec1912bbc2ff74b8203fe5f,https://open.spotify.com/track/5MFzQMkrl1FOOng9tq6R9r
65,2017-04-10,66,Up,Heatstroke,Calvin Harris,889150,https://i.scdn.co/image/ab67616d000048514d3fa5ce7ba599f4fd7803ef,https://open.spotify.com/track/60APt5N2NRaKWf5xzJdzyC
66,2017-04-10,67,Up,Starving,Hailee Steinfeld,878958,https://i.scdn.co/image/ab67616d00004851612495ee5769c99125031be2,https://open.spotify.com/track/1qOLh0tI7trd1zdDKxYZTe
67,2017-04-10,68,Down,Otra vez (feat. J Balvin),Zion & Lennox,874301,https://i.scdn.co/image/ab67616d0000485182eabf564ddc57325a84dd50,https://open.spotify.com/track/3QwBODjSEzelZyVjxPOHdq
68,2017-04-10,69,Down,T-Shirt,Migos,873085,https://i.scdn.co/image/ab67616d0000485199a8ab6da9d593939302828a,https://open.spotify.com/track/7KOlJ92bu51cltsD9KU5I7
69,2017-04-10,70,Down,Reggaetón Lento (Bailemos),CNCO,867541,https://i.scdn.co/image/ab67616d000048517db0f7ac4c612cce26ccacf9,https://open.spotify.com/track/3AEZUABDXNtecAOSC1qTfo
70,2017-04-10,71,Flat,Look At Me!,XXXTENTACION,858241,https://i.scdn.co/image/ab67616d0000485125b5901b8bcf902f54d466d9,https://open.spotify.com/track/4ARPvK8DHLwt4oX65ZAFMw
71,2017-04-10,72,Down,Swang,Rae Sremmurd,857372,https://i.scdn.co/image/16293ab3b4f9301aeb5f41810fd7056d463db55e,https://open.spotify.com/track/6mapJIPnQ23RTAevUoE0DL
72,2017-04-10,73,Up,Sigo Extrañándote,J Balvin,848637,https://i.scdn.co/image/ab67616d00004851338ffc4c72a192f06070546b,https://open.spotify.com/track/6qDF4wWL49CAVbgT7yuHl8
73,2017-04-10,74,Down,Don't Let Me Down,The Chainsmokers,848353,https://i.scdn.co/image/ab67616d0000485108d87fb54859bc9038f7e5e0,https://open.spotify.com/track/0QsvXIfqM0zZoerQfsI9lm
74,2017-04-10,75,Up,No Promises (feat. Demi Lovato),Cheat Codes,843319,https://i.scdn.co/image/ab67616d00004851e74ecdb2f1316c8f026970a8,https://open.spotify.com/track/1louJpMmzEicAn7lzDalPW
75,2017-04-10,76,Down,All Time Low,Jon Bellion,839257,https://i.scdn.co/image/ff06a4138a99d272c24d2f6da9b5ea6067c054db,https://open.spotify.com/track/1CnPYaKxTVb4LWOtiGOm0m
76,2017-04-10,77,Down,La Rompe Corazones,Daddy Yankee,829035,https://i.scdn.co/image/ab67616d00004851b84a36483e43bfbcb931fcde,https://open.spotify.com/track/4okba5wu9mMLXx79DXLKi3
77,2017-04-10,78,Flat,Free Smoke,Drake,828159,https://i.scdn.co/image/6dfd956b9331fa9ea1f47ebb95311951ed72b3db,https://open.spotify.com/track/05KOgYg8PGeJyyWBPi5ja8
78,2017-04-10,79,Down,What Do I Know?,Ed Sheeran,823219,https://i.scdn.co/image/ab67616d00004851ba5db46f4b838ef6027e6f96,https://open.spotify.com/track/2pJZ1v8HezrAoZ0Fhzby92
79,2017-04-10,80,Down,All Night,The Vamps,822788,https://i.scdn.co/image/ab67616d00004851f03c9779c27137669304ea20,https://open.spotify.com/track/1yNyoWWWikbLhwIGWjZuDW
80,2017-04-10,81,Down,Hear Me Now,Alok,789329,https://i.scdn.co/image/e308bad29e4cf6dc8aa5cd97449ef71bbb893d40,https://open.spotify.com/track/1a5Yu5L18qNxVhXx38njON
81,2017-04-10,82,Up,Bloodstream,The Chainsmokers,781605,https://i.scdn.co/image/ab67616d000048510c13d3d5a503c84fcc60ae94,https://open.spotify.com/track/26AuyrZGzWWiYZPSd3XBIg
82,2017-04-10,83,Flat,Cold Water (feat. Justin Bieber & MØ),Major Lazer,776788,https://i.scdn.co/image/ab67616d000048512e8f1cca2bc8c9d55930523b,https://open.spotify.com/track/6DNtNfH8hXkqOX1sjqmI7p
83,2017-04-10,84,Up,New Man,Ed Sheeran,775214,https://i.scdn.co/image/ab67616d00004851ba5db46f4b838ef6027e6f96,https://open.spotify.com/track/5HDPtsnyb3maFmPL8LLUTG
84,2017-04-10,85,Up,Pretty Girl - Cheat Codes X CADE Remix,Maggie Lindemann,768638,https://i.scdn.co/image/ab67616d000048517c7436e1b6273be0e7bc1a84,https://open.spotify.com/track/1NDxZ7cFAo481dtYWdrUnR
85,2017-04-10,86,Up,Don't Say,The Chainsmokers,760087,https://i.scdn.co/image/ab67616d000048510c13d3d5a503c84fcc60ae94,https://open.spotify.com/track/1pJQAHpD51J7GYaFrrFO9S
86,2017-04-10,87,Up,Hey Ma (with Pitbull & J Balvin feat. Camila Cabello) - Spanish Version,Pitbull,755397,https://i.scdn.co/image/ab67616d000048513e40b472d708ea3c6bd86670,https://open.spotify.com/track/2Vdub5mY4lad7w64bFPUez
87,2017-04-10,88,Down,In the Name of Love,Martin Garrix,754877,https://i.scdn.co/image/ab67616d00004851923db3f255cd48a6d5783ebf,https://open.spotify.com/track/04DwTuZ2VBdJCCC5TROn7L
88,2017-04-10,89,Down,Everyday,Ariana Grande,746816,https://i.scdn.co/image/ab67616d000048517227f5854239a059af211d5b,https://open.spotify.com/track/3FiE2d325mIOc4YjkSLVJR
89,2017-04-10,90,Up,Teenage Fever,Drake,741615,https://i.scdn.co/image/6dfd956b9331fa9ea1f47ebb95311951ed72b3db,https://open.spotify.com/track/6n3HGiq4v35D6eFOSwqYuo
90,2017-04-10,91,Up,"Sola (Remix) [feat. Daddy Yankee, Wisin, Farruko, Zion & Lennox]",Anuel AA,738719,https://i.scdn.co/image/ab67616d00004851a66def7d649149464edc8f1e,https://open.spotify.com/track/5q2JbCNi4FcnglgPfxcV65
91,2017-04-10,92,Up,Just Hold On,Steve Aoki,737597,https://i.scdn.co/image/ab67616d0000485122e2ce2de8bad6d67ee69b48,https://open.spotify.com/track/3EmmCZoqpWOTY1g2GBwJoR
92,2017-04-10,93,Down,goosebumps,Travis Scott,734088,https://i.scdn.co/image/ab67616d00004851f54b99bf27cda88f4a7403ce,https://open.spotify.com/track/6gBFPUFcJLzWGx4lenP6h2
93,2017-04-10,94,Down,Get It Together,Drake,732786,https://i.scdn.co/image/6dfd956b9331fa9ea1f47ebb95311951ed72b3db,https://open.spotify.com/track/7y6c07pgjZvtHI9kuMVqk1
94,2017-04-10,95,Down,"CAN'T STOP THE FEELING! (Original Song from DreamWorks Animation's ""TROLLS"")",Justin Timberlake,724816,https://i.scdn.co/image/ab67616d00004851ef37416970812293c08e8a78,https://open.spotify.com/track/6JV2JOEocMgcZxYSZelKcc
95,2017-04-10,96,Flat,Side To Side,Ariana Grande,714371,https://i.scdn.co/image/ab67616d000048517227f5854239a059af211d5b,https://open.spotify.com/track/4pLwZjInHj3SimIyN9SnOz
96,2017-04-10,97,Up,Good Life (with G-Eazy & Kehlani),G-Eazy,710703,https://i.scdn.co/image/ab67616d00004851fcc36f9c0515e6e7faa2030b,https://open.spotify.com/track/1Eck97uRMlprKOOJN9oO1E
97,2017-04-10,98,Up,Honest,The Chainsmokers,710272,https://i.scdn.co/image/ab67616d000048510c13d3d5a503c84fcc60ae94,https://open.spotify.com/track/6KjbNLbRjuoa8rEq5yNA6H
98,2017-04-10,99,Down,Rolex,Ayo & Teo,698589,https://i.scdn.co/image/ab67616d0000485179dbd95fbdf6b0d617bd32dd,https://open.spotify.com/track/0pSBuHjILhNEo55xK1zrRt
99,2017-04-10,100,Flat,My Type,The Chainsmokers,698208,https://i.scdn.co/image/ab67616d000048510c13d3d5a503c84fcc60ae94,https://open.spotify.com/track/6V9kwssTrwkKT72imgowj9
100,2017-04-10,101,Flat,Supermarket Flowers,Ed Sheeran,684108,https://i.scdn.co/image/ab67616d00004851ba5db46f4b838ef6027e6f96,https://open.spotify.com/track/4VuS959DSpr82t3qBqCrWG
101,2017-04-10,102,Down,Treat You Better,Shawn Mendes,681948,https://i.scdn.co/image/ab67616d00004851188e6332f32088921ab1eaf8,https://open.spotify.com/track/4Hf7WnR761jpxPr5D46Bcd
102,2017-04-10,103,Up,Barcelona,Ed Sheeran,674906,https://i.scdn.co/image/ab67616d00004851ba5db46f4b838ef6027e6f96,https://open.spotify.com/track/3Lfiu5sZ4M4B6JaKMBc0FU
103,2017-04-10,104,Up,Redbone,Childish Gambino,672834,https://i.scdn.co/image/ab67616d000048510b97e56ffad7c6211aa848f8,https://open.spotify.com/track/3kxfsdsCpFgN412fpnW85Y
104,2017-04-10,105,Up,My Way,Calvin Harris,671237,https://i.scdn.co/image/ab67616d000048518d12bc5e3ea5c9f4a967de32,https://open.spotify.com/track/1vvNmPOiUuyCbgWmtc6yfm
105,2017-04-10,106,Up,Me Llamas (feat. Maluma) - Remix,Piso 21,665541,https://i.scdn.co/image/ab67616d000048511e1eafb5d2bb1ca39d26f092,https://open.spotify.com/track/5hEM0JchdVzQ5PwvSfITeX
106,2017-04-10,107,Up,Young,The Chainsmokers,658173,https://i.scdn.co/image/ab67616d000048510c13d3d5a503c84fcc60ae94,https://open.spotify.com/track/1KeZgPUr54C8iz3FjqzVoz
107,2017-04-10,108,Down,"Ay Mi Dios (feat. Pitbull, Yandel & Chacal)",IAmChino,655943,https://i.scdn.co/image/ab67616d000048511568fbc07414eb185c58ef62,https://open.spotify.com/track/6stYbAJgTszHAHZMPxWWCY
108,2017-04-10,109,Up,Love On The Brain,Rihanna,654439,https://i.scdn.co/image/ddc285ca9817c96c7719b3f2a759e108787db021,https://open.spotify.com/track/2aksifNn5ph8igDOkPBA02
109,2017-04-10,110,Up,Escápate Conmigo,Wisin,649109,https://i.scdn.co/image/ab67616d000048512b02904e5404ad6069c16a4f,https://open.spotify.com/track/2cnKEkpVUSV4wnjQiTWfH6
110,2017-04-10,111,Down,Heathens,Twenty One Pilots,649097,https://i.scdn.co/image/ab67616d000048512ca3ba8f334ca5a5f0312efb,https://open.spotify.com/track/6i0V12jOa3mr6uu4WYhUBr
111,2017-04-10,112,Up,It Won't Kill Ya,The Chainsmokers,648775,https://i.scdn.co/image/ab67616d000048510c13d3d5a503c84fcc60ae94,https://open.spotify.com/track/5xhJmd0I15jFcEdqxfCzKk
112,2017-04-10,113,Up,History,Olivia Holt,646064,https://i.scdn.co/image/ab67616d000048519e21eab426152ef9078d6b94,https://open.spotify.com/track/0WCEaydwN65cvwaW8aqptF
113,2017-04-10,114,Down,I Took A Pill In Ibiza - Seeb Remix,Mike Posner,645381,https://i.scdn.co/image/ab67616d0000485140512e02a594e3378c0256e6,https://open.spotify.com/track/17Fd6Yb7mSbinKG8LoWfFl
114,2017-04-10,115,Down,Mercy,Shawn Mendes,645047,https://i.scdn.co/image/ab67616d00004851188e6332f32088921ab1eaf8,https://open.spotify.com/track/4TZy1wLyHec06pwgFYDh1a
115,2017-04-10,116,Flat,How Would You Feel (Paean),Ed Sheeran,641803,https://i.scdn.co/image/ab67616d00004851ba5db46f4b838ef6027e6f96,https://open.spotify.com/track/6PJ8FF6UR8FZXfEvpHkIVN
116,2017-04-10,117,Up,Photograph,Ed Sheeran,633258,https://i.scdn.co/image/ab67616d00004851d08209944468440145f01524,https://open.spotify.com/track/6fxVffaTuwjgEk5h9QyRjy
117,2017-04-10,118,Up,All We Know,The Chainsmokers,632891,https://i.scdn.co/image/ab67616d00004851ff8d8c5662a96d41433e9ee1,https://open.spotify.com/track/2rizacJSyD9S1IQUxUxnsK
118,2017-04-10,119,Down,Vente Pa' Ca,Ricky Martin,625882,https://i.scdn.co/image/ab67616d000048513d90f5938459be40b7b6652a,https://open.spotify.com/track/7DM4BPaS7uofFul3ywMe46
119,2017-04-10,120,Up,Bad Things (with Camila Cabello),Machine Gun Kelly,624299,https://i.scdn.co/image/d5f976093a4dcbc5ea9d4c04b414207f8bdce469,https://open.spotify.com/track/1PSBzsahR2AKwLJgx8ehBj
120,2017-04-10,121,Down,Safari,J Balvin,619683,https://i.scdn.co/image/ab67616d00004851338ffc4c72a192f06070546b,https://open.spotify.com/track/6rQSrBHf7HlZjtcMZ4S4bO
121,2017-04-10,122,Down,Ciao Adios,Anne-Marie,615930,https://i.scdn.co/image/ab67616d0000485119f06fd0fc43d3ebed4f041d,https://open.spotify.com/track/3EfugazgSddQvzZpkof5I4
122,2017-04-10,123,Down,Skin,Rag'n'Bone Man,614258,https://i.scdn.co/image/ab67616d0000485190a788beadaad34ff684d3ec,https://open.spotify.com/track/6y2Kaz9QI01XBKJ8mTb7Pf
123,2017-04-10,124,Down,Human,Rag'n'Bone Man,613398,https://i.scdn.co/image/ab67616d0000485190a788beadaad34ff684d3ec,https://open.spotify.com/track/58zsLZPvfflaiIbNWoA22O
124,2017-04-10,125,Up,We Don't Talk Anymore,Charlie Puth,610477,https://i.scdn.co/image/ab67616d00004851c0e28105f0533c52717c46c2,https://open.spotify.com/track/68EMU2RD1ECNeOeJ5qAXCV
125,2017-04-10,126,Down,All Night (feat. Knox Fortune),Chance the Rapper,608038,https://i.scdn.co/image/ab67616d00004851e71dd15fc5bdefd5bff70452,https://open.spotify.com/track/60xaS8mYBKUW4VQQ666N0T
126,2017-04-10,127,Down,Black Beatles,Rae Sremmurd,605312,https://i.scdn.co/image/16293ab3b4f9301aeb5f41810fd7056d463db55e,https://open.spotify.com/track/6fujklziTHa8uoM5OQSfIo
127,2017-04-10,128,Down,KMT,Drake,601980,https://i.scdn.co/image/6dfd956b9331fa9ea1f47ebb95311951ed72b3db,https://open.spotify.com/track/2jTujnt0y344ai1rNOywgr
128,2017-04-10,129,Up,Don't Leave,Snakehips,601968,https://i.scdn.co/image/ab67616d00004851b72a28b6f92b180a8a423e29,https://open.spotify.com/track/0Zx8khUcEfCFK2AEoIhC92
129,2017-04-10,130,Up,Cheap Thrills,Sia,600684,https://i.scdn.co/image/ab67616d0000485149e0134c686547c28b7c999f,https://open.spotify.com/track/27SdWb2rFzO6GWiYDBTD9j
130,2017-04-10,131,Up,Last Day Alive,The Chainsmokers,594666,https://i.scdn.co/image/ab67616d000048510c13d3d5a503c84fcc60ae94,https://open.spotify.com/track/6GeD5g9vZTz25Egf8kxoIY
131,2017-04-10,132,Down,Broccoli (feat. Lil Yachty),DRAM,592287,https://i.scdn.co/image/ab67616d00004851f02a1575a59bd05998826351,https://open.spotify.com/track/7yyRTcZmCiyzzJlNzGC9Ol
132,2017-04-10,133,Down,Stressed Out,Twenty One Pilots,585806,https://i.scdn.co/image/ab67616d00004851de03bfc2991fd5bcfde65ba3,https://open.spotify.com/track/3CRDbSIZ4r5MsZ0YwxuEkn
133,2017-04-10,134,Down,Be the One,Dua Lipa,583645,https://i.scdn.co/image/ab67616d000048516b915e407b70e121e06fe979,https://open.spotify.com/track/7FCfMXYTIiQ9b4hDYs4Iol
134,2017-04-10,135,Down,Madiba Riddim,Drake,581763,https://i.scdn.co/image/6dfd956b9331fa9ea1f47ebb95311951ed72b3db,https://open.spotify.com/track/76gUmNLXGQVOsGhfcshkFP
135,2017-04-10,136,Up,Faded,Alan Walker,577118,https://i.scdn.co/image/ab67616d00004851c4d00cac55ae1b4598c9bc90,https://open.spotify.com/track/7gHs73wELdeycvS48JfIos
136,2017-04-10,137,Up,Nancy Mulligan,Ed Sheeran,577083,https://i.scdn.co/image/ab67616d00004851ba5db46f4b838ef6027e6f96,https://open.spotify.com/track/35QZaWQRkmnAVqBF1TLCxQ
137,2017-04-10,138,Up,Thinking out Loud,Ed Sheeran,575690,https://i.scdn.co/image/ab67616d00004851d08209944468440145f01524,https://open.spotify.com/track/1Slwb6dOYkBlWal1PGtnNg
138,2017-04-10,139,Up,At My Best (feat. Hailee Steinfeld),Machine Gun Kelly,572135,https://i.scdn.co/image/d5f976093a4dcbc5ea9d4c04b414207f8bdce469,https://open.spotify.com/track/77lGafvlU68CeHgB2pkHC9
139,2017-04-10,140,Up,Shed a Light,Robin Schulz,571422,https://i.scdn.co/image/ab67616d000048517be189f322bc8155c103d6c9,https://open.spotify.com/track/1cG0umU5TKStygKsPFZ9pY
140,2017-04-10,141,Down,Caroline,Aminé,569091,https://i.scdn.co/image/ab67616d00004851a7f01ef25974c10cdbbd566e,https://open.spotify.com/track/5GFDrUTLGJix84sNhjCG0g
141,2017-04-10,142,Up,Everybody,Logic,568812,https://i.scdn.co/image/08f9ccb7875a87c07c79c1ccd5319263786c55ea,https://open.spotify.com/track/7cGFbx7MP0H23iHZTZpqMM
142,2017-04-10,143,Up,Wake Up Alone,The Chainsmokers,567432,https://i.scdn.co/image/ab67616d000048510c13d3d5a503c84fcc60ae94,https://open.spotify.com/track/0dj1CtyRxZ4bnIT4Q20jNT
143,2017-04-10,144,Down,Ride,Twenty One Pilots,566910,https://i.scdn.co/image/ab67616d00004851de03bfc2991fd5bcfde65ba3,https://open.spotify.com/track/2Z8WuEywRWYTKe1NybPQEW
144,2017-04-10,145,Down,Sacrifices,Drake,566670,https://i.scdn.co/image/6dfd956b9331fa9ea1f47ebb95311951ed72b3db,https://open.spotify.com/track/0xl1w2q4VLojeXp4JfazPL
145,2017-04-10,146,Up,Perfect Strangers,Jonas Blue,561007,https://i.scdn.co/image/ab67616d0000485179882e87678a76bc1d895e94,https://open.spotify.com/track/1CUVN2kn7mW5FjkqXTR2W1
146,2017-04-10,147,Down,Scars To Your Beautiful,Alessia Cara,557401,https://i.scdn.co/image/5b9e5bd34ec840f07c8530e43a76b1b5e08d8b77,https://open.spotify.com/track/0prNGof3XqfTvNDxHonvdK
147,2017-04-10,148,Down,Work from Home (feat. Ty Dolla $ign),Fifth Harmony,555790,https://i.scdn.co/image/ab67616d00004851d03fa6f4e758282b7920b5c8,https://open.spotify.com/track/4tCtwWceOPWzenK2HAIJSb
148,2017-04-10,149,Up,No Long Talk,Drake,555275,https://i.scdn.co/image/6dfd956b9331fa9ea1f47ebb95311951ed72b3db,https://open.spotify.com/track/6CfrYuD3YRDYdYvH9jNtXY
149,2017-04-10,150,Up,The Heart Part 4,Kendrick Lamar,554632,https://i.scdn.co/image/ab67616d00004851b276b47f7d919215a26f1d6a,https://open.spotify.com/track/1zayuwd1YLZsYDArkruHdL
150,2017-04-10,151,Down,This Is What You Came For,Calvin Harris,554534,https://i.scdn.co/image/ab67616d00004851d9aa52355e062f5de060adbf,https://open.spotify.com/track/0azC730Exh71aQlOt9Zj3y
151,2017-04-10,152,Down,Love Yourself,Justin Bieber,554390,https://i.scdn.co/image/ab67616d00004851b6d9a4fbb0bd49f0f034aead,https://open.spotify.com/track/3hB5DgAiMAQ4DzYbsMq1IT
152,2017-04-10,153,Up,I Got You,Bebe Rexha,551894,https://i.scdn.co/image/ab67616d00004851809adcbcfe88c94fd2a706c1,https://open.spotify.com/track/1FUViuNSldssMIawrOXF2i
153,2017-04-10,154,Down,Vacaciones,Wisin,549938,https://i.scdn.co/image/ab67616d00004851c85f0d16973e9dae6f8a786c,https://open.spotify.com/track/3dQDid3IUNhZy1OehIfYfE
154,2017-04-10,155,Down,Moves,Big Sean,547341,https://i.scdn.co/image/695d0c097d8463ccc2c2b9855fe44e3e9e7bc267,https://open.spotify.com/track/0Fv5N0cHBsl4bzCbollCAS
155,2017-04-10,156,Down,Alone,Alan Walker,545571,https://i.scdn.co/image/ab67616d00004851f00ade2f88d8223521bc7f76,https://open.spotify.com/track/0JiVRyTJcJnmlwCZ854K4p
156,2017-04-10,157,Up,Water Under the Bridge,Adele,544819,https://i.scdn.co/image/ab67616d000048514c3bbcff5e7248e415548f12,https://open.spotify.com/track/4vb4mFvYsr2h6enhjJsq9Y
157,2017-04-10,158,Up,Alguien Robo,Sebastian Yatra,544586,https://i.scdn.co/image/ab67616d0000485135e1cf8c70c60dc416956c17,https://open.spotify.com/track/5i50gKdLAjjIr7UxRT5IVy
158,2017-04-10,159,Up,TG4M,Zara Larsson,539283,https://i.scdn.co/image/ab67616d000048519e1683774b22648f4f178ed3,https://open.spotify.com/track/4uoumbAMEMaKdtiv763jKz
159,2017-04-10,160,Down,Te Quiero Pa´Mi,Don Omar,538017,https://i.scdn.co/image/ab67616d00004851d0cb2a58e3bf5d7ac5ece16f,https://open.spotify.com/track/3BY2mafsbsoKGqS380Xnuz
160,2017-04-10,161,Up,Ahora Dice,Chris Jeday,528552,https://i.scdn.co/image/ab67616d000048513a142c7e7fc7863dc1a256ed,https://open.spotify.com/track/22eADXu8DfOAUEDw4vU8qy
161,2017-04-10,162,Up,No Lie,Sean Paul,526749,https://i.scdn.co/image/ab67616d000048514782809e4cd19cefc99048f7,https://open.spotify.com/track/3cFsmM51N5zMAuu1nNY4Tw
162,2017-04-10,163,Up,do re mi,blackbear,522027,https://i.scdn.co/image/25560e082d8ff78217dd6594d18f827a4049cc63,https://open.spotify.com/track/3Q3myFA7q4Op95DOpHplaY
163,2017-04-10,164,Up,Hearts Don't Break Around Here,Ed Sheeran,517126,https://i.scdn.co/image/ab67616d00004851ba5db46f4b838ef6027e6f96,https://open.spotify.com/track/2dfHh7ECGxfNqZTQno09Vk
164,2017-04-10,165,Down,Sorry,Justin Bieber,514573,https://i.scdn.co/image/ab67616d00004851b6d9a4fbb0bd49f0f034aead,https://open.spotify.com/track/69bp2EbF7Q2rqc5N3ylezZ
165,2017-04-10,166,Up,Unforgettable,French Montana,513925,https://i.scdn.co/image/ab67616d00004851482e95a6c610468cddf011da,https://open.spotify.com/track/1F2HXIJrE2Xn81OzT2zZvW
166,2017-04-10,167,Up,Lean On (feat. MØ & DJ Snake),Major Lazer,513573,https://i.scdn.co/image/ab67616d000048519f55dad3a63f72f1bc8d6f59,https://open.spotify.com/track/4WjH9Bzt3kx7z8kl0awxh4
167,2017-04-10,168,Up,Do Not Disturb,Drake,512178,https://i.scdn.co/image/6dfd956b9331fa9ea1f47ebb95311951ed72b3db,https://open.spotify.com/track/2KvHC9z14GSl4YpkNMX384
168,2017-04-10,169,Down,Traicionera,Sebastian Yatra,511162,https://i.scdn.co/image/ab67616d00004851dbe5e9f934a9be5db8884c52,https://open.spotify.com/track/5J1c3M4EldCfNxXwrwt8mT
169,2017-04-10,170,Down,4422,Drake,510627,https://i.scdn.co/image/6dfd956b9331fa9ea1f47ebb95311951ed72b3db,https://open.spotify.com/track/2fkeWbM6iqTw7oGHTYm2lw
170,2017-04-10,171,Up,The Other,Lauv,510197,https://i.scdn.co/image/ab67616d000048513c6e07056b26bb9804a596da,https://open.spotify.com/track/1lntL1cI2UIWlxjL5QiN8g
171,2017-04-10,172,Down,Versace on the Floor,Bruno Mars,509918,https://i.scdn.co/image/ab67616d00004851232711f7d66a1e19e89e28c5,https://open.spotify.com/track/0kN8xEmgMW9mh7UmDYHlJP
172,2017-04-10,173,Up,Obsession (feat. Jon Bellion),Vice,504582,https://i.scdn.co/image/ab67616d00004851db6496aa86b190fb114b9d0c,https://open.spotify.com/track/5pvVAwQbuFoR7LkcicrKnk
173,2017-04-10,174,Up,Sunset Lover,Petit Biscuit,503384,https://i.scdn.co/image/ab67616d00004851014080d39d56c94c0b285362,https://open.spotify.com/track/0hNduWmlWmEmuwEFcYvRu1
174,2017-04-10,175,Up,By Your Side,Jonas Blue,496333,https://i.scdn.co/image/ab67616d00004851bd4b658f3aead04637924c28,https://open.spotify.com/track/1D3ODoXHBLpdxolZRHWV1j
175,2017-04-10,176,Down,Down,Marian Hill,495572,https://i.scdn.co/image/ab67616d00004851c989c526b15cacc1a579a9c7,https://open.spotify.com/track/2dqLk7ezV15LEJEwUmEbXB
176,2017-04-10,177,Up,Light It Up (feat. Nyla & Fuse ODG) - Remix,Major Lazer,490079,https://i.scdn.co/image/ab67616d00004851751a2e5da4333e86814026ba,https://open.spotify.com/track/0L7loeTIg6akW84aEQZpCT
177,2017-04-10,178,Down,Panda,Desiigner,486064,https://i.scdn.co/image/ab67616d000048513df69bfb7713d8262820612b,https://open.spotify.com/track/5OOkp4U9P9oL23maHFHL1h
178,2017-04-10,179,Up,Jorja Interlude,Drake,484653,https://i.scdn.co/image/6dfd956b9331fa9ea1f47ebb95311951ed72b3db,https://open.spotify.com/track/13e6f8t7RKXuxZ0JdaaJRG
179,2017-04-10,180,Down,This Girl (Kungs Vs. Cookin' On 3 Burners) - Kungs Vs. Cookin' On 3 Burners,Kungs,484476,https://i.scdn.co/image/ab67616d00004851f504cc56f3bd99bc61929272,https://open.spotify.com/track/0tICYNayWWhH9GPeFrfjfD
180,2017-04-10,181,New,Deja vu,Prince Royce,480233,https://i.scdn.co/image/ab67616d000048516c1180ae683cc09d840a9163,https://open.spotify.com/track/46HdsiK0uR26B2dY9QPzda
181,2017-04-10,182,Up,Party Monster,The Weeknd,480203,https://i.scdn.co/image/6aeaaebcbd861c8369b14366e8e0eca2fe96055d,https://open.spotify.com/track/4F7A0DXBrmUAkp32uenhZt
182,2017-04-10,183,Up,7 Years,Lukas Graham,479235,https://i.scdn.co/image/ab67616d0000485104d59cefa11f0eee9f1877a5,https://open.spotify.com/track/7129iqBafaphfc3WPCGC0L
183,2017-04-10,184,Down,La Bicicleta,Carlos Vives,475389,https://i.scdn.co/image/ab67616d00004851d05d3aad30c5fb7614893cf5,https://open.spotify.com/track/0sXvAOmXgjR2QUqLK1MltU
184,2017-04-10,185,Down,"Sucker For Pain (with Wiz Khalifa, Imagine Dragons, Logic & Ty Dolla $ign feat. X Ambassadors)",Lil Wayne,474349,https://i.scdn.co/image/ab67616d000048517d8dfcfd507069d7f2062caf,https://open.spotify.com/track/4dASQiO1Eoo3RJvt74FtXB
185,2017-04-10,186,Up,Million Reasons,Lady Gaga,473905,https://i.scdn.co/image/ab67616d00004851dd0b256c733c96b653ab5cde,https://open.spotify.com/track/50PWlIBU7PlGGwzgN8TiFJ
186,2017-04-10,187,Up,美女と野獣,Ariana Grande,472593,https://i.scdn.co/image/ab67616d00004851d5a45b435ecafffdede5fd28,https://open.spotify.com/track/1KT0xdIjm7t053xByACrrg
187,2017-04-10,188,Down,No Problem (feat. Lil Wayne & 2 Chainz),Chance the Rapper,472208,https://i.scdn.co/image/ab67616d00004851e71dd15fc5bdefd5bff70452,https://open.spotify.com/track/0v9Wz8o0BT8DU38R4ddjeH
188,2017-04-10,189,New,Lush Life,Zara Larsson,471994,https://i.scdn.co/image/ab67616d000048519e1683774b22648f4f178ed3,https://open.spotify.com/track/1rIKgCH4H52lrvDcz50hS8
189,2017-04-10,190,Down,Eraser,Ed Sheeran,471608,https://i.scdn.co/image/ab67616d00004851ba5db46f4b838ef6027e6f96,https://open.spotify.com/track/7oolFzHipTMg2nL7shhdz2
190,2017-04-10,191,New,The Night We Met,Lord Huron,469955,https://i.scdn.co/image/ab67616d00004851ee6611c95f868e465c98a0b2,https://open.spotify.com/track/6mORGLOz79w6VsCRLWYYuK
191,2017-04-10,192,Down,Dile Que Tu Me Quieres,Ozuna,465388,https://i.scdn.co/image/ab67616d0000485133bbd31551e01896f58d688f,https://open.spotify.com/track/20ZAJdsKB5IGbGj4ilRt2o
192,2017-04-10,193,New,DEVASTATED,Joey Bada$$,459506,https://i.scdn.co/image/ab67616d000048516a3c1e51a7d2a2a7fbe172a1,https://open.spotify.com/track/4ntsD33Pgsgk8rUyZLLiUV
193,2017-04-10,194,New,The Scientist,Coldplay,459249,https://i.scdn.co/image/ab67616d00004851ad6f442ecac8735b9285a923,https://open.spotify.com/track/75JFxkI2RXiU7L9VXzMkle
194,2017-04-10,195,Down,Cake By The Ocean,DNCE,458072,https://i.scdn.co/image/ab67616d00004851a19a2912e1618ada66b2e6e8,https://open.spotify.com/track/2aFiaMXmWsM3Vj72F9ksBl
195,2017-04-10,196,Down,Lights Down Low,MAX,457637,https://i.scdn.co/image/ab67616d00004851cefb1bcf9304bf454bae7f8d,https://open.spotify.com/track/1sYSP7gKa5kdKIfhANfori
196,2017-04-10,197,Down,"i hate u, i love u (feat. olivia o'brien)",gnash,456468,https://i.scdn.co/image/ab67616d0000485108862f843ea27f44f8e8cbd8,https://open.spotify.com/track/7vRriwrloYVaoAe3a9wJHe
197,2017-04-10,198,Down,Ice Melts,Drake,456347,https://i.scdn.co/image/6dfd956b9331fa9ea1f47ebb95311951ed72b3db,https://open.spotify.com/track/7bJ4mu7MHa3rHiNyKjOoSl
198,2017-04-10,199,New,Bad Bitch (feat. Ty Dolla $ign),Bebe Rexha,454977,https://i.scdn.co/image/ab67616d0000485166ae1fd71a3e5779e98e277a,https://open.spotify.com/track/4ZJPwET9Jrgpkqi4Vo3Yg8
199,2017-04-10,200,Down,X (feat. Future),21 Savage,454067,https://i.scdn.co/image/ab67616d000048512dd1ac4a61495080ef8f78ca,https://open.spotify.com/track/6fwdbPMwP1zVStm8FybmkO
