,Date,Position,Trend,Title,Artist,Streams,Icon_URL,Spotify_URL
0,2017-04-18,1,Flat,HUMBLE.,Kendrick Lamar,5987712,https://i.scdn.co/image/ae1f239b41e9604a66eb900834c6887cd2f62ff1,https://open.spotify.com/track/7KXjTSCq5nL1LoYtL7XAwS
1,2017-04-18,2,Flat,Shape of You,Ed Sheeran,5507119,https://i.scdn.co/image/ab67616d00004851ba5db46f4b838ef6027e6f96,https://open.spotify.com/track/7qiZfU4dY1lWllzX7mPBI3
2,2017-04-18,3,Flat,DNA.,Kendrick Lamar,4294572,https://i.scdn.co/image/ae1f239b41e9604a66eb900834c6887cd2f62ff1,https://open.spotify.com/track/6HZILIRieu8S0iqY8kIKhj
3,2017-04-18,4,Up,Despacito - Remix,Luis Fonsi,4087706,https://i.scdn.co/image/ab67616d00004851d8559d0280ffe2a2af6dacdf,https://open.spotify.com/track/5CtI0qwDJkDQGwXD1H1cLb
4,2017-04-18,5,Down,Something Just Like This,The Chainsmokers,3863631,https://i.scdn.co/image/ab67616d000048510c13d3d5a503c84fcc60ae94,https://open.spotify.com/track/6RUKPb4LETWmmr3iAEQktW
5,2017-04-18,6,Down,It Ain't Me (with Selena Gomez),Kygo,3584662,https://i.scdn.co/image/ab67616d0000485141f289940f2e6a0d51988d77,https://open.spotify.com/track/3eR23VReFzcdmS7TYCrhCe
6,2017-04-18,7,Down,Mask Off,Future,3431505,https://i.scdn.co/image/ab67616d00004851356884f85665ebdd79223fdf,https://open.spotify.com/track/3rOSwuTsUlJp0Pu0MkN8r8
7,2017-04-18,8,Down,Passionfruit,Drake,3300369,https://i.scdn.co/image/ab67616d000048515ea859dc94365abd9fd84fd6,https://open.spotify.com/track/7hDc8b7IXETo14hHIHdnhd
8,2017-04-18,9,Down,That's What I Like,Bruno Mars,3190481,https://i.scdn.co/image/ab67616d00004851232711f7d66a1e19e89e28c5,https://open.spotify.com/track/0KKkJNfGyhkQ5aFogxQAPU
9,2017-04-18,10,Flat,Stay (with Alessia Cara),Zedd,3182379,https://i.scdn.co/image/ab67616d0000485191a70f95efc3400f696e89cc,https://open.spotify.com/track/0dA2Mk56wEzDgegdC6R17g
10,2017-04-18,11,Down,LOYALTY. FEAT. RIHANNA.,Kendrick Lamar,3174548,https://i.scdn.co/image/ae1f239b41e9604a66eb900834c6887cd2f62ff1,https://open.spotify.com/track/6SwRhMLwNqEi6alNPVG00n
11,2017-04-18,12,Down,ELEMENT.,Kendrick Lamar,3053074,https://i.scdn.co/image/ae1f239b41e9604a66eb900834c6887cd2f62ff1,https://open.spotify.com/track/1EaKU4dMbesXXd3BrLCtYG
12,2017-04-18,13,Flat,Symphony (feat. Zara Larsson),Clean Bandit,2971971,https://i.scdn.co/image/ab67616d000048515b1130d050c4cd2295999d85,https://open.spotify.com/track/1x5sYLZiu9r5E43kMlt9f8
13,2017-04-18,14,Down,Despacito (Featuring Daddy Yankee),Luis Fonsi,2853238,https://i.scdn.co/image/ab67616d00004851a5971936e3b8d91f8b616b17,https://open.spotify.com/track/4aWmUDTfIPGksMNLV2rQP2
14,2017-04-18,15,Down,Paris,The Chainsmokers,2611026,https://i.scdn.co/image/ab67616d000048510c13d3d5a503c84fcc60ae94,https://open.spotify.com/track/72jbDTw1piOOj770jWNeaG
15,2017-04-18,16,Down,LOVE. FEAT. ZACARI.,Kendrick Lamar,2592046,https://i.scdn.co/image/ae1f239b41e9604a66eb900834c6887cd2f62ff1,https://open.spotify.com/track/6PGoSes0D9eUDeeAafB2As
16,2017-04-18,17,Flat,Swalla (feat. Nicki Minaj & Ty Dolla $ign),Jason Derulo,2518687,https://i.scdn.co/image/ab67616d000048519d6522bee68370fa5592301d,https://open.spotify.com/track/6kex4EBAj0WHXDKZMEJaaF
17,2017-04-18,18,Down,Galway Girl,Ed Sheeran,2505862,https://i.scdn.co/image/ab67616d00004851ba5db46f4b838ef6027e6f96,https://open.spotify.com/track/0afhq8XCExXpqazXczTSve
18,2017-04-18,19,Up,Issues,Julia Michaels,2346013,https://i.scdn.co/image/ab67616d000048519615e35e0e9e4b2c3dccb520,https://open.spotify.com/track/1sXUWdKx03aP9Gmzft58rt
19,2017-04-18,20,Up,Sign of the Times,Harry Styles,2292071,https://i.scdn.co/image/ab67616d000048516c619c39c853f8b1d67b7859,https://open.spotify.com/track/5Ohxk2dO5COHF1krpoPigN
20,2017-04-18,21,Down,XXX. FEAT. U2.,Kendrick Lamar,2291803,https://i.scdn.co/image/ae1f239b41e9604a66eb900834c6887cd2f62ff1,https://open.spotify.com/track/4iYRa2btalAzPZoSYfROqF
21,2017-04-18,22,Up,Slide,Calvin Harris,2282483,https://i.scdn.co/image/ab67616d000048514d3fa5ce7ba599f4fd7803ef,https://open.spotify.com/track/7tr2za8SQg2CI8EDgrdtNl
22,2017-04-18,23,Up,Scared to Be Lonely,Martin Garrix,2266781,https://i.scdn.co/image/ab67616d0000485164f8a309aa3c0a66a31fc374,https://open.spotify.com/track/3ebXMykcMXOcLeJ9xZ17XH
23,2017-04-18,24,Down,YAH.,Kendrick Lamar,2264869,https://i.scdn.co/image/ae1f239b41e9604a66eb900834c6887cd2f62ff1,https://open.spotify.com/track/4BHSjbYylfOH5WAGusDyni
24,2017-04-18,25,Down,FEEL.,Kendrick Lamar,2179547,https://i.scdn.co/image/ae1f239b41e9604a66eb900834c6887cd2f62ff1,https://open.spotify.com/track/2LTlO3NuNVN70lp2ZbVswF
25,2017-04-18,26,Flat,PRIDE.,Kendrick Lamar,2112504,https://i.scdn.co/image/ae1f239b41e9604a66eb900834c6887cd2f62ff1,https://open.spotify.com/track/6IZvVAP7VPPnsGX6bvgkqg
26,2017-04-18,27,Flat,LUST.,Kendrick Lamar,1979369,https://i.scdn.co/image/ae1f239b41e9604a66eb900834c6887cd2f62ff1,https://open.spotify.com/track/06FCvd7rrRcF3DdvWH5Isp
27,2017-04-18,28,Up,XO TOUR Llif3,Lil Uzi Vert,1962688,https://i.scdn.co/image/ab67616d0000485115531ec8568373f631db9786,https://open.spotify.com/track/2eMwDehkIC1j68U6FA3Eiq
28,2017-04-18,29,Down,iSpy (feat. Lil Yachty),KYLE,1903596,https://i.scdn.co/image/ab67616d0000485132e373f2988bc6596a542d1c,https://open.spotify.com/track/2EEeOnHehOozLq4aS0n6SL
29,2017-04-18,30,Flat,You Don't Know Me - Radio Edit,Jax Jones,1892864,https://i.scdn.co/image/ab67616d00004851dd05a1716e2f07a07b8ccfe3,https://open.spotify.com/track/00lNx0OcTJrS3MKHcB80HY
30,2017-04-18,31,Up,Believer,Imagine Dragons,1881374,https://i.scdn.co/image/ab67616d000048517956bd9a3d7a15e4c2e37cc6,https://open.spotify.com/track/0CcQNd8CINkwQfe1RDtGV6
31,2017-04-18,32,Down,Cold,Maroon 5,1862255,https://i.scdn.co/image/ab67616d000048514727f9e79c338683c5bf8921,https://open.spotify.com/track/5NNlUMcOEOdoOIwwaWXv0k
32,2017-04-18,33,Down,"I Don’t Wanna Live Forever (Fifty Shades Darker) - From ""Fifty Shades Darker (Original Motion Picture Soundtrack)""",ZAYN,1822440,https://i.scdn.co/image/ab67616d000048512ae921f082ae5db4d3da818f,https://open.spotify.com/track/3NdDpSvN911VPGivFlV5d0
33,2017-04-18,34,Flat,Rockabye (feat. Sean Paul & Anne-Marie),Clean Bandit,1784183,https://i.scdn.co/image/ab67616d000048511431c3bdf16aa99f71799d95,https://open.spotify.com/track/5knuzwU65gJK7IF5yJsuaW
34,2017-04-18,35,Flat,FEAR.,Kendrick Lamar,1664010,https://i.scdn.co/image/ae1f239b41e9604a66eb900834c6887cd2f62ff1,https://open.spotify.com/track/23luOrEVHMfoX0AhfbQuS6
35,2017-04-18,36,Up,Solo Dance,Martin Jensen,1651394,https://i.scdn.co/image/ab67616d00004851950d67dbe3f31f1d9a5d06a2,https://open.spotify.com/track/6HUnnBwYZqcED1eQztxMBN
36,2017-04-18,37,Flat,The One,The Chainsmokers,1638225,https://i.scdn.co/image/ab67616d000048510c13d3d5a503c84fcc60ae94,https://open.spotify.com/track/0wfbD5rAksdXUzRvMfM3x5
37,2017-04-18,38,Flat,Call On Me - Ryan Riback Extended Remix,Starley,1630594,https://i.scdn.co/image/ab67616d000048519d4079afc73664f86f055400,https://open.spotify.com/track/78rIJddV4X0HkNAInEcYde
38,2017-04-18,39,Up,I Feel It Coming,The Weeknd,1588162,https://i.scdn.co/image/b3683184efeb899b2d1a02f4957d0c630dc10b0b,https://open.spotify.com/track/5GXAXm5YOmYT0kL5jHvYBt
39,2017-04-18,40,Down,BLOOD.,Kendrick Lamar,1584680,https://i.scdn.co/image/ae1f239b41e9604a66eb900834c6887cd2f62ff1,https://open.spotify.com/track/1n4jwRVXdkK2U34nBDUKKT
40,2017-04-18,41,Up,SUBEME LA RADIO,Enrique Iglesias,1560313,https://i.scdn.co/image/ab67616d000048515366ff028970205a29d558ed,https://open.spotify.com/track/7nKBxz47S9SD79N086fuhn
41,2017-04-18,42,Up,Location,Khalid,1550037,https://i.scdn.co/image/ab67616d00004851988ede5e1276e758b5f9e577,https://open.spotify.com/track/152lZdxL1OR0ZMW6KquMif
42,2017-04-18,43,Down,Castle on the Hill,Ed Sheeran,1549666,https://i.scdn.co/image/ab67616d00004851ba5db46f4b838ef6027e6f96,https://open.spotify.com/track/6PCUP3dWmTjcTtXY02oFdT
43,2017-04-18,44,Down,GOD.,Kendrick Lamar,1541522,https://i.scdn.co/image/ae1f239b41e9604a66eb900834c6887cd2f62ff1,https://open.spotify.com/track/5p3NP9mQblDsVJLdfNZJ3I
44,2017-04-18,45,Up,Congratulations,Post Malone,1515436,https://i.scdn.co/image/23bae95100dcb6ac8f88c19fa2a11c50a998a926,https://open.spotify.com/track/3a1lNhkSLSkpJE4MSHpDu9
45,2017-04-18,46,Down,Closer,The Chainsmokers,1496040,https://i.scdn.co/image/ab67616d00004851495ce6da9aeb159e94eaa453,https://open.spotify.com/track/7BKLCZ1jbUBVqRi2FVlTVw
46,2017-04-18,47,Up,Me Rehúso,Danny Ocean,1492822,https://i.scdn.co/image/ab67616d00004851a75bd33684083600569dd3bf,https://open.spotify.com/track/6De0lHrwBfPfrhorm9q1Xl
47,2017-04-18,48,Down,DUCKWORTH.,Kendrick Lamar,1490534,https://i.scdn.co/image/ae1f239b41e9604a66eb900834c6887cd2f62ff1,https://open.spotify.com/track/0y9uTzK9cNKSAEHnpeRG8C
48,2017-04-18,49,Down,Chained To The Rhythm,Katy Perry,1490351,https://i.scdn.co/image/ab67616d000048511487979a7e0181a5d0406d1a,https://open.spotify.com/track/6520aj0B4FSKGVuKNsOCOi
49,2017-04-18,50,Up,Portland,Drake,1439422,https://i.scdn.co/image/6dfd956b9331fa9ea1f47ebb95311951ed72b3db,https://open.spotify.com/track/2bjwRfXMk4uRgOD9IBYl9h
50,2017-04-18,51,Up,Good Life (with G-Eazy & Kehlani),G-Eazy,1408190,https://i.scdn.co/image/ab67616d00004851fcc36f9c0515e6e7faa2030b,https://open.spotify.com/track/1Eck97uRMlprKOOJN9oO1E
51,2017-04-18,52,Down,Say You Won't Let Go,James Arthur,1407419,https://i.scdn.co/image/ab67616d0000485120beb61f61fcbeb33b10a9ab,https://open.spotify.com/track/5uCax9HTNlzGybIStD3vDh
52,2017-04-18,53,Flat,Green Light,Lorde,1389221,https://i.scdn.co/image/ab67616d0000485128e1139fd3a34626351b9004,https://open.spotify.com/track/0gbBzIqrECJOEPvQJIBFs5
53,2017-04-18,54,Down,Starboy,The Weeknd,1300943,https://i.scdn.co/image/ab67616d000048510c8599cbde51245c128bcea9,https://open.spotify.com/track/5aAx2yezTd8zXrkmtKl66Z
54,2017-04-18,55,Up,Now Or Never,Halsey,1282787,https://i.scdn.co/image/ab67616d000048519357ea2dbe932b47fe8149d6,https://open.spotify.com/track/0Nhu3zSYbEz32IYiobV75e
55,2017-04-18,56,Down,El Amante,Nicky Jam,1229534,https://i.scdn.co/image/ab67616d00004851d77dbcd4dbd37cdfa61771fa,https://open.spotify.com/track/3umS4y3uQDkqekNjVpiRUs
56,2017-04-18,57,Up,Run Up (feat. PARTYNEXTDOOR & Nicki Minaj),Major Lazer,1215021,https://i.scdn.co/image/ab67616d000048518036d7402a6a76aed04f1f98,https://open.spotify.com/track/0fg8CqpjdojMyXLNzM2PaJ
57,2017-04-18,58,Down,Perfect,Ed Sheeran,1210538,https://i.scdn.co/image/ab67616d00004851ba5db46f4b838ef6027e6f96,https://open.spotify.com/track/0tgVpDi06FyKpA1z0VMD4v
58,2017-04-18,59,Down,The Cure,Lady Gaga,1207586,https://i.scdn.co/image/ab67616d000048514a9be9e8223db02a37e1e8fe,https://open.spotify.com/track/51PIvodunv6NmX5250zxAh
59,2017-04-18,60,Flat,Tunnel Vision,Kodak Black,1205120,https://i.scdn.co/image/ab67616d000048511541a676423805fc68ff3e66,https://open.spotify.com/track/4Q3N4Ct4zCuIHuZ65E3BD4
60,2017-04-18,61,Flat,Selfish (feat. Rihanna),Future,1204260,https://i.scdn.co/image/ab67616d00004851968822b495da180d0792a437,https://open.spotify.com/track/2Ce5IyMlVRVvN997ZJjJJA
61,2017-04-18,62,Up,Weak,AJR,1204221,https://i.scdn.co/image/ab67616d00004851c5f3ca405ff6ed13dc554b94,https://open.spotify.com/track/3E2Zh20GDCR9B1EYjfXWyv
62,2017-04-18,63,Down,Chantaje (feat. Maluma),Shakira,1181881,https://i.scdn.co/image/ab67616d00004851d05d3aad30c5fb7614893cf5,https://open.spotify.com/track/6mICuAdrwEjh6Y6lroV2Kg
63,2017-04-18,64,Up,Still Got Time,ZAYN,1165268,https://i.scdn.co/image/ab67616d000048513bfd914f72da2ed8822a634f,https://open.spotify.com/track/000xQL6tZNLJzIrtIgxqSl
64,2017-04-18,65,Up,September Song,JP Cooper,1111406,https://i.scdn.co/image/ab67616d000048511400ec742ee0935608e30700,https://open.spotify.com/track/0FuTx2s3YH1ppmtiM6l0zI
65,2017-04-18,66,Down,Touch,Little Mix,1106650,https://i.scdn.co/image/ab67616d000048512318bbb0586903290db2b270,https://open.spotify.com/track/5Ua3GXyHwiSfpNTMjq6m2z
66,2017-04-18,67,Up,Fake Love,Drake,1070345,https://i.scdn.co/image/6dfd956b9331fa9ea1f47ebb95311951ed72b3db,https://open.spotify.com/track/343YBumqHu19cGoGARUTsd
67,2017-04-18,68,Down,Happier,Ed Sheeran,1069261,https://i.scdn.co/image/ab67616d00004851ba5db46f4b838ef6027e6f96,https://open.spotify.com/track/2RttW7RAu5nOAfq6YFvApB
68,2017-04-18,69,Flat,Hey Ma (with Pitbull & J Balvin feat. Camila Cabello) - Spanish Version,Pitbull,1054111,https://i.scdn.co/image/ab67616d000048513e40b472d708ea3c6bd86670,https://open.spotify.com/track/2Vdub5mY4lad7w64bFPUez
69,2017-04-18,70,Up,No Promises (feat. Demi Lovato),Cheat Codes,1048430,https://i.scdn.co/image/ab67616d00004851e74ecdb2f1316c8f026970a8,https://open.spotify.com/track/1louJpMmzEicAn7lzDalPW
70,2017-04-18,71,Down,"How Far I'll Go - From ""Moana""",Alessia Cara,1016597,https://i.scdn.co/image/ab67616d00004851fb128b1eda22335050f584fe,https://open.spotify.com/track/5hYTyyh2odQKphUbMqc5gN
71,2017-04-18,72,Down,Let Me Love You,DJ Snake,1009010,https://i.scdn.co/image/ab67616d000048515045de6786e0af096de73ed4,https://open.spotify.com/track/4pdPtRcBmOSQDlJ3Fk945m
72,2017-04-18,73,Up,Pretty Girl - Cheat Codes X CADE Remix,Maggie Lindemann,1006751,https://i.scdn.co/image/ab67616d000048517c7436e1b6273be0e7bc1a84,https://open.spotify.com/track/1NDxZ7cFAo481dtYWdrUnR
73,2017-04-18,74,Flat,Bounce Back,Big Sean,995512,https://i.scdn.co/image/695d0c097d8463ccc2c2b9855fe44e3e9e7bc267,https://open.spotify.com/track/0SGkqnVQo9KPytSri1H6cF
74,2017-04-18,75,Down,Bad and Boujee (feat. Lil Uzi Vert),Migos,993856,https://i.scdn.co/image/ab67616d0000485199a8ab6da9d593939302828a,https://open.spotify.com/track/4Km5HrUvYTaSUfiSGPJeQR
75,2017-04-18,76,Down,One Dance,Drake,985696,https://i.scdn.co/image/ab67616d00004851726abca207567d5e41cb9667,https://open.spotify.com/track/1xznGGDReH1oQq0xzbwXa3
76,2017-04-18,77,Up,Body Like A Back Road,Sam Hunt,933296,https://i.scdn.co/image/ab67616d000048519eccbdab1110afc4d5a186a8,https://open.spotify.com/track/7mldq42yDuxiUNn08nvzHO
77,2017-04-18,78,Up,Tuesday,Burak Yeter,933148,https://i.scdn.co/image/069b0b8dc1285ba4d2bd7f2536abfce84598d130,https://open.spotify.com/track/7abpmGpF7PGep2rDU68GBR
78,2017-04-18,79,Up,Sigo Extrañándote,J Balvin,894577,https://i.scdn.co/image/ab67616d00004851338ffc4c72a192f06070546b,https://open.spotify.com/track/6qDF4wWL49CAVbgT7yuHl8
79,2017-04-18,80,Up,Gyalchester,Drake,890615,https://i.scdn.co/image/6dfd956b9331fa9ea1f47ebb95311951ed72b3db,https://open.spotify.com/track/6UjfByV1lDLW0SOVQA4NAi
80,2017-04-18,81,Up,Unforgettable,French Montana,882201,https://i.scdn.co/image/ab67616d00004851482e95a6c610468cddf011da,https://open.spotify.com/track/1F2HXIJrE2Xn81OzT2zZvW
81,2017-04-18,82,Down,Blem,Drake,876954,https://i.scdn.co/image/6dfd956b9331fa9ea1f47ebb95311951ed72b3db,https://open.spotify.com/track/2XlHu0HcujBCkWMdIAvrqt
82,2017-04-18,83,Down,24K Magic,Bruno Mars,875529,https://i.scdn.co/image/ab67616d00004851232711f7d66a1e19e89e28c5,https://open.spotify.com/track/6b8Be6ljOzmkOmFslEb23P
83,2017-04-18,84,Up,Look At Me!,XXXTENTACION,862503,https://i.scdn.co/image/ab67616d0000485125b5901b8bcf902f54d466d9,https://open.spotify.com/track/4ARPvK8DHLwt4oX65ZAFMw
84,2017-04-18,85,Flat,Don't Wanna Know,Maroon 5,856603,https://i.scdn.co/image/ab67616d00004851eec1912bbc2ff74b8203fe5f,https://open.spotify.com/track/5MFzQMkrl1FOOng9tq6R9r
85,2017-04-18,86,Up,T-Shirt,Migos,854762,https://i.scdn.co/image/ab67616d0000485199a8ab6da9d593939302828a,https://open.spotify.com/track/7KOlJ92bu51cltsD9KU5I7
86,2017-04-18,87,Down,Otra vez (feat. J Balvin),Zion & Lennox,850179,https://i.scdn.co/image/ab67616d0000485182eabf564ddc57325a84dd50,https://open.spotify.com/track/3QwBODjSEzelZyVjxPOHdq
87,2017-04-18,88,Down,Starving,Hailee Steinfeld,844948,https://i.scdn.co/image/ab67616d00004851612495ee5769c99125031be2,https://open.spotify.com/track/1qOLh0tI7trd1zdDKxYZTe
88,2017-04-18,89,Up,goosebumps,Travis Scott,829904,https://i.scdn.co/image/ab67616d00004851f54b99bf27cda88f4a7403ce,https://open.spotify.com/track/6gBFPUFcJLzWGx4lenP6h2
89,2017-04-18,90,Down,Reggaetón Lento (Bailemos),CNCO,829082,https://i.scdn.co/image/ab67616d000048517db0f7ac4c612cce26ccacf9,https://open.spotify.com/track/3AEZUABDXNtecAOSC1qTfo
90,2017-04-18,91,Down,Dive,Ed Sheeran,819322,https://i.scdn.co/image/ab67616d00004851ba5db46f4b838ef6027e6f96,https://open.spotify.com/track/51ChrwmUPDJvedPQnIU8Ls
91,2017-04-18,92,Down,La Rompe Corazones,Daddy Yankee,809960,https://i.scdn.co/image/ab67616d00004851b84a36483e43bfbcb931fcde,https://open.spotify.com/track/4okba5wu9mMLXx79DXLKi3
92,2017-04-18,93,Down,Hear Me Now,Alok,803336,https://i.scdn.co/image/e308bad29e4cf6dc8aa5cd97449ef71bbb893d40,https://open.spotify.com/track/1a5Yu5L18qNxVhXx38njON
93,2017-04-18,94,Flat,Escápate Conmigo,Wisin,800497,https://i.scdn.co/image/ab67616d000048512b02904e5404ad6069c16a4f,https://open.spotify.com/track/2cnKEkpVUSV4wnjQiTWfH6
94,2017-04-18,95,Up,All Time Low,Jon Bellion,785165,https://i.scdn.co/image/ff06a4138a99d272c24d2f6da9b5ea6067c054db,https://open.spotify.com/track/1CnPYaKxTVb4LWOtiGOm0m
95,2017-04-18,96,Up,Redbone,Childish Gambino,767606,https://i.scdn.co/image/ab67616d000048510b97e56ffad7c6211aa848f8,https://open.spotify.com/track/3kxfsdsCpFgN412fpnW85Y
96,2017-04-18,97,Up,Heatstroke,Calvin Harris,766206,https://i.scdn.co/image/ab67616d000048514d3fa5ce7ba599f4fd7803ef,https://open.spotify.com/track/60APt5N2NRaKWf5xzJdzyC
97,2017-04-18,98,Down,Swang,Rae Sremmurd,757063,https://i.scdn.co/image/16293ab3b4f9301aeb5f41810fd7056d463db55e,https://open.spotify.com/track/6mapJIPnQ23RTAevUoE0DL
98,2017-04-18,99,Down,Don't Let Me Down,The Chainsmokers,754857,https://i.scdn.co/image/ab67616d0000485108d87fb54859bc9038f7e5e0,https://open.spotify.com/track/0QsvXIfqM0zZoerQfsI9lm
99,2017-04-18,100,Flat,Everyday,Ariana Grande,751163,https://i.scdn.co/image/ab67616d000048517227f5854239a059af211d5b,https://open.spotify.com/track/3FiE2d325mIOc4YjkSLVJR
100,2017-04-18,101,Up,History,Olivia Holt,736993,https://i.scdn.co/image/ab67616d000048519e21eab426152ef9078d6b94,https://open.spotify.com/track/0WCEaydwN65cvwaW8aqptF
101,2017-04-18,102,Flat,"Sola (Remix) [feat. Daddy Yankee, Wisin, Farruko, Zion & Lennox]",Anuel AA,734455,https://i.scdn.co/image/ab67616d00004851a66def7d649149464edc8f1e,https://open.spotify.com/track/5q2JbCNi4FcnglgPfxcV65
102,2017-04-18,103,Down,All Night,The Vamps,733320,https://i.scdn.co/image/ab67616d00004851f03c9779c27137669304ea20,https://open.spotify.com/track/1yNyoWWWikbLhwIGWjZuDW
103,2017-04-18,104,Down,What Do I Know?,Ed Sheeran,722268,https://i.scdn.co/image/ab67616d00004851ba5db46f4b838ef6027e6f96,https://open.spotify.com/track/2pJZ1v8HezrAoZ0Fhzby92
104,2017-04-18,105,Up,The Night We Met,Lord Huron,720953,https://i.scdn.co/image/ab67616d00004851ee6611c95f868e465c98a0b2,https://open.spotify.com/track/6mORGLOz79w6VsCRLWYYuK
105,2017-04-18,106,Down,Cold Water (feat. Justin Bieber & MØ),Major Lazer,708951,https://i.scdn.co/image/ab67616d000048512e8f1cca2bc8c9d55930523b,https://open.spotify.com/track/6DNtNfH8hXkqOX1sjqmI7p
106,2017-04-18,107,Up,Just Hold On,Steve Aoki,708234,https://i.scdn.co/image/ab67616d0000485122e2ce2de8bad6d67ee69b48,https://open.spotify.com/track/3EmmCZoqpWOTY1g2GBwJoR
107,2017-04-18,108,Down,In the Name of Love,Martin Garrix,696012,https://i.scdn.co/image/ab67616d00004851923db3f255cd48a6d5783ebf,https://open.spotify.com/track/04DwTuZ2VBdJCCC5TROn7L
108,2017-04-18,109,Down,"CAN'T STOP THE FEELING! (Original Song from DreamWorks Animation's ""TROLLS"")",Justin Timberlake,691316,https://i.scdn.co/image/ab67616d00004851ef37416970812293c08e8a78,https://open.spotify.com/track/6JV2JOEocMgcZxYSZelKcc
109,2017-04-18,110,Flat,Side To Side,Ariana Grande,674789,https://i.scdn.co/image/ab67616d000048517227f5854239a059af211d5b,https://open.spotify.com/track/4pLwZjInHj3SimIyN9SnOz
110,2017-04-18,111,Up,Me Llamas (feat. Maluma) - Remix,Piso 21,674238,https://i.scdn.co/image/ab67616d000048511e1eafb5d2bb1ca39d26f092,https://open.spotify.com/track/5hEM0JchdVzQ5PwvSfITeX
111,2017-04-18,112,Up,Ciao Adios,Anne-Marie,671188,https://i.scdn.co/image/ab67616d0000485119f06fd0fc43d3ebed4f041d,https://open.spotify.com/track/3EfugazgSddQvzZpkof5I4
112,2017-04-18,113,Up,Obsession (feat. Jon Bellion),Vice,670844,https://i.scdn.co/image/ab67616d00004851db6496aa86b190fb114b9d0c,https://open.spotify.com/track/5pvVAwQbuFoR7LkcicrKnk
113,2017-04-18,114,Down,Treat You Better,Shawn Mendes,668446,https://i.scdn.co/image/ab67616d00004851188e6332f32088921ab1eaf8,https://open.spotify.com/track/4Hf7WnR761jpxPr5D46Bcd
114,2017-04-18,115,Down,Rolex,Ayo & Teo,668383,https://i.scdn.co/image/ab67616d0000485179dbd95fbdf6b0d617bd32dd,https://open.spotify.com/track/0pSBuHjILhNEo55xK1zrRt
115,2017-04-18,116,Down,New Man,Ed Sheeran,667626,https://i.scdn.co/image/ab67616d00004851ba5db46f4b838ef6027e6f96,https://open.spotify.com/track/5HDPtsnyb3maFmPL8LLUTG
116,2017-04-18,117,Down,Ahora Dice,Chris Jeday,661498,https://i.scdn.co/image/ab67616d000048513a142c7e7fc7863dc1a256ed,https://open.spotify.com/track/22eADXu8DfOAUEDw4vU8qy
117,2017-04-18,118,Down,"Ay Mi Dios (feat. Pitbull, Yandel & Chacal)",IAmChino,648186,https://i.scdn.co/image/ab67616d000048511568fbc07414eb185c58ef62,https://open.spotify.com/track/6stYbAJgTszHAHZMPxWWCY
118,2017-04-18,119,Up,Love On The Brain,Rihanna,647740,https://i.scdn.co/image/ddc285ca9817c96c7719b3f2a759e108787db021,https://open.spotify.com/track/2aksifNn5ph8igDOkPBA02
119,2017-04-18,120,Up,do re mi,blackbear,634807,https://i.scdn.co/image/25560e082d8ff78217dd6594d18f827a4049cc63,https://open.spotify.com/track/3Q3myFA7q4Op95DOpHplaY
120,2017-04-18,121,Down,Photograph,Ed Sheeran,634185,https://i.scdn.co/image/ab67616d00004851d08209944468440145f01524,https://open.spotify.com/track/6fxVffaTuwjgEk5h9QyRjy
121,2017-04-18,122,Up,TG4M,Zara Larsson,629025,https://i.scdn.co/image/ab67616d000048519e1683774b22648f4f178ed3,https://open.spotify.com/track/4uoumbAMEMaKdtiv763jKz
122,2017-04-18,123,Down,Mercy,Shawn Mendes,628481,https://i.scdn.co/image/ab67616d00004851188e6332f32088921ab1eaf8,https://open.spotify.com/track/4TZy1wLyHec06pwgFYDh1a
123,2017-04-18,124,Down,I Took A Pill In Ibiza - Seeb Remix,Mike Posner,623754,https://i.scdn.co/image/ab67616d0000485140512e02a594e3378c0256e6,https://open.spotify.com/track/17Fd6Yb7mSbinKG8LoWfFl
124,2017-04-18,125,Down,Heathens,Twenty One Pilots,620752,https://i.scdn.co/image/ab67616d000048512ca3ba8f334ca5a5f0312efb,https://open.spotify.com/track/6i0V12jOa3mr6uu4WYhUBr
125,2017-04-18,126,Up,Be the One,Dua Lipa,604101,https://i.scdn.co/image/ab67616d000048516b915e407b70e121e06fe979,https://open.spotify.com/track/7FCfMXYTIiQ9b4hDYs4Iol
126,2017-04-18,127,Down,My Way,Calvin Harris,601091,https://i.scdn.co/image/ab67616d000048518d12bc5e3ea5c9f4a967de32,https://open.spotify.com/track/1vvNmPOiUuyCbgWmtc6yfm
127,2017-04-18,128,Down,Vente Pa' Ca,Ricky Martin,598518,https://i.scdn.co/image/ab67616d000048513d90f5938459be40b7b6652a,https://open.spotify.com/track/7DM4BPaS7uofFul3ywMe46
128,2017-04-18,129,Down,We Don't Talk Anymore,Charlie Puth,595970,https://i.scdn.co/image/ab67616d00004851c0e28105f0533c52717c46c2,https://open.spotify.com/track/68EMU2RD1ECNeOeJ5qAXCV
129,2017-04-18,130,Up,Me Enamoré,Shakira,594501,https://i.scdn.co/image/ab67616d00004851d05d3aad30c5fb7614893cf5,https://open.spotify.com/track/4qknM1pQz53QOyfDVTjcM9
130,2017-04-18,131,Up,Skin,Rag'n'Bone Man,593760,https://i.scdn.co/image/ab67616d0000485190a788beadaad34ff684d3ec,https://open.spotify.com/track/6y2Kaz9QI01XBKJ8mTb7Pf
131,2017-04-18,132,Flat,All Night (feat. Knox Fortune),Chance the Rapper,590717,https://i.scdn.co/image/ab67616d00004851e71dd15fc5bdefd5bff70452,https://open.spotify.com/track/60xaS8mYBKUW4VQQ666N0T
132,2017-04-18,133,Up,Break Up Every Night,The Chainsmokers,587266,https://i.scdn.co/image/ab67616d000048510c13d3d5a503c84fcc60ae94,https://open.spotify.com/track/6cPyTS0Kk2sc4xQwC93kOg
133,2017-04-18,134,Up,Bad Bitch (feat. Ty Dolla $ign),Bebe Rexha,586446,https://i.scdn.co/image/ab67616d0000485166ae1fd71a3e5779e98e277a,https://open.spotify.com/track/4ZJPwET9Jrgpkqi4Vo3Yg8
134,2017-04-18,135,Down,Barcelona,Ed Sheeran,582583,https://i.scdn.co/image/ab67616d00004851ba5db46f4b838ef6027e6f96,https://open.spotify.com/track/3Lfiu5sZ4M4B6JaKMBc0FU
135,2017-04-18,136,Down,Bad Things (with Camila Cabello),Machine Gun Kelly,582113,https://i.scdn.co/image/d5f976093a4dcbc5ea9d4c04b414207f8bdce469,https://open.spotify.com/track/1PSBzsahR2AKwLJgx8ehBj
136,2017-04-18,137,Up,Teenage Fever,Drake,579109,https://i.scdn.co/image/6dfd956b9331fa9ea1f47ebb95311951ed72b3db,https://open.spotify.com/track/6n3HGiq4v35D6eFOSwqYuo
137,2017-04-18,138,Down,Cheap Thrills,Sia,578367,https://i.scdn.co/image/ab67616d0000485149e0134c686547c28b7c999f,https://open.spotify.com/track/27SdWb2rFzO6GWiYDBTD9j
138,2017-04-18,139,Down,Human,Rag'n'Bone Man,572580,https://i.scdn.co/image/ab67616d0000485190a788beadaad34ff684d3ec,https://open.spotify.com/track/58zsLZPvfflaiIbNWoA22O
139,2017-04-18,140,Down,Supermarket Flowers,Ed Sheeran,571682,https://i.scdn.co/image/ab67616d00004851ba5db46f4b838ef6027e6f96,https://open.spotify.com/track/4VuS959DSpr82t3qBqCrWG
140,2017-04-18,141,Down,Safari,J Balvin,571204,https://i.scdn.co/image/ab67616d00004851338ffc4c72a192f06070546b,https://open.spotify.com/track/6rQSrBHf7HlZjtcMZ4S4bO
141,2017-04-18,142,Up,Free Smoke,Drake,569504,https://i.scdn.co/image/6dfd956b9331fa9ea1f47ebb95311951ed72b3db,https://open.spotify.com/track/05KOgYg8PGeJyyWBPi5ja8
142,2017-04-18,143,Up,Drowning (feat. Kodak Black),A Boogie Wit da Hoodie,566673,https://i.scdn.co/image/ab67616d0000485131d8918139b720e4141adeec,https://open.spotify.com/track/6Q2FftbUG530lCtBI74bMH
143,2017-04-18,144,Up,Get It Together,Drake,566670,https://i.scdn.co/image/6dfd956b9331fa9ea1f47ebb95311951ed72b3db,https://open.spotify.com/track/7y6c07pgjZvtHI9kuMVqk1
144,2017-04-18,145,Down,Stressed Out,Twenty One Pilots,566404,https://i.scdn.co/image/ab67616d00004851de03bfc2991fd5bcfde65ba3,https://open.spotify.com/track/3CRDbSIZ4r5MsZ0YwxuEkn
145,2017-04-18,146,Down,Love Yourself,Justin Bieber,566272,https://i.scdn.co/image/ab67616d00004851b6d9a4fbb0bd49f0f034aead,https://open.spotify.com/track/3hB5DgAiMAQ4DzYbsMq1IT
146,2017-04-18,147,Up,At My Best (feat. Hailee Steinfeld),Machine Gun Kelly,566024,https://i.scdn.co/image/d5f976093a4dcbc5ea9d4c04b414207f8bdce469,https://open.spotify.com/track/77lGafvlU68CeHgB2pkHC9
147,2017-04-18,148,Down,Thinking out Loud,Ed Sheeran,565604,https://i.scdn.co/image/ab67616d00004851d08209944468440145f01524,https://open.spotify.com/track/1Slwb6dOYkBlWal1PGtnNg
148,2017-04-18,149,Down,Black Beatles,Rae Sremmurd,562874,https://i.scdn.co/image/16293ab3b4f9301aeb5f41810fd7056d463db55e,https://open.spotify.com/track/6fujklziTHa8uoM5OQSfIo
149,2017-04-18,150,Down,Faded,Alan Walker,557968,https://i.scdn.co/image/ab67616d00004851c4d00cac55ae1b4598c9bc90,https://open.spotify.com/track/7gHs73wELdeycvS48JfIos
150,2017-04-18,151,Down,Alguien Robo,Sebastian Yatra,556422,https://i.scdn.co/image/ab67616d0000485135e1cf8c70c60dc416956c17,https://open.spotify.com/track/5i50gKdLAjjIr7UxRT5IVy
151,2017-04-18,152,Up,Don't Leave,Snakehips,548197,https://i.scdn.co/image/ab67616d00004851b72a28b6f92b180a8a423e29,https://open.spotify.com/track/0Zx8khUcEfCFK2AEoIhC92
152,2017-04-18,153,Down,How Would You Feel (Paean),Ed Sheeran,546403,https://i.scdn.co/image/ab67616d00004851ba5db46f4b838ef6027e6f96,https://open.spotify.com/track/6PJ8FF6UR8FZXfEvpHkIVN
153,2017-04-18,154,Down,Ride,Twenty One Pilots,541173,https://i.scdn.co/image/ab67616d00004851de03bfc2991fd5bcfde65ba3,https://open.spotify.com/track/2Z8WuEywRWYTKe1NybPQEW
154,2017-04-18,155,Down,Vacaciones,Wisin,540675,https://i.scdn.co/image/ab67616d00004851c85f0d16973e9dae6f8a786c,https://open.spotify.com/track/3dQDid3IUNhZy1OehIfYfE
155,2017-04-18,156,Up,Shed a Light,Robin Schulz,540028,https://i.scdn.co/image/ab67616d000048517be189f322bc8155c103d6c9,https://open.spotify.com/track/1cG0umU5TKStygKsPFZ9pY
156,2017-04-18,157,Up,Moves,Big Sean,538748,https://i.scdn.co/image/695d0c097d8463ccc2c2b9855fe44e3e9e7bc267,https://open.spotify.com/track/0Fv5N0cHBsl4bzCbollCAS
157,2017-04-18,158,Down,Perfect Strangers,Jonas Blue,536676,https://i.scdn.co/image/ab67616d0000485179882e87678a76bc1d895e94,https://open.spotify.com/track/1CUVN2kn7mW5FjkqXTR2W1
158,2017-04-18,159,Down,Work from Home (feat. Ty Dolla $ign),Fifth Harmony,531682,https://i.scdn.co/image/ab67616d00004851d03fa6f4e758282b7920b5c8,https://open.spotify.com/track/4tCtwWceOPWzenK2HAIJSb
159,2017-04-18,160,Down,Scars To Your Beautiful,Alessia Cara,530724,https://i.scdn.co/image/5b9e5bd34ec840f07c8530e43a76b1b5e08d8b77,https://open.spotify.com/track/0prNGof3XqfTvNDxHonvdK
160,2017-04-18,161,Up,Sorry,Justin Bieber,528194,https://i.scdn.co/image/ab67616d00004851b6d9a4fbb0bd49f0f034aead,https://open.spotify.com/track/69bp2EbF7Q2rqc5N3ylezZ
161,2017-04-18,162,Down,Te Quiero Pa´Mi,Don Omar,525711,https://i.scdn.co/image/ab67616d00004851d0cb2a58e3bf5d7ac5ece16f,https://open.spotify.com/track/3BY2mafsbsoKGqS380Xnuz
162,2017-04-18,163,Down,Broccoli (feat. Lil Yachty),DRAM,524757,https://i.scdn.co/image/ab67616d00004851f02a1575a59bd05998826351,https://open.spotify.com/track/7yyRTcZmCiyzzJlNzGC9Ol
163,2017-04-18,164,Up,The Other,Lauv,522882,https://i.scdn.co/image/ab67616d000048513c6e07056b26bb9804a596da,https://open.spotify.com/track/1lntL1cI2UIWlxjL5QiN8g
164,2017-04-18,165,Down,All We Know,The Chainsmokers,522805,https://i.scdn.co/image/ab67616d00004851ff8d8c5662a96d41433e9ee1,https://open.spotify.com/track/2rizacJSyD9S1IQUxUxnsK
165,2017-04-18,166,Down,This Is What You Came For,Calvin Harris,520906,https://i.scdn.co/image/ab67616d00004851d9aa52355e062f5de060adbf,https://open.spotify.com/track/0azC730Exh71aQlOt9Zj3y
166,2017-04-18,167,Up,Lights Down Low,MAX,514560,https://i.scdn.co/image/ab67616d00004851cefb1bcf9304bf454bae7f8d,https://open.spotify.com/track/1sYSP7gKa5kdKIfhANfori
167,2017-04-18,168,Up,Black SpiderMan,Logic,510874,https://i.scdn.co/image/08f9ccb7875a87c07c79c1ccd5319263786c55ea,https://open.spotify.com/track/7BKUWh5sdtdS17crohRe4L
168,2017-04-18,169,Down,Water Under the Bridge,Adele,510530,https://i.scdn.co/image/ab67616d000048514c3bbcff5e7248e415548f12,https://open.spotify.com/track/4vb4mFvYsr2h6enhjJsq9Y
169,2017-04-18,170,Up,Million Reasons,Lady Gaga,502901,https://i.scdn.co/image/ab67616d00004851dd0b256c733c96b653ab5cde,https://open.spotify.com/track/50PWlIBU7PlGGwzgN8TiFJ
170,2017-04-18,171,Down,Versace on the Floor,Bruno Mars,494727,https://i.scdn.co/image/ab67616d00004851232711f7d66a1e19e89e28c5,https://open.spotify.com/track/0kN8xEmgMW9mh7UmDYHlJP
171,2017-04-18,172,Up,Peek A Boo,Lil Yachty,491922,https://i.scdn.co/image/75b22c66a283958d1a339106b855b14bd82126c0,https://open.spotify.com/track/5hx4FpDZOnDVYlyoG3rMks
172,2017-04-18,173,Flat,I Got You,Bebe Rexha,489748,https://i.scdn.co/image/ab67616d00004851809adcbcfe88c94fd2a706c1,https://open.spotify.com/track/1FUViuNSldssMIawrOXF2i
173,2017-04-18,174,Up,"Gang Up (with Young Thug, 2 Chainz & Wiz Khalifa feat. PnB Rock)",Young Thug,489512,https://i.scdn.co/image/ab67616d000048517d7076c66e4244d2f8030dbd,https://open.spotify.com/track/5PfTI3zrQbZEWcQdycMqJM
174,2017-04-18,175,Down,Caroline,Aminé,489421,https://i.scdn.co/image/ab67616d00004851a7f01ef25974c10cdbbd566e,https://open.spotify.com/track/5GFDrUTLGJix84sNhjCG0g
175,2017-04-18,176,Up,Sunset Lover,Petit Biscuit,486529,https://i.scdn.co/image/ab67616d00004851014080d39d56c94c0b285362,https://open.spotify.com/track/0hNduWmlWmEmuwEFcYvRu1
176,2017-04-18,177,Up,By Your Side,Jonas Blue,481640,https://i.scdn.co/image/ab67616d00004851bd4b658f3aead04637924c28,https://open.spotify.com/track/1D3ODoXHBLpdxolZRHWV1j
177,2017-04-18,178,Down,Traicionera,Sebastian Yatra,479589,https://i.scdn.co/image/ab67616d00004851dbe5e9f934a9be5db8884c52,https://open.spotify.com/track/5J1c3M4EldCfNxXwrwt8mT
178,2017-04-18,179,Down,Nancy Mulligan,Ed Sheeran,477521,https://i.scdn.co/image/ab67616d00004851ba5db46f4b838ef6027e6f96,https://open.spotify.com/track/35QZaWQRkmnAVqBF1TLCxQ
179,2017-04-18,180,Down,Alone,Alan Walker,471791,https://i.scdn.co/image/ab67616d00004851f00ade2f88d8223521bc7f76,https://open.spotify.com/track/0JiVRyTJcJnmlwCZ854K4p
180,2017-04-18,181,Up,This Girl (Kungs Vs. Cookin' On 3 Burners) - Kungs Vs. Cookin' On 3 Burners,Kungs,470389,https://i.scdn.co/image/ab67616d00004851f504cc56f3bd99bc61929272,https://open.spotify.com/track/0tICYNayWWhH9GPeFrfjfD
181,2017-04-18,182,Down,Lean On (feat. MØ & DJ Snake),Major Lazer,469470,https://i.scdn.co/image/ab67616d000048519f55dad3a63f72f1bc8d6f59,https://open.spotify.com/track/4WjH9Bzt3kx7z8kl0awxh4
182,2017-04-18,183,Up,KMT,Drake,469284,https://i.scdn.co/image/6dfd956b9331fa9ea1f47ebb95311951ed72b3db,https://open.spotify.com/track/2jTujnt0y344ai1rNOywgr
183,2017-04-18,184,Down,No Problem (feat. Lil Wayne & 2 Chainz),Chance the Rapper,468867,https://i.scdn.co/image/ab67616d00004851e71dd15fc5bdefd5bff70452,https://open.spotify.com/track/0v9Wz8o0BT8DU38R4ddjeH
184,2017-04-18,185,Down,7 Years,Lukas Graham,467779,https://i.scdn.co/image/ab67616d0000485104d59cefa11f0eee9f1877a5,https://open.spotify.com/track/7129iqBafaphfc3WPCGC0L
185,2017-04-18,186,Down,Panda,Desiigner,466144,https://i.scdn.co/image/ab67616d000048513df69bfb7713d8262820612b,https://open.spotify.com/track/5OOkp4U9P9oL23maHFHL1h
186,2017-04-18,187,Flat,Cake By The Ocean,DNCE,463470,https://i.scdn.co/image/ab67616d00004851a19a2912e1618ada66b2e6e8,https://open.spotify.com/track/2aFiaMXmWsM3Vj72F9ksBl
187,2017-04-18,188,Up,No Lie,Sean Paul,462884,https://i.scdn.co/image/ab67616d000048514782809e4cd19cefc99048f7,https://open.spotify.com/track/3cFsmM51N5zMAuu1nNY4Tw
188,2017-04-18,189,Up,Everybody,Logic,458806,https://i.scdn.co/image/08f9ccb7875a87c07c79c1ccd5319263786c55ea,https://open.spotify.com/track/7cGFbx7MP0H23iHZTZpqMM
189,2017-04-18,190,Down,Hearts Don't Break Around Here,Ed Sheeran,456332,https://i.scdn.co/image/ab67616d00004851ba5db46f4b838ef6027e6f96,https://open.spotify.com/track/2dfHh7ECGxfNqZTQno09Vk
190,2017-04-18,191,Down,"Sucker For Pain (with Wiz Khalifa, Imagine Dragons, Logic & Ty Dolla $ign feat. X Ambassadors)",Lil Wayne,454869,https://i.scdn.co/image/ab67616d000048517d8dfcfd507069d7f2062caf,https://open.spotify.com/track/4dASQiO1Eoo3RJvt74FtXB
191,2017-04-18,192,Up,Party Monster,The Weeknd,454165,https://i.scdn.co/image/6aeaaebcbd861c8369b14366e8e0eca2fe96055d,https://open.spotify.com/track/4F7A0DXBrmUAkp32uenhZt
192,2017-04-18,193,Down,Down,Marian Hill,452879,https://i.scdn.co/image/ab67616d00004851c989c526b15cacc1a579a9c7,https://open.spotify.com/track/2dqLk7ezV15LEJEwUmEbXB
193,2017-04-18,194,Flat,"i hate u, i love u (feat. olivia o'brien)",gnash,450194,https://i.scdn.co/image/ab67616d0000485108862f843ea27f44f8e8cbd8,https://open.spotify.com/track/7vRriwrloYVaoAe3a9wJHe
194,2017-04-18,195,New,Madiba Riddim,Drake,444232,https://i.scdn.co/image/6dfd956b9331fa9ea1f47ebb95311951ed72b3db,https://open.spotify.com/track/76gUmNLXGQVOsGhfcshkFP
195,2017-04-18,196,Down,Deja vu,Prince Royce,444136,https://i.scdn.co/image/ab67616d000048516c1180ae683cc09d840a9163,https://open.spotify.com/track/46HdsiK0uR26B2dY9QPzda
196,2017-04-18,197,New,Sacrifices,Drake,442671,https://i.scdn.co/image/6dfd956b9331fa9ea1f47ebb95311951ed72b3db,https://open.spotify.com/track/0xl1w2q4VLojeXp4JfazPL
197,2017-04-18,198,Down,La Bicicleta,Carlos Vives,441569,https://i.scdn.co/image/ab67616d00004851d05d3aad30c5fb7614893cf5,https://open.spotify.com/track/0sXvAOmXgjR2QUqLK1MltU
198,2017-04-18,199,New,"Lose Yourself - From ""8 Mile"" Soundtrack",Eminem,439987,https://i.scdn.co/image/36440dfd440d23086573d62a32def35ecc42f111,https://open.spotify.com/track/5Z01UMMf7V1o0MzF86s6WJ
199,2017-04-18,200,Down,The Scientist,Coldplay,438492,https://i.scdn.co/image/ab67616d00004851ad6f442ecac8735b9285a923,https://open.spotify.com/track/75JFxkI2RXiU7L9VXzMkle
