,Date,Position,Trend,Title,Artist,Streams,Icon_URL,Spotify_URL
0,2017-04-29,1,Flat,Despacito - Remix,Luis Fonsi,6888677,https://i.scdn.co/image/ab67616d00004851d8559d0280ffe2a2af6dacdf,https://open.spotify.com/track/5CtI0qwDJkDQGwXD1H1cLb
1,2017-04-29,2,Flat,Shape of You,Ed Sheeran,5423269,https://i.scdn.co/image/ab67616d00004851ba5db46f4b838ef6027e6f96,https://open.spotify.com/track/7qiZfU4dY1lWllzX7mPBI3
2,2017-04-29,3,Flat,HUMBLE.,Kendrick Lamar,4770842,https://i.scdn.co/image/ae1f239b41e9604a66eb900834c6887cd2f62ff1,https://open.spotify.com/track/7KXjTSCq5nL1LoYtL7XAwS
3,2017-04-29,4,Up,"I'm the One (feat. Justin Bieber, Quavo, Chance the Rapper & Lil Wayne)",DJ Khaled,4295925,https://i.scdn.co/image/ab67616d00004851dcb6a73da1e7f293b875f69c,https://open.spotify.com/track/3DXncPQOG4VBw3QHh3S817
4,2017-04-29,5,Down,Something Just Like This,The Chainsmokers,3617143,https://i.scdn.co/image/ab67616d000048510c13d3d5a503c84fcc60ae94,https://open.spotify.com/track/6RUKPb4LETWmmr3iAEQktW
5,2017-04-29,6,Down,Mask Off,Future,3523805,https://i.scdn.co/image/ab67616d00004851356884f85665ebdd79223fdf,https://open.spotify.com/track/3rOSwuTsUlJp0Pu0MkN8r8
6,2017-04-29,7,Down,It Ain't Me (with Selena Gomez),Kygo,3499088,https://i.scdn.co/image/ab67616d0000485141f289940f2e6a0d51988d77,https://open.spotify.com/track/3eR23VReFzcdmS7TYCrhCe
7,2017-04-29,8,Up,Despacito (Featuring Daddy Yankee),Luis Fonsi,3260756,https://i.scdn.co/image/ab67616d00004851a5971936e3b8d91f8b616b17,https://open.spotify.com/track/4aWmUDTfIPGksMNLV2rQP2
8,2017-04-29,9,Down,Stay (with Alessia Cara),Zedd,3189816,https://i.scdn.co/image/ab67616d0000485191a70f95efc3400f696e89cc,https://open.spotify.com/track/0dA2Mk56wEzDgegdC6R17g
9,2017-04-29,10,Up,That's What I Like,Bruno Mars,3150389,https://i.scdn.co/image/ab67616d00004851232711f7d66a1e19e89e28c5,https://open.spotify.com/track/0KKkJNfGyhkQ5aFogxQAPU
10,2017-04-29,11,Down,Passionfruit,Drake,3118188,https://i.scdn.co/image/ab67616d000048515ea859dc94365abd9fd84fd6,https://open.spotify.com/track/7hDc8b7IXETo14hHIHdnhd
11,2017-04-29,12,Flat,Symphony (feat. Zara Larsson),Clean Bandit,3076949,https://i.scdn.co/image/ab67616d000048515b1130d050c4cd2295999d85,https://open.spotify.com/track/1x5sYLZiu9r5E43kMlt9f8
12,2017-04-29,13,Flat,Swalla (feat. Nicki Minaj & Ty Dolla $ign),Jason Derulo,2865125,https://i.scdn.co/image/ab67616d000048519d6522bee68370fa5592301d,https://open.spotify.com/track/6kex4EBAj0WHXDKZMEJaaF
13,2017-04-29,14,Down,DNA.,Kendrick Lamar,2795225,https://i.scdn.co/image/ae1f239b41e9604a66eb900834c6887cd2f62ff1,https://open.spotify.com/track/6HZILIRieu8S0iqY8kIKhj
14,2017-04-29,15,Up,There's Nothing Holdin' Me Back,Shawn Mendes,2416618,https://i.scdn.co/image/ab67616d00004851f9cbd0c07513a7232cd6b9a7,https://open.spotify.com/track/79cuOz3SPQTuFrp8WgftAu
15,2017-04-29,16,Down,Slide,Calvin Harris,2401129,https://i.scdn.co/image/ab67616d000048514d3fa5ce7ba599f4fd7803ef,https://open.spotify.com/track/7tr2za8SQg2CI8EDgrdtNl
16,2017-04-29,17,Up,Galway Girl,Ed Sheeran,2364599,https://i.scdn.co/image/ab67616d00004851ba5db46f4b838ef6027e6f96,https://open.spotify.com/track/0afhq8XCExXpqazXczTSve
17,2017-04-29,18,Down,Scared to Be Lonely,Martin Garrix,2336357,https://i.scdn.co/image/ab67616d0000485164f8a309aa3c0a66a31fc374,https://open.spotify.com/track/3ebXMykcMXOcLeJ9xZ17XH
18,2017-04-29,19,Up,XO TOUR Llif3,Lil Uzi Vert,2166332,https://i.scdn.co/image/ab67616d0000485115531ec8568373f631db9786,https://open.spotify.com/track/2eMwDehkIC1j68U6FA3Eiq
19,2017-04-29,20,Down,Issues,Julia Michaels,2163314,https://i.scdn.co/image/ab67616d000048519615e35e0e9e4b2c3dccb520,https://open.spotify.com/track/1sXUWdKx03aP9Gmzft58rt
20,2017-04-29,21,Up,iSpy (feat. Lil Yachty),KYLE,2023269,https://i.scdn.co/image/ab67616d0000485132e373f2988bc6596a542d1c,https://open.spotify.com/track/2EEeOnHehOozLq4aS0n6SL
21,2017-04-29,22,Down,Paris,The Chainsmokers,1989332,https://i.scdn.co/image/ab67616d000048510c13d3d5a503c84fcc60ae94,https://open.spotify.com/track/72jbDTw1piOOj770jWNeaG
22,2017-04-29,23,Up,SUBEME LA RADIO,Enrique Iglesias,1929290,https://i.scdn.co/image/ab67616d000048515366ff028970205a29d558ed,https://open.spotify.com/track/7nKBxz47S9SD79N086fuhn
23,2017-04-29,24,Down,Sign of the Times,Harry Styles,1885777,https://i.scdn.co/image/ab67616d000048516c619c39c853f8b1d67b7859,https://open.spotify.com/track/5Ohxk2dO5COHF1krpoPigN
24,2017-04-29,25,Up,Me Rehúso,Danny Ocean,1822337,https://i.scdn.co/image/ab67616d00004851a75bd33684083600569dd3bf,https://open.spotify.com/track/6De0lHrwBfPfrhorm9q1Xl
25,2017-04-29,26,Up,You Don't Know Me - Radio Edit,Jax Jones,1812027,https://i.scdn.co/image/ab67616d00004851dd05a1716e2f07a07b8ccfe3,https://open.spotify.com/track/00lNx0OcTJrS3MKHcB80HY
26,2017-04-29,27,Down,Believer,Imagine Dragons,1798154,https://i.scdn.co/image/ab67616d000048517956bd9a3d7a15e4c2e37cc6,https://open.spotify.com/track/0CcQNd8CINkwQfe1RDtGV6
27,2017-04-29,28,Up,Good Life (with G-Eazy & Kehlani),G-Eazy,1794579,https://i.scdn.co/image/ab67616d00004851fcc36f9c0515e6e7faa2030b,https://open.spotify.com/track/1Eck97uRMlprKOOJN9oO1E
28,2017-04-29,29,Up,Cold,Maroon 5,1787998,https://i.scdn.co/image/ab67616d000048514727f9e79c338683c5bf8921,https://open.spotify.com/track/5NNlUMcOEOdoOIwwaWXv0k
29,2017-04-29,30,Up,Rockabye (feat. Sean Paul & Anne-Marie),Clean Bandit,1728042,https://i.scdn.co/image/ab67616d000048511431c3bdf16aa99f71799d95,https://open.spotify.com/track/5knuzwU65gJK7IF5yJsuaW
30,2017-04-29,31,Up,Felices los 4,Maluma,1720650,https://i.scdn.co/image/ab67616d00004851d9732b592276542ecafa6c6d,https://open.spotify.com/track/0qYTZCo5Bwh1nsUFGZP3zn
31,2017-04-29,32,Down,LOYALTY. FEAT. RIHANNA.,Kendrick Lamar,1720083,https://i.scdn.co/image/ae1f239b41e9604a66eb900834c6887cd2f62ff1,https://open.spotify.com/track/6SwRhMLwNqEi6alNPVG00n
32,2017-04-29,33,Flat,"I Don’t Wanna Live Forever (Fifty Shades Darker) - From ""Fifty Shades Darker (Original Motion Picture Soundtrack)""",ZAYN,1703297,https://i.scdn.co/image/ab67616d000048512ae921f082ae5db4d3da818f,https://open.spotify.com/track/3NdDpSvN911VPGivFlV5d0
33,2017-04-29,34,Up,Call On Me - Ryan Riback Extended Remix,Starley,1653830,https://i.scdn.co/image/ab67616d000048519d4079afc73664f86f055400,https://open.spotify.com/track/78rIJddV4X0HkNAInEcYde
34,2017-04-29,35,Up,Unforgettable,French Montana,1636072,https://i.scdn.co/image/ab67616d00004851482e95a6c610468cddf011da,https://open.spotify.com/track/1F2HXIJrE2Xn81OzT2zZvW
35,2017-04-29,36,Down,ELEMENT.,Kendrick Lamar,1590173,https://i.scdn.co/image/ae1f239b41e9604a66eb900834c6887cd2f62ff1,https://open.spotify.com/track/1EaKU4dMbesXXd3BrLCtYG
36,2017-04-29,37,Up,I Feel It Coming,The Weeknd,1584275,https://i.scdn.co/image/b3683184efeb899b2d1a02f4957d0c630dc10b0b,https://open.spotify.com/track/5GXAXm5YOmYT0kL5jHvYBt
37,2017-04-29,38,Down,LOVE. FEAT. ZACARI.,Kendrick Lamar,1563564,https://i.scdn.co/image/ae1f239b41e9604a66eb900834c6887cd2f62ff1,https://open.spotify.com/track/6PGoSes0D9eUDeeAafB2As
38,2017-04-29,39,Up,El Amante,Nicky Jam,1531397,https://i.scdn.co/image/ab67616d00004851d77dbcd4dbd37cdfa61771fa,https://open.spotify.com/track/3umS4y3uQDkqekNjVpiRUs
39,2017-04-29,40,Down,Solo Dance,Martin Jensen,1523656,https://i.scdn.co/image/ab67616d00004851950d67dbe3f31f1d9a5d06a2,https://open.spotify.com/track/6HUnnBwYZqcED1eQztxMBN
40,2017-04-29,41,Up,The Cure,Lady Gaga,1515512,https://i.scdn.co/image/ab67616d000048514a9be9e8223db02a37e1e8fe,https://open.spotify.com/track/51PIvodunv6NmX5250zxAh
41,2017-04-29,42,Down,Location,Khalid,1497062,https://i.scdn.co/image/ab67616d00004851988ede5e1276e758b5f9e577,https://open.spotify.com/track/152lZdxL1OR0ZMW6KquMif
42,2017-04-29,43,Up,Attention,Charlie Puth,1464811,https://i.scdn.co/image/ab67616d00004851db21a273452f0637cdbc35aa,https://open.spotify.com/track/4iLqG9SeJSnt0cSPICSjxv
43,2017-04-29,44,Flat,Chained To The Rhythm,Katy Perry,1435814,https://i.scdn.co/image/ab67616d000048511487979a7e0181a5d0406d1a,https://open.spotify.com/track/6520aj0B4FSKGVuKNsOCOi
44,2017-04-29,45,Flat,Now Or Never,Halsey,1430748,https://i.scdn.co/image/ab67616d000048519357ea2dbe932b47fe8149d6,https://open.spotify.com/track/0Nhu3zSYbEz32IYiobV75e
45,2017-04-29,46,Flat,Closer,The Chainsmokers,1426429,https://i.scdn.co/image/ab67616d00004851495ce6da9aeb159e94eaa453,https://open.spotify.com/track/7BKLCZ1jbUBVqRi2FVlTVw
46,2017-04-29,47,Flat,Congratulations,Post Malone,1384686,https://i.scdn.co/image/23bae95100dcb6ac8f88c19fa2a11c50a998a926,https://open.spotify.com/track/3a1lNhkSLSkpJE4MSHpDu9
47,2017-04-29,48,Up,Portland,Drake,1367915,https://i.scdn.co/image/6dfd956b9331fa9ea1f47ebb95311951ed72b3db,https://open.spotify.com/track/2bjwRfXMk4uRgOD9IBYl9h
48,2017-04-29,49,Up,Castle on the Hill,Ed Sheeran,1337650,https://i.scdn.co/image/ab67616d00004851ba5db46f4b838ef6027e6f96,https://open.spotify.com/track/6PCUP3dWmTjcTtXY02oFdT
49,2017-04-29,50,Up,Green Light,Lorde,1329192,https://i.scdn.co/image/ab67616d0000485128e1139fd3a34626351b9004,https://open.spotify.com/track/0gbBzIqrECJOEPvQJIBFs5
50,2017-04-29,51,Up,No Promises (feat. Demi Lovato),Cheat Codes,1301133,https://i.scdn.co/image/ab67616d00004851e74ecdb2f1316c8f026970a8,https://open.spotify.com/track/1louJpMmzEicAn7lzDalPW
51,2017-04-29,52,Down,Say You Won't Let Go,James Arthur,1290965,https://i.scdn.co/image/ab67616d0000485120beb61f61fcbeb33b10a9ab,https://open.spotify.com/track/5uCax9HTNlzGybIStD3vDh
52,2017-04-29,53,Down,Bon appétit,Katy Perry,1288496,https://i.scdn.co/image/ab67616d000048511487979a7e0181a5d0406d1a,https://open.spotify.com/track/61WbtB6ujkpNAsAf5LjF4b
53,2017-04-29,54,Up,Chantaje (feat. Maluma),Shakira,1282655,https://i.scdn.co/image/ab67616d00004851d05d3aad30c5fb7614893cf5,https://open.spotify.com/track/6mICuAdrwEjh6Y6lroV2Kg
54,2017-04-29,55,Down,The One,The Chainsmokers,1280545,https://i.scdn.co/image/ab67616d000048510c13d3d5a503c84fcc60ae94,https://open.spotify.com/track/0wfbD5rAksdXUzRvMfM3x5
55,2017-04-29,56,Down,First Time,Kygo,1280014,https://i.scdn.co/image/ab67616d00004851b6d86ca196b697ee0f640118,https://open.spotify.com/track/2Gl0FzuLxflY6nPifJp5Dr
56,2017-04-29,57,Flat,Pretty Girl - Cheat Codes X CADE Remix,Maggie Lindemann,1275770,https://i.scdn.co/image/ab67616d000048517c7436e1b6273be0e7bc1a84,https://open.spotify.com/track/1NDxZ7cFAo481dtYWdrUnR
57,2017-04-29,58,Down,Tunnel Vision,Kodak Black,1237475,https://i.scdn.co/image/ab67616d000048511541a676423805fc68ff3e66,https://open.spotify.com/track/4Q3N4Ct4zCuIHuZ65E3BD4
58,2017-04-29,59,Down,Starboy,The Weeknd,1224783,https://i.scdn.co/image/ab67616d000048510c8599cbde51245c128bcea9,https://open.spotify.com/track/5aAx2yezTd8zXrkmtKl66Z
59,2017-04-29,60,Up,Hey Ma (with Pitbull & J Balvin feat. Camila Cabello) - Spanish Version,Pitbull,1194790,https://i.scdn.co/image/ab67616d000048513e40b472d708ea3c6bd86670,https://open.spotify.com/track/2Vdub5mY4lad7w64bFPUez
60,2017-04-29,61,Down,Still Got Time,ZAYN,1191932,https://i.scdn.co/image/ab67616d000048513bfd914f72da2ed8822a634f,https://open.spotify.com/track/000xQL6tZNLJzIrtIgxqSl
61,2017-04-29,62,Down,Run Up (feat. PARTYNEXTDOOR & Nicki Minaj),Major Lazer,1188172,https://i.scdn.co/image/ab67616d000048518036d7402a6a76aed04f1f98,https://open.spotify.com/track/0fg8CqpjdojMyXLNzM2PaJ
62,2017-04-29,63,Up,Escápate Conmigo,Wisin,1111955,https://i.scdn.co/image/ab67616d000048512b02904e5404ad6069c16a4f,https://open.spotify.com/track/2cnKEkpVUSV4wnjQiTWfH6
63,2017-04-29,64,Up,Tuesday,Burak Yeter,1101531,https://i.scdn.co/image/069b0b8dc1285ba4d2bd7f2536abfce84598d130,https://open.spotify.com/track/7abpmGpF7PGep2rDU68GBR
64,2017-04-29,65,Up,Bad and Boujee (feat. Lil Uzi Vert),Migos,1062731,https://i.scdn.co/image/ab67616d0000485199a8ab6da9d593939302828a,https://open.spotify.com/track/4Km5HrUvYTaSUfiSGPJeQR
65,2017-04-29,66,Up,Sigo Extrañándote,J Balvin,1048888,https://i.scdn.co/image/ab67616d00004851338ffc4c72a192f06070546b,https://open.spotify.com/track/6qDF4wWL49CAVbgT7yuHl8
66,2017-04-29,67,Up,One Dance,Drake,1046158,https://i.scdn.co/image/ab67616d00004851726abca207567d5e41cb9667,https://open.spotify.com/track/1xznGGDReH1oQq0xzbwXa3
67,2017-04-29,68,Down,Selfish (feat. Rihanna),Future,1039031,https://i.scdn.co/image/ab67616d00004851968822b495da180d0792a437,https://open.spotify.com/track/2Ce5IyMlVRVvN997ZJjJJA
68,2017-04-29,69,Down,Touch,Little Mix,1018066,https://i.scdn.co/image/ab67616d000048512318bbb0586903290db2b270,https://open.spotify.com/track/5Ua3GXyHwiSfpNTMjq6m2z
69,2017-04-29,70,Down,The Night We Met,Lord Huron,1011389,https://i.scdn.co/image/ab67616d00004851ee6611c95f868e465c98a0b2,https://open.spotify.com/track/6mORGLOz79w6VsCRLWYYuK
70,2017-04-29,71,Up,Ahora Dice,Chris Jeday,1008111,https://i.scdn.co/image/ab67616d000048513a142c7e7fc7863dc1a256ed,https://open.spotify.com/track/22eADXu8DfOAUEDw4vU8qy
71,2017-04-29,72,Down,Fake Love,Drake,1005022,https://i.scdn.co/image/6dfd956b9331fa9ea1f47ebb95311951ed72b3db,https://open.spotify.com/track/343YBumqHu19cGoGARUTsd
72,2017-04-29,73,Up,Let Me Love You,DJ Snake,999951,https://i.scdn.co/image/ab67616d000048515045de6786e0af096de73ed4,https://open.spotify.com/track/4pdPtRcBmOSQDlJ3Fk945m
73,2017-04-29,74,Flat,September Song,JP Cooper,978313,https://i.scdn.co/image/ab67616d000048511400ec742ee0935608e30700,https://open.spotify.com/track/0FuTx2s3YH1ppmtiM6l0zI
74,2017-04-29,75,Up,Otra vez (feat. J Balvin),Zion & Lennox,977885,https://i.scdn.co/image/ab67616d0000485182eabf564ddc57325a84dd50,https://open.spotify.com/track/3QwBODjSEzelZyVjxPOHdq
75,2017-04-29,76,Flat,Perfect,Ed Sheeran,964094,https://i.scdn.co/image/ab67616d00004851ba5db46f4b838ef6027e6f96,https://open.spotify.com/track/0tgVpDi06FyKpA1z0VMD4v
76,2017-04-29,77,Up,Bounce Back,Big Sean,959915,https://i.scdn.co/image/695d0c097d8463ccc2c2b9855fe44e3e9e7bc267,https://open.spotify.com/track/0SGkqnVQo9KPytSri1H6cF
77,2017-04-29,78,Flat,goosebumps,Travis Scott,959660,https://i.scdn.co/image/ab67616d00004851f54b99bf27cda88f4a7403ce,https://open.spotify.com/track/6gBFPUFcJLzWGx4lenP6h2
78,2017-04-29,79,Down,XXX. FEAT. U2.,Kendrick Lamar,951419,https://i.scdn.co/image/ae1f239b41e9604a66eb900834c6887cd2f62ff1,https://open.spotify.com/track/4iYRa2btalAzPZoSYfROqF
79,2017-04-29,80,Up,La Rompe Corazones,Daddy Yankee,949036,https://i.scdn.co/image/ab67616d00004851b84a36483e43bfbcb931fcde,https://open.spotify.com/track/4okba5wu9mMLXx79DXLKi3
80,2017-04-29,81,Up,Reggaetón Lento (Bailemos),CNCO,919580,https://i.scdn.co/image/ab67616d000048517db0f7ac4c612cce26ccacf9,https://open.spotify.com/track/3AEZUABDXNtecAOSC1qTfo
81,2017-04-29,82,Flat,Weak,AJR,914204,https://i.scdn.co/image/ab67616d00004851c5f3ca405ff6ed13dc554b94,https://open.spotify.com/track/3E2Zh20GDCR9B1EYjfXWyv
82,2017-04-29,83,Up,24K Magic,Bruno Mars,909813,https://i.scdn.co/image/ab67616d00004851232711f7d66a1e19e89e28c5,https://open.spotify.com/track/6b8Be6ljOzmkOmFslEb23P
83,2017-04-29,84,Up,Body Like A Back Road,Sam Hunt,890245,https://i.scdn.co/image/ab67616d000048519eccbdab1110afc4d5a186a8,https://open.spotify.com/track/7mldq42yDuxiUNn08nvzHO
84,2017-04-29,85,Down,YAH.,Kendrick Lamar,882698,https://i.scdn.co/image/ae1f239b41e9604a66eb900834c6887cd2f62ff1,https://open.spotify.com/track/4BHSjbYylfOH5WAGusDyni
85,2017-04-29,86,Up,Hear Me Now,Alok,878523,https://i.scdn.co/image/e308bad29e4cf6dc8aa5cd97449ef71bbb893d40,https://open.spotify.com/track/1a5Yu5L18qNxVhXx38njON
86,2017-04-29,87,Down,do re mi,blackbear,875940,https://i.scdn.co/image/25560e082d8ff78217dd6594d18f827a4049cc63,https://open.spotify.com/track/3Q3myFA7q4Op95DOpHplaY
87,2017-04-29,88,Up,T-Shirt,Migos,865298,https://i.scdn.co/image/ab67616d0000485199a8ab6da9d593939302828a,https://open.spotify.com/track/7KOlJ92bu51cltsD9KU5I7
88,2017-04-29,89,Up,Look At Me!,XXXTENTACION,854975,https://i.scdn.co/image/ab67616d0000485125b5901b8bcf902f54d466d9,https://open.spotify.com/track/4ARPvK8DHLwt4oX65ZAFMw
89,2017-04-29,90,Up,"How Far I'll Go - From ""Moana""",Alessia Cara,853022,https://i.scdn.co/image/ab67616d00004851fb128b1eda22335050f584fe,https://open.spotify.com/track/5hYTyyh2odQKphUbMqc5gN
90,2017-04-29,91,Up,"Sola (Remix) [feat. Daddy Yankee, Wisin, Farruko, Zion & Lennox]",Anuel AA,847479,https://i.scdn.co/image/ab67616d00004851a66def7d649149464edc8f1e,https://open.spotify.com/track/5q2JbCNi4FcnglgPfxcV65
91,2017-04-29,92,Up,Happier,Ed Sheeran,837994,https://i.scdn.co/image/ab67616d00004851ba5db46f4b838ef6027e6f96,https://open.spotify.com/track/2RttW7RAu5nOAfq6YFvApB
92,2017-04-29,93,Up,Starving,Hailee Steinfeld,812008,https://i.scdn.co/image/ab67616d00004851612495ee5769c99125031be2,https://open.spotify.com/track/1qOLh0tI7trd1zdDKxYZTe
93,2017-04-29,94,Up,Don't Wanna Know,Maroon 5,805720,https://i.scdn.co/image/ab67616d00004851eec1912bbc2ff74b8203fe5f,https://open.spotify.com/track/5MFzQMkrl1FOOng9tq6R9r
94,2017-04-29,95,Down,PRIDE.,Kendrick Lamar,799120,https://i.scdn.co/image/ae1f239b41e9604a66eb900834c6887cd2f62ff1,https://open.spotify.com/track/6IZvVAP7VPPnsGX6bvgkqg
95,2017-04-29,96,Up,Swang,Rae Sremmurd,789433,https://i.scdn.co/image/16293ab3b4f9301aeb5f41810fd7056d463db55e,https://open.spotify.com/track/6mapJIPnQ23RTAevUoE0DL
96,2017-04-29,97,Up,Gyalchester,Drake,785329,https://i.scdn.co/image/6dfd956b9331fa9ea1f47ebb95311951ed72b3db,https://open.spotify.com/track/6UjfByV1lDLW0SOVQA4NAi
97,2017-04-29,98,Up,Me Llamas (feat. Maluma) - Remix,Piso 21,782181,https://i.scdn.co/image/ab67616d000048511e1eafb5d2bb1ca39d26f092,https://open.spotify.com/track/5hEM0JchdVzQ5PwvSfITeX
98,2017-04-29,99,Down,Lust for Life (with The Weeknd),Lana Del Rey,779891,https://i.scdn.co/image/ab67616d00004851cc907289ff9b1a11a9aa7aae,https://open.spotify.com/track/5LYQSNHZxEA880URXFHg6h
99,2017-04-29,100,Down,LUST.,Kendrick Lamar,779103,https://i.scdn.co/image/ae1f239b41e9604a66eb900834c6887cd2f62ff1,https://open.spotify.com/track/06FCvd7rrRcF3DdvWH5Isp
100,2017-04-29,101,Down,FEEL.,Kendrick Lamar,772387,https://i.scdn.co/image/ae1f239b41e9604a66eb900834c6887cd2f62ff1,https://open.spotify.com/track/2LTlO3NuNVN70lp2ZbVswF
101,2017-04-29,102,Down,Thunder,Imagine Dragons,759544,https://i.scdn.co/image/ab67616d000048517956bd9a3d7a15e4c2e37cc6,https://open.spotify.com/track/0tKcYR2II1VCQWT79i5NrW
102,2017-04-29,103,Up,Don't Let Me Down,The Chainsmokers,758984,https://i.scdn.co/image/ab67616d0000485108d87fb54859bc9038f7e5e0,https://open.spotify.com/track/0QsvXIfqM0zZoerQfsI9lm
103,2017-04-29,104,Up,"CAN'T STOP THE FEELING! (Original Song from DreamWorks Animation's ""TROLLS"")",Justin Timberlake,752646,https://i.scdn.co/image/ab67616d00004851ef37416970812293c08e8a78,https://open.spotify.com/track/6JV2JOEocMgcZxYSZelKcc
104,2017-04-29,105,Down,1-800-273-8255,Logic,743231,https://i.scdn.co/image/08f9ccb7875a87c07c79c1ccd5319263786c55ea,https://open.spotify.com/track/5tz69p7tJuGPeMGwNTxYuV
105,2017-04-29,106,Up,Drowning (feat. Kodak Black),A Boogie Wit da Hoodie,739290,https://i.scdn.co/image/ab67616d0000485131d8918139b720e4141adeec,https://open.spotify.com/track/6Q2FftbUG530lCtBI74bMH
106,2017-04-29,107,Up,All Time Low,Jon Bellion,735191,https://i.scdn.co/image/ff06a4138a99d272c24d2f6da9b5ea6067c054db,https://open.spotify.com/track/1CnPYaKxTVb4LWOtiGOm0m
107,2017-04-29,108,Up,Me Enamoré,Shakira,734996,https://i.scdn.co/image/ab67616d00004851d05d3aad30c5fb7614893cf5,https://open.spotify.com/track/4qknM1pQz53QOyfDVTjcM9
108,2017-04-29,109,Up,Ciao Adios,Anne-Marie,730947,https://i.scdn.co/image/ab67616d0000485119f06fd0fc43d3ebed4f041d,https://open.spotify.com/track/3EfugazgSddQvzZpkof5I4
109,2017-04-29,110,Up,Redbone,Childish Gambino,710399,https://i.scdn.co/image/ab67616d000048510b97e56ffad7c6211aa848f8,https://open.spotify.com/track/3kxfsdsCpFgN412fpnW85Y
110,2017-04-29,111,Up,Rolex,Ayo & Teo,706684,https://i.scdn.co/image/ab67616d0000485179dbd95fbdf6b0d617bd32dd,https://open.spotify.com/track/0pSBuHjILhNEo55xK1zrRt
111,2017-04-29,112,Up,Vente Pa' Ca,Ricky Martin,701170,https://i.scdn.co/image/ab67616d000048513d90f5938459be40b7b6652a,https://open.spotify.com/track/7DM4BPaS7uofFul3ywMe46
112,2017-04-29,113,Up,Heatstroke,Calvin Harris,697439,https://i.scdn.co/image/ab67616d000048514d3fa5ce7ba599f4fd7803ef,https://open.spotify.com/track/60APt5N2NRaKWf5xzJdzyC
113,2017-04-29,114,Up,In the Name of Love,Martin Garrix,694314,https://i.scdn.co/image/ab67616d00004851923db3f255cd48a6d5783ebf,https://open.spotify.com/track/04DwTuZ2VBdJCCC5TROn7L
114,2017-04-29,115,Up,Cold Water (feat. Justin Bieber & MØ),Major Lazer,690360,https://i.scdn.co/image/ab67616d000048512e8f1cca2bc8c9d55930523b,https://open.spotify.com/track/6DNtNfH8hXkqOX1sjqmI7p
115,2017-04-29,116,Up,I Took A Pill In Ibiza - Seeb Remix,Mike Posner,686050,https://i.scdn.co/image/ab67616d0000485140512e02a594e3378c0256e6,https://open.spotify.com/track/17Fd6Yb7mSbinKG8LoWfFl
116,2017-04-29,117,Up,Everyday,Ariana Grande,678604,https://i.scdn.co/image/ab67616d000048517227f5854239a059af211d5b,https://open.spotify.com/track/3FiE2d325mIOc4YjkSLVJR
117,2017-04-29,118,Up,Side To Side,Ariana Grande,674625,https://i.scdn.co/image/ab67616d000048517227f5854239a059af211d5b,https://open.spotify.com/track/4pLwZjInHj3SimIyN9SnOz
118,2017-04-29,119,Up,Whippin (feat. Felix Snow),Kiiara,672401,https://i.scdn.co/image/ab67616d00004851203e94bd36a9b9c984225d9b,https://open.spotify.com/track/3QWjljChcOMkRDYSzF33Qr
119,2017-04-29,120,Up,Treat You Better,Shawn Mendes,672233,https://i.scdn.co/image/ab67616d00004851188e6332f32088921ab1eaf8,https://open.spotify.com/track/4Hf7WnR761jpxPr5D46Bcd
120,2017-04-29,121,Down,Saturnz Barz (feat. Popcaan),Gorillaz,664785,https://i.scdn.co/image/ab67616d00004851a5952c0e2e649f588603b743,https://open.spotify.com/track/7l9CE3wmEGOUYw1j4ETjnL
121,2017-04-29,122,Up,Obsession (feat. Jon Bellion),Vice,660873,https://i.scdn.co/image/ab67616d00004851db6496aa86b190fb114b9d0c,https://open.spotify.com/track/5pvVAwQbuFoR7LkcicrKnk
122,2017-04-29,123,Up,Safari,J Balvin,655236,https://i.scdn.co/image/ab67616d00004851338ffc4c72a192f06070546b,https://open.spotify.com/track/6rQSrBHf7HlZjtcMZ4S4bO
123,2017-04-29,124,Up,Blem,Drake,634560,https://i.scdn.co/image/6dfd956b9331fa9ea1f47ebb95311951ed72b3db,https://open.spotify.com/track/2XlHu0HcujBCkWMdIAvrqt
124,2017-04-29,125,Up,Heathens,Twenty One Pilots,633603,https://i.scdn.co/image/ab67616d000048512ca3ba8f334ca5a5f0312efb,https://open.spotify.com/track/6i0V12jOa3mr6uu4WYhUBr
125,2017-04-29,126,Up,Dive,Ed Sheeran,632278,https://i.scdn.co/image/ab67616d00004851ba5db46f4b838ef6027e6f96,https://open.spotify.com/track/51ChrwmUPDJvedPQnIU8Ls
126,2017-04-29,127,Up,Break Up Every Night,The Chainsmokers,629376,https://i.scdn.co/image/ab67616d000048510c13d3d5a503c84fcc60ae94,https://open.spotify.com/track/6cPyTS0Kk2sc4xQwC93kOg
127,2017-04-29,128,Down,"Ay Mi Dios (feat. Pitbull, Yandel & Chacal)",IAmChino,626373,https://i.scdn.co/image/ab67616d000048511568fbc07414eb185c58ef62,https://open.spotify.com/track/6stYbAJgTszHAHZMPxWWCY
128,2017-04-29,129,Up,Hey DJ,CNCO,626193,https://i.scdn.co/image/ab67616d000048514358c8856d3acc00ca6c3578,https://open.spotify.com/track/209gZgcfLq2aUuu51vOWBl
129,2017-04-29,130,Up,Skin,Rag'n'Bone Man,625779,https://i.scdn.co/image/ab67616d0000485190a788beadaad34ff684d3ec,https://open.spotify.com/track/6y2Kaz9QI01XBKJ8mTb7Pf
130,2017-04-29,131,Down,FEAR.,Kendrick Lamar,614153,https://i.scdn.co/image/ae1f239b41e9604a66eb900834c6887cd2f62ff1,https://open.spotify.com/track/23luOrEVHMfoX0AhfbQuS6
131,2017-04-29,132,Up,Bad Bitch (feat. Ty Dolla $ign),Bebe Rexha,608947,https://i.scdn.co/image/ab67616d0000485166ae1fd71a3e5779e98e277a,https://open.spotify.com/track/4ZJPwET9Jrgpkqi4Vo3Yg8
132,2017-04-29,133,Up,Alguien Robo,Sebastian Yatra,606904,https://i.scdn.co/image/ab67616d0000485135e1cf8c70c60dc416956c17,https://open.spotify.com/track/5i50gKdLAjjIr7UxRT5IVy
133,2017-04-29,134,Up,Vacaciones,Wisin,606027,https://i.scdn.co/image/ab67616d00004851c85f0d16973e9dae6f8a786c,https://open.spotify.com/track/3dQDid3IUNhZy1OehIfYfE
134,2017-04-29,135,Up,We Don't Talk Anymore,Charlie Puth,605761,https://i.scdn.co/image/ab67616d00004851c0e28105f0533c52717c46c2,https://open.spotify.com/track/68EMU2RD1ECNeOeJ5qAXCV
135,2017-04-29,136,Up,Mercy,Shawn Mendes,605347,https://i.scdn.co/image/ab67616d00004851188e6332f32088921ab1eaf8,https://open.spotify.com/track/4TZy1wLyHec06pwgFYDh1a
136,2017-04-29,137,Up,All Night,The Vamps,605309,https://i.scdn.co/image/ab67616d00004851f03c9779c27137669304ea20,https://open.spotify.com/track/1yNyoWWWikbLhwIGWjZuDW
137,2017-04-29,138,Down,GOD.,Kendrick Lamar,603924,https://i.scdn.co/image/ae1f239b41e9604a66eb900834c6887cd2f62ff1,https://open.spotify.com/track/5p3NP9mQblDsVJLdfNZJ3I
138,2017-04-29,139,Up,Human,Rag'n'Bone Man,603101,https://i.scdn.co/image/ab67616d0000485190a788beadaad34ff684d3ec,https://open.spotify.com/track/58zsLZPvfflaiIbNWoA22O
139,2017-04-29,140,Up,Just Hold On,Steve Aoki,599643,https://i.scdn.co/image/ab67616d0000485122e2ce2de8bad6d67ee69b48,https://open.spotify.com/track/3EmmCZoqpWOTY1g2GBwJoR
140,2017-04-29,141,Up,My Way,Calvin Harris,597630,https://i.scdn.co/image/ab67616d000048518d12bc5e3ea5c9f4a967de32,https://open.spotify.com/track/1vvNmPOiUuyCbgWmtc6yfm
141,2017-04-29,142,Down,Ascension (feat. Vince Staples),Gorillaz,595573,https://i.scdn.co/image/ab67616d00004851a5952c0e2e649f588603b743,https://open.spotify.com/track/2bBMODHVTXGwE2aZYfbgCt
142,2017-04-29,143,Up,At My Best (feat. Hailee Steinfeld),Machine Gun Kelly,595124,https://i.scdn.co/image/d5f976093a4dcbc5ea9d4c04b414207f8bdce469,https://open.spotify.com/track/77lGafvlU68CeHgB2pkHC9
143,2017-04-29,144,Up,Love On The Brain,Rihanna,588328,https://i.scdn.co/image/ddc285ca9817c96c7719b3f2a759e108787db021,https://open.spotify.com/track/2aksifNn5ph8igDOkPBA02
144,2017-04-29,145,Up,Black Beatles,Rae Sremmurd,584740,https://i.scdn.co/image/16293ab3b4f9301aeb5f41810fd7056d463db55e,https://open.spotify.com/track/6fujklziTHa8uoM5OQSfIo
145,2017-04-29,146,Up,Te Quiero Pa´Mi,Don Omar,583732,https://i.scdn.co/image/ab67616d00004851d0cb2a58e3bf5d7ac5ece16f,https://open.spotify.com/track/3BY2mafsbsoKGqS380Xnuz
146,2017-04-29,147,Up,Cheap Thrills,Sia,579050,https://i.scdn.co/image/ab67616d0000485149e0134c686547c28b7c999f,https://open.spotify.com/track/27SdWb2rFzO6GWiYDBTD9j
147,2017-04-29,148,Up,Stressed Out,Twenty One Pilots,576418,https://i.scdn.co/image/ab67616d00004851de03bfc2991fd5bcfde65ba3,https://open.spotify.com/track/3CRDbSIZ4r5MsZ0YwxuEkn
148,2017-04-29,149,Up,Faded,Alan Walker,573744,https://i.scdn.co/image/ab67616d00004851c4d00cac55ae1b4598c9bc90,https://open.spotify.com/track/7gHs73wELdeycvS48JfIos
149,2017-04-29,150,Down,Hard Times,Paramore,571933,https://i.scdn.co/image/ab67616d00004851dbd83e179619408e5d05cc99,https://open.spotify.com/track/0w5Bdu51Ka25Pf3hojsKHh
150,2017-04-29,151,Up,Photograph,Ed Sheeran,570493,https://i.scdn.co/image/ab67616d00004851d08209944468440145f01524,https://open.spotify.com/track/6fxVffaTuwjgEk5h9QyRjy
151,2017-04-29,152,Up,Broccoli (feat. Lil Yachty),DRAM,568827,https://i.scdn.co/image/ab67616d00004851f02a1575a59bd05998826351,https://open.spotify.com/track/7yyRTcZmCiyzzJlNzGC9Ol
152,2017-04-29,153,Up,What Do I Know?,Ed Sheeran,567654,https://i.scdn.co/image/ab67616d00004851ba5db46f4b838ef6027e6f96,https://open.spotify.com/track/2pJZ1v8HezrAoZ0Fhzby92
153,2017-04-29,154,Down,Andromeda (feat. DRAM),Gorillaz,566611,https://i.scdn.co/image/ab67616d00004851a5952c0e2e649f588603b743,https://open.spotify.com/track/2C0KFbb4v9CNWR5c9jWcKC
154,2017-04-29,155,Up,Love Yourself,Justin Bieber,564601,https://i.scdn.co/image/ab67616d00004851b6d9a4fbb0bd49f0f034aead,https://open.spotify.com/track/3hB5DgAiMAQ4DzYbsMq1IT
155,2017-04-29,156,Up,Sorry,Justin Bieber,562359,https://i.scdn.co/image/ab67616d00004851b6d9a4fbb0bd49f0f034aead,https://open.spotify.com/track/69bp2EbF7Q2rqc5N3ylezZ
156,2017-04-29,157,Down,DUCKWORTH.,Kendrick Lamar,561534,https://i.scdn.co/image/ae1f239b41e9604a66eb900834c6887cd2f62ff1,https://open.spotify.com/track/0y9uTzK9cNKSAEHnpeRG8C
157,2017-04-29,158,Up,Traicionera,Sebastian Yatra,560542,https://i.scdn.co/image/ab67616d00004851dbe5e9f934a9be5db8884c52,https://open.spotify.com/track/5J1c3M4EldCfNxXwrwt8mT
158,2017-04-29,159,Up,TG4M,Zara Larsson,556066,https://i.scdn.co/image/ab67616d000048519e1683774b22648f4f178ed3,https://open.spotify.com/track/4uoumbAMEMaKdtiv763jKz
159,2017-04-29,160,Down,BLOOD.,Kendrick Lamar,545295,https://i.scdn.co/image/ae1f239b41e9604a66eb900834c6887cd2f62ff1,https://open.spotify.com/track/1n4jwRVXdkK2U34nBDUKKT
160,2017-04-29,161,Up,Work from Home (feat. Ty Dolla $ign),Fifth Harmony,543741,https://i.scdn.co/image/ab67616d00004851d03fa6f4e758282b7920b5c8,https://open.spotify.com/track/4tCtwWceOPWzenK2HAIJSb
161,2017-04-29,162,Up,Ride,Twenty One Pilots,542850,https://i.scdn.co/image/ab67616d00004851de03bfc2991fd5bcfde65ba3,https://open.spotify.com/track/2Z8WuEywRWYTKe1NybPQEW
162,2017-04-29,163,Up,This Is What You Came For,Calvin Harris,542088,https://i.scdn.co/image/ab67616d00004851d9aa52355e062f5de060adbf,https://open.spotify.com/track/0azC730Exh71aQlOt9Zj3y
163,2017-04-29,164,Up,This Girl (Kungs Vs. Cookin' On 3 Burners) - Kungs Vs. Cookin' On 3 Burners,Kungs,526580,https://i.scdn.co/image/ab67616d00004851f504cc56f3bd99bc61929272,https://open.spotify.com/track/0tICYNayWWhH9GPeFrfjfD
164,2017-04-29,165,Up,Thinking out Loud,Ed Sheeran,525337,https://i.scdn.co/image/ab67616d00004851d08209944468440145f01524,https://open.spotify.com/track/1Slwb6dOYkBlWal1PGtnNg
165,2017-04-29,166,Up,Perfect Strangers,Jonas Blue,523221,https://i.scdn.co/image/ab67616d0000485179882e87678a76bc1d895e94,https://open.spotify.com/track/1CUVN2kn7mW5FjkqXTR2W1
166,2017-04-29,167,Up,Lumbra,Cali Y El Dandee,514652,https://i.scdn.co/image/ab67616d000048511b871ef4de91bd38cac024d1,https://open.spotify.com/track/6VHdcVbiKLYYOcMbIqBcuK
167,2017-04-29,168,New,No Lie,Sean Paul,512151,https://i.scdn.co/image/ab67616d000048514782809e4cd19cefc99048f7,https://open.spotify.com/track/3cFsmM51N5zMAuu1nNY4Tw
168,2017-04-29,169,Up,Scars To Your Beautiful,Alessia Cara,506740,https://i.scdn.co/image/5b9e5bd34ec840f07c8530e43a76b1b5e08d8b77,https://open.spotify.com/track/0prNGof3XqfTvNDxHonvdK
169,2017-04-29,170,Up,New Man,Ed Sheeran,502397,https://i.scdn.co/image/ab67616d00004851ba5db46f4b838ef6027e6f96,https://open.spotify.com/track/5HDPtsnyb3maFmPL8LLUTG
170,2017-04-29,171,New,Dile Que Tu Me Quieres,Ozuna,502370,https://i.scdn.co/image/ab67616d0000485133bbd31551e01896f58d688f,https://open.spotify.com/track/20ZAJdsKB5IGbGj4ilRt2o
171,2017-04-29,172,Up,Panda,Desiigner,502292,https://i.scdn.co/image/ab67616d000048513df69bfb7713d8262820612b,https://open.spotify.com/track/5OOkp4U9P9oL23maHFHL1h
172,2017-04-29,173,Up,Caroline,Aminé,494296,https://i.scdn.co/image/ab67616d00004851a7f01ef25974c10cdbbd566e,https://open.spotify.com/track/5GFDrUTLGJix84sNhjCG0g
173,2017-04-29,174,New,La Bicicleta,Carlos Vives,493424,https://i.scdn.co/image/ab67616d00004851d05d3aad30c5fb7614893cf5,https://open.spotify.com/track/0sXvAOmXgjR2QUqLK1MltU
174,2017-04-29,175,Up,Lights Down Low,MAX,492185,https://i.scdn.co/image/ab67616d00004851cefb1bcf9304bf454bae7f8d,https://open.spotify.com/track/1sYSP7gKa5kdKIfhANfori
175,2017-04-29,176,Up,Shed a Light,Robin Schulz,490525,https://i.scdn.co/image/ab67616d000048517be189f322bc8155c103d6c9,https://open.spotify.com/track/1cG0umU5TKStygKsPFZ9pY
176,2017-04-29,177,Down,Momentz (feat. De La Soul),Gorillaz,490260,https://i.scdn.co/image/ab67616d00004851a5952c0e2e649f588603b743,https://open.spotify.com/track/2RCp9QBnFSxdKe8RD4xF8s
177,2017-04-29,178,Up,Lean On (feat. MØ & DJ Snake),Major Lazer,485016,https://i.scdn.co/image/ab67616d000048519f55dad3a63f72f1bc8d6f59,https://open.spotify.com/track/4WjH9Bzt3kx7z8kl0awxh4
178,2017-04-29,179,Down,Quit (feat. Ariana Grande),Cashmere Cat,484771,https://i.scdn.co/image/ab67616d00004851e53443feca656fafbbbae361,https://open.spotify.com/track/4Q5yMlwAfAoitqg4r9oZHN
179,2017-04-29,180,Up,Bad Things (with Camila Cabello),Machine Gun Kelly,484502,https://i.scdn.co/image/d5f976093a4dcbc5ea9d4c04b414207f8bdce469,https://open.spotify.com/track/1PSBzsahR2AKwLJgx8ehBj
180,2017-04-29,181,Up,Get Right Witcha,Migos,481692,https://i.scdn.co/image/ab67616d0000485199a8ab6da9d593939302828a,https://open.spotify.com/track/76Y0gxtTxN0FyDCYh5qYQj
181,2017-04-29,182,New,Si Tú La Ves (feat. Wisin),Nicky Jam,481410,https://i.scdn.co/image/ab67616d00004851d77dbcd4dbd37cdfa61771fa,https://open.spotify.com/track/4yN6xPLopmTLvc27pO9LIE
182,2017-04-29,183,Up,"Sucker For Pain (with Wiz Khalifa, Imagine Dragons, Logic & Ty Dolla $ign feat. X Ambassadors)",Lil Wayne,479826,https://i.scdn.co/image/ab67616d000048517d8dfcfd507069d7f2062caf,https://open.spotify.com/track/4dASQiO1Eoo3RJvt74FtXB
183,2017-04-29,184,Down,Strobelite (feat. Peven Everett),Gorillaz,479567,https://i.scdn.co/image/ab67616d00004851a5952c0e2e649f588603b743,https://open.spotify.com/track/6XGddj522FQRHXEhBtjiJu
184,2017-04-29,185,Down,Submission (feat. Danny Brown & Kelela),Gorillaz,475503,https://i.scdn.co/image/ab67616d00004851a5952c0e2e649f588603b743,https://open.spotify.com/track/2W4yTO3qHdqyvbz2UxfIPh
185,2017-04-29,186,New,Cake By The Ocean,DNCE,473637,https://i.scdn.co/image/ab67616d00004851a19a2912e1618ada66b2e6e8,https://open.spotify.com/track/2aFiaMXmWsM3Vj72F9ksBl
186,2017-04-29,187,Down,Moves,Big Sean,468284,https://i.scdn.co/image/695d0c097d8463ccc2c2b9855fe44e3e9e7bc267,https://open.spotify.com/track/0Fv5N0cHBsl4bzCbollCAS
187,2017-04-29,188,Down,History,Olivia Holt,467611,https://i.scdn.co/image/ab67616d000048519e21eab426152ef9078d6b94,https://open.spotify.com/track/0WCEaydwN65cvwaW8aqptF
188,2017-04-29,189,New,Alone,Alan Walker,466638,https://i.scdn.co/image/ab67616d00004851f00ade2f88d8223521bc7f76,https://open.spotify.com/track/0JiVRyTJcJnmlwCZ854K4p
189,2017-04-29,190,Up,I Got You,Bebe Rexha,464161,https://i.scdn.co/image/ab67616d00004851809adcbcfe88c94fd2a706c1,https://open.spotify.com/track/1FUViuNSldssMIawrOXF2i
190,2017-04-29,191,Up,Barcelona,Ed Sheeran,462149,https://i.scdn.co/image/ab67616d00004851ba5db46f4b838ef6027e6f96,https://open.spotify.com/track/3Lfiu5sZ4M4B6JaKMBc0FU
191,2017-04-29,192,Up,Free Smoke,Drake,458817,https://i.scdn.co/image/6dfd956b9331fa9ea1f47ebb95311951ed72b3db,https://open.spotify.com/track/05KOgYg8PGeJyyWBPi5ja8
192,2017-04-29,193,Down,Don't Leave,Snakehips,456631,https://i.scdn.co/image/ab67616d00004851b72a28b6f92b180a8a423e29,https://open.spotify.com/track/0Zx8khUcEfCFK2AEoIhC92
193,2017-04-29,194,New,7 Years,Lukas Graham,456408,https://i.scdn.co/image/ab67616d0000485104d59cefa11f0eee9f1877a5,https://open.spotify.com/track/7129iqBafaphfc3WPCGC0L
194,2017-04-29,195,Up,Get It Together,Drake,455817,https://i.scdn.co/image/6dfd956b9331fa9ea1f47ebb95311951ed72b3db,https://open.spotify.com/track/7y6c07pgjZvtHI9kuMVqk1
195,2017-04-29,196,Down,Teenage Fever,Drake,454623,https://i.scdn.co/image/6dfd956b9331fa9ea1f47ebb95311951ed72b3db,https://open.spotify.com/track/6n3HGiq4v35D6eFOSwqYuo
196,2017-04-29,197,New,Versace on the Floor,Bruno Mars,454179,https://i.scdn.co/image/ab67616d00004851232711f7d66a1e19e89e28c5,https://open.spotify.com/track/0kN8xEmgMW9mh7UmDYHlJP
197,2017-04-29,198,Down,Let Me Out (feat. Mavis Staples & Pusha T),Gorillaz,453593,https://i.scdn.co/image/ab67616d00004851a5952c0e2e649f588603b743,https://open.spotify.com/track/44PelqgstAM0lb8rHPKfHq
198,2017-04-29,199,New,Light It Up (feat. Nyla & Fuse ODG) - Remix,Major Lazer,452882,https://i.scdn.co/image/ab67616d00004851751a2e5da4333e86814026ba,https://open.spotify.com/track/0L7loeTIg6akW84aEQZpCT
199,2017-04-29,200,New,Gyal You A Party Animal - Remix,Charly Black,452613,https://i.scdn.co/image/ab67616d0000485131a026a9d39e08006ddfb138,https://open.spotify.com/track/1AkTW13ysu0AJrwuM6UY0I
