,Date,Position,Trend,Title,Artist,Streams,Icon_URL,Spotify_URL
0,2017-02-27,1,Flat,Shape of You,Ed Sheeran,6873096,https://i.scdn.co/image/ab67616d00004851ba5db46f4b838ef6027e6f96,https://open.spotify.com/track/7qiZfU4dY1lWllzX7mPBI3
1,2017-02-27,2,Flat,Something Just Like This,The Chainsmokers,4374275,https://i.scdn.co/image/ab67616d000048510c13d3d5a503c84fcc60ae94,https://open.spotify.com/track/6RUKPb4LETWmmr3iAEQktW
2,2017-02-27,3,Flat,It Ain't Me (with Selena Gomez),Kygo,4237313,https://i.scdn.co/image/ab67616d0000485141f289940f2e6a0d51988d77,https://open.spotify.com/track/3eR23VReFzcdmS7TYCrhCe
3,2017-02-27,4,Flat,"I Don’t Wanna Live Forever (Fifty Shades Darker) - From ""Fifty Shades Darker (Original Motion Picture Soundtrack)""",ZAYN,3760395,https://i.scdn.co/image/ab67616d000048512ae921f082ae5db4d3da818f,https://open.spotify.com/track/3NdDpSvN911VPGivFlV5d0
4,2017-02-27,5,Flat,Paris,The Chainsmokers,3505878,https://i.scdn.co/image/ab67616d000048510c13d3d5a503c84fcc60ae94,https://open.spotify.com/track/72jbDTw1piOOj770jWNeaG
5,2017-02-27,6,Flat,Despacito (Featuring Daddy Yankee),Luis Fonsi,3344986,https://i.scdn.co/image/ab67616d00004851a5971936e3b8d91f8b616b17,https://open.spotify.com/track/4aWmUDTfIPGksMNLV2rQP2
6,2017-02-27,7,Flat,Scared to Be Lonely,Martin Garrix,3021541,https://i.scdn.co/image/ab67616d0000485164f8a309aa3c0a66a31fc374,https://open.spotify.com/track/3ebXMykcMXOcLeJ9xZ17XH
7,2017-02-27,8,Flat,Chained To The Rhythm,Katy Perry,2855689,https://i.scdn.co/image/ab67616d000048511487979a7e0181a5d0406d1a,https://open.spotify.com/track/6520aj0B4FSKGVuKNsOCOi
8,2017-02-27,9,Up,Issues,Julia Michaels,2506574,https://i.scdn.co/image/ab67616d000048519615e35e0e9e4b2c3dccb520,https://open.spotify.com/track/1sXUWdKx03aP9Gmzft58rt
9,2017-02-27,10,Down,Rockabye (feat. Sean Paul & Anne-Marie),Clean Bandit,2478290,https://i.scdn.co/image/ab67616d000048511431c3bdf16aa99f71799d95,https://open.spotify.com/track/5knuzwU65gJK7IF5yJsuaW
10,2017-02-27,11,Down,Castle on the Hill,Ed Sheeran,2452346,https://i.scdn.co/image/ab67616d00004851ba5db46f4b838ef6027e6f96,https://open.spotify.com/track/6PCUP3dWmTjcTtXY02oFdT
11,2017-02-27,12,Flat,I Feel It Coming,The Weeknd,2280274,https://i.scdn.co/image/b3683184efeb899b2d1a02f4957d0c630dc10b0b,https://open.spotify.com/track/5GXAXm5YOmYT0kL5jHvYBt
12,2017-02-27,13,Flat,Say You Won't Let Go,James Arthur,2220295,https://i.scdn.co/image/ab67616d0000485120beb61f61fcbeb33b10a9ab,https://open.spotify.com/track/5uCax9HTNlzGybIStD3vDh
13,2017-02-27,14,Flat,Closer,The Chainsmokers,2173827,https://i.scdn.co/image/ab67616d00004851495ce6da9aeb159e94eaa453,https://open.spotify.com/track/7BKLCZ1jbUBVqRi2FVlTVw
14,2017-02-27,15,Up,That's What I Like,Bruno Mars,2086000,https://i.scdn.co/image/ab67616d00004851232711f7d66a1e19e89e28c5,https://open.spotify.com/track/0KKkJNfGyhkQ5aFogxQAPU
15,2017-02-27,16,Flat,Call On Me - Ryan Riback Extended Remix,Starley,2067571,https://i.scdn.co/image/ab67616d000048519d4079afc73664f86f055400,https://open.spotify.com/track/78rIJddV4X0HkNAInEcYde
16,2017-02-27,17,Up,Slide,Calvin Harris,2058290,https://i.scdn.co/image/ab67616d000048514d3fa5ce7ba599f4fd7803ef,https://open.spotify.com/track/7tr2za8SQg2CI8EDgrdtNl
17,2017-02-27,18,Down,Starboy,The Weeknd,2052624,https://i.scdn.co/image/ab67616d000048510c8599cbde51245c128bcea9,https://open.spotify.com/track/5aAx2yezTd8zXrkmtKl66Z
18,2017-02-27,19,Flat,Believer,Imagine Dragons,2024142,https://i.scdn.co/image/ab67616d000048517956bd9a3d7a15e4c2e37cc6,https://open.spotify.com/track/0CcQNd8CINkwQfe1RDtGV6
19,2017-02-27,20,Up,Cold,Maroon 5,1922158,https://i.scdn.co/image/ab67616d000048514727f9e79c338683c5bf8921,https://open.spotify.com/track/5NNlUMcOEOdoOIwwaWXv0k
20,2017-02-27,21,Down,Bad and Boujee (feat. Lil Uzi Vert),Migos,1908569,https://i.scdn.co/image/ab67616d0000485199a8ab6da9d593939302828a,https://open.spotify.com/track/4Km5HrUvYTaSUfiSGPJeQR
21,2017-02-27,22,Up,Stay (with Alessia Cara),Zedd,1851257,https://i.scdn.co/image/ab67616d0000485191a70f95efc3400f696e89cc,https://open.spotify.com/track/0dA2Mk56wEzDgegdC6R17g
22,2017-02-27,23,Up,"How Far I'll Go - From ""Moana""",Alessia Cara,1848007,https://i.scdn.co/image/ab67616d00004851fb128b1eda22335050f584fe,https://open.spotify.com/track/5hYTyyh2odQKphUbMqc5gN
23,2017-02-27,24,Down,Run Up (feat. PARTYNEXTDOOR & Nicki Minaj),Major Lazer,1817721,https://i.scdn.co/image/ab67616d000048518036d7402a6a76aed04f1f98,https://open.spotify.com/track/0fg8CqpjdojMyXLNzM2PaJ
24,2017-02-27,25,Down,Chantaje (feat. Maluma),Shakira,1732696,https://i.scdn.co/image/ab67616d00004851d05d3aad30c5fb7614893cf5,https://open.spotify.com/track/6mICuAdrwEjh6Y6lroV2Kg
25,2017-02-27,26,Down,iSpy (feat. Lil Yachty),KYLE,1732573,https://i.scdn.co/image/ab67616d0000485132e373f2988bc6596a542d1c,https://open.spotify.com/track/2EEeOnHehOozLq4aS0n6SL
26,2017-02-27,27,Down,Just Hold On,Steve Aoki,1640414,https://i.scdn.co/image/ab67616d0000485122e2ce2de8bad6d67ee69b48,https://open.spotify.com/track/3EmmCZoqpWOTY1g2GBwJoR
27,2017-02-27,28,Down,Bad Things (with Camila Cabello),Machine Gun Kelly,1599581,https://i.scdn.co/image/d5f976093a4dcbc5ea9d4c04b414207f8bdce469,https://open.spotify.com/track/1PSBzsahR2AKwLJgx8ehBj
28,2017-02-27,29,Up,Solo Dance,Martin Jensen,1575345,https://i.scdn.co/image/ab67616d00004851950d67dbe3f31f1d9a5d06a2,https://open.spotify.com/track/6HUnnBwYZqcED1eQztxMBN
29,2017-02-27,30,Down,Weak,AJR,1575246,https://i.scdn.co/image/ab67616d00004851c5f3ca405ff6ed13dc554b94,https://open.spotify.com/track/3E2Zh20GDCR9B1EYjfXWyv
30,2017-02-27,31,Up,All Time Low,Jon Bellion,1511190,https://i.scdn.co/image/ff06a4138a99d272c24d2f6da9b5ea6067c054db,https://open.spotify.com/track/1CnPYaKxTVb4LWOtiGOm0m
31,2017-02-27,32,Up,All Night,The Vamps,1496293,https://i.scdn.co/image/ab67616d00004851f03c9779c27137669304ea20,https://open.spotify.com/track/1yNyoWWWikbLhwIGWjZuDW
32,2017-02-27,33,Down,Let Me Love You,DJ Snake,1490013,https://i.scdn.co/image/ab67616d000048515045de6786e0af096de73ed4,https://open.spotify.com/track/4pdPtRcBmOSQDlJ3Fk945m
33,2017-02-27,34,Flat,Bounce Back,Big Sean,1467136,https://i.scdn.co/image/695d0c097d8463ccc2c2b9855fe44e3e9e7bc267,https://open.spotify.com/track/0SGkqnVQo9KPytSri1H6cF
34,2017-02-27,35,Down,Fake Love,Drake,1455892,https://i.scdn.co/image/6dfd956b9331fa9ea1f47ebb95311951ed72b3db,https://open.spotify.com/track/343YBumqHu19cGoGARUTsd
35,2017-02-27,36,Flat,Don't Wanna Know,Maroon 5,1455302,https://i.scdn.co/image/ab67616d00004851eec1912bbc2ff74b8203fe5f,https://open.spotify.com/track/5MFzQMkrl1FOOng9tq6R9r
36,2017-02-27,37,Up,El Amante,Nicky Jam,1413426,https://i.scdn.co/image/ab67616d00004851d77dbcd4dbd37cdfa61771fa,https://open.spotify.com/track/3umS4y3uQDkqekNjVpiRUs
37,2017-02-27,38,Down,24K Magic,Bruno Mars,1413287,https://i.scdn.co/image/ab67616d00004851232711f7d66a1e19e89e28c5,https://open.spotify.com/track/6b8Be6ljOzmkOmFslEb23P
38,2017-02-27,39,Up,Congratulations,Post Malone,1353129,https://i.scdn.co/image/23bae95100dcb6ac8f88c19fa2a11c50a998a926,https://open.spotify.com/track/3a1lNhkSLSkpJE4MSHpDu9
39,2017-02-27,40,Down,One Dance,Drake,1292398,https://i.scdn.co/image/ab67616d00004851726abca207567d5e41cb9667,https://open.spotify.com/track/1xznGGDReH1oQq0xzbwXa3
40,2017-02-27,41,Down,Reggaetón Lento (Bailemos),CNCO,1274457,https://i.scdn.co/image/ab67616d000048517db0f7ac4c612cce26ccacf9,https://open.spotify.com/track/3AEZUABDXNtecAOSC1qTfo
41,2017-02-27,42,Flat,Shed a Light,Robin Schulz,1270514,https://i.scdn.co/image/ab67616d000048517be189f322bc8155c103d6c9,https://open.spotify.com/track/1cG0umU5TKStygKsPFZ9pY
42,2017-02-27,43,Flat,Don't Leave,Snakehips,1262959,https://i.scdn.co/image/ab67616d00004851b72a28b6f92b180a8a423e29,https://open.spotify.com/track/0Zx8khUcEfCFK2AEoIhC92
43,2017-02-27,44,Up,You Don't Know Me - Radio Edit,Jax Jones,1213931,https://i.scdn.co/image/ab67616d00004851dd05a1716e2f07a07b8ccfe3,https://open.spotify.com/track/00lNx0OcTJrS3MKHcB80HY
44,2017-02-27,45,Flat,Hear Me Now,Alok,1168135,https://i.scdn.co/image/e308bad29e4cf6dc8aa5cd97449ef71bbb893d40,https://open.spotify.com/track/1a5Yu5L18qNxVhXx38njON
45,2017-02-27,46,Down,Cold Water (feat. Justin Bieber & MØ),Major Lazer,1149275,https://i.scdn.co/image/ab67616d000048512e8f1cca2bc8c9d55930523b,https://open.spotify.com/track/6DNtNfH8hXkqOX1sjqmI7p
46,2017-02-27,47,Down,In the Name of Love,Martin Garrix,1128852,https://i.scdn.co/image/ab67616d00004851923db3f255cd48a6d5783ebf,https://open.spotify.com/track/04DwTuZ2VBdJCCC5TROn7L
47,2017-02-27,48,Down,Now and Later,Sage The Gemini,1110357,https://i.scdn.co/image/ab67616d0000485182d22e1d83fc1045ad33444a,https://open.spotify.com/track/43jBqV3j3Xi1g6wO0bhIMd
48,2017-02-27,49,Up,Tunnel Vision,Kodak Black,1073352,https://i.scdn.co/image/ab67616d000048511541a676423805fc68ff3e66,https://open.spotify.com/track/4Q3N4Ct4zCuIHuZ65E3BD4
49,2017-02-27,50,Down,Side To Side,Ariana Grande,1068054,https://i.scdn.co/image/ab67616d000048517227f5854239a059af211d5b,https://open.spotify.com/track/4pLwZjInHj3SimIyN9SnOz
50,2017-02-27,51,Down,Love,Lana Del Rey,1041936,https://i.scdn.co/image/ab67616d000048519d0210162981930e44092e52,https://open.spotify.com/track/0n2bvWvMwr0gbjcuTm92eW
51,2017-02-27,52,Down,T-Shirt,Migos,992999,https://i.scdn.co/image/ab67616d0000485199a8ab6da9d593939302828a,https://open.spotify.com/track/7KOlJ92bu51cltsD9KU5I7
52,2017-02-27,53,Flat,How Would You Feel (Paean),Ed Sheeran,959683,https://i.scdn.co/image/ab67616d00004851ba5db46f4b838ef6027e6f96,https://open.spotify.com/track/6PJ8FF6UR8FZXfEvpHkIVN
53,2017-02-27,54,Up,Starving,Hailee Steinfeld,939773,https://i.scdn.co/image/ab67616d00004851612495ee5769c99125031be2,https://open.spotify.com/track/1qOLh0tI7trd1zdDKxYZTe
54,2017-02-27,55,Up,Mask Off,Future,939494,https://i.scdn.co/image/ab67616d00004851356884f85665ebdd79223fdf,https://open.spotify.com/track/3rOSwuTsUlJp0Pu0MkN8r8
55,2017-02-27,56,Flat,I Got You,Bebe Rexha,931489,https://i.scdn.co/image/ab67616d00004851809adcbcfe88c94fd2a706c1,https://open.spotify.com/track/1FUViuNSldssMIawrOXF2i
56,2017-02-27,57,Up,SUBEME LA RADIO,Enrique Iglesias,929182,https://i.scdn.co/image/ab67616d000048515366ff028970205a29d558ed,https://open.spotify.com/track/7nKBxz47S9SD79N086fuhn
57,2017-02-27,58,Down,Otra vez (feat. J Balvin),Zion & Lennox,922684,https://i.scdn.co/image/ab67616d0000485182eabf564ddc57325a84dd50,https://open.spotify.com/track/3QwBODjSEzelZyVjxPOHdq
58,2017-02-27,59,Down,Sunset Lover,Petit Biscuit,918155,https://i.scdn.co/image/ab67616d00004851014080d39d56c94c0b285362,https://open.spotify.com/track/0hNduWmlWmEmuwEFcYvRu1
59,2017-02-27,60,Flat,My Way,Calvin Harris,916423,https://i.scdn.co/image/ab67616d000048518d12bc5e3ea5c9f4a967de32,https://open.spotify.com/track/1vvNmPOiUuyCbgWmtc6yfm
60,2017-02-27,61,Down,I Would Like,Zara Larsson,905541,https://i.scdn.co/image/ab67616d000048519e1683774b22648f4f178ed3,https://open.spotify.com/track/4Q4jmPHwu0wrJvqrld0FQ6
61,2017-02-27,62,Down,Black Beatles,Rae Sremmurd,891351,https://i.scdn.co/image/16293ab3b4f9301aeb5f41810fd7056d463db55e,https://open.spotify.com/track/6fujklziTHa8uoM5OQSfIo
62,2017-02-27,63,Up,Body Like A Back Road,Sam Hunt,881300,https://i.scdn.co/image/ab67616d000048519eccbdab1110afc4d5a186a8,https://open.spotify.com/track/7mldq42yDuxiUNn08nvzHO
63,2017-02-27,64,Up,"CAN'T STOP THE FEELING! (Original Song from DreamWorks Animation's ""TROLLS"")",Justin Timberlake,874571,https://i.scdn.co/image/ab67616d00004851ef37416970812293c08e8a78,https://open.spotify.com/track/6JV2JOEocMgcZxYSZelKcc
64,2017-02-27,65,Down,Water Under the Bridge,Adele,874447,https://i.scdn.co/image/ab67616d000048514c3bbcff5e7248e415548f12,https://open.spotify.com/track/4vb4mFvYsr2h6enhjJsq9Y
65,2017-02-27,66,Up,Comin Out Strong (feat. The Weeknd),Future,856034,https://i.scdn.co/image/ab67616d00004851968822b495da180d0792a437,https://open.spotify.com/track/3mRcWCyteY2133a7xVMrYw
66,2017-02-27,67,Down,Safari,J Balvin,833028,https://i.scdn.co/image/ab67616d00004851338ffc4c72a192f06070546b,https://open.spotify.com/track/6rQSrBHf7HlZjtcMZ4S4bO
67,2017-02-27,68,Down,Human,Rag'n'Bone Man,826131,https://i.scdn.co/image/ab67616d0000485190a788beadaad34ff684d3ec,https://open.spotify.com/track/58zsLZPvfflaiIbNWoA22O
68,2017-02-27,69,Down,Alone,Alan Walker,823810,https://i.scdn.co/image/ab67616d00004851f00ade2f88d8223521bc7f76,https://open.spotify.com/track/0JiVRyTJcJnmlwCZ854K4p
69,2017-02-27,70,Up,It's Gotta Be You,Isaiah,812838,https://i.scdn.co/image/ab67616d00004851d43b5e86edff2089b91357e6,https://open.spotify.com/track/6cAKeFFYW2aClZSUyvqAEW
70,2017-02-27,71,Flat,Swang,Rae Sremmurd,805174,https://i.scdn.co/image/16293ab3b4f9301aeb5f41810fd7056d463db55e,https://open.spotify.com/track/6mapJIPnQ23RTAevUoE0DL
71,2017-02-27,72,Up,Selfish (feat. Rihanna),Future,800857,https://i.scdn.co/image/ab67616d00004851968822b495da180d0792a437,https://open.spotify.com/track/2Ce5IyMlVRVvN997ZJjJJA
72,2017-02-27,73,Up,September Song,JP Cooper,788738,https://i.scdn.co/image/ab67616d000048511400ec742ee0935608e30700,https://open.spotify.com/track/0FuTx2s3YH1ppmtiM6l0zI
73,2017-02-27,74,Up,"City Of Stars - From ""La La Land"" Soundtrack",Ryan Gosling,779162,https://i.scdn.co/image/ab67616d00004851c52819227025b9097fd0bf8f,https://open.spotify.com/track/0LtVx5vsq9nfpGsWgjUin6
74,2017-02-27,75,Flat,Mercy,Shawn Mendes,774960,https://i.scdn.co/image/ab67616d00004851188e6332f32088921ab1eaf8,https://open.spotify.com/track/4TZy1wLyHec06pwgFYDh1a
75,2017-02-27,76,Up,History,Olivia Holt,773024,https://i.scdn.co/image/ab67616d000048519e21eab426152ef9078d6b94,https://open.spotify.com/track/0WCEaydwN65cvwaW8aqptF
76,2017-02-27,77,Down,Heathens,Twenty One Pilots,771047,https://i.scdn.co/image/ab67616d000048512ca3ba8f334ca5a5f0312efb,https://open.spotify.com/track/6i0V12jOa3mr6uu4WYhUBr
77,2017-02-27,78,Flat,Photograph,Ed Sheeran,770875,https://i.scdn.co/image/ab67616d00004851d08209944468440145f01524,https://open.spotify.com/track/6fxVffaTuwjgEk5h9QyRjy
78,2017-02-27,79,Down,Treat You Better,Shawn Mendes,766353,https://i.scdn.co/image/ab67616d00004851188e6332f32088921ab1eaf8,https://open.spotify.com/track/4Hf7WnR761jpxPr5D46Bcd
79,2017-02-27,80,Down,Touch,Little Mix,764307,https://i.scdn.co/image/ab67616d000048512318bbb0586903290db2b270,https://open.spotify.com/track/5Ua3GXyHwiSfpNTMjq6m2z
80,2017-02-27,81,Down,Don't Let Me Down,The Chainsmokers,762379,https://i.scdn.co/image/ab67616d0000485108d87fb54859bc9038f7e5e0,https://open.spotify.com/track/0QsvXIfqM0zZoerQfsI9lm
81,2017-02-27,82,Down,Scars To Your Beautiful,Alessia Cara,741134,https://i.scdn.co/image/5b9e5bd34ec840f07c8530e43a76b1b5e08d8b77,https://open.spotify.com/track/0prNGof3XqfTvNDxHonvdK
82,2017-02-27,83,Up,All We Know,The Chainsmokers,740146,https://i.scdn.co/image/ab67616d00004851ff8d8c5662a96d41433e9ee1,https://open.spotify.com/track/2rizacJSyD9S1IQUxUxnsK
83,2017-02-27,84,Down,Caroline,Aminé,735322,https://i.scdn.co/image/ab67616d00004851a7f01ef25974c10cdbbd566e,https://open.spotify.com/track/5GFDrUTLGJix84sNhjCG0g
84,2017-02-27,85,Flat,Party Monster,The Weeknd,730168,https://i.scdn.co/image/6aeaaebcbd861c8369b14366e8e0eca2fe96055d,https://open.spotify.com/track/4F7A0DXBrmUAkp32uenhZt
85,2017-02-27,86,Down,Vente Pa' Ca,Ricky Martin,728665,https://i.scdn.co/image/ab67616d000048513d90f5938459be40b7b6652a,https://open.spotify.com/track/7DM4BPaS7uofFul3ywMe46
86,2017-02-27,87,Up,La Rompe Corazones,Daddy Yankee,707380,https://i.scdn.co/image/ab67616d00004851b84a36483e43bfbcb931fcde,https://open.spotify.com/track/4okba5wu9mMLXx79DXLKi3
87,2017-02-27,88,Up,Me Llamas (feat. Maluma) - Remix,Piso 21,698111,https://i.scdn.co/image/ab67616d000048511e1eafb5d2bb1ca39d26f092,https://open.spotify.com/track/5hEM0JchdVzQ5PwvSfITeX
88,2017-02-27,89,Down,Thinking out Loud,Ed Sheeran,697026,https://i.scdn.co/image/ab67616d00004851d08209944468440145f01524,https://open.spotify.com/track/1Slwb6dOYkBlWal1PGtnNg
89,2017-02-27,90,Down,Vacaciones,Wisin,690008,https://i.scdn.co/image/ab67616d00004851c85f0d16973e9dae6f8a786c,https://open.spotify.com/track/3dQDid3IUNhZy1OehIfYfE
90,2017-02-27,91,Down,"Ay Mi Dios (feat. Pitbull, Yandel & Chacal)",IAmChino,689999,https://i.scdn.co/image/ab67616d000048511568fbc07414eb185c58ef62,https://open.spotify.com/track/6stYbAJgTszHAHZMPxWWCY
91,2017-02-27,92,Up,"Sola (Remix) [feat. Daddy Yankee, Wisin, Farruko, Zion & Lennox]",Anuel AA,671425,https://i.scdn.co/image/ab67616d00004851a66def7d649149464edc8f1e,https://open.spotify.com/track/5q2JbCNi4FcnglgPfxcV65
92,2017-02-27,93,Up,Moves,Big Sean,666749,https://i.scdn.co/image/695d0c097d8463ccc2c2b9855fe44e3e9e7bc267,https://open.spotify.com/track/0Fv5N0cHBsl4bzCbollCAS
93,2017-02-27,94,Up,By Your Side,Jonas Blue,663035,https://i.scdn.co/image/ab67616d00004851bd4b658f3aead04637924c28,https://open.spotify.com/track/1D3ODoXHBLpdxolZRHWV1j
94,2017-02-27,95,Down,Make Me (Cry),Noah Cyrus,661425,https://i.scdn.co/image/ab67616d00004851bf2ec8b87525fbd01fb0111f,https://open.spotify.com/track/2BrzlUj1u1CtvaJDGIKpsP
95,2017-02-27,96,Up,Love Me Now,John Legend,659341,https://i.scdn.co/image/ab67616d00004851fa2ba77d93b08258827bd2d2,https://open.spotify.com/track/6nxQdXa1uAL0rY72wPZu89
96,2017-02-27,97,Up,Skin,Rag'n'Bone Man,653150,https://i.scdn.co/image/ab67616d0000485190a788beadaad34ff684d3ec,https://open.spotify.com/track/6y2Kaz9QI01XBKJ8mTb7Pf
97,2017-02-27,98,Up,Redbone,Childish Gambino,650415,https://i.scdn.co/image/ab67616d000048510b97e56ffad7c6211aa848f8,https://open.spotify.com/track/3kxfsdsCpFgN412fpnW85Y
98,2017-02-27,99,Down,I Took A Pill In Ibiza - Seeb Remix,Mike Posner,649695,https://i.scdn.co/image/ab67616d0000485140512e02a594e3378c0256e6,https://open.spotify.com/track/17Fd6Yb7mSbinKG8LoWfFl
99,2017-02-27,100,Down,We Don't Talk Anymore,Charlie Puth,649426,https://i.scdn.co/image/ab67616d00004851c0e28105f0533c52717c46c2,https://open.spotify.com/track/68EMU2RD1ECNeOeJ5qAXCV
100,2017-02-27,101,Down,Broccoli (feat. Lil Yachty),DRAM,647989,https://i.scdn.co/image/ab67616d00004851f02a1575a59bd05998826351,https://open.spotify.com/track/7yyRTcZmCiyzzJlNzGC9Ol
101,2017-02-27,102,Down,Versace on the Floor,Bruno Mars,639855,https://i.scdn.co/image/ab67616d00004851232711f7d66a1e19e89e28c5,https://open.spotify.com/track/0kN8xEmgMW9mh7UmDYHlJP
102,2017-02-27,103,Up,Romantic - NOTD Remix,Stanaj,639812,https://i.scdn.co/image/ab67616d000048517861e14b4da5cfac6fb0c65b,https://open.spotify.com/track/3SGWp9fJCzgK0WcpcKSQdy
103,2017-02-27,104,Flat,The Other,Lauv,638079,https://i.scdn.co/image/ab67616d000048513c6e07056b26bb9804a596da,https://open.spotify.com/track/1lntL1cI2UIWlxjL5QiN8g
104,2017-02-27,105,Up,No Lie,Sean Paul,623233,https://i.scdn.co/image/ab67616d000048514782809e4cd19cefc99048f7,https://open.spotify.com/track/3cFsmM51N5zMAuu1nNY4Tw
105,2017-02-27,106,Down,Cake - Challenge Version,Flo Rida,621597,https://i.scdn.co/image/ab67616d00004851b765afdf5f6a2bc83eb5f378,https://open.spotify.com/track/6t2ubAB4iSYOuIpRAOGd4t
106,2017-02-27,107,Down,Stressed Out,Twenty One Pilots,616956,https://i.scdn.co/image/ab67616d00004851de03bfc2991fd5bcfde65ba3,https://open.spotify.com/track/3CRDbSIZ4r5MsZ0YwxuEkn
107,2017-02-27,108,Up,Oceans Away,A R I Z O N A,614691,https://i.scdn.co/image/ab67616d0000485150a25f1cb71018982b81ca2b,https://open.spotify.com/track/6A8dnC0xkiuWN4BshmTB2I
108,2017-02-27,109,Up,Me Rehúso,Danny Ocean,614422,https://i.scdn.co/image/ab67616d00004851a75bd33684083600569dd3bf,https://open.spotify.com/track/6De0lHrwBfPfrhorm9q1Xl
109,2017-02-27,110,Down,Ride,Twenty One Pilots,614241,https://i.scdn.co/image/ab67616d00004851de03bfc2991fd5bcfde65ba3,https://open.spotify.com/track/2Z8WuEywRWYTKe1NybPQEW
110,2017-02-27,111,Down,Sooner Or Later,Aaron Carter,612721,https://i.scdn.co/image/ab67616d000048511f7d1e684ec89fe11a4fdc37,https://open.spotify.com/track/6wV12xIUb8oFY7lBy4KuQe
111,2017-02-27,112,Down,goosebumps,Travis Scott,611096,https://i.scdn.co/image/ab67616d00004851f54b99bf27cda88f4a7403ce,https://open.spotify.com/track/6gBFPUFcJLzWGx4lenP6h2
112,2017-02-27,113,Down,Some Kind Of Drug,G-Eazy,601958,https://i.scdn.co/image/ab67616d0000485198acfa8c055deedc25e6081d,https://open.spotify.com/track/1Bqxj0aH5KewYHKUg1IdrF
113,2017-02-27,114,Down,Perfect Strangers,Jonas Blue,595314,https://i.scdn.co/image/ab67616d0000485179882e87678a76bc1d895e94,https://open.spotify.com/track/1CUVN2kn7mW5FjkqXTR2W1
114,2017-02-27,115,Down,Faded,Alan Walker,587236,https://i.scdn.co/image/ab67616d00004851c4d00cac55ae1b4598c9bc90,https://open.spotify.com/track/7gHs73wELdeycvS48JfIos
115,2017-02-27,116,Up,Be the One,Dua Lipa,586916,https://i.scdn.co/image/ab67616d000048516b915e407b70e121e06fe979,https://open.spotify.com/track/7FCfMXYTIiQ9b4hDYs4Iol
116,2017-02-27,117,Down,No Problem (feat. Lil Wayne & 2 Chainz),Chance the Rapper,585895,https://i.scdn.co/image/ab67616d00004851e71dd15fc5bdefd5bff70452,https://open.spotify.com/track/0v9Wz8o0BT8DU38R4ddjeH
117,2017-02-27,118,Up,The Greatest,Sia,579268,https://i.scdn.co/image/ab67616d00004851754b2fddebe7039fdb912837,https://open.spotify.com/track/7xHWNBFm6ObGEQPaUxHuKO
118,2017-02-27,119,Down,Cheap Thrills,Sia,578571,https://i.scdn.co/image/ab67616d0000485149e0134c686547c28b7c999f,https://open.spotify.com/track/27SdWb2rFzO6GWiYDBTD9j
119,2017-02-27,120,Up,Down,Marian Hill,575418,https://i.scdn.co/image/ab67616d00004851c989c526b15cacc1a579a9c7,https://open.spotify.com/track/2dqLk7ezV15LEJEwUmEbXB
120,2017-02-27,121,Up,Big For Your Boots,Stormzy,568880,https://i.scdn.co/image/ab67616d000048519536e13edd9e2e08d2dae94b,https://open.spotify.com/track/3uMB82o0qa7erhiZBW9KQC
121,2017-02-27,122,Up,Love On The Brain,Rihanna,566167,https://i.scdn.co/image/ddc285ca9817c96c7719b3f2a759e108787db021,https://open.spotify.com/track/2aksifNn5ph8igDOkPBA02
122,2017-02-27,123,Up,Million Reasons,Lady Gaga,564773,https://i.scdn.co/image/ab67616d00004851dd0b256c733c96b653ab5cde,https://open.spotify.com/track/50PWlIBU7PlGGwzgN8TiFJ
123,2017-02-27,124,Down,Love Yourself,Justin Bieber,562360,https://i.scdn.co/image/ab67616d00004851b6d9a4fbb0bd49f0f034aead,https://open.spotify.com/track/3hB5DgAiMAQ4DzYbsMq1IT
124,2017-02-27,125,Up,Shooting Stars,Bag Raiders,561703,https://i.scdn.co/image/ab67616d0000485150ccaac1c3e79c92d08b822f,https://open.spotify.com/track/0UeYCHOETPfai02uskjJ3x
125,2017-02-27,126,Down,Dile Que Tu Me Quieres,Ozuna,556565,https://i.scdn.co/image/ab67616d0000485133bbd31551e01896f58d688f,https://open.spotify.com/track/20ZAJdsKB5IGbGj4ilRt2o
126,2017-02-27,127,Down,Sexual,NEIKED,556223,https://i.scdn.co/image/ab67616d000048519c5e27aff6792af94e972af9,https://open.spotify.com/track/3AsAuGTaDQzavZZThyYlop
127,2017-02-27,128,Down,La Bicicleta,Carlos Vives,554883,https://i.scdn.co/image/ab67616d00004851d05d3aad30c5fb7614893cf5,https://open.spotify.com/track/0sXvAOmXgjR2QUqLK1MltU
128,2017-02-27,129,Down,This Is What You Came For,Calvin Harris,552199,https://i.scdn.co/image/ab67616d00004851d9aa52355e062f5de060adbf,https://open.spotify.com/track/0azC730Exh71aQlOt9Zj3y
129,2017-02-27,130,New,"Another Day Of Sun - From ""La La Land"" Soundtrack",La La Land Cast,548502,https://i.scdn.co/image/ab67616d000048512a307d64201d08144f68cc49,https://open.spotify.com/track/0zCfmceT1YvtZXGbR6Roht
130,2017-02-27,131,Down,X (feat. Future),21 Savage,547841,https://i.scdn.co/image/ab67616d000048512dd1ac4a61495080ef8f78ca,https://open.spotify.com/track/6fwdbPMwP1zVStm8FybmkO
131,2017-02-27,132,Up,Gyal You A Party Animal - Remix,Charly Black,543221,https://i.scdn.co/image/ab67616d0000485131a026a9d39e08006ddfb138,https://open.spotify.com/track/1AkTW13ysu0AJrwuM6UY0I
132,2017-02-27,133,Down,No Heart,21 Savage,542709,https://i.scdn.co/image/ab67616d000048512dd1ac4a61495080ef8f78ca,https://open.spotify.com/track/4gmmRb6bZJffOOiww1JGTO
133,2017-02-27,134,Down,Panda,Desiigner,541233,https://i.scdn.co/image/ab67616d000048513df69bfb7713d8262820612b,https://open.spotify.com/track/5OOkp4U9P9oL23maHFHL1h
134,2017-02-27,135,Down,Work from Home (feat. Ty Dolla $ign),Fifth Harmony,538753,https://i.scdn.co/image/ab67616d00004851d03fa6f4e758282b7920b5c8,https://open.spotify.com/track/4tCtwWceOPWzenK2HAIJSb
135,2017-02-27,136,Down,Too Good,Drake,538218,https://i.scdn.co/image/ab67616d00004851726abca207567d5e41cb9667,https://open.spotify.com/track/11KJSRSgaDxqydKYiD2Jew
136,2017-02-27,137,Up,Lot to Learn,Luke Christopher,538101,https://i.scdn.co/image/ab67616d000048513f0bd8f231c9b6433be929b1,https://open.spotify.com/track/3TRFq09DUgYj1mug6RRqJW
137,2017-02-27,138,Down,Traicionera,Sebastian Yatra,536761,https://i.scdn.co/image/ab67616d00004851dbe5e9f934a9be5db8884c52,https://open.spotify.com/track/5J1c3M4EldCfNxXwrwt8mT
138,2017-02-27,139,Up,"Helium - From ""Fifty Shades Darker (Original Motion Picture Soundtrack)""",Sia,533199,https://i.scdn.co/image/ab67616d000048511eb4b6d94e58873f4c775dc8,https://open.spotify.com/track/5fc6rQgAKiLutfUYWQ6QnJ
139,2017-02-27,140,Flat,Reminder,The Weeknd,531961,https://i.scdn.co/image/6aeaaebcbd861c8369b14366e8e0eca2fe96055d,https://open.spotify.com/track/37F0uwRSrdzkBiuj0D5UHI
140,2017-02-27,141,Down,"i hate u, i love u (feat. olivia o'brien)",gnash,528648,https://i.scdn.co/image/ab67616d0000485108862f843ea27f44f8e8cbd8,https://open.spotify.com/track/7vRriwrloYVaoAe3a9wJHe
141,2017-02-27,142,Up,Deja Vu,J. Cole,526618,https://i.scdn.co/image/fff50a2874dae97e76d3a78e55771d7c59719928,https://open.spotify.com/track/6I6NX6tjGsxFAsIfGzY9lJ
142,2017-02-27,143,Down,Sorry,Justin Bieber,526282,https://i.scdn.co/image/ab67616d00004851b6d9a4fbb0bd49f0f034aead,https://open.spotify.com/track/69bp2EbF7Q2rqc5N3ylezZ
143,2017-02-27,144,Down,"Sucker For Pain (with Wiz Khalifa, Imagine Dragons, Logic & Ty Dolla $ign feat. X Ambassadors)",Lil Wayne,519285,https://i.scdn.co/image/ab67616d000048517d8dfcfd507069d7f2062caf,https://open.spotify.com/track/4dASQiO1Eoo3RJvt74FtXB
144,2017-02-27,145,Down,Te Quiero Pa´Mi,Don Omar,512750,https://i.scdn.co/image/ab67616d00004851d0cb2a58e3bf5d7ac5ece16f,https://open.spotify.com/track/3BY2mafsbsoKGqS380Xnuz
145,2017-02-27,146,Down,Both (feat. Drake),Gucci Mane,511274,https://i.scdn.co/image/ab67616d000048518c75413c7f38b3f512a75b35,https://open.spotify.com/track/5tFep7dXGd7vEJ668wTPux
146,2017-02-27,147,Up,Swalla (feat. Nicki Minaj & Ty Dolla $ign),Jason Derulo,510057,https://i.scdn.co/image/ab67616d000048519d6522bee68370fa5592301d,https://open.spotify.com/track/6kex4EBAj0WHXDKZMEJaaF
147,2017-02-27,148,Up,Location,Khalid,507543,https://i.scdn.co/image/ab67616d00004851988ede5e1276e758b5f9e577,https://open.spotify.com/track/152lZdxL1OR0ZMW6KquMif
148,2017-02-27,149,Down,Fresh Eyes,Andy Grammer,505405,https://i.scdn.co/image/ab67616d0000485158dd2ff215d3baa7d4bd194f,https://open.spotify.com/track/4nMlau89VAjmV7agkl7OY3
149,2017-02-27,150,Down,Tuesday,Burak Yeter,502820,https://i.scdn.co/image/069b0b8dc1285ba4d2bd7f2536abfce84598d130,https://open.spotify.com/track/7abpmGpF7PGep2rDU68GBR
150,2017-02-27,151,Down,Capsize,FRENSHIP,500216,https://i.scdn.co/image/ab67616d00004851670048174db73ef55039c7bf,https://open.spotify.com/track/2XMTqoHHSH0lvuXrvIEdco
151,2017-02-27,152,Up,No Favors,Big Sean,500009,https://i.scdn.co/image/695d0c097d8463ccc2c2b9855fe44e3e9e7bc267,https://open.spotify.com/track/1MksGqIztTT6M9R1ErKVs8
152,2017-02-27,153,Up,Heavy (feat. Kiiara),Linkin Park,497257,https://i.scdn.co/image/ab67616d00004851145e1cf12538f5666511237d,https://open.spotify.com/track/104buTcnP2AsxqB7U1FIZ4
153,2017-02-27,154,Up,"Lose Yourself - From ""8 Mile"" Soundtrack",Eminem,488417,https://i.scdn.co/image/36440dfd440d23086573d62a32def35ecc42f111,https://open.spotify.com/track/5Z01UMMf7V1o0MzF86s6WJ
154,2017-02-27,155,Down,7 Years,Lukas Graham,482091,https://i.scdn.co/image/ab67616d0000485104d59cefa11f0eee9f1877a5,https://open.spotify.com/track/7129iqBafaphfc3WPCGC0L
155,2017-02-27,156,Up,Look at Me!,XXXTENTACION,473153,https://i.scdn.co/image/ab67616d0000485113b2950c7c79c200f2b615d5,https://open.spotify.com/track/2oUuLLKS8WbF7ELJcwbqms
156,2017-02-27,157,New,"City Of Stars - From ""La La Land"" Soundtrack/Pier",Ryan Gosling,471677,https://i.scdn.co/image/ab67616d000048512a307d64201d08144f68cc49,https://open.spotify.com/track/7jltqRIyxLXBDNZ1QlmnBp
157,2017-02-27,158,Down,Andas En Mi Cabeza,Chino & Nacho,470184,https://i.scdn.co/image/ab67616d0000485166dad4487da6fc0dced2d0c6,https://open.spotify.com/track/5mey7CLLuFToM2P68Qu1gF
158,2017-02-27,159,Down,Controlla,Drake,467411,https://i.scdn.co/image/ab67616d00004851726abca207567d5e41cb9667,https://open.spotify.com/track/6F609ICg9Spjrw1epsAnpa
159,2017-02-27,160,Up,Some Way,NAV,463281,https://i.scdn.co/image/d62c91b4a909cdac115e068d943554b0d96c0003,https://open.spotify.com/track/7zxRMhXxJMQCeDDg0rKAVo
160,2017-02-27,161,Down,Needed Me,Rihanna,460947,https://i.scdn.co/image/ddc285ca9817c96c7719b3f2a759e108787db021,https://open.spotify.com/track/1Tt4sE4pXi57mTD1GCzsqm
161,2017-02-27,162,Down,Work,Rihanna,460535,https://i.scdn.co/image/ab67616d000048510ed05634a469e5cf4789b0a7,https://open.spotify.com/track/14WWzenpaEgQZlqPq2nk4v
162,2017-02-27,163,Down,This Girl (Kungs Vs. Cookin' On 3 Burners) - Kungs Vs. Cookin' On 3 Burners,Kungs,459476,https://i.scdn.co/image/ab67616d00004851f504cc56f3bd99bc61929272,https://open.spotify.com/track/0tICYNayWWhH9GPeFrfjfD
163,2017-02-27,164,Down,Shout Out to My Ex,Little Mix,455714,https://i.scdn.co/image/ab67616d000048512318bbb0586903290db2b270,https://open.spotify.com/track/0YHUITU3w6ws1v8ehT264g
164,2017-02-27,165,New,"Someone In The Crowd - From ""La La Land"" Soundtrack",Emma Stone,455515,https://i.scdn.co/image/ab67616d000048512a307d64201d08144f68cc49,https://open.spotify.com/track/7xE4vKvjqUTtHyJ9zi0k1q
165,2017-02-27,166,Up,Let It Go,James Bay,454349,https://i.scdn.co/image/abcbe01d6557c60388e976c9a535f26f73fcbf09,https://open.spotify.com/track/13HVjjWUZFaWilh2QUJKsP
166,2017-02-27,167,Down,Sneakin’,Drake,449845,https://i.scdn.co/image/8b1f6991ae1192e214374d14d918140d04dbd8a7,https://open.spotify.com/track/4ckuS4Nj4FZ7i3Def3Br8W
167,2017-02-27,168,Down,Send My Love (To Your New Lover),Adele,448282,https://i.scdn.co/image/ab67616d000048514c3bbcff5e7248e415548f12,https://open.spotify.com/track/4BHzQ9C00ceJxfG16AlNWb
168,2017-02-27,169,Up,Light It Up (feat. Nyla & Fuse ODG) - Remix,Major Lazer,445626,https://i.scdn.co/image/ab67616d00004851751a2e5da4333e86814026ba,https://open.spotify.com/track/0L7loeTIg6akW84aEQZpCT
169,2017-02-27,170,Down,Cake By The Ocean,DNCE,445108,https://i.scdn.co/image/ab67616d00004851a19a2912e1618ada66b2e6e8,https://open.spotify.com/track/2aFiaMXmWsM3Vj72F9ksBl
170,2017-02-27,171,Down,Shaky Shaky,Daddy Yankee,444798,https://i.scdn.co/image/ab67616d00004851f0b25154a0858db46415fbe7,https://open.spotify.com/track/58IL315gMSTD37DOZPJ2hf
171,2017-02-27,172,Down,Thumbs,Sabrina Carpenter,444360,https://i.scdn.co/image/ab67616d00004851b13cc7b6ba13bcd75cae73a1,https://open.spotify.com/track/3UjJP4ludb74a29P5EHEIo
172,2017-02-27,173,Up,This Town,Niall Horan,440706,https://i.scdn.co/image/ab67616d00004851cad02035314b784b53570eac,https://open.spotify.com/track/5nA67Y0XX9JipZwYxX7Gl7
173,2017-02-27,174,Down,Hello,Adele,440287,https://i.scdn.co/image/ab67616d000048514c3bbcff5e7248e415548f12,https://open.spotify.com/track/4sPmO7WMQUAf45kwMOtONw
174,2017-02-27,175,Up,I Love You,Axwell /\ Ingrosso,439833,https://i.scdn.co/image/ab67616d00004851c9565af11453132958687a20,https://open.spotify.com/track/11Fo4dAH31K7UZHGqCkCmE
175,2017-02-27,176,Up,Low Life,Future,439704,https://i.scdn.co/image/ab67616d00004851626745b3aa04899001a924ad,https://open.spotify.com/track/7EiZI6JVHllARrX9PUvAdX
176,2017-02-27,177,Down,Into You,Ariana Grande,438781,https://i.scdn.co/image/ab67616d000048517227f5854239a059af211d5b,https://open.spotify.com/track/7yHEDfrJNd0zWOfXwydNH0
177,2017-02-27,178,Down,White Iverson,Post Malone,434461,https://i.scdn.co/image/23bae95100dcb6ac8f88c19fa2a11c50a998a926,https://open.spotify.com/track/6eT7xZZlB2mwyzJ2sUKG6w
178,2017-02-27,179,Down,Lean On (feat. MØ & DJ Snake),Major Lazer,433724,https://i.scdn.co/image/ab67616d000048519f55dad3a63f72f1bc8d6f59,https://open.spotify.com/track/4WjH9Bzt3kx7z8kl0awxh4
179,2017-02-27,180,New,Shape of You - Stormzy Remix,Ed Sheeran,433125,https://i.scdn.co/image/ab67616d000048513dd66389d087a6a4f93f6140,https://open.spotify.com/track/2NHSYwGkAvPHzCinY0KwXo
180,2017-02-27,181,Down,Chill Bill,Rob $tone,429448,https://i.scdn.co/image/ab67616d000048516f3e9696889a2425338e0836,https://open.spotify.com/track/5uDASfU19gDxSjW8cnCaBp
181,2017-02-27,182,Up,Lush Life,Zara Larsson,429264,https://i.scdn.co/image/ab67616d000048519e1683774b22648f4f178ed3,https://open.spotify.com/track/1rIKgCH4H52lrvDcz50hS8
182,2017-02-27,183,Down,pick up the phone,Young Thug,428328,https://i.scdn.co/image/ab67616d00004851f54b99bf27cda88f4a7403ce,https://open.spotify.com/track/20dP2DaMHIAmwWAbp7peSr
183,2017-02-27,184,Down,DUELE EL CORAZON,Enrique Iglesias,425759,https://i.scdn.co/image/ab67616d0000485113dae8008773aede4a979a7d,https://open.spotify.com/track/6YZdkObH88npeKrrkb8Ggf
184,2017-02-27,185,Down,The Mack,Nevada,424133,https://i.scdn.co/image/ab67616d00004851746ac799032f9af9c5268332,https://open.spotify.com/track/7aV2mflaASUmGhCErm7kBO
185,2017-02-27,186,Flat,Slippery (feat. Gucci Mane),Migos,420303,https://i.scdn.co/image/ab67616d0000485199a8ab6da9d593939302828a,https://open.spotify.com/track/6p8NuHm8uCGnn2Dtbtf7zE
186,2017-02-27,187,Down,PILLOWTALK,ZAYN,419647,https://i.scdn.co/image/ab67616d00004851a15e26d05b7ce776b566579d,https://open.spotify.com/track/0PDUDa38GO8lMxLCRc4lL1
187,2017-02-27,188,Down,Let Her Go,Passenger,418146,https://i.scdn.co/image/ab67616d000048514566e671e5c947cba3a38436,https://open.spotify.com/track/2jyjhRf6DVbMPU5zxagN2h
188,2017-02-27,189,New,"Bom Bidi Bom - From ""Fifty Shades Darker (Original Motion Picture Soundtrack)""",Nick Jonas,417843,https://i.scdn.co/image/ab67616d000048511eb4b6d94e58873f4c775dc8,https://open.spotify.com/track/4nDfc6F2uVcc6wdG7kBzWO
189,2017-02-27,190,Down,Chillax (feat. Ky-Mani Marley),Farruko,417715,https://i.scdn.co/image/ab67616d00004851118504cbeaf4187aaa601395,https://open.spotify.com/track/1lxswgIpzV6HhENRvkflES
190,2017-02-27,191,Down,No Role Modelz,J. Cole,417296,https://i.scdn.co/image/ab67616d000048516aca031ccc27d2e4dd829d14,https://open.spotify.com/track/62vpWI1CHwFy7tMIcSStl8
191,2017-02-27,192,Down,Borro Cassette,Maluma,415030,https://i.scdn.co/image/ab67616d000048513c3acd23605ccd1a9fd038bd,https://open.spotify.com/track/6DUdDIRgLqCGq1DwkNWQTN
192,2017-02-27,193,Down,All of Me,John Legend,413406,https://i.scdn.co/image/ab67616d00004851a30a192002427d5d72622dfc,https://open.spotify.com/track/2q6tgiA9tpb6DMguABwCWE
193,2017-02-27,194,New,"Audition (The Fools Who Dream) - From ""La La Land"" Soundtrack",Emma Stone,412149,https://i.scdn.co/image/ab67616d000048512a307d64201d08144f68cc49,https://open.spotify.com/track/2lDWYLNnfYyXngjz4plpy2
194,2017-02-27,195,New,"Mia & Sebastian’s Theme - From ""La La Land"" Soundtrack",Justin Hurwitz,408135,https://i.scdn.co/image/ab67616d000048514e6fc7f85b20a479b81e2436,https://open.spotify.com/track/1R17cgUv6HeQFa78dzqb7s
195,2017-02-27,196,Down,Stitches,Shawn Mendes,407476,https://i.scdn.co/image/ab67616d0000485147710f5e89677e4d048e744c,https://open.spotify.com/track/1WP1r7fuvRqZRnUaTi2I1Q
196,2017-02-27,197,Down,Hymn for the Weekend - Seeb Remix,Coldplay,407122,https://i.scdn.co/image/ab67616d00004851e42f212796979596843a7376,https://open.spotify.com/track/1OAiWI2oPmglaOiv9fdioU
197,2017-02-27,198,New,Radioactive,Imagine Dragons,406623,https://i.scdn.co/image/ab67616d00004851dee648abe19dd6e10902c4ae,https://open.spotify.com/track/6Ep6BzIOB9tz3P4sWqiiAB
198,2017-02-27,199,Up,Lights Down Low,MAX,405473,https://i.scdn.co/image/ab67616d00004851cefb1bcf9304bf454bae7f8d,https://open.spotify.com/track/1sYSP7gKa5kdKIfhANfori
199,2017-02-27,200,Down,Love$ick,Mura Masa,401302,https://i.scdn.co/image/ab67616d0000485157da025deec1abbef50e4b31,https://open.spotify.com/track/5v9N8Rx3QsFvr50cxyQcA3
