,Date,Position,Trend,Title,Artist,Streams,Icon_URL,Spotify_URL
0,2017-02-15,1,Flat,Shape of You,Ed Sheeran,7558862,https://i.scdn.co/image/ab67616d00004851ba5db46f4b838ef6027e6f96,https://open.spotify.com/track/7qiZfU4dY1lWllzX7mPBI3
1,2017-02-15,2,Flat,"I Don’t Wanna Live Forever (Fifty Shades Darker) - From ""Fifty Shades Darker (Original Motion Picture Soundtrack)""",ZAYN,4464989,https://i.scdn.co/image/ab67616d000048512ae921f082ae5db4d3da818f,https://open.spotify.com/track/3NdDpSvN911VPGivFlV5d0
2,2017-02-15,3,Flat,Paris,The Chainsmokers,3919374,https://i.scdn.co/image/ab67616d000048510c13d3d5a503c84fcc60ae94,https://open.spotify.com/track/72jbDTw1piOOj770jWNeaG
3,2017-02-15,4,Flat,Despacito (Featuring Daddy Yankee),Luis Fonsi,3663965,https://i.scdn.co/image/ab67616d00004851a5971936e3b8d91f8b616b17,https://open.spotify.com/track/4aWmUDTfIPGksMNLV2rQP2
4,2017-02-15,5,Flat,Scared to Be Lonely,Martin Garrix,3102171,https://i.scdn.co/image/ab67616d0000485164f8a309aa3c0a66a31fc374,https://open.spotify.com/track/3ebXMykcMXOcLeJ9xZ17XH
5,2017-02-15,6,Up,Chained To The Rhythm,Katy Perry,2938688,https://i.scdn.co/image/ab67616d000048511487979a7e0181a5d0406d1a,https://open.spotify.com/track/6520aj0B4FSKGVuKNsOCOi
6,2017-02-15,7,Down,Castle on the Hill,Ed Sheeran,2914394,https://i.scdn.co/image/ab67616d00004851ba5db46f4b838ef6027e6f96,https://open.spotify.com/track/6PCUP3dWmTjcTtXY02oFdT
7,2017-02-15,8,Flat,Rockabye (feat. Sean Paul & Anne-Marie),Clean Bandit,2736215,https://i.scdn.co/image/ab67616d000048511431c3bdf16aa99f71799d95,https://open.spotify.com/track/5knuzwU65gJK7IF5yJsuaW
8,2017-02-15,9,Flat,Say You Won't Let Go,James Arthur,2562295,https://i.scdn.co/image/ab67616d0000485120beb61f61fcbeb33b10a9ab,https://open.spotify.com/track/5uCax9HTNlzGybIStD3vDh
9,2017-02-15,10,Flat,I Feel It Coming,The Weeknd,2559341,https://i.scdn.co/image/b3683184efeb899b2d1a02f4957d0c630dc10b0b,https://open.spotify.com/track/5GXAXm5YOmYT0kL5jHvYBt
10,2017-02-15,11,Flat,Starboy,The Weeknd,2508046,https://i.scdn.co/image/ab67616d000048510c8599cbde51245c128bcea9,https://open.spotify.com/track/5aAx2yezTd8zXrkmtKl66Z
11,2017-02-15,12,Flat,Closer,The Chainsmokers,2374688,https://i.scdn.co/image/ab67616d00004851495ce6da9aeb159e94eaa453,https://open.spotify.com/track/7BKLCZ1jbUBVqRi2FVlTVw
12,2017-02-15,13,Up,Call On Me - Ryan Riback Extended Remix,Starley,2299199,https://i.scdn.co/image/ab67616d000048519d4079afc73664f86f055400,https://open.spotify.com/track/78rIJddV4X0HkNAInEcYde
13,2017-02-15,14,Down,Bad and Boujee (feat. Lil Uzi Vert),Migos,2256938,https://i.scdn.co/image/ab67616d0000485199a8ab6da9d593939302828a,https://open.spotify.com/track/4Km5HrUvYTaSUfiSGPJeQR
14,2017-02-15,15,Flat,Issues,Julia Michaels,2243389,https://i.scdn.co/image/ab67616d000048519615e35e0e9e4b2c3dccb520,https://open.spotify.com/track/1sXUWdKx03aP9Gmzft58rt
15,2017-02-15,16,Flat,Bad Things (with Camila Cabello),Machine Gun Kelly,1977872,https://i.scdn.co/image/d5f976093a4dcbc5ea9d4c04b414207f8bdce469,https://open.spotify.com/track/1PSBzsahR2AKwLJgx8ehBj
16,2017-02-15,17,Flat,Chantaje (feat. Maluma),Shakira,1938969,https://i.scdn.co/image/ab67616d00004851d05d3aad30c5fb7614893cf5,https://open.spotify.com/track/6mICuAdrwEjh6Y6lroV2Kg
17,2017-02-15,18,Up,Run Up (feat. PARTYNEXTDOOR & Nicki Minaj),Major Lazer,1927033,https://i.scdn.co/image/ab67616d000048518036d7402a6a76aed04f1f98,https://open.spotify.com/track/0fg8CqpjdojMyXLNzM2PaJ
18,2017-02-15,19,Flat,Just Hold On,Steve Aoki,1919363,https://i.scdn.co/image/ab67616d0000485122e2ce2de8bad6d67ee69b48,https://open.spotify.com/track/3EmmCZoqpWOTY1g2GBwJoR
19,2017-02-15,20,Down,Don't Wanna Know,Maroon 5,1912948,https://i.scdn.co/image/ab67616d00004851eec1912bbc2ff74b8203fe5f,https://open.spotify.com/track/5MFzQMkrl1FOOng9tq6R9r
20,2017-02-15,21,Down,"How Far I'll Go - From ""Moana""",Alessia Cara,1898497,https://i.scdn.co/image/ab67616d00004851fb128b1eda22335050f584fe,https://open.spotify.com/track/5hYTyyh2odQKphUbMqc5gN
21,2017-02-15,22,Flat,Fake Love,Drake,1758448,https://i.scdn.co/image/6dfd956b9331fa9ea1f47ebb95311951ed72b3db,https://open.spotify.com/track/343YBumqHu19cGoGARUTsd
22,2017-02-15,23,Flat,Let Me Love You,DJ Snake,1714071,https://i.scdn.co/image/ab67616d000048515045de6786e0af096de73ed4,https://open.spotify.com/track/4pdPtRcBmOSQDlJ3Fk945m
23,2017-02-15,24,Flat,24K Magic,Bruno Mars,1687096,https://i.scdn.co/image/ab67616d00004851232711f7d66a1e19e89e28c5,https://open.spotify.com/track/6b8Be6ljOzmkOmFslEb23P
24,2017-02-15,25,Up,Weak,AJR,1686972,https://i.scdn.co/image/ab67616d00004851c5f3ca405ff6ed13dc554b94,https://open.spotify.com/track/3E2Zh20GDCR9B1EYjfXWyv
25,2017-02-15,26,Flat,Solo Dance,Martin Jensen,1669005,https://i.scdn.co/image/ab67616d00004851950d67dbe3f31f1d9a5d06a2,https://open.spotify.com/track/6HUnnBwYZqcED1eQztxMBN
26,2017-02-15,27,Flat,All Night,The Vamps,1664421,https://i.scdn.co/image/ab67616d00004851f03c9779c27137669304ea20,https://open.spotify.com/track/1yNyoWWWikbLhwIGWjZuDW
27,2017-02-15,28,Down,Bounce Back,Big Sean,1627127,https://i.scdn.co/image/695d0c097d8463ccc2c2b9855fe44e3e9e7bc267,https://open.spotify.com/track/0SGkqnVQo9KPytSri1H6cF
28,2017-02-15,29,Up,That's What I Like,Bruno Mars,1607421,https://i.scdn.co/image/ab67616d00004851232711f7d66a1e19e89e28c5,https://open.spotify.com/track/0KKkJNfGyhkQ5aFogxQAPU
29,2017-02-15,30,Flat,All Time Low,Jon Bellion,1551803,https://i.scdn.co/image/ff06a4138a99d272c24d2f6da9b5ea6067c054db,https://open.spotify.com/track/1CnPYaKxTVb4LWOtiGOm0m
30,2017-02-15,31,Flat,Hear Me Now,Alok,1537485,https://i.scdn.co/image/e308bad29e4cf6dc8aa5cd97449ef71bbb893d40,https://open.spotify.com/track/1a5Yu5L18qNxVhXx38njON
31,2017-02-15,32,Down,One Dance,Drake,1512427,https://i.scdn.co/image/ab67616d00004851726abca207567d5e41cb9667,https://open.spotify.com/track/1xznGGDReH1oQq0xzbwXa3
32,2017-02-15,33,Down,El Amante,Nicky Jam,1431904,https://i.scdn.co/image/ab67616d00004851d77dbcd4dbd37cdfa61771fa,https://open.spotify.com/track/3umS4y3uQDkqekNjVpiRUs
33,2017-02-15,34,Up,iSpy (feat. Lil Yachty),KYLE,1396293,https://i.scdn.co/image/ab67616d0000485132e373f2988bc6596a542d1c,https://open.spotify.com/track/2EEeOnHehOozLq4aS0n6SL
34,2017-02-15,35,Down,Reggaetón Lento (Bailemos),CNCO,1371952,https://i.scdn.co/image/ab67616d000048517db0f7ac4c612cce26ccacf9,https://open.spotify.com/track/3AEZUABDXNtecAOSC1qTfo
35,2017-02-15,36,Up,Believer,Imagine Dragons,1370833,https://i.scdn.co/image/ab67616d000048517956bd9a3d7a15e4c2e37cc6,https://open.spotify.com/track/0CcQNd8CINkwQfe1RDtGV6
36,2017-02-15,37,Down,Shed a Light,Robin Schulz,1357660,https://i.scdn.co/image/ab67616d000048517be189f322bc8155c103d6c9,https://open.spotify.com/track/1cG0umU5TKStygKsPFZ9pY
37,2017-02-15,38,Up,Don't Leave,Snakehips,1334886,https://i.scdn.co/image/ab67616d00004851b72a28b6f92b180a8a423e29,https://open.spotify.com/track/0Zx8khUcEfCFK2AEoIhC92
38,2017-02-15,39,Down,Cold Water (feat. Justin Bieber & MØ),Major Lazer,1323198,https://i.scdn.co/image/ab67616d000048512e8f1cca2bc8c9d55930523b,https://open.spotify.com/track/6DNtNfH8hXkqOX1sjqmI7p
39,2017-02-15,40,Down,In the Name of Love,Martin Garrix,1319628,https://i.scdn.co/image/ab67616d00004851923db3f255cd48a6d5783ebf,https://open.spotify.com/track/04DwTuZ2VBdJCCC5TROn7L
40,2017-02-15,41,Down,Side To Side,Ariana Grande,1310196,https://i.scdn.co/image/ab67616d000048517227f5854239a059af211d5b,https://open.spotify.com/track/4pLwZjInHj3SimIyN9SnOz
41,2017-02-15,42,Down,Now and Later,Sage The Gemini,1309495,https://i.scdn.co/image/ab67616d0000485182d22e1d83fc1045ad33444a,https://open.spotify.com/track/43jBqV3j3Xi1g6wO0bhIMd
42,2017-02-15,43,Down,Water Under the Bridge,Adele,1272259,https://i.scdn.co/image/ab67616d000048514c3bbcff5e7248e415548f12,https://open.spotify.com/track/4vb4mFvYsr2h6enhjJsq9Y
43,2017-02-15,44,Flat,I Would Like,Zara Larsson,1263429,https://i.scdn.co/image/ab67616d000048519e1683774b22648f4f178ed3,https://open.spotify.com/track/4Q4jmPHwu0wrJvqrld0FQ6
44,2017-02-15,45,Up,Starving,Hailee Steinfeld,1198254,https://i.scdn.co/image/ab67616d00004851612495ee5769c99125031be2,https://open.spotify.com/track/1qOLh0tI7trd1zdDKxYZTe
45,2017-02-15,46,Down,Black Beatles,Rae Sremmurd,1184877,https://i.scdn.co/image/16293ab3b4f9301aeb5f41810fd7056d463db55e,https://open.spotify.com/track/6fujklziTHa8uoM5OQSfIo
46,2017-02-15,47,Down,T-Shirt,Migos,1183422,https://i.scdn.co/image/ab67616d0000485199a8ab6da9d593939302828a,https://open.spotify.com/track/7KOlJ92bu51cltsD9KU5I7
47,2017-02-15,48,Up,My Way,Calvin Harris,1154993,https://i.scdn.co/image/ab67616d000048518d12bc5e3ea5c9f4a967de32,https://open.spotify.com/track/1vvNmPOiUuyCbgWmtc6yfm
48,2017-02-15,49,Up,Love Me Now,John Legend,1112636,https://i.scdn.co/image/ab67616d00004851fa2ba77d93b08258827bd2d2,https://open.spotify.com/track/6nxQdXa1uAL0rY72wPZu89
49,2017-02-15,50,Up,Congratulations,Post Malone,1086195,https://i.scdn.co/image/23bae95100dcb6ac8f88c19fa2a11c50a998a926,https://open.spotify.com/track/3a1lNhkSLSkpJE4MSHpDu9
50,2017-02-15,51,Down,Thinking out Loud,Ed Sheeran,1072417,https://i.scdn.co/image/ab67616d00004851d08209944468440145f01524,https://open.spotify.com/track/1Slwb6dOYkBlWal1PGtnNg
51,2017-02-15,52,Down,Mercy,Shawn Mendes,1042776,https://i.scdn.co/image/ab67616d00004851188e6332f32088921ab1eaf8,https://open.spotify.com/track/4TZy1wLyHec06pwgFYDh1a
52,2017-02-15,53,Up,Alone,Alan Walker,1017090,https://i.scdn.co/image/ab67616d00004851f00ade2f88d8223521bc7f76,https://open.spotify.com/track/0JiVRyTJcJnmlwCZ854K4p
53,2017-02-15,54,Up,Sunset Lover,Petit Biscuit,1015024,https://i.scdn.co/image/ab67616d00004851014080d39d56c94c0b285362,https://open.spotify.com/track/0hNduWmlWmEmuwEFcYvRu1
54,2017-02-15,55,Up,Human,Rag'n'Bone Man,1006749,https://i.scdn.co/image/ab67616d0000485190a788beadaad34ff684d3ec,https://open.spotify.com/track/58zsLZPvfflaiIbNWoA22O
55,2017-02-15,56,Down,Otra vez (feat. J Balvin),Zion & Lennox,980729,https://i.scdn.co/image/ab67616d0000485182eabf564ddc57325a84dd50,https://open.spotify.com/track/3QwBODjSEzelZyVjxPOHdq
56,2017-02-15,57,Down,I Got You,Bebe Rexha,973467,https://i.scdn.co/image/ab67616d00004851809adcbcfe88c94fd2a706c1,https://open.spotify.com/track/1FUViuNSldssMIawrOXF2i
57,2017-02-15,58,Up,You Don't Know Me - Radio Edit,Jax Jones,968125,https://i.scdn.co/image/ab67616d00004851dd05a1716e2f07a07b8ccfe3,https://open.spotify.com/track/00lNx0OcTJrS3MKHcB80HY
58,2017-02-15,59,Down,Photograph,Ed Sheeran,934741,https://i.scdn.co/image/ab67616d00004851d08209944468440145f01524,https://open.spotify.com/track/6fxVffaTuwjgEk5h9QyRjy
59,2017-02-15,60,Flat,It's Gotta Be You,Isaiah,930266,https://i.scdn.co/image/ab67616d00004851d43b5e86edff2089b91357e6,https://open.spotify.com/track/6cAKeFFYW2aClZSUyvqAEW
60,2017-02-15,61,Up,Safari,J Balvin,917041,https://i.scdn.co/image/ab67616d00004851338ffc4c72a192f06070546b,https://open.spotify.com/track/6rQSrBHf7HlZjtcMZ4S4bO
61,2017-02-15,62,Up,Treat You Better,Shawn Mendes,914322,https://i.scdn.co/image/ab67616d00004851188e6332f32088921ab1eaf8,https://open.spotify.com/track/4Hf7WnR761jpxPr5D46Bcd
62,2017-02-15,63,Down,Heathens,Twenty One Pilots,908641,https://i.scdn.co/image/ab67616d000048512ca3ba8f334ca5a5f0312efb,https://open.spotify.com/track/6i0V12jOa3mr6uu4WYhUBr
63,2017-02-15,64,Down,Caroline,Aminé,905206,https://i.scdn.co/image/ab67616d00004851a7f01ef25974c10cdbbd566e,https://open.spotify.com/track/5GFDrUTLGJix84sNhjCG0g
64,2017-02-15,65,Up,Scars To Your Beautiful,Alessia Cara,903252,https://i.scdn.co/image/5b9e5bd34ec840f07c8530e43a76b1b5e08d8b77,https://open.spotify.com/track/0prNGof3XqfTvNDxHonvdK
65,2017-02-15,66,Up,Lot to Learn,Luke Christopher,865999,https://i.scdn.co/image/ab67616d000048513f0bd8f231c9b6433be929b1,https://open.spotify.com/track/3TRFq09DUgYj1mug6RRqJW
66,2017-02-15,67,Up,All We Know,The Chainsmokers,853485,https://i.scdn.co/image/ab67616d00004851ff8d8c5662a96d41433e9ee1,https://open.spotify.com/track/2rizacJSyD9S1IQUxUxnsK
67,2017-02-15,68,Up,Don't Let Me Down,The Chainsmokers,850949,https://i.scdn.co/image/ab67616d0000485108d87fb54859bc9038f7e5e0,https://open.spotify.com/track/0QsvXIfqM0zZoerQfsI9lm
68,2017-02-15,69,Up,Touch,Little Mix,850699,https://i.scdn.co/image/ab67616d000048512318bbb0586903290db2b270,https://open.spotify.com/track/5Ua3GXyHwiSfpNTMjq6m2z
69,2017-02-15,70,Up,History,Olivia Holt,846636,https://i.scdn.co/image/ab67616d000048519e21eab426152ef9078d6b94,https://open.spotify.com/track/0WCEaydwN65cvwaW8aqptF
70,2017-02-15,71,Down,No Problem (feat. Lil Wayne & 2 Chainz),Chance the Rapper,846406,https://i.scdn.co/image/ab67616d00004851e71dd15fc5bdefd5bff70452,https://open.spotify.com/track/0v9Wz8o0BT8DU38R4ddjeH
71,2017-02-15,72,Up,"CAN'T STOP THE FEELING! (Original Song from DreamWorks Animation's ""TROLLS"")",Justin Timberlake,831678,https://i.scdn.co/image/ab67616d00004851ef37416970812293c08e8a78,https://open.spotify.com/track/6JV2JOEocMgcZxYSZelKcc
72,2017-02-15,73,Up,Party Monster,The Weeknd,827112,https://i.scdn.co/image/6aeaaebcbd861c8369b14366e8e0eca2fe96055d,https://open.spotify.com/track/4F7A0DXBrmUAkp32uenhZt
73,2017-02-15,74,Up,September Song,JP Cooper,824818,https://i.scdn.co/image/ab67616d000048511400ec742ee0935608e30700,https://open.spotify.com/track/0FuTx2s3YH1ppmtiM6l0zI
74,2017-02-15,75,Down,Moves,Big Sean,813794,https://i.scdn.co/image/695d0c097d8463ccc2c2b9855fe44e3e9e7bc267,https://open.spotify.com/track/0Fv5N0cHBsl4bzCbollCAS
75,2017-02-15,76,Up,Make Me (Cry),Noah Cyrus,812771,https://i.scdn.co/image/ab67616d00004851bf2ec8b87525fbd01fb0111f,https://open.spotify.com/track/2BrzlUj1u1CtvaJDGIKpsP
76,2017-02-15,77,Down,No Favors,Big Sean,806817,https://i.scdn.co/image/695d0c097d8463ccc2c2b9855fe44e3e9e7bc267,https://open.spotify.com/track/1MksGqIztTT6M9R1ErKVs8
77,2017-02-15,78,Flat,By Your Side,Jonas Blue,804559,https://i.scdn.co/image/ab67616d00004851bd4b658f3aead04637924c28,https://open.spotify.com/track/1D3ODoXHBLpdxolZRHWV1j
78,2017-02-15,79,Down,Million Reasons,Lady Gaga,782104,https://i.scdn.co/image/ab67616d00004851dd0b256c733c96b653ab5cde,https://open.spotify.com/track/50PWlIBU7PlGGwzgN8TiFJ
79,2017-02-15,80,Up,Broccoli (feat. Lil Yachty),DRAM,777994,https://i.scdn.co/image/ab67616d00004851f02a1575a59bd05998826351,https://open.spotify.com/track/7yyRTcZmCiyzzJlNzGC9Ol
80,2017-02-15,81,Up,Vente Pa' Ca,Ricky Martin,777020,https://i.scdn.co/image/ab67616d000048513d90f5938459be40b7b6652a,https://open.spotify.com/track/7DM4BPaS7uofFul3ywMe46
81,2017-02-15,82,Up,Body Like A Back Road,Sam Hunt,750126,https://i.scdn.co/image/ab67616d000048519eccbdab1110afc4d5a186a8,https://open.spotify.com/track/7mldq42yDuxiUNn08nvzHO
82,2017-02-15,83,Up,We Don't Talk Anymore,Charlie Puth,746517,https://i.scdn.co/image/ab67616d00004851c0e28105f0533c52717c46c2,https://open.spotify.com/track/68EMU2RD1ECNeOeJ5qAXCV
83,2017-02-15,84,Up,"Ay Mi Dios (feat. Pitbull, Yandel & Chacal)",IAmChino,740601,https://i.scdn.co/image/ab67616d000048511568fbc07414eb185c58ef62,https://open.spotify.com/track/6stYbAJgTszHAHZMPxWWCY
84,2017-02-15,85,Up,Stressed Out,Twenty One Pilots,738672,https://i.scdn.co/image/ab67616d00004851de03bfc2991fd5bcfde65ba3,https://open.spotify.com/track/3CRDbSIZ4r5MsZ0YwxuEkn
85,2017-02-15,86,Up,Cake - Challenge Version,Flo Rida,735636,https://i.scdn.co/image/ab67616d00004851b765afdf5f6a2bc83eb5f378,https://open.spotify.com/track/6t2ubAB4iSYOuIpRAOGd4t
86,2017-02-15,87,Up,Lighthouse - Andrelli Remix,Hearts & Colors,733452,https://i.scdn.co/image/d19cc054c261b243b0663223cf69bc256d700f07,https://open.spotify.com/track/04CttTezSnv71USiiG9mIo
87,2017-02-15,88,Up,I Took A Pill In Ibiza - Seeb Remix,Mike Posner,718316,https://i.scdn.co/image/ab67616d0000485140512e02a594e3378c0256e6,https://open.spotify.com/track/17Fd6Yb7mSbinKG8LoWfFl
88,2017-02-15,89,Up,Vacaciones,Wisin,716407,https://i.scdn.co/image/ab67616d00004851c85f0d16973e9dae6f8a786c,https://open.spotify.com/track/3dQDid3IUNhZy1OehIfYfE
89,2017-02-15,90,Up,Sexual,NEIKED,716206,https://i.scdn.co/image/ab67616d000048519c5e27aff6792af94e972af9,https://open.spotify.com/track/3AsAuGTaDQzavZZThyYlop
90,2017-02-15,91,Down,Versace on the Floor,Bruno Mars,714382,https://i.scdn.co/image/ab67616d00004851232711f7d66a1e19e89e28c5,https://open.spotify.com/track/0kN8xEmgMW9mh7UmDYHlJP
91,2017-02-15,92,Up,Me Llamas (feat. Maluma) - Remix,Piso 21,713745,https://i.scdn.co/image/ab67616d000048511e1eafb5d2bb1ca39d26f092,https://open.spotify.com/track/5hEM0JchdVzQ5PwvSfITeX
92,2017-02-15,93,Up,Redbone,Childish Gambino,704361,https://i.scdn.co/image/ab67616d000048510b97e56ffad7c6211aa848f8,https://open.spotify.com/track/3kxfsdsCpFgN412fpnW85Y
93,2017-02-15,94,Up,Romantic - NOTD Remix,Stanaj,699574,https://i.scdn.co/image/ab67616d000048517861e14b4da5cfac6fb0c65b,https://open.spotify.com/track/3SGWp9fJCzgK0WcpcKSQdy
94,2017-02-15,95,Down,Love Yourself,Justin Bieber,698746,https://i.scdn.co/image/ab67616d00004851b6d9a4fbb0bd49f0f034aead,https://open.spotify.com/track/3hB5DgAiMAQ4DzYbsMq1IT
95,2017-02-15,96,Up,Ride,Twenty One Pilots,698125,https://i.scdn.co/image/ab67616d00004851de03bfc2991fd5bcfde65ba3,https://open.spotify.com/track/2Z8WuEywRWYTKe1NybPQEW
96,2017-02-15,97,Up,Some Kind Of Drug,G-Eazy,687561,https://i.scdn.co/image/ab67616d0000485198acfa8c055deedc25e6081d,https://open.spotify.com/track/1Bqxj0aH5KewYHKUg1IdrF
97,2017-02-15,98,Up,Oceans Away,A R I Z O N A,667529,https://i.scdn.co/image/ab67616d0000485150a25f1cb71018982b81ca2b,https://open.spotify.com/track/6A8dnC0xkiuWN4BshmTB2I
98,2017-02-15,99,Up,Sooner Or Later,Aaron Carter,664483,https://i.scdn.co/image/ab67616d000048511f7d1e684ec89fe11a4fdc37,https://open.spotify.com/track/6wV12xIUb8oFY7lBy4KuQe
99,2017-02-15,100,Up,Cheap Thrills,Sia,661983,https://i.scdn.co/image/ab67616d0000485149e0134c686547c28b7c999f,https://open.spotify.com/track/27SdWb2rFzO6GWiYDBTD9j
100,2017-02-15,101,Up,No Lie,Sean Paul,660628,https://i.scdn.co/image/ab67616d000048514782809e4cd19cefc99048f7,https://open.spotify.com/track/3cFsmM51N5zMAuu1nNY4Tw
101,2017-02-15,102,Up,X (feat. Future),21 Savage,659396,https://i.scdn.co/image/ab67616d000048512dd1ac4a61495080ef8f78ca,https://open.spotify.com/track/6fwdbPMwP1zVStm8FybmkO
102,2017-02-15,103,Up,"Sola (Remix) [feat. Daddy Yankee, Wisin, Farruko, Zion & Lennox]",Anuel AA,653665,https://i.scdn.co/image/ab67616d00004851a66def7d649149464edc8f1e,https://open.spotify.com/track/5q2JbCNi4FcnglgPfxcV65
103,2017-02-15,104,Up,Perfect Strangers,Jonas Blue,650522,https://i.scdn.co/image/ab67616d0000485179882e87678a76bc1d895e94,https://open.spotify.com/track/1CUVN2kn7mW5FjkqXTR2W1
104,2017-02-15,105,Up,Dile Que Tu Me Quieres,Ozuna,646525,https://i.scdn.co/image/ab67616d0000485133bbd31551e01896f58d688f,https://open.spotify.com/track/20ZAJdsKB5IGbGj4ilRt2o
105,2017-02-15,106,Up,The Greatest,Sia,646364,https://i.scdn.co/image/ab67616d00004851754b2fddebe7039fdb912837,https://open.spotify.com/track/7xHWNBFm6ObGEQPaUxHuKO
106,2017-02-15,107,Up,The Other,Lauv,635227,https://i.scdn.co/image/ab67616d000048513c6e07056b26bb9804a596da,https://open.spotify.com/track/1lntL1cI2UIWlxjL5QiN8g
107,2017-02-15,108,Up,Faded,Alan Walker,632715,https://i.scdn.co/image/ab67616d00004851c4d00cac55ae1b4598c9bc90,https://open.spotify.com/track/7gHs73wELdeycvS48JfIos
108,2017-02-15,109,Up,Work from Home (feat. Ty Dolla $ign),Fifth Harmony,627995,https://i.scdn.co/image/ab67616d00004851d03fa6f4e758282b7920b5c8,https://open.spotify.com/track/4tCtwWceOPWzenK2HAIJSb
109,2017-02-15,110,Down,Love On The Brain,Rihanna,627178,https://i.scdn.co/image/ddc285ca9817c96c7719b3f2a759e108787db021,https://open.spotify.com/track/2aksifNn5ph8igDOkPBA02
110,2017-02-15,111,Up,Swang,Rae Sremmurd,625066,https://i.scdn.co/image/16293ab3b4f9301aeb5f41810fd7056d463db55e,https://open.spotify.com/track/6mapJIPnQ23RTAevUoE0DL
111,2017-02-15,112,Up,Sorry,Justin Bieber,620276,https://i.scdn.co/image/ab67616d00004851b6d9a4fbb0bd49f0f034aead,https://open.spotify.com/track/69bp2EbF7Q2rqc5N3ylezZ
112,2017-02-15,113,Down,Hello,Adele,617846,https://i.scdn.co/image/ab67616d000048514c3bbcff5e7248e415548f12,https://open.spotify.com/track/4sPmO7WMQUAf45kwMOtONw
113,2017-02-15,114,Up,Too Good,Drake,617413,https://i.scdn.co/image/ab67616d00004851726abca207567d5e41cb9667,https://open.spotify.com/track/11KJSRSgaDxqydKYiD2Jew
114,2017-02-15,115,Up,Be the One,Dua Lipa,616363,https://i.scdn.co/image/ab67616d000048516b915e407b70e121e06fe979,https://open.spotify.com/track/7FCfMXYTIiQ9b4hDYs4Iol
115,2017-02-15,116,Up,Panda,Desiigner,611790,https://i.scdn.co/image/ab67616d000048513df69bfb7713d8262820612b,https://open.spotify.com/track/5OOkp4U9P9oL23maHFHL1h
116,2017-02-15,117,Up,"i hate u, i love u (feat. olivia o'brien)",gnash,610164,https://i.scdn.co/image/ab67616d0000485108862f843ea27f44f8e8cbd8,https://open.spotify.com/track/7vRriwrloYVaoAe3a9wJHe
117,2017-02-15,118,Up,goosebumps,Travis Scott,607370,https://i.scdn.co/image/ab67616d00004851f54b99bf27cda88f4a7403ce,https://open.spotify.com/track/6gBFPUFcJLzWGx4lenP6h2
118,2017-02-15,119,Up,La Bicicleta,Carlos Vives,606389,https://i.scdn.co/image/ab67616d00004851d05d3aad30c5fb7614893cf5,https://open.spotify.com/track/0sXvAOmXgjR2QUqLK1MltU
119,2017-02-15,120,Up,This Is What You Came For,Calvin Harris,606161,https://i.scdn.co/image/ab67616d00004851d9aa52355e062f5de060adbf,https://open.spotify.com/track/0azC730Exh71aQlOt9Zj3y
120,2017-02-15,121,Up,Deja Vu,J. Cole,599200,https://i.scdn.co/image/fff50a2874dae97e76d3a78e55771d7c59719928,https://open.spotify.com/track/6I6NX6tjGsxFAsIfGzY9lJ
121,2017-02-15,122,Up,La Rompe Corazones,Daddy Yankee,595149,https://i.scdn.co/image/ab67616d00004851b84a36483e43bfbcb931fcde,https://open.spotify.com/track/4okba5wu9mMLXx79DXLKi3
122,2017-02-15,123,Up,Traicionera,Sebastian Yatra,592406,https://i.scdn.co/image/ab67616d00004851dbe5e9f934a9be5db8884c52,https://open.spotify.com/track/5J1c3M4EldCfNxXwrwt8mT
123,2017-02-15,124,Down,Halo,Beyoncé,590448,https://i.scdn.co/image/ab67616d00004851b4c5982e1b92f97a126fc18c,https://open.spotify.com/track/2CvOqDpQIMw69cCzWqr5yr
124,2017-02-15,125,Up,7 Years,Lukas Graham,588454,https://i.scdn.co/image/ab67616d0000485104d59cefa11f0eee9f1877a5,https://open.spotify.com/track/7129iqBafaphfc3WPCGC0L
125,2017-02-15,126,Up,Light,San Holo,587430,https://i.scdn.co/image/ab67616d000048514452e79f2bfa40e105e7c029,https://open.spotify.com/track/7zTx8ePYAmPFQuxP3xlXZn
126,2017-02-15,127,New,Cold,Maroon 5,585547,https://i.scdn.co/image/ab67616d000048514727f9e79c338683c5bf8921,https://open.spotify.com/track/5NNlUMcOEOdoOIwwaWXv0k
127,2017-02-15,128,Up,Not Going Home,DVBBS,584804,https://i.scdn.co/image/ab67616d000048519e48219a58924f86b6ab1137,https://open.spotify.com/track/042x9bsUBWW2fJgJ6fUh61
128,2017-02-15,129,Down,Send My Love (To Your New Lover),Adele,582017,https://i.scdn.co/image/ab67616d000048514c3bbcff5e7248e415548f12,https://open.spotify.com/track/4BHzQ9C00ceJxfG16AlNWb
129,2017-02-15,130,Up,Skin,Rag'n'Bone Man,581068,https://i.scdn.co/image/ab67616d0000485190a788beadaad34ff684d3ec,https://open.spotify.com/track/6y2Kaz9QI01XBKJ8mTb7Pf
130,2017-02-15,131,Up,"Sucker For Pain (with Wiz Khalifa, Imagine Dragons, Logic & Ty Dolla $ign feat. X Ambassadors)",Lil Wayne,574227,https://i.scdn.co/image/ab67616d000048517d8dfcfd507069d7f2062caf,https://open.spotify.com/track/4dASQiO1Eoo3RJvt74FtXB
131,2017-02-15,132,Up,"Helium - From ""Fifty Shades Darker (Original Motion Picture Soundtrack)""",Sia,572901,https://i.scdn.co/image/ab67616d000048511eb4b6d94e58873f4c775dc8,https://open.spotify.com/track/5fc6rQgAKiLutfUYWQ6QnJ
132,2017-02-15,133,Up,Sneakin’,Drake,568661,https://i.scdn.co/image/8b1f6991ae1192e214374d14d918140d04dbd8a7,https://open.spotify.com/track/4ckuS4Nj4FZ7i3Def3Br8W
133,2017-02-15,134,Down,Stay With Me,Sam Smith,568074,https://i.scdn.co/image/ab67616d000048514fb7193968e58e51c3db3ef4,https://open.spotify.com/track/5Db9VIdDsN5yu3Eu7CT0i4
134,2017-02-15,135,Up,"Bom Bidi Bom - From ""Fifty Shades Darker (Original Motion Picture Soundtrack)""",Nick Jonas,567510,https://i.scdn.co/image/ab67616d000048511eb4b6d94e58873f4c775dc8,https://open.spotify.com/track/4nDfc6F2uVcc6wdG7kBzWO
135,2017-02-15,136,Up,Fresh Eyes,Andy Grammer,566861,https://i.scdn.co/image/ab67616d0000485158dd2ff215d3baa7d4bd194f,https://open.spotify.com/track/4nMlau89VAjmV7agkl7OY3
136,2017-02-15,137,Up,Gyal You A Party Animal - Remix,Charly Black,565135,https://i.scdn.co/image/ab67616d0000485131a026a9d39e08006ddfb138,https://open.spotify.com/track/1AkTW13ysu0AJrwuM6UY0I
137,2017-02-15,138,Down,All I Need,Joakim Lundell,564217,https://i.scdn.co/image/ab67616d000048517774aab922fb0d2570c81b21,https://open.spotify.com/track/6vBgJ1SLmpB4VMcEVy1ovL
138,2017-02-15,139,Up,No Heart,21 Savage,561595,https://i.scdn.co/image/ab67616d000048512dd1ac4a61495080ef8f78ca,https://open.spotify.com/track/4gmmRb6bZJffOOiww1JGTO
139,2017-02-15,140,Down,Same Drugs,Chance the Rapper,557517,https://i.scdn.co/image/ab67616d00004851e71dd15fc5bdefd5bff70452,https://open.spotify.com/track/6m9qPYXmhge2QhBLfFKnVF
140,2017-02-15,141,Up,Work,Rihanna,556111,https://i.scdn.co/image/ab67616d000048510ed05634a469e5cf4789b0a7,https://open.spotify.com/track/14WWzenpaEgQZlqPq2nk4v
141,2017-02-15,142,Down,All of Me,John Legend,551654,https://i.scdn.co/image/ab67616d00004851a30a192002427d5d72622dfc,https://open.spotify.com/track/2q6tgiA9tpb6DMguABwCWE
142,2017-02-15,143,Up,The Mack,Nevada,550162,https://i.scdn.co/image/ab67616d00004851746ac799032f9af9c5268332,https://open.spotify.com/track/7aV2mflaASUmGhCErm7kBO
143,2017-02-15,144,Up,Controlla,Drake,549782,https://i.scdn.co/image/ab67616d00004851726abca207567d5e41cb9667,https://open.spotify.com/track/6F609ICg9Spjrw1epsAnpa
144,2017-02-15,145,Up,Look at Me!,XXXTENTACION,544711,https://i.scdn.co/image/ab67616d0000485113b2950c7c79c200f2b615d5,https://open.spotify.com/track/2oUuLLKS8WbF7ELJcwbqms
145,2017-02-15,146,Up,Shout Out to My Ex,Little Mix,542685,https://i.scdn.co/image/ab67616d000048512318bbb0586903290db2b270,https://open.spotify.com/track/0YHUITU3w6ws1v8ehT264g
146,2017-02-15,147,Up,Capsize,FRENSHIP,538846,https://i.scdn.co/image/ab67616d00004851670048174db73ef55039c7bf,https://open.spotify.com/track/2XMTqoHHSH0lvuXrvIEdco
147,2017-02-15,148,Flat,Needed Me,Rihanna,538027,https://i.scdn.co/image/ddc285ca9817c96c7719b3f2a759e108787db021,https://open.spotify.com/track/1Tt4sE4pXi57mTD1GCzsqm
148,2017-02-15,149,Up,Chill Bill,Rob $tone,530554,https://i.scdn.co/image/ab67616d000048516f3e9696889a2425338e0836,https://open.spotify.com/track/5uDASfU19gDxSjW8cnCaBp
149,2017-02-15,150,Up,Te Quiero Pa´Mi,Don Omar,528218,https://i.scdn.co/image/ab67616d00004851d0cb2a58e3bf5d7ac5ece16f,https://open.spotify.com/track/3BY2mafsbsoKGqS380Xnuz
150,2017-02-15,151,Up,This Town,Niall Horan,521642,https://i.scdn.co/image/ab67616d00004851cad02035314b784b53570eac,https://open.spotify.com/track/5nA67Y0XX9JipZwYxX7Gl7
151,2017-02-15,152,Up,This Girl (Kungs Vs. Cookin' On 3 Burners) - Kungs Vs. Cookin' On 3 Burners,Kungs,520456,https://i.scdn.co/image/ab67616d00004851f504cc56f3bd99bc61929272,https://open.spotify.com/track/0tICYNayWWhH9GPeFrfjfD
152,2017-02-15,153,Down,Take Me To Church,Hozier,517346,https://i.scdn.co/image/ab67616d00004851ace36cf9e943c024446cb83e,https://open.spotify.com/track/0IqKeD8ZSP72KbGYyzEcAs
153,2017-02-15,154,Up,Both (feat. Drake),Gucci Mane,514926,https://i.scdn.co/image/ab67616d000048518c75413c7f38b3f512a75b35,https://open.spotify.com/track/5tFep7dXGd7vEJ668wTPux
154,2017-02-15,155,Up,Andas En Mi Cabeza,Chino & Nacho,509738,https://i.scdn.co/image/ab67616d0000485166dad4487da6fc0dced2d0c6,https://open.spotify.com/track/5mey7CLLuFToM2P68Qu1gF
155,2017-02-15,156,Down,Let Her Go,Passenger,508299,https://i.scdn.co/image/ab67616d000048514566e671e5c947cba3a38436,https://open.spotify.com/track/2jyjhRf6DVbMPU5zxagN2h
156,2017-02-15,157,Up,Setting Fires,The Chainsmokers,504099,https://i.scdn.co/image/ab67616d000048519e076dc24d45c52fbf7232bb,https://open.spotify.com/track/0B8B8cVRFIG1yznoQe7c9s
157,2017-02-15,158,Up,Into You,Ariana Grande,501096,https://i.scdn.co/image/ab67616d000048517227f5854239a059af211d5b,https://open.spotify.com/track/7yHEDfrJNd0zWOfXwydNH0
158,2017-02-15,159,Up,Let It Go,James Bay,501060,https://i.scdn.co/image/abcbe01d6557c60388e976c9a535f26f73fcbf09,https://open.spotify.com/track/13HVjjWUZFaWilh2QUJKsP
159,2017-02-15,160,Up,Cake By The Ocean,DNCE,491604,https://i.scdn.co/image/ab67616d00004851a19a2912e1618ada66b2e6e8,https://open.spotify.com/track/2aFiaMXmWsM3Vj72F9ksBl
160,2017-02-15,161,Up,Location,Khalid,489762,https://i.scdn.co/image/ab67616d00004851988ede5e1276e758b5f9e577,https://open.spotify.com/track/152lZdxL1OR0ZMW6KquMif
161,2017-02-15,162,Up,Shaky Shaky,Daddy Yankee,487098,https://i.scdn.co/image/ab67616d00004851f0b25154a0858db46415fbe7,https://open.spotify.com/track/58IL315gMSTD37DOZPJ2hf
162,2017-02-15,163,Up,Love on Me,Galantis,485464,https://i.scdn.co/image/ab67616d000048510018d9ed29666f655586bccc,https://open.spotify.com/track/2MHCiOohBZEQuLgDTPvSzF
163,2017-02-15,164,Up,Love$ick,Mura Masa,483462,https://i.scdn.co/image/ab67616d0000485157da025deec1abbef50e4b31,https://open.spotify.com/track/5v9N8Rx3QsFvr50cxyQcA3
164,2017-02-15,165,Up,I Love You,Axwell /\ Ingrosso,483404,https://i.scdn.co/image/ab67616d00004851c9565af11453132958687a20,https://open.spotify.com/track/11Fo4dAH31K7UZHGqCkCmE
165,2017-02-15,166,Flat,Steady 1234 (feat. Jasmine Thompson & Skizzy Mars),Vice,482099,https://i.scdn.co/image/ab67616d000048516c3742dff9593add7c590e85,https://open.spotify.com/track/40UroIGvsMPLPBYwH8rMNA
166,2017-02-15,167,Flat,Slippery (feat. Gucci Mane),Migos,480279,https://i.scdn.co/image/ab67616d0000485199a8ab6da9d593939302828a,https://open.spotify.com/track/6p8NuHm8uCGnn2Dtbtf7zE
167,2017-02-15,168,Up,pick up the phone,Young Thug,478504,https://i.scdn.co/image/ab67616d00004851f54b99bf27cda88f4a7403ce,https://open.spotify.com/track/20dP2DaMHIAmwWAbp7peSr
168,2017-02-15,169,Up,Lean On (feat. MØ & DJ Snake),Major Lazer,472960,https://i.scdn.co/image/ab67616d000048519f55dad3a63f72f1bc8d6f59,https://open.spotify.com/track/4WjH9Bzt3kx7z8kl0awxh4
169,2017-02-15,170,Up,Six Feet Under,The Weeknd,471299,https://i.scdn.co/image/6aeaaebcbd861c8369b14366e8e0eca2fe96055d,https://open.spotify.com/track/4mU5iXHeLgbR94siF7p1sY
170,2017-02-15,171,Up,PILLOWTALK,ZAYN,470715,https://i.scdn.co/image/ab67616d00004851a15e26d05b7ce776b566579d,https://open.spotify.com/track/0PDUDa38GO8lMxLCRc4lL1
171,2017-02-15,172,Up,The Ocean (feat. Shy Martin),Mike Perry,469751,https://i.scdn.co/image/ab67616d000048517f401862bfe87b552a75308d,https://open.spotify.com/track/2CPqh63wRVscbceKcPxwvv
172,2017-02-15,173,Up,"Lose Yourself - From ""8 Mile"" Soundtrack",Eminem,469421,https://i.scdn.co/image/36440dfd440d23086573d62a32def35ecc42f111,https://open.spotify.com/track/5Z01UMMf7V1o0MzF86s6WJ
173,2017-02-15,174,Up,Final Song,MØ,466070,https://i.scdn.co/image/ab67616d00004851b7a02217229178b771ed0d4c,https://open.spotify.com/track/4qqArAiTPueDxIp7cf87h7
174,2017-02-15,175,Up,Down,Marian Hill,465451,https://i.scdn.co/image/ab67616d00004851c989c526b15cacc1a579a9c7,https://open.spotify.com/track/2dqLk7ezV15LEJEwUmEbXB
175,2017-02-15,176,Up,Chillax (feat. Ky-Mani Marley),Farruko,461900,https://i.scdn.co/image/ab67616d00004851118504cbeaf4187aaa601395,https://open.spotify.com/track/1lxswgIpzV6HhENRvkflES
176,2017-02-15,177,New,Magic,Thomas Gold,461264,https://i.scdn.co/image/500943c7bece0e56c536c46b5ae76eec219dba29,https://open.spotify.com/track/5abwHwUhywLGNli5NDcEN7
177,2017-02-15,178,Down,Kelly Price (feat. Travis Scott),Migos,460933,https://i.scdn.co/image/ab67616d0000485199a8ab6da9d593939302828a,https://open.spotify.com/track/204U3zjm9kkzX25Pr4Rdld
178,2017-02-15,179,Up,Dancing On My Own,Calum Scott,458434,https://i.scdn.co/image/ab67616d000048511867ffdead655859c87dacc2,https://open.spotify.com/track/02WacdrRpm4zlP8H7X6bnQ
179,2017-02-15,180,Down,Juke Jam (feat. Justin Bieber & Towkio),Chance the Rapper,457621,https://i.scdn.co/image/ab67616d00004851e71dd15fc5bdefd5bff70452,https://open.spotify.com/track/3eze1OsZ1rqeXkKStNfTmi
180,2017-02-15,181,Up,Hymn for the Weekend - Seeb Remix,Coldplay,453770,https://i.scdn.co/image/ab67616d00004851e42f212796979596843a7376,https://open.spotify.com/track/1OAiWI2oPmglaOiv9fdioU
181,2017-02-15,182,New,Shining (feat. Beyoncé & Jay-Z),DJ Khaled,453391,https://i.scdn.co/image/ab67616d00004851dcb6a73da1e7f293b875f69c,https://open.spotify.com/track/3OoZagIW3YK8vjt0ws6NOI
182,2017-02-15,183,Up,Light It Up (feat. Nyla & Fuse ODG) - Remix,Major Lazer,451685,https://i.scdn.co/image/ab67616d00004851751a2e5da4333e86814026ba,https://open.spotify.com/track/0L7loeTIg6akW84aEQZpCT
183,2017-02-15,184,New,Thumbs,Sabrina Carpenter,450860,https://i.scdn.co/image/ab67616d00004851b13cc7b6ba13bcd75cae73a1,https://open.spotify.com/track/3UjJP4ludb74a29P5EHEIo
184,2017-02-15,185,Up,Outlet,Desiigner,449298,https://i.scdn.co/image/ad669f173495de86ac8a795058e70cb9e7d61e8e,https://open.spotify.com/track/6E39QsoWB7JjphPF9xCQSN
185,2017-02-15,186,Up,So Good (feat. Ty Dolla $ign),Zara Larsson,447142,https://i.scdn.co/image/ab67616d000048519e1683774b22648f4f178ed3,https://open.spotify.com/track/54LGxQGf5LPXNGjtzDZ5IE
186,2017-02-15,187,Down,Make You Feel My Love,Adele,446139,https://i.scdn.co/image/ab67616d000048510bbda970634a810e124acaa5,https://open.spotify.com/track/7rPLZ8Krm6CZIbraFUlnWZ
187,2017-02-15,188,Down,A Thousand Years,Christina Perri,445947,https://i.scdn.co/image/ab67616d000048513dea4a2ccd58ad1f8e4dbb03,https://open.spotify.com/track/6lanRgr6wXibZr8KgzXxBl
188,2017-02-15,189,Down,When We Were Young,Adele,445505,https://i.scdn.co/image/ab67616d000048514c3bbcff5e7248e415548f12,https://open.spotify.com/track/7IWkJwX9C0J7tHurTD7ViL
189,2017-02-15,190,Up,White Iverson,Post Malone,443164,https://i.scdn.co/image/23bae95100dcb6ac8f88c19fa2a11c50a998a926,https://open.spotify.com/track/6eT7xZZlB2mwyzJ2sUKG6w
190,2017-02-15,191,Down,Wonderwall - Remastered,Oasis,442941,https://i.scdn.co/image/ab67616d0000485185e5dcc05cc216a10f141480,https://open.spotify.com/track/5qqabIl2vWzo9ApSC317sa
191,2017-02-15,192,New,DUELE EL CORAZON,Enrique Iglesias,442758,https://i.scdn.co/image/ab67616d0000485113dae8008773aede4a979a7d,https://open.spotify.com/track/6YZdkObH88npeKrrkb8Ggf
192,2017-02-15,193,Up,Never Be Like You,Flume,441799,https://i.scdn.co/image/ab67616d000048519eca0fdd60e06268050103e5,https://open.spotify.com/track/12REd1n8PeiHHWOh066tpr
193,2017-02-15,194,New,Stitches,Shawn Mendes,440486,https://i.scdn.co/image/ab67616d0000485147710f5e89677e4d048e744c,https://open.spotify.com/track/1WP1r7fuvRqZRnUaTi2I1Q
194,2017-02-15,195,New,Low Life,Future,439541,https://i.scdn.co/image/ab67616d00004851626745b3aa04899001a924ad,https://open.spotify.com/track/7EiZI6JVHllARrX9PUvAdX
195,2017-02-15,196,New,Middle,DJ Snake,438932,https://i.scdn.co/image/ab67616d000048515045de6786e0af096de73ed4,https://open.spotify.com/track/4OZEu0Vwq0RB2LAq14v99n
196,2017-02-15,197,New,'Till I Collapse,Eminem,434436,https://i.scdn.co/image/ab67616d00004851ccdb1982626f299b3b1d3efd,https://open.spotify.com/track/6yr8GiTHWvFfi4o6Q5ebdT
197,2017-02-15,198,New,The Hills,The Weeknd,433371,https://i.scdn.co/image/ab67616d00004851aac98daa18e4edf54d7a0a70,https://open.spotify.com/track/25khomWgBVamSdKw7hzm3l
198,2017-02-15,199,New,Fast Car,Jonas Blue,432978,https://i.scdn.co/image/ab67616d000048515cf78b9932b45387375528eb,https://open.spotify.com/track/6OZh916QF8XNunWaP97WEZ
199,2017-02-15,200,Down,"Love Me Like You Do - From ""Fifty Shades Of Grey""",Ellie Goulding,432763,https://i.scdn.co/image/d4c7dc706d5c3d434a9af6169b484458ee75d860,https://open.spotify.com/track/3zHq9ouUJQFQRf3cm1rRLu
