,Date,Position,Trend,Title,Artist,Streams,Icon_URL,Spotify_URL
0,2017-02-11,1,Flat,Shape of You,Ed Sheeran,7714323,https://i.scdn.co/image/ab67616d00004851ba5db46f4b838ef6027e6f96,https://open.spotify.com/track/7qiZfU4dY1lWllzX7mPBI3
1,2017-02-11,2,Flat,"I Don’t Wanna Live Forever (Fifty Shades Darker) - From ""Fifty Shades Darker (Original Motion Picture Soundtrack)""",ZAYN,4331920,https://i.scdn.co/image/ab67616d000048512ae921f082ae5db4d3da818f,https://open.spotify.com/track/3NdDpSvN911VPGivFlV5d0
2,2017-02-11,3,Up,Despacito (Featuring Daddy Yankee),Luis Fonsi,4131487,https://i.scdn.co/image/ab67616d00004851a5971936e3b8d91f8b616b17,https://open.spotify.com/track/4aWmUDTfIPGksMNLV2rQP2
3,2017-02-11,4,Down,Paris,The Chainsmokers,4038157,https://i.scdn.co/image/ab67616d000048510c13d3d5a503c84fcc60ae94,https://open.spotify.com/track/72jbDTw1piOOj770jWNeaG
4,2017-02-11,5,Flat,Rockabye (feat. Sean Paul & Anne-Marie),Clean Bandit,3127587,https://i.scdn.co/image/ab67616d000048511431c3bdf16aa99f71799d95,https://open.spotify.com/track/5knuzwU65gJK7IF5yJsuaW
5,2017-02-11,6,Flat,Castle on the Hill,Ed Sheeran,3004201,https://i.scdn.co/image/ab67616d00004851ba5db46f4b838ef6027e6f96,https://open.spotify.com/track/6PCUP3dWmTjcTtXY02oFdT
6,2017-02-11,7,Flat,Scared to Be Lonely,Martin Garrix,2980031,https://i.scdn.co/image/ab67616d0000485164f8a309aa3c0a66a31fc374,https://open.spotify.com/track/3ebXMykcMXOcLeJ9xZ17XH
7,2017-02-11,8,Flat,Starboy,The Weeknd,2740661,https://i.scdn.co/image/ab67616d000048510c8599cbde51245c128bcea9,https://open.spotify.com/track/5aAx2yezTd8zXrkmtKl66Z
8,2017-02-11,9,Up,Chained To The Rhythm,Katy Perry,2636983,https://i.scdn.co/image/ab67616d000048511487979a7e0181a5d0406d1a,https://open.spotify.com/track/6520aj0B4FSKGVuKNsOCOi
9,2017-02-11,10,Down,Say You Won't Let Go,James Arthur,2562028,https://i.scdn.co/image/ab67616d0000485120beb61f61fcbeb33b10a9ab,https://open.spotify.com/track/5uCax9HTNlzGybIStD3vDh
10,2017-02-11,11,Up,Bad and Boujee (feat. Lil Uzi Vert),Migos,2536436,https://i.scdn.co/image/ab67616d0000485199a8ab6da9d593939302828a,https://open.spotify.com/track/4Km5HrUvYTaSUfiSGPJeQR
11,2017-02-11,12,Up,Closer,The Chainsmokers,2523204,https://i.scdn.co/image/ab67616d00004851495ce6da9aeb159e94eaa453,https://open.spotify.com/track/7BKLCZ1jbUBVqRi2FVlTVw
12,2017-02-11,13,Down,I Feel It Coming,The Weeknd,2511228,https://i.scdn.co/image/b3683184efeb899b2d1a02f4957d0c630dc10b0b,https://open.spotify.com/track/5GXAXm5YOmYT0kL5jHvYBt
13,2017-02-11,14,Flat,Call On Me - Ryan Riback Extended Remix,Starley,2439798,https://i.scdn.co/image/ab67616d000048519d4079afc73664f86f055400,https://open.spotify.com/track/78rIJddV4X0HkNAInEcYde
14,2017-02-11,15,Flat,Chantaje (feat. Maluma),Shakira,2269239,https://i.scdn.co/image/ab67616d00004851d05d3aad30c5fb7614893cf5,https://open.spotify.com/track/6mICuAdrwEjh6Y6lroV2Kg
15,2017-02-11,16,Flat,Don't Wanna Know,Maroon 5,2191278,https://i.scdn.co/image/ab67616d00004851eec1912bbc2ff74b8203fe5f,https://open.spotify.com/track/5MFzQMkrl1FOOng9tq6R9r
16,2017-02-11,17,Flat,Just Hold On,Steve Aoki,2043264,https://i.scdn.co/image/ab67616d0000485122e2ce2de8bad6d67ee69b48,https://open.spotify.com/track/3EmmCZoqpWOTY1g2GBwJoR
17,2017-02-11,18,Up,Issues,Julia Michaels,2015921,https://i.scdn.co/image/ab67616d000048519615e35e0e9e4b2c3dccb520,https://open.spotify.com/track/1sXUWdKx03aP9Gmzft58rt
18,2017-02-11,19,Down,Bad Things (with Camila Cabello),Machine Gun Kelly,2014941,https://i.scdn.co/image/d5f976093a4dcbc5ea9d4c04b414207f8bdce469,https://open.spotify.com/track/1PSBzsahR2AKwLJgx8ehBj
19,2017-02-11,20,Up,Fake Love,Drake,1927151,https://i.scdn.co/image/6dfd956b9331fa9ea1f47ebb95311951ed72b3db,https://open.spotify.com/track/343YBumqHu19cGoGARUTsd
20,2017-02-11,21,Up,"How Far I'll Go - From ""Moana""",Alessia Cara,1886923,https://i.scdn.co/image/ab67616d00004851fb128b1eda22335050f584fe,https://open.spotify.com/track/5hYTyyh2odQKphUbMqc5gN
21,2017-02-11,22,Down,Run Up (feat. PARTYNEXTDOOR & Nicki Minaj),Major Lazer,1884213,https://i.scdn.co/image/ab67616d000048518036d7402a6a76aed04f1f98,https://open.spotify.com/track/0fg8CqpjdojMyXLNzM2PaJ
22,2017-02-11,23,Flat,Let Me Love You,DJ Snake,1883436,https://i.scdn.co/image/ab67616d000048515045de6786e0af096de73ed4,https://open.spotify.com/track/4pdPtRcBmOSQDlJ3Fk945m
23,2017-02-11,24,Up,24K Magic,Bruno Mars,1840651,https://i.scdn.co/image/ab67616d00004851232711f7d66a1e19e89e28c5,https://open.spotify.com/track/6b8Be6ljOzmkOmFslEb23P
24,2017-02-11,25,Down,Bounce Back,Big Sean,1761356,https://i.scdn.co/image/695d0c097d8463ccc2c2b9855fe44e3e9e7bc267,https://open.spotify.com/track/0SGkqnVQo9KPytSri1H6cF
25,2017-02-11,26,Flat,All Night,The Vamps,1731818,https://i.scdn.co/image/ab67616d00004851f03c9779c27137669304ea20,https://open.spotify.com/track/1yNyoWWWikbLhwIGWjZuDW
26,2017-02-11,27,Flat,Solo Dance,Martin Jensen,1699663,https://i.scdn.co/image/ab67616d00004851950d67dbe3f31f1d9a5d06a2,https://open.spotify.com/track/6HUnnBwYZqcED1eQztxMBN
27,2017-02-11,28,Flat,One Dance,Drake,1694485,https://i.scdn.co/image/ab67616d00004851726abca207567d5e41cb9667,https://open.spotify.com/track/1xznGGDReH1oQq0xzbwXa3
28,2017-02-11,29,Up,Hear Me Now,Alok,1652125,https://i.scdn.co/image/e308bad29e4cf6dc8aa5cd97449ef71bbb893d40,https://open.spotify.com/track/1a5Yu5L18qNxVhXx38njON
29,2017-02-11,30,Down,Weak,AJR,1624497,https://i.scdn.co/image/ab67616d00004851c5f3ca405ff6ed13dc554b94,https://open.spotify.com/track/3E2Zh20GDCR9B1EYjfXWyv
30,2017-02-11,31,Up,Reggaetón Lento (Bailemos),CNCO,1578837,https://i.scdn.co/image/ab67616d000048517db0f7ac4c612cce26ccacf9,https://open.spotify.com/track/3AEZUABDXNtecAOSC1qTfo
31,2017-02-11,32,Down,All Time Low,Jon Bellion,1569632,https://i.scdn.co/image/ff06a4138a99d272c24d2f6da9b5ea6067c054db,https://open.spotify.com/track/1CnPYaKxTVb4LWOtiGOm0m
32,2017-02-11,33,Up,El Amante,Nicky Jam,1551599,https://i.scdn.co/image/ab67616d00004851d77dbcd4dbd37cdfa61771fa,https://open.spotify.com/track/3umS4y3uQDkqekNjVpiRUs
33,2017-02-11,34,Down,Side To Side,Ariana Grande,1500740,https://i.scdn.co/image/ab67616d000048517227f5854239a059af211d5b,https://open.spotify.com/track/4pLwZjInHj3SimIyN9SnOz
34,2017-02-11,35,Down,Shed a Light,Robin Schulz,1459073,https://i.scdn.co/image/ab67616d000048517be189f322bc8155c103d6c9,https://open.spotify.com/track/1cG0umU5TKStygKsPFZ9pY
35,2017-02-11,36,Up,Cold Water (feat. Justin Bieber & MØ),Major Lazer,1441404,https://i.scdn.co/image/ab67616d000048512e8f1cca2bc8c9d55930523b,https://open.spotify.com/track/6DNtNfH8hXkqOX1sjqmI7p
36,2017-02-11,37,Down,Now and Later,Sage The Gemini,1440291,https://i.scdn.co/image/ab67616d0000485182d22e1d83fc1045ad33444a,https://open.spotify.com/track/43jBqV3j3Xi1g6wO0bhIMd
37,2017-02-11,38,Flat,In the Name of Love,Martin Garrix,1418655,https://i.scdn.co/image/ab67616d00004851923db3f255cd48a6d5783ebf,https://open.spotify.com/track/04DwTuZ2VBdJCCC5TROn7L
38,2017-02-11,39,Flat,Black Beatles,Rae Sremmurd,1405375,https://i.scdn.co/image/16293ab3b4f9301aeb5f41810fd7056d463db55e,https://open.spotify.com/track/6fujklziTHa8uoM5OQSfIo
39,2017-02-11,40,Up,I Would Like,Zara Larsson,1314491,https://i.scdn.co/image/ab67616d000048519e1683774b22648f4f178ed3,https://open.spotify.com/track/4Q4jmPHwu0wrJvqrld0FQ6
40,2017-02-11,41,Up,iSpy (feat. Lil Yachty),KYLE,1295479,https://i.scdn.co/image/ab67616d0000485132e373f2988bc6596a542d1c,https://open.spotify.com/track/2EEeOnHehOozLq4aS0n6SL
41,2017-02-11,42,Down,Don't Leave,Snakehips,1282120,https://i.scdn.co/image/ab67616d00004851b72a28b6f92b180a8a423e29,https://open.spotify.com/track/0Zx8khUcEfCFK2AEoIhC92
42,2017-02-11,43,Flat,My Way,Calvin Harris,1277828,https://i.scdn.co/image/ab67616d000048518d12bc5e3ea5c9f4a967de32,https://open.spotify.com/track/1vvNmPOiUuyCbgWmtc6yfm
43,2017-02-11,44,Up,T-Shirt,Migos,1235926,https://i.scdn.co/image/ab67616d0000485199a8ab6da9d593939302828a,https://open.spotify.com/track/7KOlJ92bu51cltsD9KU5I7
44,2017-02-11,45,Up,Alone,Alan Walker,1229695,https://i.scdn.co/image/ab67616d00004851f00ade2f88d8223521bc7f76,https://open.spotify.com/track/0JiVRyTJcJnmlwCZ854K4p
45,2017-02-11,46,Down,Starving,Hailee Steinfeld,1224329,https://i.scdn.co/image/ab67616d00004851612495ee5769c99125031be2,https://open.spotify.com/track/1qOLh0tI7trd1zdDKxYZTe
46,2017-02-11,47,Up,Mercy,Shawn Mendes,1166985,https://i.scdn.co/image/ab67616d00004851188e6332f32088921ab1eaf8,https://open.spotify.com/track/4TZy1wLyHec06pwgFYDh1a
47,2017-02-11,48,Down,Love Me Now,John Legend,1123246,https://i.scdn.co/image/ab67616d00004851fa2ba77d93b08258827bd2d2,https://open.spotify.com/track/6nxQdXa1uAL0rY72wPZu89
48,2017-02-11,49,Up,Otra vez (feat. J Balvin),Zion & Lennox,1103502,https://i.scdn.co/image/ab67616d0000485182eabf564ddc57325a84dd50,https://open.spotify.com/track/3QwBODjSEzelZyVjxPOHdq
49,2017-02-11,50,Up,Safari,J Balvin,1042849,https://i.scdn.co/image/ab67616d00004851338ffc4c72a192f06070546b,https://open.spotify.com/track/6rQSrBHf7HlZjtcMZ4S4bO
50,2017-02-11,51,Up,Human,Rag'n'Bone Man,1035471,https://i.scdn.co/image/ab67616d0000485190a788beadaad34ff684d3ec,https://open.spotify.com/track/58zsLZPvfflaiIbNWoA22O
51,2017-02-11,52,Up,Caroline,Aminé,1026078,https://i.scdn.co/image/ab67616d00004851a7f01ef25974c10cdbbd566e,https://open.spotify.com/track/5GFDrUTLGJix84sNhjCG0g
52,2017-02-11,53,Down,All We Know,The Chainsmokers,1025735,https://i.scdn.co/image/ab67616d00004851ff8d8c5662a96d41433e9ee1,https://open.spotify.com/track/2rizacJSyD9S1IQUxUxnsK
53,2017-02-11,54,Flat,Heathens,Twenty One Pilots,997003,https://i.scdn.co/image/ab67616d000048512ca3ba8f334ca5a5f0312efb,https://open.spotify.com/track/6i0V12jOa3mr6uu4WYhUBr
54,2017-02-11,55,Up,Believer,Imagine Dragons,984020,https://i.scdn.co/image/ab67616d000048517956bd9a3d7a15e4c2e37cc6,https://open.spotify.com/track/0CcQNd8CINkwQfe1RDtGV6
55,2017-02-11,56,Up,You Don't Know Me - Radio Edit,Jax Jones,983612,https://i.scdn.co/image/ab67616d00004851dd05a1716e2f07a07b8ccfe3,https://open.spotify.com/track/00lNx0OcTJrS3MKHcB80HY
56,2017-02-11,57,Up,Congratulations,Post Malone,977802,https://i.scdn.co/image/23bae95100dcb6ac8f88c19fa2a11c50a998a926,https://open.spotify.com/track/3a1lNhkSLSkpJE4MSHpDu9
57,2017-02-11,58,Flat,I Got You,Bebe Rexha,970423,https://i.scdn.co/image/ab67616d00004851809adcbcfe88c94fd2a706c1,https://open.spotify.com/track/1FUViuNSldssMIawrOXF2i
58,2017-02-11,59,Down,Treat You Better,Shawn Mendes,969437,https://i.scdn.co/image/ab67616d00004851188e6332f32088921ab1eaf8,https://open.spotify.com/track/4Hf7WnR761jpxPr5D46Bcd
59,2017-02-11,60,Up,Sunset Lover,Petit Biscuit,959484,https://i.scdn.co/image/ab67616d00004851014080d39d56c94c0b285362,https://open.spotify.com/track/0hNduWmlWmEmuwEFcYvRu1
60,2017-02-11,61,Down,Moves,Big Sean,955570,https://i.scdn.co/image/695d0c097d8463ccc2c2b9855fe44e3e9e7bc267,https://open.spotify.com/track/0Fv5N0cHBsl4bzCbollCAS
61,2017-02-11,62,Down,Scars To Your Beautiful,Alessia Cara,946694,https://i.scdn.co/image/5b9e5bd34ec840f07c8530e43a76b1b5e08d8b77,https://open.spotify.com/track/0prNGof3XqfTvNDxHonvdK
62,2017-02-11,63,Flat,"CAN'T STOP THE FEELING! (Original Song from DreamWorks Animation's ""TROLLS"")",Justin Timberlake,944644,https://i.scdn.co/image/ab67616d00004851ef37416970812293c08e8a78,https://open.spotify.com/track/6JV2JOEocMgcZxYSZelKcc
63,2017-02-11,64,Down,No Favors,Big Sean,931705,https://i.scdn.co/image/695d0c097d8463ccc2c2b9855fe44e3e9e7bc267,https://open.spotify.com/track/1MksGqIztTT6M9R1ErKVs8
64,2017-02-11,65,Down,Don't Let Me Down,The Chainsmokers,918174,https://i.scdn.co/image/ab67616d0000485108d87fb54859bc9038f7e5e0,https://open.spotify.com/track/0QsvXIfqM0zZoerQfsI9lm
65,2017-02-11,66,Up,Broccoli (feat. Lil Yachty),DRAM,895483,https://i.scdn.co/image/ab67616d00004851f02a1575a59bd05998826351,https://open.spotify.com/track/7yyRTcZmCiyzzJlNzGC9Ol
66,2017-02-11,67,Up,Vente Pa' Ca,Ricky Martin,889905,https://i.scdn.co/image/ab67616d000048513d90f5938459be40b7b6652a,https://open.spotify.com/track/7DM4BPaS7uofFul3ywMe46
67,2017-02-11,68,Down,Water Under the Bridge,Adele,883711,https://i.scdn.co/image/ab67616d000048514c3bbcff5e7248e415548f12,https://open.spotify.com/track/4vb4mFvYsr2h6enhjJsq9Y
68,2017-02-11,69,Up,Touch,Little Mix,876141,https://i.scdn.co/image/ab67616d000048512318bbb0586903290db2b270,https://open.spotify.com/track/5Ua3GXyHwiSfpNTMjq6m2z
69,2017-02-11,70,Down,Lot to Learn,Luke Christopher,867566,https://i.scdn.co/image/ab67616d000048513f0bd8f231c9b6433be929b1,https://open.spotify.com/track/3TRFq09DUgYj1mug6RRqJW
70,2017-02-11,71,Down,By Your Side,Jonas Blue,863629,https://i.scdn.co/image/ab67616d00004851bd4b658f3aead04637924c28,https://open.spotify.com/track/1D3ODoXHBLpdxolZRHWV1j
71,2017-02-11,72,Down,It's Gotta Be You,Isaiah,833750,https://i.scdn.co/image/ab67616d00004851d43b5e86edff2089b91357e6,https://open.spotify.com/track/6cAKeFFYW2aClZSUyvqAEW
72,2017-02-11,73,Up,Party Monster,The Weeknd,829041,https://i.scdn.co/image/6aeaaebcbd861c8369b14366e8e0eca2fe96055d,https://open.spotify.com/track/4F7A0DXBrmUAkp32uenhZt
73,2017-02-11,74,Up,"Ay Mi Dios (feat. Pitbull, Yandel & Chacal)",IAmChino,828064,https://i.scdn.co/image/ab67616d000048511568fbc07414eb185c58ef62,https://open.spotify.com/track/6stYbAJgTszHAHZMPxWWCY
74,2017-02-11,75,Flat,We Don't Talk Anymore,Charlie Puth,821107,https://i.scdn.co/image/ab67616d00004851c0e28105f0533c52717c46c2,https://open.spotify.com/track/68EMU2RD1ECNeOeJ5qAXCV
75,2017-02-11,76,Down,Make Me (Cry),Noah Cyrus,818699,https://i.scdn.co/image/ab67616d00004851bf2ec8b87525fbd01fb0111f,https://open.spotify.com/track/2BrzlUj1u1CtvaJDGIKpsP
76,2017-02-11,77,Up,Vacaciones,Wisin,812543,https://i.scdn.co/image/ab67616d00004851c85f0d16973e9dae6f8a786c,https://open.spotify.com/track/3dQDid3IUNhZy1OehIfYfE
77,2017-02-11,78,Flat,Sexual,NEIKED,803787,https://i.scdn.co/image/ab67616d000048519c5e27aff6792af94e972af9,https://open.spotify.com/track/3AsAuGTaDQzavZZThyYlop
78,2017-02-11,79,Down,Photograph,Ed Sheeran,799336,https://i.scdn.co/image/ab67616d00004851d08209944468440145f01524,https://open.spotify.com/track/6fxVffaTuwjgEk5h9QyRjy
79,2017-02-11,80,Flat,History,Olivia Holt,779366,https://i.scdn.co/image/ab67616d000048519e21eab426152ef9078d6b94,https://open.spotify.com/track/0WCEaydwN65cvwaW8aqptF
80,2017-02-11,81,Up,I Took A Pill In Ibiza - Seeb Remix,Mike Posner,778067,https://i.scdn.co/image/ab67616d0000485140512e02a594e3378c0256e6,https://open.spotify.com/track/17Fd6Yb7mSbinKG8LoWfFl
81,2017-02-11,82,Up,September Song,JP Cooper,776312,https://i.scdn.co/image/ab67616d000048511400ec742ee0935608e30700,https://open.spotify.com/track/0FuTx2s3YH1ppmtiM6l0zI
82,2017-02-11,83,Up,Me Llamas (feat. Maluma) - Remix,Piso 21,774448,https://i.scdn.co/image/ab67616d000048511e1eafb5d2bb1ca39d26f092,https://open.spotify.com/track/5hEM0JchdVzQ5PwvSfITeX
83,2017-02-11,84,Down,Lighthouse - Andrelli Remix,Hearts & Colors,770396,https://i.scdn.co/image/d19cc054c261b243b0663223cf69bc256d700f07,https://open.spotify.com/track/04CttTezSnv71USiiG9mIo
84,2017-02-11,85,Up,That's What I Like,Bruno Mars,754811,https://i.scdn.co/image/ab67616d00004851232711f7d66a1e19e89e28c5,https://open.spotify.com/track/0KKkJNfGyhkQ5aFogxQAPU
85,2017-02-11,86,Up,Dile Que Tu Me Quieres,Ozuna,742183,https://i.scdn.co/image/ab67616d0000485133bbd31551e01896f58d688f,https://open.spotify.com/track/20ZAJdsKB5IGbGj4ilRt2o
86,2017-02-11,87,Up,Ride,Twenty One Pilots,727943,https://i.scdn.co/image/ab67616d00004851de03bfc2991fd5bcfde65ba3,https://open.spotify.com/track/2Z8WuEywRWYTKe1NybPQEW
87,2017-02-11,88,Up,Stressed Out,Twenty One Pilots,726620,https://i.scdn.co/image/ab67616d00004851de03bfc2991fd5bcfde65ba3,https://open.spotify.com/track/3CRDbSIZ4r5MsZ0YwxuEkn
88,2017-02-11,89,Down,Million Reasons,Lady Gaga,721752,https://i.scdn.co/image/ab67616d00004851dd0b256c733c96b653ab5cde,https://open.spotify.com/track/50PWlIBU7PlGGwzgN8TiFJ
89,2017-02-11,90,Flat,Cake - Challenge Version,Flo Rida,719844,https://i.scdn.co/image/ab67616d00004851b765afdf5f6a2bc83eb5f378,https://open.spotify.com/track/6t2ubAB4iSYOuIpRAOGd4t
90,2017-02-11,91,Down,Thinking out Loud,Ed Sheeran,718801,https://i.scdn.co/image/ab67616d00004851d08209944468440145f01524,https://open.spotify.com/track/1Slwb6dOYkBlWal1PGtnNg
91,2017-02-11,92,Up,"Sola (Remix) [feat. Daddy Yankee, Wisin, Farruko, Zion & Lennox]",Anuel AA,717717,https://i.scdn.co/image/ab67616d00004851a66def7d649149464edc8f1e,https://open.spotify.com/track/5q2JbCNi4FcnglgPfxcV65
92,2017-02-11,93,Up,No Lie,Sean Paul,716941,https://i.scdn.co/image/ab67616d000048514782809e4cd19cefc99048f7,https://open.spotify.com/track/3cFsmM51N5zMAuu1nNY4Tw
93,2017-02-11,94,Down,X (feat. Future),21 Savage,716271,https://i.scdn.co/image/ab67616d000048512dd1ac4a61495080ef8f78ca,https://open.spotify.com/track/6fwdbPMwP1zVStm8FybmkO
94,2017-02-11,95,Down,Cheap Thrills,Sia,710971,https://i.scdn.co/image/ab67616d0000485149e0134c686547c28b7c999f,https://open.spotify.com/track/27SdWb2rFzO6GWiYDBTD9j
95,2017-02-11,96,Down,Redbone,Childish Gambino,697268,https://i.scdn.co/image/ab67616d000048510b97e56ffad7c6211aa848f8,https://open.spotify.com/track/3kxfsdsCpFgN412fpnW85Y
96,2017-02-11,97,Up,La Bicicleta,Carlos Vives,694770,https://i.scdn.co/image/ab67616d00004851d05d3aad30c5fb7614893cf5,https://open.spotify.com/track/0sXvAOmXgjR2QUqLK1MltU
97,2017-02-11,98,Up,Perfect Strangers,Jonas Blue,694063,https://i.scdn.co/image/ab67616d0000485179882e87678a76bc1d895e94,https://open.spotify.com/track/1CUVN2kn7mW5FjkqXTR2W1
98,2017-02-11,99,Up,Panda,Desiigner,687288,https://i.scdn.co/image/ab67616d000048513df69bfb7713d8262820612b,https://open.spotify.com/track/5OOkp4U9P9oL23maHFHL1h
99,2017-02-11,100,Down,The Greatest,Sia,682969,https://i.scdn.co/image/ab67616d00004851754b2fddebe7039fdb912837,https://open.spotify.com/track/7xHWNBFm6ObGEQPaUxHuKO
100,2017-02-11,101,Up,Work from Home (feat. Ty Dolla $ign),Fifth Harmony,672543,https://i.scdn.co/image/ab67616d00004851d03fa6f4e758282b7920b5c8,https://open.spotify.com/track/4tCtwWceOPWzenK2HAIJSb
101,2017-02-11,102,Flat,Faded,Alan Walker,671360,https://i.scdn.co/image/ab67616d00004851c4d00cac55ae1b4598c9bc90,https://open.spotify.com/track/7gHs73wELdeycvS48JfIos
102,2017-02-11,103,Down,This Is What You Came For,Calvin Harris,669451,https://i.scdn.co/image/ab67616d00004851d9aa52355e062f5de060adbf,https://open.spotify.com/track/0azC730Exh71aQlOt9Zj3y
103,2017-02-11,104,Up,Traicionera,Sebastian Yatra,665899,https://i.scdn.co/image/ab67616d00004851dbe5e9f934a9be5db8884c52,https://open.spotify.com/track/5J1c3M4EldCfNxXwrwt8mT
104,2017-02-11,105,Up,Too Good,Drake,662865,https://i.scdn.co/image/ab67616d00004851726abca207567d5e41cb9667,https://open.spotify.com/track/11KJSRSgaDxqydKYiD2Jew
105,2017-02-11,106,Down,Romantic - NOTD Remix,Stanaj,661681,https://i.scdn.co/image/ab67616d000048517861e14b4da5cfac6fb0c65b,https://open.spotify.com/track/3SGWp9fJCzgK0WcpcKSQdy
106,2017-02-11,107,Up,Body Like A Back Road,Sam Hunt,660693,https://i.scdn.co/image/ab67616d000048519eccbdab1110afc4d5a186a8,https://open.spotify.com/track/7mldq42yDuxiUNn08nvzHO
107,2017-02-11,108,Down,Some Kind Of Drug,G-Eazy,659364,https://i.scdn.co/image/ab67616d0000485198acfa8c055deedc25e6081d,https://open.spotify.com/track/1Bqxj0aH5KewYHKUg1IdrF
108,2017-02-11,109,Down,Versace on the Floor,Bruno Mars,655491,https://i.scdn.co/image/ab67616d00004851232711f7d66a1e19e89e28c5,https://open.spotify.com/track/0kN8xEmgMW9mh7UmDYHlJP
109,2017-02-11,110,Up,Sorry,Justin Bieber,654174,https://i.scdn.co/image/ab67616d00004851b6d9a4fbb0bd49f0f034aead,https://open.spotify.com/track/69bp2EbF7Q2rqc5N3ylezZ
110,2017-02-11,111,Flat,Love Yourself,Justin Bieber,653958,https://i.scdn.co/image/ab67616d00004851b6d9a4fbb0bd49f0f034aead,https://open.spotify.com/track/3hB5DgAiMAQ4DzYbsMq1IT
111,2017-02-11,112,Up,Swang,Rae Sremmurd,644985,https://i.scdn.co/image/16293ab3b4f9301aeb5f41810fd7056d463db55e,https://open.spotify.com/track/6mapJIPnQ23RTAevUoE0DL
112,2017-02-11,113,Down,The Mack,Nevada,643570,https://i.scdn.co/image/ab67616d00004851746ac799032f9af9c5268332,https://open.spotify.com/track/7aV2mflaASUmGhCErm7kBO
113,2017-02-11,114,Up,Gyal You A Party Animal - Remix,Charly Black,625219,https://i.scdn.co/image/ab67616d0000485131a026a9d39e08006ddfb138,https://open.spotify.com/track/1AkTW13ysu0AJrwuM6UY0I
114,2017-02-11,115,Down,"i hate u, i love u (feat. olivia o'brien)",gnash,618144,https://i.scdn.co/image/ab67616d0000485108862f843ea27f44f8e8cbd8,https://open.spotify.com/track/7vRriwrloYVaoAe3a9wJHe
115,2017-02-11,116,Up,Sneakin’,Drake,616146,https://i.scdn.co/image/8b1f6991ae1192e214374d14d918140d04dbd8a7,https://open.spotify.com/track/4ckuS4Nj4FZ7i3Def3Br8W
116,2017-02-11,117,Up,"Sucker For Pain (with Wiz Khalifa, Imagine Dragons, Logic & Ty Dolla $ign feat. X Ambassadors)",Lil Wayne,616064,https://i.scdn.co/image/ab67616d000048517d8dfcfd507069d7f2062caf,https://open.spotify.com/track/4dASQiO1Eoo3RJvt74FtXB
117,2017-02-11,118,Up,Chill Bill,Rob $tone,612768,https://i.scdn.co/image/ab67616d000048516f3e9696889a2425338e0836,https://open.spotify.com/track/5uDASfU19gDxSjW8cnCaBp
118,2017-02-11,119,Down,goosebumps,Travis Scott,611373,https://i.scdn.co/image/ab67616d00004851f54b99bf27cda88f4a7403ce,https://open.spotify.com/track/6gBFPUFcJLzWGx4lenP6h2
119,2017-02-11,120,Flat,The Other,Lauv,607455,https://i.scdn.co/image/ab67616d000048513c6e07056b26bb9804a596da,https://open.spotify.com/track/1lntL1cI2UIWlxjL5QiN8g
120,2017-02-11,121,Down,Not Going Home,DVBBS,603026,https://i.scdn.co/image/ab67616d000048519e48219a58924f86b6ab1137,https://open.spotify.com/track/042x9bsUBWW2fJgJ6fUh61
121,2017-02-11,122,Down,Oceans Away,A R I Z O N A,598170,https://i.scdn.co/image/ab67616d0000485150a25f1cb71018982b81ca2b,https://open.spotify.com/track/6A8dnC0xkiuWN4BshmTB2I
122,2017-02-11,123,Up,No Heart,21 Savage,597354,https://i.scdn.co/image/ab67616d000048512dd1ac4a61495080ef8f78ca,https://open.spotify.com/track/4gmmRb6bZJffOOiww1JGTO
123,2017-02-11,124,Down,Deja Vu,J. Cole,595502,https://i.scdn.co/image/fff50a2874dae97e76d3a78e55771d7c59719928,https://open.spotify.com/track/6I6NX6tjGsxFAsIfGzY9lJ
124,2017-02-11,125,Up,Work,Rihanna,592734,https://i.scdn.co/image/ab67616d000048510ed05634a469e5cf4789b0a7,https://open.spotify.com/track/14WWzenpaEgQZlqPq2nk4v
125,2017-02-11,126,Up,Controlla,Drake,587057,https://i.scdn.co/image/ab67616d00004851726abca207567d5e41cb9667,https://open.spotify.com/track/6F609ICg9Spjrw1epsAnpa
126,2017-02-11,127,Up,Sooner Or Later,Aaron Carter,586339,https://i.scdn.co/image/ab67616d000048511f7d1e684ec89fe11a4fdc37,https://open.spotify.com/track/6wV12xIUb8oFY7lBy4KuQe
127,2017-02-11,128,Up,This Girl (Kungs Vs. Cookin' On 3 Burners) - Kungs Vs. Cookin' On 3 Burners,Kungs,576445,https://i.scdn.co/image/ab67616d00004851f504cc56f3bd99bc61929272,https://open.spotify.com/track/0tICYNayWWhH9GPeFrfjfD
128,2017-02-11,129,Down,Light,San Holo,574539,https://i.scdn.co/image/ab67616d000048514452e79f2bfa40e105e7c029,https://open.spotify.com/track/7zTx8ePYAmPFQuxP3xlXZn
129,2017-02-11,130,Down,Love On The Brain,Rihanna,574286,https://i.scdn.co/image/ddc285ca9817c96c7719b3f2a759e108787db021,https://open.spotify.com/track/2aksifNn5ph8igDOkPBA02
130,2017-02-11,131,New,Be the One,Dua Lipa,571435,https://i.scdn.co/image/ab67616d000048516b915e407b70e121e06fe979,https://open.spotify.com/track/7FCfMXYTIiQ9b4hDYs4Iol
131,2017-02-11,132,Down,Capsize,FRENSHIP,570990,https://i.scdn.co/image/ab67616d00004851670048174db73ef55039c7bf,https://open.spotify.com/track/2XMTqoHHSH0lvuXrvIEdco
132,2017-02-11,133,Up,Te Quiero Pa´Mi,Don Omar,564596,https://i.scdn.co/image/ab67616d00004851d0cb2a58e3bf5d7ac5ece16f,https://open.spotify.com/track/3BY2mafsbsoKGqS380Xnuz
133,2017-02-11,134,Up,Shaky Shaky,Daddy Yankee,562591,https://i.scdn.co/image/ab67616d00004851f0b25154a0858db46415fbe7,https://open.spotify.com/track/58IL315gMSTD37DOZPJ2hf
134,2017-02-11,135,Up,7 Years,Lukas Graham,560418,https://i.scdn.co/image/ab67616d0000485104d59cefa11f0eee9f1877a5,https://open.spotify.com/track/7129iqBafaphfc3WPCGC0L
135,2017-02-11,136,Up,Andas En Mi Cabeza,Chino & Nacho,557337,https://i.scdn.co/image/ab67616d0000485166dad4487da6fc0dced2d0c6,https://open.spotify.com/track/5mey7CLLuFToM2P68Qu1gF
136,2017-02-11,137,Up,Shout Out to My Ex,Little Mix,557194,https://i.scdn.co/image/ab67616d000048512318bbb0586903290db2b270,https://open.spotify.com/track/0YHUITU3w6ws1v8ehT264g
137,2017-02-11,138,Down,Needed Me,Rihanna,556289,https://i.scdn.co/image/ddc285ca9817c96c7719b3f2a759e108787db021,https://open.spotify.com/track/1Tt4sE4pXi57mTD1GCzsqm
138,2017-02-11,139,Up,La Rompe Corazones,Daddy Yankee,552542,https://i.scdn.co/image/ab67616d00004851b84a36483e43bfbcb931fcde,https://open.spotify.com/track/4okba5wu9mMLXx79DXLKi3
139,2017-02-11,140,Down,Fresh Eyes,Andy Grammer,549392,https://i.scdn.co/image/ab67616d0000485158dd2ff215d3baa7d4bd194f,https://open.spotify.com/track/4nMlau89VAjmV7agkl7OY3
140,2017-02-11,141,Up,Cake By The Ocean,DNCE,542279,https://i.scdn.co/image/ab67616d00004851a19a2912e1618ada66b2e6e8,https://open.spotify.com/track/2aFiaMXmWsM3Vj72F9ksBl
141,2017-02-11,142,Up,Love on Me,Galantis,537650,https://i.scdn.co/image/ab67616d000048510018d9ed29666f655586bccc,https://open.spotify.com/track/2MHCiOohBZEQuLgDTPvSzF
142,2017-02-11,143,Up,The Ocean (feat. Shy Martin),Mike Perry,536630,https://i.scdn.co/image/ab67616d000048517f401862bfe87b552a75308d,https://open.spotify.com/track/2CPqh63wRVscbceKcPxwvv
143,2017-02-11,144,Down,Both (feat. Drake),Gucci Mane,534562,https://i.scdn.co/image/ab67616d000048518c75413c7f38b3f512a75b35,https://open.spotify.com/track/5tFep7dXGd7vEJ668wTPux
144,2017-02-11,145,Down,Hymn for the Weekend - Seeb Remix,Coldplay,531121,https://i.scdn.co/image/ab67616d00004851e42f212796979596843a7376,https://open.spotify.com/track/1OAiWI2oPmglaOiv9fdioU
145,2017-02-11,146,Down,Setting Fires,The Chainsmokers,525925,https://i.scdn.co/image/ab67616d000048519e076dc24d45c52fbf7232bb,https://open.spotify.com/track/0B8B8cVRFIG1yznoQe7c9s
146,2017-02-11,147,Down,Steady 1234 (feat. Jasmine Thompson & Skizzy Mars),Vice,522792,https://i.scdn.co/image/ab67616d000048516c3742dff9593add7c590e85,https://open.spotify.com/track/40UroIGvsMPLPBYwH8rMNA
147,2017-02-11,148,Up,Chillax (feat. Ky-Mani Marley),Farruko,522208,https://i.scdn.co/image/ab67616d00004851118504cbeaf4187aaa601395,https://open.spotify.com/track/1lxswgIpzV6HhENRvkflES
148,2017-02-11,149,Down,Into You,Ariana Grande,519423,https://i.scdn.co/image/ab67616d000048517227f5854239a059af211d5b,https://open.spotify.com/track/7yHEDfrJNd0zWOfXwydNH0
149,2017-02-11,150,Down,Light It Up (feat. Nyla & Fuse ODG) - Remix,Major Lazer,511908,https://i.scdn.co/image/ab67616d00004851751a2e5da4333e86814026ba,https://open.spotify.com/track/0L7loeTIg6akW84aEQZpCT
150,2017-02-11,151,Up,pick up the phone,Young Thug,507541,https://i.scdn.co/image/ab67616d00004851f54b99bf27cda88f4a7403ce,https://open.spotify.com/track/20dP2DaMHIAmwWAbp7peSr
151,2017-02-11,152,Up,Lean On (feat. MØ & DJ Snake),Major Lazer,502309,https://i.scdn.co/image/ab67616d000048519f55dad3a63f72f1bc8d6f59,https://open.spotify.com/track/4WjH9Bzt3kx7z8kl0awxh4
152,2017-02-11,153,Up,DUELE EL CORAZON,Enrique Iglesias,496881,https://i.scdn.co/image/ab67616d0000485113dae8008773aede4a979a7d,https://open.spotify.com/track/6YZdkObH88npeKrrkb8Ggf
153,2017-02-11,154,Down,Kelly Price (feat. Travis Scott),Migos,494342,https://i.scdn.co/image/ab67616d0000485199a8ab6da9d593939302828a,https://open.spotify.com/track/204U3zjm9kkzX25Pr4Rdld
154,2017-02-11,155,Up,No Problem (feat. Lil Wayne & 2 Chainz),Chance the Rapper,493327,https://i.scdn.co/image/ab67616d00004851e71dd15fc5bdefd5bff70452,https://open.spotify.com/track/0v9Wz8o0BT8DU38R4ddjeH
155,2017-02-11,156,Up,This Town,Niall Horan,492818,https://i.scdn.co/image/ab67616d00004851cad02035314b784b53570eac,https://open.spotify.com/track/5nA67Y0XX9JipZwYxX7Gl7
156,2017-02-11,157,Up,Love$ick,Mura Masa,492246,https://i.scdn.co/image/ab67616d0000485157da025deec1abbef50e4b31,https://open.spotify.com/track/5v9N8Rx3QsFvr50cxyQcA3
157,2017-02-11,158,Up,Borro Cassette,Maluma,486889,https://i.scdn.co/image/ab67616d000048513c3acd23605ccd1a9fd038bd,https://open.spotify.com/track/6DUdDIRgLqCGq1DwkNWQTN
158,2017-02-11,159,Up,Hello,Adele,483425,https://i.scdn.co/image/ab67616d000048514c3bbcff5e7248e415548f12,https://open.spotify.com/track/4sPmO7WMQUAf45kwMOtONw
159,2017-02-11,160,Up,Final Song,MØ,481109,https://i.scdn.co/image/ab67616d00004851b7a02217229178b771ed0d4c,https://open.spotify.com/track/4qqArAiTPueDxIp7cf87h7
160,2017-02-11,161,Flat,Outlet,Desiigner,474418,https://i.scdn.co/image/ad669f173495de86ac8a795058e70cb9e7d61e8e,https://open.spotify.com/track/6E39QsoWB7JjphPF9xCQSN
161,2017-02-11,162,Up,PILLOWTALK,ZAYN,472796,https://i.scdn.co/image/ab67616d00004851a15e26d05b7ce776b566579d,https://open.spotify.com/track/0PDUDa38GO8lMxLCRc4lL1
162,2017-02-11,163,New,Look at Me!,XXXTENTACION,472302,https://i.scdn.co/image/ab67616d0000485113b2950c7c79c200f2b615d5,https://open.spotify.com/track/2oUuLLKS8WbF7ELJcwbqms
163,2017-02-11,164,Up,Middle,DJ Snake,470437,https://i.scdn.co/image/ab67616d000048515045de6786e0af096de73ed4,https://open.spotify.com/track/4OZEu0Vwq0RB2LAq14v99n
164,2017-02-11,165,Down,Slippery (feat. Gucci Mane),Migos,467728,https://i.scdn.co/image/ab67616d0000485199a8ab6da9d593939302828a,https://open.spotify.com/track/6p8NuHm8uCGnn2Dtbtf7zE
165,2017-02-11,166,Up,Send My Love (To Your New Lover),Adele,460232,https://i.scdn.co/image/ab67616d000048514c3bbcff5e7248e415548f12,https://open.spotify.com/track/4BHzQ9C00ceJxfG16AlNWb
166,2017-02-11,167,Down,"Lose Yourself - From ""8 Mile"" Soundtrack",Eminem,459033,https://i.scdn.co/image/36440dfd440d23086573d62a32def35ecc42f111,https://open.spotify.com/track/5Z01UMMf7V1o0MzF86s6WJ
167,2017-02-11,168,Up,Fast Car,Jonas Blue,455954,https://i.scdn.co/image/ab67616d000048515cf78b9932b45387375528eb,https://open.spotify.com/track/6OZh916QF8XNunWaP97WEZ
168,2017-02-11,169,Down,So Good (feat. Ty Dolla $ign),Zara Larsson,453684,https://i.scdn.co/image/ab67616d000048519e1683774b22648f4f178ed3,https://open.spotify.com/track/54LGxQGf5LPXNGjtzDZ5IE
169,2017-02-11,170,Down,Sacrifices,Big Sean,453534,https://i.scdn.co/image/695d0c097d8463ccc2c2b9855fe44e3e9e7bc267,https://open.spotify.com/track/1r0faljjM2b876iNoaDUh5
170,2017-02-11,171,Up,Stitches,Shawn Mendes,452592,https://i.scdn.co/image/ab67616d0000485147710f5e89677e4d048e744c,https://open.spotify.com/track/1WP1r7fuvRqZRnUaTi2I1Q
171,2017-02-11,172,Down,Six Feet Under,The Weeknd,451809,https://i.scdn.co/image/6aeaaebcbd861c8369b14366e8e0eca2fe96055d,https://open.spotify.com/track/4mU5iXHeLgbR94siF7p1sY
172,2017-02-11,173,Up,Low Life,Future,449236,https://i.scdn.co/image/ab67616d00004851626745b3aa04899001a924ad,https://open.spotify.com/track/7EiZI6JVHllARrX9PUvAdX
173,2017-02-11,174,Up,"Me, Myself & I",G-Eazy,448375,https://i.scdn.co/image/ab67616d0000485198acfa8c055deedc25e6081d,https://open.spotify.com/track/40YcuQysJ0KlGQTeGUosTC
174,2017-02-11,175,New,Tuesday,Burak Yeter,445079,https://i.scdn.co/image/069b0b8dc1285ba4d2bd7f2536abfce84598d130,https://open.spotify.com/track/7abpmGpF7PGep2rDU68GBR
175,2017-02-11,176,Up,Dancing On My Own,Calum Scott,441993,https://i.scdn.co/image/ab67616d000048511867ffdead655859c87dacc2,https://open.spotify.com/track/02WacdrRpm4zlP8H7X6bnQ
176,2017-02-11,177,Up,White Iverson,Post Malone,441127,https://i.scdn.co/image/23bae95100dcb6ac8f88c19fa2a11c50a998a926,https://open.spotify.com/track/6eT7xZZlB2mwyzJ2sUKG6w
177,2017-02-11,178,Down,Let It Go,James Bay,440255,https://i.scdn.co/image/abcbe01d6557c60388e976c9a535f26f73fcbf09,https://open.spotify.com/track/13HVjjWUZFaWilh2QUJKsP
178,2017-02-11,179,Up,Never Be Like You,Flume,439856,https://i.scdn.co/image/ab67616d000048519eca0fdd60e06268050103e5,https://open.spotify.com/track/12REd1n8PeiHHWOh066tpr
179,2017-02-11,180,Down,Location,Khalid,439778,https://i.scdn.co/image/ab67616d00004851988ede5e1276e758b5f9e577,https://open.spotify.com/track/152lZdxL1OR0ZMW6KquMif
180,2017-02-11,181,Up,You Was Right,Lil Uzi Vert,436868,https://i.scdn.co/image/ab67616d000048518be07181aa935225a6f25d56,https://open.spotify.com/track/2ANLarE8yHVsLWW21nj79M
181,2017-02-11,182,Up,What Do You Mean?,Justin Bieber,435774,https://i.scdn.co/image/ab67616d00004851b6d9a4fbb0bd49f0f034aead,https://open.spotify.com/track/3pzjHKrQSvXGHQ98dx18HI
182,2017-02-11,183,Up,The Hills,The Weeknd,433169,https://i.scdn.co/image/ab67616d00004851aac98daa18e4edf54d7a0a70,https://open.spotify.com/track/25khomWgBVamSdKw7hzm3l
183,2017-02-11,184,New,Hotline Bling,Drake,432995,https://i.scdn.co/image/ab67616d00004851726abca207567d5e41cb9667,https://open.spotify.com/track/2FBUoWkIuQXwayw2RNo5l6
184,2017-02-11,185,Up,All of Me,John Legend,431182,https://i.scdn.co/image/ab67616d00004851a30a192002427d5d72622dfc,https://open.spotify.com/track/2q6tgiA9tpb6DMguABwCWE
185,2017-02-11,186,New,Juju On That Beat (TZ Anthem),Zay Hilfigerrr,430654,https://i.scdn.co/image/ab67616d00004851186678fe32d915298c28d576,https://open.spotify.com/track/1lItf5ZXJc1by9SbPeljFd
186,2017-02-11,187,New,Manicomio,Cosculluela,428685,https://i.scdn.co/image/ab67616d000048513a1b17f6ceff28931bc7c4f0,https://open.spotify.com/track/3n58u3LOFw8mITLvfPvQBz
187,2017-02-11,188,New,Skin,Rag'n'Bone Man,428239,https://i.scdn.co/image/ab67616d0000485190a788beadaad34ff684d3ec,https://open.spotify.com/track/6y2Kaz9QI01XBKJ8mTb7Pf
188,2017-02-11,189,Up,Used to This,Future,426737,https://i.scdn.co/image/ab67616d00004851e0b64c8be3c4e804abcb2696,https://open.spotify.com/track/78sr3ogs4UzITcCNbXM9cM
189,2017-02-11,190,Down,Jump Out The Window,Big Sean,424969,https://i.scdn.co/image/695d0c097d8463ccc2c2b9855fe44e3e9e7bc267,https://open.spotify.com/track/1jQsKN68yE94tMYml0wHMd
190,2017-02-11,191,Down,'Till I Collapse,Eminem,423522,https://i.scdn.co/image/ab67616d00004851ccdb1982626f299b3b1d3efd,https://open.spotify.com/track/6yr8GiTHWvFfi4o6Q5ebdT
191,2017-02-11,192,Down,Let Her Go,Passenger,423130,https://i.scdn.co/image/ab67616d000048514566e671e5c947cba3a38436,https://open.spotify.com/track/2jyjhRf6DVbMPU5zxagN2h
192,2017-02-11,193,Down,No Role Modelz,J. Cole,421900,https://i.scdn.co/image/ab67616d000048516aca031ccc27d2e4dd829d14,https://open.spotify.com/track/62vpWI1CHwFy7tMIcSStl8
193,2017-02-11,194,New,Party,Chris Brown,420252,https://i.scdn.co/image/ab67616d0000485109678e7a7fd4150585af8987,https://open.spotify.com/track/05Z7jet4VDNVgNQWcYHnrk
194,2017-02-11,195,New,Thumbs,Sabrina Carpenter,419095,https://i.scdn.co/image/ab67616d00004851b13cc7b6ba13bcd75cae73a1,https://open.spotify.com/track/3UjJP4ludb74a29P5EHEIo
195,2017-02-11,196,New,Cuatro Babys,Maluma,415737,https://i.scdn.co/image/ab67616d00004851638d3cdf37fa447977e29e94,https://open.spotify.com/track/0JoHqmlqE0W0i9prt6kcHR
196,2017-02-11,197,New,Traicionera - Remix,Sebastian Yatra,413924,https://i.scdn.co/image/ab67616d00004851b94c9432898409d9447820b8,https://open.spotify.com/track/2webQDZmtGioeu3zUUi9We
197,2017-02-11,198,New,Cocoon,Milky Chance,413723,https://i.scdn.co/image/ab67616d00004851f1b313d02bd130b1bc320afd,https://open.spotify.com/track/0L87MffumRNWrY2SNUFcvs
198,2017-02-11,199,Down,Magic,Thomas Gold,411715,https://i.scdn.co/image/500943c7bece0e56c536c46b5ae76eec219dba29,https://open.spotify.com/track/5abwHwUhywLGNli5NDcEN7
199,2017-02-11,200,Down,Stay With Me,Sam Smith,411172,https://i.scdn.co/image/ab67616d000048514fb7193968e58e51c3db3ef4,https://open.spotify.com/track/5Db9VIdDsN5yu3Eu7CT0i4
