,Date,Position,Trend,Title,Artist,Streams,Icon_URL,Spotify_URL
0,2017-02-25,1,Flat,Shape of You,Ed Sheeran,7632460,https://i.scdn.co/image/ab67616d00004851ba5db46f4b838ef6027e6f96,https://open.spotify.com/track/7qiZfU4dY1lWllzX7mPBI3
1,2017-02-25,2,Flat,Something Just Like This,The Chainsmokers,4460815,https://i.scdn.co/image/ab67616d000048510c13d3d5a503c84fcc60ae94,https://open.spotify.com/track/6RUKPb4LETWmmr3iAEQktW
2,2017-02-25,3,Flat,It Ain't Me (with Selena Gomez),Kygo,4344325,https://i.scdn.co/image/ab67616d0000485141f289940f2e6a0d51988d77,https://open.spotify.com/track/3eR23VReFzcdmS7TYCrhCe
3,2017-02-25,4,Flat,"I Don’t Wanna Live Forever (Fifty Shades Darker) - From ""Fifty Shades Darker (Original Motion Picture Soundtrack)""",ZAYN,4069844,https://i.scdn.co/image/ab67616d000048512ae921f082ae5db4d3da818f,https://open.spotify.com/track/3NdDpSvN911VPGivFlV5d0
4,2017-02-25,5,Up,Despacito (Featuring Daddy Yankee),Luis Fonsi,3905945,https://i.scdn.co/image/ab67616d00004851a5971936e3b8d91f8b616b17,https://open.spotify.com/track/4aWmUDTfIPGksMNLV2rQP2
5,2017-02-25,6,Down,Paris,The Chainsmokers,3847679,https://i.scdn.co/image/ab67616d000048510c13d3d5a503c84fcc60ae94,https://open.spotify.com/track/72jbDTw1piOOj770jWNeaG
6,2017-02-25,7,Flat,Scared to Be Lonely,Martin Garrix,3262087,https://i.scdn.co/image/ab67616d0000485164f8a309aa3c0a66a31fc374,https://open.spotify.com/track/3ebXMykcMXOcLeJ9xZ17XH
7,2017-02-25,8,Flat,Chained To The Rhythm,Katy Perry,3116996,https://i.scdn.co/image/ab67616d000048511487979a7e0181a5d0406d1a,https://open.spotify.com/track/6520aj0B4FSKGVuKNsOCOi
8,2017-02-25,9,Flat,Rockabye (feat. Sean Paul & Anne-Marie),Clean Bandit,2843989,https://i.scdn.co/image/ab67616d000048511431c3bdf16aa99f71799d95,https://open.spotify.com/track/5knuzwU65gJK7IF5yJsuaW
9,2017-02-25,10,Flat,Castle on the Hill,Ed Sheeran,2663585,https://i.scdn.co/image/ab67616d00004851ba5db46f4b838ef6027e6f96,https://open.spotify.com/track/6PCUP3dWmTjcTtXY02oFdT
10,2017-02-25,11,Up,I Feel It Coming,The Weeknd,2526676,https://i.scdn.co/image/b3683184efeb899b2d1a02f4957d0c630dc10b0b,https://open.spotify.com/track/5GXAXm5YOmYT0kL5jHvYBt
11,2017-02-25,12,Down,Issues,Julia Michaels,2508667,https://i.scdn.co/image/ab67616d000048519615e35e0e9e4b2c3dccb520,https://open.spotify.com/track/1sXUWdKx03aP9Gmzft58rt
12,2017-02-25,13,Up,Closer,The Chainsmokers,2357567,https://i.scdn.co/image/ab67616d00004851495ce6da9aeb159e94eaa453,https://open.spotify.com/track/7BKLCZ1jbUBVqRi2FVlTVw
13,2017-02-25,14,Down,Starboy,The Weeknd,2341366,https://i.scdn.co/image/ab67616d000048510c8599cbde51245c128bcea9,https://open.spotify.com/track/5aAx2yezTd8zXrkmtKl66Z
14,2017-02-25,15,Flat,Call On Me - Ryan Riback Extended Remix,Starley,2327549,https://i.scdn.co/image/ab67616d000048519d4079afc73664f86f055400,https://open.spotify.com/track/78rIJddV4X0HkNAInEcYde
15,2017-02-25,16,Flat,Say You Won't Let Go,James Arthur,2251446,https://i.scdn.co/image/ab67616d0000485120beb61f61fcbeb33b10a9ab,https://open.spotify.com/track/5uCax9HTNlzGybIStD3vDh
16,2017-02-25,17,Flat,Bad and Boujee (feat. Lil Uzi Vert),Migos,2236116,https://i.scdn.co/image/ab67616d0000485199a8ab6da9d593939302828a,https://open.spotify.com/track/4Km5HrUvYTaSUfiSGPJeQR
17,2017-02-25,18,Up,That's What I Like,Bruno Mars,2121753,https://i.scdn.co/image/ab67616d00004851232711f7d66a1e19e89e28c5,https://open.spotify.com/track/0KKkJNfGyhkQ5aFogxQAPU
18,2017-02-25,19,Down,Believer,Imagine Dragons,2080736,https://i.scdn.co/image/ab67616d000048517956bd9a3d7a15e4c2e37cc6,https://open.spotify.com/track/0CcQNd8CINkwQfe1RDtGV6
19,2017-02-25,20,Up,Chantaje (feat. Maluma),Shakira,2054702,https://i.scdn.co/image/ab67616d00004851d05d3aad30c5fb7614893cf5,https://open.spotify.com/track/6mICuAdrwEjh6Y6lroV2Kg
20,2017-02-25,21,Down,Run Up (feat. PARTYNEXTDOOR & Nicki Minaj),Major Lazer,1976449,https://i.scdn.co/image/ab67616d000048518036d7402a6a76aed04f1f98,https://open.spotify.com/track/0fg8CqpjdojMyXLNzM2PaJ
21,2017-02-25,22,Down,Cold,Maroon 5,1932599,https://i.scdn.co/image/ab67616d000048514727f9e79c338683c5bf8921,https://open.spotify.com/track/5NNlUMcOEOdoOIwwaWXv0k
22,2017-02-25,23,Up,Slide,Calvin Harris,1875476,https://i.scdn.co/image/ab67616d000048514d3fa5ce7ba599f4fd7803ef,https://open.spotify.com/track/7tr2za8SQg2CI8EDgrdtNl
23,2017-02-25,24,Flat,Just Hold On,Steve Aoki,1838960,https://i.scdn.co/image/ab67616d0000485122e2ce2de8bad6d67ee69b48,https://open.spotify.com/track/3EmmCZoqpWOTY1g2GBwJoR
24,2017-02-25,25,Flat,iSpy (feat. Lil Yachty),KYLE,1813200,https://i.scdn.co/image/ab67616d0000485132e373f2988bc6596a542d1c,https://open.spotify.com/track/2EEeOnHehOozLq4aS0n6SL
25,2017-02-25,26,Down,"How Far I'll Go - From ""Moana""",Alessia Cara,1797832,https://i.scdn.co/image/ab67616d00004851fb128b1eda22335050f584fe,https://open.spotify.com/track/5hYTyyh2odQKphUbMqc5gN
26,2017-02-25,27,Up,Solo Dance,Martin Jensen,1731027,https://i.scdn.co/image/ab67616d00004851950d67dbe3f31f1d9a5d06a2,https://open.spotify.com/track/6HUnnBwYZqcED1eQztxMBN
27,2017-02-25,28,Up,Let Me Love You,DJ Snake,1694661,https://i.scdn.co/image/ab67616d000048515045de6786e0af096de73ed4,https://open.spotify.com/track/4pdPtRcBmOSQDlJ3Fk945m
28,2017-02-25,29,Down,Bad Things (with Camila Cabello),Machine Gun Kelly,1689616,https://i.scdn.co/image/d5f976093a4dcbc5ea9d4c04b414207f8bdce469,https://open.spotify.com/track/1PSBzsahR2AKwLJgx8ehBj
29,2017-02-25,30,Down,Weak,AJR,1686646,https://i.scdn.co/image/ab67616d00004851c5f3ca405ff6ed13dc554b94,https://open.spotify.com/track/3E2Zh20GDCR9B1EYjfXWyv
30,2017-02-25,31,Down,Don't Wanna Know,Maroon 5,1655310,https://i.scdn.co/image/ab67616d00004851eec1912bbc2ff74b8203fe5f,https://open.spotify.com/track/5MFzQMkrl1FOOng9tq6R9r
31,2017-02-25,32,Up,Fake Love,Drake,1633932,https://i.scdn.co/image/6dfd956b9331fa9ea1f47ebb95311951ed72b3db,https://open.spotify.com/track/343YBumqHu19cGoGARUTsd
32,2017-02-25,33,Up,24K Magic,Bruno Mars,1630779,https://i.scdn.co/image/ab67616d00004851232711f7d66a1e19e89e28c5,https://open.spotify.com/track/6b8Be6ljOzmkOmFslEb23P
33,2017-02-25,34,Down,All Night,The Vamps,1625195,https://i.scdn.co/image/ab67616d00004851f03c9779c27137669304ea20,https://open.spotify.com/track/1yNyoWWWikbLhwIGWjZuDW
34,2017-02-25,35,Up,El Amante,Nicky Jam,1615531,https://i.scdn.co/image/ab67616d00004851d77dbcd4dbd37cdfa61771fa,https://open.spotify.com/track/3umS4y3uQDkqekNjVpiRUs
35,2017-02-25,36,Up,Stay (with Alessia Cara),Zedd,1612221,https://i.scdn.co/image/ab67616d0000485191a70f95efc3400f696e89cc,https://open.spotify.com/track/0dA2Mk56wEzDgegdC6R17g
36,2017-02-25,37,Down,Bounce Back,Big Sean,1608483,https://i.scdn.co/image/695d0c097d8463ccc2c2b9855fe44e3e9e7bc267,https://open.spotify.com/track/0SGkqnVQo9KPytSri1H6cF
37,2017-02-25,38,Down,All Time Low,Jon Bellion,1581107,https://i.scdn.co/image/ff06a4138a99d272c24d2f6da9b5ea6067c054db,https://open.spotify.com/track/1CnPYaKxTVb4LWOtiGOm0m
38,2017-02-25,39,Up,Reggaetón Lento (Bailemos),CNCO,1498882,https://i.scdn.co/image/ab67616d000048517db0f7ac4c612cce26ccacf9,https://open.spotify.com/track/3AEZUABDXNtecAOSC1qTfo
39,2017-02-25,40,Down,One Dance,Drake,1485934,https://i.scdn.co/image/ab67616d00004851726abca207567d5e41cb9667,https://open.spotify.com/track/1xznGGDReH1oQq0xzbwXa3
40,2017-02-25,41,Flat,Shed a Light,Robin Schulz,1404474,https://i.scdn.co/image/ab67616d000048517be189f322bc8155c103d6c9,https://open.spotify.com/track/1cG0umU5TKStygKsPFZ9pY
41,2017-02-25,42,Up,Hear Me Now,Alok,1351162,https://i.scdn.co/image/e308bad29e4cf6dc8aa5cd97449ef71bbb893d40,https://open.spotify.com/track/1a5Yu5L18qNxVhXx38njON
42,2017-02-25,43,Flat,Congratulations,Post Malone,1344722,https://i.scdn.co/image/23bae95100dcb6ac8f88c19fa2a11c50a998a926,https://open.spotify.com/track/3a1lNhkSLSkpJE4MSHpDu9
43,2017-02-25,44,Flat,Don't Leave,Snakehips,1303218,https://i.scdn.co/image/ab67616d00004851b72a28b6f92b180a8a423e29,https://open.spotify.com/track/0Zx8khUcEfCFK2AEoIhC92
44,2017-02-25,45,Up,Cold Water (feat. Justin Bieber & MØ),Major Lazer,1284502,https://i.scdn.co/image/ab67616d000048512e8f1cca2bc8c9d55930523b,https://open.spotify.com/track/6DNtNfH8hXkqOX1sjqmI7p
45,2017-02-25,46,Up,In the Name of Love,Martin Garrix,1262538,https://i.scdn.co/image/ab67616d00004851923db3f255cd48a6d5783ebf,https://open.spotify.com/track/04DwTuZ2VBdJCCC5TROn7L
46,2017-02-25,47,Up,Now and Later,Sage The Gemini,1232750,https://i.scdn.co/image/ab67616d0000485182d22e1d83fc1045ad33444a,https://open.spotify.com/track/43jBqV3j3Xi1g6wO0bhIMd
47,2017-02-25,48,Up,Side To Side,Ariana Grande,1206486,https://i.scdn.co/image/ab67616d000048517227f5854239a059af211d5b,https://open.spotify.com/track/4pLwZjInHj3SimIyN9SnOz
48,2017-02-25,49,Up,You Don't Know Me - Radio Edit,Jax Jones,1185608,https://i.scdn.co/image/ab67616d00004851dd05a1716e2f07a07b8ccfe3,https://open.spotify.com/track/00lNx0OcTJrS3MKHcB80HY
49,2017-02-25,50,Down,Love,Lana Del Rey,1148744,https://i.scdn.co/image/ab67616d000048519d0210162981930e44092e52,https://open.spotify.com/track/0n2bvWvMwr0gbjcuTm92eW
50,2017-02-25,51,Down,How Would You Feel (Paean),Ed Sheeran,1125233,https://i.scdn.co/image/ab67616d00004851ba5db46f4b838ef6027e6f96,https://open.spotify.com/track/6PJ8FF6UR8FZXfEvpHkIVN
51,2017-02-25,52,Down,T-Shirt,Migos,1110306,https://i.scdn.co/image/ab67616d0000485199a8ab6da9d593939302828a,https://open.spotify.com/track/7KOlJ92bu51cltsD9KU5I7
52,2017-02-25,53,Up,Otra vez (feat. J Balvin),Zion & Lennox,1099416,https://i.scdn.co/image/ab67616d0000485182eabf564ddc57325a84dd50,https://open.spotify.com/track/3QwBODjSEzelZyVjxPOHdq
53,2017-02-25,54,Up,Black Beatles,Rae Sremmurd,1071490,https://i.scdn.co/image/16293ab3b4f9301aeb5f41810fd7056d463db55e,https://open.spotify.com/track/6fujklziTHa8uoM5OQSfIo
54,2017-02-25,55,Down,My Way,Calvin Harris,1059017,https://i.scdn.co/image/ab67616d000048518d12bc5e3ea5c9f4a967de32,https://open.spotify.com/track/1vvNmPOiUuyCbgWmtc6yfm
55,2017-02-25,56,Down,I Would Like,Zara Larsson,1049169,https://i.scdn.co/image/ab67616d000048519e1683774b22648f4f178ed3,https://open.spotify.com/track/4Q4jmPHwu0wrJvqrld0FQ6
56,2017-02-25,57,Down,I Got You,Bebe Rexha,1029354,https://i.scdn.co/image/ab67616d00004851809adcbcfe88c94fd2a706c1,https://open.spotify.com/track/1FUViuNSldssMIawrOXF2i
57,2017-02-25,58,Up,Tunnel Vision,Kodak Black,998535,https://i.scdn.co/image/ab67616d000048511541a676423805fc68ff3e66,https://open.spotify.com/track/4Q3N4Ct4zCuIHuZ65E3BD4
58,2017-02-25,59,Down,Sunset Lover,Petit Biscuit,986941,https://i.scdn.co/image/ab67616d00004851014080d39d56c94c0b285362,https://open.spotify.com/track/0hNduWmlWmEmuwEFcYvRu1
59,2017-02-25,60,Up,Safari,J Balvin,979222,https://i.scdn.co/image/ab67616d00004851338ffc4c72a192f06070546b,https://open.spotify.com/track/6rQSrBHf7HlZjtcMZ4S4bO
60,2017-02-25,61,Up,SUBEME LA RADIO,Enrique Iglesias,978059,https://i.scdn.co/image/ab67616d000048515366ff028970205a29d558ed,https://open.spotify.com/track/7nKBxz47S9SD79N086fuhn
61,2017-02-25,62,Flat,Human,Rag'n'Bone Man,969644,https://i.scdn.co/image/ab67616d0000485190a788beadaad34ff684d3ec,https://open.spotify.com/track/58zsLZPvfflaiIbNWoA22O
62,2017-02-25,63,Down,Starving,Hailee Steinfeld,959992,https://i.scdn.co/image/ab67616d00004851612495ee5769c99125031be2,https://open.spotify.com/track/1qOLh0tI7trd1zdDKxYZTe
63,2017-02-25,64,Down,Alone,Alan Walker,941481,https://i.scdn.co/image/ab67616d00004851f00ade2f88d8223521bc7f76,https://open.spotify.com/track/0JiVRyTJcJnmlwCZ854K4p
64,2017-02-25,65,Down,Water Under the Bridge,Adele,904814,https://i.scdn.co/image/ab67616d000048514c3bbcff5e7248e415548f12,https://open.spotify.com/track/4vb4mFvYsr2h6enhjJsq9Y
65,2017-02-25,66,Up,Comin Out Strong (feat. The Weeknd),Future,901822,https://i.scdn.co/image/ab67616d00004851968822b495da180d0792a437,https://open.spotify.com/track/3mRcWCyteY2133a7xVMrYw
66,2017-02-25,67,Down,Mask Off,Future,900723,https://i.scdn.co/image/ab67616d00004851356884f85665ebdd79223fdf,https://open.spotify.com/track/3rOSwuTsUlJp0Pu0MkN8r8
67,2017-02-25,68,Down,Caroline,Aminé,897177,https://i.scdn.co/image/ab67616d00004851a7f01ef25974c10cdbbd566e,https://open.spotify.com/track/5GFDrUTLGJix84sNhjCG0g
68,2017-02-25,69,Up,"CAN'T STOP THE FEELING! (Original Song from DreamWorks Animation's ""TROLLS"")",Justin Timberlake,894508,https://i.scdn.co/image/ab67616d00004851ef37416970812293c08e8a78,https://open.spotify.com/track/6JV2JOEocMgcZxYSZelKcc
69,2017-02-25,70,Down,Touch,Little Mix,878958,https://i.scdn.co/image/ab67616d000048512318bbb0586903290db2b270,https://open.spotify.com/track/5Ua3GXyHwiSfpNTMjq6m2z
70,2017-02-25,71,Up,Heathens,Twenty One Pilots,875870,https://i.scdn.co/image/ab67616d000048512ca3ba8f334ca5a5f0312efb,https://open.spotify.com/track/6i0V12jOa3mr6uu4WYhUBr
71,2017-02-25,72,Down,Don't Let Me Down,The Chainsmokers,865244,https://i.scdn.co/image/ab67616d0000485108d87fb54859bc9038f7e5e0,https://open.spotify.com/track/0QsvXIfqM0zZoerQfsI9lm
72,2017-02-25,73,Up,Vente Pa' Ca,Ricky Martin,863945,https://i.scdn.co/image/ab67616d000048513d90f5938459be40b7b6652a,https://open.spotify.com/track/7DM4BPaS7uofFul3ywMe46
73,2017-02-25,74,Up,Swang,Rae Sremmurd,857055,https://i.scdn.co/image/16293ab3b4f9301aeb5f41810fd7056d463db55e,https://open.spotify.com/track/6mapJIPnQ23RTAevUoE0DL
74,2017-02-25,75,Up,Treat You Better,Shawn Mendes,845448,https://i.scdn.co/image/ab67616d00004851188e6332f32088921ab1eaf8,https://open.spotify.com/track/4Hf7WnR761jpxPr5D46Bcd
75,2017-02-25,76,Down,Body Like A Back Road,Sam Hunt,845138,https://i.scdn.co/image/ab67616d000048519eccbdab1110afc4d5a186a8,https://open.spotify.com/track/7mldq42yDuxiUNn08nvzHO
76,2017-02-25,77,Down,Mercy,Shawn Mendes,835936,https://i.scdn.co/image/ab67616d00004851188e6332f32088921ab1eaf8,https://open.spotify.com/track/4TZy1wLyHec06pwgFYDh1a
77,2017-02-25,78,Down,Selfish (feat. Rihanna),Future,831483,https://i.scdn.co/image/ab67616d00004851968822b495da180d0792a437,https://open.spotify.com/track/2Ce5IyMlVRVvN997ZJjJJA
78,2017-02-25,79,Flat,September Song,JP Cooper,830835,https://i.scdn.co/image/ab67616d000048511400ec742ee0935608e30700,https://open.spotify.com/track/0FuTx2s3YH1ppmtiM6l0zI
79,2017-02-25,80,Down,History,Olivia Holt,819260,https://i.scdn.co/image/ab67616d000048519e21eab426152ef9078d6b94,https://open.spotify.com/track/0WCEaydwN65cvwaW8aqptF
80,2017-02-25,81,Down,It's Gotta Be You,Isaiah,815586,https://i.scdn.co/image/ab67616d00004851d43b5e86edff2089b91357e6,https://open.spotify.com/track/6cAKeFFYW2aClZSUyvqAEW
81,2017-02-25,82,Up,Me Llamas (feat. Maluma) - Remix,Piso 21,812931,https://i.scdn.co/image/ab67616d000048511e1eafb5d2bb1ca39d26f092,https://open.spotify.com/track/5hEM0JchdVzQ5PwvSfITeX
82,2017-02-25,83,Up,"Ay Mi Dios (feat. Pitbull, Yandel & Chacal)",IAmChino,808622,https://i.scdn.co/image/ab67616d000048511568fbc07414eb185c58ef62,https://open.spotify.com/track/6stYbAJgTszHAHZMPxWWCY
83,2017-02-25,84,Up,La Rompe Corazones,Daddy Yankee,804949,https://i.scdn.co/image/ab67616d00004851b84a36483e43bfbcb931fcde,https://open.spotify.com/track/4okba5wu9mMLXx79DXLKi3
84,2017-02-25,85,Up,Vacaciones,Wisin,799675,https://i.scdn.co/image/ab67616d00004851c85f0d16973e9dae6f8a786c,https://open.spotify.com/track/3dQDid3IUNhZy1OehIfYfE
85,2017-02-25,86,Down,All We Know,The Chainsmokers,781572,https://i.scdn.co/image/ab67616d00004851ff8d8c5662a96d41433e9ee1,https://open.spotify.com/track/2rizacJSyD9S1IQUxUxnsK
86,2017-02-25,87,Down,Photograph,Ed Sheeran,780266,https://i.scdn.co/image/ab67616d00004851d08209944468440145f01524,https://open.spotify.com/track/6fxVffaTuwjgEk5h9QyRjy
87,2017-02-25,88,Down,Party Monster,The Weeknd,780249,https://i.scdn.co/image/6aeaaebcbd861c8369b14366e8e0eca2fe96055d,https://open.spotify.com/track/4F7A0DXBrmUAkp32uenhZt
88,2017-02-25,89,Down,Scars To Your Beautiful,Alessia Cara,775995,https://i.scdn.co/image/5b9e5bd34ec840f07c8530e43a76b1b5e08d8b77,https://open.spotify.com/track/0prNGof3XqfTvNDxHonvdK
89,2017-02-25,90,Down,Broccoli (feat. Lil Yachty),DRAM,774760,https://i.scdn.co/image/ab67616d00004851f02a1575a59bd05998826351,https://open.spotify.com/track/7yyRTcZmCiyzzJlNzGC9Ol
90,2017-02-25,91,Up,"Sola (Remix) [feat. Daddy Yankee, Wisin, Farruko, Zion & Lennox]",Anuel AA,765257,https://i.scdn.co/image/ab67616d00004851a66def7d649149464edc8f1e,https://open.spotify.com/track/5q2JbCNi4FcnglgPfxcV65
91,2017-02-25,92,Down,I Took A Pill In Ibiza - Seeb Remix,Mike Posner,749424,https://i.scdn.co/image/ab67616d0000485140512e02a594e3378c0256e6,https://open.spotify.com/track/17Fd6Yb7mSbinKG8LoWfFl
92,2017-02-25,93,Flat,Thinking out Loud,Ed Sheeran,742445,https://i.scdn.co/image/ab67616d00004851d08209944468440145f01524,https://open.spotify.com/track/1Slwb6dOYkBlWal1PGtnNg
93,2017-02-25,94,Down,By Your Side,Jonas Blue,733646,https://i.scdn.co/image/ab67616d00004851bd4b658f3aead04637924c28,https://open.spotify.com/track/1D3ODoXHBLpdxolZRHWV1j
94,2017-02-25,95,Up,Skin,Rag'n'Bone Man,717033,https://i.scdn.co/image/ab67616d0000485190a788beadaad34ff684d3ec,https://open.spotify.com/track/6y2Kaz9QI01XBKJ8mTb7Pf
95,2017-02-25,96,Down,Moves,Big Sean,715812,https://i.scdn.co/image/695d0c097d8463ccc2c2b9855fe44e3e9e7bc267,https://open.spotify.com/track/0Fv5N0cHBsl4bzCbollCAS
96,2017-02-25,97,Up,We Don't Talk Anymore,Charlie Puth,707403,https://i.scdn.co/image/ab67616d00004851c0e28105f0533c52717c46c2,https://open.spotify.com/track/68EMU2RD1ECNeOeJ5qAXCV
97,2017-02-25,98,Up,Stressed Out,Twenty One Pilots,698496,https://i.scdn.co/image/ab67616d00004851de03bfc2991fd5bcfde65ba3,https://open.spotify.com/track/3CRDbSIZ4r5MsZ0YwxuEkn
98,2017-02-25,99,Down,Love Me Now,John Legend,698495,https://i.scdn.co/image/ab67616d00004851fa2ba77d93b08258827bd2d2,https://open.spotify.com/track/6nxQdXa1uAL0rY72wPZu89
99,2017-02-25,100,Up,Ride,Twenty One Pilots,694658,https://i.scdn.co/image/ab67616d00004851de03bfc2991fd5bcfde65ba3,https://open.spotify.com/track/2Z8WuEywRWYTKe1NybPQEW
100,2017-02-25,101,Up,Cake - Challenge Version,Flo Rida,686057,https://i.scdn.co/image/ab67616d00004851b765afdf5f6a2bc83eb5f378,https://open.spotify.com/track/6t2ubAB4iSYOuIpRAOGd4t
101,2017-02-25,102,Up,No Lie,Sean Paul,672221,https://i.scdn.co/image/ab67616d000048514782809e4cd19cefc99048f7,https://open.spotify.com/track/3cFsmM51N5zMAuu1nNY4Tw
102,2017-02-25,103,Flat,Make Me (Cry),Noah Cyrus,670309,https://i.scdn.co/image/ab67616d00004851bf2ec8b87525fbd01fb0111f,https://open.spotify.com/track/2BrzlUj1u1CtvaJDGIKpsP
103,2017-02-25,104,Flat,Sexual,NEIKED,668808,https://i.scdn.co/image/ab67616d000048519c5e27aff6792af94e972af9,https://open.spotify.com/track/3AsAuGTaDQzavZZThyYlop
104,2017-02-25,105,Up,Versace on the Floor,Bruno Mars,667294,https://i.scdn.co/image/ab67616d00004851232711f7d66a1e19e89e28c5,https://open.spotify.com/track/0kN8xEmgMW9mh7UmDYHlJP
105,2017-02-25,106,Down,Sooner Or Later,Aaron Carter,667250,https://i.scdn.co/image/ab67616d000048511f7d1e684ec89fe11a4fdc37,https://open.spotify.com/track/6wV12xIUb8oFY7lBy4KuQe
106,2017-02-25,107,Down,Romantic - NOTD Remix,Stanaj,666596,https://i.scdn.co/image/ab67616d000048517861e14b4da5cfac6fb0c65b,https://open.spotify.com/track/3SGWp9fJCzgK0WcpcKSQdy
107,2017-02-25,108,Up,La Bicicleta,Carlos Vives,657678,https://i.scdn.co/image/ab67616d00004851d05d3aad30c5fb7614893cf5,https://open.spotify.com/track/0sXvAOmXgjR2QUqLK1MltU
108,2017-02-25,109,Up,Me Rehúso,Danny Ocean,656978,https://i.scdn.co/image/ab67616d00004851a75bd33684083600569dd3bf,https://open.spotify.com/track/6De0lHrwBfPfrhorm9q1Xl
109,2017-02-25,110,Up,Dile Que Tu Me Quieres,Ozuna,654186,https://i.scdn.co/image/ab67616d0000485133bbd31551e01896f58d688f,https://open.spotify.com/track/20ZAJdsKB5IGbGj4ilRt2o
110,2017-02-25,111,Up,Cheap Thrills,Sia,651269,https://i.scdn.co/image/ab67616d0000485149e0134c686547c28b7c999f,https://open.spotify.com/track/27SdWb2rFzO6GWiYDBTD9j
111,2017-02-25,112,Up,Faded,Alan Walker,649760,https://i.scdn.co/image/ab67616d00004851c4d00cac55ae1b4598c9bc90,https://open.spotify.com/track/7gHs73wELdeycvS48JfIos
112,2017-02-25,113,Down,The Greatest,Sia,644941,https://i.scdn.co/image/ab67616d00004851754b2fddebe7039fdb912837,https://open.spotify.com/track/7xHWNBFm6ObGEQPaUxHuKO
113,2017-02-25,114,Up,Perfect Strangers,Jonas Blue,643186,https://i.scdn.co/image/ab67616d0000485179882e87678a76bc1d895e94,https://open.spotify.com/track/1CUVN2kn7mW5FjkqXTR2W1
114,2017-02-25,115,Down,No Problem (feat. Lil Wayne & 2 Chainz),Chance the Rapper,641623,https://i.scdn.co/image/ab67616d00004851e71dd15fc5bdefd5bff70452,https://open.spotify.com/track/0v9Wz8o0BT8DU38R4ddjeH
115,2017-02-25,116,Down,The Other,Lauv,640761,https://i.scdn.co/image/ab67616d000048513c6e07056b26bb9804a596da,https://open.spotify.com/track/1lntL1cI2UIWlxjL5QiN8g
116,2017-02-25,117,Up,Panda,Desiigner,640054,https://i.scdn.co/image/ab67616d000048513df69bfb7713d8262820612b,https://open.spotify.com/track/5OOkp4U9P9oL23maHFHL1h
117,2017-02-25,118,Up,This Is What You Came For,Calvin Harris,639930,https://i.scdn.co/image/ab67616d00004851d9aa52355e062f5de060adbf,https://open.spotify.com/track/0azC730Exh71aQlOt9Zj3y
118,2017-02-25,119,Up,Gyal You A Party Animal - Remix,Charly Black,638433,https://i.scdn.co/image/ab67616d0000485131a026a9d39e08006ddfb138,https://open.spotify.com/track/1AkTW13ysu0AJrwuM6UY0I
119,2017-02-25,120,Up,Traicionera,Sebastian Yatra,638105,https://i.scdn.co/image/ab67616d00004851dbe5e9f934a9be5db8884c52,https://open.spotify.com/track/5J1c3M4EldCfNxXwrwt8mT
120,2017-02-25,121,Up,Be the One,Dua Lipa,638086,https://i.scdn.co/image/ab67616d000048516b915e407b70e121e06fe979,https://open.spotify.com/track/7FCfMXYTIiQ9b4hDYs4Iol
121,2017-02-25,122,Down,goosebumps,Travis Scott,634938,https://i.scdn.co/image/ab67616d00004851f54b99bf27cda88f4a7403ce,https://open.spotify.com/track/6gBFPUFcJLzWGx4lenP6h2
122,2017-02-25,123,Down,Redbone,Childish Gambino,628385,https://i.scdn.co/image/ab67616d000048510b97e56ffad7c6211aa848f8,https://open.spotify.com/track/3kxfsdsCpFgN412fpnW85Y
123,2017-02-25,124,Down,Some Kind Of Drug,G-Eazy,627610,https://i.scdn.co/image/ab67616d0000485198acfa8c055deedc25e6081d,https://open.spotify.com/track/1Bqxj0aH5KewYHKUg1IdrF
124,2017-02-25,125,Down,Oceans Away,A R I Z O N A,620879,https://i.scdn.co/image/ab67616d0000485150a25f1cb71018982b81ca2b,https://open.spotify.com/track/6A8dnC0xkiuWN4BshmTB2I
125,2017-02-25,126,Up,X (feat. Future),21 Savage,620727,https://i.scdn.co/image/ab67616d000048512dd1ac4a61495080ef8f78ca,https://open.spotify.com/track/6fwdbPMwP1zVStm8FybmkO
126,2017-02-25,127,Up,Love Yourself,Justin Bieber,617433,https://i.scdn.co/image/ab67616d00004851b6d9a4fbb0bd49f0f034aead,https://open.spotify.com/track/3hB5DgAiMAQ4DzYbsMq1IT
127,2017-02-25,128,Up,Sorry,Justin Bieber,616277,https://i.scdn.co/image/ab67616d00004851b6d9a4fbb0bd49f0f034aead,https://open.spotify.com/track/69bp2EbF7Q2rqc5N3ylezZ
128,2017-02-25,129,Up,Tuesday,Burak Yeter,615370,https://i.scdn.co/image/069b0b8dc1285ba4d2bd7f2536abfce84598d130,https://open.spotify.com/track/7abpmGpF7PGep2rDU68GBR
129,2017-02-25,130,Flat,Work from Home (feat. Ty Dolla $ign),Fifth Harmony,611519,https://i.scdn.co/image/ab67616d00004851d03fa6f4e758282b7920b5c8,https://open.spotify.com/track/4tCtwWceOPWzenK2HAIJSb
130,2017-02-25,131,Down,Big For Your Boots,Stormzy,608178,https://i.scdn.co/image/ab67616d000048519536e13edd9e2e08d2dae94b,https://open.spotify.com/track/3uMB82o0qa7erhiZBW9KQC
131,2017-02-25,132,Up,No Heart,21 Savage,604418,https://i.scdn.co/image/ab67616d000048512dd1ac4a61495080ef8f78ca,https://open.spotify.com/track/4gmmRb6bZJffOOiww1JGTO
132,2017-02-25,133,Up,Too Good,Drake,602698,https://i.scdn.co/image/ab67616d00004851726abca207567d5e41cb9667,https://open.spotify.com/track/11KJSRSgaDxqydKYiD2Jew
133,2017-02-25,134,Down,Love On The Brain,Rihanna,589834,https://i.scdn.co/image/ddc285ca9817c96c7719b3f2a759e108787db021,https://open.spotify.com/track/2aksifNn5ph8igDOkPBA02
134,2017-02-25,135,Up,Te Quiero Pa´Mi,Don Omar,585605,https://i.scdn.co/image/ab67616d00004851d0cb2a58e3bf5d7ac5ece16f,https://open.spotify.com/track/3BY2mafsbsoKGqS380Xnuz
135,2017-02-25,136,Up,Shooting Stars,Bag Raiders,574786,https://i.scdn.co/image/ab67616d0000485150ccaac1c3e79c92d08b822f,https://open.spotify.com/track/0UeYCHOETPfai02uskjJ3x
136,2017-02-25,137,Up,"Sucker For Pain (with Wiz Khalifa, Imagine Dragons, Logic & Ty Dolla $ign feat. X Ambassadors)",Lil Wayne,568713,https://i.scdn.co/image/ab67616d000048517d8dfcfd507069d7f2062caf,https://open.spotify.com/track/4dASQiO1Eoo3RJvt74FtXB
137,2017-02-25,138,Up,Lot to Learn,Luke Christopher,567658,https://i.scdn.co/image/ab67616d000048513f0bd8f231c9b6433be929b1,https://open.spotify.com/track/3TRFq09DUgYj1mug6RRqJW
138,2017-02-25,139,Down,Million Reasons,Lady Gaga,566141,https://i.scdn.co/image/ab67616d00004851dd0b256c733c96b653ab5cde,https://open.spotify.com/track/50PWlIBU7PlGGwzgN8TiFJ
139,2017-02-25,140,Up,This Girl (Kungs Vs. Cookin' On 3 Burners) - Kungs Vs. Cookin' On 3 Burners,Kungs,550812,https://i.scdn.co/image/ab67616d00004851f504cc56f3bd99bc61929272,https://open.spotify.com/track/0tICYNayWWhH9GPeFrfjfD
140,2017-02-25,141,Up,Down,Marian Hill,550539,https://i.scdn.co/image/ab67616d00004851c989c526b15cacc1a579a9c7,https://open.spotify.com/track/2dqLk7ezV15LEJEwUmEbXB
141,2017-02-25,142,Up,Andas En Mi Cabeza,Chino & Nacho,547545,https://i.scdn.co/image/ab67616d0000485166dad4487da6fc0dced2d0c6,https://open.spotify.com/track/5mey7CLLuFToM2P68Qu1gF
142,2017-02-25,143,Down,Reminder,The Weeknd,544261,https://i.scdn.co/image/6aeaaebcbd861c8369b14366e8e0eca2fe96055d,https://open.spotify.com/track/37F0uwRSrdzkBiuj0D5UHI
143,2017-02-25,144,Up,Both (feat. Drake),Gucci Mane,543435,https://i.scdn.co/image/ab67616d000048518c75413c7f38b3f512a75b35,https://open.spotify.com/track/5tFep7dXGd7vEJ668wTPux
144,2017-02-25,145,Down,Deja Vu,J. Cole,541999,https://i.scdn.co/image/fff50a2874dae97e76d3a78e55771d7c59719928,https://open.spotify.com/track/6I6NX6tjGsxFAsIfGzY9lJ
145,2017-02-25,146,Up,Work,Rihanna,540927,https://i.scdn.co/image/ab67616d000048510ed05634a469e5cf4789b0a7,https://open.spotify.com/track/14WWzenpaEgQZlqPq2nk4v
146,2017-02-25,147,Down,No Favors,Big Sean,535777,https://i.scdn.co/image/695d0c097d8463ccc2c2b9855fe44e3e9e7bc267,https://open.spotify.com/track/1MksGqIztTT6M9R1ErKVs8
147,2017-02-25,148,Up,Shaky Shaky,Daddy Yankee,535541,https://i.scdn.co/image/ab67616d00004851f0b25154a0858db46415fbe7,https://open.spotify.com/track/58IL315gMSTD37DOZPJ2hf
148,2017-02-25,149,Down,Swalla (feat. Nicki Minaj & Ty Dolla $ign),Jason Derulo,535337,https://i.scdn.co/image/ab67616d000048519d6522bee68370fa5592301d,https://open.spotify.com/track/6kex4EBAj0WHXDKZMEJaaF
149,2017-02-25,150,Up,"i hate u, i love u (feat. olivia o'brien)",gnash,533975,https://i.scdn.co/image/ab67616d0000485108862f843ea27f44f8e8cbd8,https://open.spotify.com/track/7vRriwrloYVaoAe3a9wJHe
150,2017-02-25,151,Up,Controlla,Drake,532966,https://i.scdn.co/image/ab67616d00004851726abca207567d5e41cb9667,https://open.spotify.com/track/6F609ICg9Spjrw1epsAnpa
151,2017-02-25,152,Up,Capsize,FRENSHIP,531017,https://i.scdn.co/image/ab67616d00004851670048174db73ef55039c7bf,https://open.spotify.com/track/2XMTqoHHSH0lvuXrvIEdco
152,2017-02-25,153,Up,DUELE EL CORAZON,Enrique Iglesias,528587,https://i.scdn.co/image/ab67616d0000485113dae8008773aede4a979a7d,https://open.spotify.com/track/6YZdkObH88npeKrrkb8Ggf
153,2017-02-25,154,Up,7 Years,Lukas Graham,522604,https://i.scdn.co/image/ab67616d0000485104d59cefa11f0eee9f1877a5,https://open.spotify.com/track/7129iqBafaphfc3WPCGC0L
154,2017-02-25,155,Down,Not Going Home,DVBBS,520947,https://i.scdn.co/image/ab67616d000048519e48219a58924f86b6ab1137,https://open.spotify.com/track/042x9bsUBWW2fJgJ6fUh61
155,2017-02-25,156,Up,Fresh Eyes,Andy Grammer,519067,https://i.scdn.co/image/ab67616d0000485158dd2ff215d3baa7d4bd194f,https://open.spotify.com/track/4nMlau89VAjmV7agkl7OY3
156,2017-02-25,157,Up,Shout Out to My Ex,Little Mix,518916,https://i.scdn.co/image/ab67616d000048512318bbb0586903290db2b270,https://open.spotify.com/track/0YHUITU3w6ws1v8ehT264g
157,2017-02-25,158,Down,"Helium - From ""Fifty Shades Darker (Original Motion Picture Soundtrack)""",Sia,513603,https://i.scdn.co/image/ab67616d000048511eb4b6d94e58873f4c775dc8,https://open.spotify.com/track/5fc6rQgAKiLutfUYWQ6QnJ
158,2017-02-25,159,Down,The Mack,Nevada,512573,https://i.scdn.co/image/ab67616d00004851746ac799032f9af9c5268332,https://open.spotify.com/track/7aV2mflaASUmGhCErm7kBO
159,2017-02-25,160,Up,Needed Me,Rihanna,511946,https://i.scdn.co/image/ddc285ca9817c96c7719b3f2a759e108787db021,https://open.spotify.com/track/1Tt4sE4pXi57mTD1GCzsqm
160,2017-02-25,161,Up,Cake By The Ocean,DNCE,506238,https://i.scdn.co/image/ab67616d00004851a19a2912e1618ada66b2e6e8,https://open.spotify.com/track/2aFiaMXmWsM3Vj72F9ksBl
161,2017-02-25,162,Up,Sneakin’,Drake,506187,https://i.scdn.co/image/8b1f6991ae1192e214374d14d918140d04dbd8a7,https://open.spotify.com/track/4ckuS4Nj4FZ7i3Def3Br8W
162,2017-02-25,163,Down,Rent Money,Future,505592,https://i.scdn.co/image/ab67616d00004851356884f85665ebdd79223fdf,https://open.spotify.com/track/4Zxdw0Hno7YDu0IzvY76Qo
163,2017-02-25,164,Up,Chill Bill,Rob $tone,502457,https://i.scdn.co/image/ab67616d000048516f3e9696889a2425338e0836,https://open.spotify.com/track/5uDASfU19gDxSjW8cnCaBp
164,2017-02-25,165,Up,Borro Cassette,Maluma,499546,https://i.scdn.co/image/ab67616d000048513c3acd23605ccd1a9fd038bd,https://open.spotify.com/track/6DUdDIRgLqCGq1DwkNWQTN
165,2017-02-25,166,Up,Lean On (feat. MØ & DJ Snake),Major Lazer,494629,https://i.scdn.co/image/ab67616d000048519f55dad3a63f72f1bc8d6f59,https://open.spotify.com/track/4WjH9Bzt3kx7z8kl0awxh4
166,2017-02-25,167,Down,Heavy (feat. Kiiara),Linkin Park,494150,https://i.scdn.co/image/ab67616d00004851145e1cf12538f5666511237d,https://open.spotify.com/track/104buTcnP2AsxqB7U1FIZ4
167,2017-02-25,168,Down,Look at Me!,XXXTENTACION,488098,https://i.scdn.co/image/ab67616d0000485113b2950c7c79c200f2b615d5,https://open.spotify.com/track/2oUuLLKS8WbF7ELJcwbqms
168,2017-02-25,169,Up,Light It Up (feat. Nyla & Fuse ODG) - Remix,Major Lazer,486781,https://i.scdn.co/image/ab67616d00004851751a2e5da4333e86814026ba,https://open.spotify.com/track/0L7loeTIg6akW84aEQZpCT
169,2017-02-25,170,Down,I Love You,Axwell /\ Ingrosso,484814,https://i.scdn.co/image/ab67616d00004851c9565af11453132958687a20,https://open.spotify.com/track/11Fo4dAH31K7UZHGqCkCmE
170,2017-02-25,171,Up,Chillax (feat. Ky-Mani Marley),Farruko,480513,https://i.scdn.co/image/ab67616d00004851118504cbeaf4187aaa601395,https://open.spotify.com/track/1lxswgIpzV6HhENRvkflES
171,2017-02-25,172,Up,Low Life,Future,475801,https://i.scdn.co/image/ab67616d00004851626745b3aa04899001a924ad,https://open.spotify.com/track/7EiZI6JVHllARrX9PUvAdX
172,2017-02-25,173,Up,Hello,Adele,475758,https://i.scdn.co/image/ab67616d000048514c3bbcff5e7248e415548f12,https://open.spotify.com/track/4sPmO7WMQUAf45kwMOtONw
173,2017-02-25,174,Down,Location,Khalid,475431,https://i.scdn.co/image/ab67616d00004851988ede5e1276e758b5f9e577,https://open.spotify.com/track/152lZdxL1OR0ZMW6KquMif
174,2017-02-25,175,Up,pick up the phone,Young Thug,473167,https://i.scdn.co/image/ab67616d00004851f54b99bf27cda88f4a7403ce,https://open.spotify.com/track/20dP2DaMHIAmwWAbp7peSr
175,2017-02-25,176,Down,"Lose Yourself - From ""8 Mile"" Soundtrack",Eminem,473063,https://i.scdn.co/image/36440dfd440d23086573d62a32def35ecc42f111,https://open.spotify.com/track/5Z01UMMf7V1o0MzF86s6WJ
176,2017-02-25,177,Up,Into You,Ariana Grande,469275,https://i.scdn.co/image/ab67616d000048517227f5854239a059af211d5b,https://open.spotify.com/track/7yHEDfrJNd0zWOfXwydNH0
177,2017-02-25,178,Down,Send My Love (To Your New Lover),Adele,464298,https://i.scdn.co/image/ab67616d000048514c3bbcff5e7248e415548f12,https://open.spotify.com/track/4BHzQ9C00ceJxfG16AlNWb
178,2017-02-25,179,Up,Steady 1234 (feat. Jasmine Thompson & Skizzy Mars),Vice,462895,https://i.scdn.co/image/ab67616d000048516c3742dff9593add7c590e85,https://open.spotify.com/track/40UroIGvsMPLPBYwH8rMNA
179,2017-02-25,180,New,Cuatro Babys,Maluma,459796,https://i.scdn.co/image/ab67616d00004851638d3cdf37fa447977e29e94,https://open.spotify.com/track/0JoHqmlqE0W0i9prt6kcHR
180,2017-02-25,181,Down,My Collection,Future,456220,https://i.scdn.co/image/ab67616d00004851968822b495da180d0792a437,https://open.spotify.com/track/4Q9vx0KwTiOMaRjOZkaxst
181,2017-02-25,182,Up,Thumbs,Sabrina Carpenter,455106,https://i.scdn.co/image/ab67616d00004851b13cc7b6ba13bcd75cae73a1,https://open.spotify.com/track/3UjJP4ludb74a29P5EHEIo
182,2017-02-25,183,Up,PILLOWTALK,ZAYN,454283,https://i.scdn.co/image/ab67616d00004851a15e26d05b7ce776b566579d,https://open.spotify.com/track/0PDUDa38GO8lMxLCRc4lL1
183,2017-02-25,184,Up,White Iverson,Post Malone,452929,https://i.scdn.co/image/23bae95100dcb6ac8f88c19fa2a11c50a998a926,https://open.spotify.com/track/6eT7xZZlB2mwyzJ2sUKG6w
184,2017-02-25,185,Up,Hymn for the Weekend - Seeb Remix,Coldplay,450976,https://i.scdn.co/image/ab67616d00004851e42f212796979596843a7376,https://open.spotify.com/track/1OAiWI2oPmglaOiv9fdioU
185,2017-02-25,186,New,Olha a Explosão,MC Kevinho,450436,https://i.scdn.co/image/ab67616d000048519fa596b2c10e306ea8c213c7,https://open.spotify.com/track/6m2LNopVJKsvBB9l7Z1rwn
186,2017-02-25,187,Down,Lighthouse - Andrelli Remix,Hearts & Colors,450293,https://i.scdn.co/image/d19cc054c261b243b0663223cf69bc256d700f07,https://open.spotify.com/track/04CttTezSnv71USiiG9mIo
187,2017-02-25,188,New,Sorry,Future,447715,https://i.scdn.co/image/ab67616d00004851968822b495da180d0792a437,https://open.spotify.com/track/1gb6riq7CCP5clGpSD0XPH
188,2017-02-25,189,Down,Final Song,MØ,443971,https://i.scdn.co/image/ab67616d00004851b7a02217229178b771ed0d4c,https://open.spotify.com/track/4qqArAiTPueDxIp7cf87h7
189,2017-02-25,190,New,Incredible,Future,443610,https://i.scdn.co/image/ab67616d00004851968822b495da180d0792a437,https://open.spotify.com/track/3IJPE9ICRq5PxVZxdv1sEv
190,2017-02-25,191,Down,No Role Modelz,J. Cole,443326,https://i.scdn.co/image/ab67616d000048516aca031ccc27d2e4dd829d14,https://open.spotify.com/track/62vpWI1CHwFy7tMIcSStl8
191,2017-02-25,192,Down,Draco,Future,442959,https://i.scdn.co/image/ab67616d00004851356884f85665ebdd79223fdf,https://open.spotify.com/track/67dyMPOUsbZ9Yg06PnfAAh
192,2017-02-25,193,New,Stitches,Shawn Mendes,442900,https://i.scdn.co/image/ab67616d0000485147710f5e89677e4d048e744c,https://open.spotify.com/track/1WP1r7fuvRqZRnUaTi2I1Q
193,2017-02-25,194,New,Fast Car,Jonas Blue,442672,https://i.scdn.co/image/ab67616d000048515cf78b9932b45387375528eb,https://open.spotify.com/track/6OZh916QF8XNunWaP97WEZ
194,2017-02-25,195,Down,Some Way,NAV,439500,https://i.scdn.co/image/d62c91b4a909cdac115e068d943554b0d96c0003,https://open.spotify.com/track/7zxRMhXxJMQCeDDg0rKAVo
195,2017-02-25,196,Up,Roses,The Chainsmokers,438404,https://i.scdn.co/image/ab67616d0000485108d87fb54859bc9038f7e5e0,https://open.spotify.com/track/6O6M7pJLABmfBRoGZMu76Y
196,2017-02-25,197,Down,Love on Me,Galantis,435598,https://i.scdn.co/image/ab67616d000048510018d9ed29666f655586bccc,https://open.spotify.com/track/2MHCiOohBZEQuLgDTPvSzF
197,2017-02-25,198,New,Lumbra,Cali Y El Dandee,434382,https://i.scdn.co/image/ab67616d000048511b871ef4de91bd38cac024d1,https://open.spotify.com/track/6VHdcVbiKLYYOcMbIqBcuK
198,2017-02-25,199,Down,Use Me,Future,433910,https://i.scdn.co/image/ab67616d00004851968822b495da180d0792a437,https://open.spotify.com/track/6pRoE3RdW4w1Fjd8epVWjZ
199,2017-02-25,200,Down,Slippery (feat. Gucci Mane),Migos,433357,https://i.scdn.co/image/ab67616d0000485199a8ab6da9d593939302828a,https://open.spotify.com/track/6p8NuHm8uCGnn2Dtbtf7zE
