,Date,Position,Trend,Title,Artist,Streams,Icon_URL,Spotify_URL
0,2017-02-14,1,Flat,Shape of You,Ed Sheeran,7511927,https://i.scdn.co/image/ab67616d00004851ba5db46f4b838ef6027e6f96,https://open.spotify.com/track/7qiZfU4dY1lWllzX7mPBI3
1,2017-02-14,2,Flat,"I Don’t Wanna Live Forever (Fifty Shades Darker) - From ""Fifty Shades Darker (Original Motion Picture Soundtrack)""",ZAYN,4375267,https://i.scdn.co/image/ab67616d000048512ae921f082ae5db4d3da818f,https://open.spotify.com/track/3NdDpSvN911VPGivFlV5d0
2,2017-02-14,3,Flat,Paris,The Chainsmokers,3796956,https://i.scdn.co/image/ab67616d000048510c13d3d5a503c84fcc60ae94,https://open.spotify.com/track/72jbDTw1piOOj770jWNeaG
3,2017-02-14,4,Flat,Despacito (Featuring Daddy Yankee),Luis Fonsi,3681350,https://i.scdn.co/image/ab67616d00004851a5971936e3b8d91f8b616b17,https://open.spotify.com/track/4aWmUDTfIPGksMNLV2rQP2
4,2017-02-14,5,Up,Scared to Be Lonely,Martin Garrix,2933201,https://i.scdn.co/image/ab67616d0000485164f8a309aa3c0a66a31fc374,https://open.spotify.com/track/3ebXMykcMXOcLeJ9xZ17XH
5,2017-02-14,6,Down,Castle on the Hill,Ed Sheeran,2855815,https://i.scdn.co/image/ab67616d00004851ba5db46f4b838ef6027e6f96,https://open.spotify.com/track/6PCUP3dWmTjcTtXY02oFdT
6,2017-02-14,7,Flat,Chained To The Rhythm,Katy Perry,2819230,https://i.scdn.co/image/ab67616d000048511487979a7e0181a5d0406d1a,https://open.spotify.com/track/6520aj0B4FSKGVuKNsOCOi
7,2017-02-14,8,Flat,Rockabye (feat. Sean Paul & Anne-Marie),Clean Bandit,2685890,https://i.scdn.co/image/ab67616d000048511431c3bdf16aa99f71799d95,https://open.spotify.com/track/5knuzwU65gJK7IF5yJsuaW
8,2017-02-14,9,Up,Say You Won't Let Go,James Arthur,2581465,https://i.scdn.co/image/ab67616d0000485120beb61f61fcbeb33b10a9ab,https://open.spotify.com/track/5uCax9HTNlzGybIStD3vDh
9,2017-02-14,10,Up,I Feel It Coming,The Weeknd,2520903,https://i.scdn.co/image/b3683184efeb899b2d1a02f4957d0c630dc10b0b,https://open.spotify.com/track/5GXAXm5YOmYT0kL5jHvYBt
10,2017-02-14,11,Down,Starboy,The Weeknd,2483528,https://i.scdn.co/image/ab67616d000048510c8599cbde51245c128bcea9,https://open.spotify.com/track/5aAx2yezTd8zXrkmtKl66Z
11,2017-02-14,12,Down,Closer,The Chainsmokers,2345928,https://i.scdn.co/image/ab67616d00004851495ce6da9aeb159e94eaa453,https://open.spotify.com/track/7BKLCZ1jbUBVqRi2FVlTVw
12,2017-02-14,13,Flat,Bad and Boujee (feat. Lil Uzi Vert),Migos,2258371,https://i.scdn.co/image/ab67616d0000485199a8ab6da9d593939302828a,https://open.spotify.com/track/4Km5HrUvYTaSUfiSGPJeQR
13,2017-02-14,14,Flat,Call On Me - Ryan Riback Extended Remix,Starley,2179292,https://i.scdn.co/image/ab67616d000048519d4079afc73664f86f055400,https://open.spotify.com/track/78rIJddV4X0HkNAInEcYde
14,2017-02-14,15,Flat,Issues,Julia Michaels,2144776,https://i.scdn.co/image/ab67616d000048519615e35e0e9e4b2c3dccb520,https://open.spotify.com/track/1sXUWdKx03aP9Gmzft58rt
15,2017-02-14,16,Up,Bad Things (with Camila Cabello),Machine Gun Kelly,1926419,https://i.scdn.co/image/d5f976093a4dcbc5ea9d4c04b414207f8bdce469,https://open.spotify.com/track/1PSBzsahR2AKwLJgx8ehBj
16,2017-02-14,17,Flat,Chantaje (feat. Maluma),Shakira,1924522,https://i.scdn.co/image/ab67616d00004851d05d3aad30c5fb7614893cf5,https://open.spotify.com/track/6mICuAdrwEjh6Y6lroV2Kg
17,2017-02-14,18,Down,Don't Wanna Know,Maroon 5,1911124,https://i.scdn.co/image/ab67616d00004851eec1912bbc2ff74b8203fe5f,https://open.spotify.com/track/5MFzQMkrl1FOOng9tq6R9r
18,2017-02-14,19,Up,Just Hold On,Steve Aoki,1838850,https://i.scdn.co/image/ab67616d0000485122e2ce2de8bad6d67ee69b48,https://open.spotify.com/track/3EmmCZoqpWOTY1g2GBwJoR
19,2017-02-14,20,Down,"How Far I'll Go - From ""Moana""",Alessia Cara,1818352,https://i.scdn.co/image/ab67616d00004851fb128b1eda22335050f584fe,https://open.spotify.com/track/5hYTyyh2odQKphUbMqc5gN
20,2017-02-14,21,Flat,Run Up (feat. PARTYNEXTDOOR & Nicki Minaj),Major Lazer,1818004,https://i.scdn.co/image/ab67616d000048518036d7402a6a76aed04f1f98,https://open.spotify.com/track/0fg8CqpjdojMyXLNzM2PaJ
21,2017-02-14,22,Flat,Fake Love,Drake,1733887,https://i.scdn.co/image/6dfd956b9331fa9ea1f47ebb95311951ed72b3db,https://open.spotify.com/track/343YBumqHu19cGoGARUTsd
22,2017-02-14,23,Up,Let Me Love You,DJ Snake,1689308,https://i.scdn.co/image/ab67616d000048515045de6786e0af096de73ed4,https://open.spotify.com/track/4pdPtRcBmOSQDlJ3Fk945m
23,2017-02-14,24,Down,24K Magic,Bruno Mars,1676139,https://i.scdn.co/image/ab67616d00004851232711f7d66a1e19e89e28c5,https://open.spotify.com/track/6b8Be6ljOzmkOmFslEb23P
24,2017-02-14,25,Flat,Bounce Back,Big Sean,1623740,https://i.scdn.co/image/695d0c097d8463ccc2c2b9855fe44e3e9e7bc267,https://open.spotify.com/track/0SGkqnVQo9KPytSri1H6cF
25,2017-02-14,26,Up,Solo Dance,Martin Jensen,1592232,https://i.scdn.co/image/ab67616d00004851950d67dbe3f31f1d9a5d06a2,https://open.spotify.com/track/6HUnnBwYZqcED1eQztxMBN
26,2017-02-14,27,Down,All Night,The Vamps,1587218,https://i.scdn.co/image/ab67616d00004851f03c9779c27137669304ea20,https://open.spotify.com/track/1yNyoWWWikbLhwIGWjZuDW
27,2017-02-14,28,Up,Weak,AJR,1566528,https://i.scdn.co/image/ab67616d00004851c5f3ca405ff6ed13dc554b94,https://open.spotify.com/track/3E2Zh20GDCR9B1EYjfXWyv
28,2017-02-14,29,Down,One Dance,Drake,1508853,https://i.scdn.co/image/ab67616d00004851726abca207567d5e41cb9667,https://open.spotify.com/track/1xznGGDReH1oQq0xzbwXa3
29,2017-02-14,30,Flat,All Time Low,Jon Bellion,1502072,https://i.scdn.co/image/ff06a4138a99d272c24d2f6da9b5ea6067c054db,https://open.spotify.com/track/1CnPYaKxTVb4LWOtiGOm0m
30,2017-02-14,31,Flat,Hear Me Now,Alok,1496996,https://i.scdn.co/image/e308bad29e4cf6dc8aa5cd97449ef71bbb893d40,https://open.spotify.com/track/1a5Yu5L18qNxVhXx38njON
31,2017-02-14,32,Flat,El Amante,Nicky Jam,1433831,https://i.scdn.co/image/ab67616d00004851d77dbcd4dbd37cdfa61771fa,https://open.spotify.com/track/3umS4y3uQDkqekNjVpiRUs
32,2017-02-14,33,Up,That's What I Like,Bruno Mars,1410962,https://i.scdn.co/image/ab67616d00004851232711f7d66a1e19e89e28c5,https://open.spotify.com/track/0KKkJNfGyhkQ5aFogxQAPU
33,2017-02-14,34,Down,Reggaetón Lento (Bailemos),CNCO,1366746,https://i.scdn.co/image/ab67616d000048517db0f7ac4c612cce26ccacf9,https://open.spotify.com/track/3AEZUABDXNtecAOSC1qTfo
34,2017-02-14,35,Up,iSpy (feat. Lil Yachty),KYLE,1360963,https://i.scdn.co/image/ab67616d0000485132e373f2988bc6596a542d1c,https://open.spotify.com/track/2EEeOnHehOozLq4aS0n6SL
35,2017-02-14,36,Down,Shed a Light,Robin Schulz,1339856,https://i.scdn.co/image/ab67616d000048517be189f322bc8155c103d6c9,https://open.spotify.com/track/1cG0umU5TKStygKsPFZ9pY
36,2017-02-14,37,Down,Cold Water (feat. Justin Bieber & MØ),Major Lazer,1314112,https://i.scdn.co/image/ab67616d000048512e8f1cca2bc8c9d55930523b,https://open.spotify.com/track/6DNtNfH8hXkqOX1sjqmI7p
37,2017-02-14,38,Down,Side To Side,Ariana Grande,1295649,https://i.scdn.co/image/ab67616d000048517227f5854239a059af211d5b,https://open.spotify.com/track/4pLwZjInHj3SimIyN9SnOz
38,2017-02-14,39,Flat,In the Name of Love,Martin Garrix,1284535,https://i.scdn.co/image/ab67616d00004851923db3f255cd48a6d5783ebf,https://open.spotify.com/track/04DwTuZ2VBdJCCC5TROn7L
39,2017-02-14,40,Down,Now and Later,Sage The Gemini,1277144,https://i.scdn.co/image/ab67616d0000485182d22e1d83fc1045ad33444a,https://open.spotify.com/track/43jBqV3j3Xi1g6wO0bhIMd
40,2017-02-14,41,Down,Don't Leave,Snakehips,1271624,https://i.scdn.co/image/ab67616d00004851b72a28b6f92b180a8a423e29,https://open.spotify.com/track/0Zx8khUcEfCFK2AEoIhC92
41,2017-02-14,42,Up,Water Under the Bridge,Adele,1251425,https://i.scdn.co/image/ab67616d000048514c3bbcff5e7248e415548f12,https://open.spotify.com/track/4vb4mFvYsr2h6enhjJsq9Y
42,2017-02-14,43,Up,Thinking out Loud,Ed Sheeran,1229058,https://i.scdn.co/image/ab67616d00004851d08209944468440145f01524,https://open.spotify.com/track/1Slwb6dOYkBlWal1PGtnNg
43,2017-02-14,44,Down,I Would Like,Zara Larsson,1219383,https://i.scdn.co/image/ab67616d000048519e1683774b22648f4f178ed3,https://open.spotify.com/track/4Q4jmPHwu0wrJvqrld0FQ6
44,2017-02-14,45,Down,Black Beatles,Rae Sremmurd,1200744,https://i.scdn.co/image/16293ab3b4f9301aeb5f41810fd7056d463db55e,https://open.spotify.com/track/6fujklziTHa8uoM5OQSfIo
45,2017-02-14,46,Down,T-Shirt,Migos,1187725,https://i.scdn.co/image/ab67616d0000485199a8ab6da9d593939302828a,https://open.spotify.com/track/7KOlJ92bu51cltsD9KU5I7
46,2017-02-14,47,Down,Starving,Hailee Steinfeld,1171325,https://i.scdn.co/image/ab67616d00004851612495ee5769c99125031be2,https://open.spotify.com/track/1qOLh0tI7trd1zdDKxYZTe
47,2017-02-14,48,Up,Believer,Imagine Dragons,1145857,https://i.scdn.co/image/ab67616d000048517956bd9a3d7a15e4c2e37cc6,https://open.spotify.com/track/0CcQNd8CINkwQfe1RDtGV6
48,2017-02-14,49,Down,My Way,Calvin Harris,1123082,https://i.scdn.co/image/ab67616d000048518d12bc5e3ea5c9f4a967de32,https://open.spotify.com/track/1vvNmPOiUuyCbgWmtc6yfm
49,2017-02-14,50,Down,Love Me Now,John Legend,1119316,https://i.scdn.co/image/ab67616d00004851fa2ba77d93b08258827bd2d2,https://open.spotify.com/track/6nxQdXa1uAL0rY72wPZu89
50,2017-02-14,51,Down,Mercy,Shawn Mendes,1090273,https://i.scdn.co/image/ab67616d00004851188e6332f32088921ab1eaf8,https://open.spotify.com/track/4TZy1wLyHec06pwgFYDh1a
51,2017-02-14,52,Up,Photograph,Ed Sheeran,1079762,https://i.scdn.co/image/ab67616d00004851d08209944468440145f01524,https://open.spotify.com/track/6fxVffaTuwjgEk5h9QyRjy
52,2017-02-14,53,Flat,Congratulations,Post Malone,1054668,https://i.scdn.co/image/23bae95100dcb6ac8f88c19fa2a11c50a998a926,https://open.spotify.com/track/3a1lNhkSLSkpJE4MSHpDu9
53,2017-02-14,54,Down,Alone,Alan Walker,1047711,https://i.scdn.co/image/ab67616d00004851f00ade2f88d8223521bc7f76,https://open.spotify.com/track/0JiVRyTJcJnmlwCZ854K4p
54,2017-02-14,55,Down,Otra vez (feat. J Balvin),Zion & Lennox,1003518,https://i.scdn.co/image/ab67616d0000485182eabf564ddc57325a84dd50,https://open.spotify.com/track/3QwBODjSEzelZyVjxPOHdq
55,2017-02-14,56,Up,I Got You,Bebe Rexha,964720,https://i.scdn.co/image/ab67616d00004851809adcbcfe88c94fd2a706c1,https://open.spotify.com/track/1FUViuNSldssMIawrOXF2i
56,2017-02-14,57,Up,Sunset Lover,Petit Biscuit,957537,https://i.scdn.co/image/ab67616d00004851014080d39d56c94c0b285362,https://open.spotify.com/track/0hNduWmlWmEmuwEFcYvRu1
57,2017-02-14,58,Down,Human,Rag'n'Bone Man,948045,https://i.scdn.co/image/ab67616d0000485190a788beadaad34ff684d3ec,https://open.spotify.com/track/58zsLZPvfflaiIbNWoA22O
58,2017-02-14,59,Down,Caroline,Aminé,933190,https://i.scdn.co/image/ab67616d00004851a7f01ef25974c10cdbbd566e,https://open.spotify.com/track/5GFDrUTLGJix84sNhjCG0g
59,2017-02-14,60,Up,It's Gotta Be You,Isaiah,913967,https://i.scdn.co/image/ab67616d00004851d43b5e86edff2089b91357e6,https://open.spotify.com/track/6cAKeFFYW2aClZSUyvqAEW
60,2017-02-14,61,Down,You Don't Know Me - Radio Edit,Jax Jones,913953,https://i.scdn.co/image/ab67616d00004851dd05a1716e2f07a07b8ccfe3,https://open.spotify.com/track/00lNx0OcTJrS3MKHcB80HY
61,2017-02-14,62,Down,Heathens,Twenty One Pilots,911481,https://i.scdn.co/image/ab67616d000048512ca3ba8f334ca5a5f0312efb,https://open.spotify.com/track/6i0V12jOa3mr6uu4WYhUBr
62,2017-02-14,63,Down,Safari,J Balvin,904032,https://i.scdn.co/image/ab67616d00004851338ffc4c72a192f06070546b,https://open.spotify.com/track/6rQSrBHf7HlZjtcMZ4S4bO
63,2017-02-14,64,Down,No Problem (feat. Lil Wayne & 2 Chainz),Chance the Rapper,898222,https://i.scdn.co/image/ab67616d00004851e71dd15fc5bdefd5bff70452,https://open.spotify.com/track/0v9Wz8o0BT8DU38R4ddjeH
64,2017-02-14,65,Down,Treat You Better,Shawn Mendes,890523,https://i.scdn.co/image/ab67616d00004851188e6332f32088921ab1eaf8,https://open.spotify.com/track/4Hf7WnR761jpxPr5D46Bcd
65,2017-02-14,66,Up,Million Reasons,Lady Gaga,877319,https://i.scdn.co/image/ab67616d00004851dd0b256c733c96b653ab5cde,https://open.spotify.com/track/50PWlIBU7PlGGwzgN8TiFJ
66,2017-02-14,67,Down,Scars To Your Beautiful,Alessia Cara,868293,https://i.scdn.co/image/5b9e5bd34ec840f07c8530e43a76b1b5e08d8b77,https://open.spotify.com/track/0prNGof3XqfTvNDxHonvdK
67,2017-02-14,68,Up,Halo,Beyoncé,846808,https://i.scdn.co/image/ab67616d00004851b4c5982e1b92f97a126fc18c,https://open.spotify.com/track/2CvOqDpQIMw69cCzWqr5yr
68,2017-02-14,69,Up,Stay With Me,Sam Smith,842446,https://i.scdn.co/image/ab67616d000048514fb7193968e58e51c3db3ef4,https://open.spotify.com/track/5Db9VIdDsN5yu3Eu7CT0i4
69,2017-02-14,70,Down,Don't Let Me Down,The Chainsmokers,842210,https://i.scdn.co/image/ab67616d0000485108d87fb54859bc9038f7e5e0,https://open.spotify.com/track/0QsvXIfqM0zZoerQfsI9lm
70,2017-02-14,71,Down,Moves,Big Sean,839614,https://i.scdn.co/image/695d0c097d8463ccc2c2b9855fe44e3e9e7bc267,https://open.spotify.com/track/0Fv5N0cHBsl4bzCbollCAS
71,2017-02-14,72,Up,Touch,Little Mix,834668,https://i.scdn.co/image/ab67616d000048512318bbb0586903290db2b270,https://open.spotify.com/track/5Ua3GXyHwiSfpNTMjq6m2z
72,2017-02-14,73,Up,No Favors,Big Sean,834523,https://i.scdn.co/image/695d0c097d8463ccc2c2b9855fe44e3e9e7bc267,https://open.spotify.com/track/1MksGqIztTT6M9R1ErKVs8
73,2017-02-14,74,Down,Party Monster,The Weeknd,825954,https://i.scdn.co/image/6aeaaebcbd861c8369b14366e8e0eca2fe96055d,https://open.spotify.com/track/4F7A0DXBrmUAkp32uenhZt
74,2017-02-14,75,Down,All We Know,The Chainsmokers,823559,https://i.scdn.co/image/ab67616d00004851ff8d8c5662a96d41433e9ee1,https://open.spotify.com/track/2rizacJSyD9S1IQUxUxnsK
75,2017-02-14,76,Down,"CAN'T STOP THE FEELING! (Original Song from DreamWorks Animation's ""TROLLS"")",Justin Timberlake,815133,https://i.scdn.co/image/ab67616d00004851ef37416970812293c08e8a78,https://open.spotify.com/track/6JV2JOEocMgcZxYSZelKcc
76,2017-02-14,77,Down,Lot to Learn,Luke Christopher,811125,https://i.scdn.co/image/ab67616d000048513f0bd8f231c9b6433be929b1,https://open.spotify.com/track/3TRFq09DUgYj1mug6RRqJW
77,2017-02-14,78,Down,By Your Side,Jonas Blue,799408,https://i.scdn.co/image/ab67616d00004851bd4b658f3aead04637924c28,https://open.spotify.com/track/1D3ODoXHBLpdxolZRHWV1j
78,2017-02-14,79,Up,All of Me,John Legend,798606,https://i.scdn.co/image/ab67616d00004851a30a192002427d5d72622dfc,https://open.spotify.com/track/2q6tgiA9tpb6DMguABwCWE
79,2017-02-14,80,Flat,History,Olivia Holt,789199,https://i.scdn.co/image/ab67616d000048519e21eab426152ef9078d6b94,https://open.spotify.com/track/0WCEaydwN65cvwaW8aqptF
80,2017-02-14,81,New,Make You Feel My Love,Adele,788063,https://i.scdn.co/image/ab67616d000048510bbda970634a810e124acaa5,https://open.spotify.com/track/7rPLZ8Krm6CZIbraFUlnWZ
81,2017-02-14,82,Down,Make Me (Cry),Noah Cyrus,786649,https://i.scdn.co/image/ab67616d00004851bf2ec8b87525fbd01fb0111f,https://open.spotify.com/track/2BrzlUj1u1CtvaJDGIKpsP
82,2017-02-14,83,Down,Broccoli (feat. Lil Yachty),DRAM,784727,https://i.scdn.co/image/ab67616d00004851f02a1575a59bd05998826351,https://open.spotify.com/track/7yyRTcZmCiyzzJlNzGC9Ol
83,2017-02-14,84,Down,Vente Pa' Ca,Ricky Martin,766452,https://i.scdn.co/image/ab67616d000048513d90f5938459be40b7b6652a,https://open.spotify.com/track/7DM4BPaS7uofFul3ywMe46
84,2017-02-14,85,Down,September Song,JP Cooper,764339,https://i.scdn.co/image/ab67616d000048511400ec742ee0935608e30700,https://open.spotify.com/track/0FuTx2s3YH1ppmtiM6l0zI
85,2017-02-14,86,Up,Love Yourself,Justin Bieber,755459,https://i.scdn.co/image/ab67616d00004851b6d9a4fbb0bd49f0f034aead,https://open.spotify.com/track/3hB5DgAiMAQ4DzYbsMq1IT
86,2017-02-14,87,Down,We Don't Talk Anymore,Charlie Puth,750643,https://i.scdn.co/image/ab67616d00004851c0e28105f0533c52717c46c2,https://open.spotify.com/track/68EMU2RD1ECNeOeJ5qAXCV
87,2017-02-14,88,Down,Stressed Out,Twenty One Pilots,743486,https://i.scdn.co/image/ab67616d00004851de03bfc2991fd5bcfde65ba3,https://open.spotify.com/track/3CRDbSIZ4r5MsZ0YwxuEkn
88,2017-02-14,89,Down,"Ay Mi Dios (feat. Pitbull, Yandel & Chacal)",IAmChino,736563,https://i.scdn.co/image/ab67616d000048511568fbc07414eb185c58ef62,https://open.spotify.com/track/6stYbAJgTszHAHZMPxWWCY
89,2017-02-14,90,Down,Versace on the Floor,Bruno Mars,734003,https://i.scdn.co/image/ab67616d00004851232711f7d66a1e19e89e28c5,https://open.spotify.com/track/0kN8xEmgMW9mh7UmDYHlJP
90,2017-02-14,91,Up,Take Me To Church,Hozier,728079,https://i.scdn.co/image/ab67616d00004851ace36cf9e943c024446cb83e,https://open.spotify.com/track/0IqKeD8ZSP72KbGYyzEcAs
91,2017-02-14,92,Down,Body Like A Back Road,Sam Hunt,723893,https://i.scdn.co/image/ab67616d000048519eccbdab1110afc4d5a186a8,https://open.spotify.com/track/7mldq42yDuxiUNn08nvzHO
92,2017-02-14,93,Down,Vacaciones,Wisin,710934,https://i.scdn.co/image/ab67616d00004851c85f0d16973e9dae6f8a786c,https://open.spotify.com/track/3dQDid3IUNhZy1OehIfYfE
93,2017-02-14,94,Down,I Took A Pill In Ibiza - Seeb Remix,Mike Posner,710332,https://i.scdn.co/image/ab67616d0000485140512e02a594e3378c0256e6,https://open.spotify.com/track/17Fd6Yb7mSbinKG8LoWfFl
94,2017-02-14,95,Down,Redbone,Childish Gambino,704320,https://i.scdn.co/image/ab67616d000048510b97e56ffad7c6211aa848f8,https://open.spotify.com/track/3kxfsdsCpFgN412fpnW85Y
95,2017-02-14,96,Down,Me Llamas (feat. Maluma) - Remix,Piso 21,700872,https://i.scdn.co/image/ab67616d000048511e1eafb5d2bb1ca39d26f092,https://open.spotify.com/track/5hEM0JchdVzQ5PwvSfITeX
96,2017-02-14,97,Down,Sexual,NEIKED,697183,https://i.scdn.co/image/ab67616d000048519c5e27aff6792af94e972af9,https://open.spotify.com/track/3AsAuGTaDQzavZZThyYlop
97,2017-02-14,98,Down,Lighthouse - Andrelli Remix,Hearts & Colors,696772,https://i.scdn.co/image/d19cc054c261b243b0663223cf69bc256d700f07,https://open.spotify.com/track/04CttTezSnv71USiiG9mIo
98,2017-02-14,99,Down,Ride,Twenty One Pilots,691206,https://i.scdn.co/image/ab67616d00004851de03bfc2991fd5bcfde65ba3,https://open.spotify.com/track/2Z8WuEywRWYTKe1NybPQEW
99,2017-02-14,100,Down,Cake - Challenge Version,Flo Rida,689354,https://i.scdn.co/image/ab67616d00004851b765afdf5f6a2bc83eb5f378,https://open.spotify.com/track/6t2ubAB4iSYOuIpRAOGd4t
100,2017-02-14,101,Up,Love On The Brain,Rihanna,687874,https://i.scdn.co/image/ddc285ca9817c96c7719b3f2a759e108787db021,https://open.spotify.com/track/2aksifNn5ph8igDOkPBA02
101,2017-02-14,102,Flat,Romantic - NOTD Remix,Stanaj,683547,https://i.scdn.co/image/ab67616d000048517861e14b4da5cfac6fb0c65b,https://open.spotify.com/track/3SGWp9fJCzgK0WcpcKSQdy
102,2017-02-14,103,New,美女と野獣,Ariana Grande,672718,https://i.scdn.co/image/ab67616d00004851d5a45b435ecafffdede5fd28,https://open.spotify.com/track/1KT0xdIjm7t053xByACrrg
103,2017-02-14,104,Down,Some Kind Of Drug,G-Eazy,672241,https://i.scdn.co/image/ab67616d0000485198acfa8c055deedc25e6081d,https://open.spotify.com/track/1Bqxj0aH5KewYHKUg1IdrF
104,2017-02-14,105,Down,Hello,Adele,670425,https://i.scdn.co/image/ab67616d000048514c3bbcff5e7248e415548f12,https://open.spotify.com/track/4sPmO7WMQUAf45kwMOtONw
105,2017-02-14,106,New,"Love Me Like You Do - From ""Fifty Shades Of Grey""",Ellie Goulding,662442,https://i.scdn.co/image/d4c7dc706d5c3d434a9af6169b484458ee75d860,https://open.spotify.com/track/3zHq9ouUJQFQRf3cm1rRLu
106,2017-02-14,107,Down,No Lie,Sean Paul,660079,https://i.scdn.co/image/ab67616d000048514782809e4cd19cefc99048f7,https://open.spotify.com/track/3cFsmM51N5zMAuu1nNY4Tw
107,2017-02-14,108,Down,Cheap Thrills,Sia,654378,https://i.scdn.co/image/ab67616d0000485149e0134c686547c28b7c999f,https://open.spotify.com/track/27SdWb2rFzO6GWiYDBTD9j
108,2017-02-14,109,Down,X (feat. Future),21 Savage,653602,https://i.scdn.co/image/ab67616d000048512dd1ac4a61495080ef8f78ca,https://open.spotify.com/track/6fwdbPMwP1zVStm8FybmkO
109,2017-02-14,110,Down,"Sola (Remix) [feat. Daddy Yankee, Wisin, Farruko, Zion & Lennox]",Anuel AA,651692,https://i.scdn.co/image/ab67616d00004851a66def7d649149464edc8f1e,https://open.spotify.com/track/5q2JbCNi4FcnglgPfxcV65
110,2017-02-14,111,Down,Dile Que Tu Me Quieres,Ozuna,646009,https://i.scdn.co/image/ab67616d0000485133bbd31551e01896f58d688f,https://open.spotify.com/track/20ZAJdsKB5IGbGj4ilRt2o
111,2017-02-14,112,Flat,Oceans Away,A R I Z O N A,642787,https://i.scdn.co/image/ab67616d0000485150a25f1cb71018982b81ca2b,https://open.spotify.com/track/6A8dnC0xkiuWN4BshmTB2I
112,2017-02-14,113,Down,Perfect Strangers,Jonas Blue,628449,https://i.scdn.co/image/ab67616d0000485179882e87678a76bc1d895e94,https://open.spotify.com/track/1CUVN2kn7mW5FjkqXTR2W1
113,2017-02-14,114,Down,The Greatest,Sia,628432,https://i.scdn.co/image/ab67616d00004851754b2fddebe7039fdb912837,https://open.spotify.com/track/7xHWNBFm6ObGEQPaUxHuKO
114,2017-02-14,115,Down,Faded,Alan Walker,624073,https://i.scdn.co/image/ab67616d00004851c4d00cac55ae1b4598c9bc90,https://open.spotify.com/track/7gHs73wELdeycvS48JfIos
115,2017-02-14,116,Up,Swang,Rae Sremmurd,621857,https://i.scdn.co/image/16293ab3b4f9301aeb5f41810fd7056d463db55e,https://open.spotify.com/track/6mapJIPnQ23RTAevUoE0DL
116,2017-02-14,117,Down,Send My Love (To Your New Lover),Adele,619821,https://i.scdn.co/image/ab67616d000048514c3bbcff5e7248e415548f12,https://open.spotify.com/track/4BHzQ9C00ceJxfG16AlNWb
117,2017-02-14,118,Down,"i hate u, i love u (feat. olivia o'brien)",gnash,619092,https://i.scdn.co/image/ab67616d0000485108862f843ea27f44f8e8cbd8,https://open.spotify.com/track/7vRriwrloYVaoAe3a9wJHe
118,2017-02-14,119,Down,Too Good,Drake,615845,https://i.scdn.co/image/ab67616d00004851726abca207567d5e41cb9667,https://open.spotify.com/track/11KJSRSgaDxqydKYiD2Jew
119,2017-02-14,120,Down,Panda,Desiigner,615762,https://i.scdn.co/image/ab67616d000048513df69bfb7713d8262820612b,https://open.spotify.com/track/5OOkp4U9P9oL23maHFHL1h
120,2017-02-14,121,Down,goosebumps,Travis Scott,611851,https://i.scdn.co/image/ab67616d00004851f54b99bf27cda88f4a7403ce,https://open.spotify.com/track/6gBFPUFcJLzWGx4lenP6h2
121,2017-02-14,122,Down,Sorry,Justin Bieber,607964,https://i.scdn.co/image/ab67616d00004851b6d9a4fbb0bd49f0f034aead,https://open.spotify.com/track/69bp2EbF7Q2rqc5N3ylezZ
122,2017-02-14,123,Down,Work from Home (feat. Ty Dolla $ign),Fifth Harmony,604468,https://i.scdn.co/image/ab67616d00004851d03fa6f4e758282b7920b5c8,https://open.spotify.com/track/4tCtwWceOPWzenK2HAIJSb
123,2017-02-14,124,Down,Sooner Or Later,Aaron Carter,604284,https://i.scdn.co/image/ab67616d000048511f7d1e684ec89fe11a4fdc37,https://open.spotify.com/track/6wV12xIUb8oFY7lBy4KuQe
124,2017-02-14,125,Up,Let Her Go,Passenger,599728,https://i.scdn.co/image/ab67616d000048514566e671e5c947cba3a38436,https://open.spotify.com/track/2jyjhRf6DVbMPU5zxagN2h
125,2017-02-14,126,Down,This Is What You Came For,Calvin Harris,598225,https://i.scdn.co/image/ab67616d00004851d9aa52355e062f5de060adbf,https://open.spotify.com/track/0azC730Exh71aQlOt9Zj3y
126,2017-02-14,127,Down,La Bicicleta,Carlos Vives,597171,https://i.scdn.co/image/ab67616d00004851d05d3aad30c5fb7614893cf5,https://open.spotify.com/track/0sXvAOmXgjR2QUqLK1MltU
127,2017-02-14,128,Down,7 Years,Lukas Graham,596542,https://i.scdn.co/image/ab67616d0000485104d59cefa11f0eee9f1877a5,https://open.spotify.com/track/7129iqBafaphfc3WPCGC0L
128,2017-02-14,129,Down,Deja Vu,J. Cole,592930,https://i.scdn.co/image/fff50a2874dae97e76d3a78e55771d7c59719928,https://open.spotify.com/track/6I6NX6tjGsxFAsIfGzY9lJ
129,2017-02-14,130,Down,The Other,Lauv,586701,https://i.scdn.co/image/ab67616d000048513c6e07056b26bb9804a596da,https://open.spotify.com/track/1lntL1cI2UIWlxjL5QiN8g
130,2017-02-14,131,New,All I Need,Joakim Lundell,585586,https://i.scdn.co/image/ab67616d000048517774aab922fb0d2570c81b21,https://open.spotify.com/track/6vBgJ1SLmpB4VMcEVy1ovL
131,2017-02-14,132,Down,Traicionera,Sebastian Yatra,581593,https://i.scdn.co/image/ab67616d00004851dbe5e9f934a9be5db8884c52,https://open.spotify.com/track/5J1c3M4EldCfNxXwrwt8mT
132,2017-02-14,133,Up,"Helium - From ""Fifty Shades Darker (Original Motion Picture Soundtrack)""",Sia,581080,https://i.scdn.co/image/ab67616d000048511eb4b6d94e58873f4c775dc8,https://open.spotify.com/track/5fc6rQgAKiLutfUYWQ6QnJ
133,2017-02-14,134,New,A Thousand Years,Christina Perri,574022,https://i.scdn.co/image/ab67616d000048513dea4a2ccd58ad1f8e4dbb03,https://open.spotify.com/track/6lanRgr6wXibZr8KgzXxBl
134,2017-02-14,135,Down,Be the One,Dua Lipa,572727,https://i.scdn.co/image/ab67616d000048516b915e407b70e121e06fe979,https://open.spotify.com/track/7FCfMXYTIiQ9b4hDYs4Iol
135,2017-02-14,136,Down,"Sucker For Pain (with Wiz Khalifa, Imagine Dragons, Logic & Ty Dolla $ign feat. X Ambassadors)",Lil Wayne,571496,https://i.scdn.co/image/ab67616d000048517d8dfcfd507069d7f2062caf,https://open.spotify.com/track/4dASQiO1Eoo3RJvt74FtXB
136,2017-02-14,137,Up,La Rompe Corazones,Daddy Yankee,570857,https://i.scdn.co/image/ab67616d00004851b84a36483e43bfbcb931fcde,https://open.spotify.com/track/4okba5wu9mMLXx79DXLKi3
137,2017-02-14,138,Down,Sneakin’,Drake,567342,https://i.scdn.co/image/8b1f6991ae1192e214374d14d918140d04dbd8a7,https://open.spotify.com/track/4ckuS4Nj4FZ7i3Def3Br8W
138,2017-02-14,139,Down,Same Drugs,Chance the Rapper,562547,https://i.scdn.co/image/ab67616d00004851e71dd15fc5bdefd5bff70452,https://open.spotify.com/track/6m9qPYXmhge2QhBLfFKnVF
139,2017-02-14,140,Down,Not Going Home,DVBBS,556799,https://i.scdn.co/image/ab67616d000048519e48219a58924f86b6ab1137,https://open.spotify.com/track/042x9bsUBWW2fJgJ6fUh61
140,2017-02-14,141,Down,No Heart,21 Savage,555727,https://i.scdn.co/image/ab67616d000048512dd1ac4a61495080ef8f78ca,https://open.spotify.com/track/4gmmRb6bZJffOOiww1JGTO
141,2017-02-14,142,Down,Work,Rihanna,552679,https://i.scdn.co/image/ab67616d000048510ed05634a469e5cf4789b0a7,https://open.spotify.com/track/14WWzenpaEgQZlqPq2nk4v
142,2017-02-14,143,Down,Gyal You A Party Animal - Remix,Charly Black,550444,https://i.scdn.co/image/ab67616d0000485131a026a9d39e08006ddfb138,https://open.spotify.com/track/1AkTW13ysu0AJrwuM6UY0I
143,2017-02-14,144,Down,Fresh Eyes,Andy Grammer,544985,https://i.scdn.co/image/ab67616d0000485158dd2ff215d3baa7d4bd194f,https://open.spotify.com/track/4nMlau89VAjmV7agkl7OY3
144,2017-02-14,145,Down,The Mack,Nevada,544277,https://i.scdn.co/image/ab67616d00004851746ac799032f9af9c5268332,https://open.spotify.com/track/7aV2mflaASUmGhCErm7kBO
145,2017-02-14,146,Down,Light,San Holo,543945,https://i.scdn.co/image/ab67616d000048514452e79f2bfa40e105e7c029,https://open.spotify.com/track/7zTx8ePYAmPFQuxP3xlXZn
146,2017-02-14,147,Down,Controlla,Drake,542323,https://i.scdn.co/image/ab67616d00004851726abca207567d5e41cb9667,https://open.spotify.com/track/6F609ICg9Spjrw1epsAnpa
147,2017-02-14,148,Down,Needed Me,Rihanna,542221,https://i.scdn.co/image/ddc285ca9817c96c7719b3f2a759e108787db021,https://open.spotify.com/track/1Tt4sE4pXi57mTD1GCzsqm
148,2017-02-14,149,New,Wonderwall - Remastered,Oasis,540296,https://i.scdn.co/image/ab67616d0000485185e5dcc05cc216a10f141480,https://open.spotify.com/track/5qqabIl2vWzo9ApSC317sa
149,2017-02-14,150,Down,Shout Out to My Ex,Little Mix,534125,https://i.scdn.co/image/ab67616d000048512318bbb0586903290db2b270,https://open.spotify.com/track/0YHUITU3w6ws1v8ehT264g
150,2017-02-14,151,Down,"Bom Bidi Bom - From ""Fifty Shades Darker (Original Motion Picture Soundtrack)""",Nick Jonas,530601,https://i.scdn.co/image/ab67616d000048511eb4b6d94e58873f4c775dc8,https://open.spotify.com/track/4nDfc6F2uVcc6wdG7kBzWO
151,2017-02-14,152,Down,Look at Me!,XXXTENTACION,529180,https://i.scdn.co/image/ab67616d0000485113b2950c7c79c200f2b615d5,https://open.spotify.com/track/2oUuLLKS8WbF7ELJcwbqms
152,2017-02-14,153,Down,Chill Bill,Rob $tone,527299,https://i.scdn.co/image/ab67616d000048516f3e9696889a2425338e0836,https://open.spotify.com/track/5uDASfU19gDxSjW8cnCaBp
153,2017-02-14,154,Down,Capsize,FRENSHIP,524232,https://i.scdn.co/image/ab67616d00004851670048174db73ef55039c7bf,https://open.spotify.com/track/2XMTqoHHSH0lvuXrvIEdco
154,2017-02-14,155,Down,Both (feat. Drake),Gucci Mane,520509,https://i.scdn.co/image/ab67616d000048518c75413c7f38b3f512a75b35,https://open.spotify.com/track/5tFep7dXGd7vEJ668wTPux
155,2017-02-14,156,Down,This Town,Niall Horan,514385,https://i.scdn.co/image/ab67616d00004851cad02035314b784b53570eac,https://open.spotify.com/track/5nA67Y0XX9JipZwYxX7Gl7
156,2017-02-14,157,Down,Te Quiero Pa´Mi,Don Omar,511331,https://i.scdn.co/image/ab67616d00004851d0cb2a58e3bf5d7ac5ece16f,https://open.spotify.com/track/3BY2mafsbsoKGqS380Xnuz
157,2017-02-14,158,New,She Will Be Loved - Radio Mix,Maroon 5,510761,https://i.scdn.co/image/bf1211346c26e37c2915f51601b78bf190511b68,https://open.spotify.com/track/4llK75pXNWZz6KAho2Gp16
158,2017-02-14,159,Down,Skin,Rag'n'Bone Man,510154,https://i.scdn.co/image/ab67616d0000485190a788beadaad34ff684d3ec,https://open.spotify.com/track/6y2Kaz9QI01XBKJ8mTb7Pf
159,2017-02-14,160,Up,Someone Like You,Adele,508367,https://i.scdn.co/image/ab67616d000048516d4056466fc11f6408be2566,https://open.spotify.com/track/4kflIGfjdZJW4ot2ioixTB
160,2017-02-14,161,Down,This Girl (Kungs Vs. Cookin' On 3 Burners) - Kungs Vs. Cookin' On 3 Burners,Kungs,508332,https://i.scdn.co/image/ab67616d00004851f504cc56f3bd99bc61929272,https://open.spotify.com/track/0tICYNayWWhH9GPeFrfjfD
161,2017-02-14,162,Down,Let It Go,James Bay,506582,https://i.scdn.co/image/abcbe01d6557c60388e976c9a535f26f73fcbf09,https://open.spotify.com/track/13HVjjWUZFaWilh2QUJKsP
162,2017-02-14,163,Down,Andas En Mi Cabeza,Chino & Nacho,500642,https://i.scdn.co/image/ab67616d0000485166dad4487da6fc0dced2d0c6,https://open.spotify.com/track/5mey7CLLuFToM2P68Qu1gF
163,2017-02-14,164,Down,When We Were Young,Adele,500588,https://i.scdn.co/image/ab67616d000048514c3bbcff5e7248e415548f12,https://open.spotify.com/track/7IWkJwX9C0J7tHurTD7ViL
164,2017-02-14,165,Down,Into You,Ariana Grande,497440,https://i.scdn.co/image/ab67616d000048517227f5854239a059af211d5b,https://open.spotify.com/track/7yHEDfrJNd0zWOfXwydNH0
165,2017-02-14,166,Up,Steady 1234 (feat. Jasmine Thompson & Skizzy Mars),Vice,496997,https://i.scdn.co/image/ab67616d000048516c3742dff9593add7c590e85,https://open.spotify.com/track/40UroIGvsMPLPBYwH8rMNA
166,2017-02-14,167,Down,Slippery (feat. Gucci Mane),Migos,490996,https://i.scdn.co/image/ab67616d0000485199a8ab6da9d593939302828a,https://open.spotify.com/track/6p8NuHm8uCGnn2Dtbtf7zE
167,2017-02-14,168,Down,Juke Jam (feat. Justin Bieber & Towkio),Chance the Rapper,490734,https://i.scdn.co/image/ab67616d00004851e71dd15fc5bdefd5bff70452,https://open.spotify.com/track/3eze1OsZ1rqeXkKStNfTmi
168,2017-02-14,169,Down,Setting Fires,The Chainsmokers,489653,https://i.scdn.co/image/ab67616d000048519e076dc24d45c52fbf7232bb,https://open.spotify.com/track/0B8B8cVRFIG1yznoQe7c9s
169,2017-02-14,170,Down,Cake By The Ocean,DNCE,488831,https://i.scdn.co/image/ab67616d00004851a19a2912e1618ada66b2e6e8,https://open.spotify.com/track/2aFiaMXmWsM3Vj72F9ksBl
170,2017-02-14,171,Down,Shaky Shaky,Daddy Yankee,483313,https://i.scdn.co/image/ab67616d00004851f0b25154a0858db46415fbe7,https://open.spotify.com/track/58IL315gMSTD37DOZPJ2hf
171,2017-02-14,172,Down,Love on Me,Galantis,478252,https://i.scdn.co/image/ab67616d000048510018d9ed29666f655586bccc,https://open.spotify.com/track/2MHCiOohBZEQuLgDTPvSzF
172,2017-02-14,173,Down,Kelly Price (feat. Travis Scott),Migos,477760,https://i.scdn.co/image/ab67616d0000485199a8ab6da9d593939302828a,https://open.spotify.com/track/204U3zjm9kkzX25Pr4Rdld
173,2017-02-14,174,New,Iris,The Goo Goo Dolls,475535,https://i.scdn.co/image/ab67616d00004851eda9478c39a21e1cdc6609ca,https://open.spotify.com/track/6Qyc6fS4DsZjB2mRW9DsQs
174,2017-02-14,175,Down,Location,Khalid,475466,https://i.scdn.co/image/ab67616d00004851988ede5e1276e758b5f9e577,https://open.spotify.com/track/152lZdxL1OR0ZMW6KquMif
175,2017-02-14,176,Down,pick up the phone,Young Thug,474164,https://i.scdn.co/image/ab67616d00004851f54b99bf27cda88f4a7403ce,https://open.spotify.com/track/20dP2DaMHIAmwWAbp7peSr
176,2017-02-14,177,Up,Six Feet Under,The Weeknd,468040,https://i.scdn.co/image/6aeaaebcbd861c8369b14366e8e0eca2fe96055d,https://open.spotify.com/track/4mU5iXHeLgbR94siF7p1sY
177,2017-02-14,178,Down,PILLOWTALK,ZAYN,468019,https://i.scdn.co/image/ab67616d00004851a15e26d05b7ce776b566579d,https://open.spotify.com/track/0PDUDa38GO8lMxLCRc4lL1
178,2017-02-14,179,New,I Love You,Axwell /\ Ingrosso,467678,https://i.scdn.co/image/ab67616d00004851c9565af11453132958687a20,https://open.spotify.com/track/11Fo4dAH31K7UZHGqCkCmE
179,2017-02-14,180,Down,Love$ick,Mura Masa,466982,https://i.scdn.co/image/ab67616d0000485157da025deec1abbef50e4b31,https://open.spotify.com/track/5v9N8Rx3QsFvr50cxyQcA3
180,2017-02-14,181,Down,Dancing On My Own,Calum Scott,461710,https://i.scdn.co/image/ab67616d000048511867ffdead655859c87dacc2,https://open.spotify.com/track/02WacdrRpm4zlP8H7X6bnQ
181,2017-02-14,182,Down,Chillax (feat. Ky-Mani Marley),Farruko,461117,https://i.scdn.co/image/ab67616d00004851118504cbeaf4187aaa601395,https://open.spotify.com/track/1lxswgIpzV6HhENRvkflES
182,2017-02-14,183,Down,Lean On (feat. MØ & DJ Snake),Major Lazer,460898,https://i.scdn.co/image/ab67616d000048519f55dad3a63f72f1bc8d6f59,https://open.spotify.com/track/4WjH9Bzt3kx7z8kl0awxh4
183,2017-02-14,184,New,Stay - Album Version (Edited),Rihanna,460356,https://i.scdn.co/image/76cf9512a0a5c8db2930ddac92c6a60f1f55c332,https://open.spotify.com/track/4zzzZ1UNfr75ASG1lUE9L1
184,2017-02-14,185,Down,Down,Marian Hill,459203,https://i.scdn.co/image/ab67616d00004851c989c526b15cacc1a579a9c7,https://open.spotify.com/track/2dqLk7ezV15LEJEwUmEbXB
185,2017-02-14,186,New,Chasing Cars,Snow Patrol,457635,https://i.scdn.co/image/ab67616d000048515797cb65aabf5577d78a81bd,https://open.spotify.com/track/11bD1JtSjlIgKgZG2134DZ
186,2017-02-14,187,Down,"Lose Yourself - From ""8 Mile"" Soundtrack",Eminem,457364,https://i.scdn.co/image/36440dfd440d23086573d62a32def35ecc42f111,https://open.spotify.com/track/5Z01UMMf7V1o0MzF86s6WJ
187,2017-02-14,188,Down,Outlet,Desiigner,455880,https://i.scdn.co/image/ad669f173495de86ac8a795058e70cb9e7d61e8e,https://open.spotify.com/track/6E39QsoWB7JjphPF9xCQSN
188,2017-02-14,189,Up,So Good (feat. Ty Dolla $ign),Zara Larsson,455737,https://i.scdn.co/image/ab67616d000048519e1683774b22648f4f178ed3,https://open.spotify.com/track/54LGxQGf5LPXNGjtzDZ5IE
189,2017-02-14,190,Down,All We Got (feat. Kanye West & Chicago Children's Choir),Chance the Rapper,453629,https://i.scdn.co/image/ab67616d00004851e71dd15fc5bdefd5bff70452,https://open.spotify.com/track/3ZLyt2ndLFBh148XRYjYYZ
190,2017-02-14,191,New,The A Team,Ed Sheeran,452335,https://i.scdn.co/image/ab67616d00004851f0e911d0e5aadefc431bf34a,https://open.spotify.com/track/1VdZ0vKfR5jneCmWIUAMxK
191,2017-02-14,192,Down,Spring Day,BTS,450912,https://i.scdn.co/image/ab67616d00004851238f549be06c4f84bbe3711a,https://open.spotify.com/track/02q0ZnV2L4XByzEvWZJqBC
192,2017-02-14,193,Down,Light It Up (feat. Nyla & Fuse ODG) - Remix,Major Lazer,450456,https://i.scdn.co/image/ab67616d00004851751a2e5da4333e86814026ba,https://open.spotify.com/track/0L7loeTIg6akW84aEQZpCT
193,2017-02-14,194,Down,The Ocean (feat. Shy Martin),Mike Perry,450190,https://i.scdn.co/image/ab67616d000048517f401862bfe87b552a75308d,https://open.spotify.com/track/2CPqh63wRVscbceKcPxwvv
194,2017-02-14,195,Down,Hymn for the Weekend - Seeb Remix,Coldplay,448383,https://i.scdn.co/image/ab67616d00004851e42f212796979596843a7376,https://open.spotify.com/track/1OAiWI2oPmglaOiv9fdioU
195,2017-02-14,196,Down,Final Song,MØ,443616,https://i.scdn.co/image/ab67616d00004851b7a02217229178b771ed0d4c,https://open.spotify.com/track/4qqArAiTPueDxIp7cf87h7
196,2017-02-14,197,Down,Never Be Like You,Flume,442560,https://i.scdn.co/image/ab67616d000048519eca0fdd60e06268050103e5,https://open.spotify.com/track/12REd1n8PeiHHWOh066tpr
197,2017-02-14,198,New,You're Beautiful,James Blunt,439521,https://i.scdn.co/image/ab67616d00004851b0cfde5f5c761a9bb26cdc53,https://open.spotify.com/track/3vsNteZn6E5qBSSBO78W7b
198,2017-02-14,199,Down,White Iverson,Post Malone,438734,https://i.scdn.co/image/23bae95100dcb6ac8f88c19fa2a11c50a998a926,https://open.spotify.com/track/6eT7xZZlB2mwyzJ2sUKG6w
199,2017-02-14,200,New,Skinny Love,Bon Iver,438573,https://i.scdn.co/image/ab67616d00004851636497e24cafa4322402a91a,https://open.spotify.com/track/3ZMv9EzGoteNi5Qnx0KpEO
