,Date,Position,Trend,Title,Artist,Streams,Icon_URL,Spotify_URL
0,2017-02-02,1,Flat,Shape of You,Ed Sheeran,7602214,https://i.scdn.co/image/ab67616d00004851ba5db46f4b838ef6027e6f96,https://open.spotify.com/track/7qiZfU4dY1lWllzX7mPBI3
1,2017-02-02,2,Flat,Paris,The Chainsmokers,4165357,https://i.scdn.co/image/ab67616d000048510c13d3d5a503c84fcc60ae94,https://open.spotify.com/track/72jbDTw1piOOj770jWNeaG
2,2017-02-02,3,Flat,"I Don’t Wanna Live Forever (Fifty Shades Darker) - From ""Fifty Shades Darker (Original Motion Picture Soundtrack)""",ZAYN,3864527,https://i.scdn.co/image/ab67616d000048512ae921f082ae5db4d3da818f,https://open.spotify.com/track/3NdDpSvN911VPGivFlV5d0
3,2017-02-02,4,Flat,Despacito (Featuring Daddy Yankee),Luis Fonsi,3582750,https://i.scdn.co/image/ab67616d00004851a5971936e3b8d91f8b616b17,https://open.spotify.com/track/4aWmUDTfIPGksMNLV2rQP2
4,2017-02-02,5,Flat,Castle on the Hill,Ed Sheeran,3440258,https://i.scdn.co/image/ab67616d00004851ba5db46f4b838ef6027e6f96,https://open.spotify.com/track/6PCUP3dWmTjcTtXY02oFdT
5,2017-02-02,6,Flat,Rockabye (feat. Sean Paul & Anne-Marie),Clean Bandit,3212664,https://i.scdn.co/image/ab67616d000048511431c3bdf16aa99f71799d95,https://open.spotify.com/track/5knuzwU65gJK7IF5yJsuaW
6,2017-02-02,7,Flat,Starboy,The Weeknd,2828442,https://i.scdn.co/image/ab67616d000048510c8599cbde51245c128bcea9,https://open.spotify.com/track/5aAx2yezTd8zXrkmtKl66Z
7,2017-02-02,8,Flat,Say You Won't Let Go,James Arthur,2783998,https://i.scdn.co/image/ab67616d0000485120beb61f61fcbeb33b10a9ab,https://open.spotify.com/track/5uCax9HTNlzGybIStD3vDh
8,2017-02-02,9,Flat,Bad and Boujee (feat. Lil Uzi Vert),Migos,2658222,https://i.scdn.co/image/ab67616d0000485199a8ab6da9d593939302828a,https://open.spotify.com/track/4Km5HrUvYTaSUfiSGPJeQR
9,2017-02-02,10,Flat,Closer,The Chainsmokers,2626955,https://i.scdn.co/image/ab67616d00004851495ce6da9aeb159e94eaa453,https://open.spotify.com/track/7BKLCZ1jbUBVqRi2FVlTVw
10,2017-02-02,11,Flat,I Feel It Coming,The Weeknd,2602974,https://i.scdn.co/image/b3683184efeb899b2d1a02f4957d0c630dc10b0b,https://open.spotify.com/track/5GXAXm5YOmYT0kL5jHvYBt
11,2017-02-02,12,Up,Scared to Be Lonely,Martin Garrix,2509228,https://i.scdn.co/image/ab67616d0000485164f8a309aa3c0a66a31fc374,https://open.spotify.com/track/3ebXMykcMXOcLeJ9xZ17XH
12,2017-02-02,13,Flat,Call On Me - Ryan Riback Extended Remix,Starley,2450531,https://i.scdn.co/image/ab67616d000048519d4079afc73664f86f055400,https://open.spotify.com/track/78rIJddV4X0HkNAInEcYde
13,2017-02-02,14,Down,Don't Wanna Know,Maroon 5,2437099,https://i.scdn.co/image/ab67616d00004851eec1912bbc2ff74b8203fe5f,https://open.spotify.com/track/5MFzQMkrl1FOOng9tq6R9r
14,2017-02-02,15,Flat,Chantaje (feat. Maluma),Shakira,2353086,https://i.scdn.co/image/ab67616d00004851d05d3aad30c5fb7614893cf5,https://open.spotify.com/track/6mICuAdrwEjh6Y6lroV2Kg
15,2017-02-02,16,Flat,Just Hold On,Steve Aoki,2155236,https://i.scdn.co/image/ab67616d0000485122e2ce2de8bad6d67ee69b48,https://open.spotify.com/track/3EmmCZoqpWOTY1g2GBwJoR
16,2017-02-02,17,Flat,Bad Things (with Camila Cabello),Machine Gun Kelly,2111498,https://i.scdn.co/image/d5f976093a4dcbc5ea9d4c04b414207f8bdce469,https://open.spotify.com/track/1PSBzsahR2AKwLJgx8ehBj
17,2017-02-02,18,Flat,Fake Love,Drake,2087808,https://i.scdn.co/image/6dfd956b9331fa9ea1f47ebb95311951ed72b3db,https://open.spotify.com/track/343YBumqHu19cGoGARUTsd
18,2017-02-02,19,Flat,Let Me Love You,DJ Snake,1931659,https://i.scdn.co/image/ab67616d000048515045de6786e0af096de73ed4,https://open.spotify.com/track/4pdPtRcBmOSQDlJ3Fk945m
19,2017-02-02,20,Flat,"How Far I'll Go - From ""Moana""",Alessia Cara,1911158,https://i.scdn.co/image/ab67616d00004851fb128b1eda22335050f584fe,https://open.spotify.com/track/5hYTyyh2odQKphUbMqc5gN
20,2017-02-02,21,Flat,24K Magic,Bruno Mars,1877640,https://i.scdn.co/image/ab67616d00004851232711f7d66a1e19e89e28c5,https://open.spotify.com/track/6b8Be6ljOzmkOmFslEb23P
21,2017-02-02,22,Flat,All Night,The Vamps,1772421,https://i.scdn.co/image/ab67616d00004851f03c9779c27137669304ea20,https://open.spotify.com/track/1yNyoWWWikbLhwIGWjZuDW
22,2017-02-02,23,Flat,Run Up (feat. PARTYNEXTDOOR & Nicki Minaj),Major Lazer,1768813,https://i.scdn.co/image/ab67616d000048518036d7402a6a76aed04f1f98,https://open.spotify.com/track/0fg8CqpjdojMyXLNzM2PaJ
23,2017-02-02,24,Flat,One Dance,Drake,1677333,https://i.scdn.co/image/ab67616d00004851726abca207567d5e41cb9667,https://open.spotify.com/track/1xznGGDReH1oQq0xzbwXa3
24,2017-02-02,25,Up,Issues,Julia Michaels,1663949,https://i.scdn.co/image/ab67616d000048519615e35e0e9e4b2c3dccb520,https://open.spotify.com/track/1sXUWdKx03aP9Gmzft58rt
25,2017-02-02,26,Down,Solo Dance,Martin Jensen,1658132,https://i.scdn.co/image/ab67616d00004851950d67dbe3f31f1d9a5d06a2,https://open.spotify.com/track/6HUnnBwYZqcED1eQztxMBN
26,2017-02-02,27,Down,Side To Side,Ariana Grande,1615724,https://i.scdn.co/image/ab67616d000048517227f5854239a059af211d5b,https://open.spotify.com/track/4pLwZjInHj3SimIyN9SnOz
27,2017-02-02,28,Down,Hear Me Now,Alok,1600196,https://i.scdn.co/image/e308bad29e4cf6dc8aa5cd97449ef71bbb893d40,https://open.spotify.com/track/1a5Yu5L18qNxVhXx38njON
28,2017-02-02,29,Flat,Cold Water (feat. Justin Bieber & MØ),Major Lazer,1559286,https://i.scdn.co/image/ab67616d000048512e8f1cca2bc8c9d55930523b,https://open.spotify.com/track/6DNtNfH8hXkqOX1sjqmI7p
29,2017-02-02,30,Flat,In the Name of Love,Martin Garrix,1527559,https://i.scdn.co/image/ab67616d00004851923db3f255cd48a6d5783ebf,https://open.spotify.com/track/04DwTuZ2VBdJCCC5TROn7L
30,2017-02-02,31,Flat,Black Beatles,Rae Sremmurd,1503256,https://i.scdn.co/image/16293ab3b4f9301aeb5f41810fd7056d463db55e,https://open.spotify.com/track/6fujklziTHa8uoM5OQSfIo
31,2017-02-02,32,Flat,Shed a Light,Robin Schulz,1501499,https://i.scdn.co/image/ab67616d000048517be189f322bc8155c103d6c9,https://open.spotify.com/track/1cG0umU5TKStygKsPFZ9pY
32,2017-02-02,33,Flat,Reggaetón Lento (Bailemos),CNCO,1476747,https://i.scdn.co/image/ab67616d000048517db0f7ac4c612cce26ccacf9,https://open.spotify.com/track/3AEZUABDXNtecAOSC1qTfo
33,2017-02-02,34,Flat,Now and Later,Sage The Gemini,1451139,https://i.scdn.co/image/ab67616d0000485182d22e1d83fc1045ad33444a,https://open.spotify.com/track/43jBqV3j3Xi1g6wO0bhIMd
34,2017-02-02,35,Up,Weak,AJR,1447361,https://i.scdn.co/image/ab67616d00004851c5f3ca405ff6ed13dc554b94,https://open.spotify.com/track/3E2Zh20GDCR9B1EYjfXWyv
35,2017-02-02,36,Flat,All Time Low,Jon Bellion,1445027,https://i.scdn.co/image/ff06a4138a99d272c24d2f6da9b5ea6067c054db,https://open.spotify.com/track/1CnPYaKxTVb4LWOtiGOm0m
36,2017-02-02,37,Down,Love Me Now,John Legend,1430996,https://i.scdn.co/image/ab67616d00004851fa2ba77d93b08258827bd2d2,https://open.spotify.com/track/6nxQdXa1uAL0rY72wPZu89
37,2017-02-02,38,Up,Starving,Hailee Steinfeld,1391376,https://i.scdn.co/image/ab67616d00004851612495ee5769c99125031be2,https://open.spotify.com/track/1qOLh0tI7trd1zdDKxYZTe
38,2017-02-02,39,Flat,T-Shirt,Migos,1370333,https://i.scdn.co/image/ab67616d0000485199a8ab6da9d593939302828a,https://open.spotify.com/track/7KOlJ92bu51cltsD9KU5I7
39,2017-02-02,40,Up,Bounce Back,Big Sean,1363087,https://i.scdn.co/image/695d0c097d8463ccc2c2b9855fe44e3e9e7bc267,https://open.spotify.com/track/0SGkqnVQo9KPytSri1H6cF
40,2017-02-02,41,Down,Mercy,Shawn Mendes,1337134,https://i.scdn.co/image/ab67616d00004851188e6332f32088921ab1eaf8,https://open.spotify.com/track/4TZy1wLyHec06pwgFYDh1a
41,2017-02-02,42,Flat,I Would Like,Zara Larsson,1322425,https://i.scdn.co/image/ab67616d000048519e1683774b22648f4f178ed3,https://open.spotify.com/track/4Q4jmPHwu0wrJvqrld0FQ6
42,2017-02-02,43,Flat,My Way,Calvin Harris,1296010,https://i.scdn.co/image/ab67616d000048518d12bc5e3ea5c9f4a967de32,https://open.spotify.com/track/1vvNmPOiUuyCbgWmtc6yfm
43,2017-02-02,44,Flat,Alone,Alan Walker,1261330,https://i.scdn.co/image/ab67616d00004851f00ade2f88d8223521bc7f76,https://open.spotify.com/track/0JiVRyTJcJnmlwCZ854K4p
44,2017-02-02,45,Up,Don't Leave,Snakehips,1233246,https://i.scdn.co/image/ab67616d00004851b72a28b6f92b180a8a423e29,https://open.spotify.com/track/0Zx8khUcEfCFK2AEoIhC92
45,2017-02-02,46,Down,All We Know,The Chainsmokers,1180214,https://i.scdn.co/image/ab67616d00004851ff8d8c5662a96d41433e9ee1,https://open.spotify.com/track/2rizacJSyD9S1IQUxUxnsK
46,2017-02-02,47,Flat,Heathens,Twenty One Pilots,1155141,https://i.scdn.co/image/ab67616d000048512ca3ba8f334ca5a5f0312efb,https://open.spotify.com/track/6i0V12jOa3mr6uu4WYhUBr
47,2017-02-02,48,Down,Scars To Your Beautiful,Alessia Cara,1153998,https://i.scdn.co/image/5b9e5bd34ec840f07c8530e43a76b1b5e08d8b77,https://open.spotify.com/track/0prNGof3XqfTvNDxHonvdK
48,2017-02-02,49,Flat,Treat You Better,Shawn Mendes,1149263,https://i.scdn.co/image/ab67616d00004851188e6332f32088921ab1eaf8,https://open.spotify.com/track/4Hf7WnR761jpxPr5D46Bcd
49,2017-02-02,50,Up,El Amante,Nicky Jam,1132681,https://i.scdn.co/image/ab67616d00004851d77dbcd4dbd37cdfa61771fa,https://open.spotify.com/track/3umS4y3uQDkqekNjVpiRUs
50,2017-02-02,51,Down,Caroline,Aminé,1125152,https://i.scdn.co/image/ab67616d00004851a7f01ef25974c10cdbbd566e,https://open.spotify.com/track/5GFDrUTLGJix84sNhjCG0g
51,2017-02-02,52,Up,iSpy (feat. Lil Yachty),KYLE,1049901,https://i.scdn.co/image/ab67616d0000485132e373f2988bc6596a542d1c,https://open.spotify.com/track/2EEeOnHehOozLq4aS0n6SL
52,2017-02-02,53,Down,By Your Side,Jonas Blue,1040836,https://i.scdn.co/image/ab67616d00004851bd4b658f3aead04637924c28,https://open.spotify.com/track/1D3ODoXHBLpdxolZRHWV1j
53,2017-02-02,54,Flat,Otra vez (feat. J Balvin),Zion & Lennox,1028123,https://i.scdn.co/image/ab67616d0000485182eabf564ddc57325a84dd50,https://open.spotify.com/track/3QwBODjSEzelZyVjxPOHdq
54,2017-02-02,55,Flat,Safari,J Balvin,1017927,https://i.scdn.co/image/ab67616d00004851338ffc4c72a192f06070546b,https://open.spotify.com/track/6rQSrBHf7HlZjtcMZ4S4bO
55,2017-02-02,56,Flat,Sunset Lover,Petit Biscuit,932386,https://i.scdn.co/image/ab67616d00004851014080d39d56c94c0b285362,https://open.spotify.com/track/0hNduWmlWmEmuwEFcYvRu1
56,2017-02-02,57,Up,Water Under the Bridge,Adele,931534,https://i.scdn.co/image/ab67616d000048514c3bbcff5e7248e415548f12,https://open.spotify.com/track/4vb4mFvYsr2h6enhjJsq9Y
57,2017-02-02,58,Up,Don't Let Me Down,The Chainsmokers,930478,https://i.scdn.co/image/ab67616d0000485108d87fb54859bc9038f7e5e0,https://open.spotify.com/track/0QsvXIfqM0zZoerQfsI9lm
58,2017-02-02,59,Up,I Got You,Bebe Rexha,925104,https://i.scdn.co/image/ab67616d00004851809adcbcfe88c94fd2a706c1,https://open.spotify.com/track/1FUViuNSldssMIawrOXF2i
59,2017-02-02,60,Down,Human,Rag'n'Bone Man,923076,https://i.scdn.co/image/ab67616d0000485190a788beadaad34ff684d3ec,https://open.spotify.com/track/58zsLZPvfflaiIbNWoA22O
60,2017-02-02,61,Down,Lot to Learn,Luke Christopher,922509,https://i.scdn.co/image/ab67616d000048513f0bd8f231c9b6433be929b1,https://open.spotify.com/track/3TRFq09DUgYj1mug6RRqJW
61,2017-02-02,62,Up,Photograph,Ed Sheeran,905755,https://i.scdn.co/image/ab67616d00004851d08209944468440145f01524,https://open.spotify.com/track/6fxVffaTuwjgEk5h9QyRjy
62,2017-02-02,63,Down,We Don't Talk Anymore,Charlie Puth,892302,https://i.scdn.co/image/ab67616d00004851c0e28105f0533c52717c46c2,https://open.spotify.com/track/68EMU2RD1ECNeOeJ5qAXCV
63,2017-02-02,64,Flat,Make Me (Cry),Noah Cyrus,885434,https://i.scdn.co/image/ab67616d00004851bf2ec8b87525fbd01fb0111f,https://open.spotify.com/track/2BrzlUj1u1CtvaJDGIKpsP
64,2017-02-02,65,Flat,"CAN'T STOP THE FEELING! (Original Song from DreamWorks Animation's ""TROLLS"")",Justin Timberlake,875116,https://i.scdn.co/image/ab67616d00004851ef37416970812293c08e8a78,https://open.spotify.com/track/6JV2JOEocMgcZxYSZelKcc
65,2017-02-02,66,Up,Broccoli (feat. Lil Yachty),DRAM,859314,https://i.scdn.co/image/ab67616d00004851f02a1575a59bd05998826351,https://open.spotify.com/track/7yyRTcZmCiyzzJlNzGC9Ol
66,2017-02-02,67,Down,Vente Pa' Ca,Ricky Martin,843016,https://i.scdn.co/image/ab67616d000048513d90f5938459be40b7b6652a,https://open.spotify.com/track/7DM4BPaS7uofFul3ywMe46
67,2017-02-02,68,Up,It's Gotta Be You,Isaiah,821435,https://i.scdn.co/image/ab67616d00004851d43b5e86edff2089b91357e6,https://open.spotify.com/track/6cAKeFFYW2aClZSUyvqAEW
68,2017-02-02,69,Down,Touch,Little Mix,807187,https://i.scdn.co/image/ab67616d000048512318bbb0586903290db2b270,https://open.spotify.com/track/5Ua3GXyHwiSfpNTMjq6m2z
69,2017-02-02,70,Flat,Sexual,NEIKED,804139,https://i.scdn.co/image/ab67616d000048519c5e27aff6792af94e972af9,https://open.spotify.com/track/3AsAuGTaDQzavZZThyYlop
70,2017-02-02,71,Up,Lighthouse - Andrelli Remix,Hearts & Colors,796408,https://i.scdn.co/image/d19cc054c261b243b0663223cf69bc256d700f07,https://open.spotify.com/track/04CttTezSnv71USiiG9mIo
71,2017-02-02,72,Down,Party Monster,The Weeknd,793053,https://i.scdn.co/image/6aeaaebcbd861c8369b14366e8e0eca2fe96055d,https://open.spotify.com/track/4F7A0DXBrmUAkp32uenhZt
72,2017-02-02,73,Up,You Don't Know Me - Radio Edit,Jax Jones,792229,https://i.scdn.co/image/ab67616d00004851dd05a1716e2f07a07b8ccfe3,https://open.spotify.com/track/00lNx0OcTJrS3MKHcB80HY
73,2017-02-02,74,Up,Thinking out Loud,Ed Sheeran,786116,https://i.scdn.co/image/ab67616d00004851d08209944468440145f01524,https://open.spotify.com/track/1Slwb6dOYkBlWal1PGtnNg
74,2017-02-02,75,Down,Redbone,Childish Gambino,781796,https://i.scdn.co/image/ab67616d000048510b97e56ffad7c6211aa848f8,https://open.spotify.com/track/3kxfsdsCpFgN412fpnW85Y
75,2017-02-02,76,Up,"Ay Mi Dios (feat. Pitbull, Yandel & Chacal)",IAmChino,772795,https://i.scdn.co/image/ab67616d000048511568fbc07414eb185c58ef62,https://open.spotify.com/track/6stYbAJgTszHAHZMPxWWCY
76,2017-02-02,77,Down,September Song,JP Cooper,772365,https://i.scdn.co/image/ab67616d000048511400ec742ee0935608e30700,https://open.spotify.com/track/0FuTx2s3YH1ppmtiM6l0zI
77,2017-02-02,78,Down,I Took A Pill In Ibiza - Seeb Remix,Mike Posner,765117,https://i.scdn.co/image/ab67616d0000485140512e02a594e3378c0256e6,https://open.spotify.com/track/17Fd6Yb7mSbinKG8LoWfFl
78,2017-02-02,79,Flat,Vacaciones,Wisin,750369,https://i.scdn.co/image/ab67616d00004851c85f0d16973e9dae6f8a786c,https://open.spotify.com/track/3dQDid3IUNhZy1OehIfYfE
79,2017-02-02,80,Up,Me Llamas (feat. Maluma) - Remix,Piso 21,730842,https://i.scdn.co/image/ab67616d000048511e1eafb5d2bb1ca39d26f092,https://open.spotify.com/track/5hEM0JchdVzQ5PwvSfITeX
80,2017-02-02,81,Up,The Greatest,Sia,727417,https://i.scdn.co/image/ab67616d00004851754b2fddebe7039fdb912837,https://open.spotify.com/track/7xHWNBFm6ObGEQPaUxHuKO
81,2017-02-02,82,Up,X (feat. Future),21 Savage,721560,https://i.scdn.co/image/ab67616d000048512dd1ac4a61495080ef8f78ca,https://open.spotify.com/track/6fwdbPMwP1zVStm8FybmkO
82,2017-02-02,83,Down,No Lie,Sean Paul,716575,https://i.scdn.co/image/ab67616d000048514782809e4cd19cefc99048f7,https://open.spotify.com/track/3cFsmM51N5zMAuu1nNY4Tw
83,2017-02-02,84,Up,The Mack,Nevada,716393,https://i.scdn.co/image/ab67616d00004851746ac799032f9af9c5268332,https://open.spotify.com/track/7aV2mflaASUmGhCErm7kBO
84,2017-02-02,85,Down,Deja Vu,J. Cole,713689,https://i.scdn.co/image/fff50a2874dae97e76d3a78e55771d7c59719928,https://open.spotify.com/track/6I6NX6tjGsxFAsIfGzY9lJ
85,2017-02-02,86,Down,Cheap Thrills,Sia,710489,https://i.scdn.co/image/ab67616d0000485149e0134c686547c28b7c999f,https://open.spotify.com/track/27SdWb2rFzO6GWiYDBTD9j
86,2017-02-02,87,Up,Ride,Twenty One Pilots,705545,https://i.scdn.co/image/ab67616d00004851de03bfc2991fd5bcfde65ba3,https://open.spotify.com/track/2Z8WuEywRWYTKe1NybPQEW
87,2017-02-02,88,Flat,This Is What You Came For,Calvin Harris,702902,https://i.scdn.co/image/ab67616d00004851d9aa52355e062f5de060adbf,https://open.spotify.com/track/0azC730Exh71aQlOt9Zj3y
88,2017-02-02,89,Down,"i hate u, i love u (feat. olivia o'brien)",gnash,702545,https://i.scdn.co/image/ab67616d0000485108862f843ea27f44f8e8cbd8,https://open.spotify.com/track/7vRriwrloYVaoAe3a9wJHe
89,2017-02-02,90,Up,Stressed Out,Twenty One Pilots,699585,https://i.scdn.co/image/ab67616d00004851de03bfc2991fd5bcfde65ba3,https://open.spotify.com/track/3CRDbSIZ4r5MsZ0YwxuEkn
90,2017-02-02,91,Down,Perfect Strangers,Jonas Blue,695696,https://i.scdn.co/image/ab67616d0000485179882e87678a76bc1d895e94,https://open.spotify.com/track/1CUVN2kn7mW5FjkqXTR2W1
91,2017-02-02,92,Up,Some Kind Of Drug,G-Eazy,694192,https://i.scdn.co/image/ab67616d0000485198acfa8c055deedc25e6081d,https://open.spotify.com/track/1Bqxj0aH5KewYHKUg1IdrF
92,2017-02-02,93,Down,Versace on the Floor,Bruno Mars,693588,https://i.scdn.co/image/ab67616d00004851232711f7d66a1e19e89e28c5,https://open.spotify.com/track/0kN8xEmgMW9mh7UmDYHlJP
93,2017-02-02,94,Flat,Faded,Alan Walker,689873,https://i.scdn.co/image/ab67616d00004851c4d00cac55ae1b4598c9bc90,https://open.spotify.com/track/7gHs73wELdeycvS48JfIos
94,2017-02-02,95,Flat,Dile Que Tu Me Quieres,Ozuna,687505,https://i.scdn.co/image/ab67616d0000485133bbd31551e01896f58d688f,https://open.spotify.com/track/20ZAJdsKB5IGbGj4ilRt2o
95,2017-02-02,96,Up,Steady 1234 (feat. Jasmine Thompson & Skizzy Mars),Vice,685522,https://i.scdn.co/image/ab67616d000048516c3742dff9593add7c590e85,https://open.spotify.com/track/40UroIGvsMPLPBYwH8rMNA
96,2017-02-02,97,Up,Congratulations,Post Malone,683554,https://i.scdn.co/image/23bae95100dcb6ac8f88c19fa2a11c50a998a926,https://open.spotify.com/track/3a1lNhkSLSkpJE4MSHpDu9
97,2017-02-02,98,Down,Panda,Desiigner,683220,https://i.scdn.co/image/ab67616d000048513df69bfb7713d8262820612b,https://open.spotify.com/track/5OOkp4U9P9oL23maHFHL1h
98,2017-02-02,99,Up,History,Olivia Holt,681022,https://i.scdn.co/image/ab67616d000048519e21eab426152ef9078d6b94,https://open.spotify.com/track/0WCEaydwN65cvwaW8aqptF
99,2017-02-02,100,Up,Too Good,Drake,673402,https://i.scdn.co/image/ab67616d00004851726abca207567d5e41cb9667,https://open.spotify.com/track/11KJSRSgaDxqydKYiD2Jew
100,2017-02-02,101,Up,Cake - Challenge Version,Flo Rida,669929,https://i.scdn.co/image/ab67616d00004851b765afdf5f6a2bc83eb5f378,https://open.spotify.com/track/6t2ubAB4iSYOuIpRAOGd4t
101,2017-02-02,102,Down,Work from Home (feat. Ty Dolla $ign),Fifth Harmony,668310,https://i.scdn.co/image/ab67616d00004851d03fa6f4e758282b7920b5c8,https://open.spotify.com/track/4tCtwWceOPWzenK2HAIJSb
102,2017-02-02,103,Up,La Bicicleta,Carlos Vives,660731,https://i.scdn.co/image/ab67616d00004851d05d3aad30c5fb7614893cf5,https://open.spotify.com/track/0sXvAOmXgjR2QUqLK1MltU
103,2017-02-02,104,Down,So Good (feat. Ty Dolla $ign),Zara Larsson,653786,https://i.scdn.co/image/ab67616d000048519e1683774b22648f4f178ed3,https://open.spotify.com/track/54LGxQGf5LPXNGjtzDZ5IE
104,2017-02-02,105,Up,Not Going Home,DVBBS,650166,https://i.scdn.co/image/ab67616d000048519e48219a58924f86b6ab1137,https://open.spotify.com/track/042x9bsUBWW2fJgJ6fUh61
105,2017-02-02,106,Up,Love Yourself,Justin Bieber,647699,https://i.scdn.co/image/ab67616d00004851b6d9a4fbb0bd49f0f034aead,https://open.spotify.com/track/3hB5DgAiMAQ4DzYbsMq1IT
106,2017-02-02,107,Up,Traicionera,Sebastian Yatra,644533,https://i.scdn.co/image/ab67616d00004851dbe5e9f934a9be5db8884c52,https://open.spotify.com/track/5J1c3M4EldCfNxXwrwt8mT
107,2017-02-02,108,Down,Swang,Rae Sremmurd,636872,https://i.scdn.co/image/16293ab3b4f9301aeb5f41810fd7056d463db55e,https://open.spotify.com/track/6mapJIPnQ23RTAevUoE0DL
108,2017-02-02,109,Up,Romantic - NOTD Remix,Stanaj,635014,https://i.scdn.co/image/ab67616d000048517861e14b4da5cfac6fb0c65b,https://open.spotify.com/track/3SGWp9fJCzgK0WcpcKSQdy
109,2017-02-02,110,Down,Light,San Holo,631340,https://i.scdn.co/image/ab67616d000048514452e79f2bfa40e105e7c029,https://open.spotify.com/track/7zTx8ePYAmPFQuxP3xlXZn
110,2017-02-02,111,Down,Kelly Price (feat. Travis Scott),Migos,628775,https://i.scdn.co/image/ab67616d0000485199a8ab6da9d593939302828a,https://open.spotify.com/track/204U3zjm9kkzX25Pr4Rdld
111,2017-02-02,112,Down,No Heart,21 Savage,627709,https://i.scdn.co/image/ab67616d000048512dd1ac4a61495080ef8f78ca,https://open.spotify.com/track/4gmmRb6bZJffOOiww1JGTO
112,2017-02-02,113,Up,"Sucker For Pain (with Wiz Khalifa, Imagine Dragons, Logic & Ty Dolla $ign feat. X Ambassadors)",Lil Wayne,623782,https://i.scdn.co/image/ab67616d000048517d8dfcfd507069d7f2062caf,https://open.spotify.com/track/4dASQiO1Eoo3RJvt74FtXB
113,2017-02-02,114,Up,Sorry,Justin Bieber,620281,https://i.scdn.co/image/ab67616d00004851b6d9a4fbb0bd49f0f034aead,https://open.spotify.com/track/69bp2EbF7Q2rqc5N3ylezZ
114,2017-02-02,115,Up,Capsize,FRENSHIP,618620,https://i.scdn.co/image/ab67616d00004851670048174db73ef55039c7bf,https://open.spotify.com/track/2XMTqoHHSH0lvuXrvIEdco
115,2017-02-02,116,Up,Oceans Away,A R I Z O N A,615271,https://i.scdn.co/image/ab67616d0000485150a25f1cb71018982b81ca2b,https://open.spotify.com/track/6A8dnC0xkiuWN4BshmTB2I
116,2017-02-02,117,Down,Sneakin’,Drake,611494,https://i.scdn.co/image/8b1f6991ae1192e214374d14d918140d04dbd8a7,https://open.spotify.com/track/4ckuS4Nj4FZ7i3Def3Br8W
117,2017-02-02,118,Flat,Chill Bill,Rob $tone,602089,https://i.scdn.co/image/ab67616d000048516f3e9696889a2425338e0836,https://open.spotify.com/track/5uDASfU19gDxSjW8cnCaBp
118,2017-02-02,119,Flat,Fresh Eyes,Andy Grammer,599462,https://i.scdn.co/image/ab67616d0000485158dd2ff215d3baa7d4bd194f,https://open.spotify.com/track/4nMlau89VAjmV7agkl7OY3
119,2017-02-02,120,Up,That's What I Like,Bruno Mars,593568,https://i.scdn.co/image/ab67616d00004851232711f7d66a1e19e89e28c5,https://open.spotify.com/track/0KKkJNfGyhkQ5aFogxQAPU
120,2017-02-02,121,Down,Trust Nobody (feat. Selena Gomez & Tory Lanez),Cashmere Cat,592676,https://i.scdn.co/image/ab67616d00004851e53443feca656fafbbbae361,https://open.spotify.com/track/2wDjpPW3HZdA9quPPmZAMu
121,2017-02-02,122,Up,goosebumps,Travis Scott,592659,https://i.scdn.co/image/ab67616d00004851f54b99bf27cda88f4a7403ce,https://open.spotify.com/track/6gBFPUFcJLzWGx4lenP6h2
122,2017-02-02,123,Flat,Slippery (feat. Gucci Mane),Migos,591876,https://i.scdn.co/image/ab67616d0000485199a8ab6da9d593939302828a,https://open.spotify.com/track/6p8NuHm8uCGnn2Dtbtf7zE
123,2017-02-02,124,Up,Love On The Brain,Rihanna,591587,https://i.scdn.co/image/ddc285ca9817c96c7719b3f2a759e108787db021,https://open.spotify.com/track/2aksifNn5ph8igDOkPBA02
124,2017-02-02,125,Down,Needed Me,Rihanna,591190,https://i.scdn.co/image/ddc285ca9817c96c7719b3f2a759e108787db021,https://open.spotify.com/track/1Tt4sE4pXi57mTD1GCzsqm
125,2017-02-02,126,Down,The Ocean (feat. Shy Martin),Mike Perry,589346,https://i.scdn.co/image/ab67616d000048517f401862bfe87b552a75308d,https://open.spotify.com/track/2CPqh63wRVscbceKcPxwvv
126,2017-02-02,127,Up,Controlla,Drake,582366,https://i.scdn.co/image/ab67616d00004851726abca207567d5e41cb9667,https://open.spotify.com/track/6F609ICg9Spjrw1epsAnpa
127,2017-02-02,128,Down,This Town,Niall Horan,576544,https://i.scdn.co/image/ab67616d00004851cad02035314b784b53570eac,https://open.spotify.com/track/5nA67Y0XX9JipZwYxX7Gl7
128,2017-02-02,129,Down,Shout Out to My Ex,Little Mix,574473,https://i.scdn.co/image/ab67616d000048512318bbb0586903290db2b270,https://open.spotify.com/track/0YHUITU3w6ws1v8ehT264g
129,2017-02-02,130,Up,Setting Fires,The Chainsmokers,569750,https://i.scdn.co/image/ab67616d000048519e076dc24d45c52fbf7232bb,https://open.spotify.com/track/0B8B8cVRFIG1yznoQe7c9s
130,2017-02-02,131,Up,Work,Rihanna,566770,https://i.scdn.co/image/ab67616d000048510ed05634a469e5cf4789b0a7,https://open.spotify.com/track/14WWzenpaEgQZlqPq2nk4v
131,2017-02-02,132,Up,Moves,Big Sean,563913,https://i.scdn.co/image/695d0c097d8463ccc2c2b9855fe44e3e9e7bc267,https://open.spotify.com/track/0Fv5N0cHBsl4bzCbollCAS
132,2017-02-02,133,Up,The Other,Lauv,563645,https://i.scdn.co/image/ab67616d000048513c6e07056b26bb9804a596da,https://open.spotify.com/track/1lntL1cI2UIWlxjL5QiN8g
133,2017-02-02,134,Up,"Sola (Remix) [feat. Daddy Yankee, Wisin, Farruko, Zion & Lennox]",Anuel AA,557013,https://i.scdn.co/image/ab67616d00004851a66def7d649149464edc8f1e,https://open.spotify.com/track/5q2JbCNi4FcnglgPfxcV65
134,2017-02-02,135,Down,Hymn for the Weekend - Seeb Remix,Coldplay,553231,https://i.scdn.co/image/ab67616d00004851e42f212796979596843a7376,https://open.spotify.com/track/1OAiWI2oPmglaOiv9fdioU
135,2017-02-02,136,Up,7 Years,Lukas Graham,549525,https://i.scdn.co/image/ab67616d0000485104d59cefa11f0eee9f1877a5,https://open.spotify.com/track/7129iqBafaphfc3WPCGC0L
136,2017-02-02,137,Up,Love on Me,Galantis,540728,https://i.scdn.co/image/ab67616d000048510018d9ed29666f655586bccc,https://open.spotify.com/track/2MHCiOohBZEQuLgDTPvSzF
137,2017-02-02,138,Up,Into You,Ariana Grande,539813,https://i.scdn.co/image/ab67616d000048517227f5854239a059af211d5b,https://open.spotify.com/track/7yHEDfrJNd0zWOfXwydNH0
138,2017-02-02,139,Up,Gyal You A Party Animal - Remix,Charly Black,535806,https://i.scdn.co/image/ab67616d0000485131a026a9d39e08006ddfb138,https://open.spotify.com/track/1AkTW13ysu0AJrwuM6UY0I
139,2017-02-02,140,Up,This Girl (Kungs Vs. Cookin' On 3 Burners) - Kungs Vs. Cookin' On 3 Burners,Kungs,534946,https://i.scdn.co/image/ab67616d00004851f504cc56f3bd99bc61929272,https://open.spotify.com/track/0tICYNayWWhH9GPeFrfjfD
140,2017-02-02,141,Down,Call Casting,Migos,534283,https://i.scdn.co/image/ab67616d0000485199a8ab6da9d593939302828a,https://open.spotify.com/track/0jOfl1nZf6sVBTG08Q4brn
141,2017-02-02,142,Up,Sidewalks,The Weeknd,528871,https://i.scdn.co/image/6aeaaebcbd861c8369b14366e8e0eca2fe96055d,https://open.spotify.com/track/4h90qkbnW1Qq6pBhoPvwko
142,2017-02-02,143,Up,Cake By The Ocean,DNCE,528602,https://i.scdn.co/image/ab67616d00004851a19a2912e1618ada66b2e6e8,https://open.spotify.com/track/2aFiaMXmWsM3Vj72F9ksBl
143,2017-02-02,144,Down,Get Right Witcha,Migos,526518,https://i.scdn.co/image/ab67616d0000485199a8ab6da9d593939302828a,https://open.spotify.com/track/76Y0gxtTxN0FyDCYh5qYQj
144,2017-02-02,145,Up,Andas En Mi Cabeza,Chino & Nacho,525911,https://i.scdn.co/image/ab67616d0000485166dad4487da6fc0dced2d0c6,https://open.spotify.com/track/5mey7CLLuFToM2P68Qu1gF
145,2017-02-02,146,Down,Final Song,MØ,525286,https://i.scdn.co/image/ab67616d00004851b7a02217229178b771ed0d4c,https://open.spotify.com/track/4qqArAiTPueDxIp7cf87h7
146,2017-02-02,147,Up,Send My Love (To Your New Lover),Adele,523616,https://i.scdn.co/image/ab67616d000048514c3bbcff5e7248e415548f12,https://open.spotify.com/track/4BHzQ9C00ceJxfG16AlNWb
147,2017-02-02,148,Up,Shaky Shaky,Daddy Yankee,521336,https://i.scdn.co/image/ab67616d00004851f0b25154a0858db46415fbe7,https://open.spotify.com/track/58IL315gMSTD37DOZPJ2hf
148,2017-02-02,149,Down,Six Feet Under,The Weeknd,517999,https://i.scdn.co/image/6aeaaebcbd861c8369b14366e8e0eca2fe96055d,https://open.spotify.com/track/4mU5iXHeLgbR94siF7p1sY
149,2017-02-02,150,Down,Both (feat. Drake),Gucci Mane,516953,https://i.scdn.co/image/ab67616d000048518c75413c7f38b3f512a75b35,https://open.spotify.com/track/5tFep7dXGd7vEJ668wTPux
150,2017-02-02,151,Up,pick up the phone,Young Thug,516200,https://i.scdn.co/image/ab67616d00004851f54b99bf27cda88f4a7403ce,https://open.spotify.com/track/20dP2DaMHIAmwWAbp7peSr
151,2017-02-02,152,Flat,Let It Go,James Bay,507428,https://i.scdn.co/image/abcbe01d6557c60388e976c9a535f26f73fcbf09,https://open.spotify.com/track/13HVjjWUZFaWilh2QUJKsP
152,2017-02-02,153,Up,Middle,DJ Snake,498829,https://i.scdn.co/image/ab67616d000048515045de6786e0af096de73ed4,https://open.spotify.com/track/4OZEu0Vwq0RB2LAq14v99n
153,2017-02-02,154,Down,"City Of Stars - From ""La La Land"" Soundtrack",Ryan Gosling,498015,https://i.scdn.co/image/ab67616d00004851c52819227025b9097fd0bf8f,https://open.spotify.com/track/0LtVx5vsq9nfpGsWgjUin6
154,2017-02-02,155,Down,Light It Up (feat. Nyla & Fuse ODG) - Remix,Major Lazer,493087,https://i.scdn.co/image/ab67616d00004851751a2e5da4333e86814026ba,https://open.spotify.com/track/0L7loeTIg6akW84aEQZpCT
155,2017-02-02,156,Flat,Lean On (feat. MØ & DJ Snake),Major Lazer,491494,https://i.scdn.co/image/ab67616d000048519f55dad3a63f72f1bc8d6f59,https://open.spotify.com/track/4WjH9Bzt3kx7z8kl0awxh4
156,2017-02-02,157,Flat,Dancing On My Own,Calum Scott,482431,https://i.scdn.co/image/ab67616d000048511867ffdead655859c87dacc2,https://open.spotify.com/track/02WacdrRpm4zlP8H7X6bnQ
157,2017-02-02,158,Up,No Problem (feat. Lil Wayne & 2 Chainz),Chance the Rapper,477566,https://i.scdn.co/image/ab67616d00004851e71dd15fc5bdefd5bff70452,https://open.spotify.com/track/0v9Wz8o0BT8DU38R4ddjeH
158,2017-02-02,159,Down,"Lose Yourself - From ""8 Mile"" Soundtrack",Eminem,477331,https://i.scdn.co/image/36440dfd440d23086573d62a32def35ecc42f111,https://open.spotify.com/track/5Z01UMMf7V1o0MzF86s6WJ
159,2017-02-02,160,Up,Chillax (feat. Ky-Mani Marley),Farruko,477040,https://i.scdn.co/image/ab67616d00004851118504cbeaf4187aaa601395,https://open.spotify.com/track/1lxswgIpzV6HhENRvkflES
160,2017-02-02,161,Up,Te Quiero Pa´Mi,Don Omar,476598,https://i.scdn.co/image/ab67616d00004851d0cb2a58e3bf5d7ac5ece16f,https://open.spotify.com/track/3BY2mafsbsoKGqS380Xnuz
161,2017-02-02,162,Down,Love$ick,Mura Masa,475098,https://i.scdn.co/image/ab67616d0000485157da025deec1abbef50e4b31,https://open.spotify.com/track/5v9N8Rx3QsFvr50cxyQcA3
162,2017-02-02,163,Down,PILLOWTALK,ZAYN,470985,https://i.scdn.co/image/ab67616d00004851a15e26d05b7ce776b566579d,https://open.spotify.com/track/0PDUDa38GO8lMxLCRc4lL1
163,2017-02-02,164,Up,Hello,Adele,470914,https://i.scdn.co/image/ab67616d000048514c3bbcff5e7248e415548f12,https://open.spotify.com/track/4sPmO7WMQUAf45kwMOtONw
164,2017-02-02,165,New,Believer,Imagine Dragons,467057,https://i.scdn.co/image/ab67616d000048517956bd9a3d7a15e4c2e37cc6,https://open.spotify.com/track/0CcQNd8CINkwQfe1RDtGV6
165,2017-02-02,166,Down,Fast Car,Jonas Blue,465379,https://i.scdn.co/image/ab67616d000048515cf78b9932b45387375528eb,https://open.spotify.com/track/6OZh916QF8XNunWaP97WEZ
166,2017-02-02,167,Up,Taped up Heart (feat. Clara Mae),KREAM,464519,https://i.scdn.co/image/ab67616d000048519e4c024fb45d7a2b84af90bd,https://open.spotify.com/track/26hcyzSE154xMZCbFdtInA
167,2017-02-02,168,Down,White Iverson,Post Malone,463589,https://i.scdn.co/image/23bae95100dcb6ac8f88c19fa2a11c50a998a926,https://open.spotify.com/track/6eT7xZZlB2mwyzJ2sUKG6w
168,2017-02-02,169,Flat,DUELE EL CORAZON,Enrique Iglesias,462998,https://i.scdn.co/image/ab67616d0000485113dae8008773aede4a979a7d,https://open.spotify.com/track/6YZdkObH88npeKrrkb8Ggf
169,2017-02-02,170,Down,"Me, Myself & I",G-Eazy,459952,https://i.scdn.co/image/ab67616d0000485198acfa8c055deedc25e6081d,https://open.spotify.com/track/40YcuQysJ0KlGQTeGUosTC
170,2017-02-02,171,Down,Roses,The Chainsmokers,451080,https://i.scdn.co/image/ab67616d0000485108d87fb54859bc9038f7e5e0,https://open.spotify.com/track/6O6M7pJLABmfBRoGZMu76Y
171,2017-02-02,172,Flat,Let Her Go,Passenger,448935,https://i.scdn.co/image/ab67616d000048514566e671e5c947cba3a38436,https://open.spotify.com/track/2jyjhRf6DVbMPU5zxagN2h
172,2017-02-02,173,Up,Borro Cassette,Maluma,448727,https://i.scdn.co/image/ab67616d000048513c3acd23605ccd1a9fd038bd,https://open.spotify.com/track/6DUdDIRgLqCGq1DwkNWQTN
173,2017-02-02,174,Down,Stitches,Shawn Mendes,446820,https://i.scdn.co/image/ab67616d0000485147710f5e89677e4d048e744c,https://open.spotify.com/track/1WP1r7fuvRqZRnUaTi2I1Q
174,2017-02-02,175,Up,"I See Fire - From ""The Hobbit - The Desolation Of Smaug""",Ed Sheeran,442202,https://i.scdn.co/image/c6ee101dc0dc29c219e1ba771b9d87d59e80cccb,https://open.spotify.com/track/3B7udSGy2PfgoCniMSb523
175,2017-02-02,176,Up,Low Life,Future,439419,https://i.scdn.co/image/ab67616d00004851626745b3aa04899001a924ad,https://open.spotify.com/track/7EiZI6JVHllARrX9PUvAdX
176,2017-02-02,177,Flat,No Role Modelz,J. Cole,438373,https://i.scdn.co/image/ab67616d000048516aca031ccc27d2e4dd829d14,https://open.spotify.com/track/62vpWI1CHwFy7tMIcSStl8
177,2017-02-02,178,Down,"Another Day Of Sun - From ""La La Land"" Soundtrack",La La Land Cast,436622,https://i.scdn.co/image/ab67616d000048512a307d64201d08144f68cc49,https://open.spotify.com/track/0zCfmceT1YvtZXGbR6Roht
178,2017-02-02,179,New,Body Like A Back Road,Sam Hunt,433250,https://i.scdn.co/image/ab67616d000048519eccbdab1110afc4d5a186a8,https://open.spotify.com/track/7mldq42yDuxiUNn08nvzHO
179,2017-02-02,180,Down,'Till I Collapse,Eminem,432059,https://i.scdn.co/image/ab67616d00004851ccdb1982626f299b3b1d3efd,https://open.spotify.com/track/6yr8GiTHWvFfi4o6Q5ebdT
180,2017-02-02,181,Down,Used to This,Future,430813,https://i.scdn.co/image/ab67616d00004851e0b64c8be3c4e804abcb2696,https://open.spotify.com/track/78sr3ogs4UzITcCNbXM9cM
181,2017-02-02,182,Down,The Hills,The Weeknd,429912,https://i.scdn.co/image/ab67616d00004851aac98daa18e4edf54d7a0a70,https://open.spotify.com/track/25khomWgBVamSdKw7hzm3l
182,2017-02-02,183,Flat,All of Me,John Legend,428753,https://i.scdn.co/image/ab67616d00004851a30a192002427d5d72622dfc,https://open.spotify.com/track/2q6tgiA9tpb6DMguABwCWE
183,2017-02-02,184,Flat,Sex,Cheat Codes,427142,https://i.scdn.co/image/3b6152419e1f09563b17835100766da08426ec66,https://open.spotify.com/track/5DA77EqppDmCTWGovd4oTP
184,2017-02-02,185,Up,Never Be Like You,Flume,427052,https://i.scdn.co/image/ab67616d000048519eca0fdd60e06268050103e5,https://open.spotify.com/track/12REd1n8PeiHHWOh066tpr
185,2017-02-02,186,Down,You Was Right,Lil Uzi Vert,426893,https://i.scdn.co/image/ab67616d000048518be07181aa935225a6f25d56,https://open.spotify.com/track/2ANLarE8yHVsLWW21nj79M
186,2017-02-02,187,Down,Cocoon,Milky Chance,426744,https://i.scdn.co/image/ab67616d00004851f1b313d02bd130b1bc320afd,https://open.spotify.com/track/0L87MffumRNWrY2SNUFcvs
187,2017-02-02,188,Up,What Do You Mean?,Justin Bieber,421790,https://i.scdn.co/image/ab67616d00004851b6d9a4fbb0bd49f0f034aead,https://open.spotify.com/track/3pzjHKrQSvXGHQ98dx18HI
188,2017-02-02,189,Up,Hotline Bling,Drake,419222,https://i.scdn.co/image/ab67616d00004851726abca207567d5e41cb9667,https://open.spotify.com/track/2FBUoWkIuQXwayw2RNo5l6
189,2017-02-02,190,Down,Cuatro Babys,Maluma,416849,https://i.scdn.co/image/ab67616d00004851638d3cdf37fa447977e29e94,https://open.spotify.com/track/0JoHqmlqE0W0i9prt6kcHR
190,2017-02-02,191,Down,Million Reasons,Lady Gaga,415819,https://i.scdn.co/image/ab67616d00004851dd0b256c733c96b653ab5cde,https://open.spotify.com/track/50PWlIBU7PlGGwzgN8TiFJ
191,2017-02-02,192,Up,I Miss You,Grey,415470,https://i.scdn.co/image/ab67616d000048517118eec1142cf494a067dbcc,https://open.spotify.com/track/1sl5tSzfK1JrcQIcA8rYDy
192,2017-02-02,193,Down,Location,Khalid,415304,https://i.scdn.co/image/ab67616d00004851988ede5e1276e758b5f9e577,https://open.spotify.com/track/152lZdxL1OR0ZMW6KquMif
193,2017-02-02,194,Down,Stay With Me,Sam Smith,414683,https://i.scdn.co/image/ab67616d000048514fb7193968e58e51c3db3ef4,https://open.spotify.com/track/5Db9VIdDsN5yu3Eu7CT0i4
194,2017-02-02,195,Down,Party,Chris Brown,410326,https://i.scdn.co/image/ab67616d0000485109678e7a7fd4150585af8987,https://open.spotify.com/track/05Z7jet4VDNVgNQWcYHnrk
195,2017-02-02,196,Down,Lush Life,Zara Larsson,409995,https://i.scdn.co/image/ab67616d000048519e1683774b22648f4f178ed3,https://open.spotify.com/track/1rIKgCH4H52lrvDcz50hS8
196,2017-02-02,197,Down,Take Me To Church,Hozier,409708,https://i.scdn.co/image/ab67616d00004851ace36cf9e943c024446cb83e,https://open.spotify.com/track/0IqKeD8ZSP72KbGYyzEcAs
197,2017-02-02,198,Down,Jumpman,Drake,409450,https://i.scdn.co/image/d4b8cf869e0b9fa7aea9a3dc569a935edb78840c,https://open.spotify.com/track/27GmP9AWRs744SzKcpJsTZ
198,2017-02-02,199,Flat,Magic,Thomas Gold,407829,https://i.scdn.co/image/500943c7bece0e56c536c46b5ae76eec219dba29,https://open.spotify.com/track/5abwHwUhywLGNli5NDcEN7
199,2017-02-02,200,Flat,Manicomio,Cosculluela,407605,https://i.scdn.co/image/ab67616d000048513a1b17f6ceff28931bc7c4f0,https://open.spotify.com/track/3n58u3LOFw8mITLvfPvQBz
