,Date,Position,Trend,Title,Artist,Streams,Icon_URL,Spotify_URL
0,2017-02-01,1,Flat,Shape of You,Ed Sheeran,7549041,https://i.scdn.co/image/ab67616d00004851ba5db46f4b838ef6027e6f96,https://open.spotify.com/track/7qiZfU4dY1lWllzX7mPBI3
1,2017-02-01,2,Flat,Paris,The Chainsmokers,4181293,https://i.scdn.co/image/ab67616d000048510c13d3d5a503c84fcc60ae94,https://open.spotify.com/track/72jbDTw1piOOj770jWNeaG
2,2017-02-01,3,Flat,"I Don’t Wanna Live Forever (Fifty Shades Darker) - From ""Fifty Shades Darker (Original Motion Picture Soundtrack)""",ZAYN,3838281,https://i.scdn.co/image/ab67616d000048512ae921f082ae5db4d3da818f,https://open.spotify.com/track/3NdDpSvN911VPGivFlV5d0
3,2017-02-01,4,Up,Despacito (Featuring Daddy Yankee),Luis Fonsi,3460006,https://i.scdn.co/image/ab67616d00004851a5971936e3b8d91f8b616b17,https://open.spotify.com/track/4aWmUDTfIPGksMNLV2rQP2
4,2017-02-01,5,Down,Castle on the Hill,Ed Sheeran,3456727,https://i.scdn.co/image/ab67616d00004851ba5db46f4b838ef6027e6f96,https://open.spotify.com/track/6PCUP3dWmTjcTtXY02oFdT
5,2017-02-01,6,Flat,Rockabye (feat. Sean Paul & Anne-Marie),Clean Bandit,3217226,https://i.scdn.co/image/ab67616d000048511431c3bdf16aa99f71799d95,https://open.spotify.com/track/5knuzwU65gJK7IF5yJsuaW
6,2017-02-01,7,Flat,Starboy,The Weeknd,2851344,https://i.scdn.co/image/ab67616d000048510c8599cbde51245c128bcea9,https://open.spotify.com/track/5aAx2yezTd8zXrkmtKl66Z
7,2017-02-01,8,Flat,Say You Won't Let Go,James Arthur,2791403,https://i.scdn.co/image/ab67616d0000485120beb61f61fcbeb33b10a9ab,https://open.spotify.com/track/5uCax9HTNlzGybIStD3vDh
8,2017-02-01,9,Flat,Bad and Boujee (feat. Lil Uzi Vert),Migos,2690183,https://i.scdn.co/image/ab67616d0000485199a8ab6da9d593939302828a,https://open.spotify.com/track/4Km5HrUvYTaSUfiSGPJeQR
9,2017-02-01,10,Flat,Closer,The Chainsmokers,2632855,https://i.scdn.co/image/ab67616d00004851495ce6da9aeb159e94eaa453,https://open.spotify.com/track/7BKLCZ1jbUBVqRi2FVlTVw
10,2017-02-01,11,Flat,I Feel It Coming,The Weeknd,2592152,https://i.scdn.co/image/b3683184efeb899b2d1a02f4957d0c630dc10b0b,https://open.spotify.com/track/5GXAXm5YOmYT0kL5jHvYBt
11,2017-02-01,12,Flat,Don't Wanna Know,Maroon 5,2437691,https://i.scdn.co/image/ab67616d00004851eec1912bbc2ff74b8203fe5f,https://open.spotify.com/track/5MFzQMkrl1FOOng9tq6R9r
12,2017-02-01,13,Flat,Call On Me - Ryan Riback Extended Remix,Starley,2437624,https://i.scdn.co/image/ab67616d000048519d4079afc73664f86f055400,https://open.spotify.com/track/78rIJddV4X0HkNAInEcYde
13,2017-02-01,14,Up,Scared to Be Lonely,Martin Garrix,2338292,https://i.scdn.co/image/ab67616d0000485164f8a309aa3c0a66a31fc374,https://open.spotify.com/track/3ebXMykcMXOcLeJ9xZ17XH
14,2017-02-01,15,Down,Chantaje (feat. Maluma),Shakira,2333265,https://i.scdn.co/image/ab67616d00004851d05d3aad30c5fb7614893cf5,https://open.spotify.com/track/6mICuAdrwEjh6Y6lroV2Kg
15,2017-02-01,16,Down,Just Hold On,Steve Aoki,2154352,https://i.scdn.co/image/ab67616d0000485122e2ce2de8bad6d67ee69b48,https://open.spotify.com/track/3EmmCZoqpWOTY1g2GBwJoR
16,2017-02-01,17,Up,Bad Things (with Camila Cabello),Machine Gun Kelly,2119632,https://i.scdn.co/image/d5f976093a4dcbc5ea9d4c04b414207f8bdce469,https://open.spotify.com/track/1PSBzsahR2AKwLJgx8ehBj
17,2017-02-01,18,Down,Fake Love,Drake,2108734,https://i.scdn.co/image/6dfd956b9331fa9ea1f47ebb95311951ed72b3db,https://open.spotify.com/track/343YBumqHu19cGoGARUTsd
18,2017-02-01,19,Flat,Let Me Love You,DJ Snake,1954771,https://i.scdn.co/image/ab67616d000048515045de6786e0af096de73ed4,https://open.spotify.com/track/4pdPtRcBmOSQDlJ3Fk945m
19,2017-02-01,20,Up,"How Far I'll Go - From ""Moana""",Alessia Cara,1907951,https://i.scdn.co/image/ab67616d00004851fb128b1eda22335050f584fe,https://open.spotify.com/track/5hYTyyh2odQKphUbMqc5gN
20,2017-02-01,21,Down,24K Magic,Bruno Mars,1903059,https://i.scdn.co/image/ab67616d00004851232711f7d66a1e19e89e28c5,https://open.spotify.com/track/6b8Be6ljOzmkOmFslEb23P
21,2017-02-01,22,Flat,All Night,The Vamps,1765515,https://i.scdn.co/image/ab67616d00004851f03c9779c27137669304ea20,https://open.spotify.com/track/1yNyoWWWikbLhwIGWjZuDW
22,2017-02-01,23,Up,Run Up (feat. PARTYNEXTDOOR & Nicki Minaj),Major Lazer,1702316,https://i.scdn.co/image/ab67616d000048518036d7402a6a76aed04f1f98,https://open.spotify.com/track/0fg8CqpjdojMyXLNzM2PaJ
23,2017-02-01,24,Down,One Dance,Drake,1655974,https://i.scdn.co/image/ab67616d00004851726abca207567d5e41cb9667,https://open.spotify.com/track/1xznGGDReH1oQq0xzbwXa3
24,2017-02-01,25,Up,Solo Dance,Martin Jensen,1635801,https://i.scdn.co/image/ab67616d00004851950d67dbe3f31f1d9a5d06a2,https://open.spotify.com/track/6HUnnBwYZqcED1eQztxMBN
25,2017-02-01,26,Down,Side To Side,Ariana Grande,1630524,https://i.scdn.co/image/ab67616d000048517227f5854239a059af211d5b,https://open.spotify.com/track/4pLwZjInHj3SimIyN9SnOz
26,2017-02-01,27,Flat,Hear Me Now,Alok,1595550,https://i.scdn.co/image/e308bad29e4cf6dc8aa5cd97449ef71bbb893d40,https://open.spotify.com/track/1a5Yu5L18qNxVhXx38njON
27,2017-02-01,28,Up,Issues,Julia Michaels,1571291,https://i.scdn.co/image/ab67616d000048519615e35e0e9e4b2c3dccb520,https://open.spotify.com/track/1sXUWdKx03aP9Gmzft58rt
28,2017-02-01,29,Down,Cold Water (feat. Justin Bieber & MØ),Major Lazer,1571056,https://i.scdn.co/image/ab67616d000048512e8f1cca2bc8c9d55930523b,https://open.spotify.com/track/6DNtNfH8hXkqOX1sjqmI7p
29,2017-02-01,30,Flat,In the Name of Love,Martin Garrix,1545089,https://i.scdn.co/image/ab67616d00004851923db3f255cd48a6d5783ebf,https://open.spotify.com/track/04DwTuZ2VBdJCCC5TROn7L
30,2017-02-01,31,Flat,Black Beatles,Rae Sremmurd,1502779,https://i.scdn.co/image/16293ab3b4f9301aeb5f41810fd7056d463db55e,https://open.spotify.com/track/6fujklziTHa8uoM5OQSfIo
31,2017-02-01,32,Up,Shed a Light,Robin Schulz,1480859,https://i.scdn.co/image/ab67616d000048517be189f322bc8155c103d6c9,https://open.spotify.com/track/1cG0umU5TKStygKsPFZ9pY
32,2017-02-01,33,Up,Reggaetón Lento (Bailemos),CNCO,1463364,https://i.scdn.co/image/ab67616d000048517db0f7ac4c612cce26ccacf9,https://open.spotify.com/track/3AEZUABDXNtecAOSC1qTfo
33,2017-02-01,34,Up,Now and Later,Sage The Gemini,1433584,https://i.scdn.co/image/ab67616d0000485182d22e1d83fc1045ad33444a,https://open.spotify.com/track/43jBqV3j3Xi1g6wO0bhIMd
34,2017-02-01,35,Up,Love Me Now,John Legend,1431692,https://i.scdn.co/image/ab67616d00004851fa2ba77d93b08258827bd2d2,https://open.spotify.com/track/6nxQdXa1uAL0rY72wPZu89
35,2017-02-01,36,Flat,All Time Low,Jon Bellion,1431366,https://i.scdn.co/image/ff06a4138a99d272c24d2f6da9b5ea6067c054db,https://open.spotify.com/track/1CnPYaKxTVb4LWOtiGOm0m
36,2017-02-01,37,Up,Weak,AJR,1430004,https://i.scdn.co/image/ab67616d00004851c5f3ca405ff6ed13dc554b94,https://open.spotify.com/track/3E2Zh20GDCR9B1EYjfXWyv
37,2017-02-01,38,Down,Mercy,Shawn Mendes,1409196,https://i.scdn.co/image/ab67616d00004851188e6332f32088921ab1eaf8,https://open.spotify.com/track/4TZy1wLyHec06pwgFYDh1a
38,2017-02-01,39,Down,T-Shirt,Migos,1405840,https://i.scdn.co/image/ab67616d0000485199a8ab6da9d593939302828a,https://open.spotify.com/track/7KOlJ92bu51cltsD9KU5I7
39,2017-02-01,40,Down,Starving,Hailee Steinfeld,1403995,https://i.scdn.co/image/ab67616d00004851612495ee5769c99125031be2,https://open.spotify.com/track/1qOLh0tI7trd1zdDKxYZTe
40,2017-02-01,41,Flat,Bounce Back,Big Sean,1356737,https://i.scdn.co/image/695d0c097d8463ccc2c2b9855fe44e3e9e7bc267,https://open.spotify.com/track/0SGkqnVQo9KPytSri1H6cF
41,2017-02-01,42,Up,I Would Like,Zara Larsson,1330687,https://i.scdn.co/image/ab67616d000048519e1683774b22648f4f178ed3,https://open.spotify.com/track/4Q4jmPHwu0wrJvqrld0FQ6
42,2017-02-01,43,Down,My Way,Calvin Harris,1320467,https://i.scdn.co/image/ab67616d000048518d12bc5e3ea5c9f4a967de32,https://open.spotify.com/track/1vvNmPOiUuyCbgWmtc6yfm
43,2017-02-01,44,Flat,Alone,Alan Walker,1254057,https://i.scdn.co/image/ab67616d00004851f00ade2f88d8223521bc7f76,https://open.spotify.com/track/0JiVRyTJcJnmlwCZ854K4p
44,2017-02-01,45,Flat,All We Know,The Chainsmokers,1191548,https://i.scdn.co/image/ab67616d00004851ff8d8c5662a96d41433e9ee1,https://open.spotify.com/track/2rizacJSyD9S1IQUxUxnsK
45,2017-02-01,46,Flat,Scars To Your Beautiful,Alessia Cara,1160869,https://i.scdn.co/image/5b9e5bd34ec840f07c8530e43a76b1b5e08d8b77,https://open.spotify.com/track/0prNGof3XqfTvNDxHonvdK
46,2017-02-01,47,Flat,Heathens,Twenty One Pilots,1159230,https://i.scdn.co/image/ab67616d000048512ca3ba8f334ca5a5f0312efb,https://open.spotify.com/track/6i0V12jOa3mr6uu4WYhUBr
47,2017-02-01,48,Up,Don't Leave,Snakehips,1146368,https://i.scdn.co/image/ab67616d00004851b72a28b6f92b180a8a423e29,https://open.spotify.com/track/0Zx8khUcEfCFK2AEoIhC92
48,2017-02-01,49,Flat,Treat You Better,Shawn Mendes,1144787,https://i.scdn.co/image/ab67616d00004851188e6332f32088921ab1eaf8,https://open.spotify.com/track/4Hf7WnR761jpxPr5D46Bcd
49,2017-02-01,50,Down,Caroline,Aminé,1131268,https://i.scdn.co/image/ab67616d00004851a7f01ef25974c10cdbbd566e,https://open.spotify.com/track/5GFDrUTLGJix84sNhjCG0g
50,2017-02-01,51,Down,By Your Side,Jonas Blue,1124577,https://i.scdn.co/image/ab67616d00004851bd4b658f3aead04637924c28,https://open.spotify.com/track/1D3ODoXHBLpdxolZRHWV1j
51,2017-02-01,52,Flat,El Amante,Nicky Jam,1116188,https://i.scdn.co/image/ab67616d00004851d77dbcd4dbd37cdfa61771fa,https://open.spotify.com/track/3umS4y3uQDkqekNjVpiRUs
52,2017-02-01,53,Flat,iSpy (feat. Lil Yachty),KYLE,1055849,https://i.scdn.co/image/ab67616d0000485132e373f2988bc6596a542d1c,https://open.spotify.com/track/2EEeOnHehOozLq4aS0n6SL
53,2017-02-01,54,Flat,Otra vez (feat. J Balvin),Zion & Lennox,1014851,https://i.scdn.co/image/ab67616d0000485182eabf564ddc57325a84dd50,https://open.spotify.com/track/3QwBODjSEzelZyVjxPOHdq
54,2017-02-01,55,Flat,Safari,J Balvin,1003383,https://i.scdn.co/image/ab67616d00004851338ffc4c72a192f06070546b,https://open.spotify.com/track/6rQSrBHf7HlZjtcMZ4S4bO
55,2017-02-01,56,Up,Sunset Lover,Petit Biscuit,942883,https://i.scdn.co/image/ab67616d00004851014080d39d56c94c0b285362,https://open.spotify.com/track/0hNduWmlWmEmuwEFcYvRu1
56,2017-02-01,57,Up,Human,Rag'n'Bone Man,942335,https://i.scdn.co/image/ab67616d0000485190a788beadaad34ff684d3ec,https://open.spotify.com/track/58zsLZPvfflaiIbNWoA22O
57,2017-02-01,58,Down,Water Under the Bridge,Adele,942240,https://i.scdn.co/image/ab67616d000048514c3bbcff5e7248e415548f12,https://open.spotify.com/track/4vb4mFvYsr2h6enhjJsq9Y
58,2017-02-01,59,Down,Lot to Learn,Luke Christopher,941868,https://i.scdn.co/image/ab67616d000048513f0bd8f231c9b6433be929b1,https://open.spotify.com/track/3TRFq09DUgYj1mug6RRqJW
59,2017-02-01,60,Down,Don't Let Me Down,The Chainsmokers,936031,https://i.scdn.co/image/ab67616d0000485108d87fb54859bc9038f7e5e0,https://open.spotify.com/track/0QsvXIfqM0zZoerQfsI9lm
60,2017-02-01,61,Flat,I Got You,Bebe Rexha,921707,https://i.scdn.co/image/ab67616d00004851809adcbcfe88c94fd2a706c1,https://open.spotify.com/track/1FUViuNSldssMIawrOXF2i
61,2017-02-01,62,Flat,We Don't Talk Anymore,Charlie Puth,907770,https://i.scdn.co/image/ab67616d00004851c0e28105f0533c52717c46c2,https://open.spotify.com/track/68EMU2RD1ECNeOeJ5qAXCV
62,2017-02-01,63,Flat,Photograph,Ed Sheeran,896659,https://i.scdn.co/image/ab67616d00004851d08209944468440145f01524,https://open.spotify.com/track/6fxVffaTuwjgEk5h9QyRjy
63,2017-02-01,64,Up,Make Me (Cry),Noah Cyrus,887896,https://i.scdn.co/image/ab67616d00004851bf2ec8b87525fbd01fb0111f,https://open.spotify.com/track/2BrzlUj1u1CtvaJDGIKpsP
64,2017-02-01,65,Down,"CAN'T STOP THE FEELING! (Original Song from DreamWorks Animation's ""TROLLS"")",Justin Timberlake,885105,https://i.scdn.co/image/ab67616d00004851ef37416970812293c08e8a78,https://open.spotify.com/track/6JV2JOEocMgcZxYSZelKcc
65,2017-02-01,66,Up,Vente Pa' Ca,Ricky Martin,839619,https://i.scdn.co/image/ab67616d000048513d90f5938459be40b7b6652a,https://open.spotify.com/track/7DM4BPaS7uofFul3ywMe46
66,2017-02-01,67,Down,Broccoli (feat. Lil Yachty),DRAM,838083,https://i.scdn.co/image/ab67616d00004851f02a1575a59bd05998826351,https://open.spotify.com/track/7yyRTcZmCiyzzJlNzGC9Ol
67,2017-02-01,68,Flat,Touch,Little Mix,826240,https://i.scdn.co/image/ab67616d000048512318bbb0586903290db2b270,https://open.spotify.com/track/5Ua3GXyHwiSfpNTMjq6m2z
68,2017-02-01,69,Up,It's Gotta Be You,Isaiah,805912,https://i.scdn.co/image/ab67616d00004851d43b5e86edff2089b91357e6,https://open.spotify.com/track/6cAKeFFYW2aClZSUyvqAEW
69,2017-02-01,70,Down,Sexual,NEIKED,801531,https://i.scdn.co/image/ab67616d000048519c5e27aff6792af94e972af9,https://open.spotify.com/track/3AsAuGTaDQzavZZThyYlop
70,2017-02-01,71,Down,Party Monster,The Weeknd,791205,https://i.scdn.co/image/6aeaaebcbd861c8369b14366e8e0eca2fe96055d,https://open.spotify.com/track/4F7A0DXBrmUAkp32uenhZt
71,2017-02-01,72,Up,September Song,JP Cooper,788494,https://i.scdn.co/image/ab67616d000048511400ec742ee0935608e30700,https://open.spotify.com/track/0FuTx2s3YH1ppmtiM6l0zI
72,2017-02-01,73,Flat,Lighthouse - Andrelli Remix,Hearts & Colors,787554,https://i.scdn.co/image/d19cc054c261b243b0663223cf69bc256d700f07,https://open.spotify.com/track/04CttTezSnv71USiiG9mIo
73,2017-02-01,74,Down,Redbone,Childish Gambino,786775,https://i.scdn.co/image/ab67616d000048510b97e56ffad7c6211aa848f8,https://open.spotify.com/track/3kxfsdsCpFgN412fpnW85Y
74,2017-02-01,75,Flat,You Don't Know Me - Radio Edit,Jax Jones,784624,https://i.scdn.co/image/ab67616d00004851dd05a1716e2f07a07b8ccfe3,https://open.spotify.com/track/00lNx0OcTJrS3MKHcB80HY
75,2017-02-01,76,Down,I Took A Pill In Ibiza - Seeb Remix,Mike Posner,765077,https://i.scdn.co/image/ab67616d0000485140512e02a594e3378c0256e6,https://open.spotify.com/track/17Fd6Yb7mSbinKG8LoWfFl
76,2017-02-01,77,Down,Thinking out Loud,Ed Sheeran,762905,https://i.scdn.co/image/ab67616d00004851d08209944468440145f01524,https://open.spotify.com/track/1Slwb6dOYkBlWal1PGtnNg
77,2017-02-01,78,Flat,"Ay Mi Dios (feat. Pitbull, Yandel & Chacal)",IAmChino,760224,https://i.scdn.co/image/ab67616d000048511568fbc07414eb185c58ef62,https://open.spotify.com/track/6stYbAJgTszHAHZMPxWWCY
78,2017-02-01,79,Up,Vacaciones,Wisin,737527,https://i.scdn.co/image/ab67616d00004851c85f0d16973e9dae6f8a786c,https://open.spotify.com/track/3dQDid3IUNhZy1OehIfYfE
79,2017-02-01,80,Flat,No Lie,Sean Paul,725849,https://i.scdn.co/image/ab67616d000048514782809e4cd19cefc99048f7,https://open.spotify.com/track/3cFsmM51N5zMAuu1nNY4Tw
80,2017-02-01,81,Up,Me Llamas (feat. Maluma) - Remix,Piso 21,724148,https://i.scdn.co/image/ab67616d000048511e1eafb5d2bb1ca39d26f092,https://open.spotify.com/track/5hEM0JchdVzQ5PwvSfITeX
81,2017-02-01,82,Down,Deja Vu,J. Cole,723092,https://i.scdn.co/image/fff50a2874dae97e76d3a78e55771d7c59719928,https://open.spotify.com/track/6I6NX6tjGsxFAsIfGzY9lJ
82,2017-02-01,83,Down,The Greatest,Sia,723043,https://i.scdn.co/image/ab67616d00004851754b2fddebe7039fdb912837,https://open.spotify.com/track/7xHWNBFm6ObGEQPaUxHuKO
83,2017-02-01,84,Down,X (feat. Future),21 Savage,720081,https://i.scdn.co/image/ab67616d000048512dd1ac4a61495080ef8f78ca,https://open.spotify.com/track/6fwdbPMwP1zVStm8FybmkO
84,2017-02-01,85,Down,Cheap Thrills,Sia,711099,https://i.scdn.co/image/ab67616d0000485149e0134c686547c28b7c999f,https://open.spotify.com/track/27SdWb2rFzO6GWiYDBTD9j
85,2017-02-01,86,Up,"i hate u, i love u (feat. olivia o'brien)",gnash,710492,https://i.scdn.co/image/ab67616d0000485108862f843ea27f44f8e8cbd8,https://open.spotify.com/track/7vRriwrloYVaoAe3a9wJHe
86,2017-02-01,87,Down,The Mack,Nevada,709193,https://i.scdn.co/image/ab67616d00004851746ac799032f9af9c5268332,https://open.spotify.com/track/7aV2mflaASUmGhCErm7kBO
87,2017-02-01,88,Flat,This Is What You Came For,Calvin Harris,706136,https://i.scdn.co/image/ab67616d00004851d9aa52355e062f5de060adbf,https://open.spotify.com/track/0azC730Exh71aQlOt9Zj3y
88,2017-02-01,89,Down,Ride,Twenty One Pilots,705875,https://i.scdn.co/image/ab67616d00004851de03bfc2991fd5bcfde65ba3,https://open.spotify.com/track/2Z8WuEywRWYTKe1NybPQEW
89,2017-02-01,90,Up,Perfect Strangers,Jonas Blue,704560,https://i.scdn.co/image/ab67616d0000485179882e87678a76bc1d895e94,https://open.spotify.com/track/1CUVN2kn7mW5FjkqXTR2W1
90,2017-02-01,91,Down,Versace on the Floor,Bruno Mars,695595,https://i.scdn.co/image/ab67616d00004851232711f7d66a1e19e89e28c5,https://open.spotify.com/track/0kN8xEmgMW9mh7UmDYHlJP
91,2017-02-01,92,Flat,Stressed Out,Twenty One Pilots,688065,https://i.scdn.co/image/ab67616d00004851de03bfc2991fd5bcfde65ba3,https://open.spotify.com/track/3CRDbSIZ4r5MsZ0YwxuEkn
92,2017-02-01,93,Up,Some Kind Of Drug,G-Eazy,687929,https://i.scdn.co/image/ab67616d0000485198acfa8c055deedc25e6081d,https://open.spotify.com/track/1Bqxj0aH5KewYHKUg1IdrF
93,2017-02-01,94,Up,Faded,Alan Walker,687745,https://i.scdn.co/image/ab67616d00004851c4d00cac55ae1b4598c9bc90,https://open.spotify.com/track/7gHs73wELdeycvS48JfIos
94,2017-02-01,95,Up,Dile Que Tu Me Quieres,Ozuna,677902,https://i.scdn.co/image/ab67616d0000485133bbd31551e01896f58d688f,https://open.spotify.com/track/20ZAJdsKB5IGbGj4ilRt2o
95,2017-02-01,96,Up,Work from Home (feat. Ty Dolla $ign),Fifth Harmony,674791,https://i.scdn.co/image/ab67616d00004851d03fa6f4e758282b7920b5c8,https://open.spotify.com/track/4tCtwWceOPWzenK2HAIJSb
96,2017-02-01,97,Down,Panda,Desiigner,669841,https://i.scdn.co/image/ab67616d000048513df69bfb7713d8262820612b,https://open.spotify.com/track/5OOkp4U9P9oL23maHFHL1h
97,2017-02-01,98,Down,Steady 1234 (feat. Jasmine Thompson & Skizzy Mars),Vice,662313,https://i.scdn.co/image/ab67616d000048516c3742dff9593add7c590e85,https://open.spotify.com/track/40UroIGvsMPLPBYwH8rMNA
98,2017-02-01,99,Up,Congratulations,Post Malone,661482,https://i.scdn.co/image/23bae95100dcb6ac8f88c19fa2a11c50a998a926,https://open.spotify.com/track/3a1lNhkSLSkpJE4MSHpDu9
99,2017-02-01,100,Flat,History,Olivia Holt,660434,https://i.scdn.co/image/ab67616d000048519e21eab426152ef9078d6b94,https://open.spotify.com/track/0WCEaydwN65cvwaW8aqptF
100,2017-02-01,101,Down,Kelly Price (feat. Travis Scott),Migos,657672,https://i.scdn.co/image/ab67616d0000485199a8ab6da9d593939302828a,https://open.spotify.com/track/204U3zjm9kkzX25Pr4Rdld
101,2017-02-01,102,Flat,So Good (feat. Ty Dolla $ign),Zara Larsson,656945,https://i.scdn.co/image/ab67616d000048519e1683774b22648f4f178ed3,https://open.spotify.com/track/54LGxQGf5LPXNGjtzDZ5IE
102,2017-02-01,103,Down,Too Good,Drake,652386,https://i.scdn.co/image/ab67616d00004851726abca207567d5e41cb9667,https://open.spotify.com/track/11KJSRSgaDxqydKYiD2Jew
103,2017-02-01,104,Up,La Bicicleta,Carlos Vives,651094,https://i.scdn.co/image/ab67616d00004851d05d3aad30c5fb7614893cf5,https://open.spotify.com/track/0sXvAOmXgjR2QUqLK1MltU
104,2017-02-01,105,Up,Cake - Challenge Version,Flo Rida,647871,https://i.scdn.co/image/ab67616d00004851b765afdf5f6a2bc83eb5f378,https://open.spotify.com/track/6t2ubAB4iSYOuIpRAOGd4t
105,2017-02-01,106,Up,Light,San Holo,641585,https://i.scdn.co/image/ab67616d000048514452e79f2bfa40e105e7c029,https://open.spotify.com/track/7zTx8ePYAmPFQuxP3xlXZn
106,2017-02-01,107,Down,Swang,Rae Sremmurd,638498,https://i.scdn.co/image/16293ab3b4f9301aeb5f41810fd7056d463db55e,https://open.spotify.com/track/6mapJIPnQ23RTAevUoE0DL
107,2017-02-01,108,Down,Love Yourself,Justin Bieber,637953,https://i.scdn.co/image/ab67616d00004851b6d9a4fbb0bd49f0f034aead,https://open.spotify.com/track/3hB5DgAiMAQ4DzYbsMq1IT
108,2017-02-01,109,Up,Traicionera,Sebastian Yatra,634089,https://i.scdn.co/image/ab67616d00004851dbe5e9f934a9be5db8884c52,https://open.spotify.com/track/5J1c3M4EldCfNxXwrwt8mT
109,2017-02-01,110,Down,No Heart,21 Savage,632444,https://i.scdn.co/image/ab67616d000048512dd1ac4a61495080ef8f78ca,https://open.spotify.com/track/4gmmRb6bZJffOOiww1JGTO
110,2017-02-01,111,Down,Not Going Home,DVBBS,632025,https://i.scdn.co/image/ab67616d000048519e48219a58924f86b6ab1137,https://open.spotify.com/track/042x9bsUBWW2fJgJ6fUh61
111,2017-02-01,112,Flat,Romantic - NOTD Remix,Stanaj,626257,https://i.scdn.co/image/ab67616d000048517861e14b4da5cfac6fb0c65b,https://open.spotify.com/track/3SGWp9fJCzgK0WcpcKSQdy
112,2017-02-01,113,Up,Trust Nobody (feat. Selena Gomez & Tory Lanez),Cashmere Cat,624266,https://i.scdn.co/image/ab67616d00004851e53443feca656fafbbbae361,https://open.spotify.com/track/2wDjpPW3HZdA9quPPmZAMu
113,2017-02-01,114,Down,"Sucker For Pain (with Wiz Khalifa, Imagine Dragons, Logic & Ty Dolla $ign feat. X Ambassadors)",Lil Wayne,619606,https://i.scdn.co/image/ab67616d000048517d8dfcfd507069d7f2062caf,https://open.spotify.com/track/4dASQiO1Eoo3RJvt74FtXB
114,2017-02-01,115,Down,Sneakin’,Drake,615185,https://i.scdn.co/image/8b1f6991ae1192e214374d14d918140d04dbd8a7,https://open.spotify.com/track/4ckuS4Nj4FZ7i3Def3Br8W
115,2017-02-01,116,Up,Capsize,FRENSHIP,611574,https://i.scdn.co/image/ab67616d00004851670048174db73ef55039c7bf,https://open.spotify.com/track/2XMTqoHHSH0lvuXrvIEdco
116,2017-02-01,117,Flat,Sorry,Justin Bieber,605666,https://i.scdn.co/image/ab67616d00004851b6d9a4fbb0bd49f0f034aead,https://open.spotify.com/track/69bp2EbF7Q2rqc5N3ylezZ
117,2017-02-01,118,Up,Chill Bill,Rob $tone,601381,https://i.scdn.co/image/ab67616d000048516f3e9696889a2425338e0836,https://open.spotify.com/track/5uDASfU19gDxSjW8cnCaBp
118,2017-02-01,119,Down,Fresh Eyes,Andy Grammer,596712,https://i.scdn.co/image/ab67616d0000485158dd2ff215d3baa7d4bd194f,https://open.spotify.com/track/4nMlau89VAjmV7agkl7OY3
119,2017-02-01,120,Up,The Ocean (feat. Shy Martin),Mike Perry,595613,https://i.scdn.co/image/ab67616d000048517f401862bfe87b552a75308d,https://open.spotify.com/track/2CPqh63wRVscbceKcPxwvv
120,2017-02-01,121,Up,Oceans Away,A R I Z O N A,594664,https://i.scdn.co/image/ab67616d0000485150a25f1cb71018982b81ca2b,https://open.spotify.com/track/6A8dnC0xkiuWN4BshmTB2I
121,2017-02-01,122,Up,That's What I Like,Bruno Mars,587165,https://i.scdn.co/image/ab67616d00004851232711f7d66a1e19e89e28c5,https://open.spotify.com/track/0KKkJNfGyhkQ5aFogxQAPU
122,2017-02-01,123,Down,Slippery (feat. Gucci Mane),Migos,586710,https://i.scdn.co/image/ab67616d0000485199a8ab6da9d593939302828a,https://open.spotify.com/track/6p8NuHm8uCGnn2Dtbtf7zE
123,2017-02-01,124,Down,Needed Me,Rihanna,586412,https://i.scdn.co/image/ddc285ca9817c96c7719b3f2a759e108787db021,https://open.spotify.com/track/1Tt4sE4pXi57mTD1GCzsqm
124,2017-02-01,125,Down,Love On The Brain,Rihanna,585270,https://i.scdn.co/image/ddc285ca9817c96c7719b3f2a759e108787db021,https://open.spotify.com/track/2aksifNn5ph8igDOkPBA02
125,2017-02-01,126,Down,This Town,Niall Horan,582006,https://i.scdn.co/image/ab67616d00004851cad02035314b784b53570eac,https://open.spotify.com/track/5nA67Y0XX9JipZwYxX7Gl7
126,2017-02-01,127,Down,Shout Out to My Ex,Little Mix,580896,https://i.scdn.co/image/ab67616d000048512318bbb0586903290db2b270,https://open.spotify.com/track/0YHUITU3w6ws1v8ehT264g
127,2017-02-01,128,Down,Controlla,Drake,575488,https://i.scdn.co/image/ab67616d00004851726abca207567d5e41cb9667,https://open.spotify.com/track/6F609ICg9Spjrw1epsAnpa
128,2017-02-01,129,Up,Hymn for the Weekend - Seeb Remix,Coldplay,572246,https://i.scdn.co/image/ab67616d00004851e42f212796979596843a7376,https://open.spotify.com/track/1OAiWI2oPmglaOiv9fdioU
129,2017-02-01,130,Down,Call Casting,Migos,565902,https://i.scdn.co/image/ab67616d0000485199a8ab6da9d593939302828a,https://open.spotify.com/track/0jOfl1nZf6sVBTG08Q4brn
130,2017-02-01,131,Up,Setting Fires,The Chainsmokers,557705,https://i.scdn.co/image/ab67616d000048519e076dc24d45c52fbf7232bb,https://open.spotify.com/track/0B8B8cVRFIG1yznoQe7c9s
131,2017-02-01,132,Up,Work,Rihanna,555069,https://i.scdn.co/image/ab67616d000048510ed05634a469e5cf4789b0a7,https://open.spotify.com/track/14WWzenpaEgQZlqPq2nk4v
132,2017-02-01,133,Down,Get Right Witcha,Migos,552479,https://i.scdn.co/image/ab67616d0000485199a8ab6da9d593939302828a,https://open.spotify.com/track/76Y0gxtTxN0FyDCYh5qYQj
133,2017-02-01,134,Up,Moves,Big Sean,546983,https://i.scdn.co/image/695d0c097d8463ccc2c2b9855fe44e3e9e7bc267,https://open.spotify.com/track/0Fv5N0cHBsl4bzCbollCAS
134,2017-02-01,135,Up,The Other,Lauv,543305,https://i.scdn.co/image/ab67616d000048513c6e07056b26bb9804a596da,https://open.spotify.com/track/1lntL1cI2UIWlxjL5QiN8g
135,2017-02-01,136,Up,"Sola (Remix) [feat. Daddy Yankee, Wisin, Farruko, Zion & Lennox]",Anuel AA,538168,https://i.scdn.co/image/ab67616d00004851a66def7d649149464edc8f1e,https://open.spotify.com/track/5q2JbCNi4FcnglgPfxcV65
136,2017-02-01,137,Down,7 Years,Lukas Graham,537471,https://i.scdn.co/image/ab67616d0000485104d59cefa11f0eee9f1877a5,https://open.spotify.com/track/7129iqBafaphfc3WPCGC0L
137,2017-02-01,138,Up,goosebumps,Travis Scott,536838,https://i.scdn.co/image/ab67616d00004851f54b99bf27cda88f4a7403ce,https://open.spotify.com/track/6gBFPUFcJLzWGx4lenP6h2
138,2017-02-01,139,Up,Into You,Ariana Grande,536022,https://i.scdn.co/image/ab67616d000048517227f5854239a059af211d5b,https://open.spotify.com/track/7yHEDfrJNd0zWOfXwydNH0
139,2017-02-01,140,Up,Love on Me,Galantis,531725,https://i.scdn.co/image/ab67616d000048510018d9ed29666f655586bccc,https://open.spotify.com/track/2MHCiOohBZEQuLgDTPvSzF
140,2017-02-01,141,Down,"City Of Stars - From ""La La Land"" Soundtrack",Ryan Gosling,528878,https://i.scdn.co/image/ab67616d00004851c52819227025b9097fd0bf8f,https://open.spotify.com/track/0LtVx5vsq9nfpGsWgjUin6
141,2017-02-01,142,Up,Final Song,MØ,527942,https://i.scdn.co/image/ab67616d00004851b7a02217229178b771ed0d4c,https://open.spotify.com/track/4qqArAiTPueDxIp7cf87h7
142,2017-02-01,143,Up,This Girl (Kungs Vs. Cookin' On 3 Burners) - Kungs Vs. Cookin' On 3 Burners,Kungs,527740,https://i.scdn.co/image/ab67616d00004851f504cc56f3bd99bc61929272,https://open.spotify.com/track/0tICYNayWWhH9GPeFrfjfD
143,2017-02-01,144,Down,Sidewalks,The Weeknd,527306,https://i.scdn.co/image/6aeaaebcbd861c8369b14366e8e0eca2fe96055d,https://open.spotify.com/track/4h90qkbnW1Qq6pBhoPvwko
144,2017-02-01,145,Down,Cake By The Ocean,DNCE,526862,https://i.scdn.co/image/ab67616d00004851a19a2912e1618ada66b2e6e8,https://open.spotify.com/track/2aFiaMXmWsM3Vj72F9ksBl
145,2017-02-01,146,Down,Six Feet Under,The Weeknd,524583,https://i.scdn.co/image/6aeaaebcbd861c8369b14366e8e0eca2fe96055d,https://open.spotify.com/track/4mU5iXHeLgbR94siF7p1sY
146,2017-02-01,147,Up,Gyal You A Party Animal - Remix,Charly Black,521980,https://i.scdn.co/image/ab67616d0000485131a026a9d39e08006ddfb138,https://open.spotify.com/track/1AkTW13ysu0AJrwuM6UY0I
147,2017-02-01,148,Flat,Andas En Mi Cabeza,Chino & Nacho,515991,https://i.scdn.co/image/ab67616d0000485166dad4487da6fc0dced2d0c6,https://open.spotify.com/track/5mey7CLLuFToM2P68Qu1gF
148,2017-02-01,149,Down,Both (feat. Drake),Gucci Mane,511972,https://i.scdn.co/image/ab67616d000048518c75413c7f38b3f512a75b35,https://open.spotify.com/track/5tFep7dXGd7vEJ668wTPux
149,2017-02-01,150,Down,Shaky Shaky,Daddy Yankee,510066,https://i.scdn.co/image/ab67616d00004851f0b25154a0858db46415fbe7,https://open.spotify.com/track/58IL315gMSTD37DOZPJ2hf
150,2017-02-01,151,Flat,Send My Love (To Your New Lover),Adele,510059,https://i.scdn.co/image/ab67616d000048514c3bbcff5e7248e415548f12,https://open.spotify.com/track/4BHzQ9C00ceJxfG16AlNWb
151,2017-02-01,152,Up,Let It Go,James Bay,507342,https://i.scdn.co/image/abcbe01d6557c60388e976c9a535f26f73fcbf09,https://open.spotify.com/track/13HVjjWUZFaWilh2QUJKsP
152,2017-02-01,153,Down,Light It Up (feat. Nyla & Fuse ODG) - Remix,Major Lazer,507306,https://i.scdn.co/image/ab67616d00004851751a2e5da4333e86814026ba,https://open.spotify.com/track/0L7loeTIg6akW84aEQZpCT
153,2017-02-01,154,Down,pick up the phone,Young Thug,501664,https://i.scdn.co/image/ab67616d00004851f54b99bf27cda88f4a7403ce,https://open.spotify.com/track/20dP2DaMHIAmwWAbp7peSr
154,2017-02-01,155,Down,Middle,DJ Snake,495861,https://i.scdn.co/image/ab67616d000048515045de6786e0af096de73ed4,https://open.spotify.com/track/4OZEu0Vwq0RB2LAq14v99n
155,2017-02-01,156,Up,Lean On (feat. MØ & DJ Snake),Major Lazer,487549,https://i.scdn.co/image/ab67616d000048519f55dad3a63f72f1bc8d6f59,https://open.spotify.com/track/4WjH9Bzt3kx7z8kl0awxh4
156,2017-02-01,157,Flat,Dancing On My Own,Calum Scott,478820,https://i.scdn.co/image/ab67616d000048511867ffdead655859c87dacc2,https://open.spotify.com/track/02WacdrRpm4zlP8H7X6bnQ
157,2017-02-01,158,Up,"Lose Yourself - From ""8 Mile"" Soundtrack",Eminem,474018,https://i.scdn.co/image/36440dfd440d23086573d62a32def35ecc42f111,https://open.spotify.com/track/5Z01UMMf7V1o0MzF86s6WJ
158,2017-02-01,159,Up,Love$ick,Mura Masa,472707,https://i.scdn.co/image/ab67616d0000485157da025deec1abbef50e4b31,https://open.spotify.com/track/5v9N8Rx3QsFvr50cxyQcA3
159,2017-02-01,160,Up,PILLOWTALK,ZAYN,469978,https://i.scdn.co/image/ab67616d00004851a15e26d05b7ce776b566579d,https://open.spotify.com/track/0PDUDa38GO8lMxLCRc4lL1
160,2017-02-01,161,Up,Chillax (feat. Ky-Mani Marley),Farruko,466925,https://i.scdn.co/image/ab67616d00004851118504cbeaf4187aaa601395,https://open.spotify.com/track/1lxswgIpzV6HhENRvkflES
161,2017-02-01,162,Up,Te Quiero Pa´Mi,Don Omar,466894,https://i.scdn.co/image/ab67616d00004851d0cb2a58e3bf5d7ac5ece16f,https://open.spotify.com/track/3BY2mafsbsoKGqS380Xnuz
162,2017-02-01,163,Down,Fast Car,Jonas Blue,466385,https://i.scdn.co/image/ab67616d000048515cf78b9932b45387375528eb,https://open.spotify.com/track/6OZh916QF8XNunWaP97WEZ
163,2017-02-01,164,Up,White Iverson,Post Malone,461577,https://i.scdn.co/image/23bae95100dcb6ac8f88c19fa2a11c50a998a926,https://open.spotify.com/track/6eT7xZZlB2mwyzJ2sUKG6w
164,2017-02-01,165,Up,Hello,Adele,460871,https://i.scdn.co/image/ab67616d000048514c3bbcff5e7248e415548f12,https://open.spotify.com/track/4sPmO7WMQUAf45kwMOtONw
165,2017-02-01,166,Down,No Problem (feat. Lil Wayne & 2 Chainz),Chance the Rapper,459543,https://i.scdn.co/image/ab67616d00004851e71dd15fc5bdefd5bff70452,https://open.spotify.com/track/0v9Wz8o0BT8DU38R4ddjeH
166,2017-02-01,167,Down,"Me, Myself & I",G-Eazy,459424,https://i.scdn.co/image/ab67616d0000485198acfa8c055deedc25e6081d,https://open.spotify.com/track/40YcuQysJ0KlGQTeGUosTC
167,2017-02-01,168,Down,Taped up Heart (feat. Clara Mae),KREAM,457408,https://i.scdn.co/image/ab67616d000048519e4c024fb45d7a2b84af90bd,https://open.spotify.com/track/26hcyzSE154xMZCbFdtInA
168,2017-02-01,169,Up,DUELE EL CORAZON,Enrique Iglesias,453405,https://i.scdn.co/image/ab67616d0000485113dae8008773aede4a979a7d,https://open.spotify.com/track/6YZdkObH88npeKrrkb8Ggf
169,2017-02-01,170,Down,Roses,The Chainsmokers,450450,https://i.scdn.co/image/ab67616d0000485108d87fb54859bc9038f7e5e0,https://open.spotify.com/track/6O6M7pJLABmfBRoGZMu76Y
170,2017-02-01,171,Down,"Another Day Of Sun - From ""La La Land"" Soundtrack",La La Land Cast,448248,https://i.scdn.co/image/ab67616d000048512a307d64201d08144f68cc49,https://open.spotify.com/track/0zCfmceT1YvtZXGbR6Roht
171,2017-02-01,172,Up,Let Her Go,Passenger,447201,https://i.scdn.co/image/ab67616d000048514566e671e5c947cba3a38436,https://open.spotify.com/track/2jyjhRf6DVbMPU5zxagN2h
172,2017-02-01,173,Down,Stitches,Shawn Mendes,446006,https://i.scdn.co/image/ab67616d0000485147710f5e89677e4d048e744c,https://open.spotify.com/track/1WP1r7fuvRqZRnUaTi2I1Q
173,2017-02-01,174,Up,Borro Cassette,Maluma,440871,https://i.scdn.co/image/ab67616d000048513c3acd23605ccd1a9fd038bd,https://open.spotify.com/track/6DUdDIRgLqCGq1DwkNWQTN
174,2017-02-01,175,Down,You Was Right,Lil Uzi Vert,438579,https://i.scdn.co/image/ab67616d000048518be07181aa935225a6f25d56,https://open.spotify.com/track/2ANLarE8yHVsLWW21nj79M
175,2017-02-01,176,Down,Used to This,Future,434774,https://i.scdn.co/image/ab67616d00004851e0b64c8be3c4e804abcb2696,https://open.spotify.com/track/78sr3ogs4UzITcCNbXM9cM
176,2017-02-01,177,Down,No Role Modelz,J. Cole,433955,https://i.scdn.co/image/ab67616d000048516aca031ccc27d2e4dd829d14,https://open.spotify.com/track/62vpWI1CHwFy7tMIcSStl8
177,2017-02-01,178,Up,Low Life,Future,433861,https://i.scdn.co/image/ab67616d00004851626745b3aa04899001a924ad,https://open.spotify.com/track/7EiZI6JVHllARrX9PUvAdX
178,2017-02-01,179,Flat,'Till I Collapse,Eminem,431837,https://i.scdn.co/image/ab67616d00004851ccdb1982626f299b3b1d3efd,https://open.spotify.com/track/6yr8GiTHWvFfi4o6Q5ebdT
179,2017-02-01,180,Down,"I See Fire - From ""The Hobbit - The Desolation Of Smaug""",Ed Sheeran,429809,https://i.scdn.co/image/c6ee101dc0dc29c219e1ba771b9d87d59e80cccb,https://open.spotify.com/track/3B7udSGy2PfgoCniMSb523
180,2017-02-01,181,Up,The Hills,The Weeknd,426365,https://i.scdn.co/image/ab67616d00004851aac98daa18e4edf54d7a0a70,https://open.spotify.com/track/25khomWgBVamSdKw7hzm3l
181,2017-02-01,182,Down,Cocoon,Milky Chance,426070,https://i.scdn.co/image/ab67616d00004851f1b313d02bd130b1bc320afd,https://open.spotify.com/track/0L87MffumRNWrY2SNUFcvs
182,2017-02-01,183,Flat,All of Me,John Legend,422916,https://i.scdn.co/image/ab67616d00004851a30a192002427d5d72622dfc,https://open.spotify.com/track/2q6tgiA9tpb6DMguABwCWE
183,2017-02-01,184,Up,Sex,Cheat Codes,422008,https://i.scdn.co/image/3b6152419e1f09563b17835100766da08426ec66,https://open.spotify.com/track/5DA77EqppDmCTWGovd4oTP
184,2017-02-01,185,Up,Stay With Me,Sam Smith,418561,https://i.scdn.co/image/ab67616d000048514fb7193968e58e51c3db3ef4,https://open.spotify.com/track/5Db9VIdDsN5yu3Eu7CT0i4
185,2017-02-01,186,Flat,Million Reasons,Lady Gaga,418330,https://i.scdn.co/image/ab67616d00004851dd0b256c733c96b653ab5cde,https://open.spotify.com/track/50PWlIBU7PlGGwzgN8TiFJ
186,2017-02-01,187,Down,Cuatro Babys,Maluma,416072,https://i.scdn.co/image/ab67616d00004851638d3cdf37fa447977e29e94,https://open.spotify.com/track/0JoHqmlqE0W0i9prt6kcHR
187,2017-02-01,188,New,Location,Khalid,414658,https://i.scdn.co/image/ab67616d00004851988ede5e1276e758b5f9e577,https://open.spotify.com/track/152lZdxL1OR0ZMW6KquMif
188,2017-02-01,189,Down,Lush Life,Zara Larsson,414057,https://i.scdn.co/image/ab67616d000048519e1683774b22648f4f178ed3,https://open.spotify.com/track/1rIKgCH4H52lrvDcz50hS8
189,2017-02-01,190,Flat,Party,Chris Brown,412544,https://i.scdn.co/image/ab67616d0000485109678e7a7fd4150585af8987,https://open.spotify.com/track/05Z7jet4VDNVgNQWcYHnrk
190,2017-02-01,191,Flat,What Do You Mean?,Justin Bieber,408161,https://i.scdn.co/image/ab67616d00004851b6d9a4fbb0bd49f0f034aead,https://open.spotify.com/track/3pzjHKrQSvXGHQ98dx18HI
191,2017-02-01,192,Up,Take Me To Church,Hozier,408144,https://i.scdn.co/image/ab67616d00004851ace36cf9e943c024446cb83e,https://open.spotify.com/track/0IqKeD8ZSP72KbGYyzEcAs
192,2017-02-01,193,Down,Never Be Like You,Flume,407829,https://i.scdn.co/image/ab67616d000048519eca0fdd60e06268050103e5,https://open.spotify.com/track/12REd1n8PeiHHWOh066tpr
193,2017-02-01,194,Up,Ain't My Fault,Zara Larsson,407539,https://i.scdn.co/image/ab67616d000048519e1683774b22648f4f178ed3,https://open.spotify.com/track/0ADG9OgdVTL7fgREP75BrZ
194,2017-02-01,195,Down,Hotline Bling,Drake,406626,https://i.scdn.co/image/ab67616d00004851726abca207567d5e41cb9667,https://open.spotify.com/track/2FBUoWkIuQXwayw2RNo5l6
195,2017-02-01,196,Down,Jumpman,Drake,405597,https://i.scdn.co/image/d4b8cf869e0b9fa7aea9a3dc569a935edb78840c,https://open.spotify.com/track/27GmP9AWRs744SzKcpJsTZ
196,2017-02-01,197,New,I Miss You,Grey,403647,https://i.scdn.co/image/ab67616d000048517118eec1142cf494a067dbcc,https://open.spotify.com/track/1sl5tSzfK1JrcQIcA8rYDy
197,2017-02-01,198,Up,Come and See Me (feat. Drake),PARTYNEXTDOOR,401922,https://i.scdn.co/image/ab67616d0000485146b39ced8f129323f46ebb14,https://open.spotify.com/track/1wZqJM5FGDEl3FjHDxDyQd
198,2017-02-01,199,New,Magic,Thomas Gold,401189,https://i.scdn.co/image/500943c7bece0e56c536c46b5ae76eec219dba29,https://open.spotify.com/track/5abwHwUhywLGNli5NDcEN7
199,2017-02-01,200,New,Manicomio,Cosculluela,400615,https://i.scdn.co/image/ab67616d000048513a1b17f6ceff28931bc7c4f0,https://open.spotify.com/track/3n58u3LOFw8mITLvfPvQBz
