,Date,Position,Trend,Title,Artist,Streams,Icon_URL,Spotify_URL
0,2017-02-07,1,Flat,Shape of You,Ed Sheeran,7458487,https://i.scdn.co/image/ab67616d00004851ba5db46f4b838ef6027e6f96,https://open.spotify.com/track/7qiZfU4dY1lWllzX7mPBI3
1,2017-02-07,2,Flat,Paris,The Chainsmokers,4009158,https://i.scdn.co/image/ab67616d000048510c13d3d5a503c84fcc60ae94,https://open.spotify.com/track/72jbDTw1piOOj770jWNeaG
2,2017-02-07,3,Flat,"I Don’t Wanna Live Forever (Fifty Shades Darker) - From ""Fifty Shades Darker (Original Motion Picture Soundtrack)""",ZAYN,3826728,https://i.scdn.co/image/ab67616d000048512ae921f082ae5db4d3da818f,https://open.spotify.com/track/3NdDpSvN911VPGivFlV5d0
3,2017-02-07,4,Flat,Despacito (Featuring Daddy Yankee),Luis Fonsi,3767920,https://i.scdn.co/image/ab67616d00004851a5971936e3b8d91f8b616b17,https://open.spotify.com/track/4aWmUDTfIPGksMNLV2rQP2
4,2017-02-07,5,Flat,Castle on the Hill,Ed Sheeran,3171754,https://i.scdn.co/image/ab67616d00004851ba5db46f4b838ef6027e6f96,https://open.spotify.com/track/6PCUP3dWmTjcTtXY02oFdT
5,2017-02-07,6,Flat,Rockabye (feat. Sean Paul & Anne-Marie),Clean Bandit,3084627,https://i.scdn.co/image/ab67616d000048511431c3bdf16aa99f71799d95,https://open.spotify.com/track/5knuzwU65gJK7IF5yJsuaW
6,2017-02-07,7,Up,Scared to Be Lonely,Martin Garrix,2770680,https://i.scdn.co/image/ab67616d0000485164f8a309aa3c0a66a31fc374,https://open.spotify.com/track/3ebXMykcMXOcLeJ9xZ17XH
7,2017-02-07,8,Down,Say You Won't Let Go,James Arthur,2704842,https://i.scdn.co/image/ab67616d0000485120beb61f61fcbeb33b10a9ab,https://open.spotify.com/track/5uCax9HTNlzGybIStD3vDh
8,2017-02-07,9,Flat,Starboy,The Weeknd,2585830,https://i.scdn.co/image/ab67616d000048510c8599cbde51245c128bcea9,https://open.spotify.com/track/5aAx2yezTd8zXrkmtKl66Z
9,2017-02-07,10,Flat,Closer,The Chainsmokers,2474521,https://i.scdn.co/image/ab67616d00004851495ce6da9aeb159e94eaa453,https://open.spotify.com/track/7BKLCZ1jbUBVqRi2FVlTVw
10,2017-02-07,11,Flat,I Feel It Coming,The Weeknd,2446005,https://i.scdn.co/image/b3683184efeb899b2d1a02f4957d0c630dc10b0b,https://open.spotify.com/track/5GXAXm5YOmYT0kL5jHvYBt
11,2017-02-07,12,Flat,Bad and Boujee (feat. Lil Uzi Vert),Migos,2418608,https://i.scdn.co/image/ab67616d0000485199a8ab6da9d593939302828a,https://open.spotify.com/track/4Km5HrUvYTaSUfiSGPJeQR
12,2017-02-07,13,Flat,Call On Me - Ryan Riback Extended Remix,Starley,2359040,https://i.scdn.co/image/ab67616d000048519d4079afc73664f86f055400,https://open.spotify.com/track/78rIJddV4X0HkNAInEcYde
13,2017-02-07,14,Flat,Don't Wanna Know,Maroon 5,2293131,https://i.scdn.co/image/ab67616d00004851eec1912bbc2ff74b8203fe5f,https://open.spotify.com/track/5MFzQMkrl1FOOng9tq6R9r
14,2017-02-07,15,Flat,Chantaje (feat. Maluma),Shakira,2241192,https://i.scdn.co/image/ab67616d00004851d05d3aad30c5fb7614893cf5,https://open.spotify.com/track/6mICuAdrwEjh6Y6lroV2Kg
15,2017-02-07,16,Flat,Bad Things (with Camila Cabello),Machine Gun Kelly,2055014,https://i.scdn.co/image/d5f976093a4dcbc5ea9d4c04b414207f8bdce469,https://open.spotify.com/track/1PSBzsahR2AKwLJgx8ehBj
16,2017-02-07,17,Flat,Just Hold On,Steve Aoki,2036395,https://i.scdn.co/image/ab67616d0000485122e2ce2de8bad6d67ee69b48,https://open.spotify.com/track/3EmmCZoqpWOTY1g2GBwJoR
17,2017-02-07,18,Flat,Issues,Julia Michaels,1961432,https://i.scdn.co/image/ab67616d000048519615e35e0e9e4b2c3dccb520,https://open.spotify.com/track/1sXUWdKx03aP9Gmzft58rt
18,2017-02-07,19,Flat,"How Far I'll Go - From ""Moana""",Alessia Cara,1891385,https://i.scdn.co/image/ab67616d00004851fb128b1eda22335050f584fe,https://open.spotify.com/track/5hYTyyh2odQKphUbMqc5gN
19,2017-02-07,20,Flat,Fake Love,Drake,1868448,https://i.scdn.co/image/6dfd956b9331fa9ea1f47ebb95311951ed72b3db,https://open.spotify.com/track/343YBumqHu19cGoGARUTsd
20,2017-02-07,21,Flat,Bounce Back,Big Sean,1843596,https://i.scdn.co/image/695d0c097d8463ccc2c2b9855fe44e3e9e7bc267,https://open.spotify.com/track/0SGkqnVQo9KPytSri1H6cF
21,2017-02-07,22,Up,Run Up (feat. PARTYNEXTDOOR & Nicki Minaj),Major Lazer,1816714,https://i.scdn.co/image/ab67616d000048518036d7402a6a76aed04f1f98,https://open.spotify.com/track/0fg8CqpjdojMyXLNzM2PaJ
22,2017-02-07,23,Down,Let Me Love You,DJ Snake,1765404,https://i.scdn.co/image/ab67616d000048515045de6786e0af096de73ed4,https://open.spotify.com/track/4pdPtRcBmOSQDlJ3Fk945m
23,2017-02-07,24,Down,24K Magic,Bruno Mars,1760564,https://i.scdn.co/image/ab67616d00004851232711f7d66a1e19e89e28c5,https://open.spotify.com/track/6b8Be6ljOzmkOmFslEb23P
24,2017-02-07,25,Flat,All Night,The Vamps,1709065,https://i.scdn.co/image/ab67616d00004851f03c9779c27137669304ea20,https://open.spotify.com/track/1yNyoWWWikbLhwIGWjZuDW
25,2017-02-07,26,Flat,Solo Dance,Martin Jensen,1622060,https://i.scdn.co/image/ab67616d00004851950d67dbe3f31f1d9a5d06a2,https://open.spotify.com/track/6HUnnBwYZqcED1eQztxMBN
26,2017-02-07,27,Flat,One Dance,Drake,1555077,https://i.scdn.co/image/ab67616d00004851726abca207567d5e41cb9667,https://open.spotify.com/track/1xznGGDReH1oQq0xzbwXa3
27,2017-02-07,28,Flat,Hear Me Now,Alok,1545439,https://i.scdn.co/image/e308bad29e4cf6dc8aa5cd97449ef71bbb893d40,https://open.spotify.com/track/1a5Yu5L18qNxVhXx38njON
28,2017-02-07,29,Up,Weak,AJR,1531384,https://i.scdn.co/image/ab67616d00004851c5f3ca405ff6ed13dc554b94,https://open.spotify.com/track/3E2Zh20GDCR9B1EYjfXWyv
29,2017-02-07,30,Flat,All Time Low,Jon Bellion,1527816,https://i.scdn.co/image/ff06a4138a99d272c24d2f6da9b5ea6067c054db,https://open.spotify.com/track/1CnPYaKxTVb4LWOtiGOm0m
30,2017-02-07,31,Down,Side To Side,Ariana Grande,1474473,https://i.scdn.co/image/ab67616d000048517227f5854239a059af211d5b,https://open.spotify.com/track/4pLwZjInHj3SimIyN9SnOz
31,2017-02-07,32,Up,Shed a Light,Robin Schulz,1422740,https://i.scdn.co/image/ab67616d000048517be189f322bc8155c103d6c9,https://open.spotify.com/track/1cG0umU5TKStygKsPFZ9pY
32,2017-02-07,33,Down,Cold Water (feat. Justin Bieber & MØ),Major Lazer,1416402,https://i.scdn.co/image/ab67616d000048512e8f1cca2bc8c9d55930523b,https://open.spotify.com/track/6DNtNfH8hXkqOX1sjqmI7p
33,2017-02-07,34,Down,Reggaetón Lento (Bailemos),CNCO,1407978,https://i.scdn.co/image/ab67616d000048517db0f7ac4c612cce26ccacf9,https://open.spotify.com/track/3AEZUABDXNtecAOSC1qTfo
34,2017-02-07,35,Flat,Now and Later,Sage The Gemini,1386176,https://i.scdn.co/image/ab67616d0000485182d22e1d83fc1045ad33444a,https://open.spotify.com/track/43jBqV3j3Xi1g6wO0bhIMd
35,2017-02-07,36,Flat,Love Me Now,John Legend,1366775,https://i.scdn.co/image/ab67616d00004851fa2ba77d93b08258827bd2d2,https://open.spotify.com/track/6nxQdXa1uAL0rY72wPZu89
36,2017-02-07,37,Flat,In the Name of Love,Martin Garrix,1358783,https://i.scdn.co/image/ab67616d00004851923db3f255cd48a6d5783ebf,https://open.spotify.com/track/04DwTuZ2VBdJCCC5TROn7L
37,2017-02-07,38,Up,El Amante,Nicky Jam,1332752,https://i.scdn.co/image/ab67616d00004851d77dbcd4dbd37cdfa61771fa,https://open.spotify.com/track/3umS4y3uQDkqekNjVpiRUs
38,2017-02-07,39,Down,Black Beatles,Rae Sremmurd,1327931,https://i.scdn.co/image/16293ab3b4f9301aeb5f41810fd7056d463db55e,https://open.spotify.com/track/6fujklziTHa8uoM5OQSfIo
39,2017-02-07,40,Up,Don't Leave,Snakehips,1276724,https://i.scdn.co/image/ab67616d00004851b72a28b6f92b180a8a423e29,https://open.spotify.com/track/0Zx8khUcEfCFK2AEoIhC92
40,2017-02-07,41,Down,Starving,Hailee Steinfeld,1266865,https://i.scdn.co/image/ab67616d00004851612495ee5769c99125031be2,https://open.spotify.com/track/1qOLh0tI7trd1zdDKxYZTe
41,2017-02-07,42,Down,I Would Like,Zara Larsson,1264446,https://i.scdn.co/image/ab67616d000048519e1683774b22648f4f178ed3,https://open.spotify.com/track/4Q4jmPHwu0wrJvqrld0FQ6
42,2017-02-07,43,Up,T-Shirt,Migos,1245977,https://i.scdn.co/image/ab67616d0000485199a8ab6da9d593939302828a,https://open.spotify.com/track/7KOlJ92bu51cltsD9KU5I7
43,2017-02-07,44,Flat,No Favors,Big Sean,1230326,https://i.scdn.co/image/695d0c097d8463ccc2c2b9855fe44e3e9e7bc267,https://open.spotify.com/track/1MksGqIztTT6M9R1ErKVs8
44,2017-02-07,45,Down,My Way,Calvin Harris,1217431,https://i.scdn.co/image/ab67616d000048518d12bc5e3ea5c9f4a967de32,https://open.spotify.com/track/1vvNmPOiUuyCbgWmtc6yfm
45,2017-02-07,46,Flat,Mercy,Shawn Mendes,1197183,https://i.scdn.co/image/ab67616d00004851188e6332f32088921ab1eaf8,https://open.spotify.com/track/4TZy1wLyHec06pwgFYDh1a
46,2017-02-07,47,Flat,Alone,Alan Walker,1154842,https://i.scdn.co/image/ab67616d00004851f00ade2f88d8223521bc7f76,https://open.spotify.com/track/0JiVRyTJcJnmlwCZ854K4p
47,2017-02-07,48,Up,Moves,Big Sean,1117772,https://i.scdn.co/image/695d0c097d8463ccc2c2b9855fe44e3e9e7bc267,https://open.spotify.com/track/0Fv5N0cHBsl4bzCbollCAS
48,2017-02-07,49,Down,All We Know,The Chainsmokers,1092022,https://i.scdn.co/image/ab67616d00004851ff8d8c5662a96d41433e9ee1,https://open.spotify.com/track/2rizacJSyD9S1IQUxUxnsK
49,2017-02-07,50,Up,iSpy (feat. Lil Yachty),KYLE,1056902,https://i.scdn.co/image/ab67616d0000485132e373f2988bc6596a542d1c,https://open.spotify.com/track/2EEeOnHehOozLq4aS0n6SL
50,2017-02-07,51,Down,Heathens,Twenty One Pilots,1043995,https://i.scdn.co/image/ab67616d000048512ca3ba8f334ca5a5f0312efb,https://open.spotify.com/track/6i0V12jOa3mr6uu4WYhUBr
51,2017-02-07,52,Up,Otra vez (feat. J Balvin),Zion & Lennox,984170,https://i.scdn.co/image/ab67616d0000485182eabf564ddc57325a84dd50,https://open.spotify.com/track/3QwBODjSEzelZyVjxPOHdq
52,2017-02-07,53,Down,Scars To Your Beautiful,Alessia Cara,981438,https://i.scdn.co/image/5b9e5bd34ec840f07c8530e43a76b1b5e08d8b77,https://open.spotify.com/track/0prNGof3XqfTvNDxHonvdK
53,2017-02-07,54,Flat,Treat You Better,Shawn Mendes,959666,https://i.scdn.co/image/ab67616d00004851188e6332f32088921ab1eaf8,https://open.spotify.com/track/4Hf7WnR761jpxPr5D46Bcd
54,2017-02-07,55,Up,Caroline,Aminé,950383,https://i.scdn.co/image/ab67616d00004851a7f01ef25974c10cdbbd566e,https://open.spotify.com/track/5GFDrUTLGJix84sNhjCG0g
55,2017-02-07,56,Flat,Safari,J Balvin,941843,https://i.scdn.co/image/ab67616d00004851338ffc4c72a192f06070546b,https://open.spotify.com/track/6rQSrBHf7HlZjtcMZ4S4bO
56,2017-02-07,57,Down,Million Reasons,Lady Gaga,926251,https://i.scdn.co/image/ab67616d00004851dd0b256c733c96b653ab5cde,https://open.spotify.com/track/50PWlIBU7PlGGwzgN8TiFJ
57,2017-02-07,58,Up,Sunset Lover,Petit Biscuit,918302,https://i.scdn.co/image/ab67616d00004851014080d39d56c94c0b285362,https://open.spotify.com/track/0hNduWmlWmEmuwEFcYvRu1
58,2017-02-07,59,Up,I Got You,Bebe Rexha,914022,https://i.scdn.co/image/ab67616d00004851809adcbcfe88c94fd2a706c1,https://open.spotify.com/track/1FUViuNSldssMIawrOXF2i
59,2017-02-07,60,Up,Lot to Learn,Luke Christopher,899072,https://i.scdn.co/image/ab67616d000048513f0bd8f231c9b6433be929b1,https://open.spotify.com/track/3TRFq09DUgYj1mug6RRqJW
60,2017-02-07,61,Up,Water Under the Bridge,Adele,899008,https://i.scdn.co/image/ab67616d000048514c3bbcff5e7248e415548f12,https://open.spotify.com/track/4vb4mFvYsr2h6enhjJsq9Y
61,2017-02-07,62,Down,By Your Side,Jonas Blue,889078,https://i.scdn.co/image/ab67616d00004851bd4b658f3aead04637924c28,https://open.spotify.com/track/1D3ODoXHBLpdxolZRHWV1j
62,2017-02-07,63,Down,Human,Rag'n'Bone Man,875542,https://i.scdn.co/image/ab67616d0000485190a788beadaad34ff684d3ec,https://open.spotify.com/track/58zsLZPvfflaiIbNWoA22O
63,2017-02-07,64,Up,Don't Let Me Down,The Chainsmokers,873199,https://i.scdn.co/image/ab67616d0000485108d87fb54859bc9038f7e5e0,https://open.spotify.com/track/0QsvXIfqM0zZoerQfsI9lm
64,2017-02-07,65,Flat,Photograph,Ed Sheeran,864567,https://i.scdn.co/image/ab67616d00004851d08209944468440145f01524,https://open.spotify.com/track/6fxVffaTuwjgEk5h9QyRjy
65,2017-02-07,66,Down,You Don't Know Me - Radio Edit,Jax Jones,851369,https://i.scdn.co/image/ab67616d00004851dd05a1716e2f07a07b8ccfe3,https://open.spotify.com/track/00lNx0OcTJrS3MKHcB80HY
66,2017-02-07,67,Up,"CAN'T STOP THE FEELING! (Original Song from DreamWorks Animation's ""TROLLS"")",Justin Timberlake,844908,https://i.scdn.co/image/ab67616d00004851ef37416970812293c08e8a78,https://open.spotify.com/track/6JV2JOEocMgcZxYSZelKcc
67,2017-02-07,68,Up,We Don't Talk Anymore,Charlie Puth,844241,https://i.scdn.co/image/ab67616d00004851c0e28105f0533c52717c46c2,https://open.spotify.com/track/68EMU2RD1ECNeOeJ5qAXCV
68,2017-02-07,69,Down,Touch,Little Mix,834392,https://i.scdn.co/image/ab67616d000048512318bbb0586903290db2b270,https://open.spotify.com/track/5Ua3GXyHwiSfpNTMjq6m2z
69,2017-02-07,70,Flat,Make Me (Cry),Noah Cyrus,832630,https://i.scdn.co/image/ab67616d00004851bf2ec8b87525fbd01fb0111f,https://open.spotify.com/track/2BrzlUj1u1CtvaJDGIKpsP
70,2017-02-07,71,Flat,It's Gotta Be You,Isaiah,816265,https://i.scdn.co/image/ab67616d00004851d43b5e86edff2089b91357e6,https://open.spotify.com/track/6cAKeFFYW2aClZSUyvqAEW
71,2017-02-07,72,Flat,Vente Pa' Ca,Ricky Martin,793295,https://i.scdn.co/image/ab67616d000048513d90f5938459be40b7b6652a,https://open.spotify.com/track/7DM4BPaS7uofFul3ywMe46
72,2017-02-07,73,Up,Broccoli (feat. Lil Yachty),DRAM,781426,https://i.scdn.co/image/ab67616d00004851f02a1575a59bd05998826351,https://open.spotify.com/track/7yyRTcZmCiyzzJlNzGC9Ol
73,2017-02-07,74,Down,Believer,Imagine Dragons,777477,https://i.scdn.co/image/ab67616d000048517956bd9a3d7a15e4c2e37cc6,https://open.spotify.com/track/0CcQNd8CINkwQfe1RDtGV6
74,2017-02-07,75,Up,Congratulations,Post Malone,767548,https://i.scdn.co/image/23bae95100dcb6ac8f88c19fa2a11c50a998a926,https://open.spotify.com/track/3a1lNhkSLSkpJE4MSHpDu9
75,2017-02-07,76,Down,Lighthouse - Andrelli Remix,Hearts & Colors,766262,https://i.scdn.co/image/d19cc054c261b243b0663223cf69bc256d700f07,https://open.spotify.com/track/04CttTezSnv71USiiG9mIo
76,2017-02-07,77,Up,Party Monster,The Weeknd,755238,https://i.scdn.co/image/6aeaaebcbd861c8369b14366e8e0eca2fe96055d,https://open.spotify.com/track/4F7A0DXBrmUAkp32uenhZt
77,2017-02-07,78,Down,"Ay Mi Dios (feat. Pitbull, Yandel & Chacal)",IAmChino,752902,https://i.scdn.co/image/ab67616d000048511568fbc07414eb185c58ef62,https://open.spotify.com/track/6stYbAJgTszHAHZMPxWWCY
78,2017-02-07,79,Up,History,Olivia Holt,741751,https://i.scdn.co/image/ab67616d000048519e21eab426152ef9078d6b94,https://open.spotify.com/track/0WCEaydwN65cvwaW8aqptF
79,2017-02-07,80,Down,Thinking out Loud,Ed Sheeran,736193,https://i.scdn.co/image/ab67616d00004851d08209944468440145f01524,https://open.spotify.com/track/1Slwb6dOYkBlWal1PGtnNg
80,2017-02-07,81,Flat,Redbone,Childish Gambino,734642,https://i.scdn.co/image/ab67616d000048510b97e56ffad7c6211aa848f8,https://open.spotify.com/track/3kxfsdsCpFgN412fpnW85Y
81,2017-02-07,82,Flat,September Song,JP Cooper,727975,https://i.scdn.co/image/ab67616d000048511400ec742ee0935608e30700,https://open.spotify.com/track/0FuTx2s3YH1ppmtiM6l0zI
82,2017-02-07,83,Down,Sexual,NEIKED,726607,https://i.scdn.co/image/ab67616d000048519c5e27aff6792af94e972af9,https://open.spotify.com/track/3AsAuGTaDQzavZZThyYlop
83,2017-02-07,84,Down,Vacaciones,Wisin,725416,https://i.scdn.co/image/ab67616d00004851c85f0d16973e9dae6f8a786c,https://open.spotify.com/track/3dQDid3IUNhZy1OehIfYfE
84,2017-02-07,85,Down,I Took A Pill In Ibiza - Seeb Remix,Mike Posner,719888,https://i.scdn.co/image/ab67616d0000485140512e02a594e3378c0256e6,https://open.spotify.com/track/17Fd6Yb7mSbinKG8LoWfFl
85,2017-02-07,86,Up,X (feat. Future),21 Savage,718281,https://i.scdn.co/image/ab67616d000048512dd1ac4a61495080ef8f78ca,https://open.spotify.com/track/6fwdbPMwP1zVStm8FybmkO
86,2017-02-07,87,Down,No Lie,Sean Paul,696464,https://i.scdn.co/image/ab67616d000048514782809e4cd19cefc99048f7,https://open.spotify.com/track/3cFsmM51N5zMAuu1nNY4Tw
87,2017-02-07,88,Up,Me Llamas (feat. Maluma) - Remix,Piso 21,694943,https://i.scdn.co/image/ab67616d000048511e1eafb5d2bb1ca39d26f092,https://open.spotify.com/track/5hEM0JchdVzQ5PwvSfITeX
88,2017-02-07,89,Up,Some Kind Of Drug,G-Eazy,684161,https://i.scdn.co/image/ab67616d0000485198acfa8c055deedc25e6081d,https://open.spotify.com/track/1Bqxj0aH5KewYHKUg1IdrF
89,2017-02-07,90,Up,Steady 1234 (feat. Jasmine Thompson & Skizzy Mars),Vice,679860,https://i.scdn.co/image/ab67616d000048516c3742dff9593add7c590e85,https://open.spotify.com/track/40UroIGvsMPLPBYwH8rMNA
90,2017-02-07,91,Up,That's What I Like,Bruno Mars,678926,https://i.scdn.co/image/ab67616d00004851232711f7d66a1e19e89e28c5,https://open.spotify.com/track/0KKkJNfGyhkQ5aFogxQAPU
91,2017-02-07,92,Up,Cheap Thrills,Sia,677395,https://i.scdn.co/image/ab67616d0000485149e0134c686547c28b7c999f,https://open.spotify.com/track/27SdWb2rFzO6GWiYDBTD9j
92,2017-02-07,93,Down,Versace on the Floor,Bruno Mars,677394,https://i.scdn.co/image/ab67616d00004851232711f7d66a1e19e89e28c5,https://open.spotify.com/track/0kN8xEmgMW9mh7UmDYHlJP
93,2017-02-07,94,Down,"i hate u, i love u (feat. olivia o'brien)",gnash,676886,https://i.scdn.co/image/ab67616d0000485108862f843ea27f44f8e8cbd8,https://open.spotify.com/track/7vRriwrloYVaoAe3a9wJHe
94,2017-02-07,95,Down,The Greatest,Sia,676796,https://i.scdn.co/image/ab67616d00004851754b2fddebe7039fdb912837,https://open.spotify.com/track/7xHWNBFm6ObGEQPaUxHuKO
95,2017-02-07,96,Down,Ride,Twenty One Pilots,674817,https://i.scdn.co/image/ab67616d00004851de03bfc2991fd5bcfde65ba3,https://open.spotify.com/track/2Z8WuEywRWYTKe1NybPQEW
96,2017-02-07,97,Up,Cake - Challenge Version,Flo Rida,668574,https://i.scdn.co/image/ab67616d00004851b765afdf5f6a2bc83eb5f378,https://open.spotify.com/track/6t2ubAB4iSYOuIpRAOGd4t
97,2017-02-07,98,Up,Stressed Out,Twenty One Pilots,667884,https://i.scdn.co/image/ab67616d00004851de03bfc2991fd5bcfde65ba3,https://open.spotify.com/track/3CRDbSIZ4r5MsZ0YwxuEkn
98,2017-02-07,99,Down,Dile Que Tu Me Quieres,Ozuna,667438,https://i.scdn.co/image/ab67616d0000485133bbd31551e01896f58d688f,https://open.spotify.com/track/20ZAJdsKB5IGbGj4ilRt2o
99,2017-02-07,100,Down,This Is What You Came For,Calvin Harris,662835,https://i.scdn.co/image/ab67616d00004851d9aa52355e062f5de060adbf,https://open.spotify.com/track/0azC730Exh71aQlOt9Zj3y
100,2017-02-07,101,Up,Romantic - NOTD Remix,Stanaj,660832,https://i.scdn.co/image/ab67616d000048517861e14b4da5cfac6fb0c65b,https://open.spotify.com/track/3SGWp9fJCzgK0WcpcKSQdy
101,2017-02-07,102,Down,Faded,Alan Walker,657760,https://i.scdn.co/image/ab67616d00004851c4d00cac55ae1b4598c9bc90,https://open.spotify.com/track/7gHs73wELdeycvS48JfIos
102,2017-02-07,103,Down,Perfect Strangers,Jonas Blue,643419,https://i.scdn.co/image/ab67616d0000485179882e87678a76bc1d895e94,https://open.spotify.com/track/1CUVN2kn7mW5FjkqXTR2W1
103,2017-02-07,104,Down,Halfway Off The Balcony,Big Sean,642376,https://i.scdn.co/image/695d0c097d8463ccc2c2b9855fe44e3e9e7bc267,https://open.spotify.com/track/4atJ40xfasjdM9ZF3p07BV
104,2017-02-07,105,Down,The Mack,Nevada,641129,https://i.scdn.co/image/ab67616d00004851746ac799032f9af9c5268332,https://open.spotify.com/track/7aV2mflaASUmGhCErm7kBO
105,2017-02-07,106,Up,Deja Vu,J. Cole,638163,https://i.scdn.co/image/fff50a2874dae97e76d3a78e55771d7c59719928,https://open.spotify.com/track/6I6NX6tjGsxFAsIfGzY9lJ
106,2017-02-07,107,Down,Work from Home (feat. Ty Dolla $ign),Fifth Harmony,631126,https://i.scdn.co/image/ab67616d00004851d03fa6f4e758282b7920b5c8,https://open.spotify.com/track/4tCtwWceOPWzenK2HAIJSb
107,2017-02-07,108,Up,Oceans Away,A R I Z O N A,629196,https://i.scdn.co/image/ab67616d0000485150a25f1cb71018982b81ca2b,https://open.spotify.com/track/6A8dnC0xkiuWN4BshmTB2I
108,2017-02-07,109,Down,La Bicicleta,Carlos Vives,628833,https://i.scdn.co/image/ab67616d00004851d05d3aad30c5fb7614893cf5,https://open.spotify.com/track/0sXvAOmXgjR2QUqLK1MltU
109,2017-02-07,110,Up,Sneakin’,Drake,623883,https://i.scdn.co/image/8b1f6991ae1192e214374d14d918140d04dbd8a7,https://open.spotify.com/track/4ckuS4Nj4FZ7i3Def3Br8W
110,2017-02-07,111,Down,Sacrifices,Big Sean,620736,https://i.scdn.co/image/695d0c097d8463ccc2c2b9855fe44e3e9e7bc267,https://open.spotify.com/track/1r0faljjM2b876iNoaDUh5
111,2017-02-07,112,Down,Traicionera,Sebastian Yatra,619226,https://i.scdn.co/image/ab67616d00004851dbe5e9f934a9be5db8884c52,https://open.spotify.com/track/5J1c3M4EldCfNxXwrwt8mT
112,2017-02-07,113,Up,Too Good,Drake,618425,https://i.scdn.co/image/ab67616d00004851726abca207567d5e41cb9667,https://open.spotify.com/track/11KJSRSgaDxqydKYiD2Jew
113,2017-02-07,114,Up,Swang,Rae Sremmurd,618222,https://i.scdn.co/image/16293ab3b4f9301aeb5f41810fd7056d463db55e,https://open.spotify.com/track/6mapJIPnQ23RTAevUoE0DL
114,2017-02-07,115,Down,Panda,Desiigner,615969,https://i.scdn.co/image/ab67616d000048513df69bfb7713d8262820612b,https://open.spotify.com/track/5OOkp4U9P9oL23maHFHL1h
115,2017-02-07,116,Up,Not Going Home,DVBBS,615133,https://i.scdn.co/image/ab67616d000048519e48219a58924f86b6ab1137,https://open.spotify.com/track/042x9bsUBWW2fJgJ6fUh61
116,2017-02-07,117,Down,Love Yourself,Justin Bieber,614610,https://i.scdn.co/image/ab67616d00004851b6d9a4fbb0bd49f0f034aead,https://open.spotify.com/track/3hB5DgAiMAQ4DzYbsMq1IT
117,2017-02-07,118,Down,The Other,Lauv,610407,https://i.scdn.co/image/ab67616d000048513c6e07056b26bb9804a596da,https://open.spotify.com/track/1lntL1cI2UIWlxjL5QiN8g
118,2017-02-07,119,Down,"Sola (Remix) [feat. Daddy Yankee, Wisin, Farruko, Zion & Lennox]",Anuel AA,607813,https://i.scdn.co/image/ab67616d00004851a66def7d649149464edc8f1e,https://open.spotify.com/track/5q2JbCNi4FcnglgPfxcV65
119,2017-02-07,120,Down,Jump Out The Window,Big Sean,607306,https://i.scdn.co/image/695d0c097d8463ccc2c2b9855fe44e3e9e7bc267,https://open.spotify.com/track/1jQsKN68yE94tMYml0wHMd
120,2017-02-07,121,Down,Capsize,FRENSHIP,600459,https://i.scdn.co/image/ab67616d00004851670048174db73ef55039c7bf,https://open.spotify.com/track/2XMTqoHHSH0lvuXrvIEdco
121,2017-02-07,122,Up,goosebumps,Travis Scott,595614,https://i.scdn.co/image/ab67616d00004851f54b99bf27cda88f4a7403ce,https://open.spotify.com/track/6gBFPUFcJLzWGx4lenP6h2
122,2017-02-07,123,Up,Sorry,Justin Bieber,589918,https://i.scdn.co/image/ab67616d00004851b6d9a4fbb0bd49f0f034aead,https://open.spotify.com/track/69bp2EbF7Q2rqc5N3ylezZ
123,2017-02-07,124,Down,"Sucker For Pain (with Wiz Khalifa, Imagine Dragons, Logic & Ty Dolla $ign feat. X Ambassadors)",Lil Wayne,589696,https://i.scdn.co/image/ab67616d000048517d8dfcfd507069d7f2062caf,https://open.spotify.com/track/4dASQiO1Eoo3RJvt74FtXB
124,2017-02-07,125,Up,Kelly Price (feat. Travis Scott),Migos,579883,https://i.scdn.co/image/ab67616d0000485199a8ab6da9d593939302828a,https://open.spotify.com/track/204U3zjm9kkzX25Pr4Rdld
125,2017-02-07,126,Down,Fresh Eyes,Andy Grammer,576850,https://i.scdn.co/image/ab67616d0000485158dd2ff215d3baa7d4bd194f,https://open.spotify.com/track/4nMlau89VAjmV7agkl7OY3
126,2017-02-07,127,Up,No Heart,21 Savage,570944,https://i.scdn.co/image/ab67616d000048512dd1ac4a61495080ef8f78ca,https://open.spotify.com/track/4gmmRb6bZJffOOiww1JGTO
127,2017-02-07,128,Up,Love On The Brain,Rihanna,568014,https://i.scdn.co/image/ddc285ca9817c96c7719b3f2a759e108787db021,https://open.spotify.com/track/2aksifNn5ph8igDOkPBA02
128,2017-02-07,129,Down,Light,San Holo,564864,https://i.scdn.co/image/ab67616d000048514452e79f2bfa40e105e7c029,https://open.spotify.com/track/7zTx8ePYAmPFQuxP3xlXZn
129,2017-02-07,130,Up,Controlla,Drake,558344,https://i.scdn.co/image/ab67616d00004851726abca207567d5e41cb9667,https://open.spotify.com/track/6F609ICg9Spjrw1epsAnpa
130,2017-02-07,131,Down,Shout Out to My Ex,Little Mix,556634,https://i.scdn.co/image/ab67616d000048512318bbb0586903290db2b270,https://open.spotify.com/track/0YHUITU3w6ws1v8ehT264g
131,2017-02-07,132,Up,Needed Me,Rihanna,553714,https://i.scdn.co/image/ddc285ca9817c96c7719b3f2a759e108787db021,https://open.spotify.com/track/1Tt4sE4pXi57mTD1GCzsqm
132,2017-02-07,133,Down,Gyal You A Party Animal - Remix,Charly Black,550555,https://i.scdn.co/image/ab67616d0000485131a026a9d39e08006ddfb138,https://open.spotify.com/track/1AkTW13ysu0AJrwuM6UY0I
133,2017-02-07,134,Up,Chill Bill,Rob $tone,546894,https://i.scdn.co/image/ab67616d000048516f3e9696889a2425338e0836,https://open.spotify.com/track/5uDASfU19gDxSjW8cnCaBp
134,2017-02-07,135,Up,Setting Fires,The Chainsmokers,534675,https://i.scdn.co/image/ab67616d000048519e076dc24d45c52fbf7232bb,https://open.spotify.com/track/0B8B8cVRFIG1yznoQe7c9s
135,2017-02-07,136,Up,This Town,Niall Horan,531791,https://i.scdn.co/image/ab67616d00004851cad02035314b784b53570eac,https://open.spotify.com/track/5nA67Y0XX9JipZwYxX7Gl7
136,2017-02-07,137,Up,Hymn for the Weekend - Seeb Remix,Coldplay,527416,https://i.scdn.co/image/ab67616d00004851e42f212796979596843a7376,https://open.spotify.com/track/1OAiWI2oPmglaOiv9fdioU
137,2017-02-07,138,Up,7 Years,Lukas Graham,524680,https://i.scdn.co/image/ab67616d0000485104d59cefa11f0eee9f1877a5,https://open.spotify.com/track/7129iqBafaphfc3WPCGC0L
138,2017-02-07,139,Up,Work,Rihanna,524315,https://i.scdn.co/image/ab67616d000048510ed05634a469e5cf4789b0a7,https://open.spotify.com/track/14WWzenpaEgQZlqPq2nk4v
139,2017-02-07,140,Down,Love on Me,Galantis,524252,https://i.scdn.co/image/ab67616d000048510018d9ed29666f655586bccc,https://open.spotify.com/track/2MHCiOohBZEQuLgDTPvSzF
140,2017-02-07,141,Down,The Ocean (feat. Shy Martin),Mike Perry,522363,https://i.scdn.co/image/ab67616d000048517f401862bfe87b552a75308d,https://open.spotify.com/track/2CPqh63wRVscbceKcPxwvv
141,2017-02-07,142,Flat,Into You,Ariana Grande,520438,https://i.scdn.co/image/ab67616d000048517227f5854239a059af211d5b,https://open.spotify.com/track/7yHEDfrJNd0zWOfXwydNH0
142,2017-02-07,143,Up,Both (feat. Drake),Gucci Mane,517721,https://i.scdn.co/image/ab67616d000048518c75413c7f38b3f512a75b35,https://open.spotify.com/track/5tFep7dXGd7vEJ668wTPux
143,2017-02-07,144,Down,Owe Me,Big Sean,514929,https://i.scdn.co/image/695d0c097d8463ccc2c2b9855fe44e3e9e7bc267,https://open.spotify.com/track/1u0MOgWF1bbylVxpJG2ZjB
144,2017-02-07,145,Down,This Girl (Kungs Vs. Cookin' On 3 Burners) - Kungs Vs. Cookin' On 3 Burners,Kungs,510220,https://i.scdn.co/image/ab67616d00004851f504cc56f3bd99bc61929272,https://open.spotify.com/track/0tICYNayWWhH9GPeFrfjfD
145,2017-02-07,146,Up,Slippery (feat. Gucci Mane),Migos,509652,https://i.scdn.co/image/ab67616d0000485199a8ab6da9d593939302828a,https://open.spotify.com/track/6p8NuHm8uCGnn2Dtbtf7zE
146,2017-02-07,147,Down,Cake By The Ocean,DNCE,508987,https://i.scdn.co/image/ab67616d00004851a19a2912e1618ada66b2e6e8,https://open.spotify.com/track/2aFiaMXmWsM3Vj72F9ksBl
147,2017-02-07,148,Down,Andas En Mi Cabeza,Chino & Nacho,505200,https://i.scdn.co/image/ab67616d0000485166dad4487da6fc0dced2d0c6,https://open.spotify.com/track/5mey7CLLuFToM2P68Qu1gF
148,2017-02-07,149,Up,Body Like A Back Road,Sam Hunt,502857,https://i.scdn.co/image/ab67616d000048519eccbdab1110afc4d5a186a8,https://open.spotify.com/track/7mldq42yDuxiUNn08nvzHO
149,2017-02-07,150,Up,Sooner Or Later,Aaron Carter,502380,https://i.scdn.co/image/ab67616d000048511f7d1e684ec89fe11a4fdc37,https://open.spotify.com/track/6wV12xIUb8oFY7lBy4KuQe
150,2017-02-07,151,Down,Te Quiero Pa´Mi,Don Omar,502204,https://i.scdn.co/image/ab67616d00004851d0cb2a58e3bf5d7ac5ece16f,https://open.spotify.com/track/3BY2mafsbsoKGqS380Xnuz
151,2017-02-07,152,Down,Let It Go,James Bay,500212,https://i.scdn.co/image/abcbe01d6557c60388e976c9a535f26f73fcbf09,https://open.spotify.com/track/13HVjjWUZFaWilh2QUJKsP
152,2017-02-07,153,Down,"City Of Stars - From ""La La Land"" Soundtrack",Ryan Gosling,497773,https://i.scdn.co/image/ab67616d00004851c52819227025b9097fd0bf8f,https://open.spotify.com/track/0LtVx5vsq9nfpGsWgjUin6
153,2017-02-07,154,Up,Sidewalks,The Weeknd,492057,https://i.scdn.co/image/6aeaaebcbd861c8369b14366e8e0eca2fe96055d,https://open.spotify.com/track/4h90qkbnW1Qq6pBhoPvwko
154,2017-02-07,155,Up,Send My Love (To Your New Lover),Adele,489522,https://i.scdn.co/image/ab67616d000048514c3bbcff5e7248e415548f12,https://open.spotify.com/track/4BHzQ9C00ceJxfG16AlNWb
155,2017-02-07,156,Down,So Good (feat. Ty Dolla $ign),Zara Larsson,486946,https://i.scdn.co/image/ab67616d000048519e1683774b22648f4f178ed3,https://open.spotify.com/track/54LGxQGf5LPXNGjtzDZ5IE
156,2017-02-07,157,Up,pick up the phone,Young Thug,484415,https://i.scdn.co/image/ab67616d00004851f54b99bf27cda88f4a7403ce,https://open.spotify.com/track/20dP2DaMHIAmwWAbp7peSr
157,2017-02-07,158,Down,Shaky Shaky,Daddy Yankee,481231,https://i.scdn.co/image/ab67616d00004851f0b25154a0858db46415fbe7,https://open.spotify.com/track/58IL315gMSTD37DOZPJ2hf
158,2017-02-07,159,Up,Six Feet Under,The Weeknd,478116,https://i.scdn.co/image/6aeaaebcbd861c8369b14366e8e0eca2fe96055d,https://open.spotify.com/track/4mU5iXHeLgbR94siF7p1sY
159,2017-02-07,160,Up,Chillax (feat. Ky-Mani Marley),Farruko,477512,https://i.scdn.co/image/ab67616d00004851118504cbeaf4187aaa601395,https://open.spotify.com/track/1lxswgIpzV6HhENRvkflES
160,2017-02-07,161,Up,Love$ick,Mura Masa,470433,https://i.scdn.co/image/ab67616d0000485157da025deec1abbef50e4b31,https://open.spotify.com/track/5v9N8Rx3QsFvr50cxyQcA3
161,2017-02-07,162,Up,"Lose Yourself - From ""8 Mile"" Soundtrack",Eminem,467966,https://i.scdn.co/image/36440dfd440d23086573d62a32def35ecc42f111,https://open.spotify.com/track/5Z01UMMf7V1o0MzF86s6WJ
162,2017-02-07,163,Up,Lean On (feat. MØ & DJ Snake),Major Lazer,466654,https://i.scdn.co/image/ab67616d000048519f55dad3a63f72f1bc8d6f59,https://open.spotify.com/track/4WjH9Bzt3kx7z8kl0awxh4
163,2017-02-07,164,Down,Dancing On My Own,Calum Scott,466549,https://i.scdn.co/image/ab67616d000048511867ffdead655859c87dacc2,https://open.spotify.com/track/02WacdrRpm4zlP8H7X6bnQ
164,2017-02-07,165,Down,Final Song,MØ,462152,https://i.scdn.co/image/ab67616d00004851b7a02217229178b771ed0d4c,https://open.spotify.com/track/4qqArAiTPueDxIp7cf87h7
165,2017-02-07,166,Up,PILLOWTALK,ZAYN,459688,https://i.scdn.co/image/ab67616d00004851a15e26d05b7ce776b566579d,https://open.spotify.com/track/0PDUDa38GO8lMxLCRc4lL1
166,2017-02-07,167,Down,Light It Up (feat. Nyla & Fuse ODG) - Remix,Major Lazer,457651,https://i.scdn.co/image/ab67616d00004851751a2e5da4333e86814026ba,https://open.spotify.com/track/0L7loeTIg6akW84aEQZpCT
167,2017-02-07,168,Down,Voices In My Head/Stick To The Plan,Big Sean,455946,https://i.scdn.co/image/695d0c097d8463ccc2c2b9855fe44e3e9e7bc267,https://open.spotify.com/track/2pzuU8vLaG8W1P31X65ZP9
168,2017-02-07,169,Down,Middle,DJ Snake,455701,https://i.scdn.co/image/ab67616d000048515045de6786e0af096de73ed4,https://open.spotify.com/track/4OZEu0Vwq0RB2LAq14v99n
169,2017-02-07,170,Up,No Problem (feat. Lil Wayne & 2 Chainz),Chance the Rapper,454701,https://i.scdn.co/image/ab67616d00004851e71dd15fc5bdefd5bff70452,https://open.spotify.com/track/0v9Wz8o0BT8DU38R4ddjeH
170,2017-02-07,171,Up,La Rompe Corazones,Daddy Yankee,453389,https://i.scdn.co/image/ab67616d00004851b84a36483e43bfbcb931fcde,https://open.spotify.com/track/4okba5wu9mMLXx79DXLKi3
171,2017-02-07,172,Up,DUELE EL CORAZON,Enrique Iglesias,445452,https://i.scdn.co/image/ab67616d0000485113dae8008773aede4a979a7d,https://open.spotify.com/track/6YZdkObH88npeKrrkb8Ggf
172,2017-02-07,173,Up,Hello,Adele,444908,https://i.scdn.co/image/ab67616d000048514c3bbcff5e7248e415548f12,https://open.spotify.com/track/4sPmO7WMQUAf45kwMOtONw
173,2017-02-07,174,Up,Location,Khalid,442371,https://i.scdn.co/image/ab67616d00004851988ede5e1276e758b5f9e577,https://open.spotify.com/track/152lZdxL1OR0ZMW6KquMif
174,2017-02-07,175,Up,Stitches,Shawn Mendes,440460,https://i.scdn.co/image/ab67616d0000485147710f5e89677e4d048e744c,https://open.spotify.com/track/1WP1r7fuvRqZRnUaTi2I1Q
175,2017-02-07,176,Up,Fast Car,Jonas Blue,438869,https://i.scdn.co/image/ab67616d000048515cf78b9932b45387375528eb,https://open.spotify.com/track/6OZh916QF8XNunWaP97WEZ
176,2017-02-07,177,Up,Taped up Heart (feat. Clara Mae),KREAM,436692,https://i.scdn.co/image/ab67616d000048519e4c024fb45d7a2b84af90bd,https://open.spotify.com/track/26hcyzSE154xMZCbFdtInA
177,2017-02-07,178,Up,Let Her Go,Passenger,436045,https://i.scdn.co/image/ab67616d000048514566e671e5c947cba3a38436,https://open.spotify.com/track/2jyjhRf6DVbMPU5zxagN2h
178,2017-02-07,179,Down,Borro Cassette,Maluma,433756,https://i.scdn.co/image/ab67616d000048513c3acd23605ccd1a9fd038bd,https://open.spotify.com/track/6DUdDIRgLqCGq1DwkNWQTN
179,2017-02-07,180,Up,White Iverson,Post Malone,433304,https://i.scdn.co/image/23bae95100dcb6ac8f88c19fa2a11c50a998a926,https://open.spotify.com/track/6eT7xZZlB2mwyzJ2sUKG6w
180,2017-02-07,181,Up,Low Life,Future,432020,https://i.scdn.co/image/ab67616d00004851626745b3aa04899001a924ad,https://open.spotify.com/track/7EiZI6JVHllARrX9PUvAdX
181,2017-02-07,182,Up,I Miss You,Grey,431244,https://i.scdn.co/image/ab67616d000048517118eec1142cf494a067dbcc,https://open.spotify.com/track/1sl5tSzfK1JrcQIcA8rYDy
182,2017-02-07,183,Up,"Me, Myself & I",G-Eazy,430278,https://i.scdn.co/image/ab67616d0000485198acfa8c055deedc25e6081d,https://open.spotify.com/track/40YcuQysJ0KlGQTeGUosTC
183,2017-02-07,184,Up,'Till I Collapse,Eminem,427772,https://i.scdn.co/image/ab67616d00004851ccdb1982626f299b3b1d3efd,https://open.spotify.com/track/6yr8GiTHWvFfi4o6Q5ebdT
184,2017-02-07,185,Up,All of Me,John Legend,427372,https://i.scdn.co/image/ab67616d00004851a30a192002427d5d72622dfc,https://open.spotify.com/track/2q6tgiA9tpb6DMguABwCWE
185,2017-02-07,186,Down,"Another Day Of Sun - From ""La La Land"" Soundtrack",La La Land Cast,424488,https://i.scdn.co/image/ab67616d000048512a307d64201d08144f68cc49,https://open.spotify.com/track/0zCfmceT1YvtZXGbR6Roht
186,2017-02-07,187,New,Used to This,Future,420809,https://i.scdn.co/image/ab67616d00004851e0b64c8be3c4e804abcb2696,https://open.spotify.com/track/78sr3ogs4UzITcCNbXM9cM
187,2017-02-07,188,New,No Role Modelz,J. Cole,418377,https://i.scdn.co/image/ab67616d000048516aca031ccc27d2e4dd829d14,https://open.spotify.com/track/62vpWI1CHwFy7tMIcSStl8
188,2017-02-07,189,New,Never Be Like You,Flume,415569,https://i.scdn.co/image/ab67616d000048519eca0fdd60e06268050103e5,https://open.spotify.com/track/12REd1n8PeiHHWOh066tpr
189,2017-02-07,190,Up,Stay With Me,Sam Smith,415415,https://i.scdn.co/image/ab67616d000048514fb7193968e58e51c3db3ef4,https://open.spotify.com/track/5Db9VIdDsN5yu3Eu7CT0i4
190,2017-02-07,191,Up,The Hills,The Weeknd,414957,https://i.scdn.co/image/ab67616d00004851aac98daa18e4edf54d7a0a70,https://open.spotify.com/track/25khomWgBVamSdKw7hzm3l
191,2017-02-07,192,Down,"I See Fire - From ""The Hobbit - The Desolation Of Smaug""",Ed Sheeran,412177,https://i.scdn.co/image/c6ee101dc0dc29c219e1ba771b9d87d59e80cccb,https://open.spotify.com/track/3B7udSGy2PfgoCniMSb523
192,2017-02-07,193,Up,Call Casting,Migos,410286,https://i.scdn.co/image/ab67616d0000485199a8ab6da9d593939302828a,https://open.spotify.com/track/0jOfl1nZf6sVBTG08Q4brn
193,2017-02-07,194,New,Magic,Thomas Gold,408136,https://i.scdn.co/image/500943c7bece0e56c536c46b5ae76eec219dba29,https://open.spotify.com/track/5abwHwUhywLGNli5NDcEN7
194,2017-02-07,195,Down,Light,Big Sean,405880,https://i.scdn.co/image/695d0c097d8463ccc2c2b9855fe44e3e9e7bc267,https://open.spotify.com/track/0URaKGzNTtzKRtsJN1RkA9
195,2017-02-07,196,New,Get Right Witcha,Migos,405789,https://i.scdn.co/image/ab67616d0000485199a8ab6da9d593939302828a,https://open.spotify.com/track/76Y0gxtTxN0FyDCYh5qYQj
196,2017-02-07,197,Up,Way Down We Go,KALEO,404657,https://i.scdn.co/image/ab67616d00004851f793a842c1642b09a768a63b,https://open.spotify.com/track/0y1QJc3SJVPKJ1OvFmFqe6
197,2017-02-07,198,New,Party,Chris Brown,402968,https://i.scdn.co/image/ab67616d0000485109678e7a7fd4150585af8987,https://open.spotify.com/track/05Z7jet4VDNVgNQWcYHnrk
198,2017-02-07,199,New,You Was Right,Lil Uzi Vert,401493,https://i.scdn.co/image/ab67616d000048518be07181aa935225a6f25d56,https://open.spotify.com/track/2ANLarE8yHVsLWW21nj79M
199,2017-02-07,200,New,Cocoon,Milky Chance,400667,https://i.scdn.co/image/ab67616d00004851f1b313d02bd130b1bc320afd,https://open.spotify.com/track/0L87MffumRNWrY2SNUFcvs
