,Date,Position,Trend,Title,Artist,Streams,Icon_URL,Spotify_URL
0,2018-04-10,1,Flat,Nice For What,Drake,5773576,https://i.scdn.co/image/ab67616d00004851648ee7f5b11d8703447e372f,https://open.spotify.com/track/1cTZMwcBJT0Ka3UJPXOeeN
1,2018-04-10,2,Flat,God's Plan,Drake,5195522,https://i.scdn.co/image/ab67616d000048515e8f046078b784e6f8502008,https://open.spotify.com/track/2XW4DbS6NddZxRPm5rMCeY
2,2018-04-10,3,Flat,Call Out My Name,The Weeknd,3847971,https://i.scdn.co/image/ab67616d00004851bb9b84cecfc41da3b8c7d74b,https://open.spotify.com/track/1gm616Plq4ScqNi7TVkZ5N
3,2018-04-10,4,Flat,Psycho (feat. Ty Dolla $ign),Post Malone,3814232,https://i.scdn.co/image/ab67616d00004851918d749b2bdc00e59be23312,https://open.spotify.com/track/65NwOZqoXny4JxqAPlfxRF
4,2018-04-10,5,Flat,FRIENDS,Marshmello,3497749,https://i.scdn.co/image/ab67616d00004851569f64493ca55cd96fdee412,https://open.spotify.com/track/08bNPGLD8AhKpnnERrAc6G
5,2018-04-10,6,Flat,X,Nicky Jam,3348554,https://i.scdn.co/image/ab67616d0000485126ddcc42228a649e5fbe4350,https://open.spotify.com/track/39N9RPD9MRb5WmoLzNzPeA
6,2018-04-10,7,Flat,Freaky Friday (feat. Chris Brown),Lil Dicky,3052779,https://i.scdn.co/image/ab67616d00004851f1115552efd25fa498ec923a,https://open.spotify.com/track/10Igtw8bSDyyFs7KIsKngZ
7,2018-04-10,8,Flat,SAD!,XXXTENTACION,2949049,https://i.scdn.co/image/f0443f8ad743f6052c813c593f1ad0fc161965a2,https://open.spotify.com/track/3ee8Jmje8o58CHK66QrVC2
8,2018-04-10,9,Flat,IDGAF,Dua Lipa,2910263,https://i.scdn.co/image/ab67616d000048516b915e407b70e121e06fe979,https://open.spotify.com/track/76cy1WJvNGJTj78UqeA5zr
9,2018-04-10,10,Flat,The Middle,Zedd,2865464,https://i.scdn.co/image/ab67616d00004851247b73f96ede946a7fa0af12,https://open.spotify.com/track/2ARqIya5NAuvFVHSN3bL0m
10,2018-04-10,11,Up,One Kiss (with Dua Lipa),Calvin Harris,2854697,https://i.scdn.co/image/ab67616d00004851d09f96d82310d4d77c14c108,https://open.spotify.com/track/7ef4DlsgrMEH11cDZd32M6
11,2018-04-10,12,Flat,Look Alive (feat. Drake),BlocBoy JB,2796905,https://i.scdn.co/image/ab67616d0000485155cad990bc1ce5808367fa0e,https://open.spotify.com/track/4qKcDkK6siZ7Jp1Jb4m0aL
12,2018-04-10,13,Down,Love Lies (with Normani),Khalid,2760284,https://i.scdn.co/image/ab67616d00004851dd7eaf261543814a6d715d67,https://open.spotify.com/track/45Egmo7icyopuzJN0oMEdk
13,2018-04-10,14,Flat,These Days,Rudimental,2543728,https://i.scdn.co/image/ab67616d00004851e9f49a29f00d42d7857794a5,https://open.spotify.com/track/5CLGzJsGqhCEECcpnFQA8x
14,2018-04-10,15,Flat,Mine,Bazzi,2411485,https://i.scdn.co/image/ab67616d0000485173924baaee2d2e94829953bf,https://open.spotify.com/track/6tHWl8ows5JOZq9Yfaqn3M
15,2018-04-10,16,Flat,All The Stars (with SZA),Kendrick Lamar,2372130,https://i.scdn.co/image/28e755c12683e1038efd53a902601e7f7ed4dbc5,https://open.spotify.com/track/3GCdLUSnKSMJhs4Tj6CV3s
16,2018-04-10,17,Flat,In My Blood,Shawn Mendes,2189156,https://i.scdn.co/image/ab67616d0000485188da297b53e5785d8ae195ab,https://open.spotify.com/track/79jX8RM5CgPqDKdGEKNW9K
17,2018-04-10,18,Flat,Plug Walk,Rich The Kid,2121785,https://i.scdn.co/image/ab67616d000048513b6640e727df86d20ddac316,https://open.spotify.com/track/6mAz8D1TmlTuef90dbNIiZ
18,2018-04-10,19,Flat,rockstar,Post Malone,2080171,https://i.scdn.co/image/ab67616d0000485147a8619ffffa8ccd20ca194b,https://open.spotify.com/track/2U7Hu2RaNQNRi7izoJyZaX
19,2018-04-10,20,Flat,Dura,Daddy Yankee,1951513,https://i.scdn.co/image/ab67616d00004851407475cb28e657ec856dcbaf,https://open.spotify.com/track/2j2fIJGh4PMdXt9ULI5Tlc
20,2018-04-10,21,Up,Meant to Be (feat. Florida Georgia Line),Bebe Rexha,1930682,https://i.scdn.co/image/ab67616d000048511ba5682505dd6e2592b16e41,https://open.spotify.com/track/7iDa6hUg2VgEL1o1HjmfBn
21,2018-04-10,22,Up,I Like It,Cardi B,1923905,https://i.scdn.co/image/ab67616d00004851a0caffda54afd0a65995bbab,https://open.spotify.com/track/58q2HKrzhC3ozto2nDdN4z
22,2018-04-10,23,Down,Havana (feat. Young Thug),Camila Cabello,1886493,https://i.scdn.co/image/ab67616d000048516eb0b9e73adcf04e4ed3eca4,https://open.spotify.com/track/1rfofaqEpACxVEHIZBJe6W
23,2018-04-10,24,Up,Me Niego (feat. Ozuna & Wisin),Reik,1792161,https://i.scdn.co/image/ab67616d00004851395857179e6679826a8fa497,https://open.spotify.com/track/6jA8JUuPCGYjFcgw0AoM5T
24,2018-04-10,25,Up,Walk It Talk It,Migos,1770270,https://i.scdn.co/image/36f1a1c6bddf8a4c0b9e6c7612a9b25048904344,https://open.spotify.com/track/6n4U3TlzUGhdSFbUUhTvLP
25,2018-04-10,26,Down,Wasted Times,The Weeknd,1769344,https://i.scdn.co/image/ab67616d00004851f38e946900c89c38a070227b,https://open.spotify.com/track/72TyiiduRmczEbDIEtKQdR
26,2018-04-10,27,Flat,Be Careful,Cardi B,1709375,https://i.scdn.co/image/ab67616d00004851a0caffda54afd0a65995bbab,https://open.spotify.com/track/2Yl4OmDby9iitgNWZPwxkd
27,2018-04-10,28,Up,Nevermind,Dennis Lloyd,1681352,https://i.scdn.co/image/ab67616d000048514dbdd4d3c69bec0d471fc479,https://open.spotify.com/track/63SevszngYpZOwf63o61K4
28,2018-04-10,29,Up,Delicate,Taylor Swift,1645527,https://i.scdn.co/image/c2e6423b9624845f6dd57aef8ce00fa53aedcef7,https://open.spotify.com/track/6NFyWDv5CjfwuzoCkw47Xf
29,2018-04-10,30,Down,Never Be the Same,Camila Cabello,1641108,https://i.scdn.co/image/ab67616d000048516eb0b9e73adcf04e4ed3eca4,https://open.spotify.com/track/4eWQlBRaTjPPUlzacqEeoQ
30,2018-04-10,31,Down,Try Me,The Weeknd,1640746,https://i.scdn.co/image/ab67616d00004851bb9b84cecfc41da3b8c7d74b,https://open.spotify.com/track/2poOAWEj1CStqTVPgIHZ8s
31,2018-04-10,32,Down,Like I Do,David Guetta,1601932,https://i.scdn.co/image/ab67616d00004851734eb0ed1bd80aeed903f30b,https://open.spotify.com/track/6RnkFd8Fqqgk1Uni8RgqCQ
32,2018-04-10,33,Flat,New Rules,Dua Lipa,1540327,https://i.scdn.co/image/ab67616d000048516b915e407b70e121e06fe979,https://open.spotify.com/track/2ekn2ttSfGqwhhate0LSR0
33,2018-04-10,34,Up,Remind Me to Forget,Kygo,1530827,https://i.scdn.co/image/ab67616d00004851238d888f4282893ed8f83f2a,https://open.spotify.com/track/6xTU6B6nFwKKTSZ9ySXS80
34,2018-04-10,35,Up,Say Something,Justin Timberlake,1477586,https://i.scdn.co/image/ab67616d000048514626ff0fee963da605f6aa06,https://open.spotify.com/track/1LhMopPAallLeaeNutqbgS
35,2018-04-10,36,Down,Pray For Me (with Kendrick Lamar),The Weeknd,1465837,https://i.scdn.co/image/ab67616d000048518ac2a58fbcab6a775e790b15,https://open.spotify.com/track/4ofvoCdXq99vpMZO4Cfp8x
36,2018-04-10,37,Up,Échame La Culpa,Luis Fonsi,1447358,https://i.scdn.co/image/ab67616d000048510ac9a58447dfccc5127248e0,https://open.spotify.com/track/1zsG4eaZmkA1dvjDDsAGLK
37,2018-04-10,38,Flat,Bella,Wolfine,1443365,https://i.scdn.co/image/ab67616d0000485100f3f20aca8bce07b5e68af8,https://open.spotify.com/track/3xcCix7Jv1Rp90YVmgo35D
38,2018-04-10,39,Down,Moonlight,XXXTENTACION,1433031,https://i.scdn.co/image/f0443f8ad743f6052c813c593f1ad0fc161965a2,https://open.spotify.com/track/0JP9xo3adEtGSdUEISiszL
39,2018-04-10,40,Flat,Shape of You,Ed Sheeran,1396641,https://i.scdn.co/image/ab67616d00004851ba5db46f4b838ef6027e6f96,https://open.spotify.com/track/7qiZfU4dY1lWllzX7mPBI3
40,2018-04-10,41,Up,"1, 2, 3 (feat. Jason Derulo & De La Ghetto)",Sofia Reyes,1390987,https://i.scdn.co/image/ab67616d00004851775d1e288c04237d896e8357,https://open.spotify.com/track/4QtiVmuA88tPQiCOHZuQ5b
41,2018-04-10,42,Up,Mad Love,Sean Paul,1374635,https://i.scdn.co/image/c7a68b10f61696b28fdf8219a92eb634a820400e,https://open.spotify.com/track/3soOPBuMK8YMdWnV7xpEyf
42,2018-04-10,43,Flat,Perfect,Ed Sheeran,1369265,https://i.scdn.co/image/ab67616d00004851ba5db46f4b838ef6027e6f96,https://open.spotify.com/track/0tgVpDi06FyKpA1z0VMD4v
43,2018-04-10,44,Down,Ric Flair Drip (& Metro Boomin),Offset,1366140,https://i.scdn.co/image/ab67616d000048510f206fe737d46f2f2d826d83,https://open.spotify.com/track/7sO5G9EABYOXQKNPNiE9NR
44,2018-04-10,45,Down,I Fall Apart,Post Malone,1351328,https://i.scdn.co/image/23bae95100dcb6ac8f88c19fa2a11c50a998a926,https://open.spotify.com/track/75ZvA4QfFiZvzhj2xkaWAh
45,2018-04-10,46,Flat,Déjala que vuelva (feat. Manuel Turizo),Piso 21,1334993,https://i.scdn.co/image/ab67616d000048514ed4c2e64f7bf0977aa70b42,https://open.spotify.com/track/33bnxcjePIkcmNjEFTJX0l
46,2018-04-10,47,Up,Wolves,Selena Gomez,1333090,https://i.scdn.co/image/ab67616d0000485110368f28dac3b838770f985c,https://open.spotify.com/track/7EmGUiUaOSGDnUUQUDrOXC
47,2018-04-10,48,Down,Drip (feat. Migos),Cardi B,1321418,https://i.scdn.co/image/ab67616d00004851a0caffda54afd0a65995bbab,https://open.spotify.com/track/2qcG0nZ6S3zZV0UrkY5nFo
48,2018-04-10,49,Up,JAPAN,Famous Dex,1301697,https://i.scdn.co/image/ab67616d0000485124ef7429ba82789623ae8b14,https://open.spotify.com/track/5PTG6rrL6EPFD9E2QMI2pl
49,2018-04-10,50,Down,I Do (feat. SZA),Cardi B,1300894,https://i.scdn.co/image/ab67616d00004851a0caffda54afd0a65995bbab,https://open.spotify.com/track/1f5PNhkNgUpvDEeZfcIlO1
50,2018-04-10,51,Up,Powerglide (feat. Juicy J),Rae Sremmurd,1237915,https://i.scdn.co/image/ab67616d00004851685f3c0308abbb32799800b2,https://open.spotify.com/track/2yUbCEiaolfSMluDo9RMmG
51,2018-04-10,52,Down,Amorfoda,Bad Bunny,1234007,https://i.scdn.co/image/ab67616d00004851ffde74831eadc3cdccc02188,https://open.spotify.com/track/3ITvHA9zhZZdBJsOsAUegF
52,2018-04-10,53,Down,Síguelo Bailando,Ozuna,1216644,https://i.scdn.co/image/ab67616d00004851b0a875d7f1bfe4ec4aaffa48,https://open.spotify.com/track/5Y9fnynLlIvqtM710MHzfz
53,2018-04-10,54,Flat,Everyday,Logic,1211109,https://i.scdn.co/image/048f72adcf19156266fbe080c1d4a782f6affdfd,https://open.spotify.com/track/4EAV2cKiqKP5UPZmY6dejk
54,2018-04-10,55,Flat,Bartier Cardi (feat. 21 Savage),Cardi B,1176681,https://i.scdn.co/image/ab67616d00004851a0caffda54afd0a65995bbab,https://open.spotify.com/track/0dIoGTQXDh1wVnhIiSyYEa
55,2018-04-10,56,Up,Flames,David Guetta,1172079,https://i.scdn.co/image/ab67616d00004851d0e5bf44bdbe8a824e921eae,https://open.spotify.com/track/33IOhptvC2Qoy2UhjiHXLV
56,2018-04-10,57,Flat,River (feat. Ed Sheeran),Eminem,1164941,https://i.scdn.co/image/ab67616d00004851255191ed87a907d362b43f19,https://open.spotify.com/track/5UEnHoDYpsxlfzWLZIc7LD
57,2018-04-10,58,Flat,Bodak Yellow,Cardi B,1145504,https://i.scdn.co/image/ab67616d00004851a0caffda54afd0a65995bbab,https://open.spotify.com/track/6KBYefIoo7KydImq1uUQlL
58,2018-04-10,59,Up,Finesse - Remix; feat. Cardi B,Bruno Mars,1130640,https://i.scdn.co/image/ab67616d0000485147e522adf030a78615cdea06,https://open.spotify.com/track/3Vo4wInECJQuz9BIBMOu8i
59,2018-04-10,60,Flat,Feel It Still,Portugal. The Man,1130284,https://i.scdn.co/image/ab67616d00004851af52c228c9619ff6298b08cd,https://open.spotify.com/track/6QgjcU0zLnzq5OrUoSZ3OK
60,2018-04-10,61,Down,Stir Fry,Migos,1123428,https://i.scdn.co/image/36f1a1c6bddf8a4c0b9e6c7612a9b25048904344,https://open.spotify.com/track/2UVbBKQOdFAekPTRsnkzcf
61,2018-04-10,62,Up,"King's Dead (with Kendrick Lamar, Future & James Blake)",Jay Rock,1088011,https://i.scdn.co/image/ab67616d00004851c3de572921cabde540d4880a,https://open.spotify.com/track/51rXHuKN8Loc4sUlKPODgH
62,2018-04-10,63,Flat,Lemon - Drake Remix,N.E.R.D,1082489,https://i.scdn.co/image/ab67616d00004851e9dc25b00ec96141e0090d9f,https://open.spotify.com/track/739vCwA3EpBSkk3uDsI2wB
63,2018-04-10,64,Up,1950,King Princess,1080359,https://i.scdn.co/image/ab67616d00004851580625d3d07c5b16238c2e69,https://open.spotify.com/track/0CZ8lquoTX2Dkg7Ak2inwA
64,2018-04-10,65,Flat,Lost In Japan,Shawn Mendes,1068982,https://i.scdn.co/image/ab67616d0000485103312590ee9819db3f2d094d,https://open.spotify.com/track/7wvYmO5QscgIDDT0eNwbYX
65,2018-04-10,66,Up,"Let Me Go (with Alesso, Florida Georgia Line & watt)",Hailee Steinfeld,1062799,https://i.scdn.co/image/ab67616d00004851dbdc892395413def043e0655,https://open.spotify.com/track/5AEtlRudpgdT5FtNiuly6Y
66,2018-04-10,67,Up,Thunder,Imagine Dragons,1059103,https://i.scdn.co/image/ab67616d00004851ee138477bb382419f3f165c5,https://open.spotify.com/track/26gceVsA1ybT8qsX3aYLEn
67,2018-04-10,68,Down,Best Life (feat. Chance The Rapper),Cardi B,1043325,https://i.scdn.co/image/ab67616d00004851a0caffda54afd0a65995bbab,https://open.spotify.com/track/00B7TZ0Xawar6NZ00JFomN
68,2018-04-10,69,Down,Ring (feat. Kehlani),Cardi B,1040543,https://i.scdn.co/image/ab67616d00004851a0caffda54afd0a65995bbab,https://open.spotify.com/track/5DfWF0jqMgZDCiu9zJENTA
69,2018-04-10,70,Down,Get Up 10,Cardi B,1037800,https://i.scdn.co/image/ab67616d00004851a0caffda54afd0a65995bbab,https://open.spotify.com/track/7p2ewixAShLpjDZrnzZK7c
70,2018-04-10,71,Up,Let You Down,NF,1027439,https://i.scdn.co/image/ab67616d0000485139e85b6ae069d1e25bbc89df,https://open.spotify.com/track/6mrKP2jyIQmM0rw6fQryjr
71,2018-04-10,72,Up,Criminal,Natti Natasha,1026838,https://i.scdn.co/image/ab67616d000048515f3f4af0d3e662247a7d8cff,https://open.spotify.com/track/6Za3190Sbw39BBC77WSS1C
72,2018-04-10,73,Up,Downtown,Anitta,1016247,https://i.scdn.co/image/ab67616d000048518c6b830c36c7b4ac43c3cee8,https://open.spotify.com/track/3Ga6eKrUFf12ouh9Yw3v2D
73,2018-04-10,74,Down,Bickenhead,Cardi B,1014079,https://i.scdn.co/image/ab67616d00004851a0caffda54afd0a65995bbab,https://open.spotify.com/track/17Yq72h0p15OhCbZ5lJ5gd
74,2018-04-10,75,Up,Sick Boy,The Chainsmokers,1009954,https://i.scdn.co/image/ab67616d00004851f1884e2d22a1e03488ffc7d3,https://open.spotify.com/track/2JfXj2TERIkHwJpnG9f8uX
75,2018-04-10,76,Up,Too Good At Goodbyes,Sam Smith,998653,https://i.scdn.co/image/eb645ad7342e0f34817e16d9d4061c3b5e374d4c,https://open.spotify.com/track/1mXVgsBdtIVeCLJnSnmtdV
76,2018-04-10,77,Down,Hurt You,The Weeknd,982984,https://i.scdn.co/image/ab67616d00004851f38e946900c89c38a070227b,https://open.spotify.com/track/13wNEvWmBsWaWVtiLPRIW5
77,2018-04-10,78,Up,XO Tour Llif3,Lil Uzi Vert,978354,https://i.scdn.co/image/ab67616d0000485141b41e6f7924e530a9b00f9c,https://open.spotify.com/track/7GX5flRQZVHRAGd6B4TmDO
78,2018-04-10,79,Up,El Préstamo,Maluma,976404,https://i.scdn.co/image/ab67616d00004851530b91ed48d536028e8ac26f,https://open.spotify.com/track/0QS5rZpm5zN9wV9lJgjyUE
79,2018-04-10,80,Up,Corazón,Maluma,974384,https://i.scdn.co/image/ab67616d000048516876ec811b26ba2094565b34,https://open.spotify.com/track/4lESS6vuruP6a79KWRaQou
80,2018-04-10,81,Up,Believer,Imagine Dragons,972166,https://i.scdn.co/image/ab67616d00004851ee138477bb382419f3f165c5,https://open.spotify.com/track/7Izh7zLJGw1Nscd62Exxj4
81,2018-04-10,82,Down,A$AP Forever,A$AP Rocky,960380,https://i.scdn.co/image/ab67616d000048519ef69f2cf1038634bd541509,https://open.spotify.com/track/1YmF9PvLhIISIANoMLIYGq
82,2018-04-10,83,Up,Silence,Marshmello,958569,https://i.scdn.co/image/ab67616d00004851f33ba583059dc2f7d08bf2b8,https://open.spotify.com/track/7vGuf3Y35N4wmASOKLUVVU
83,2018-04-10,84,Down,changes,XXXTENTACION,947658,https://i.scdn.co/image/f0443f8ad743f6052c813c593f1ad0fc161965a2,https://open.spotify.com/track/7AFASza1mXqntmGtbxXprO
84,2018-04-10,85,Up,Dembow,Danny Ocean,942794,https://i.scdn.co/image/ab67616d00004851418acc3f747c7a42f91c72c6,https://open.spotify.com/track/2EzRdhuoPyNJDlep7lnNf2
85,2018-04-10,86,Up,Congratulations,Post Malone,920662,https://i.scdn.co/image/23bae95100dcb6ac8f88c19fa2a11c50a998a926,https://open.spotify.com/track/3a1lNhkSLSkpJE4MSHpDu9
86,2018-04-10,87,Up,Breathe,Jax Jones,912950,https://i.scdn.co/image/ab67616d00004851242e97b0767265f5c3cf0277,https://open.spotify.com/track/6tvQzeCPwOytDlBYCIOY0n
87,2018-04-10,88,Up,I Miss You (feat. Julia Michaels),Clean Bandit,908166,https://i.scdn.co/image/ab67616d000048518341ce7a7a1f4ab4182823d5,https://open.spotify.com/track/2xmrfQpmS2iJExTlklLoAL
88,2018-04-10,89,Down,I Was Never There,The Weeknd,902169,https://i.scdn.co/image/ab67616d00004851bb9b84cecfc41da3b8c7d74b,https://open.spotify.com/track/56d6kYZhfhzpoC3s1dRU2V
89,2018-04-10,90,Down,Jocelyn Flores,XXXTENTACION,901978,https://i.scdn.co/image/ab67616d00004851203c89bd4391468eea4cc3f5,https://open.spotify.com/track/7m9OqQk4RVRkw9JJdeAw96
90,2018-04-10,91,Flat,Capital Letters,Hailee Steinfeld,896579,https://i.scdn.co/image/ab67616d00004851f6630162a999e1cf78afbbae,https://open.spotify.com/track/3towKHKVOXCCcL1fHv6xFO
91,2018-04-10,92,Up,For You (Fifty Shades Freed) (& Rita Ora),Liam Payne,881978,https://i.scdn.co/image/ab67616d00004851ddc8bbc60fa930446a2b5718,https://open.spotify.com/track/5hM6sP0Gh1jD57drszNueC
92,2018-04-10,93,Up,This Is Me,Keala Settle,869386,https://i.scdn.co/image/ab67616d00004851b33c769adce9e164764a7ca0,https://open.spotify.com/track/2xGjteMU3E1tkEPVFBO08U
93,2018-04-10,94,Flat,Him & I (with Halsey),G-Eazy,862652,https://i.scdn.co/image/ab67616d00004851046527a9c176f7c2916f3530,https://open.spotify.com/track/5k38wzpLb15YgncyWdTZE4
94,2018-04-10,95,Up,Sensualidad,Bad Bunny,862107,https://i.scdn.co/image/ab67616d00004851c0ca1263b2966ddff794d3bb,https://open.spotify.com/track/5hcisvFMidkMJlElTO9Qmw
95,2018-04-10,96,Down,EL BAÑO,Enrique Iglesias,858756,https://i.scdn.co/image/ab67616d000048517a201c3a7e4677711df31e57,https://open.spotify.com/track/2vvdTrdryjsl8DmPIMDWZU
96,2018-04-10,97,Up,PICK IT UP (feat. A$AP Rocky),Famous Dex,849636,https://i.scdn.co/image/ab67616d0000485124ef7429ba82789623ae8b14,https://open.spotify.com/track/0dSIrRkA4PadGll16TgbnV
97,2018-04-10,98,Up,HUMBLE.,Kendrick Lamar,847449,https://i.scdn.co/image/ae1f239b41e9604a66eb900834c6887cd2f62ff1,https://open.spotify.com/track/7KXjTSCq5nL1LoYtL7XAwS
98,2018-04-10,99,Flat,Rewrite The Stars,Zac Efron,846771,https://i.scdn.co/image/ab67616d00004851d44e723b677380dfbc899bcd,https://open.spotify.com/track/630sXRhIcfwr2e4RdNtjKN
99,2018-04-10,100,Up,What Lovers Do (feat. SZA),Maroon 5,836090,https://i.scdn.co/image/ab67616d000048519ccf08d3f74b36b7880522b5,https://open.spotify.com/track/3hBBKuWJfxlIlnd9QFoC8k
100,2018-04-10,101,Flat,Young Dumb & Broke,Khalid,834602,https://i.scdn.co/image/ab67616d00004851988ede5e1276e758b5f9e577,https://open.spotify.com/track/5Z3GHaZ6ec9bsiI5BenrbY
101,2018-04-10,102,Up,Bum Bum Tam Tam,MC Fioti,816160,https://i.scdn.co/image/ab67616d00004851f45f041104bda8b5737ded73,https://open.spotify.com/track/4zWO4gvuFtw6EJZC5FFGlr
102,2018-04-10,103,Up,Unforgettable,French Montana,812425,https://i.scdn.co/image/ab67616d000048518a31195a371b2233456f6c07,https://open.spotify.com/track/3B54sVLJ402zGa6Xm4YGNe
103,2018-04-10,104,Up,Playinwitme (feat. Kehlani),KYLE,806703,https://i.scdn.co/image/ab67616d00004851fa7b2b60e85950ee93dcdc04,https://open.spotify.com/track/43cFjTTCD9Cni4aSL0sORz
104,2018-04-10,105,Down,Privilege,The Weeknd,802735,https://i.scdn.co/image/ab67616d00004851f38e946900c89c38a070227b,https://open.spotify.com/track/26Fqtv4Aa7kyd1WWGHai6A
105,2018-04-10,106,Up,Heaven,Julia Michaels,795450,https://i.scdn.co/image/ab67616d000048518dfd94df32e91d9f384df1fb,https://open.spotify.com/track/4QfNOZN7vrQCQKK1ZJ3XPb
106,2018-04-10,107,Down,Everybody Hates Me,The Chainsmokers,793900,https://i.scdn.co/image/ab67616d00004851f1884e2d22a1e03488ffc7d3,https://open.spotify.com/track/3pIigjAWkzwAonXpJ1fmSF
107,2018-04-10,108,Up,Say You Won't Let Go,James Arthur,784305,https://i.scdn.co/image/ab67616d0000485120beb61f61fcbeb33b10a9ab,https://open.spotify.com/track/5uCax9HTNlzGybIStD3vDh
108,2018-04-10,109,Up,La player (Bandolera),Zion & Lennox,784136,https://i.scdn.co/image/ab67616d00004851300e1b3b6b6904d84e76bb14,https://open.spotify.com/track/0VKkyBKCXyR99navhVRqcP
109,2018-04-10,110,Down,Thru Your Phone,Cardi B,780876,https://i.scdn.co/image/ab67616d00004851a0caffda54afd0a65995bbab,https://open.spotify.com/track/74cVJfmK18rhWnscIpGXjt
110,2018-04-10,111,Up,Dusk Till Dawn - Radio Edit,ZAYN,772540,https://i.scdn.co/image/ab67616d0000485123852b7ef0ecfe29d38d97ee,https://open.spotify.com/track/1j4kHkkpqZRBwE0A4CN4Yv
111,2018-04-10,112,Down,Money Bag,Cardi B,768504,https://i.scdn.co/image/ab67616d00004851a0caffda54afd0a65995bbab,https://open.spotify.com/track/1vBeIXlzbAieGoDqInav5j
112,2018-04-10,113,Down,Candy Paint,Post Malone,768014,https://i.scdn.co/image/ab67616d00004851bf95d2beddffbdb488310f67,https://open.spotify.com/track/42CeaId2XNlxugDvyqHfDf
113,2018-04-10,114,Up,Perfect Duet (Ed Sheeran & Beyoncé),Ed Sheeran,757419,https://i.scdn.co/image/ab67616d00004851af6b2fca3b6e24612a5fe5d8,https://open.spotify.com/track/1bhUWB0zJMIKr9yVPrkEuI
114,2018-04-10,115,Down,1-800-273-8255,Logic,756295,https://i.scdn.co/image/08f9ccb7875a87c07c79c1ccd5319263786c55ea,https://open.spotify.com/track/5tz69p7tJuGPeMGwNTxYuV
115,2018-04-10,116,Up,El Farsante - Remix,Ozuna,751244,https://i.scdn.co/image/ab67616d000048519730f9b901c4ca652c0fd21b,https://open.spotify.com/track/7uYgVgRSgqluZclLS7wpp4
116,2018-04-10,117,Flat,Solita,Ozuna,749174,https://i.scdn.co/image/ab67616d00004851bc739e4f39cb4d5c253fcb64,https://open.spotify.com/track/7rwX0O3RlxqqIjQM8evm5E
117,2018-04-10,118,Up,Anywhere,Rita Ora,746490,https://i.scdn.co/image/ab67616d000048517a642f7a662f4c94683ac038,https://open.spotify.com/track/7EI6Iki24tBHAMxtb4xQN2
118,2018-04-10,119,Down,New Freezer (feat. Kendrick Lamar),Rich The Kid,739543,https://i.scdn.co/image/ab67616d000048513b6640e727df86d20ddac316,https://open.spotify.com/track/0eHCArTPhwUxatY7cEXRiK
119,2018-04-10,120,Up,I Like Me Better,Lauv,739521,https://i.scdn.co/image/ab67616d00004851fab48816b625e2a77a732400,https://open.spotify.com/track/1wjzFQodRWrPcQ0AnYnvQ9
120,2018-04-10,121,Down,Whatever It Takes,Imagine Dragons,734551,https://i.scdn.co/image/ab67616d00004851ee138477bb382419f3f165c5,https://open.spotify.com/track/7F3uo3304R2CTvOseU3H7u
121,2018-04-10,122,Down,Something Just Like This,The Chainsmokers,728084,https://i.scdn.co/image/ab67616d000048510c13d3d5a503c84fcc60ae94,https://open.spotify.com/track/6RUKPb4LETWmmr3iAEQktW
122,2018-04-10,123,Up,One Dance,Drake,726641,https://i.scdn.co/image/ab67616d00004851726abca207567d5e41cb9667,https://open.spotify.com/track/1xznGGDReH1oQq0xzbwXa3
123,2018-04-10,124,Up,Sorry Not Sorry,Demi Lovato,725557,https://i.scdn.co/image/ab67616d00004851ec9c72308e30e7aa1d22b37d,https://open.spotify.com/track/3m660poUr1chesgkkjQM7P
124,2018-04-10,125,Down,Machika,J Balvin,719828,https://i.scdn.co/image/ab67616d000048515b72e385b8296a8600016edd,https://open.spotify.com/track/6MNGxu8MprKGkchUchkJsy
125,2018-04-10,126,Up,How Long,Charlie Puth,719411,https://i.scdn.co/image/ab67616d00004851872353e715cccea67fe3de91,https://open.spotify.com/track/32DGGj6KlNuBr6WaqRxpxi
126,2018-04-10,127,Up,Me Rehúso,Danny Ocean,706891,https://i.scdn.co/image/ab67616d00004851a75bd33684083600569dd3bf,https://open.spotify.com/track/6De0lHrwBfPfrhorm9q1Xl
127,2018-04-10,128,Up,Esperándote,Manuel Turizo,706615,https://i.scdn.co/image/ab67616d00004851fa2960f06e1f2ed9cedb6d12,https://open.spotify.com/track/1nfyE13arjOuO54HH0zmqj
128,2018-04-10,129,Down,She Bad,Cardi B,705642,https://i.scdn.co/image/ab67616d00004851a0caffda54afd0a65995bbab,https://open.spotify.com/track/0CfmNX2TXk7yoJqHJiixnp
129,2018-04-10,130,Down,Bank Account,21 Savage,702197,https://i.scdn.co/image/ab67616d00004851ac3c0aecec76cd7b5a54795e,https://open.spotify.com/track/2fQrGHiQOvpL9UgPvtYy6G
130,2018-04-10,131,Up,Attention,Charlie Puth,697949,https://i.scdn.co/image/ab67616d00004851db21a273452f0637cdbc35aa,https://open.spotify.com/track/4iLqG9SeJSnt0cSPICSjxv
131,2018-04-10,132,Up,Tip Toe (feat. French Montana),Jason Derulo,696975,https://i.scdn.co/image/ab67616d000048511ba06755018b46f2a6a2a7ff,https://open.spotify.com/track/2z4pcBLQXF2BXKFvd0BuB6
132,2018-04-10,133,Up,Beautiful,Bazzi,696015,https://i.scdn.co/image/ab67616d000048512a156e2d24357e38bd23a793,https://open.spotify.com/track/1OilOIju6R9ia8vilNjChh
133,2018-04-10,134,Down,Betrayed,Lil Xan,695062,https://i.scdn.co/image/b1b4ff855ea6766f8271cf8a27c8f00586380964,https://open.spotify.com/track/4vaxvNDaLSoD36iZX515ug
134,2018-04-10,135,Down,Location,Khalid,691722,https://i.scdn.co/image/ab67616d00004851988ede5e1276e758b5f9e577,https://open.spotify.com/track/152lZdxL1OR0ZMW6KquMif
135,2018-04-10,136,Up,Te Amo,Piso 21,688668,https://i.scdn.co/image/ab67616d00004851bc80625f6bd474fa01f8bd5e,https://open.spotify.com/track/2RVrdr062uLFxXwIxwdXPH
136,2018-04-10,137,Down,Ahora,J Balvin,688122,https://i.scdn.co/image/ab67616d00004851cfdb7f30980eb9b1ab3356de,https://open.spotify.com/track/54OB85nuxYGfl7qRQXuz7c
137,2018-04-10,138,Up,Chasing Fire,Lauv,677755,https://i.scdn.co/image/ab67616d00004851484795cd955d7423df2ab692,https://open.spotify.com/track/1xy4apMFecGGkgBeaHFZ2M
138,2018-04-10,139,Down,goosebumps,Travis Scott,675388,https://i.scdn.co/image/ab67616d00004851f54b99bf27cda88f4a7403ce,https://open.spotify.com/track/6gBFPUFcJLzWGx4lenP6h2
139,2018-04-10,140,Up,I Wanna Know (feat. Bea Miller),NOTD,673800,https://i.scdn.co/image/ab67616d00004851aba940d3db8ff59443876bc4,https://open.spotify.com/track/18W92Zm1KjLCbUIszOhpkD
140,2018-04-10,141,Up,More Than You Know,Axwell /\ Ingrosso,666139,https://i.scdn.co/image/ab67616d00004851a1944d8afb76a8fd03ed8c0f,https://open.spotify.com/track/71bBFbfn2OBK5QwUJSLS44
141,2018-04-10,142,Down,Se Preparó,Ozuna,660872,https://i.scdn.co/image/ab67616d00004851b0a875d7f1bfe4ec4aaffa48,https://open.spotify.com/track/1m69ELEgE6k5ZWsap40ozt
142,2018-04-10,143,Down,All Falls Down (feat. Juliander),Alan Walker,656569,https://i.scdn.co/image/ab67616d00004851206fdebc66bd04d9913f035d,https://open.spotify.com/track/5yFSF6qQA1rcLsQRnBsZgb
143,2018-04-10,144,Up,No Limit,G-Eazy,650364,https://i.scdn.co/image/ab67616d00004851046527a9c176f7c2916f3530,https://open.spotify.com/track/2DQ1ITjI0YoLFzuADN1ZBW
144,2018-04-10,145,Up,Alien,Sabrina Carpenter,646044,https://i.scdn.co/image/2f07faea800062df1ea53924cc2b9749be8e2a66,https://open.spotify.com/track/0RUTnY2B3s05fZuCHsNaUP
145,2018-04-10,146,Up,Closer,The Chainsmokers,644867,https://i.scdn.co/image/ab67616d00004851495ce6da9aeb159e94eaa453,https://open.spotify.com/track/7BKLCZ1jbUBVqRi2FVlTVw
146,2018-04-10,147,Up,Thinking out Loud,Ed Sheeran,640243,https://i.scdn.co/image/ab67616d00004851d08209944468440145f01524,https://open.spotify.com/track/1Slwb6dOYkBlWal1PGtnNg
147,2018-04-10,148,Up,Plain Jane,A$AP Ferg,639107,https://i.scdn.co/image/ab67616d00004851d79cfa3155b50beb5dbeeb9a,https://open.spotify.com/track/4dVpf9jZjcORqGTLUaeYj9
148,2018-04-10,149,Down,Fuck Love (feat. Trippie Redd),XXXTENTACION,637569,https://i.scdn.co/image/ab67616d00004851203c89bd4391468eea4cc3f5,https://open.spotify.com/track/7AQim7LbvFVZJE3O8TYgf2
149,2018-04-10,150,Up,So Far Away (feat. Jamie Scott & Romy Dya),Martin Garrix,631826,https://i.scdn.co/image/ab67616d000048512bfb97c135445f83927049ca,https://open.spotify.com/track/0OlnLZY4cmQzT6ZGttvWBM
150,2018-04-10,151,Down,Nowadays (feat. Landon Cube),Lil Skies,628962,https://i.scdn.co/image/ab67616d00004851c56dcd1015c1ffb8c56d2988,https://open.spotify.com/track/2u7mxWSeoqTXndK5e08jMp
151,2018-04-10,152,Down,44 More,Logic,625968,https://i.scdn.co/image/048f72adcf19156266fbe080c1d4a782f6affdfd,https://open.spotify.com/track/3e7Y6sfFlIdBMJhX7wpqVO
152,2018-04-10,153,Down,Barking,Ramz,625120,https://i.scdn.co/image/ab67616d0000485137a4c7a7325191433f3c2679,https://open.spotify.com/track/7amMgNDcObIDkIXv4xcvc2
153,2018-04-10,154,Up,Báilame - Remix,Nacho,623538,https://i.scdn.co/image/ab67616d00004851473f54a79eb118bdfa668aa2,https://open.spotify.com/track/3VClLWqNn80Llv0PJOsKgr
154,2018-04-10,155,Flat,Mi Gente,J Balvin,623365,https://i.scdn.co/image/ab67616d00004851996bd1ea86bd3815eedfeef5,https://open.spotify.com/track/2rb5MvYT7ZIxbKW5hfcHx8
155,2018-04-10,156,Up,Photograph,Ed Sheeran,621480,https://i.scdn.co/image/ab67616d00004851d08209944468440145f01524,https://open.spotify.com/track/6fxVffaTuwjgEk5h9QyRjy
156,2018-04-10,157,Up,You Are The Reason,Calum Scott,615385,https://i.scdn.co/image/ab67616d000048512de9d082a9beb8e31cc9ce5a,https://open.spotify.com/track/2VgJDTfkuwlm7WIHnvtRCQ
157,2018-04-10,158,Up,BUTTERFLY EFFECT,Travis Scott,611437,https://i.scdn.co/image/ab67616d00004851b5e9358d0d07114609d9afab,https://open.spotify.com/track/1yxgsra98r3qAtxqiGZPiX
158,2018-04-10,159,Flat,To My Love - Tainy Remix,Bomba Estéreo,610839,https://i.scdn.co/image/ab67616d000048516e10d0e1258943b836560e6c,https://open.spotify.com/track/5LciLoxa1gK70yIUeoHgRx
159,2018-04-10,160,Down,There's Nothing Holdin' Me Back,Shawn Mendes,609539,https://i.scdn.co/image/ab67616d00004851f9cbd0c07513a7232cd6b9a7,https://open.spotify.com/track/79cuOz3SPQTuFrp8WgftAu
160,2018-04-10,161,Down,Red Roses (feat. Landon Cube),Lil Skies,607770,https://i.scdn.co/image/ab67616d00004851c56dcd1015c1ffb8c56d2988,https://open.spotify.com/track/3ZhTT6yjZwpPph5MIJ53XY
161,2018-04-10,162,Down,the remedy for a broken heart (why am I so in love),XXXTENTACION,607294,https://i.scdn.co/image/f0443f8ad743f6052c813c593f1ad0fc161965a2,https://open.spotify.com/track/4UKCKdYiLN6IMA5ZESUTL7
162,2018-04-10,163,Down,Bounce Out With That,YBN Nahmir,604230,https://i.scdn.co/image/ab67616d00004851af41341020c85f2f2279aeb2,https://open.spotify.com/track/5lZsh9Qf7CbHI9Fcc7Zcsq
163,2018-04-10,164,Down,Passionfruit,Drake,602731,https://i.scdn.co/image/6dfd956b9331fa9ea1f47ebb95311951ed72b3db,https://open.spotify.com/track/5mCPDVBb16L4XQwDdbRUpz
164,2018-04-10,165,Down,Symphony (feat. Zara Larsson),Clean Bandit,596386,https://i.scdn.co/image/ab67616d000048515b1130d050c4cd2295999d85,https://open.spotify.com/track/1x5sYLZiu9r5E43kMlt9f8
165,2018-04-10,166,Flat,Quiero Repetir,Ozuna,589365,https://i.scdn.co/image/ab67616d00004851b0a875d7f1bfe4ec4aaffa48,https://open.spotify.com/track/0MIcPSq9n2z5H8TAfEstri
166,2018-04-10,167,Up,Despacito - Remix,Luis Fonsi,586028,https://i.scdn.co/image/ab67616d00004851d8559d0280ffe2a2af6dacdf,https://open.spotify.com/track/5CtI0qwDJkDQGwXD1H1cLb
167,2018-04-10,168,Up,Starboy,The Weeknd,584216,https://i.scdn.co/image/ab67616d000048510c8599cbde51245c128bcea9,https://open.spotify.com/track/5aAx2yezTd8zXrkmtKl66Z
168,2018-04-10,169,Down,LOVE. FEAT. ZACARI.,Kendrick Lamar,584195,https://i.scdn.co/image/ae1f239b41e9604a66eb900834c6887cd2f62ff1,https://open.spotify.com/track/6PGoSes0D9eUDeeAafB2As
169,2018-04-10,170,Up,That's What I Like,Bruno Mars,581745,https://i.scdn.co/image/ab67616d00004851232711f7d66a1e19e89e28c5,https://open.spotify.com/track/0KKkJNfGyhkQ5aFogxQAPU
170,2018-04-10,171,Down,Bad Company (feat. BlocBoy JB),A$AP Rocky,580049,https://i.scdn.co/image/ab67616d00004851f669edbfecf19e5725b7af6c,https://open.spotify.com/track/3ZYwSDF9knZI0RVlKR4PHC
171,2018-04-10,172,Up,Wonderwall - Remastered,Oasis,579693,https://i.scdn.co/image/ab67616d0000485185e5dcc05cc216a10f141480,https://open.spotify.com/track/5qqabIl2vWzo9ApSC317sa
172,2018-04-10,173,Flat,Mr. Brightside,The Killers,577491,https://i.scdn.co/image/7d778100d0160184d61981dc8aa666ee6fec0151,https://open.spotify.com/track/7oK9VyNzrYvRFo7nQEYkWN
173,2018-04-10,174,Up,Stargazing,Kygo,576845,https://i.scdn.co/image/ab67616d00004851a333559091297eda04eba27c,https://open.spotify.com/track/0Zbbxnx4SGGHoIow4PpISP
174,2018-04-10,175,Down,MotorSport,Migos,576633,https://i.scdn.co/image/36f1a1c6bddf8a4c0b9e6c7612a9b25048904344,https://open.spotify.com/track/4wFjTWCunQFKtukqrNijEt
175,2018-04-10,176,Up,Paradise,George Ezra,576549,https://i.scdn.co/image/ab67616d00004851103045cd1c29dd16a469f808,https://open.spotify.com/track/38zwkK6TtTjIW9tpYBfZ3D
176,2018-04-10,177,Down,Déjate Llevar,Juan Magán,569845,https://i.scdn.co/image/ab67616d00004851aa674375a551ed3dee543c34,https://open.spotify.com/track/3xWEI23MLJrD0dpDcDUTW6
177,2018-04-10,178,Up,Hard 2 Face Reality,Poo Bear,567387,https://i.scdn.co/image/ab67616d00004851108c4070e0cff83b55d67370,https://open.spotify.com/track/0sPJELXHyWpFgkxlzvvRFI
178,2018-04-10,179,Up,I'm Yours,Jason Mraz,566176,https://i.scdn.co/image/ab67616d000048513f911caa42c2ef00253efb70,https://open.spotify.com/track/3S0OXQeoh0w6AY8WQVckRW
179,2018-04-10,180,Up,Issues,Julia Michaels,562978,https://i.scdn.co/image/bed97a5c36c8dda6724f89ecfd8c23497cc897f4,https://open.spotify.com/track/7vu0JkJh0ldukEYbTVcqd0
180,2018-04-10,181,Down,Go Flex,Post Malone,562929,https://i.scdn.co/image/23bae95100dcb6ac8f88c19fa2a11c50a998a926,https://open.spotify.com/track/5yuShbu70mtHXY0yLzCQLQ
181,2018-04-10,182,Down,Leave a Light On,Tom Walker,559850,https://i.scdn.co/image/ab67616d00004851bc1a09ac82f9aa9af62f2ca4,https://open.spotify.com/track/6lOWoTqVnAWXchddtTH31W
182,2018-04-10,183,Down,Everybody Dies In Their Nightmares,XXXTENTACION,559325,https://i.scdn.co/image/ab67616d00004851203c89bd4391468eea4cc3f5,https://open.spotify.com/track/3GVkPk8mqxz0itaAriG1L7
183,2018-04-10,184,Down,66,Lil Yachty,552594,https://i.scdn.co/image/2a324fa16f1a4ce82e1b066c3e2a3c3fb414c07b,https://open.spotify.com/track/6tarvNiKnEjYMj1VZhlDqR
184,2018-04-10,185,Down,Mayores,Becky G,550925,https://i.scdn.co/image/ab67616d00004851b5983d639fd953deb3c99848,https://open.spotify.com/track/7JNh1cfm0eXjqFVOzKLyau
185,2018-04-10,186,Flat,Gucci Gang,Lil Pump,550288,https://i.scdn.co/image/ab67616d00004851d52ef190ae5253eb2c3c764c,https://open.spotify.com/track/43ZyHQITOjhciSUUNPVRHc
186,2018-04-10,187,Up,Strip That Down,Liam Payne,547718,https://i.scdn.co/image/ab67616d00004851ec1abb2ba5e210e826161111,https://open.spotify.com/track/6EpRaXYhGOB3fj4V2uDkMJ
187,2018-04-10,188,Up,Pineapple (feat. Gucci Mane & Quavo),Ty Dolla $ign,545734,https://i.scdn.co/image/ab67616d000048511b483365c829dbc607ed3b8d,https://open.spotify.com/track/0TFVOjSvPTjFHkiZZekK5k
188,2018-04-10,189,Up,Africa,TOTO,544363,https://i.scdn.co/image/ab67616d00004851673d6a2831f72e48745ea80d,https://open.spotify.com/track/2374M0fQpWi3dLnB54qaLX
189,2018-04-10,190,Down,Sky Walker (feat. Travis Scott),Miguel,543993,https://i.scdn.co/image/ab67616d000048515e9dff10c31ac14c6c6c920d,https://open.spotify.com/track/5WoaF1B5XIEnWfmb5NZikf
190,2018-04-10,191,Down,The Greatest Show,Hugh Jackman,540595,https://i.scdn.co/image/ab67616d00004851a1a7f0b95a16de24a870ea5e,https://open.spotify.com/track/43ay9lQZ5rfNcOOHhRF2cM
191,2018-04-10,192,Down,El Clavo,Prince Royce,538908,https://i.scdn.co/image/ab67616d00004851747f20b674aaa47ce6b3491a,https://open.spotify.com/track/0LKErfBZ5FbBiLB4OcZRbL
192,2018-04-10,193,Down,Loca Remix,Khea,538499,https://i.scdn.co/image/ab67616d00004851d4a8bad3f223ab95ddea709f,https://open.spotify.com/track/2CRbiMK0W14l71SpDKqKZM
193,2018-04-10,194,Up,"Lose Yourself - From ""8 Mile"" Soundtrack",Eminem,532848,https://i.scdn.co/image/ab67616d00004851a8a32ae2a279b9bf03445738,https://open.spotify.com/track/7w9bgPAmPTtrkt2v16QWvQ
194,2018-04-10,195,Down,Galway Girl,Ed Sheeran,532221,https://i.scdn.co/image/ab67616d00004851ba5db46f4b838ef6027e6f96,https://open.spotify.com/track/0afhq8XCExXpqazXczTSve
195,2018-04-10,196,Flat,Home With You,Madison Beer,530243,https://i.scdn.co/image/ab67616d00004851fb25381648197ceb6f2923bc,https://open.spotify.com/track/11GGSyTB8cS9TgONHBOhEX
196,2018-04-10,197,Up,What About Us,P!nk,525923,https://i.scdn.co/image/ab67616d0000485100164c96548a622d34b39828,https://open.spotify.com/track/0Qh38w01QRXK6KHIv0e3hb
197,2018-04-10,198,Down,Marry Me,Thomas Rhett,525919,https://i.scdn.co/image/2a921a3006fc3c87867a4f8067f085a1ef533ebc,https://open.spotify.com/track/0OWZFobGSIW9GrSlQ9C5pc
198,2018-04-10,199,Down,Suena El Dembow,Joey Montana,524842,https://i.scdn.co/image/ab67616d00004851c8185c654dc0409609c5eb31,https://open.spotify.com/track/5TysCiZtv1HnSWcTcUFusI
199,2018-04-10,200,Down,"I'm the One (feat. Justin Bieber, Quavo, Chance the Rapper & Lil Wayne)",DJ Khaled,524726,https://i.scdn.co/image/ab67616d00004851dcb6a73da1e7f293b875f69c,https://open.spotify.com/track/3DXncPQOG4VBw3QHh3S817
