,Date,Position,Trend,Title,Artist,Streams,Icon_URL,Spotify_URL
0,2018-04-15,1,Flat,Nice For What,Drake,4747134,https://i.scdn.co/image/ab67616d00004851648ee7f5b11d8703447e372f,https://open.spotify.com/track/1cTZMwcBJT0Ka3UJPXOeeN
1,2018-04-15,2,Flat,God's Plan,Drake,4608025,https://i.scdn.co/image/ab67616d000048515e8f046078b784e6f8502008,https://open.spotify.com/track/2XW4DbS6NddZxRPm5rMCeY
2,2018-04-15,3,Up,Psycho (feat. Ty Dolla $ign),Post Malone,3315786,https://i.scdn.co/image/ab67616d00004851918d749b2bdc00e59be23312,https://open.spotify.com/track/65NwOZqoXny4JxqAPlfxRF
3,2018-04-15,4,Up,Call Out My Name,The Weeknd,3281890,https://i.scdn.co/image/ab67616d00004851bb9b84cecfc41da3b8c7d74b,https://open.spotify.com/track/1gm616Plq4ScqNi7TVkZ5N
4,2018-04-15,5,Down,X,Nicky Jam,3278376,https://i.scdn.co/image/ab67616d0000485126ddcc42228a649e5fbe4350,https://open.spotify.com/track/39N9RPD9MRb5WmoLzNzPeA
5,2018-04-15,6,Down,FRIENDS,Marshmello,3276396,https://i.scdn.co/image/ab67616d00004851569f64493ca55cd96fdee412,https://open.spotify.com/track/08bNPGLD8AhKpnnERrAc6G
6,2018-04-15,7,Flat,One Kiss (with Dua Lipa),Calvin Harris,3016430,https://i.scdn.co/image/ab67616d00004851d09f96d82310d4d77c14c108,https://open.spotify.com/track/7ef4DlsgrMEH11cDZd32M6
7,2018-04-15,8,Flat,Freaky Friday (feat. Chris Brown),Lil Dicky,2854657,https://i.scdn.co/image/ab67616d00004851f1115552efd25fa498ec923a,https://open.spotify.com/track/10Igtw8bSDyyFs7KIsKngZ
8,2018-04-15,9,Flat,The Middle,Zedd,2558464,https://i.scdn.co/image/ab67616d00004851247b73f96ede946a7fa0af12,https://open.spotify.com/track/2ARqIya5NAuvFVHSN3bL0m
9,2018-04-15,10,Up,I Like It,Cardi B,2534406,https://i.scdn.co/image/ab67616d00004851a0caffda54afd0a65995bbab,https://open.spotify.com/track/58q2HKrzhC3ozto2nDdN4z
10,2018-04-15,11,Up,Love Lies (with Normani),Khalid,2516401,https://i.scdn.co/image/ab67616d00004851dd7eaf261543814a6d715d67,https://open.spotify.com/track/45Egmo7icyopuzJN0oMEdk
11,2018-04-15,12,Down,IDGAF,Dua Lipa,2491058,https://i.scdn.co/image/ab67616d000048516b915e407b70e121e06fe979,https://open.spotify.com/track/76cy1WJvNGJTj78UqeA5zr
12,2018-04-15,13,Up,SAD!,XXXTENTACION,2393739,https://i.scdn.co/image/f0443f8ad743f6052c813c593f1ad0fc161965a2,https://open.spotify.com/track/3ee8Jmje8o58CHK66QrVC2
13,2018-04-15,14,Down,Look Alive (feat. Drake),BlocBoy JB,2368939,https://i.scdn.co/image/ab67616d0000485155cad990bc1ce5808367fa0e,https://open.spotify.com/track/4qKcDkK6siZ7Jp1Jb4m0aL
14,2018-04-15,15,Flat,These Days,Rudimental,2229924,https://i.scdn.co/image/ab67616d00004851e9f49a29f00d42d7857794a5,https://open.spotify.com/track/5CLGzJsGqhCEECcpnFQA8x
15,2018-04-15,16,Flat,Mine,Bazzi,2199989,https://i.scdn.co/image/ab67616d00004851f9f2d43ff44bdfbe8c556f8d,https://open.spotify.com/track/7uzmGiiJyRfuViKKK3lVmR
16,2018-04-15,17,Up,All The Stars (with SZA),Kendrick Lamar,1978585,https://i.scdn.co/image/28e755c12683e1038efd53a902601e7f7ed4dbc5,https://open.spotify.com/track/3GCdLUSnKSMJhs4Tj6CV3s
17,2018-04-15,18,Down,Dura,Daddy Yankee,1977945,https://i.scdn.co/image/ab67616d00004851407475cb28e657ec856dcbaf,https://open.spotify.com/track/2j2fIJGh4PMdXt9ULI5Tlc
18,2018-04-15,19,Flat,rockstar,Post Malone,1923338,https://i.scdn.co/image/ab67616d0000485147a8619ffffa8ccd20ca194b,https://open.spotify.com/track/2U7Hu2RaNQNRi7izoJyZaX
19,2018-04-15,20,Up,In My Blood,Shawn Mendes,1892634,https://i.scdn.co/image/ab67616d0000485188da297b53e5785d8ae195ab,https://open.spotify.com/track/79jX8RM5CgPqDKdGEKNW9K
20,2018-04-15,21,Down,Plug Walk,Rich The Kid,1862650,https://i.scdn.co/image/ab67616d000048513b6640e727df86d20ddac316,https://open.spotify.com/track/6mAz8D1TmlTuef90dbNIiZ
21,2018-04-15,22,Down,Walk It Talk It,Migos,1853385,https://i.scdn.co/image/36f1a1c6bddf8a4c0b9e6c7612a9b25048904344,https://open.spotify.com/track/6n4U3TlzUGhdSFbUUhTvLP
22,2018-04-15,23,Flat,Nevermind,Dennis Lloyd,1841473,https://i.scdn.co/image/ab67616d000048514dbdd4d3c69bec0d471fc479,https://open.spotify.com/track/63SevszngYpZOwf63o61K4
23,2018-04-15,24,Up,Havana (feat. Young Thug),Camila Cabello,1722428,https://i.scdn.co/image/ab67616d000048516eb0b9e73adcf04e4ed3eca4,https://open.spotify.com/track/1rfofaqEpACxVEHIZBJe6W
24,2018-04-15,25,Down,Me Niego (feat. Ozuna & Wisin),Reik,1710164,https://i.scdn.co/image/ab67616d00004851395857179e6679826a8fa497,https://open.spotify.com/track/6jA8JUuPCGYjFcgw0AoM5T
25,2018-04-15,26,Flat,Meant to Be (feat. Florida Georgia Line),Bebe Rexha,1642805,https://i.scdn.co/image/ab67616d000048511ba5682505dd6e2592b16e41,https://open.spotify.com/track/7iDa6hUg2VgEL1o1HjmfBn
26,2018-04-15,27,Up,Be Careful,Cardi B,1521927,https://i.scdn.co/image/ab67616d00004851a0caffda54afd0a65995bbab,https://open.spotify.com/track/2Yl4OmDby9iitgNWZPwxkd
27,2018-04-15,28,Up,Bella,Wolfine,1456748,https://i.scdn.co/image/ab67616d0000485100f3f20aca8bce07b5e68af8,https://open.spotify.com/track/3xcCix7Jv1Rp90YVmgo35D
28,2018-04-15,29,Down,Like I Do,David Guetta,1449588,https://i.scdn.co/image/ab67616d00004851734eb0ed1bd80aeed903f30b,https://open.spotify.com/track/6RnkFd8Fqqgk1Uni8RgqCQ
29,2018-04-15,30,Up,Remind Me to Forget,Kygo,1420621,https://i.scdn.co/image/ab67616d00004851238d888f4282893ed8f83f2a,https://open.spotify.com/track/6xTU6B6nFwKKTSZ9ySXS80
30,2018-04-15,31,Up,"1, 2, 3 (feat. Jason Derulo & De La Ghetto)",Sofia Reyes,1385044,https://i.scdn.co/image/ab67616d00004851775d1e288c04237d896e8357,https://open.spotify.com/track/4QtiVmuA88tPQiCOHZuQ5b
31,2018-04-15,32,Up,Let Me,ZAYN,1375390,https://i.scdn.co/image/ab67616d00004851adeff3f0456c183a0e88edec,https://open.spotify.com/track/7Fg342AJtNsIDdwCfX0paC
32,2018-04-15,33,Flat,Delicate,Taylor Swift,1357081,https://i.scdn.co/image/c2e6423b9624845f6dd57aef8ce00fa53aedcef7,https://open.spotify.com/track/6NFyWDv5CjfwuzoCkw47Xf
33,2018-04-15,34,Down,Échame La Culpa,Luis Fonsi,1340184,https://i.scdn.co/image/ab67616d000048510ac9a58447dfccc5127248e0,https://open.spotify.com/track/1zsG4eaZmkA1dvjDDsAGLK
34,2018-04-15,35,Flat,New Rules,Dua Lipa,1323492,https://i.scdn.co/image/ab67616d000048516b915e407b70e121e06fe979,https://open.spotify.com/track/2ekn2ttSfGqwhhate0LSR0
35,2018-04-15,36,Up,Shape of You,Ed Sheeran,1309250,https://i.scdn.co/image/ab67616d00004851ba5db46f4b838ef6027e6f96,https://open.spotify.com/track/7qiZfU4dY1lWllzX7mPBI3
36,2018-04-15,37,Down,Déjala que vuelva (feat. Manuel Turizo),Piso 21,1303251,https://i.scdn.co/image/ab67616d000048514ed4c2e64f7bf0977aa70b42,https://open.spotify.com/track/33bnxcjePIkcmNjEFTJX0l
37,2018-04-15,38,Down,Say Something,Justin Timberlake,1299378,https://i.scdn.co/image/ab67616d000048514626ff0fee963da605f6aa06,https://open.spotify.com/track/1LhMopPAallLeaeNutqbgS
38,2018-04-15,39,Down,Mad Love,Sean Paul,1270936,https://i.scdn.co/image/c7a68b10f61696b28fdf8219a92eb634a820400e,https://open.spotify.com/track/3soOPBuMK8YMdWnV7xpEyf
39,2018-04-15,40,Flat,Síguelo Bailando,Ozuna,1269567,https://i.scdn.co/image/ab67616d00004851b0a875d7f1bfe4ec4aaffa48,https://open.spotify.com/track/5Y9fnynLlIvqtM710MHzfz
40,2018-04-15,41,Up,Wasted Times,The Weeknd,1257830,https://i.scdn.co/image/ab67616d00004851f38e946900c89c38a070227b,https://open.spotify.com/track/72TyiiduRmczEbDIEtKQdR
41,2018-04-15,42,Down,JAPAN,Famous Dex,1257511,https://i.scdn.co/image/ab67616d0000485124ef7429ba82789623ae8b14,https://open.spotify.com/track/5PTG6rrL6EPFD9E2QMI2pl
42,2018-04-15,43,Up,Perfect,Ed Sheeran,1240322,https://i.scdn.co/image/ab67616d00004851ba5db46f4b838ef6027e6f96,https://open.spotify.com/track/0tgVpDi06FyKpA1z0VMD4v
43,2018-04-15,44,Down,Ric Flair Drip (& Metro Boomin),Offset,1224903,https://i.scdn.co/image/ab67616d000048510f206fe737d46f2f2d826d83,https://open.spotify.com/track/7sO5G9EABYOXQKNPNiE9NR
44,2018-04-15,45,Down,Never Be the Same,Camila Cabello,1218916,https://i.scdn.co/image/ab67616d000048516eb0b9e73adcf04e4ed3eca4,https://open.spotify.com/track/4eWQlBRaTjPPUlzacqEeoQ
45,2018-04-15,46,Up,I Fall Apart,Post Malone,1196280,https://i.scdn.co/image/23bae95100dcb6ac8f88c19fa2a11c50a998a926,https://open.spotify.com/track/75ZvA4QfFiZvzhj2xkaWAh
46,2018-04-15,47,Up,Moonlight,XXXTENTACION,1183204,https://i.scdn.co/image/f0443f8ad743f6052c813c593f1ad0fc161965a2,https://open.spotify.com/track/0JP9xo3adEtGSdUEISiszL
47,2018-04-15,48,Down,El Préstamo,Maluma,1134942,https://i.scdn.co/image/ab67616d00004851530b91ed48d536028e8ac26f,https://open.spotify.com/track/0QS5rZpm5zN9wV9lJgjyUE
48,2018-04-15,49,Up,Flames,David Guetta,1122688,https://i.scdn.co/image/ab67616d00004851d0e5bf44bdbe8a824e921eae,https://open.spotify.com/track/33IOhptvC2Qoy2UhjiHXLV
49,2018-04-15,50,Down,Barbie Tingz,Nicki Minaj,1101186,https://i.scdn.co/image/9731a0bc51d2d345990ba1f3281ee8509f872088,https://open.spotify.com/track/2qsQ8eVDPmobZpvDxQCVQu
50,2018-04-15,51,Flat,Wolves,Selena Gomez,1073610,https://i.scdn.co/image/ab67616d0000485110368f28dac3b838770f985c,https://open.spotify.com/track/7EmGUiUaOSGDnUUQUDrOXC
51,2018-04-15,52,Up,Powerglide (feat. Juicy J),Rae Sremmurd,1050542,https://i.scdn.co/image/ab67616d00004851685f3c0308abbb32799800b2,https://open.spotify.com/track/2yUbCEiaolfSMluDo9RMmG
52,2018-04-15,53,Up,Amorfoda,Bad Bunny,1031005,https://i.scdn.co/image/ab67616d00004851ffde74831eadc3cdccc02188,https://open.spotify.com/track/3ITvHA9zhZZdBJsOsAUegF
53,2018-04-15,54,Flat,Criminal,Natti Natasha,1029008,https://i.scdn.co/image/ab67616d000048515f3f4af0d3e662247a7d8cff,https://open.spotify.com/track/6Za3190Sbw39BBC77WSS1C
54,2018-04-15,55,Up,River (feat. Ed Sheeran),Eminem,1025531,https://i.scdn.co/image/ab67616d00004851255191ed87a907d362b43f19,https://open.spotify.com/track/5UEnHoDYpsxlfzWLZIc7LD
55,2018-04-15,56,Down,Pray For Me (with Kendrick Lamar),The Weeknd,1022064,https://i.scdn.co/image/ab67616d000048518ac2a58fbcab6a775e790b15,https://open.spotify.com/track/4ofvoCdXq99vpMZO4Cfp8x
56,2018-04-15,57,Up,Esskeetit,Lil Pump,996730,https://i.scdn.co/image/ab67616d00004851ba96802a5cc38a5be31892c3,https://open.spotify.com/track/44KKhCyI0BGS6LvVyDqJtH
57,2018-04-15,58,Up,Try Me,The Weeknd,991852,https://i.scdn.co/image/ab67616d00004851bb9b84cecfc41da3b8c7d74b,https://open.spotify.com/track/2poOAWEj1CStqTVPgIHZ8s
58,2018-04-15,59,Down,Feel It Still,Portugal. The Man,988404,https://i.scdn.co/image/ab67616d00004851af52c228c9619ff6298b08cd,https://open.spotify.com/track/6QgjcU0zLnzq5OrUoSZ3OK
59,2018-04-15,60,Down,Downtown,Anitta,977843,https://i.scdn.co/image/ab67616d000048518c6b830c36c7b4ac43c3cee8,https://open.spotify.com/track/3Ga6eKrUFf12ouh9Yw3v2D
60,2018-04-15,61,Down,Stir Fry,Migos,974985,https://i.scdn.co/image/36f1a1c6bddf8a4c0b9e6c7612a9b25048904344,https://open.spotify.com/track/2UVbBKQOdFAekPTRsnkzcf
61,2018-04-15,62,Down,Corazón,Maluma,973163,https://i.scdn.co/image/ab67616d000048516876ec811b26ba2094565b34,https://open.spotify.com/track/4lESS6vuruP6a79KWRaQou
62,2018-04-15,63,Up,1950,King Princess,967392,https://i.scdn.co/image/ab67616d00004851580625d3d07c5b16238c2e69,https://open.spotify.com/track/0CZ8lquoTX2Dkg7Ak2inwA
63,2018-04-15,64,Down,Everyday,Logic,960650,https://i.scdn.co/image/048f72adcf19156266fbe080c1d4a782f6affdfd,https://open.spotify.com/track/4EAV2cKiqKP5UPZmY6dejk
64,2018-04-15,65,Down,Thunder,Imagine Dragons,954037,https://i.scdn.co/image/ab67616d00004851ee138477bb382419f3f165c5,https://open.spotify.com/track/26gceVsA1ybT8qsX3aYLEn
65,2018-04-15,66,Down,Finesse - Remix; feat. Cardi B,Bruno Mars,944875,https://i.scdn.co/image/ab67616d0000485147e522adf030a78615cdea06,https://open.spotify.com/track/3Vo4wInECJQuz9BIBMOu8i
66,2018-04-15,67,Flat,Lemon - Drake Remix,N.E.R.D,907492,https://i.scdn.co/image/ab67616d00004851e9dc25b00ec96141e0090d9f,https://open.spotify.com/track/739vCwA3EpBSkk3uDsI2wB
67,2018-04-15,68,Up,XO Tour Llif3,Lil Uzi Vert,900681,https://i.scdn.co/image/ab67616d0000485141b41e6f7924e530a9b00f9c,https://open.spotify.com/track/7GX5flRQZVHRAGd6B4TmDO
68,2018-04-15,69,Down,Dembow,Danny Ocean,899652,https://i.scdn.co/image/ab67616d00004851418acc3f747c7a42f91c72c6,https://open.spotify.com/track/2EzRdhuoPyNJDlep7lnNf2
69,2018-04-15,70,Up,Playinwitme (feat. Kehlani),KYLE,899250,https://i.scdn.co/image/ab67616d00004851fa7b2b60e85950ee93dcdc04,https://open.spotify.com/track/43cFjTTCD9Cni4aSL0sORz
70,2018-04-15,71,Down,Bodak Yellow,Cardi B,887878,https://i.scdn.co/image/ab67616d00004851a0caffda54afd0a65995bbab,https://open.spotify.com/track/6KBYefIoo7KydImq1uUQlL
71,2018-04-15,72,Up,Believer,Imagine Dragons,886589,https://i.scdn.co/image/ab67616d00004851ee138477bb382419f3f165c5,https://open.spotify.com/track/7Izh7zLJGw1Nscd62Exxj4
72,2018-04-15,73,Up,Let You Down,NF,884257,https://i.scdn.co/image/ab67616d0000485139e85b6ae069d1e25bbc89df,https://open.spotify.com/track/6mrKP2jyIQmM0rw6fQryjr
73,2018-04-15,74,Up,Too Good At Goodbyes,Sam Smith,881300,https://i.scdn.co/image/eb645ad7342e0f34817e16d9d4061c3b5e374d4c,https://open.spotify.com/track/1mXVgsBdtIVeCLJnSnmtdV
74,2018-04-15,75,Flat,"King's Dead (with Kendrick Lamar, Future & James Blake)",Jay Rock,880753,https://i.scdn.co/image/ab67616d00004851c3de572921cabde540d4880a,https://open.spotify.com/track/51rXHuKN8Loc4sUlKPODgH
75,2018-04-15,76,Down,Bartier Cardi (feat. 21 Savage),Cardi B,864339,https://i.scdn.co/image/ab67616d00004851a0caffda54afd0a65995bbab,https://open.spotify.com/track/0dIoGTQXDh1wVnhIiSyYEa
76,2018-04-15,77,Down,Chun-Li,Nicki Minaj,861250,https://i.scdn.co/image/ab67616d00004851a942539d8ac2bcf84f82d94d,https://open.spotify.com/track/2gTYVoQCUh0QNUaFix01ld
77,2018-04-15,78,Up,"Let Me Go (with Alesso, Florida Georgia Line & watt)",Hailee Steinfeld,855086,https://i.scdn.co/image/ab67616d00004851dbdc892395413def043e0655,https://open.spotify.com/track/5AEtlRudpgdT5FtNiuly6Y
78,2018-04-15,79,Down,Sensualidad,Bad Bunny,852540,https://i.scdn.co/image/ab67616d00004851c0ca1263b2966ddff794d3bb,https://open.spotify.com/track/5hcisvFMidkMJlElTO9Qmw
79,2018-04-15,80,Down,La player (Bandolera),Zion & Lennox,851410,https://i.scdn.co/image/ab67616d00004851300e1b3b6b6904d84e76bb14,https://open.spotify.com/track/0VKkyBKCXyR99navhVRqcP
80,2018-04-15,81,Up,Congratulations,Post Malone,844085,https://i.scdn.co/image/23bae95100dcb6ac8f88c19fa2a11c50a998a926,https://open.spotify.com/track/3a1lNhkSLSkpJE4MSHpDu9
81,2018-04-15,82,Down,Drip (feat. Migos),Cardi B,843622,https://i.scdn.co/image/ab67616d00004851a0caffda54afd0a65995bbab,https://open.spotify.com/track/2qcG0nZ6S3zZV0UrkY5nFo
82,2018-04-15,83,Down,EL BAÑO,Enrique Iglesias,841664,https://i.scdn.co/image/ab67616d000048517a201c3a7e4677711df31e57,https://open.spotify.com/track/2vvdTrdryjsl8DmPIMDWZU
83,2018-04-15,84,Up,Lost In Japan,Shawn Mendes,838236,https://i.scdn.co/image/ab67616d0000485103312590ee9819db3f2d094d,https://open.spotify.com/track/7wvYmO5QscgIDDT0eNwbYX
84,2018-04-15,85,Down,Sick Boy,The Chainsmokers,837326,https://i.scdn.co/image/ab67616d00004851f1884e2d22a1e03488ffc7d3,https://open.spotify.com/track/2JfXj2TERIkHwJpnG9f8uX
85,2018-04-15,86,Up,Silence,Marshmello,823430,https://i.scdn.co/image/ab67616d00004851f33ba583059dc2f7d08bf2b8,https://open.spotify.com/track/7vGuf3Y35N4wmASOKLUVVU
86,2018-04-15,87,Down,I Do (feat. SZA),Cardi B,820153,https://i.scdn.co/image/ab67616d00004851a0caffda54afd0a65995bbab,https://open.spotify.com/track/1f5PNhkNgUpvDEeZfcIlO1
87,2018-04-15,88,Up,Jocelyn Flores,XXXTENTACION,810650,https://i.scdn.co/image/ab67616d00004851203c89bd4391468eea4cc3f5,https://open.spotify.com/track/7m9OqQk4RVRkw9JJdeAw96
88,2018-04-15,89,Up,Te Boté - Remix,Nio Garcia,793032,https://i.scdn.co/image/ab67616d00004851a5779a2f04a513fac2fd1d15,https://open.spotify.com/track/3V8UKqhEK5zBkBb6d6ub8i
89,2018-04-15,90,Flat,Te Amo,Piso 21,788972,https://i.scdn.co/image/ab67616d00004851bc80625f6bd474fa01f8bd5e,https://open.spotify.com/track/2RVrdr062uLFxXwIxwdXPH
90,2018-04-15,91,Down,Breathe,Jax Jones,787945,https://i.scdn.co/image/ab67616d00004851242e97b0767265f5c3cf0277,https://open.spotify.com/track/6tvQzeCPwOytDlBYCIOY0n
91,2018-04-15,92,Down,Bum Bum Tam Tam,MC Fioti,784419,https://i.scdn.co/image/ab67616d00004851f45f041104bda8b5737ded73,https://open.spotify.com/track/4zWO4gvuFtw6EJZC5FFGlr
92,2018-04-15,93,Up,changes,XXXTENTACION,773601,https://i.scdn.co/image/f0443f8ad743f6052c813c593f1ad0fc161965a2,https://open.spotify.com/track/7AFASza1mXqntmGtbxXprO
93,2018-04-15,94,Up,Rewrite The Stars,Zac Efron,764443,https://i.scdn.co/image/ab67616d00004851d44e723b677380dfbc899bcd,https://open.spotify.com/track/630sXRhIcfwr2e4RdNtjKN
94,2018-04-15,95,Flat,I Miss You (feat. Julia Michaels),Clean Bandit,759667,https://i.scdn.co/image/ab67616d000048518341ce7a7a1f4ab4182823d5,https://open.spotify.com/track/2xmrfQpmS2iJExTlklLoAL
95,2018-04-15,96,Down,HUMBLE.,Kendrick Lamar,754549,https://i.scdn.co/image/ae1f239b41e9604a66eb900834c6887cd2f62ff1,https://open.spotify.com/track/7KXjTSCq5nL1LoYtL7XAwS
96,2018-04-15,97,Up,Young Dumb & Broke,Khalid,749316,https://i.scdn.co/image/ab67616d00004851988ede5e1276e758b5f9e577,https://open.spotify.com/track/5Z3GHaZ6ec9bsiI5BenrbY
97,2018-04-15,98,Up,I Wanna Know (feat. Bea Miller),NOTD,743563,https://i.scdn.co/image/ab67616d00004851aba940d3db8ff59443876bc4,https://open.spotify.com/track/18W92Zm1KjLCbUIszOhpkD
98,2018-04-15,99,Down,Solita,Ozuna,740659,https://i.scdn.co/image/ab67616d00004851bc739e4f39cb4d5c253fcb64,https://open.spotify.com/track/7rwX0O3RlxqqIjQM8evm5E
99,2018-04-15,100,Down,Him & I (with Halsey),G-Eazy,738419,https://i.scdn.co/image/ab67616d00004851046527a9c176f7c2916f3530,https://open.spotify.com/track/5k38wzpLb15YgncyWdTZE4
100,2018-04-15,101,Up,This Is Me,Keala Settle,736975,https://i.scdn.co/image/ab67616d00004851b33c769adce9e164764a7ca0,https://open.spotify.com/track/2xGjteMU3E1tkEPVFBO08U
101,2018-04-15,102,Down,El Farsante - Remix,Ozuna,736384,https://i.scdn.co/image/ab67616d000048519730f9b901c4ca652c0fd21b,https://open.spotify.com/track/7uYgVgRSgqluZclLS7wpp4
102,2018-04-15,103,Up,Perfect Duet (Ed Sheeran & Beyoncé),Ed Sheeran,728140,https://i.scdn.co/image/ab67616d00004851af6b2fca3b6e24612a5fe5d8,https://open.spotify.com/track/1bhUWB0zJMIKr9yVPrkEuI
103,2018-04-15,104,Down,Ahora,J Balvin,727995,https://i.scdn.co/image/ab67616d00004851cfdb7f30980eb9b1ab3356de,https://open.spotify.com/track/54OB85nuxYGfl7qRQXuz7c
104,2018-04-15,105,Down,PICK IT UP (feat. A$AP Rocky),Famous Dex,723195,https://i.scdn.co/image/ab67616d0000485124ef7429ba82789623ae8b14,https://open.spotify.com/track/0dSIrRkA4PadGll16TgbnV
105,2018-04-15,106,Down,For You (Fifty Shades Freed) (& Rita Ora),Liam Payne,710742,https://i.scdn.co/image/ab67616d00004851ddc8bbc60fa930446a2b5718,https://open.spotify.com/track/5hM6sP0Gh1jD57drszNueC
106,2018-04-15,107,Down,What Lovers Do (feat. SZA),Maroon 5,708699,https://i.scdn.co/image/ab67616d000048519ccf08d3f74b36b7880522b5,https://open.spotify.com/track/3hBBKuWJfxlIlnd9QFoC8k
107,2018-04-15,108,Up,Capital Letters,Hailee Steinfeld,704320,https://i.scdn.co/image/ab67616d00004851f6630162a999e1cf78afbbae,https://open.spotify.com/track/3towKHKVOXCCcL1fHv6xFO
108,2018-04-15,109,Down,Unforgettable,French Montana,701120,https://i.scdn.co/image/ab67616d000048518a31195a371b2233456f6c07,https://open.spotify.com/track/3B54sVLJ402zGa6Xm4YGNe
109,2018-04-15,110,Up,Beautiful,Bazzi,698719,https://i.scdn.co/image/ab67616d00004851f9f2d43ff44bdfbe8c556f8d,https://open.spotify.com/track/5TVirkSwFEXF1nLJEebe2I
110,2018-04-15,111,Up,Candy Paint,Post Malone,695651,https://i.scdn.co/image/ab67616d00004851bf95d2beddffbdb488310f67,https://open.spotify.com/track/42CeaId2XNlxugDvyqHfDf
111,2018-04-15,112,Up,Say You Won't Let Go,James Arthur,693574,https://i.scdn.co/image/ab67616d0000485120beb61f61fcbeb33b10a9ab,https://open.spotify.com/track/5uCax9HTNlzGybIStD3vDh
112,2018-04-15,113,Down,Esperándote,Manuel Turizo,686277,https://i.scdn.co/image/ab67616d00004851fa2960f06e1f2ed9cedb6d12,https://open.spotify.com/track/1nfyE13arjOuO54HH0zmqj
113,2018-04-15,114,Down,Me Rehúso,Danny Ocean,682991,https://i.scdn.co/image/ab67616d00004851a75bd33684083600569dd3bf,https://open.spotify.com/track/6De0lHrwBfPfrhorm9q1Xl
114,2018-04-15,115,Down,Dusk Till Dawn - Radio Edit,ZAYN,682078,https://i.scdn.co/image/ab67616d0000485123852b7ef0ecfe29d38d97ee,https://open.spotify.com/track/1j4kHkkpqZRBwE0A4CN4Yv
115,2018-04-15,116,Down,One Dance,Drake,679059,https://i.scdn.co/image/ab67616d00004851726abca207567d5e41cb9667,https://open.spotify.com/track/1xznGGDReH1oQq0xzbwXa3
116,2018-04-15,117,Up,1-800-273-8255,Logic,659680,https://i.scdn.co/image/08f9ccb7875a87c07c79c1ccd5319263786c55ea,https://open.spotify.com/track/5tz69p7tJuGPeMGwNTxYuV
117,2018-04-15,118,Up,Everybody Hates Me,The Chainsmokers,658537,https://i.scdn.co/image/ab67616d00004851f1884e2d22a1e03488ffc7d3,https://open.spotify.com/track/3pIigjAWkzwAonXpJ1fmSF
118,2018-04-15,119,Up,Hurt You,The Weeknd,648541,https://i.scdn.co/image/ab67616d00004851f38e946900c89c38a070227b,https://open.spotify.com/track/13wNEvWmBsWaWVtiLPRIW5
119,2018-04-15,120,Up,Something Just Like This,The Chainsmokers,647051,https://i.scdn.co/image/ab67616d000048510c13d3d5a503c84fcc60ae94,https://open.spotify.com/track/6RUKPb4LETWmmr3iAEQktW
120,2018-04-15,121,Up,Chasing Fire,Lauv,646000,https://i.scdn.co/image/ab67616d00004851484795cd955d7423df2ab692,https://open.spotify.com/track/1xy4apMFecGGkgBeaHFZ2M
121,2018-04-15,122,Down,A$AP Forever,A$AP Rocky,644039,https://i.scdn.co/image/ab67616d000048519ef69f2cf1038634bd541509,https://open.spotify.com/track/1YmF9PvLhIISIANoMLIYGq
122,2018-04-15,123,Down,Machika,J Balvin,643295,https://i.scdn.co/image/ab67616d000048515b72e385b8296a8600016edd,https://open.spotify.com/track/6MNGxu8MprKGkchUchkJsy
123,2018-04-15,124,Up,Bank Account,21 Savage,641054,https://i.scdn.co/image/ab67616d00004851ac3c0aecec76cd7b5a54795e,https://open.spotify.com/track/2fQrGHiQOvpL9UgPvtYy6G
124,2018-04-15,125,Up,Location,Khalid,634593,https://i.scdn.co/image/ab67616d00004851988ede5e1276e758b5f9e577,https://open.spotify.com/track/152lZdxL1OR0ZMW6KquMif
125,2018-04-15,126,Down,Se Preparó,Ozuna,629357,https://i.scdn.co/image/ab67616d00004851b0a875d7f1bfe4ec4aaffa48,https://open.spotify.com/track/1m69ELEgE6k5ZWsap40ozt
126,2018-04-15,127,Up,Whatever It Takes,Imagine Dragons,628349,https://i.scdn.co/image/ab67616d00004851ee138477bb382419f3f165c5,https://open.spotify.com/track/7F3uo3304R2CTvOseU3H7u
127,2018-04-15,128,Down,1942,G-Eazy,622074,https://i.scdn.co/image/ab67616d000048517868acf99b7887149bb1ec6f,https://open.spotify.com/track/794QVQtFNy7hvtjQP1keQd
128,2018-04-15,129,Up,To My Love - Tainy Remix,Bomba Estéreo,620918,https://i.scdn.co/image/ab67616d000048516e10d0e1258943b836560e6c,https://open.spotify.com/track/5LciLoxa1gK70yIUeoHgRx
129,2018-04-15,130,Up,Attention,Charlie Puth,620732,https://i.scdn.co/image/ab67616d00004851db21a273452f0637cdbc35aa,https://open.spotify.com/track/4iLqG9SeJSnt0cSPICSjxv
130,2018-04-15,131,Up,I Like Me Better,Lauv,620466,https://i.scdn.co/image/ab67616d00004851fab48816b625e2a77a732400,https://open.spotify.com/track/1wjzFQodRWrPcQ0AnYnvQ9
131,2018-04-15,132,Up,Heaven,Julia Michaels,619959,https://i.scdn.co/image/ab67616d000048518dfd94df32e91d9f384df1fb,https://open.spotify.com/track/4QfNOZN7vrQCQKK1ZJ3XPb
132,2018-04-15,133,Down,New Freezer (feat. Kendrick Lamar),Rich The Kid,615777,https://i.scdn.co/image/ab67616d000048513b6640e727df86d20ddac316,https://open.spotify.com/track/0eHCArTPhwUxatY7cEXRiK
133,2018-04-15,134,Down,Ring (feat. Kehlani),Cardi B,613031,https://i.scdn.co/image/ab67616d00004851a0caffda54afd0a65995bbab,https://open.spotify.com/track/5DfWF0jqMgZDCiu9zJENTA
134,2018-04-15,135,Down,Guatemala (feat. Slim Jxmmi) - From Swaecation,Rae Sremmurd,609956,https://i.scdn.co/image/ab67616d00004851334cd2672eafac6bc1ce2eb9,https://open.spotify.com/track/6sTDhYVVXU3HSDuG7mBLRU
135,2018-04-15,136,Up,Closer,The Chainsmokers,605038,https://i.scdn.co/image/ab67616d00004851495ce6da9aeb159e94eaa453,https://open.spotify.com/track/7BKLCZ1jbUBVqRi2FVlTVw
136,2018-04-15,137,Up,I Was Never There,The Weeknd,604942,https://i.scdn.co/image/ab67616d00004851bb9b84cecfc41da3b8c7d74b,https://open.spotify.com/track/56d6kYZhfhzpoC3s1dRU2V
137,2018-04-15,138,Up,All Falls Down (feat. Juliander),Alan Walker,602391,https://i.scdn.co/image/ab67616d00004851206fdebc66bd04d9913f035d,https://open.spotify.com/track/5yFSF6qQA1rcLsQRnBsZgb
138,2018-04-15,139,Down,Mi Gente,J Balvin,600188,https://i.scdn.co/image/ab67616d00004851996bd1ea86bd3815eedfeef5,https://open.spotify.com/track/2rb5MvYT7ZIxbKW5hfcHx8
139,2018-04-15,140,Down,Báilame - Remix,Nacho,596004,https://i.scdn.co/image/ab67616d00004851473f54a79eb118bdfa668aa2,https://open.spotify.com/track/3VClLWqNn80Llv0PJOsKgr
140,2018-04-15,141,Down,Despacito - Remix,Luis Fonsi,594601,https://i.scdn.co/image/ab67616d00004851d8559d0280ffe2a2af6dacdf,https://open.spotify.com/track/5CtI0qwDJkDQGwXD1H1cLb
141,2018-04-15,142,Up,goosebumps,Travis Scott,590904,https://i.scdn.co/image/ab67616d00004851f54b99bf27cda88f4a7403ce,https://open.spotify.com/track/6gBFPUFcJLzWGx4lenP6h2
142,2018-04-15,143,Down,Bickenhead,Cardi B,590356,https://i.scdn.co/image/ab67616d00004851a0caffda54afd0a65995bbab,https://open.spotify.com/track/17Yq72h0p15OhCbZ5lJ5gd
143,2018-04-15,144,Down,Anywhere,Rita Ora,589382,https://i.scdn.co/image/ab67616d000048517a642f7a662f4c94683ac038,https://open.spotify.com/track/7EI6Iki24tBHAMxtb4xQN2
144,2018-04-15,145,Down,Tip Toe (feat. French Montana),Jason Derulo,587706,https://i.scdn.co/image/ab67616d000048511ba06755018b46f2a6a2a7ff,https://open.spotify.com/track/2z4pcBLQXF2BXKFvd0BuB6
145,2018-04-15,146,Up,Betrayed,Lil Xan,587437,https://i.scdn.co/image/b1b4ff855ea6766f8271cf8a27c8f00586380964,https://open.spotify.com/track/4vaxvNDaLSoD36iZX515ug
146,2018-04-15,147,Flat,Sorry Not Sorry,Demi Lovato,582177,https://i.scdn.co/image/ab67616d00004851ec9c72308e30e7aa1d22b37d,https://open.spotify.com/track/3m660poUr1chesgkkjQM7P
147,2018-04-15,148,Up,How Long,Charlie Puth,580338,https://i.scdn.co/image/ab67616d00004851872353e715cccea67fe3de91,https://open.spotify.com/track/32DGGj6KlNuBr6WaqRxpxi
148,2018-04-15,149,Down,More Than You Know,Axwell /\ Ingrosso,580061,https://i.scdn.co/image/ab67616d00004851a1944d8afb76a8fd03ed8c0f,https://open.spotify.com/track/71bBFbfn2OBK5QwUJSLS44
149,2018-04-15,150,Up,Fuck Love (feat. Trippie Redd),XXXTENTACION,578451,https://i.scdn.co/image/ab67616d00004851203c89bd4391468eea4cc3f5,https://open.spotify.com/track/7AQim7LbvFVZJE3O8TYgf2
150,2018-04-15,151,Up,You Are The Reason,Calum Scott,574513,https://i.scdn.co/image/ab67616d000048512de9d082a9beb8e31cc9ce5a,https://open.spotify.com/track/2VgJDTfkuwlm7WIHnvtRCQ
151,2018-04-15,152,Down,Quiero Repetir,Ozuna,568551,https://i.scdn.co/image/ab67616d00004851b0a875d7f1bfe4ec4aaffa48,https://open.spotify.com/track/0MIcPSq9n2z5H8TAfEstri
152,2018-04-15,153,Up,Alien,Sabrina Carpenter,562083,https://i.scdn.co/image/2f07faea800062df1ea53924cc2b9749be8e2a66,https://open.spotify.com/track/0RUTnY2B3s05fZuCHsNaUP
153,2018-04-15,154,Down,Best Life (feat. Chance The Rapper),Cardi B,561036,https://i.scdn.co/image/ab67616d00004851a0caffda54afd0a65995bbab,https://open.spotify.com/track/00B7TZ0Xawar6NZ00JFomN
154,2018-04-15,155,Down,Paradise,George Ezra,559649,https://i.scdn.co/image/ab67616d00004851103045cd1c29dd16a469f808,https://open.spotify.com/track/38zwkK6TtTjIW9tpYBfZ3D
155,2018-04-15,156,Up,Privilege,The Weeknd,559282,https://i.scdn.co/image/ab67616d00004851f38e946900c89c38a070227b,https://open.spotify.com/track/26Fqtv4Aa7kyd1WWGHai6A
156,2018-04-15,157,Up,Thinking out Loud,Ed Sheeran,558925,https://i.scdn.co/image/ab67616d00004851d08209944468440145f01524,https://open.spotify.com/track/1Slwb6dOYkBlWal1PGtnNg
157,2018-04-15,158,Down,Barking,Ramz,553985,https://i.scdn.co/image/ab67616d0000485137a4c7a7325191433f3c2679,https://open.spotify.com/track/7amMgNDcObIDkIXv4xcvc2
158,2018-04-15,159,Down,Gucci Gang,Lil Pump,552016,https://i.scdn.co/image/ab67616d00004851d52ef190ae5253eb2c3c764c,https://open.spotify.com/track/43ZyHQITOjhciSUUNPVRHc
159,2018-04-15,160,Up,Red Roses (feat. Landon Cube),Lil Skies,550206,https://i.scdn.co/image/ab67616d00004851c56dcd1015c1ffb8c56d2988,https://open.spotify.com/track/3ZhTT6yjZwpPph5MIJ53XY
160,2018-04-15,161,Down,No Limit,G-Eazy,548914,https://i.scdn.co/image/ab67616d00004851046527a9c176f7c2916f3530,https://open.spotify.com/track/2DQ1ITjI0YoLFzuADN1ZBW
161,2018-04-15,162,Up,Photograph,Ed Sheeran,545505,https://i.scdn.co/image/ab67616d00004851d08209944468440145f01524,https://open.spotify.com/track/6fxVffaTuwjgEk5h9QyRjy
162,2018-04-15,163,Up,Passionfruit,Drake,541499,https://i.scdn.co/image/6dfd956b9331fa9ea1f47ebb95311951ed72b3db,https://open.spotify.com/track/5mCPDVBb16L4XQwDdbRUpz
163,2018-04-15,164,Up,Nowadays (feat. Landon Cube),Lil Skies,541129,https://i.scdn.co/image/ab67616d00004851c56dcd1015c1ffb8c56d2988,https://open.spotify.com/track/2u7mxWSeoqTXndK5e08jMp
164,2018-04-15,165,Down,There's Nothing Holdin' Me Back,Shawn Mendes,540625,https://i.scdn.co/image/ab67616d00004851f9cbd0c07513a7232cd6b9a7,https://open.spotify.com/track/79cuOz3SPQTuFrp8WgftAu
165,2018-04-15,166,Down,MotorSport,Migos,539964,https://i.scdn.co/image/36f1a1c6bddf8a4c0b9e6c7612a9b25048904344,https://open.spotify.com/track/4wFjTWCunQFKtukqrNijEt
166,2018-04-15,167,Down,Symphony (feat. Zara Larsson),Clean Bandit,536669,https://i.scdn.co/image/ab67616d000048515b1130d050c4cd2295999d85,https://open.spotify.com/track/1x5sYLZiu9r5E43kMlt9f8
167,2018-04-15,168,Up,Starboy,The Weeknd,532529,https://i.scdn.co/image/ab67616d000048510c8599cbde51245c128bcea9,https://open.spotify.com/track/5aAx2yezTd8zXrkmtKl66Z
168,2018-04-15,169,Down,Africa,TOTO,532218,https://i.scdn.co/image/ab67616d00004851673d6a2831f72e48745ea80d,https://open.spotify.com/track/2374M0fQpWi3dLnB54qaLX
169,2018-04-15,170,Down,That's What I Like,Bruno Mars,527987,https://i.scdn.co/image/ab67616d00004851232711f7d66a1e19e89e28c5,https://open.spotify.com/track/0KKkJNfGyhkQ5aFogxQAPU
170,2018-04-15,171,Down,Wonderwall - Remastered,Oasis,526260,https://i.scdn.co/image/ab67616d0000485185e5dcc05cc216a10f141480,https://open.spotify.com/track/5qqabIl2vWzo9ApSC317sa
171,2018-04-15,172,Down,Plain Jane,A$AP Ferg,524115,https://i.scdn.co/image/ab67616d00004851d79cfa3155b50beb5dbeeb9a,https://open.spotify.com/track/4dVpf9jZjcORqGTLUaeYj9
172,2018-04-15,173,Down,BUTTERFLY EFFECT,Travis Scott,521955,https://i.scdn.co/image/ab67616d00004851b5e9358d0d07114609d9afab,https://open.spotify.com/track/1yxgsra98r3qAtxqiGZPiX
173,2018-04-15,174,Down,El Clavo,Prince Royce,516963,https://i.scdn.co/image/ab67616d00004851747f20b674aaa47ce6b3491a,https://open.spotify.com/track/0LKErfBZ5FbBiLB4OcZRbL
174,2018-04-15,175,Up,So Far Away (feat. Jamie Scott & Romy Dya),Martin Garrix,515081,https://i.scdn.co/image/ab67616d000048512bfb97c135445f83927049ca,https://open.spotify.com/track/0OlnLZY4cmQzT6ZGttvWBM
175,2018-04-15,176,Down,Pineapple,KAROL G,512633,https://i.scdn.co/image/ab67616d00004851f6d18b27e61e28dc4ecc3c00,https://open.spotify.com/track/24snQ8Ew7aIKYCt0ulXHvx
176,2018-04-15,177,New,Madura (feat. Bad Bunny),Cosculluela,511634,https://i.scdn.co/image/ab67616d000048518224652a5fd5d3c207e41e11,https://open.spotify.com/track/0r9d60ZYPAlFHq8qnUtkXN
177,2018-04-15,178,Up,Home With You,Madison Beer,510780,https://i.scdn.co/image/ab67616d00004851fb25381648197ceb6f2923bc,https://open.spotify.com/track/11GGSyTB8cS9TgONHBOhEX
178,2018-04-15,179,Up,Leave a Light On,Tom Walker,508587,https://i.scdn.co/image/ab67616d00004851bc1a09ac82f9aa9af62f2ca4,https://open.spotify.com/track/6lOWoTqVnAWXchddtTH31W
179,2018-04-15,180,Down,Largado As Traças - Acústico,Zé Neto & Cristiano,508011,https://i.scdn.co/image/ab67616d000048519fd5a4d139f98bda50c8bb56,https://open.spotify.com/track/74gguwbBvfBTurNJUWFOsC
180,2018-04-15,181,New,The Greatest Show,Hugh Jackman,503282,https://i.scdn.co/image/ab67616d00004851a1a7f0b95a16de24a870ea5e,https://open.spotify.com/track/43ay9lQZ5rfNcOOHhRF2cM
181,2018-04-15,182,Up,Loca Remix,Khea,501218,https://i.scdn.co/image/ab67616d00004851d4a8bad3f223ab95ddea709f,https://open.spotify.com/track/2CRbiMK0W14l71SpDKqKZM
182,2018-04-15,183,New,Go Flex,Post Malone,501181,https://i.scdn.co/image/23bae95100dcb6ac8f88c19fa2a11c50a998a926,https://open.spotify.com/track/5yuShbu70mtHXY0yLzCQLQ
183,2018-04-15,184,New,Everybody Dies In Their Nightmares,XXXTENTACION,498917,https://i.scdn.co/image/ab67616d00004851203c89bd4391468eea4cc3f5,https://open.spotify.com/track/3GVkPk8mqxz0itaAriG1L7
184,2018-04-15,185,New,Halo,Beyoncé,497916,https://i.scdn.co/image/ab67616d00004851b4c5982e1b92f97a126fc18c,https://open.spotify.com/track/2CvOqDpQIMw69cCzWqr5yr
185,2018-04-15,186,Down,Mayores,Becky G,497209,https://i.scdn.co/image/ab67616d00004851b5983d639fd953deb3c99848,https://open.spotify.com/track/7JNh1cfm0eXjqFVOzKLyau
186,2018-04-15,187,New,LOVE. FEAT. ZACARI.,Kendrick Lamar,497089,https://i.scdn.co/image/ae1f239b41e9604a66eb900834c6887cd2f62ff1,https://open.spotify.com/track/6PGoSes0D9eUDeeAafB2As
187,2018-04-15,188,Down,Mr. Brightside,The Killers,496574,https://i.scdn.co/image/7d778100d0160184d61981dc8aa666ee6fec0151,https://open.spotify.com/track/7oK9VyNzrYvRFo7nQEYkWN
188,2018-04-15,189,Down,Youngblood,5 Seconds of Summer,496076,https://i.scdn.co/image/ab67616d00004851240353172d4b7f2feb8a3e2c,https://open.spotify.com/track/55S2PQgSMYAhgoTCcGCDfw
189,2018-04-15,190,Up,Galway Girl,Ed Sheeran,494945,https://i.scdn.co/image/ab67616d00004851ba5db46f4b838ef6027e6f96,https://open.spotify.com/track/0afhq8XCExXpqazXczTSve
190,2018-04-15,191,Up,Bounce Out With That,YBN Nahmir,494009,https://i.scdn.co/image/ab67616d00004851af41341020c85f2f2279aeb2,https://open.spotify.com/track/5lZsh9Qf7CbHI9Fcc7Zcsq
191,2018-04-15,192,Down,Déjate Llevar,Juan Magán,491864,https://i.scdn.co/image/ab67616d00004851aa674375a551ed3dee543c34,https://open.spotify.com/track/3xWEI23MLJrD0dpDcDUTW6
192,2018-04-15,193,Down,Amazing,Young Thug,486481,https://i.scdn.co/image/ab67616d00004851c30e3fe7ac8b94aa3d803fd1,https://open.spotify.com/track/5I30ByMf5nhgbSokY1EZiN
193,2018-04-15,194,New,I'm Yours,Jason Mraz,485068,https://i.scdn.co/image/ab67616d000048513f911caa42c2ef00253efb70,https://open.spotify.com/track/3S0OXQeoh0w6AY8WQVckRW
194,2018-04-15,195,Down,"I'm the One (feat. Justin Bieber, Quavo, Chance the Rapper & Lil Wayne)",DJ Khaled,484922,https://i.scdn.co/image/ab67616d00004851dcb6a73da1e7f293b875f69c,https://open.spotify.com/track/3DXncPQOG4VBw3QHh3S817
195,2018-04-15,196,Down,Get Up 10,Cardi B,482674,https://i.scdn.co/image/ab67616d00004851a0caffda54afd0a65995bbab,https://open.spotify.com/track/7p2ewixAShLpjDZrnzZK7c
196,2018-04-15,197,New,the remedy for a broken heart (why am I so in love),XXXTENTACION,482100,https://i.scdn.co/image/f0443f8ad743f6052c813c593f1ad0fc161965a2,https://open.spotify.com/track/4UKCKdYiLN6IMA5ZESUTL7
197,2018-04-15,198,Down,Despacito (Featuring Daddy Yankee),Luis Fonsi,482070,https://i.scdn.co/image/ab67616d00004851a5971936e3b8d91f8b616b17,https://open.spotify.com/track/4aWmUDTfIPGksMNLV2rQP2
198,2018-04-15,199,New,Stargazing,Kygo,479552,https://i.scdn.co/image/ab67616d00004851a333559091297eda04eba27c,https://open.spotify.com/track/0Zbbxnx4SGGHoIow4PpISP
199,2018-04-15,200,Down,Duro y Suave,Leslie Grace,473169,https://i.scdn.co/image/ab67616d00004851632c32a8edcfffecabcc7ab2,https://open.spotify.com/track/31M5m42C3EGlbydf9XB5to
