,Date,Position,Trend,Title,Artist,Streams,Icon_URL,Spotify_URL
0,2018-02-14,1,Flat,God's Plan,Drake,6275105,https://i.scdn.co/image/ab67616d000048515e8f046078b784e6f8502008,https://open.spotify.com/track/2XW4DbS6NddZxRPm5rMCeY
1,2018-02-14,2,Flat,All The Stars (with SZA),Kendrick Lamar,3808516,https://i.scdn.co/image/ab67616d000048516bf36d6497b0db242c514a91,https://open.spotify.com/track/2Imq77E6CEJR5TPUxlJvTY
2,2018-02-14,3,Up,Mine,Bazzi,3069258,https://i.scdn.co/image/ab67616d0000485173924baaee2d2e94829953bf,https://open.spotify.com/track/6tHWl8ows5JOZq9Yfaqn3M
3,2018-02-14,4,Flat,rockstar,Post Malone,3001977,https://i.scdn.co/image/ab67616d00004851d3884f06c92d826ecd87a319,https://open.spotify.com/track/1OmcAT5Y8eg5bUPv9qJT4R
4,2018-02-14,5,Down,Pray For Me (with Kendrick Lamar),The Weeknd,2990691,https://i.scdn.co/image/ab67616d000048518ac2a58fbcab6a775e790b15,https://open.spotify.com/track/4ofvoCdXq99vpMZO4Cfp8x
5,2018-02-14,6,Down,IDGAF,Dua Lipa,2923666,https://i.scdn.co/image/ab67616d000048516b915e407b70e121e06fe979,https://open.spotify.com/track/76cy1WJvNGJTj78UqeA5zr
6,2018-02-14,7,Flat,Havana (feat. Young Thug),Camila Cabello,2817502,https://i.scdn.co/image/ab67616d000048516eb0b9e73adcf04e4ed3eca4,https://open.spotify.com/track/1rfofaqEpACxVEHIZBJe6W
7,2018-02-14,8,Up,Look Alive (feat. Drake),BlocBoy JB,2593190,https://i.scdn.co/image/ab67616d0000485155cad990bc1ce5808367fa0e,https://open.spotify.com/track/4qKcDkK6siZ7Jp1Jb4m0aL
8,2018-02-14,9,Down,Finesse - Remix; feat. Cardi B,Bruno Mars,2482014,https://i.scdn.co/image/ab67616d0000485147e522adf030a78615cdea06,https://open.spotify.com/track/3Vo4wInECJQuz9BIBMOu8i
9,2018-02-14,10,Flat,River (feat. Ed Sheeran),Eminem,2382060,https://i.scdn.co/image/ab67616d00004851255191ed87a907d362b43f19,https://open.spotify.com/track/5UEnHoDYpsxlfzWLZIc7LD
10,2018-02-14,11,Up,The Middle,Zedd,2375090,https://i.scdn.co/image/0557d7b7e38ea3dba6c6ecca038bd33b7c69e60f,https://open.spotify.com/track/09IStsImFySgyp0pIQdqAc
11,2018-02-14,12,Down,Dura,Daddy Yankee,2352630,https://i.scdn.co/image/ab67616d00004851407475cb28e657ec856dcbaf,https://open.spotify.com/track/2j2fIJGh4PMdXt9ULI5Tlc
12,2018-02-14,13,Up,Never Be the Same,Camila Cabello,2337586,https://i.scdn.co/image/ab67616d000048516eb0b9e73adcf04e4ed3eca4,https://open.spotify.com/track/4eWQlBRaTjPPUlzacqEeoQ
13,2018-02-14,14,Down,These Days,Rudimental,2292713,https://i.scdn.co/image/ab67616d00004851e9f49a29f00d42d7857794a5,https://open.spotify.com/track/5CLGzJsGqhCEECcpnFQA8x
14,2018-02-14,15,Up,Perfect,Ed Sheeran,2232558,https://i.scdn.co/image/ab67616d00004851ba5db46f4b838ef6027e6f96,https://open.spotify.com/track/0tgVpDi06FyKpA1z0VMD4v
15,2018-02-14,16,Flat,Wolves,Selena Gomez,2173364,https://i.scdn.co/image/ab67616d0000485110368f28dac3b838770f985c,https://open.spotify.com/track/7EmGUiUaOSGDnUUQUDrOXC
16,2018-02-14,17,Down,Échame La Culpa,Luis Fonsi,2129254,https://i.scdn.co/image/ab67616d000048510ac9a58447dfccc5127248e0,https://open.spotify.com/track/1zsG4eaZmkA1dvjDDsAGLK
17,2018-02-14,18,Up,FRIENDS,Marshmello,2036771,https://i.scdn.co/image/ab67616d00004851569f64493ca55cd96fdee412,https://open.spotify.com/track/08bNPGLD8AhKpnnERrAc6G
18,2018-02-14,19,Flat,New Rules,Dua Lipa,2035347,https://i.scdn.co/image/ab67616d000048516b915e407b70e121e06fe979,https://open.spotify.com/track/2ekn2ttSfGqwhhate0LSR0
19,2018-02-14,20,Down,Let You Down,NF,2026692,https://i.scdn.co/image/ab67616d0000485139e85b6ae069d1e25bbc89df,https://open.spotify.com/track/6mrKP2jyIQmM0rw6fQryjr
20,2018-02-14,21,Down,Him & I (with Halsey),G-Eazy,2011995,https://i.scdn.co/image/ab67616d00004851046527a9c176f7c2916f3530,https://open.spotify.com/track/5k38wzpLb15YgncyWdTZE4
21,2018-02-14,22,Down,Stir Fry,Migos,2011082,https://i.scdn.co/image/36f1a1c6bddf8a4c0b9e6c7612a9b25048904344,https://open.spotify.com/track/2UVbBKQOdFAekPTRsnkzcf
22,2018-02-14,23,Flat,Meant to Be (feat. Florida Georgia Line),Bebe Rexha,1970939,https://i.scdn.co/image/ab67616d000048511ba5682505dd6e2592b16e41,https://open.spotify.com/track/7iDa6hUg2VgEL1o1HjmfBn
23,2018-02-14,24,Flat,I Fall Apart,Post Malone,1950916,https://i.scdn.co/image/23bae95100dcb6ac8f88c19fa2a11c50a998a926,https://open.spotify.com/track/75ZvA4QfFiZvzhj2xkaWAh
24,2018-02-14,25,Down,Sick Boy,The Chainsmokers,1924480,https://i.scdn.co/image/ab67616d00004851d7d74b46db493ab3e45c391e,https://open.spotify.com/track/7jqDzXJS0K0Re8uphYNit0
25,2018-02-14,26,Flat,"Let Me Go (with Alesso, Florida Georgia Line & watt)",Hailee Steinfeld,1880915,https://i.scdn.co/image/ab67616d00004851dbdc892395413def043e0655,https://open.spotify.com/track/5AEtlRudpgdT5FtNiuly6Y
26,2018-02-14,27,Flat,For You (Fifty Shades Freed) (& Rita Ora),Liam Payne,1811081,https://i.scdn.co/image/ab67616d00004851ddc8bbc60fa930446a2b5718,https://open.spotify.com/track/5hM6sP0Gh1jD57drszNueC
27,2018-02-14,28,Up,I Miss You (feat. Julia Michaels),Clean Bandit,1756646,https://i.scdn.co/image/ab67616d000048518341ce7a7a1f4ab4182823d5,https://open.spotify.com/track/2xmrfQpmS2iJExTlklLoAL
28,2018-02-14,29,Flat,Shape of You,Ed Sheeran,1727891,https://i.scdn.co/image/ab67616d00004851ba5db46f4b838ef6027e6f96,https://open.spotify.com/track/7qiZfU4dY1lWllzX7mPBI3
29,2018-02-14,30,Up,Bella,Wolfine,1643736,https://i.scdn.co/image/ab67616d000048517545b0cf4455b3d8a9ff57ed,https://open.spotify.com/track/4R55IUi2x7S5ek2SpebOiE
30,2018-02-14,31,Up,Perfect Duet (Ed Sheeran & Beyoncé),Ed Sheeran,1629065,https://i.scdn.co/image/ab67616d00004851af6b2fca3b6e24612a5fe5d8,https://open.spotify.com/track/1bhUWB0zJMIKr9yVPrkEuI
31,2018-02-14,32,Down,"King's Dead (with Kendrick Lamar, Future & James Blake)",Jay Rock,1619419,https://i.scdn.co/image/ab67616d00004851c3de572921cabde540d4880a,https://open.spotify.com/track/51rXHuKN8Loc4sUlKPODgH
32,2018-02-14,33,Flat,Corazón,Maluma,1598587,https://i.scdn.co/image/ab67616d000048516876ec811b26ba2094565b34,https://open.spotify.com/track/4lESS6vuruP6a79KWRaQou
33,2018-02-14,34,Down,Rewrite The Stars,Zac Efron,1596391,https://i.scdn.co/image/ab67616d00004851d44e723b677380dfbc899bcd,https://open.spotify.com/track/630sXRhIcfwr2e4RdNtjKN
34,2018-02-14,35,Up,What Lovers Do (feat. SZA),Maroon 5,1546500,https://i.scdn.co/image/ab67616d000048519ccf08d3f74b36b7880522b5,https://open.spotify.com/track/3hBBKuWJfxlIlnd9QFoC8k
35,2018-02-14,36,Up,Too Good At Goodbyes,Sam Smith,1529301,https://i.scdn.co/image/eb645ad7342e0f34817e16d9d4061c3b5e374d4c,https://open.spotify.com/track/1mXVgsBdtIVeCLJnSnmtdV
36,2018-02-14,37,Flat,Déjala que vuelva (feat. Manuel Turizo),Piso 21,1513611,https://i.scdn.co/image/ab67616d000048514ed4c2e64f7bf0977aa70b42,https://open.spotify.com/track/33bnxcjePIkcmNjEFTJX0l
37,2018-02-14,38,Down,X (with 2 Chainz & Saudi),ScHoolboy Q,1504728,https://i.scdn.co/image/28e755c12683e1038efd53a902601e7f7ed4dbc5,https://open.spotify.com/track/4LmAnpjlhWTahvRkYR8xJa
38,2018-02-14,39,Down,Downtown,Anitta,1504523,https://i.scdn.co/image/ab67616d000048518c6b830c36c7b4ac43c3cee8,https://open.spotify.com/track/3Ga6eKrUFf12ouh9Yw3v2D
39,2018-02-14,40,Down,Say Something,Justin Timberlake,1482736,https://i.scdn.co/image/ab67616d000048514626ff0fee963da605f6aa06,https://open.spotify.com/track/1LhMopPAallLeaeNutqbgS
40,2018-02-14,41,Up,Criminal,Natti Natasha,1451960,https://i.scdn.co/image/ab67616d000048515f3f4af0d3e662247a7d8cff,https://open.spotify.com/track/6Za3190Sbw39BBC77WSS1C
41,2018-02-14,42,Down,Silence,Marshmello,1442777,https://i.scdn.co/image/ab67616d00004851f33ba583059dc2f7d08bf2b8,https://open.spotify.com/track/7vGuf3Y35N4wmASOKLUVVU
42,2018-02-14,43,Down,This Is Me,Keala Settle,1430165,https://i.scdn.co/image/ab67616d00004851b33c769adce9e164764a7ca0,https://open.spotify.com/track/2xGjteMU3E1tkEPVFBO08U
43,2018-02-14,44,Up,Capital Letters,Hailee Steinfeld,1366011,https://i.scdn.co/image/ab67616d00004851f6630162a999e1cf78afbbae,https://open.spotify.com/track/3towKHKVOXCCcL1fHv6xFO
44,2018-02-14,45,Down,The Ways (with Swae Lee),Khalid,1344543,https://i.scdn.co/image/28e755c12683e1038efd53a902601e7f7ed4dbc5,https://open.spotify.com/track/5jyyPsIGM2yqkZN9R3TmvN
45,2018-02-14,46,Down,Feel It Still,Portugal. The Man,1341312,https://i.scdn.co/image/ab67616d00004851af52c228c9619ff6298b08cd,https://open.spotify.com/track/6QgjcU0zLnzq5OrUoSZ3OK
46,2018-02-14,47,Down,Narcos,Migos,1340752,https://i.scdn.co/image/36f1a1c6bddf8a4c0b9e6c7612a9b25048904344,https://open.spotify.com/track/0wbnC9AUenxp613TYaJsGK
47,2018-02-14,48,Down,Thunder,Imagine Dragons,1330218,https://i.scdn.co/image/ab67616d000048517956bd9a3d7a15e4c2e37cc6,https://open.spotify.com/track/0tKcYR2II1VCQWT79i5NrW
48,2018-02-14,49,Down,Sensualidad,Bad Bunny,1299370,https://i.scdn.co/image/ab67616d00004851c0ca1263b2966ddff794d3bb,https://open.spotify.com/track/5hcisvFMidkMJlElTO9Qmw
49,2018-02-14,50,Down,XO Tour Llif3,Lil Uzi Vert,1291229,https://i.scdn.co/image/ab67616d0000485141b41e6f7924e530a9b00f9c,https://open.spotify.com/track/7GX5flRQZVHRAGd6B4TmDO
50,2018-02-14,51,Down,Ric Flair Drip (& Metro Boomin),Offset,1269893,https://i.scdn.co/image/ab67616d000048510f206fe737d46f2f2d826d83,https://open.spotify.com/track/7sO5G9EABYOXQKNPNiE9NR
51,2018-02-14,52,Up,LOVE. FEAT. ZACARI.,Kendrick Lamar,1223508,https://i.scdn.co/image/ae1f239b41e9604a66eb900834c6887cd2f62ff1,https://open.spotify.com/track/6PGoSes0D9eUDeeAafB2As
52,2018-02-14,53,Up,Dusk Till Dawn - Radio Edit,ZAYN,1213983,https://i.scdn.co/image/ab67616d0000485123852b7ef0ecfe29d38d97ee,https://open.spotify.com/track/1j4kHkkpqZRBwE0A4CN4Yv
53,2018-02-14,54,Down,Tip Toe (feat. French Montana),Jason Derulo,1188533,https://i.scdn.co/image/ab67616d000048511ba06755018b46f2a6a2a7ff,https://open.spotify.com/track/2z4pcBLQXF2BXKFvd0BuB6
54,2018-02-14,55,Up,Thinking out Loud,Ed Sheeran,1177774,https://i.scdn.co/image/ab67616d00004851d08209944468440145f01524,https://open.spotify.com/track/1Slwb6dOYkBlWal1PGtnNg
55,2018-02-14,56,Down,EL BAÑO,Enrique Iglesias,1175911,https://i.scdn.co/image/ab67616d000048517a201c3a7e4677711df31e57,https://open.spotify.com/track/2vvdTrdryjsl8DmPIMDWZU
56,2018-02-14,57,Flat,HUMBLE.,Kendrick Lamar,1161242,https://i.scdn.co/image/ae1f239b41e9604a66eb900834c6887cd2f62ff1,https://open.spotify.com/track/7KXjTSCq5nL1LoYtL7XAwS
57,2018-02-14,58,Up,Say You Won't Let Go,James Arthur,1157107,https://i.scdn.co/image/ab67616d0000485120beb61f61fcbeb33b10a9ab,https://open.spotify.com/track/5uCax9HTNlzGybIStD3vDh
58,2018-02-14,59,Flat,Young Dumb & Broke,Khalid,1150003,https://i.scdn.co/image/ab67616d00004851988ede5e1276e758b5f9e577,https://open.spotify.com/track/5Z3GHaZ6ec9bsiI5BenrbY
59,2018-02-14,60,Down,No Limit,G-Eazy,1147331,https://i.scdn.co/image/ab67616d00004851046527a9c176f7c2916f3530,https://open.spotify.com/track/2DQ1ITjI0YoLFzuADN1ZBW
60,2018-02-14,61,Up,Halo,Beyoncé,1135263,https://i.scdn.co/image/ab67616d00004851b4c5982e1b92f97a126fc18c,https://open.spotify.com/track/2CvOqDpQIMw69cCzWqr5yr
61,2018-02-14,62,Down,Anywhere,Rita Ora,1129009,https://i.scdn.co/image/ab67616d000048517a642f7a662f4c94683ac038,https://open.spotify.com/track/7EI6Iki24tBHAMxtb4xQN2
62,2018-02-14,63,Flat,Congratulations,Post Malone,1123115,https://i.scdn.co/image/23bae95100dcb6ac8f88c19fa2a11c50a998a926,https://open.spotify.com/track/3a1lNhkSLSkpJE4MSHpDu9
63,2018-02-14,64,Down,So Far Away (feat. Jamie Scott & Romy Dya),Martin Garrix,1121671,https://i.scdn.co/image/ab67616d000048512bfb97c135445f83927049ca,https://open.spotify.com/track/0OlnLZY4cmQzT6ZGttvWBM
64,2018-02-14,65,Down,Big Shot (with Travis Scott),Kendrick Lamar,1106242,https://i.scdn.co/image/28e755c12683e1038efd53a902601e7f7ed4dbc5,https://open.spotify.com/track/5cXg9IQS34FzLVdHhp7hu7
65,2018-02-14,66,Down,Candy Paint,Post Malone,1103846,https://i.scdn.co/image/ab67616d00004851bf95d2beddffbdb488310f67,https://open.spotify.com/track/42CeaId2XNlxugDvyqHfDf
66,2018-02-14,67,Down,Bartier Cardi (feat. 21 Savage),Cardi B,1103516,https://i.scdn.co/image/ab67616d000048518cb4b5d8ae71725b96b8907c,https://open.spotify.com/track/75FDPwaULRdYDn4StFN2rT
67,2018-02-14,68,Down,Betrayed,Lil Xan,1101178,https://i.scdn.co/image/ab67616d00004851fd53c5b8a4787f283833db4d,https://open.spotify.com/track/6NWl2m8asvH83xjuXVNsuG
68,2018-02-14,69,Down,How Long,Charlie Puth,1049412,https://i.scdn.co/image/ab67616d00004851872353e715cccea67fe3de91,https://open.spotify.com/track/32DGGj6KlNuBr6WaqRxpxi
69,2018-02-14,70,Up,Naked,James Arthur,1035553,https://i.scdn.co/image/ab67616d00004851f13bfa0da7b94ac3272f3152,https://open.spotify.com/track/7krbSH3rd8lhIZvuzTV3Bl
70,2018-02-14,71,Down,PICK IT UP (feat. A$AP Rocky),Famous Dex,1034294,https://i.scdn.co/image/ab67616d00004851b3c4572395192f7c8d26820b,https://open.spotify.com/track/3ncgNpxLoBQ65ABk4djDyd
71,2018-02-14,72,Down,Paramedic!,SOB X RBE,1033455,https://i.scdn.co/image/28e755c12683e1038efd53a902601e7f7ed4dbc5,https://open.spotify.com/track/2tPcTFiQF9MbVUyjZ3zDhA
72,2018-02-14,73,Down,Heaven,Julia Michaels,1026225,https://i.scdn.co/image/ab67616d000048518dfd94df32e91d9f384df1fb,https://open.spotify.com/track/4QfNOZN7vrQCQKK1ZJ3XPb
73,2018-02-14,74,Down,Machika,J Balvin,1009251,https://i.scdn.co/image/ab67616d000048515b72e385b8296a8600016edd,https://open.spotify.com/track/6MNGxu8MprKGkchUchkJsy
74,2018-02-14,75,Down,MotorSport,Migos,987344,https://i.scdn.co/image/36f1a1c6bddf8a4c0b9e6c7612a9b25048904344,https://open.spotify.com/track/4wFjTWCunQFKtukqrNijEt
75,2018-02-14,76,New,Stay With Me,Sam Smith,980364,https://i.scdn.co/image/ab67616d000048514fb7193968e58e51c3db3ef4,https://open.spotify.com/track/5Db9VIdDsN5yu3Eu7CT0i4
76,2018-02-14,77,Up,All of Me,John Legend,967385,https://i.scdn.co/image/ab67616d00004851bdaaf09e0838ef5e78560eee,https://open.spotify.com/track/3uhBIQ7tv8j1FME8cFGEfG
77,2018-02-14,78,Down,Se Preparó,Ozuna,964130,https://i.scdn.co/image/ab67616d00004851b0a875d7f1bfe4ec4aaffa48,https://open.spotify.com/track/1m69ELEgE6k5ZWsap40ozt
78,2018-02-14,79,Down,Gucci Gang,Lil Pump,961730,https://i.scdn.co/image/ab67616d00004851d52ef190ae5253eb2c3c764c,https://open.spotify.com/track/43ZyHQITOjhciSUUNPVRHc
79,2018-02-14,80,Down,Unforgettable,French Montana,959836,https://i.scdn.co/image/ab67616d000048518a31195a371b2233456f6c07,https://open.spotify.com/track/3B54sVLJ402zGa6Xm4YGNe
80,2018-02-14,81,Down,Sky Walker (feat. Travis Scott),Miguel,951988,https://i.scdn.co/image/ab67616d000048515e9dff10c31ac14c6c6c920d,https://open.spotify.com/track/5WoaF1B5XIEnWfmb5NZikf
81,2018-02-14,82,Down,Black Panther,Kendrick Lamar,949954,https://i.scdn.co/image/28e755c12683e1038efd53a902601e7f7ed4dbc5,https://open.spotify.com/track/5qN4HFkapdAOV94XPryVof
82,2018-02-14,83,Down,Bum Bum Tam Tam,MC Fioti,948634,https://i.scdn.co/image/ab67616d00004851f45f041104bda8b5737ded73,https://open.spotify.com/track/4zWO4gvuFtw6EJZC5FFGlr
83,2018-02-14,84,Down,Believer,Imagine Dragons,945650,https://i.scdn.co/image/ab67616d000048517956bd9a3d7a15e4c2e37cc6,https://open.spotify.com/track/0CcQNd8CINkwQfe1RDtGV6
84,2018-02-14,85,Down,Bank Account,21 Savage,926952,https://i.scdn.co/image/ab67616d00004851ac3c0aecec76cd7b5a54795e,https://open.spotify.com/track/2fQrGHiQOvpL9UgPvtYy6G
85,2018-02-14,86,Down,Me Rehúso,Danny Ocean,924013,https://i.scdn.co/image/ab67616d00004851a75bd33684083600569dd3bf,https://open.spotify.com/track/6De0lHrwBfPfrhorm9q1Xl
86,2018-02-14,87,Down,Mi Gente,J Balvin,918893,https://i.scdn.co/image/ab67616d00004851996bd1ea86bd3815eedfeef5,https://open.spotify.com/track/2rb5MvYT7ZIxbKW5hfcHx8
87,2018-02-14,88,Down,Attention,Charlie Puth,917417,https://i.scdn.co/image/ab67616d00004851db21a273452f0637cdbc35aa,https://open.spotify.com/track/4iLqG9SeJSnt0cSPICSjxv
88,2018-02-14,89,Down,I Like Me Better,Lauv,915413,https://i.scdn.co/image/ab67616d00004851fab48816b625e2a77a732400,https://open.spotify.com/track/1wjzFQodRWrPcQ0AnYnvQ9
89,2018-02-14,90,Up,Photograph,Ed Sheeran,912415,https://i.scdn.co/image/ab67616d00004851d08209944468440145f01524,https://open.spotify.com/track/6fxVffaTuwjgEk5h9QyRjy
90,2018-02-14,91,Down,Síguelo Bailando,Ozuna,904115,https://i.scdn.co/image/ab67616d00004851b0a875d7f1bfe4ec4aaffa48,https://open.spotify.com/track/5Y9fnynLlIvqtM710MHzfz
91,2018-02-14,92,Down,1-800-273-8255,Logic,903790,https://i.scdn.co/image/08f9ccb7875a87c07c79c1ccd5319263786c55ea,https://open.spotify.com/track/5tz69p7tJuGPeMGwNTxYuV
92,2018-02-14,93,New,Make You Feel My Love,Adele,900747,https://i.scdn.co/image/ab67616d000048510bbda970634a810e124acaa5,https://open.spotify.com/track/7rPLZ8Krm6CZIbraFUlnWZ
93,2018-02-14,94,Down,She Loves Control,Camila Cabello,895363,https://i.scdn.co/image/ab67616d000048516eb0b9e73adcf04e4ed3eca4,https://open.spotify.com/track/5HwnezK198pJCEj1l2Adjy
94,2018-02-14,95,Down,Solita,Ozuna,890854,https://i.scdn.co/image/ab67616d00004851bc739e4f39cb4d5c253fcb64,https://open.spotify.com/track/7rwX0O3RlxqqIjQM8evm5E
95,2018-02-14,96,Down,Plain Jane,A$AP Ferg,888054,https://i.scdn.co/image/ab67616d00004851d79cfa3155b50beb5dbeeb9a,https://open.spotify.com/track/4dVpf9jZjcORqGTLUaeYj9
96,2018-02-14,97,Up,Lonely Together (feat. Rita Ora),Avicii,885394,https://i.scdn.co/image/241ee98f30f1a0066a26890586952e393a473b0d,https://open.spotify.com/track/2OALaHcDdKkjYEpAr0Qzab
97,2018-02-14,98,Down,All Falls Down (feat. Juliander),Alan Walker,881409,https://i.scdn.co/image/ab67616d00004851206fdebc66bd04d9913f035d,https://open.spotify.com/track/5yFSF6qQA1rcLsQRnBsZgb
98,2018-02-14,99,Down,Something Just Like This,The Chainsmokers,873318,https://i.scdn.co/image/ab67616d000048510c13d3d5a503c84fcc60ae94,https://open.spotify.com/track/6RUKPb4LETWmmr3iAEQktW
99,2018-02-14,100,Down,Sorry Not Sorry,Demi Lovato,858153,https://i.scdn.co/image/ab67616d00004851ec9c72308e30e7aa1d22b37d,https://open.spotify.com/track/3m660poUr1chesgkkjQM7P
100,2018-02-14,101,Down,Dembow,Danny Ocean,855572,https://i.scdn.co/image/ab67616d00004851418acc3f747c7a42f91c72c6,https://open.spotify.com/track/2EzRdhuoPyNJDlep7lnNf2
101,2018-02-14,102,Up,Location,Khalid,855221,https://i.scdn.co/image/ab67616d00004851988ede5e1276e758b5f9e577,https://open.spotify.com/track/152lZdxL1OR0ZMW6KquMif
102,2018-02-14,103,Down,Stargazing,Kygo,850093,https://i.scdn.co/image/ab67616d00004851a333559091297eda04eba27c,https://open.spotify.com/track/0Zbbxnx4SGGHoIow4PpISP
103,2018-02-14,104,Down,Quiero Repetir,Ozuna,849235,https://i.scdn.co/image/ab67616d00004851b0a875d7f1bfe4ec4aaffa48,https://open.spotify.com/track/0MIcPSq9n2z5H8TAfEstri
104,2018-02-14,105,Down,Jocelyn Flores,XXXTENTACION,847623,https://i.scdn.co/image/ab67616d00004851203c89bd4391468eea4cc3f5,https://open.spotify.com/track/7m9OqQk4RVRkw9JJdeAw96
105,2018-02-14,106,Down,Mayores,Becky G,838378,https://i.scdn.co/image/ab67616d00004851b5983d639fd953deb3c99848,https://open.spotify.com/track/7JNh1cfm0eXjqFVOzKLyau
106,2018-02-14,107,Down,Walk It Talk It,Migos,838074,https://i.scdn.co/image/36f1a1c6bddf8a4c0b9e6c7612a9b25048904344,https://open.spotify.com/track/6n4U3TlzUGhdSFbUUhTvLP
107,2018-02-14,108,Down,Nowadays (feat. Landon Cube),Lil Skies,824811,https://i.scdn.co/image/ab67616d00004851c56dcd1015c1ffb8c56d2988,https://open.spotify.com/track/2u7mxWSeoqTXndK5e08jMp
108,2018-02-14,109,Down,Bodak Yellow,Cardi B,824016,https://i.scdn.co/image/ab67616d0000485162a2dedc55a38a0fca0a17b0,https://open.spotify.com/track/2771LMNxwf62FTAdpJMQfM
109,2018-02-14,110,Down,More Than You Know,Axwell /\ Ingrosso,803382,https://i.scdn.co/image/ab67616d00004851a1944d8afb76a8fd03ed8c0f,https://open.spotify.com/track/71bBFbfn2OBK5QwUJSLS44
110,2018-02-14,111,Up,"I Don’t Wanna Live Forever (Fifty Shades Darker) - From ""Fifty Shades Darker (Original Motion Picture Soundtrack)""",ZAYN,790620,https://i.scdn.co/image/ab67616d000048512ae921f082ae5db4d3da818f,https://open.spotify.com/track/3NdDpSvN911VPGivFlV5d0
111,2018-02-14,112,Up,Symphony (feat. Zara Larsson),Clean Bandit,787135,https://i.scdn.co/image/ab67616d000048515b1130d050c4cd2295999d85,https://open.spotify.com/track/1x5sYLZiu9r5E43kMlt9f8
112,2018-02-14,113,Down,Opps (with Yugen Blakrok),Vince Staples,786623,https://i.scdn.co/image/28e755c12683e1038efd53a902601e7f7ed4dbc5,https://open.spotify.com/track/7bUcBztfGqO7cSI2gMZeCI
113,2018-02-14,114,Down,The Greatest Show,Hugh Jackman,781512,https://i.scdn.co/image/ab67616d00004851a1a7f0b95a16de24a870ea5e,https://open.spotify.com/track/43ay9lQZ5rfNcOOHhRF2cM
114,2018-02-14,115,Down,goosebumps,Travis Scott,778048,https://i.scdn.co/image/ab67616d00004851f54b99bf27cda88f4a7403ce,https://open.spotify.com/track/6gBFPUFcJLzWGx4lenP6h2
115,2018-02-14,116,Down,Esperándote,Manuel Turizo,773309,https://i.scdn.co/image/ab67616d00004851fa2960f06e1f2ed9cedb6d12,https://open.spotify.com/track/1nfyE13arjOuO54HH0zmqj
116,2018-02-14,117,Up,Issues,Julia Michaels,762569,https://i.scdn.co/image/bed97a5c36c8dda6724f89ecfd8c23497cc897f4,https://open.spotify.com/track/7vu0JkJh0ldukEYbTVcqd0
117,2018-02-14,118,Down,Déjate Llevar,Juan Magán,761000,https://i.scdn.co/image/ab67616d00004851aa674375a551ed3dee543c34,https://open.spotify.com/track/3xWEI23MLJrD0dpDcDUTW6
118,2018-02-14,119,Down,My My My!,Troye Sivan,748889,https://i.scdn.co/image/ab67616d0000485163284e21910e6cd2ecbaff64,https://open.spotify.com/track/2Tq2R8sRftNEqdgJK5HadO
119,2018-02-14,120,Down,Tell Me You Love Me,Demi Lovato,747690,https://i.scdn.co/image/ab67616d00004851921862ba830177affb254106,https://open.spotify.com/track/5Htb1uFQ1KrkFXlefS8oGj
120,2018-02-14,121,Up,Codeine Dreaming (feat. Lil Wayne),Kodak Black,745707,https://i.scdn.co/image/ab67616d000048518e3046e13f253a208519b21a,https://open.spotify.com/track/4DTpngLjoHj5gFxEZFeD3J
121,2018-02-14,122,Down,End Game,Taylor Swift,743262,https://i.scdn.co/image/c2e6423b9624845f6dd57aef8ce00fa53aedcef7,https://open.spotify.com/track/2x0WlnmfG39ZuDmstl9xfX
122,2018-02-14,123,Down,Que Va,Alex Sensation,741112,https://i.scdn.co/image/ab67616d00004851571f364389a9436e4ff8a362,https://open.spotify.com/track/7ofxPmTNMj2GP07g1VZa0O
123,2018-02-14,124,Down,New Freezer (feat. Kendrick Lamar),Rich The Kid,736984,https://i.scdn.co/image/ab67616d0000485166bac14cf011715fbed67e58,https://open.spotify.com/track/4pYZLpX23Vx8rwDpJCpPTA
124,2018-02-14,125,Down,SUTRA,Sebastian Yatra,736609,https://i.scdn.co/image/ab67616d00004851f215288f120008eb66a16a8b,https://open.spotify.com/track/5TmZYdHW6HJ9gt7Aokuql5
125,2018-02-14,126,Down,Breathe,Jax Jones,735870,https://i.scdn.co/image/ab67616d00004851242e97b0767265f5c3cf0277,https://open.spotify.com/track/6tvQzeCPwOytDlBYCIOY0n
126,2018-02-14,127,Down,Escápate Conmigo (feat. Ozuna),Wisin,735032,https://i.scdn.co/image/ab67616d00004851c7524a697e709517b50681b2,https://open.spotify.com/track/1KSqYYJFyfTecXFk9M0prc
127,2018-02-14,128,Down,I Am,Jorja Smith,734683,https://i.scdn.co/image/28e755c12683e1038efd53a902601e7f7ed4dbc5,https://open.spotify.com/track/0DJBgBiYeSn6n1AXAkFVE8
128,2018-02-14,129,Down,Strip That Down,Liam Payne,727792,https://i.scdn.co/image/ab67616d00004851ec1abb2ba5e210e826161111,https://open.spotify.com/track/6EpRaXYhGOB3fj4V2uDkMJ
129,2018-02-14,130,Down,A Million Dreams,Ziv Zaifman,724684,https://i.scdn.co/image/ab67616d00004851128057b40732c042c86de1dd,https://open.spotify.com/track/0RoA7ObU6phWpqhlC9zH4Z
130,2018-02-14,131,New,A Thousand Years,Christina Perri,722316,https://i.scdn.co/image/ab67616d000048513dea4a2ccd58ad1f8e4dbb03,https://open.spotify.com/track/6lanRgr6wXibZr8KgzXxBl
131,2018-02-14,132,Down,Miss You (with Major Lazer & Tory Lanez),Cashmere Cat,720984,https://i.scdn.co/image/ab67616d000048510f09cea80b9146ea94d638bf,https://open.spotify.com/track/0as7lPxkBPctZ7uVmchRNM
132,2018-02-14,133,Down,Báilame - Remix,Nacho,717884,https://i.scdn.co/image/ab67616d00004851473f54a79eb118bdfa668aa2,https://open.spotify.com/track/3VClLWqNn80Llv0PJOsKgr
133,2018-02-14,134,Down,That's What I Like,Bruno Mars,716735,https://i.scdn.co/image/ab67616d00004851232711f7d66a1e19e89e28c5,https://open.spotify.com/track/0KKkJNfGyhkQ5aFogxQAPU
134,2018-02-14,135,Down,Never Enough,Loren Allred,716422,https://i.scdn.co/image/ab67616d00004851128057b40732c042c86de1dd,https://open.spotify.com/track/0Gl5s8IhMmQE5YQwM8Qx1J
135,2018-02-14,136,Down,BUTTERFLY EFFECT,Travis Scott,714293,https://i.scdn.co/image/ab67616d00004851b5e9358d0d07114609d9afab,https://open.spotify.com/track/1yxgsra98r3qAtxqiGZPiX
136,2018-02-14,137,Down,Perro Fiel (feat. Nicky Jam),Shakira,712856,https://i.scdn.co/image/ab67616d00004851d05d3aad30c5fb7614893cf5,https://open.spotify.com/track/70lnL3QaSOIIyMa2X9aVRL
137,2018-02-14,138,Down,Suena El Dembow,Joey Montana,708496,https://i.scdn.co/image/ab67616d00004851c8185c654dc0409609c5eb31,https://open.spotify.com/track/5TysCiZtv1HnSWcTcUFusI
138,2018-02-14,139,Up,One Dance,Drake,707420,https://i.scdn.co/image/ab67616d00004851726abca207567d5e41cb9667,https://open.spotify.com/track/1xznGGDReH1oQq0xzbwXa3
139,2018-02-14,140,New,Take Me to Church,Hozier,700807,https://i.scdn.co/image/ab67616d00004851bb1ce1864628f87561994579,https://open.spotify.com/track/3KYOGt8IO6j8wptkG9THag
140,2018-02-14,141,Down,There's Nothing Holdin' Me Back,Shawn Mendes,696770,https://i.scdn.co/image/ab67616d00004851f9cbd0c07513a7232cd6b9a7,https://open.spotify.com/track/79cuOz3SPQTuFrp8WgftAu
141,2018-02-14,142,New,"Love Me Like You Do - From ""Fifty Shades Of Grey""",Ellie Goulding,695947,https://i.scdn.co/image/d4c7dc706d5c3d434a9af6169b484458ee75d860,https://open.spotify.com/track/3zHq9ouUJQFQRf3cm1rRLu
142,2018-02-14,143,Down,Robarte un Beso,Carlos Vives,689649,https://i.scdn.co/image/ab67616d00004851575fb66ec11e54fb68d548a5,https://open.spotify.com/track/0JcNysfWVWaMS7R6vzGB2k
143,2018-02-14,144,Down,Despacito - Remix,Luis Fonsi,688108,https://i.scdn.co/image/ab67616d00004851d8559d0280ffe2a2af6dacdf,https://open.spotify.com/track/5CtI0qwDJkDQGwXD1H1cLb
144,2018-02-14,145,New,Let Her Go,Passenger,681967,https://i.scdn.co/image/ab67616d000048514566e671e5c947cba3a38436,https://open.spotify.com/track/2jyjhRf6DVbMPU5zxagN2h
145,2018-02-14,146,Down,Closer,The Chainsmokers,680003,https://i.scdn.co/image/ab67616d00004851495ce6da9aeb159e94eaa453,https://open.spotify.com/track/7BKLCZ1jbUBVqRi2FVlTVw
146,2018-02-14,147,Down,Felices los 4,Maluma,677422,https://i.scdn.co/image/ab67616d00004851d9732b592276542ecafa6c6d,https://open.spotify.com/track/0qYTZCo5Bwh1nsUFGZP3zn
147,2018-02-14,148,Down,Vuelve,Daddy Yankee,675185,https://i.scdn.co/image/ab67616d0000485127fd276f720970c987695b55,https://open.spotify.com/track/0lJCqIx5BhZtf6QtYI2fbv
148,2018-02-14,149,Down,Whatever It Takes,Imagine Dragons,668622,https://i.scdn.co/image/ab67616d000048517956bd9a3d7a15e4c2e37cc6,https://open.spotify.com/track/4IWAyPf1KMq7JCyGeCjTeH
149,2018-02-14,150,New,Wonderwall - Remastered,Oasis,666281,https://i.scdn.co/image/ab67616d0000485185e5dcc05cc216a10f141480,https://open.spotify.com/track/5qqabIl2vWzo9ApSC317sa
150,2018-02-14,151,Down,Bella y Sensual,Romeo Santos,665308,https://i.scdn.co/image/ab67616d00004851827d0777f8cccdf5b7481442,https://open.spotify.com/track/0ERbK7qVqveCaBWIiYCrl3
151,2018-02-14,152,Down,Dreamer,Axwell /\ Ingrosso,659850,https://i.scdn.co/image/ab67616d00004851a1944d8afb76a8fd03ed8c0f,https://open.spotify.com/track/7hvxMYq9JW5W0vFwiu1Zdr
152,2018-02-14,153,Up,Scooby Doo Pa Pa,Dj Kass,658337,https://i.scdn.co/image/ab67616d000048513ec4a0b86e7bec4d1e228307,https://open.spotify.com/track/7qwULjvTujatIaoWC1lu8b
153,2018-02-14,154,Down,Fuck Love (feat. Trippie Redd),XXXTENTACION,655115,https://i.scdn.co/image/ab67616d00004851203c89bd4391468eea4cc3f5,https://open.spotify.com/track/7AQim7LbvFVZJE3O8TYgf2
154,2018-02-14,155,Down,I Get The Bag (feat. Migos),Gucci Mane,652731,https://i.scdn.co/image/ab67616d00004851af7525e55333b110ff0f4e95,https://open.spotify.com/track/1XRgIKC5TPwo7nWGyKqgG0
155,2018-02-14,156,Down,Wanted You (feat. Lil Uzi Vert),NAV,650159,https://i.scdn.co/image/8eebb0096ab97f23172ea197224a4ee0267043eb,https://open.spotify.com/track/790MhTXPFrYkrqCKvpg4t1
156,2018-02-14,157,Down,Notice Me,Migos,646568,https://i.scdn.co/image/36f1a1c6bddf8a4c0b9e6c7612a9b25048904344,https://open.spotify.com/track/3OnOomd79OjqSYHchCQ6ht
157,2018-02-14,158,Down,Galway Girl,Ed Sheeran,645099,https://i.scdn.co/image/ab67616d00004851ba5db46f4b838ef6027e6f96,https://open.spotify.com/track/0afhq8XCExXpqazXczTSve
158,2018-02-14,159,Down,Go Flex,Post Malone,643130,https://i.scdn.co/image/23bae95100dcb6ac8f88c19fa2a11c50a998a926,https://open.spotify.com/track/5yuShbu70mtHXY0yLzCQLQ
159,2018-02-14,160,Down,The Other Side,Hugh Jackman,637403,https://i.scdn.co/image/ab67616d00004851128057b40732c042c86de1dd,https://open.spotify.com/track/2cKovq3l6OJjhVVDbVKOsr
160,2018-02-14,161,Down,Havana - Remix,Camila Cabello,635817,https://i.scdn.co/image/ab67616d000048515556fb4dfea9c05e09519c25,https://open.spotify.com/track/3whrwq4DtvucphBPUogRuJ
161,2018-02-14,162,Down,Bounce Out With That,YBN Nahmir,625534,https://i.scdn.co/image/ab67616d00004851af41341020c85f2f2279aeb2,https://open.spotify.com/track/5lZsh9Qf7CbHI9Fcc7Zcsq
162,2018-02-14,163,Down,Friends (with BloodPop®),Justin Bieber,624778,https://i.scdn.co/image/ab67616d00004851302806b2c89a0f7a24b4922c,https://open.spotify.com/track/7nZmah2llfvLDiUjm0kiyz
163,2018-02-14,164,Down,What About Us,P!nk,624397,https://i.scdn.co/image/ab67616d0000485100164c96548a622d34b39828,https://open.spotify.com/track/0Qh38w01QRXK6KHIv0e3hb
164,2018-02-14,165,Down,DNA.,Kendrick Lamar,624318,https://i.scdn.co/image/ae1f239b41e9604a66eb900834c6887cd2f62ff1,https://open.spotify.com/track/6HZILIRieu8S0iqY8kIKhj
165,2018-02-14,166,Down,Roll In Peace (feat. XXXTENTACION),Kodak Black,618994,https://i.scdn.co/image/ab67616d00004851583ce93dc89d84218f233ea7,https://open.spotify.com/track/40oKW22ZNNkEdZLJTScaQI
166,2018-02-14,167,Down,Redbone,Childish Gambino,618498,https://i.scdn.co/image/ab67616d000048510b97e56ffad7c6211aa848f8,https://open.spotify.com/track/3kxfsdsCpFgN412fpnW85Y
167,2018-02-14,168,Down,Mama,Jonas Blue,617742,https://i.scdn.co/image/14891cf71e2287163c137e90074783ba5cdd4ff4,https://open.spotify.com/track/0NiXXAI876aGImAd6rTj8w
168,2018-02-14,169,Down,"I'm the One (feat. Justin Bieber, Quavo, Chance the Rapper & Lil Wayne)",DJ Khaled,614486,https://i.scdn.co/image/ab67616d00004851dcb6a73da1e7f293b875f69c,https://open.spotify.com/track/3DXncPQOG4VBw3QHh3S817
169,2018-02-14,170,New,Iris,The Goo Goo Dolls,613337,https://i.scdn.co/image/ab67616d00004851eda9478c39a21e1cdc6609ca,https://open.spotify.com/track/6Qyc6fS4DsZjB2mRW9DsQs
170,2018-02-14,171,Down,The Weekend - Funk Wav Remix,SZA,611540,https://i.scdn.co/image/ab67616d00004851b19d1cc6a00ae1d4ddcbfd37,https://open.spotify.com/track/0P6AWOA4LG1XOctzaVu5tt
171,2018-02-14,172,Down,Bloody Waters (with Anderson .Paak & James Blake),Ab-Soul,610221,https://i.scdn.co/image/28e755c12683e1038efd53a902601e7f7ed4dbc5,https://open.spotify.com/track/4KXwFI9pgJLpUIAc9oSL8j
172,2018-02-14,173,Up,Without You (feat. Sandro Cavazza),Avicii,601059,https://i.scdn.co/image/ab67616d0000485130800bfbfff51ddb031d9bd7,https://open.spotify.com/track/6WbADFqMvR8N5u0BvtsWQE
173,2018-02-14,174,Down,Passionfruit,Drake,600499,https://i.scdn.co/image/6dfd956b9331fa9ea1f47ebb95311951ed72b3db,https://open.spotify.com/track/5mCPDVBb16L4XQwDdbRUpz
174,2018-02-14,175,New,I Feel It Coming,The Weeknd,597774,https://i.scdn.co/image/b3683184efeb899b2d1a02f4957d0c630dc10b0b,https://open.spotify.com/track/5GXAXm5YOmYT0kL5jHvYBt
175,2018-02-14,176,Down,"Home (with Machine Gun Kelly, X Ambassadors & Bebe Rexha)",Machine Gun Kelly,595450,https://i.scdn.co/image/ab67616d000048517a3fbbab0e9fb050a08fa065,https://open.spotify.com/track/0OI7AFifLSoGzpb8bdBLLV
176,2018-02-14,177,Down,Starboy,The Weeknd,591310,https://i.scdn.co/image/ab67616d000048510c8599cbde51245c128bcea9,https://open.spotify.com/track/5aAx2yezTd8zXrkmtKl66Z
177,2018-02-14,178,Down,"Lose Yourself - From ""8 Mile"" Soundtrack",Eminem,589405,https://i.scdn.co/image/ab67616d00004851a8a32ae2a279b9bf03445738,https://open.spotify.com/track/7w9bgPAmPTtrkt2v16QWvQ
178,2018-02-14,179,Flat,It Ain't Me (with Selena Gomez),Kygo,589073,https://i.scdn.co/image/ab67616d0000485141f289940f2e6a0d51988d77,https://open.spotify.com/track/3eR23VReFzcdmS7TYCrhCe
179,2018-02-14,180,Down,Wild Thoughts (feat. Rihanna & Bryson Tiller),DJ Khaled,587998,https://i.scdn.co/image/ab67616d00004851dcb6a73da1e7f293b875f69c,https://open.spotify.com/track/1OAh8uOEOvTDqkKFsKksCi
180,2018-02-14,181,Down,Mask Off,Future,586988,https://i.scdn.co/image/ab67616d00004851e0b64c8be3c4e804abcb2696,https://open.spotify.com/track/0VgkVdmE4gld66l8iyGjgx
181,2018-02-14,182,Down,Glorious (feat. Skylar Grey),Macklemore,585309,https://i.scdn.co/image/ab67616d000048512e94b668c60b06deb1c3a05c,https://open.spotify.com/track/0CokSRCu5hZgPxcZBaEzVE
182,2018-02-14,183,Down,Wait,Maroon 5,583325,https://i.scdn.co/image/ab67616d000048519ccf08d3f74b36b7880522b5,https://open.spotify.com/track/1Qg9jWGDkKAGZXj5v2OG59
183,2018-02-14,184,Down,Stay,Zedd,582308,https://i.scdn.co/image/747037023c4423be7d41f3dd245f16ce75a652e7,https://open.spotify.com/track/0I20rLT2MJDhcF96AjbNYo
184,2018-02-14,185,Down,Feels,Calvin Harris,580596,https://i.scdn.co/image/ab67616d000048514d3fa5ce7ba599f4fd7803ef,https://open.spotify.com/track/5bcTCxgc7xVfSaMV3RuVke
185,2018-02-14,186,New,The Night We Met,Lord Huron,579184,https://i.scdn.co/image/ab67616d00004851ee6611c95f868e465c98a0b2,https://open.spotify.com/track/6mORGLOz79w6VsCRLWYYuK
186,2018-02-14,187,Down,Real Friends,Camila Cabello,576331,https://i.scdn.co/image/ab67616d000048516eb0b9e73adcf04e4ed3eca4,https://open.spotify.com/track/3iq9nhbI8fcnNamxMft1uv
187,2018-02-14,188,Down,Nuh Ready Nuh Ready,Calvin Harris,576173,https://i.scdn.co/image/ab67616d000048516c24e5bc5153263aaccc39ad,https://open.spotify.com/track/2rYyq0b3XWwmWl0k727OVG
188,2018-02-14,189,Down,Vai malandra (feat. Tropkillaz & DJ Yuri Martins),Anitta,575937,https://i.scdn.co/image/ab67616d000048512862285a618721193e8fdac6,https://open.spotify.com/track/6u0EAxf1OJTLS7CvInuNd7
189,2018-02-14,190,Up,The Scientist,Coldplay,575800,https://i.scdn.co/image/ab67616d00004851ad6f442ecac8735b9285a923,https://open.spotify.com/track/75JFxkI2RXiU7L9VXzMkle
190,2018-02-14,191,Down,Bad At Love,Halsey,568648,https://i.scdn.co/image/d5bb421dbecbba7c6904eb67672f3cd25cf54c23,https://open.spotify.com/track/7y9iMe8SOB6z3NoHE2OfXl
191,2018-02-14,192,Up,Happier,Ed Sheeran,562349,https://i.scdn.co/image/ab67616d00004851ba5db46f4b838ef6027e6f96,https://open.spotify.com/track/2RttW7RAu5nOAfq6YFvApB
192,2018-02-14,193,Down,Diplomatic Immunity,Drake,561481,https://i.scdn.co/image/ab67616d000048515e8f046078b784e6f8502008,https://open.spotify.com/track/5goGDc74vVREyN8al8CkPh
193,2018-02-14,194,New,Love Yourself,Justin Bieber,560456,https://i.scdn.co/image/ab67616d00004851b6d9a4fbb0bd49f0f034aead,https://open.spotify.com/track/3hB5DgAiMAQ4DzYbsMq1IT
194,2018-02-14,195,Down,'Till I Collapse,Eminem,559817,https://i.scdn.co/image/ab67616d00004851ccdb1982626f299b3b1d3efd,https://open.spotify.com/track/6yr8GiTHWvFfi4o6Q5ebdT
195,2018-02-14,196,New,Your Song,Rita Ora,558894,https://i.scdn.co/image/ab67616d00004851528e7f2b6eda1b2a20ccfb1f,https://open.spotify.com/track/4c2W3VKsOFoIg2SFaO6DY5
196,2018-02-14,197,Down,Filthy,Justin Timberlake,558366,https://i.scdn.co/image/ab67616d000048514626ff0fee963da605f6aa06,https://open.spotify.com/track/5ZpjODX6OH1xZs3AOewTO6
197,2018-02-14,198,Down,Despacito (Featuring Daddy Yankee),Luis Fonsi,557169,https://i.scdn.co/image/ab67616d00004851a5971936e3b8d91f8b616b17,https://open.spotify.com/track/4aWmUDTfIPGksMNLV2rQP2
198,2018-02-14,199,Down,Barking,Ramz,557127,https://i.scdn.co/image/ab67616d0000485137a4c7a7325191433f3c2679,https://open.spotify.com/track/7amMgNDcObIDkIXv4xcvc2
199,2018-02-14,200,Down,Swalla (feat. Nicki Minaj & Ty Dolla $ign),Jason Derulo,556391,https://i.scdn.co/image/ab67616d000048519d6522bee68370fa5592301d,https://open.spotify.com/track/6kex4EBAj0WHXDKZMEJaaF
