,Date,Position,Trend,Title,Artist,Streams,Icon_URL,Spotify_URL
0,2018-02-22,1,Flat,God's Plan,Drake,7709062,https://i.scdn.co/image/ab67616d000048515e8f046078b784e6f8502008,https://open.spotify.com/track/2XW4DbS6NddZxRPm5rMCeY
1,2018-02-22,2,Flat,All The Stars (with SZA),Kendrick Lamar,4416373,https://i.scdn.co/image/ab67616d000048516bf36d6497b0db242c514a91,https://open.spotify.com/track/2Imq77E6CEJR5TPUxlJvTY
2,2018-02-22,3,Up,IDGAF,Dua Lipa,3366644,https://i.scdn.co/image/ab67616d000048516b915e407b70e121e06fe979,https://open.spotify.com/track/76cy1WJvNGJTj78UqeA5zr
3,2018-02-22,4,Down,Mine,Bazzi,3329690,https://i.scdn.co/image/ab67616d0000485173924baaee2d2e94829953bf,https://open.spotify.com/track/6tHWl8ows5JOZq9Yfaqn3M
4,2018-02-22,5,Down,Pray For Me (with Kendrick Lamar),The Weeknd,3214788,https://i.scdn.co/image/ab67616d000048518ac2a58fbcab6a775e790b15,https://open.spotify.com/track/4ofvoCdXq99vpMZO4Cfp8x
5,2018-02-22,6,Flat,rockstar,Post Malone,2991104,https://i.scdn.co/image/ab67616d0000485147a8619ffffa8ccd20ca194b,https://open.spotify.com/track/2U7Hu2RaNQNRi7izoJyZaX
6,2018-02-22,7,Flat,Look Alive (feat. Drake),BlocBoy JB,2887413,https://i.scdn.co/image/ab67616d0000485155cad990bc1ce5808367fa0e,https://open.spotify.com/track/4qKcDkK6siZ7Jp1Jb4m0aL
7,2018-02-22,8,Flat,FRIENDS,Marshmello,2744425,https://i.scdn.co/image/ab67616d00004851569f64493ca55cd96fdee412,https://open.spotify.com/track/08bNPGLD8AhKpnnERrAc6G
8,2018-02-22,9,Flat,Havana (feat. Young Thug),Camila Cabello,2719932,https://i.scdn.co/image/ab67616d000048516eb0b9e73adcf04e4ed3eca4,https://open.spotify.com/track/1rfofaqEpACxVEHIZBJe6W
9,2018-02-22,10,Flat,The Middle,Zedd,2669297,https://i.scdn.co/image/0557d7b7e38ea3dba6c6ecca038bd33b7c69e60f,https://open.spotify.com/track/09IStsImFySgyp0pIQdqAc
10,2018-02-22,11,Up,Amorfoda,Bad Bunny,2635674,https://i.scdn.co/image/ab67616d00004851ffde74831eadc3cdccc02188,https://open.spotify.com/track/3ITvHA9zhZZdBJsOsAUegF
11,2018-02-22,12,Down,These Days,Rudimental,2576687,https://i.scdn.co/image/ab67616d00004851e9f49a29f00d42d7857794a5,https://open.spotify.com/track/5CLGzJsGqhCEECcpnFQA8x
12,2018-02-22,13,Flat,Dura,Daddy Yankee,2537538,https://i.scdn.co/image/ab67616d00004851407475cb28e657ec856dcbaf,https://open.spotify.com/track/2j2fIJGh4PMdXt9ULI5Tlc
13,2018-02-22,14,Down,River (feat. Ed Sheeran),Eminem,2482318,https://i.scdn.co/image/ab67616d00004851255191ed87a907d362b43f19,https://open.spotify.com/track/5UEnHoDYpsxlfzWLZIc7LD
14,2018-02-22,15,Up,Love Lies (with Normani),Khalid,2314212,https://i.scdn.co/image/ab67616d00004851dd7eaf261543814a6d715d67,https://open.spotify.com/track/45Egmo7icyopuzJN0oMEdk
15,2018-02-22,16,Down,Finesse - Remix; feat. Cardi B,Bruno Mars,2269816,https://i.scdn.co/image/ab67616d0000485147e522adf030a78615cdea06,https://open.spotify.com/track/3Vo4wInECJQuz9BIBMOu8i
16,2018-02-22,17,Down,Never Be the Same,Camila Cabello,2223567,https://i.scdn.co/image/ab67616d000048516eb0b9e73adcf04e4ed3eca4,https://open.spotify.com/track/4eWQlBRaTjPPUlzacqEeoQ
17,2018-02-22,18,Up,Échame La Culpa,Luis Fonsi,2178898,https://i.scdn.co/image/ab67616d000048510ac9a58447dfccc5127248e0,https://open.spotify.com/track/1zsG4eaZmkA1dvjDDsAGLK
18,2018-02-22,19,Down,Sick Boy,The Chainsmokers,2128316,https://i.scdn.co/image/ab67616d000048519cd3a40ec0c720defb17074e,https://open.spotify.com/track/2IKZkwHI5zsZf70STuhvOX
19,2018-02-22,20,Flat,Stir Fry,Migos,2121788,https://i.scdn.co/image/36f1a1c6bddf8a4c0b9e6c7612a9b25048904344,https://open.spotify.com/track/2UVbBKQOdFAekPTRsnkzcf
20,2018-02-22,21,Up,New Rules,Dua Lipa,2118854,https://i.scdn.co/image/ab67616d000048516b915e407b70e121e06fe979,https://open.spotify.com/track/2ekn2ttSfGqwhhate0LSR0
21,2018-02-22,22,Down,Meant to Be (feat. Florida Georgia Line),Bebe Rexha,2053249,https://i.scdn.co/image/ab67616d000048511ba5682505dd6e2592b16e41,https://open.spotify.com/track/7iDa6hUg2VgEL1o1HjmfBn
22,2018-02-22,23,Down,Wolves,Selena Gomez,2007471,https://i.scdn.co/image/ab67616d0000485110368f28dac3b838770f985c,https://open.spotify.com/track/7EmGUiUaOSGDnUUQUDrOXC
23,2018-02-22,24,Flat,Perfect,Ed Sheeran,1990187,https://i.scdn.co/image/ab67616d00004851ba5db46f4b838ef6027e6f96,https://open.spotify.com/track/0tgVpDi06FyKpA1z0VMD4v
24,2018-02-22,25,Flat,For You (Fifty Shades Freed) (& Rita Ora),Liam Payne,1952837,https://i.scdn.co/image/ab67616d00004851ddc8bbc60fa930446a2b5718,https://open.spotify.com/track/5hM6sP0Gh1jD57drszNueC
25,2018-02-22,26,Up,I Fall Apart,Post Malone,1934579,https://i.scdn.co/image/23bae95100dcb6ac8f88c19fa2a11c50a998a926,https://open.spotify.com/track/75ZvA4QfFiZvzhj2xkaWAh
26,2018-02-22,27,Down,Him & I (with Halsey),G-Eazy,1904749,https://i.scdn.co/image/ab67616d00004851046527a9c176f7c2916f3530,https://open.spotify.com/track/5k38wzpLb15YgncyWdTZE4
27,2018-02-22,28,Flat,"King's Dead (with Kendrick Lamar, Future & James Blake)",Jay Rock,1826669,https://i.scdn.co/image/ab67616d00004851c3de572921cabde540d4880a,https://open.spotify.com/track/51rXHuKN8Loc4sUlKPODgH
28,2018-02-22,29,Flat,Let You Down,NF,1790049,https://i.scdn.co/image/ab67616d0000485139e85b6ae069d1e25bbc89df,https://open.spotify.com/track/6mrKP2jyIQmM0rw6fQryjr
29,2018-02-22,30,Flat,"Let Me Go (with Alesso, Florida Georgia Line & watt)",Hailee Steinfeld,1760427,https://i.scdn.co/image/ab67616d00004851dbdc892395413def043e0655,https://open.spotify.com/track/5AEtlRudpgdT5FtNiuly6Y
30,2018-02-22,31,Up,Shape of You,Ed Sheeran,1740335,https://i.scdn.co/image/ab67616d00004851ba5db46f4b838ef6027e6f96,https://open.spotify.com/track/7qiZfU4dY1lWllzX7mPBI3
31,2018-02-22,32,Up,Bella,Wolfine,1710151,https://i.scdn.co/image/ab67616d000048517545b0cf4455b3d8a9ff57ed,https://open.spotify.com/track/4R55IUi2x7S5ek2SpebOiE
32,2018-02-22,33,Down,Capital Letters,Hailee Steinfeld,1707248,https://i.scdn.co/image/ab67616d00004851f6630162a999e1cf78afbbae,https://open.spotify.com/track/3towKHKVOXCCcL1fHv6xFO
33,2018-02-22,34,Flat,I Miss You (feat. Julia Michaels),Clean Bandit,1635014,https://i.scdn.co/image/ab67616d000048518341ce7a7a1f4ab4182823d5,https://open.spotify.com/track/2xmrfQpmS2iJExTlklLoAL
34,2018-02-22,35,Flat,Say Something,Justin Timberlake,1623707,https://i.scdn.co/image/ab67616d000048514626ff0fee963da605f6aa06,https://open.spotify.com/track/1LhMopPAallLeaeNutqbgS
35,2018-02-22,36,Flat,Corazón,Maluma,1586131,https://i.scdn.co/image/ab67616d000048516876ec811b26ba2094565b34,https://open.spotify.com/track/4lESS6vuruP6a79KWRaQou
36,2018-02-22,37,Flat,Déjala que vuelva (feat. Manuel Turizo),Piso 21,1554208,https://i.scdn.co/image/ab67616d000048514ed4c2e64f7bf0977aa70b42,https://open.spotify.com/track/33bnxcjePIkcmNjEFTJX0l
37,2018-02-22,38,Flat,Downtown,Anitta,1549896,https://i.scdn.co/image/ab67616d000048518c6b830c36c7b4ac43c3cee8,https://open.spotify.com/track/3Ga6eKrUFf12ouh9Yw3v2D
38,2018-02-22,39,Up,Silence,Marshmello,1465948,https://i.scdn.co/image/ab67616d00004851f33ba583059dc2f7d08bf2b8,https://open.spotify.com/track/7vGuf3Y35N4wmASOKLUVVU
39,2018-02-22,40,Up,Criminal,Natti Natasha,1464431,https://i.scdn.co/image/ab67616d000048515f3f4af0d3e662247a7d8cff,https://open.spotify.com/track/6Za3190Sbw39BBC77WSS1C
40,2018-02-22,41,Down,Rewrite The Stars,Zac Efron,1435427,https://i.scdn.co/image/ab67616d00004851d44e723b677380dfbc899bcd,https://open.spotify.com/track/630sXRhIcfwr2e4RdNtjKN
41,2018-02-22,42,Down,The Ways (with Swae Lee),Khalid,1409761,https://i.scdn.co/image/28e755c12683e1038efd53a902601e7f7ed4dbc5,https://open.spotify.com/track/5jyyPsIGM2yqkZN9R3TmvN
42,2018-02-22,43,Up,Too Good At Goodbyes,Sam Smith,1407734,https://i.scdn.co/image/eb645ad7342e0f34817e16d9d4061c3b5e374d4c,https://open.spotify.com/track/1mXVgsBdtIVeCLJnSnmtdV
43,2018-02-22,44,Up,What Lovers Do (feat. SZA),Maroon 5,1394785,https://i.scdn.co/image/ab67616d000048519ccf08d3f74b36b7880522b5,https://open.spotify.com/track/3hBBKuWJfxlIlnd9QFoC8k
44,2018-02-22,45,Up,Feel It Still,Portugal. The Man,1377795,https://i.scdn.co/image/ab67616d00004851af52c228c9619ff6298b08cd,https://open.spotify.com/track/6QgjcU0zLnzq5OrUoSZ3OK
45,2018-02-22,46,Down,X (with 2 Chainz & Saudi),ScHoolboy Q,1374465,https://i.scdn.co/image/28e755c12683e1038efd53a902601e7f7ed4dbc5,https://open.spotify.com/track/4LmAnpjlhWTahvRkYR8xJa
46,2018-02-22,47,Down,This Is Me,Keala Settle,1372178,https://i.scdn.co/image/ab67616d00004851b33c769adce9e164764a7ca0,https://open.spotify.com/track/2xGjteMU3E1tkEPVFBO08U
47,2018-02-22,48,Flat,Thunder,Imagine Dragons,1364019,https://i.scdn.co/image/ab67616d000048519cc9c2489710c634796e7f72,https://open.spotify.com/track/5VnDkUNyX6u5Sk0yZiP8XB
48,2018-02-22,49,Flat,Sensualidad,Bad Bunny,1328486,https://i.scdn.co/image/ab67616d00004851c0ca1263b2966ddff794d3bb,https://open.spotify.com/track/5hcisvFMidkMJlElTO9Qmw
49,2018-02-22,50,Flat,XO Tour Llif3,Lil Uzi Vert,1305138,https://i.scdn.co/image/ab67616d0000485141b41e6f7924e530a9b00f9c,https://open.spotify.com/track/7GX5flRQZVHRAGd6B4TmDO
50,2018-02-22,51,Flat,Heaven,Julia Michaels,1261519,https://i.scdn.co/image/ab67616d000048518dfd94df32e91d9f384df1fb,https://open.spotify.com/track/4QfNOZN7vrQCQKK1ZJ3XPb
51,2018-02-22,52,Up,Ric Flair Drip (& Metro Boomin),Offset,1214454,https://i.scdn.co/image/ab67616d000048510f206fe737d46f2f2d826d83,https://open.spotify.com/track/7sO5G9EABYOXQKNPNiE9NR
52,2018-02-22,53,Up,EL BAÑO,Enrique Iglesias,1185774,https://i.scdn.co/image/ab67616d000048517a201c3a7e4677711df31e57,https://open.spotify.com/track/2vvdTrdryjsl8DmPIMDWZU
53,2018-02-22,54,Flat,Tip Toe (feat. French Montana),Jason Derulo,1178788,https://i.scdn.co/image/ab67616d000048511ba06755018b46f2a6a2a7ff,https://open.spotify.com/track/2z4pcBLQXF2BXKFvd0BuB6
54,2018-02-22,55,Up,HUMBLE.,Kendrick Lamar,1176988,https://i.scdn.co/image/ae1f239b41e9604a66eb900834c6887cd2f62ff1,https://open.spotify.com/track/7KXjTSCq5nL1LoYtL7XAwS
55,2018-02-22,56,Down,Narcos,Migos,1175525,https://i.scdn.co/image/36f1a1c6bddf8a4c0b9e6c7612a9b25048904344,https://open.spotify.com/track/0wbnC9AUenxp613TYaJsGK
56,2018-02-22,57,Down,So Far Away (feat. Jamie Scott & Romy Dya),Martin Garrix,1145274,https://i.scdn.co/image/ab67616d000048512bfb97c135445f83927049ca,https://open.spotify.com/track/0OlnLZY4cmQzT6ZGttvWBM
57,2018-02-22,58,Up,Congratulations,Post Malone,1140869,https://i.scdn.co/image/23bae95100dcb6ac8f88c19fa2a11c50a998a926,https://open.spotify.com/track/3a1lNhkSLSkpJE4MSHpDu9
58,2018-02-22,59,Down,LOVE. FEAT. ZACARI.,Kendrick Lamar,1133203,https://i.scdn.co/image/ae1f239b41e9604a66eb900834c6887cd2f62ff1,https://open.spotify.com/track/6PGoSes0D9eUDeeAafB2As
59,2018-02-22,60,Flat,Dusk Till Dawn - Radio Edit,ZAYN,1113380,https://i.scdn.co/image/ab67616d0000485123852b7ef0ecfe29d38d97ee,https://open.spotify.com/track/1j4kHkkpqZRBwE0A4CN4Yv
60,2018-02-22,61,Up,Young Dumb & Broke,Khalid,1111029,https://i.scdn.co/image/ab67616d00004851988ede5e1276e758b5f9e577,https://open.spotify.com/track/5Z3GHaZ6ec9bsiI5BenrbY
61,2018-02-22,62,Up,Betrayed,Lil Xan,1093330,https://i.scdn.co/image/ab67616d00004851fd53c5b8a4787f283833db4d,https://open.spotify.com/track/6NWl2m8asvH83xjuXVNsuG
62,2018-02-22,63,Flat,Anywhere,Rita Ora,1088192,https://i.scdn.co/image/ab67616d000048517a642f7a662f4c94683ac038,https://open.spotify.com/track/7EI6Iki24tBHAMxtb4xQN2
63,2018-02-22,64,Down,Perfect Duet (Ed Sheeran & Beyoncé),Ed Sheeran,1078863,https://i.scdn.co/image/ab67616d00004851af6b2fca3b6e24612a5fe5d8,https://open.spotify.com/track/1bhUWB0zJMIKr9yVPrkEuI
64,2018-02-22,65,Flat,No Limit,G-Eazy,1071209,https://i.scdn.co/image/ab67616d00004851046527a9c176f7c2916f3530,https://open.spotify.com/track/2DQ1ITjI0YoLFzuADN1ZBW
65,2018-02-22,66,Up,Síguelo Bailando,Ozuna,1055331,https://i.scdn.co/image/ab67616d00004851b0a875d7f1bfe4ec4aaffa48,https://open.spotify.com/track/5Y9fnynLlIvqtM710MHzfz
66,2018-02-22,67,Up,Machika,J Balvin,1027102,https://i.scdn.co/image/ab67616d000048515b72e385b8296a8600016edd,https://open.spotify.com/track/6MNGxu8MprKGkchUchkJsy
67,2018-02-22,68,Down,How Long,Charlie Puth,1022589,https://i.scdn.co/image/ab67616d00004851872353e715cccea67fe3de91,https://open.spotify.com/track/32DGGj6KlNuBr6WaqRxpxi
68,2018-02-22,69,Down,Bartier Cardi (feat. 21 Savage),Cardi B,1013905,https://i.scdn.co/image/ab67616d000048518cb4b5d8ae71725b96b8907c,https://open.spotify.com/track/75FDPwaULRdYDn4StFN2rT
69,2018-02-22,70,Up,Dembow,Danny Ocean,999501,https://i.scdn.co/image/ab67616d00004851418acc3f747c7a42f91c72c6,https://open.spotify.com/track/2EzRdhuoPyNJDlep7lnNf2
70,2018-02-22,71,Up,Believer,Imagine Dragons,992683,https://i.scdn.co/image/ab67616d000048519cc9c2489710c634796e7f72,https://open.spotify.com/track/1NtIMM4N0cFa1dNzN15chl
71,2018-02-22,72,Down,You Owe Me,The Chainsmokers,989037,https://i.scdn.co/image/ab67616d000048519cd3a40ec0c720defb17074e,https://open.spotify.com/track/1USJRpWDFhxwhCajPXBeel
72,2018-02-22,73,Up,Me Niego (feat. Ozuna & Wisin),Reik,987275,https://i.scdn.co/image/ab67616d00004851395857179e6679826a8fa497,https://open.spotify.com/track/6jA8JUuPCGYjFcgw0AoM5T
73,2018-02-22,74,Down,Candy Paint,Post Malone,987059,https://i.scdn.co/image/ab67616d00004851bf95d2beddffbdb488310f67,https://open.spotify.com/track/42CeaId2XNlxugDvyqHfDf
74,2018-02-22,75,Up,Bum Bum Tam Tam,MC Fioti,983277,https://i.scdn.co/image/ab67616d00004851f45f041104bda8b5737ded73,https://open.spotify.com/track/4zWO4gvuFtw6EJZC5FFGlr
75,2018-02-22,76,Down,Sky Walker (feat. Travis Scott),Miguel,978044,https://i.scdn.co/image/ab67616d000048515e9dff10c31ac14c6c6c920d,https://open.spotify.com/track/5WoaF1B5XIEnWfmb5NZikf
76,2018-02-22,77,Down,Unforgettable,French Montana,966606,https://i.scdn.co/image/ab67616d000048518a31195a371b2233456f6c07,https://open.spotify.com/track/3B54sVLJ402zGa6Xm4YGNe
77,2018-02-22,78,Down,Solita,Ozuna,965479,https://i.scdn.co/image/ab67616d00004851bc739e4f39cb4d5c253fcb64,https://open.spotify.com/track/7rwX0O3RlxqqIjQM8evm5E
78,2018-02-22,79,Up,Me Rehúso,Danny Ocean,957550,https://i.scdn.co/image/ab67616d00004851a75bd33684083600569dd3bf,https://open.spotify.com/track/6De0lHrwBfPfrhorm9q1Xl
79,2018-02-22,80,Up,Se Preparó,Ozuna,941344,https://i.scdn.co/image/ab67616d00004851b0a875d7f1bfe4ec4aaffa48,https://open.spotify.com/track/1m69ELEgE6k5ZWsap40ozt
80,2018-02-22,81,Down,Big Shot (with Travis Scott),Kendrick Lamar,937745,https://i.scdn.co/image/28e755c12683e1038efd53a902601e7f7ed4dbc5,https://open.spotify.com/track/5cXg9IQS34FzLVdHhp7hu7
81,2018-02-22,82,Up,Bank Account,21 Savage,931323,https://i.scdn.co/image/ab67616d00004851ac3c0aecec76cd7b5a54795e,https://open.spotify.com/track/2fQrGHiQOvpL9UgPvtYy6G
82,2018-02-22,83,Down,She Loves Control,Camila Cabello,923084,https://i.scdn.co/image/ab67616d000048516eb0b9e73adcf04e4ed3eca4,https://open.spotify.com/track/5HwnezK198pJCEj1l2Adjy
83,2018-02-22,84,Flat,I Like Me Better,Lauv,912406,https://i.scdn.co/image/ab67616d00004851fab48816b625e2a77a732400,https://open.spotify.com/track/1wjzFQodRWrPcQ0AnYnvQ9
84,2018-02-22,85,Flat,All Falls Down (feat. Juliander),Alan Walker,898389,https://i.scdn.co/image/ab67616d00004851206fdebc66bd04d9913f035d,https://open.spotify.com/track/5yFSF6qQA1rcLsQRnBsZgb
85,2018-02-22,86,Up,PICK IT UP (feat. A$AP Rocky),Famous Dex,898104,https://i.scdn.co/image/ab67616d00004851b3c4572395192f7c8d26820b,https://open.spotify.com/track/3ncgNpxLoBQ65ABk4djDyd
86,2018-02-22,87,Up,Attention,Charlie Puth,893636,https://i.scdn.co/image/ab67616d00004851db21a273452f0637cdbc35aa,https://open.spotify.com/track/4iLqG9SeJSnt0cSPICSjxv
87,2018-02-22,88,Up,MotorSport,Migos,891685,https://i.scdn.co/image/36f1a1c6bddf8a4c0b9e6c7612a9b25048904344,https://open.spotify.com/track/4wFjTWCunQFKtukqrNijEt
88,2018-02-22,89,Flat,Gucci Gang,Lil Pump,890312,https://i.scdn.co/image/ab67616d00004851d52ef190ae5253eb2c3c764c,https://open.spotify.com/track/43ZyHQITOjhciSUUNPVRHc
89,2018-02-22,90,Down,Paramedic!,SOB X RBE,887746,https://i.scdn.co/image/28e755c12683e1038efd53a902601e7f7ed4dbc5,https://open.spotify.com/track/2tPcTFiQF9MbVUyjZ3zDhA
90,2018-02-22,91,Up,Mi Gente,J Balvin,885552,https://i.scdn.co/image/ab67616d00004851996bd1ea86bd3815eedfeef5,https://open.spotify.com/track/2rb5MvYT7ZIxbKW5hfcHx8
91,2018-02-22,92,Up,Nowadays (feat. Landon Cube),Lil Skies,882103,https://i.scdn.co/image/ab67616d00004851c56dcd1015c1ffb8c56d2988,https://open.spotify.com/track/2u7mxWSeoqTXndK5e08jMp
92,2018-02-22,93,Down,Say You Won't Let Go,James Arthur,876739,https://i.scdn.co/image/ab67616d0000485120beb61f61fcbeb33b10a9ab,https://open.spotify.com/track/5uCax9HTNlzGybIStD3vDh
93,2018-02-22,94,Flat,1-800-273-8255,Logic,873379,https://i.scdn.co/image/08f9ccb7875a87c07c79c1ccd5319263786c55ea,https://open.spotify.com/track/5tz69p7tJuGPeMGwNTxYuV
94,2018-02-22,95,Flat,Something Just Like This,The Chainsmokers,868102,https://i.scdn.co/image/ab67616d000048510c13d3d5a503c84fcc60ae94,https://open.spotify.com/track/6RUKPb4LETWmmr3iAEQktW
95,2018-02-22,96,Flat,Plain Jane,A$AP Ferg,864771,https://i.scdn.co/image/ab67616d00004851d79cfa3155b50beb5dbeeb9a,https://open.spotify.com/track/4dVpf9jZjcORqGTLUaeYj9
96,2018-02-22,97,Up,Sorry Not Sorry,Demi Lovato,853988,https://i.scdn.co/image/ab67616d00004851ec9c72308e30e7aa1d22b37d,https://open.spotify.com/track/3m660poUr1chesgkkjQM7P
97,2018-02-22,98,Up,Quiero Repetir,Ozuna,840284,https://i.scdn.co/image/ab67616d00004851b0a875d7f1bfe4ec4aaffa48,https://open.spotify.com/track/0MIcPSq9n2z5H8TAfEstri
98,2018-02-22,99,Up,Mayores,Becky G,835276,https://i.scdn.co/image/ab67616d00004851b5983d639fd953deb3c99848,https://open.spotify.com/track/7JNh1cfm0eXjqFVOzKLyau
99,2018-02-22,100,Up,Stargazing,Kygo,831431,https://i.scdn.co/image/ab67616d00004851a333559091297eda04eba27c,https://open.spotify.com/track/0Zbbxnx4SGGHoIow4PpISP
100,2018-02-22,101,Down,Jocelyn Flores,XXXTENTACION,830683,https://i.scdn.co/image/ab67616d00004851203c89bd4391468eea4cc3f5,https://open.spotify.com/track/7m9OqQk4RVRkw9JJdeAw96
101,2018-02-22,102,Down,Location,Khalid,828470,https://i.scdn.co/image/ab67616d00004851988ede5e1276e758b5f9e577,https://open.spotify.com/track/152lZdxL1OR0ZMW6KquMif
102,2018-02-22,103,Down,Naked,James Arthur,824418,https://i.scdn.co/image/ab67616d00004851f13bfa0da7b94ac3272f3152,https://open.spotify.com/track/7krbSH3rd8lhIZvuzTV3Bl
103,2018-02-22,104,Up,New Freezer (feat. Kendrick Lamar),Rich The Kid,815927,https://i.scdn.co/image/ab67616d0000485166bac14cf011715fbed67e58,https://open.spotify.com/track/4pYZLpX23Vx8rwDpJCpPTA
104,2018-02-22,105,Flat,More Than You Know,Axwell /\ Ingrosso,815468,https://i.scdn.co/image/ab67616d00004851a1944d8afb76a8fd03ed8c0f,https://open.spotify.com/track/71bBFbfn2OBK5QwUJSLS44
105,2018-02-22,106,Down,Lonely Together (feat. Rita Ora),Avicii,807516,https://i.scdn.co/image/241ee98f30f1a0066a26890586952e393a473b0d,https://open.spotify.com/track/2OALaHcDdKkjYEpAr0Qzab
106,2018-02-22,107,Up,Miss You (with Major Lazer & Tory Lanez),Cashmere Cat,800910,https://i.scdn.co/image/ab67616d000048510f09cea80b9146ea94d638bf,https://open.spotify.com/track/0as7lPxkBPctZ7uVmchRNM
107,2018-02-22,108,Up,Esperándote,Manuel Turizo,795528,https://i.scdn.co/image/ab67616d00004851fa2960f06e1f2ed9cedb6d12,https://open.spotify.com/track/1nfyE13arjOuO54HH0zmqj
108,2018-02-22,109,Down,Breathe,Jax Jones,793582,https://i.scdn.co/image/ab67616d00004851242e97b0767265f5c3cf0277,https://open.spotify.com/track/6tvQzeCPwOytDlBYCIOY0n
109,2018-02-22,110,Down,Walk It Talk It,Migos,787648,https://i.scdn.co/image/36f1a1c6bddf8a4c0b9e6c7612a9b25048904344,https://open.spotify.com/track/6n4U3TlzUGhdSFbUUhTvLP
110,2018-02-22,111,Up,Déjate Llevar,Juan Magán,783931,https://i.scdn.co/image/ab67616d00004851aa674375a551ed3dee543c34,https://open.spotify.com/track/3xWEI23MLJrD0dpDcDUTW6
111,2018-02-22,112,Flat,Tell Me You Love Me,Demi Lovato,775061,https://i.scdn.co/image/ab67616d00004851921862ba830177affb254106,https://open.spotify.com/track/5Htb1uFQ1KrkFXlefS8oGj
112,2018-02-22,113,Flat,goosebumps,Travis Scott,766044,https://i.scdn.co/image/ab67616d00004851f54b99bf27cda88f4a7403ce,https://open.spotify.com/track/6gBFPUFcJLzWGx4lenP6h2
113,2018-02-22,114,Down,Bodak Yellow,Cardi B,763573,https://i.scdn.co/image/ab67616d0000485162a2dedc55a38a0fca0a17b0,https://open.spotify.com/track/2771LMNxwf62FTAdpJMQfM
114,2018-02-22,115,Up,Báilame - Remix,Nacho,760097,https://i.scdn.co/image/ab67616d00004851473f54a79eb118bdfa668aa2,https://open.spotify.com/track/3VClLWqNn80Llv0PJOsKgr
115,2018-02-22,116,Up,"1, 2, 3 (feat. Jason Derulo & De La Ghetto)",Sofia Reyes,757068,https://i.scdn.co/image/ab67616d00004851775d1e288c04237d896e8357,https://open.spotify.com/track/4QtiVmuA88tPQiCOHZuQ5b
116,2018-02-22,117,Down,Symphony (feat. Zara Larsson),Clean Bandit,743981,https://i.scdn.co/image/ab67616d000048515b1130d050c4cd2295999d85,https://open.spotify.com/track/1x5sYLZiu9r5E43kMlt9f8
117,2018-02-22,118,Up,Whatever It Takes,Imagine Dragons,738245,https://i.scdn.co/image/ab67616d000048519cc9c2489710c634796e7f72,https://open.spotify.com/track/73NbHgUZ51H65Bfo2HFKUi
118,2018-02-22,119,Up,SUTRA,Sebastian Yatra,737474,https://i.scdn.co/image/ab67616d00004851f215288f120008eb66a16a8b,https://open.spotify.com/track/5TmZYdHW6HJ9gt7Aokuql5
119,2018-02-22,120,Down,One Dance,Drake,728877,https://i.scdn.co/image/ab67616d00004851726abca207567d5e41cb9667,https://open.spotify.com/track/1xznGGDReH1oQq0xzbwXa3
120,2018-02-22,121,Up,Strip That Down,Liam Payne,727210,https://i.scdn.co/image/ab67616d00004851ec1abb2ba5e210e826161111,https://open.spotify.com/track/6EpRaXYhGOB3fj4V2uDkMJ
121,2018-02-22,122,Up,Que Va,Alex Sensation,723621,https://i.scdn.co/image/ab67616d00004851571f364389a9436e4ff8a362,https://open.spotify.com/track/7ofxPmTNMj2GP07g1VZa0O
122,2018-02-22,123,Up,Vuelve,Daddy Yankee,721918,https://i.scdn.co/image/ab67616d0000485127fd276f720970c987695b55,https://open.spotify.com/track/0lJCqIx5BhZtf6QtYI2fbv
123,2018-02-22,124,Up,BUTTERFLY EFFECT,Travis Scott,716706,https://i.scdn.co/image/ab67616d00004851b5e9358d0d07114609d9afab,https://open.spotify.com/track/1yxgsra98r3qAtxqiGZPiX
124,2018-02-22,125,Down,My My My!,Troye Sivan,714416,https://i.scdn.co/image/ab67616d0000485163284e21910e6cd2ecbaff64,https://open.spotify.com/track/2Tq2R8sRftNEqdgJK5HadO
125,2018-02-22,126,Up,Suena El Dembow,Joey Montana,713151,https://i.scdn.co/image/ab67616d00004851c8185c654dc0409609c5eb31,https://open.spotify.com/track/5TysCiZtv1HnSWcTcUFusI
126,2018-02-22,127,Down,Thinking out Loud,Ed Sheeran,713053,https://i.scdn.co/image/ab67616d00004851d08209944468440145f01524,https://open.spotify.com/track/1Slwb6dOYkBlWal1PGtnNg
127,2018-02-22,128,Down,Photograph,Ed Sheeran,712636,https://i.scdn.co/image/ab67616d00004851d08209944468440145f01524,https://open.spotify.com/track/6fxVffaTuwjgEk5h9QyRjy
128,2018-02-22,129,Down,The Greatest Show,Hugh Jackman,698089,https://i.scdn.co/image/ab67616d00004851a1a7f0b95a16de24a870ea5e,https://open.spotify.com/track/43ay9lQZ5rfNcOOHhRF2cM
129,2018-02-22,130,Flat,Codeine Dreaming (feat. Lil Wayne),Kodak Black,694318,https://i.scdn.co/image/ab67616d000048518e3046e13f253a208519b21a,https://open.spotify.com/track/4DTpngLjoHj5gFxEZFeD3J
130,2018-02-22,131,Up,Despacito - Remix,Luis Fonsi,694267,https://i.scdn.co/image/ab67616d00004851d8559d0280ffe2a2af6dacdf,https://open.spotify.com/track/5CtI0qwDJkDQGwXD1H1cLb
131,2018-02-22,132,Up,There's Nothing Holdin' Me Back,Shawn Mendes,691622,https://i.scdn.co/image/ab67616d00004851f9cbd0c07513a7232cd6b9a7,https://open.spotify.com/track/79cuOz3SPQTuFrp8WgftAu
132,2018-02-22,133,Up,That's What I Like,Bruno Mars,691534,https://i.scdn.co/image/ab67616d00004851232711f7d66a1e19e89e28c5,https://open.spotify.com/track/0KKkJNfGyhkQ5aFogxQAPU
133,2018-02-22,134,Down,Closer,The Chainsmokers,690860,https://i.scdn.co/image/ab67616d00004851495ce6da9aeb159e94eaa453,https://open.spotify.com/track/7BKLCZ1jbUBVqRi2FVlTVw
134,2018-02-22,135,Up,Robarte un Beso,Carlos Vives,687063,https://i.scdn.co/image/ab67616d00004851575fb66ec11e54fb68d548a5,https://open.spotify.com/track/0JcNysfWVWaMS7R6vzGB2k
135,2018-02-22,136,Down,Opps (with Yugen Blakrok),Vince Staples,675288,https://i.scdn.co/image/28e755c12683e1038efd53a902601e7f7ed4dbc5,https://open.spotify.com/track/7bUcBztfGqO7cSI2gMZeCI
136,2018-02-22,137,Down,Bounce Out With That,YBN Nahmir,673252,https://i.scdn.co/image/ab67616d00004851af41341020c85f2f2279aeb2,https://open.spotify.com/track/5lZsh9Qf7CbHI9Fcc7Zcsq
137,2018-02-22,138,Up,Go Flex,Post Malone,669457,https://i.scdn.co/image/23bae95100dcb6ac8f88c19fa2a11c50a998a926,https://open.spotify.com/track/5yuShbu70mtHXY0yLzCQLQ
138,2018-02-22,139,Up,Bella y Sensual,Romeo Santos,668876,https://i.scdn.co/image/ab67616d00004851827d0777f8cccdf5b7481442,https://open.spotify.com/track/0ERbK7qVqveCaBWIiYCrl3
139,2018-02-22,140,Flat,Escápate Conmigo (feat. Ozuna),Wisin,667678,https://i.scdn.co/image/ab67616d00004851c7524a697e709517b50681b2,https://open.spotify.com/track/1KSqYYJFyfTecXFk9M0prc
140,2018-02-22,141,Down,Black Panther,Kendrick Lamar,666637,https://i.scdn.co/image/28e755c12683e1038efd53a902601e7f7ed4dbc5,https://open.spotify.com/track/5qN4HFkapdAOV94XPryVof
141,2018-02-22,142,Down,"I Don’t Wanna Live Forever (Fifty Shades Darker) - From ""Fifty Shades Darker (Original Motion Picture Soundtrack)""",ZAYN,662141,https://i.scdn.co/image/ab67616d000048512ae921f082ae5db4d3da818f,https://open.spotify.com/track/3NdDpSvN911VPGivFlV5d0
142,2018-02-22,143,Down,Issues,Julia Michaels,658831,https://i.scdn.co/image/bed97a5c36c8dda6724f89ecfd8c23497cc897f4,https://open.spotify.com/track/7vu0JkJh0ldukEYbTVcqd0
143,2018-02-22,144,Up,Felices los 4,Maluma,649289,https://i.scdn.co/image/ab67616d00004851d9732b592276542ecafa6c6d,https://open.spotify.com/track/0qYTZCo5Bwh1nsUFGZP3zn
144,2018-02-22,145,Flat,Passionfruit,Drake,644836,https://i.scdn.co/image/6dfd956b9331fa9ea1f47ebb95311951ed72b3db,https://open.spotify.com/track/5mCPDVBb16L4XQwDdbRUpz
145,2018-02-22,146,Up,I Get The Bag (feat. Migos),Gucci Mane,642127,https://i.scdn.co/image/ab67616d00004851af7525e55333b110ff0f4e95,https://open.spotify.com/track/1XRgIKC5TPwo7nWGyKqgG0
146,2018-02-22,147,Flat,I Am,Jorja Smith,637023,https://i.scdn.co/image/28e755c12683e1038efd53a902601e7f7ed4dbc5,https://open.spotify.com/track/0DJBgBiYeSn6n1AXAkFVE8
147,2018-02-22,148,Up,Mama,Jonas Blue,636808,https://i.scdn.co/image/14891cf71e2287163c137e90074783ba5cdd4ff4,https://open.spotify.com/track/0NiXXAI876aGImAd6rTj8w
148,2018-02-22,149,Down,A Million Dreams,Ziv Zaifman,636417,https://i.scdn.co/image/ab67616d00004851128057b40732c042c86de1dd,https://open.spotify.com/track/0RoA7ObU6phWpqhlC9zH4Z
149,2018-02-22,150,Flat,Fuck Love (feat. Trippie Redd),XXXTENTACION,633632,https://i.scdn.co/image/ab67616d00004851203c89bd4391468eea4cc3f5,https://open.spotify.com/track/7AQim7LbvFVZJE3O8TYgf2
150,2018-02-22,151,Up,DNA.,Kendrick Lamar,632214,https://i.scdn.co/image/ae1f239b41e9604a66eb900834c6887cd2f62ff1,https://open.spotify.com/track/6HZILIRieu8S0iqY8kIKhj
151,2018-02-22,152,Up,Galway Girl,Ed Sheeran,630690,https://i.scdn.co/image/ab67616d00004851ba5db46f4b838ef6027e6f96,https://open.spotify.com/track/0afhq8XCExXpqazXczTSve
152,2018-02-22,153,Down,Never Enough,Loren Allred,630059,https://i.scdn.co/image/ab67616d00004851128057b40732c042c86de1dd,https://open.spotify.com/track/0Gl5s8IhMmQE5YQwM8Qx1J
153,2018-02-22,154,Up,Perro Fiel (feat. Nicky Jam),Shakira,622528,https://i.scdn.co/image/ab67616d00004851d05d3aad30c5fb7614893cf5,https://open.spotify.com/track/70lnL3QaSOIIyMa2X9aVRL
154,2018-02-22,155,Up,Redbone,Childish Gambino,619043,https://i.scdn.co/image/ab67616d000048510b97e56ffad7c6211aa848f8,https://open.spotify.com/track/3kxfsdsCpFgN412fpnW85Y
155,2018-02-22,156,Up,Friends (with BloodPop®),Justin Bieber,618514,https://i.scdn.co/image/ab67616d00004851302806b2c89a0f7a24b4922c,https://open.spotify.com/track/7nZmah2llfvLDiUjm0kiyz
156,2018-02-22,157,Down,The Weekend - Funk Wav Remix,SZA,617125,https://i.scdn.co/image/ab67616d00004851b19d1cc6a00ae1d4ddcbfd37,https://open.spotify.com/track/0P6AWOA4LG1XOctzaVu5tt
157,2018-02-22,158,Down,"I'm the One (feat. Justin Bieber, Quavo, Chance the Rapper & Lil Wayne)",DJ Khaled,616247,https://i.scdn.co/image/ab67616d00004851dcb6a73da1e7f293b875f69c,https://open.spotify.com/track/3DXncPQOG4VBw3QHh3S817
158,2018-02-22,159,Down,"Lose Yourself - From ""8 Mile"" Soundtrack",Eminem,615429,https://i.scdn.co/image/ab67616d00004851a8a32ae2a279b9bf03445738,https://open.spotify.com/track/7w9bgPAmPTtrkt2v16QWvQ
159,2018-02-22,160,Down,Wanted You (feat. Lil Uzi Vert),NAV,614137,https://i.scdn.co/image/8eebb0096ab97f23172ea197224a4ee0267043eb,https://open.spotify.com/track/790MhTXPFrYkrqCKvpg4t1
160,2018-02-22,161,Down,Havana - Remix,Camila Cabello,612843,https://i.scdn.co/image/ab67616d000048515556fb4dfea9c05e09519c25,https://open.spotify.com/track/3whrwq4DtvucphBPUogRuJ
161,2018-02-22,162,Up,Roll In Peace (feat. XXXTENTACION),Kodak Black,610852,https://i.scdn.co/image/ab67616d00004851583ce93dc89d84218f233ea7,https://open.spotify.com/track/40oKW22ZNNkEdZLJTScaQI
162,2018-02-22,163,Down,Wild Thoughts (feat. Rihanna & Bryson Tiller),DJ Khaled,608275,https://i.scdn.co/image/ab67616d00004851dcb6a73da1e7f293b875f69c,https://open.spotify.com/track/1OAh8uOEOvTDqkKFsKksCi
163,2018-02-22,164,Down,Dreamer,Axwell /\ Ingrosso,605873,https://i.scdn.co/image/ab67616d00004851a1944d8afb76a8fd03ed8c0f,https://open.spotify.com/track/7hvxMYq9JW5W0vFwiu1Zdr
164,2018-02-22,165,Up,What About Us,P!nk,603638,https://i.scdn.co/image/ab67616d0000485100164c96548a622d34b39828,https://open.spotify.com/track/0Qh38w01QRXK6KHIv0e3hb
165,2018-02-22,166,Flat,Starboy,The Weeknd,603036,https://i.scdn.co/image/ab67616d000048510c8599cbde51245c128bcea9,https://open.spotify.com/track/5aAx2yezTd8zXrkmtKl66Z
166,2018-02-22,167,Up,Feels,Calvin Harris,600628,https://i.scdn.co/image/ab67616d000048514d3fa5ce7ba599f4fd7803ef,https://open.spotify.com/track/5bcTCxgc7xVfSaMV3RuVke
167,2018-02-22,168,Down,Notice Me,Migos,599662,https://i.scdn.co/image/36f1a1c6bddf8a4c0b9e6c7612a9b25048904344,https://open.spotify.com/track/3OnOomd79OjqSYHchCQ6ht
168,2018-02-22,169,Up,Wonderwall - Remastered,Oasis,596608,https://i.scdn.co/image/ab67616d0000485185e5dcc05cc216a10f141480,https://open.spotify.com/track/5qqabIl2vWzo9ApSC317sa
169,2018-02-22,170,Flat,End Game,Taylor Swift,594135,https://i.scdn.co/image/c2e6423b9624845f6dd57aef8ce00fa53aedcef7,https://open.spotify.com/track/2x0WlnmfG39ZuDmstl9xfX
170,2018-02-22,171,Flat,Mask Off,Future,588042,https://i.scdn.co/image/ab67616d00004851e0b64c8be3c4e804abcb2696,https://open.spotify.com/track/0VgkVdmE4gld66l8iyGjgx
171,2018-02-22,172,Down,Wait,Maroon 5,586657,https://i.scdn.co/image/ab67616d000048519ccf08d3f74b36b7880522b5,https://open.spotify.com/track/1Qg9jWGDkKAGZXj5v2OG59
172,2018-02-22,173,Up,El Farsante - Remix,Ozuna,586204,https://i.scdn.co/image/ab67616d000048519730f9b901c4ca652c0fd21b,https://open.spotify.com/track/7uYgVgRSgqluZclLS7wpp4
173,2018-02-22,174,Up,White Iverson,Post Malone,577905,https://i.scdn.co/image/23bae95100dcb6ac8f88c19fa2a11c50a998a926,https://open.spotify.com/track/6eT7xZZlB2mwyzJ2sUKG6w
174,2018-02-22,175,Down,Glorious (feat. Skylar Grey),Macklemore,577853,https://i.scdn.co/image/ab67616d000048512e94b668c60b06deb1c3a05c,https://open.spotify.com/track/0CokSRCu5hZgPxcZBaEzVE
175,2018-02-22,176,Up,It Ain't Me (with Selena Gomez),Kygo,577594,https://i.scdn.co/image/ab67616d0000485141f289940f2e6a0d51988d77,https://open.spotify.com/track/3eR23VReFzcdmS7TYCrhCe
176,2018-02-22,177,Up,Stay,Zedd,570978,https://i.scdn.co/image/747037023c4423be7d41f3dd245f16ce75a652e7,https://open.spotify.com/track/0I20rLT2MJDhcF96AjbNYo
177,2018-02-22,178,Down,'Till I Collapse,Eminem,567550,https://i.scdn.co/image/ab67616d00004851ccdb1982626f299b3b1d3efd,https://open.spotify.com/track/6yr8GiTHWvFfi4o6Q5ebdT
178,2018-02-22,179,Down,The Other Side,Hugh Jackman,563317,https://i.scdn.co/image/ab67616d00004851128057b40732c042c86de1dd,https://open.spotify.com/track/2cKovq3l6OJjhVVDbVKOsr
179,2018-02-22,180,Up,Scared to Be Lonely,Martin Garrix,562774,https://i.scdn.co/image/ab67616d0000485164f8a309aa3c0a66a31fc374,https://open.spotify.com/track/3ebXMykcMXOcLeJ9xZ17XH
180,2018-02-22,181,Up,Swalla (feat. Nicki Minaj & Ty Dolla $ign),Jason Derulo,559298,https://i.scdn.co/image/ab67616d000048519d6522bee68370fa5592301d,https://open.spotify.com/track/6kex4EBAj0WHXDKZMEJaaF
181,2018-02-22,182,Up,Vai malandra (feat. Tropkillaz & DJ Yuri Martins),Anitta,558624,https://i.scdn.co/image/ab67616d000048512862285a618721193e8fdac6,https://open.spotify.com/track/6u0EAxf1OJTLS7CvInuNd7
182,2018-02-22,183,Up,Despacito (Featuring Daddy Yankee),Luis Fonsi,557603,https://i.scdn.co/image/ab67616d00004851a5971936e3b8d91f8b616b17,https://open.spotify.com/track/4aWmUDTfIPGksMNLV2rQP2
183,2018-02-22,184,Down,Barking,Ramz,555357,https://i.scdn.co/image/ab67616d0000485137a4c7a7325191433f3c2679,https://open.spotify.com/track/7amMgNDcObIDkIXv4xcvc2
184,2018-02-22,185,Down,"Home (with Machine Gun Kelly, X Ambassadors & Bebe Rexha)",Machine Gun Kelly,554935,https://i.scdn.co/image/ab67616d000048517a3fbbab0e9fb050a08fa065,https://open.spotify.com/track/0OI7AFifLSoGzpb8bdBLLV
185,2018-02-22,186,Up,Una Lady Como Tú,Manuel Turizo,547235,https://i.scdn.co/image/ab67616d00004851f9dc35bc367fcf98e763d27e,https://open.spotify.com/track/7MHN1aCFtLXjownGhvEQlF
186,2018-02-22,187,Up,Cocky (feat. London On Da Track),A$AP Rocky,542781,https://i.scdn.co/image/ab67616d000048517cf0eb32d99c3f56727ac99a,https://open.spotify.com/track/1nO2NjuFkGaAWcMdJ1pNrp
187,2018-02-22,188,Down,Leave a Light On,Tom Walker,541610,https://i.scdn.co/image/ab67616d00004851bc1a09ac82f9aa9af62f2ca4,https://open.spotify.com/track/6lOWoTqVnAWXchddtTH31W
188,2018-02-22,189,Up,Mr. Brightside,The Killers,535419,https://i.scdn.co/image/7d778100d0160184d61981dc8aa666ee6fec0151,https://open.spotify.com/track/7oK9VyNzrYvRFo7nQEYkWN
189,2018-02-22,190,Up,Happier,Ed Sheeran,534388,https://i.scdn.co/image/ab67616d00004851ba5db46f4b838ef6027e6f96,https://open.spotify.com/track/2RttW7RAu5nOAfq6YFvApB
190,2018-02-22,191,Down,Red Roses (feat. Landon Cube),Lil Skies,533633,https://i.scdn.co/image/ab67616d00004851c56dcd1015c1ffb8c56d2988,https://open.spotify.com/track/3ZhTT6yjZwpPph5MIJ53XY
191,2018-02-22,192,New,Sign of the Times,Harry Styles,533532,https://i.scdn.co/image/ab67616d000048516c619c39c853f8b1d67b7859,https://open.spotify.com/track/5Ohxk2dO5COHF1krpoPigN
192,2018-02-22,193,Down,Real Friends,Camila Cabello,532901,https://i.scdn.co/image/ab67616d000048516eb0b9e73adcf04e4ed3eca4,https://open.spotify.com/track/3iq9nhbI8fcnNamxMft1uv
193,2018-02-22,194,Down,KEKE,6ix9ine,532304,https://i.scdn.co/image/13dcd7ae198de3fa2a92346afe3942e6ce8d5e8e,https://open.spotify.com/track/0zl3PdjIl320fK0pxBGWNR
194,2018-02-22,195,Down,Back to You (feat. Bebe Rexha & Digital Farm Animals),Louis Tomlinson,532215,https://i.scdn.co/image/ab67616d00004851327d7ffa53a268bf7411c28b,https://open.spotify.com/track/7F9vK8hNFMml4GtHsaXui6
195,2018-02-22,196,Down,All of Me,John Legend,531644,https://i.scdn.co/image/ab67616d00004851bdaaf09e0838ef5e78560eee,https://open.spotify.com/track/3uhBIQ7tv8j1FME8cFGEfG
196,2018-02-22,197,New,La Modelo,Ozuna,529960,https://i.scdn.co/image/ab67616d0000485179b9a937f463259abdb90613,https://open.spotify.com/track/2m2ZGfJcs3lHWNPzhWH3XH
197,2018-02-22,198,Up,Pretty Girl - Cheat Codes X CADE Remix,Maggie Lindemann,524426,https://i.scdn.co/image/ab67616d000048517c7436e1b6273be0e7bc1a84,https://open.spotify.com/track/1NDxZ7cFAo481dtYWdrUnR
198,2018-02-22,199,Down,Without You (feat. Sandro Cavazza),Avicii,523696,https://i.scdn.co/image/ab67616d0000485130800bfbfff51ddb031d9bd7,https://open.spotify.com/track/6WbADFqMvR8N5u0BvtsWQE
199,2018-02-22,200,Down,Do Right,Glades,520094,https://i.scdn.co/image/ab67616d00004851c25cac9105f9cf771f0c6580,https://open.spotify.com/track/45w70aQhNwke1yrQZO0ffm
