,Date,Position,Trend,Title,Artist,Streams,Icon_URL,Spotify_URL
0,2018-02-09,1,Flat,God's Plan,Drake,7119016,https://i.scdn.co/image/ab67616d000048515e8f046078b784e6f8502008,https://open.spotify.com/track/2XW4DbS6NddZxRPm5rMCeY
1,2018-02-09,2,Up,All The Stars (with SZA),Kendrick Lamar,4172783,https://i.scdn.co/image/ab67616d000048516bf36d6497b0db242c514a91,https://open.spotify.com/track/2Imq77E6CEJR5TPUxlJvTY
2,2018-02-09,3,Up,Pray For Me (with Kendrick Lamar),The Weeknd,3807792,https://i.scdn.co/image/ab67616d000048518ac2a58fbcab6a775e790b15,https://open.spotify.com/track/4ofvoCdXq99vpMZO4Cfp8x
3,2018-02-09,4,Down,rockstar,Post Malone,3467252,https://i.scdn.co/image/ab67616d00004851d3884f06c92d826ecd87a319,https://open.spotify.com/track/1OmcAT5Y8eg5bUPv9qJT4R
4,2018-02-09,5,Down,Havana (feat. Young Thug),Camila Cabello,3294385,https://i.scdn.co/image/ab67616d000048516eb0b9e73adcf04e4ed3eca4,https://open.spotify.com/track/1rfofaqEpACxVEHIZBJe6W
5,2018-02-09,6,Down,IDGAF,Dua Lipa,3092872,https://i.scdn.co/image/ab67616d000048516b915e407b70e121e06fe979,https://open.spotify.com/track/76cy1WJvNGJTj78UqeA5zr
6,2018-02-09,7,Down,Finesse - Remix; feat. Cardi B,Bruno Mars,2854162,https://i.scdn.co/image/ab67616d0000485147e522adf030a78615cdea06,https://open.spotify.com/track/3Vo4wInECJQuz9BIBMOu8i
7,2018-02-09,8,Flat,River (feat. Ed Sheeran),Eminem,2660708,https://i.scdn.co/image/ab67616d00004851255191ed87a907d362b43f19,https://open.spotify.com/track/5UEnHoDYpsxlfzWLZIc7LD
8,2018-02-09,9,Down,Mine,Bazzi,2650413,https://i.scdn.co/image/ab67616d0000485173924baaee2d2e94829953bf,https://open.spotify.com/track/6tHWl8ows5JOZq9Yfaqn3M
9,2018-02-09,10,Down,Échame La Culpa,Luis Fonsi,2570590,https://i.scdn.co/image/ab67616d000048510ac9a58447dfccc5127248e0,https://open.spotify.com/track/1zsG4eaZmkA1dvjDDsAGLK
10,2018-02-09,11,Up,Dura,Daddy Yankee,2420180,https://i.scdn.co/image/ab67616d00004851407475cb28e657ec856dcbaf,https://open.spotify.com/track/2j2fIJGh4PMdXt9ULI5Tlc
11,2018-02-09,12,Down,Never Be the Same,Camila Cabello,2416493,https://i.scdn.co/image/ab67616d000048516eb0b9e73adcf04e4ed3eca4,https://open.spotify.com/track/4eWQlBRaTjPPUlzacqEeoQ
12,2018-02-09,13,Down,The Middle,Zedd,2352160,https://i.scdn.co/image/0557d7b7e38ea3dba6c6ecca038bd33b7c69e60f,https://open.spotify.com/track/09IStsImFySgyp0pIQdqAc
13,2018-02-09,14,Down,Let You Down,NF,2314544,https://i.scdn.co/image/ab67616d0000485139e85b6ae069d1e25bbc89df,https://open.spotify.com/track/6mrKP2jyIQmM0rw6fQryjr
14,2018-02-09,15,New,Black Panther,Kendrick Lamar,2305438,https://i.scdn.co/image/ab67616d000048516bf36d6497b0db242c514a91,https://open.spotify.com/track/3vKU0GTHo5nl3kTCYAiqc3
15,2018-02-09,16,Down,Wolves,Selena Gomez,2305095,https://i.scdn.co/image/ab67616d0000485110368f28dac3b838770f985c,https://open.spotify.com/track/7EmGUiUaOSGDnUUQUDrOXC
16,2018-02-09,17,Down,New Rules,Dua Lipa,2293616,https://i.scdn.co/image/ab67616d000048516b915e407b70e121e06fe979,https://open.spotify.com/track/2ekn2ttSfGqwhhate0LSR0
17,2018-02-09,18,Down,Him & I (with Halsey),G-Eazy,2220707,https://i.scdn.co/image/ab67616d00004851046527a9c176f7c2916f3530,https://open.spotify.com/track/5k38wzpLb15YgncyWdTZE4
18,2018-02-09,19,New,X (with 2 Chainz & Saudi),ScHoolboy Q,2204390,https://i.scdn.co/image/ab67616d000048516bf36d6497b0db242c514a91,https://open.spotify.com/track/4iEpZuwhEuoilKaZjXQPbF
19,2018-02-09,20,Up,These Days,Rudimental,2200389,https://i.scdn.co/image/ab67616d00004851e9f49a29f00d42d7857794a5,https://open.spotify.com/track/5CLGzJsGqhCEECcpnFQA8x
20,2018-02-09,21,Down,Stir Fry,Migos,2197896,https://i.scdn.co/image/36f1a1c6bddf8a4c0b9e6c7612a9b25048904344,https://open.spotify.com/track/2UVbBKQOdFAekPTRsnkzcf
21,2018-02-09,22,Down,Perfect,Ed Sheeran,2196297,https://i.scdn.co/image/ab67616d00004851ba5db46f4b838ef6027e6f96,https://open.spotify.com/track/0tgVpDi06FyKpA1z0VMD4v
22,2018-02-09,23,Down,Sick Boy,The Chainsmokers,2101317,https://i.scdn.co/image/ab67616d00004851d7d74b46db493ab3e45c391e,https://open.spotify.com/track/7jqDzXJS0K0Re8uphYNit0
23,2018-02-09,24,Down,Meant to Be (feat. Florida Georgia Line),Bebe Rexha,2077218,https://i.scdn.co/image/ab67616d000048511ba5682505dd6e2592b16e41,https://open.spotify.com/track/7iDa6hUg2VgEL1o1HjmfBn
24,2018-02-09,25,Down,I Fall Apart,Post Malone,2049796,https://i.scdn.co/image/23bae95100dcb6ac8f88c19fa2a11c50a998a926,https://open.spotify.com/track/75ZvA4QfFiZvzhj2xkaWAh
25,2018-02-09,26,Up,"King's Dead (with Kendrick Lamar, Future & James Blake)",Jay Rock,1941776,https://i.scdn.co/image/ab67616d00004851c3de572921cabde540d4880a,https://open.spotify.com/track/51rXHuKN8Loc4sUlKPODgH
26,2018-02-09,27,Down,Shape of You,Ed Sheeran,1927668,https://i.scdn.co/image/ab67616d00004851ba5db46f4b838ef6027e6f96,https://open.spotify.com/track/7qiZfU4dY1lWllzX7mPBI3
27,2018-02-09,28,New,The Ways (with Swae Lee),Khalid,1907247,https://i.scdn.co/image/ab67616d000048516bf36d6497b0db242c514a91,https://open.spotify.com/track/3pf6HWXtEalIWoZcPTFbc6
28,2018-02-09,29,Down,"Let Me Go (with Alesso, Florida Georgia Line & watt)",Hailee Steinfeld,1902111,https://i.scdn.co/image/ab67616d00004851dbdc892395413def043e0655,https://open.spotify.com/track/5AEtlRudpgdT5FtNiuly6Y
29,2018-02-09,30,Down,Corazón,Maluma,1811123,https://i.scdn.co/image/ab67616d000048516876ec811b26ba2094565b34,https://open.spotify.com/track/4lESS6vuruP6a79KWRaQou
30,2018-02-09,31,Down,Say Something,Justin Timberlake,1788001,https://i.scdn.co/image/ab67616d000048514626ff0fee963da605f6aa06,https://open.spotify.com/track/1LhMopPAallLeaeNutqbgS
31,2018-02-09,32,Down,Bella,Wolfine,1783363,https://i.scdn.co/image/ab67616d000048517545b0cf4455b3d8a9ff57ed,https://open.spotify.com/track/4R55IUi2x7S5ek2SpebOiE
32,2018-02-09,33,Down,Downtown,Anitta,1769451,https://i.scdn.co/image/ab67616d000048518c6b830c36c7b4ac43c3cee8,https://open.spotify.com/track/3Ga6eKrUFf12ouh9Yw3v2D
33,2018-02-09,34,Down,I Miss You (feat. Julia Michaels),Clean Bandit,1704426,https://i.scdn.co/image/ab67616d000048518341ce7a7a1f4ab4182823d5,https://open.spotify.com/track/2xmrfQpmS2iJExTlklLoAL
34,2018-02-09,35,New,Big Shot (with Travis Scott),Kendrick Lamar,1683872,https://i.scdn.co/image/28e755c12683e1038efd53a902601e7f7ed4dbc5,https://open.spotify.com/track/5cXg9IQS34FzLVdHhp7hu7
35,2018-02-09,36,Down,What Lovers Do (feat. SZA),Maroon 5,1677958,https://i.scdn.co/image/ab67616d000048519ccf08d3f74b36b7880522b5,https://open.spotify.com/track/3hBBKuWJfxlIlnd9QFoC8k
36,2018-02-09,37,Down,Déjala que vuelva (feat. Manuel Turizo),Piso 21,1668868,https://i.scdn.co/image/ab67616d000048514ed4c2e64f7bf0977aa70b42,https://open.spotify.com/track/33bnxcjePIkcmNjEFTJX0l
37,2018-02-09,38,Down,Rewrite The Stars,Zac Efron,1664038,https://i.scdn.co/image/ab67616d00004851d44e723b677380dfbc899bcd,https://open.spotify.com/track/630sXRhIcfwr2e4RdNtjKN
38,2018-02-09,39,Down,Criminal,Natti Natasha,1642403,https://i.scdn.co/image/ab67616d000048515f3f4af0d3e662247a7d8cff,https://open.spotify.com/track/6Za3190Sbw39BBC77WSS1C
39,2018-02-09,40,Down,Silence,Marshmello,1630037,https://i.scdn.co/image/ab67616d00004851f33ba583059dc2f7d08bf2b8,https://open.spotify.com/track/7vGuf3Y35N4wmASOKLUVVU
40,2018-02-09,41,Down,Too Good At Goodbyes,Sam Smith,1577965,https://i.scdn.co/image/eb645ad7342e0f34817e16d9d4061c3b5e374d4c,https://open.spotify.com/track/1mXVgsBdtIVeCLJnSnmtdV
41,2018-02-09,42,New,FRIENDS,Marshmello,1567617,https://i.scdn.co/image/ab67616d00004851569f64493ca55cd96fdee412,https://open.spotify.com/track/08bNPGLD8AhKpnnERrAc6G
42,2018-02-09,43,Down,This Is Me,Keala Settle,1554444,https://i.scdn.co/image/ab67616d00004851b33c769adce9e164764a7ca0,https://open.spotify.com/track/2xGjteMU3E1tkEPVFBO08U
43,2018-02-09,44,Down,Narcos,Migos,1552431,https://i.scdn.co/image/36f1a1c6bddf8a4c0b9e6c7612a9b25048904344,https://open.spotify.com/track/0wbnC9AUenxp613TYaJsGK
44,2018-02-09,45,New,Look Alive (feat. Drake),BlocBoy JB,1520856,https://i.scdn.co/image/ab67616d0000485155cad990bc1ce5808367fa0e,https://open.spotify.com/track/4qKcDkK6siZ7Jp1Jb4m0aL
45,2018-02-09,46,Down,Feel It Still,Portugal. The Man,1491387,https://i.scdn.co/image/ab67616d00004851af52c228c9619ff6298b08cd,https://open.spotify.com/track/6QgjcU0zLnzq5OrUoSZ3OK
46,2018-02-09,47,Down,Thunder,Imagine Dragons,1483943,https://i.scdn.co/image/ab67616d000048517956bd9a3d7a15e4c2e37cc6,https://open.spotify.com/track/0tKcYR2II1VCQWT79i5NrW
47,2018-02-09,48,Down,Sensualidad,Bad Bunny,1459916,https://i.scdn.co/image/ab67616d00004851c0ca1263b2966ddff794d3bb,https://open.spotify.com/track/5hcisvFMidkMJlElTO9Qmw
48,2018-02-09,49,Down,Bartier Cardi (feat. 21 Savage),Cardi B,1433952,https://i.scdn.co/image/ab67616d000048518cb4b5d8ae71725b96b8907c,https://open.spotify.com/track/75FDPwaULRdYDn4StFN2rT
49,2018-02-09,50,Down,XO Tour Llif3,Lil Uzi Vert,1431334,https://i.scdn.co/image/ab67616d0000485141b41e6f7924e530a9b00f9c,https://open.spotify.com/track/7GX5flRQZVHRAGd6B4TmDO
50,2018-02-09,51,Down,Tip Toe (feat. French Montana),Jason Derulo,1420368,https://i.scdn.co/image/ab67616d000048511ba06755018b46f2a6a2a7ff,https://open.spotify.com/track/2z4pcBLQXF2BXKFvd0BuB6
51,2018-02-09,52,Down,EL BAÑO,Enrique Iglesias,1413465,https://i.scdn.co/image/ab67616d000048517a201c3a7e4677711df31e57,https://open.spotify.com/track/2vvdTrdryjsl8DmPIMDWZU
52,2018-02-09,53,Down,Perfect Duet (Ed Sheeran & Beyoncé),Ed Sheeran,1412223,https://i.scdn.co/image/ab67616d00004851af6b2fca3b6e24612a5fe5d8,https://open.spotify.com/track/1bhUWB0zJMIKr9yVPrkEuI
53,2018-02-09,54,Down,No Limit,G-Eazy,1411220,https://i.scdn.co/image/ab67616d00004851046527a9c176f7c2916f3530,https://open.spotify.com/track/2DQ1ITjI0YoLFzuADN1ZBW
54,2018-02-09,55,Down,Ric Flair Drip (& Metro Boomin),Offset,1396329,https://i.scdn.co/image/ab67616d000048510f206fe737d46f2f2d826d83,https://open.spotify.com/track/7sO5G9EABYOXQKNPNiE9NR
55,2018-02-09,56,Down,Dusk Till Dawn - Radio Edit,ZAYN,1389146,https://i.scdn.co/image/ab67616d0000485123852b7ef0ecfe29d38d97ee,https://open.spotify.com/track/1j4kHkkpqZRBwE0A4CN4Yv
56,2018-02-09,57,Down,HUMBLE.,Kendrick Lamar,1388737,https://i.scdn.co/image/ae1f239b41e9604a66eb900834c6887cd2f62ff1,https://open.spotify.com/track/7KXjTSCq5nL1LoYtL7XAwS
57,2018-02-09,58,New,Opps (with Yugen Blakrok),Vince Staples,1384966,https://i.scdn.co/image/ab67616d000048516bf36d6497b0db242c514a91,https://open.spotify.com/track/0Pw6Gg8QChw5iSRRSrcWXP
58,2018-02-09,59,Down,For You (Fifty Shades Freed) (& Rita Ora),Liam Payne,1338418,https://i.scdn.co/image/ab67616d00004851ddc8bbc60fa930446a2b5718,https://open.spotify.com/track/5hM6sP0Gh1jD57drszNueC
59,2018-02-09,60,New,Paramedic!,SOB X RBE,1312615,https://i.scdn.co/image/28e755c12683e1038efd53a902601e7f7ed4dbc5,https://open.spotify.com/track/2tPcTFiQF9MbVUyjZ3zDhA
60,2018-02-09,61,Down,Young Dumb & Broke,Khalid,1301171,https://i.scdn.co/image/ab67616d00004851988ede5e1276e758b5f9e577,https://open.spotify.com/track/5Z3GHaZ6ec9bsiI5BenrbY
61,2018-02-09,62,New,I Am,Jorja Smith,1248978,https://i.scdn.co/image/28e755c12683e1038efd53a902601e7f7ed4dbc5,https://open.spotify.com/track/0DJBgBiYeSn6n1AXAkFVE8
62,2018-02-09,63,Down,Congratulations,Post Malone,1235220,https://i.scdn.co/image/23bae95100dcb6ac8f88c19fa2a11c50a998a926,https://open.spotify.com/track/3a1lNhkSLSkpJE4MSHpDu9
63,2018-02-09,64,New,Nuh Ready Nuh Ready,Calvin Harris,1229693,https://i.scdn.co/image/ab67616d000048516c24e5bc5153263aaccc39ad,https://open.spotify.com/track/2rYyq0b3XWwmWl0k727OVG
64,2018-02-09,65,Down,LOVE. FEAT. ZACARI.,Kendrick Lamar,1217689,https://i.scdn.co/image/ae1f239b41e9604a66eb900834c6887cd2f62ff1,https://open.spotify.com/track/6PGoSes0D9eUDeeAafB2As
65,2018-02-09,66,Down,So Far Away (feat. Jamie Scott & Romy Dya),Martin Garrix,1216811,https://i.scdn.co/image/ab67616d000048512bfb97c135445f83927049ca,https://open.spotify.com/track/0OlnLZY4cmQzT6ZGttvWBM
66,2018-02-09,67,Down,Anywhere,Rita Ora,1203984,https://i.scdn.co/image/ab67616d000048517a642f7a662f4c94683ac038,https://open.spotify.com/track/7EI6Iki24tBHAMxtb4xQN2
67,2018-02-09,68,Down,Candy Paint,Post Malone,1198025,https://i.scdn.co/image/ab67616d00004851bf95d2beddffbdb488310f67,https://open.spotify.com/track/42CeaId2XNlxugDvyqHfDf
68,2018-02-09,69,Down,Machika,J Balvin,1182932,https://i.scdn.co/image/ab67616d000048515b72e385b8296a8600016edd,https://open.spotify.com/track/6MNGxu8MprKGkchUchkJsy
69,2018-02-09,70,Down,MotorSport,Migos,1143541,https://i.scdn.co/image/36f1a1c6bddf8a4c0b9e6c7612a9b25048904344,https://open.spotify.com/track/4wFjTWCunQFKtukqrNijEt
70,2018-02-09,71,Down,Bum Bum Tam Tam,MC Fioti,1136433,https://i.scdn.co/image/ab67616d00004851f45f041104bda8b5737ded73,https://open.spotify.com/track/4zWO4gvuFtw6EJZC5FFGlr
71,2018-02-09,72,Down,How Long,Charlie Puth,1135211,https://i.scdn.co/image/ab67616d00004851872353e715cccea67fe3de91,https://open.spotify.com/track/32DGGj6KlNuBr6WaqRxpxi
72,2018-02-09,73,Down,Gucci Gang,Lil Pump,1130806,https://i.scdn.co/image/ab67616d00004851d52ef190ae5253eb2c3c764c,https://open.spotify.com/track/43ZyHQITOjhciSUUNPVRHc
73,2018-02-09,74,Down,PICK IT UP (feat. A$AP Rocky),Famous Dex,1121239,https://i.scdn.co/image/ab67616d00004851b3c4572395192f7c8d26820b,https://open.spotify.com/track/3ncgNpxLoBQ65ABk4djDyd
74,2018-02-09,75,Down,Betrayed,Lil Xan,1117956,https://i.scdn.co/image/ab67616d00004851fd53c5b8a4787f283833db4d,https://open.spotify.com/track/6NWl2m8asvH83xjuXVNsuG
75,2018-02-09,76,Down,Se Preparó,Ozuna,1103237,https://i.scdn.co/image/ab67616d00004851b0a875d7f1bfe4ec4aaffa48,https://open.spotify.com/track/1m69ELEgE6k5ZWsap40ozt
76,2018-02-09,77,Down,Unforgettable,French Montana,1085777,https://i.scdn.co/image/ab67616d000048518a31195a371b2233456f6c07,https://open.spotify.com/track/3B54sVLJ402zGa6Xm4YGNe
77,2018-02-09,78,New,Bloody Waters (with Anderson .Paak & James Blake),Ab-Soul,1080793,https://i.scdn.co/image/ab67616d000048516bf36d6497b0db242c514a91,https://open.spotify.com/track/0YOXGfOvoxzAl9XkxH8eEK
78,2018-02-09,79,Down,Mi Gente,J Balvin,1063118,https://i.scdn.co/image/ab67616d00004851996bd1ea86bd3815eedfeef5,https://open.spotify.com/track/2rb5MvYT7ZIxbKW5hfcHx8
79,2018-02-09,80,Down,Me Rehúso,Danny Ocean,1055189,https://i.scdn.co/image/ab67616d00004851a75bd33684083600569dd3bf,https://open.spotify.com/track/6De0lHrwBfPfrhorm9q1Xl
80,2018-02-09,81,Down,Sky Walker (feat. Travis Scott),Miguel,1049039,https://i.scdn.co/image/ab67616d000048515e9dff10c31ac14c6c6c920d,https://open.spotify.com/track/5WoaF1B5XIEnWfmb5NZikf
81,2018-02-09,82,Down,Bank Account,21 Savage,1034200,https://i.scdn.co/image/ab67616d00004851ac3c0aecec76cd7b5a54795e,https://open.spotify.com/track/2fQrGHiQOvpL9UgPvtYy6G
82,2018-02-09,83,Down,1-800-273-8255,Logic,1013227,https://i.scdn.co/image/08f9ccb7875a87c07c79c1ccd5319263786c55ea,https://open.spotify.com/track/5tz69p7tJuGPeMGwNTxYuV
83,2018-02-09,84,Down,Believer,Imagine Dragons,1008096,https://i.scdn.co/image/ab67616d000048517956bd9a3d7a15e4c2e37cc6,https://open.spotify.com/track/0CcQNd8CINkwQfe1RDtGV6
84,2018-02-09,85,Down,Attention,Charlie Puth,998547,https://i.scdn.co/image/ab67616d00004851db21a273452f0637cdbc35aa,https://open.spotify.com/track/4iLqG9SeJSnt0cSPICSjxv
85,2018-02-09,86,Down,Plain Jane,A$AP Ferg,986032,https://i.scdn.co/image/ab67616d00004851d79cfa3155b50beb5dbeeb9a,https://open.spotify.com/track/4dVpf9jZjcORqGTLUaeYj9
86,2018-02-09,87,Down,She Loves Control,Camila Cabello,983569,https://i.scdn.co/image/ab67616d000048516eb0b9e73adcf04e4ed3eca4,https://open.spotify.com/track/5HwnezK198pJCEj1l2Adjy
87,2018-02-09,88,Down,All Falls Down (feat. Juliander),Alan Walker,978835,https://i.scdn.co/image/ab67616d00004851206fdebc66bd04d9913f035d,https://open.spotify.com/track/5yFSF6qQA1rcLsQRnBsZgb
88,2018-02-09,89,Up,Capital Letters,Hailee Steinfeld,972830,https://i.scdn.co/image/ab67616d00004851f6630162a999e1cf78afbbae,https://open.spotify.com/track/3towKHKVOXCCcL1fHv6xFO
89,2018-02-09,90,Down,Stargazing,Kygo,967811,https://i.scdn.co/image/ab67616d00004851a333559091297eda04eba27c,https://open.spotify.com/track/0Zbbxnx4SGGHoIow4PpISP
90,2018-02-09,91,Down,Mayores,Becky G,964954,https://i.scdn.co/image/ab67616d00004851b5983d639fd953deb3c99848,https://open.spotify.com/track/7JNh1cfm0eXjqFVOzKLyau
91,2018-02-09,92,Down,Something Just Like This,The Chainsmokers,964468,https://i.scdn.co/image/ab67616d000048510c13d3d5a503c84fcc60ae94,https://open.spotify.com/track/6RUKPb4LETWmmr3iAEQktW
92,2018-02-09,93,Down,Bodak Yellow,Cardi B,958709,https://i.scdn.co/image/ab67616d0000485162a2dedc55a38a0fca0a17b0,https://open.spotify.com/track/2771LMNxwf62FTAdpJMQfM
93,2018-02-09,94,Down,Walk It Talk It,Migos,957831,https://i.scdn.co/image/36f1a1c6bddf8a4c0b9e6c7612a9b25048904344,https://open.spotify.com/track/6n4U3TlzUGhdSFbUUhTvLP
94,2018-02-09,95,Down,I Like Me Better,Lauv,953998,https://i.scdn.co/image/ab67616d00004851fab48816b625e2a77a732400,https://open.spotify.com/track/1wjzFQodRWrPcQ0AnYnvQ9
95,2018-02-09,96,Down,Solita,Ozuna,946264,https://i.scdn.co/image/ab67616d00004851bc739e4f39cb4d5c253fcb64,https://open.spotify.com/track/7rwX0O3RlxqqIjQM8evm5E
96,2018-02-09,97,Down,Quiero Repetir,Ozuna,946136,https://i.scdn.co/image/ab67616d00004851b0a875d7f1bfe4ec4aaffa48,https://open.spotify.com/track/0MIcPSq9n2z5H8TAfEstri
97,2018-02-09,98,Flat,Síguelo Bailando,Ozuna,945647,https://i.scdn.co/image/ab67616d00004851b0a875d7f1bfe4ec4aaffa48,https://open.spotify.com/track/5Y9fnynLlIvqtM710MHzfz
98,2018-02-09,99,New,Wild Love,James Bay,933223,https://i.scdn.co/image/ab67616d00004851c4127961c69cb0bcded4a4db,https://open.spotify.com/track/6JnRLa50GuHzF0ucg9AGMI
99,2018-02-09,100,Down,Sorry Not Sorry,Demi Lovato,920982,https://i.scdn.co/image/ab67616d00004851ec9c72308e30e7aa1d22b37d,https://open.spotify.com/track/3m660poUr1chesgkkjQM7P
100,2018-02-09,101,Down,Lonely Together (feat. Rita Ora),Avicii,903805,https://i.scdn.co/image/241ee98f30f1a0066a26890586952e393a473b0d,https://open.spotify.com/track/2OALaHcDdKkjYEpAr0Qzab
101,2018-02-09,102,Up,Vai malandra (feat. Tropkillaz & DJ Yuri Martins),Anitta,901835,https://i.scdn.co/image/ab67616d000048512862285a618721193e8fdac6,https://open.spotify.com/track/6u0EAxf1OJTLS7CvInuNd7
102,2018-02-09,103,Down,Dembow,Danny Ocean,894211,https://i.scdn.co/image/ab67616d00004851418acc3f747c7a42f91c72c6,https://open.spotify.com/track/2EzRdhuoPyNJDlep7lnNf2
103,2018-02-09,104,Down,More Than You Know,Axwell /\ Ingrosso,889457,https://i.scdn.co/image/ab67616d00004851a1944d8afb76a8fd03ed8c0f,https://open.spotify.com/track/71bBFbfn2OBK5QwUJSLS44
104,2018-02-09,105,Down,Filthy,Justin Timberlake,872163,https://i.scdn.co/image/ab67616d000048514626ff0fee963da605f6aa06,https://open.spotify.com/track/5ZpjODX6OH1xZs3AOewTO6
105,2018-02-09,106,Down,Naked,James Arthur,870787,https://i.scdn.co/image/ab67616d00004851f13bfa0da7b94ac3272f3152,https://open.spotify.com/track/7krbSH3rd8lhIZvuzTV3Bl
106,2018-02-09,107,Down,Déjate Llevar,Juan Magán,868828,https://i.scdn.co/image/ab67616d00004851aa674375a551ed3dee543c34,https://open.spotify.com/track/3xWEI23MLJrD0dpDcDUTW6
107,2018-02-09,108,New,Redemption (with Babes Wodumo),Zacari,868398,https://i.scdn.co/image/ab67616d000048516bf36d6497b0db242c514a91,https://open.spotify.com/track/4YMHk2VRIQpRv4aFtRzH12
108,2018-02-09,109,Down,Location,Khalid,867893,https://i.scdn.co/image/ab67616d00004851988ede5e1276e758b5f9e577,https://open.spotify.com/track/152lZdxL1OR0ZMW6KquMif
109,2018-02-09,110,Down,Jocelyn Flores,XXXTENTACION,867569,https://i.scdn.co/image/ab67616d00004851203c89bd4391468eea4cc3f5,https://open.spotify.com/track/7m9OqQk4RVRkw9JJdeAw96
110,2018-02-09,111,Down,Codeine Dreaming (feat. Lil Wayne),Kodak Black,866273,https://i.scdn.co/image/ab67616d000048518e3046e13f253a208519b21a,https://open.spotify.com/track/4DTpngLjoHj5gFxEZFeD3J
111,2018-02-09,112,Down,Say You Won't Let Go,James Arthur,861657,https://i.scdn.co/image/ab67616d0000485120beb61f61fcbeb33b10a9ab,https://open.spotify.com/track/5uCax9HTNlzGybIStD3vDh
112,2018-02-09,113,Down,goosebumps,Travis Scott,860636,https://i.scdn.co/image/ab67616d00004851f54b99bf27cda88f4a7403ce,https://open.spotify.com/track/6gBFPUFcJLzWGx4lenP6h2
113,2018-02-09,114,Down,Esperándote,Manuel Turizo,850814,https://i.scdn.co/image/ab67616d00004851fa2960f06e1f2ed9cedb6d12,https://open.spotify.com/track/1nfyE13arjOuO54HH0zmqj
114,2018-02-09,115,Down,Que Va,Alex Sensation,836258,https://i.scdn.co/image/ab67616d00004851571f364389a9436e4ff8a362,https://open.spotify.com/track/7ofxPmTNMj2GP07g1VZa0O
115,2018-02-09,116,Down,The Greatest Show,Hugh Jackman,832392,https://i.scdn.co/image/ab67616d00004851a1a7f0b95a16de24a870ea5e,https://open.spotify.com/track/43ay9lQZ5rfNcOOHhRF2cM
116,2018-02-09,117,Down,SUTRA,Sebastian Yatra,830551,https://i.scdn.co/image/ab67616d00004851f215288f120008eb66a16a8b,https://open.spotify.com/track/5TmZYdHW6HJ9gt7Aokuql5
117,2018-02-09,118,Down,Nowadays (feat. Landon Cube),Lil Skies,830412,https://i.scdn.co/image/ab67616d00004851c56dcd1015c1ffb8c56d2988,https://open.spotify.com/track/2u7mxWSeoqTXndK5e08jMp
118,2018-02-09,119,Down,Báilame - Remix,Nacho,828860,https://i.scdn.co/image/ab67616d00004851473f54a79eb118bdfa668aa2,https://open.spotify.com/track/3VClLWqNn80Llv0PJOsKgr
119,2018-02-09,120,Down,Perro Fiel (feat. Nicky Jam),Shakira,827549,https://i.scdn.co/image/ab67616d00004851d05d3aad30c5fb7614893cf5,https://open.spotify.com/track/70lnL3QaSOIIyMa2X9aVRL
120,2018-02-09,121,Down,Escápate Conmigo (feat. Ozuna),Wisin,827357,https://i.scdn.co/image/ab67616d00004851c7524a697e709517b50681b2,https://open.spotify.com/track/1KSqYYJFyfTecXFk9M0prc
121,2018-02-09,122,New,Redemption Interlude,Zacari,825060,https://i.scdn.co/image/ab67616d000048516bf36d6497b0db242c514a91,https://open.spotify.com/track/0bi1T5Y9aXT4JAOOU2NLcV
122,2018-02-09,123,Down,Suena El Dembow,Joey Montana,816810,https://i.scdn.co/image/ab67616d00004851c8185c654dc0409609c5eb31,https://open.spotify.com/track/5TysCiZtv1HnSWcTcUFusI
123,2018-02-09,124,Down,My My My!,Troye Sivan,810627,https://i.scdn.co/image/ab67616d0000485163284e21910e6cd2ecbaff64,https://open.spotify.com/track/2Tq2R8sRftNEqdgJK5HadO
124,2018-02-09,125,Down,BUTTERFLY EFFECT,Travis Scott,807826,https://i.scdn.co/image/ab67616d00004851b5e9358d0d07114609d9afab,https://open.spotify.com/track/1yxgsra98r3qAtxqiGZPiX
125,2018-02-09,126,Up,Despacito - Remix,Luis Fonsi,795456,https://i.scdn.co/image/ab67616d00004851d8559d0280ffe2a2af6dacdf,https://open.spotify.com/track/5CtI0qwDJkDQGwXD1H1cLb
126,2018-02-09,127,Down,Scooby Doo Pa Pa,Dj Kass,793760,https://i.scdn.co/image/ab67616d000048513ec4a0b86e7bec4d1e228307,https://open.spotify.com/track/7qwULjvTujatIaoWC1lu8b
127,2018-02-09,128,Down,That's What I Like,Bruno Mars,789183,https://i.scdn.co/image/ab67616d00004851232711f7d66a1e19e89e28c5,https://open.spotify.com/track/0KKkJNfGyhkQ5aFogxQAPU
128,2018-02-09,129,Down,Symphony (feat. Zara Larsson),Clean Bandit,788225,https://i.scdn.co/image/ab67616d000048515b1130d050c4cd2295999d85,https://open.spotify.com/track/1x5sYLZiu9r5E43kMlt9f8
129,2018-02-09,130,New,Seasons (with Sjava & Reason),Mozzy,786686,https://i.scdn.co/image/28e755c12683e1038efd53a902601e7f7ed4dbc5,https://open.spotify.com/track/35cOyocq8Gb6UcT0NWeTwn
130,2018-02-09,131,Down,Tell Me You Love Me,Demi Lovato,783526,https://i.scdn.co/image/ab67616d00004851921862ba830177affb254106,https://open.spotify.com/track/5Htb1uFQ1KrkFXlefS8oGj
131,2018-02-09,132,Down,End Game,Taylor Swift,781904,https://i.scdn.co/image/c2e6423b9624845f6dd57aef8ce00fa53aedcef7,https://open.spotify.com/track/2x0WlnmfG39ZuDmstl9xfX
132,2018-02-09,133,Down,Miss You (with Major Lazer & Tory Lanez),Cashmere Cat,779736,https://i.scdn.co/image/ab67616d000048510f09cea80b9146ea94d638bf,https://open.spotify.com/track/0as7lPxkBPctZ7uVmchRNM
133,2018-02-09,134,Down,Strip That Down,Liam Payne,770209,https://i.scdn.co/image/ab67616d00004851ec1abb2ba5e210e826161111,https://open.spotify.com/track/6EpRaXYhGOB3fj4V2uDkMJ
134,2018-02-09,135,Down,There's Nothing Holdin' Me Back,Shawn Mendes,767242,https://i.scdn.co/image/ab67616d00004851f9cbd0c07513a7232cd6b9a7,https://open.spotify.com/track/79cuOz3SPQTuFrp8WgftAu
135,2018-02-09,136,Down,Robarte un Beso,Carlos Vives,761633,https://i.scdn.co/image/ab67616d00004851575fb66ec11e54fb68d548a5,https://open.spotify.com/track/0JcNysfWVWaMS7R6vzGB2k
136,2018-02-09,137,Down,Diplomatic Immunity,Drake,758764,https://i.scdn.co/image/ab67616d000048515e8f046078b784e6f8502008,https://open.spotify.com/track/5goGDc74vVREyN8al8CkPh
137,2018-02-09,138,Down,A Million Dreams,Ziv Zaifman,758501,https://i.scdn.co/image/ab67616d00004851128057b40732c042c86de1dd,https://open.spotify.com/track/0RoA7ObU6phWpqhlC9zH4Z
138,2018-02-09,139,Down,Havana - Remix,Camila Cabello,757767,https://i.scdn.co/image/ab67616d000048515556fb4dfea9c05e09519c25,https://open.spotify.com/track/3whrwq4DtvucphBPUogRuJ
139,2018-02-09,140,Down,Felices los 4,Maluma,753643,https://i.scdn.co/image/ab67616d00004851d9732b592276542ecafa6c6d,https://open.spotify.com/track/0qYTZCo5Bwh1nsUFGZP3zn
140,2018-02-09,141,Down,Never Enough,Loren Allred,752383,https://i.scdn.co/image/ab67616d00004851128057b40732c042c86de1dd,https://open.spotify.com/track/0Gl5s8IhMmQE5YQwM8Qx1J
141,2018-02-09,142,Down,Notice Me,Migos,750509,https://i.scdn.co/image/36f1a1c6bddf8a4c0b9e6c7612a9b25048904344,https://open.spotify.com/track/3OnOomd79OjqSYHchCQ6ht
142,2018-02-09,143,Down,Vuelve,Daddy Yankee,749451,https://i.scdn.co/image/ab67616d0000485127fd276f720970c987695b55,https://open.spotify.com/track/0lJCqIx5BhZtf6QtYI2fbv
143,2018-02-09,144,Down,I Get The Bag (feat. Migos),Gucci Mane,745177,https://i.scdn.co/image/ab67616d00004851af7525e55333b110ff0f4e95,https://open.spotify.com/track/1XRgIKC5TPwo7nWGyKqgG0
144,2018-02-09,145,Down,Breathe,Jax Jones,741154,https://i.scdn.co/image/ab67616d00004851242e97b0767265f5c3cf0277,https://open.spotify.com/track/6tvQzeCPwOytDlBYCIOY0n
145,2018-02-09,146,Down,Photograph,Ed Sheeran,731403,https://i.scdn.co/image/ab67616d00004851d08209944468440145f01524,https://open.spotify.com/track/6fxVffaTuwjgEk5h9QyRjy
146,2018-02-09,147,Down,Whatever It Takes,Imagine Dragons,728962,https://i.scdn.co/image/ab67616d000048517956bd9a3d7a15e4c2e37cc6,https://open.spotify.com/track/4IWAyPf1KMq7JCyGeCjTeH
147,2018-02-09,148,Up,Heaven,Julia Michaels,727252,https://i.scdn.co/image/ab67616d000048518dfd94df32e91d9f384df1fb,https://open.spotify.com/track/4QfNOZN7vrQCQKK1ZJ3XPb
148,2018-02-09,149,Down,Bella y Sensual,Romeo Santos,723689,https://i.scdn.co/image/ab67616d00004851827d0777f8cccdf5b7481442,https://open.spotify.com/track/0ERbK7qVqveCaBWIiYCrl3
149,2018-02-09,150,Down,Wanted You (feat. Lil Uzi Vert),NAV,722803,https://i.scdn.co/image/8eebb0096ab97f23172ea197224a4ee0267043eb,https://open.spotify.com/track/790MhTXPFrYkrqCKvpg4t1
150,2018-02-09,151,Down,Closer,The Chainsmokers,721449,https://i.scdn.co/image/ab67616d00004851495ce6da9aeb159e94eaa453,https://open.spotify.com/track/7BKLCZ1jbUBVqRi2FVlTVw
151,2018-02-09,152,Down,Thinking out Loud,Ed Sheeran,716247,https://i.scdn.co/image/ab67616d00004851d08209944468440145f01524,https://open.spotify.com/track/1Slwb6dOYkBlWal1PGtnNg
152,2018-02-09,153,Down,One Dance,Drake,713859,https://i.scdn.co/image/ab67616d00004851726abca207567d5e41cb9667,https://open.spotify.com/track/1xznGGDReH1oQq0xzbwXa3
153,2018-02-09,154,New,T'd Up,Rae Sremmurd,708514,https://i.scdn.co/image/ab67616d000048517c5d9b21bd3a013cf6213730,https://open.spotify.com/track/2Bv0MbaqYx2IrQa7Z6xBT0
154,2018-02-09,155,Down,"I Don’t Wanna Live Forever (Fifty Shades Darker) - From ""Fifty Shades Darker (Original Motion Picture Soundtrack)""",ZAYN,705037,https://i.scdn.co/image/ab67616d000048512ae921f082ae5db4d3da818f,https://open.spotify.com/track/3NdDpSvN911VPGivFlV5d0
155,2018-02-09,156,Down,Dreamer,Axwell /\ Ingrosso,703654,https://i.scdn.co/image/ab67616d00004851a1944d8afb76a8fd03ed8c0f,https://open.spotify.com/track/7hvxMYq9JW5W0vFwiu1Zdr
156,2018-02-09,157,Down,DNA.,Kendrick Lamar,700536,https://i.scdn.co/image/ae1f239b41e9604a66eb900834c6887cd2f62ff1,https://open.spotify.com/track/6HZILIRieu8S0iqY8kIKhj
157,2018-02-09,158,Down,Galway Girl,Ed Sheeran,698210,https://i.scdn.co/image/ab67616d00004851ba5db46f4b838ef6027e6f96,https://open.spotify.com/track/0afhq8XCExXpqazXczTSve
158,2018-02-09,159,Down,Friends (with BloodPop®),Justin Bieber,692915,https://i.scdn.co/image/ab67616d00004851302806b2c89a0f7a24b4922c,https://open.spotify.com/track/7nZmah2llfvLDiUjm0kiyz
159,2018-02-09,160,Down,Go Flex,Post Malone,692581,https://i.scdn.co/image/23bae95100dcb6ac8f88c19fa2a11c50a998a926,https://open.spotify.com/track/5yuShbu70mtHXY0yLzCQLQ
160,2018-02-09,161,Down,"I'm the One (feat. Justin Bieber, Quavo, Chance the Rapper & Lil Wayne)",DJ Khaled,682145,https://i.scdn.co/image/ab67616d00004851dcb6a73da1e7f293b875f69c,https://open.spotify.com/track/3DXncPQOG4VBw3QHh3S817
161,2018-02-09,162,Down,The Other Side,Hugh Jackman,678272,https://i.scdn.co/image/ab67616d00004851128057b40732c042c86de1dd,https://open.spotify.com/track/2cKovq3l6OJjhVVDbVKOsr
162,2018-02-09,163,Up,New Freezer (feat. Kendrick Lamar),Rich The Kid,677921,https://i.scdn.co/image/ab67616d0000485166bac14cf011715fbed67e58,https://open.spotify.com/track/4pYZLpX23Vx8rwDpJCpPTA
163,2018-02-09,164,Down,Mama,Jonas Blue,677157,https://i.scdn.co/image/14891cf71e2287163c137e90074783ba5cdd4ff4,https://open.spotify.com/track/0NiXXAI876aGImAd6rTj8w
164,2018-02-09,165,Down,Roll In Peace (feat. XXXTENTACION),Kodak Black,676418,https://i.scdn.co/image/ab67616d00004851583ce93dc89d84218f233ea7,https://open.spotify.com/track/40oKW22ZNNkEdZLJTScaQI
165,2018-02-09,166,Down,Wild Thoughts (feat. Rihanna & Bryson Tiller),DJ Khaled,674374,https://i.scdn.co/image/ab67616d00004851dcb6a73da1e7f293b875f69c,https://open.spotify.com/track/1OAh8uOEOvTDqkKFsKksCi
166,2018-02-09,167,Down,Feels,Calvin Harris,667195,https://i.scdn.co/image/ab67616d000048514d3fa5ce7ba599f4fd7803ef,https://open.spotify.com/track/5bcTCxgc7xVfSaMV3RuVke
167,2018-02-09,168,Down,Fuck Love (feat. Trippie Redd),XXXTENTACION,663928,https://i.scdn.co/image/ab67616d00004851203c89bd4391468eea4cc3f5,https://open.spotify.com/track/7AQim7LbvFVZJE3O8TYgf2
168,2018-02-09,169,Down,Redbone,Childish Gambino,663925,https://i.scdn.co/image/ab67616d000048510b97e56ffad7c6211aa848f8,https://open.spotify.com/track/3kxfsdsCpFgN412fpnW85Y
169,2018-02-09,170,Down,Issues,Julia Michaels,661400,https://i.scdn.co/image/bed97a5c36c8dda6724f89ecfd8c23497cc897f4,https://open.spotify.com/track/7vu0JkJh0ldukEYbTVcqd0
170,2018-02-09,171,Down,"Home (with Machine Gun Kelly, X Ambassadors & Bebe Rexha)",Machine Gun Kelly,653921,https://i.scdn.co/image/ab67616d000048517a3fbbab0e9fb050a08fa065,https://open.spotify.com/track/0OI7AFifLSoGzpb8bdBLLV
171,2018-02-09,172,Down,Bounce Out With That,YBN Nahmir,653186,https://i.scdn.co/image/ab67616d00004851af41341020c85f2f2279aeb2,https://open.spotify.com/track/5lZsh9Qf7CbHI9Fcc7Zcsq
172,2018-02-09,173,Down,What About Us,P!nk,651308,https://i.scdn.co/image/ab67616d0000485100164c96548a622d34b39828,https://open.spotify.com/track/0Qh38w01QRXK6KHIv0e3hb
173,2018-02-09,174,Down,Mask Off,Future,646000,https://i.scdn.co/image/ab67616d00004851e0b64c8be3c4e804abcb2696,https://open.spotify.com/track/0VgkVdmE4gld66l8iyGjgx
174,2018-02-09,175,Down,Glorious (feat. Skylar Grey),Macklemore,644061,https://i.scdn.co/image/ab67616d000048512e94b668c60b06deb1c3a05c,https://open.spotify.com/track/0CokSRCu5hZgPxcZBaEzVE
175,2018-02-09,176,Down,Starboy,The Weeknd,640306,https://i.scdn.co/image/ab67616d000048510c8599cbde51245c128bcea9,https://open.spotify.com/track/5aAx2yezTd8zXrkmtKl66Z
176,2018-02-09,177,Down,Despacito (Featuring Daddy Yankee),Luis Fonsi,636708,https://i.scdn.co/image/ab67616d00004851a5971936e3b8d91f8b616b17,https://open.spotify.com/track/4aWmUDTfIPGksMNLV2rQP2
177,2018-02-09,178,Down,Passionfruit,Drake,636705,https://i.scdn.co/image/ab67616d000048515ea859dc94365abd9fd84fd6,https://open.spotify.com/track/7hDc8b7IXETo14hHIHdnhd
178,2018-02-09,179,Down,"Lose Yourself - From ""8 Mile"" Soundtrack",Eminem,635179,https://i.scdn.co/image/ab67616d00004851a8a32ae2a279b9bf03445738,https://open.spotify.com/track/7w9bgPAmPTtrkt2v16QWvQ
179,2018-02-09,180,Down,Swalla (feat. Nicki Minaj & Ty Dolla $ign),Jason Derulo,627503,https://i.scdn.co/image/ab67616d000048519d6522bee68370fa5592301d,https://open.spotify.com/track/6kex4EBAj0WHXDKZMEJaaF
180,2018-02-09,181,Down,It Ain't Me (with Selena Gomez),Kygo,622830,https://i.scdn.co/image/ab67616d0000485141f289940f2e6a0d51988d77,https://open.spotify.com/track/3eR23VReFzcdmS7TYCrhCe
181,2018-02-09,182,Down,Barking,Ramz,619639,https://i.scdn.co/image/ab67616d0000485137a4c7a7325191433f3c2679,https://open.spotify.com/track/7amMgNDcObIDkIXv4xcvc2
182,2018-02-09,183,Down,Stay,Zedd,615908,https://i.scdn.co/image/747037023c4423be7d41f3dd245f16ce75a652e7,https://open.spotify.com/track/0I20rLT2MJDhcF96AjbNYo
183,2018-02-09,184,Down,El Farsante - Remix,Ozuna,615099,https://i.scdn.co/image/ab67616d000048519730f9b901c4ca652c0fd21b,https://open.spotify.com/track/7uYgVgRSgqluZclLS7wpp4
184,2018-02-09,185,Up,Man's Not Hot,Big Shaq,611491,https://i.scdn.co/image/ab67616d00004851e297a281788cf46e9094a2ca,https://open.spotify.com/track/2nUJvBO87SkxCViQsLc9Zr
185,2018-02-09,186,Down,'Till I Collapse,Eminem,609115,https://i.scdn.co/image/ab67616d00004851ccdb1982626f299b3b1d3efd,https://open.spotify.com/track/6yr8GiTHWvFfi4o6Q5ebdT
186,2018-02-09,187,Down,Real Friends,Camila Cabello,608469,https://i.scdn.co/image/ab67616d000048516eb0b9e73adcf04e4ed3eca4,https://open.spotify.com/track/3iq9nhbI8fcnNamxMft1uv
187,2018-02-09,188,Down,The Weekend - Funk Wav Remix,SZA,605443,https://i.scdn.co/image/ab67616d00004851b19d1cc6a00ae1d4ddcbfd37,https://open.spotify.com/track/0P6AWOA4LG1XOctzaVu5tt
188,2018-02-09,189,Down,Una Lady Como Tú,Manuel Turizo,603155,https://i.scdn.co/image/ab67616d00004851f9dc35bc367fcf98e763d27e,https://open.spotify.com/track/7MHN1aCFtLXjownGhvEQlF
189,2018-02-09,190,Down,KEKE,6ix9ine,602970,https://i.scdn.co/image/13dcd7ae198de3fa2a92346afe3942e6ce8d5e8e,https://open.spotify.com/track/0zl3PdjIl320fK0pxBGWNR
190,2018-02-09,191,Down,Bonita,J Balvin,600539,https://i.scdn.co/image/ab67616d0000485148f3fc1d4f0fed414418e041,https://open.spotify.com/track/693iqPOQvhI7PobtR8CC8v
191,2018-02-09,192,Down,Without You (feat. Sandro Cavazza),Avicii,599106,https://i.scdn.co/image/ab67616d0000485130800bfbfff51ddb031d9bd7,https://open.spotify.com/track/6WbADFqMvR8N5u0BvtsWQE
192,2018-02-09,193,New,Ta Tum Tum,MC Kevinho,598226,https://i.scdn.co/image/ab67616d000048519a1eab198a5f7cc48e82dc8c,https://open.spotify.com/track/6etab3UBCo5GOTMZqUvRka
193,2018-02-09,194,Down,White Iverson,Post Malone,597514,https://i.scdn.co/image/23bae95100dcb6ac8f88c19fa2a11c50a998a926,https://open.spotify.com/track/6eT7xZZlB2mwyzJ2sUKG6w
194,2018-02-09,195,Flat,Wait,Maroon 5,589901,https://i.scdn.co/image/ab67616d000048519ccf08d3f74b36b7880522b5,https://open.spotify.com/track/1Qg9jWGDkKAGZXj5v2OG59
195,2018-02-09,196,Down,Back to You (feat. Bebe Rexha & Digital Farm Animals),Louis Tomlinson,582141,https://i.scdn.co/image/ab67616d00004851327d7ffa53a268bf7411c28b,https://open.spotify.com/track/7F9vK8hNFMml4GtHsaXui6
196,2018-02-09,197,Down,24K Magic,Bruno Mars,581719,https://i.scdn.co/image/ab67616d00004851232711f7d66a1e19e89e28c5,https://open.spotify.com/track/6b8Be6ljOzmkOmFslEb23P
197,2018-02-09,198,Down,Bad At Love,Halsey,578700,https://i.scdn.co/image/d5bb421dbecbba7c6904eb67672f3cd25cf54c23,https://open.spotify.com/track/7y9iMe8SOB6z3NoHE2OfXl
198,2018-02-09,199,Down,Slippery (feat. Gucci Mane),Migos,576948,https://i.scdn.co/image/ab67616d0000485199a8ab6da9d593939302828a,https://open.spotify.com/track/6p8NuHm8uCGnn2Dtbtf7zE
199,2018-02-09,200,Down,BBO (Bad Bitches Only),Migos,571138,https://i.scdn.co/image/36f1a1c6bddf8a4c0b9e6c7612a9b25048904344,https://open.spotify.com/track/4BHzHISX21PYwGXiBEUQ70
