,Date,Position,Trend,Title,Artist,Streams,Icon_URL,Spotify_URL
0,2018-02-11,1,Flat,God's Plan,Drake,5873870,https://i.scdn.co/image/ab67616d000048515e8f046078b784e6f8502008,https://open.spotify.com/track/2XW4DbS6NddZxRPm5rMCeY
1,2018-02-11,2,Flat,All The Stars (with SZA),Kendrick Lamar,3448507,https://i.scdn.co/image/28e755c12683e1038efd53a902601e7f7ed4dbc5,https://open.spotify.com/track/3GCdLUSnKSMJhs4Tj6CV3s
2,2018-02-11,3,Up,rockstar,Post Malone,2853484,https://i.scdn.co/image/ab67616d00004851d3884f06c92d826ecd87a319,https://open.spotify.com/track/1OmcAT5Y8eg5bUPv9qJT4R
3,2018-02-11,4,Down,Pray For Me (with Kendrick Lamar),The Weeknd,2844790,https://i.scdn.co/image/ab67616d000048518ac2a58fbcab6a775e790b15,https://open.spotify.com/track/4ofvoCdXq99vpMZO4Cfp8x
4,2018-02-11,5,Flat,Havana (feat. Young Thug),Camila Cabello,2783928,https://i.scdn.co/image/ab67616d000048516eb0b9e73adcf04e4ed3eca4,https://open.spotify.com/track/1rfofaqEpACxVEHIZBJe6W
5,2018-02-11,6,Flat,IDGAF,Dua Lipa,2620099,https://i.scdn.co/image/ab67616d000048516b915e407b70e121e06fe979,https://open.spotify.com/track/76cy1WJvNGJTj78UqeA5zr
6,2018-02-11,7,Flat,Finesse - Remix; feat. Cardi B,Bruno Mars,2378017,https://i.scdn.co/image/ab67616d0000485147e522adf030a78615cdea06,https://open.spotify.com/track/3Vo4wInECJQuz9BIBMOu8i
7,2018-02-11,8,Up,Mine,Bazzi,2274839,https://i.scdn.co/image/ab67616d0000485173924baaee2d2e94829953bf,https://open.spotify.com/track/6tHWl8ows5JOZq9Yfaqn3M
8,2018-02-11,9,Down,Dura,Daddy Yankee,2247632,https://i.scdn.co/image/ab67616d00004851407475cb28e657ec856dcbaf,https://open.spotify.com/track/2j2fIJGh4PMdXt9ULI5Tlc
9,2018-02-11,10,Flat,River (feat. Ed Sheeran),Eminem,2144851,https://i.scdn.co/image/ab67616d00004851255191ed87a907d362b43f19,https://open.spotify.com/track/5UEnHoDYpsxlfzWLZIc7LD
10,2018-02-11,11,Down,Échame La Culpa,Luis Fonsi,2068788,https://i.scdn.co/image/ab67616d000048510ac9a58447dfccc5127248e0,https://open.spotify.com/track/1zsG4eaZmkA1dvjDDsAGLK
11,2018-02-11,12,Flat,Never Be the Same,Camila Cabello,2003803,https://i.scdn.co/image/ab67616d000048516eb0b9e73adcf04e4ed3eca4,https://open.spotify.com/track/4eWQlBRaTjPPUlzacqEeoQ
12,2018-02-11,13,Up,The Middle,Zedd,1973431,https://i.scdn.co/image/0557d7b7e38ea3dba6c6ecca038bd33b7c69e60f,https://open.spotify.com/track/09IStsImFySgyp0pIQdqAc
13,2018-02-11,14,Up,Look Alive (feat. Drake),BlocBoy JB,1961142,https://i.scdn.co/image/ab67616d0000485155cad990bc1ce5808367fa0e,https://open.spotify.com/track/4qKcDkK6siZ7Jp1Jb4m0aL
14,2018-02-11,15,Flat,Wolves,Selena Gomez,1915501,https://i.scdn.co/image/ab67616d0000485110368f28dac3b838770f985c,https://open.spotify.com/track/7EmGUiUaOSGDnUUQUDrOXC
15,2018-02-11,16,Flat,Let You Down,NF,1895619,https://i.scdn.co/image/ab67616d0000485139e85b6ae069d1e25bbc89df,https://open.spotify.com/track/6mrKP2jyIQmM0rw6fQryjr
16,2018-02-11,17,Down,New Rules,Dua Lipa,1892502,https://i.scdn.co/image/ab67616d000048516b915e407b70e121e06fe979,https://open.spotify.com/track/2ekn2ttSfGqwhhate0LSR0
17,2018-02-11,18,Up,Perfect,Ed Sheeran,1883670,https://i.scdn.co/image/ab67616d00004851ba5db46f4b838ef6027e6f96,https://open.spotify.com/track/0tgVpDi06FyKpA1z0VMD4v
18,2018-02-11,19,Up,These Days,Rudimental,1876992,https://i.scdn.co/image/ab67616d00004851e9f49a29f00d42d7857794a5,https://open.spotify.com/track/5CLGzJsGqhCEECcpnFQA8x
19,2018-02-11,20,Down,Him & I (with Halsey),G-Eazy,1853361,https://i.scdn.co/image/ab67616d00004851046527a9c176f7c2916f3530,https://open.spotify.com/track/5k38wzpLb15YgncyWdTZE4
20,2018-02-11,21,Flat,Stir Fry,Migos,1802942,https://i.scdn.co/image/36f1a1c6bddf8a4c0b9e6c7612a9b25048904344,https://open.spotify.com/track/2UVbBKQOdFAekPTRsnkzcf
21,2018-02-11,22,Up,Meant to Be (feat. Florida Georgia Line),Bebe Rexha,1747541,https://i.scdn.co/image/ab67616d000048511ba5682505dd6e2592b16e41,https://open.spotify.com/track/7iDa6hUg2VgEL1o1HjmfBn
22,2018-02-11,23,Up,I Fall Apart,Post Malone,1721344,https://i.scdn.co/image/23bae95100dcb6ac8f88c19fa2a11c50a998a926,https://open.spotify.com/track/75ZvA4QfFiZvzhj2xkaWAh
23,2018-02-11,24,Down,Sick Boy,The Chainsmokers,1720611,https://i.scdn.co/image/ab67616d00004851d7d74b46db493ab3e45c391e,https://open.spotify.com/track/7jqDzXJS0K0Re8uphYNit0
24,2018-02-11,25,Flat,Shape of You,Ed Sheeran,1627642,https://i.scdn.co/image/ab67616d00004851ba5db46f4b838ef6027e6f96,https://open.spotify.com/track/7qiZfU4dY1lWllzX7mPBI3
25,2018-02-11,26,Up,Bella,Wolfine,1627060,https://i.scdn.co/image/ab67616d000048517545b0cf4455b3d8a9ff57ed,https://open.spotify.com/track/4R55IUi2x7S5ek2SpebOiE
26,2018-02-11,27,Up,"Let Me Go (with Alesso, Florida Georgia Line & watt)",Hailee Steinfeld,1584922,https://i.scdn.co/image/ab67616d00004851dbdc892395413def043e0655,https://open.spotify.com/track/5AEtlRudpgdT5FtNiuly6Y
27,2018-02-11,28,Down,Corazón,Maluma,1581734,https://i.scdn.co/image/ab67616d000048516876ec811b26ba2094565b34,https://open.spotify.com/track/4lESS6vuruP6a79KWRaQou
28,2018-02-11,29,Down,X (with 2 Chainz & Saudi),ScHoolboy Q,1508161,https://i.scdn.co/image/28e755c12683e1038efd53a902601e7f7ed4dbc5,https://open.spotify.com/track/4LmAnpjlhWTahvRkYR8xJa
29,2018-02-11,30,Down,"King's Dead (with Kendrick Lamar, Future & James Blake)",Jay Rock,1500494,https://i.scdn.co/image/ab67616d00004851c3de572921cabde540d4880a,https://open.spotify.com/track/51rXHuKN8Loc4sUlKPODgH
30,2018-02-11,31,Flat,Downtown,Anitta,1472815,https://i.scdn.co/image/ab67616d000048518c6b830c36c7b4ac43c3cee8,https://open.spotify.com/track/3Ga6eKrUFf12ouh9Yw3v2D
31,2018-02-11,32,Up,Rewrite The Stars,Zac Efron,1464303,https://i.scdn.co/image/ab67616d00004851d44e723b677380dfbc899bcd,https://open.spotify.com/track/630sXRhIcfwr2e4RdNtjKN
32,2018-02-11,33,Flat,Déjala que vuelva (feat. Manuel Turizo),Piso 21,1451112,https://i.scdn.co/image/ab67616d000048514ed4c2e64f7bf0977aa70b42,https://open.spotify.com/track/33bnxcjePIkcmNjEFTJX0l
33,2018-02-11,34,Flat,Criminal,Natti Natasha,1448097,https://i.scdn.co/image/ab67616d000048515f3f4af0d3e662247a7d8cff,https://open.spotify.com/track/6Za3190Sbw39BBC77WSS1C
34,2018-02-11,35,Up,FRIENDS,Marshmello,1436151,https://i.scdn.co/image/ab67616d00004851569f64493ca55cd96fdee412,https://open.spotify.com/track/08bNPGLD8AhKpnnERrAc6G
35,2018-02-11,36,Up,I Miss You (feat. Julia Michaels),Clean Bandit,1423430,https://i.scdn.co/image/ab67616d000048518341ce7a7a1f4ab4182823d5,https://open.spotify.com/track/2xmrfQpmS2iJExTlklLoAL
36,2018-02-11,37,Down,Say Something,Justin Timberlake,1355823,https://i.scdn.co/image/ab67616d000048514626ff0fee963da605f6aa06,https://open.spotify.com/track/1LhMopPAallLeaeNutqbgS
37,2018-02-11,38,Flat,What Lovers Do (feat. SZA),Maroon 5,1352652,https://i.scdn.co/image/ab67616d000048519ccf08d3f74b36b7880522b5,https://open.spotify.com/track/3hBBKuWJfxlIlnd9QFoC8k
38,2018-02-11,39,Up,This Is Me,Keala Settle,1342210,https://i.scdn.co/image/ab67616d00004851b33c769adce9e164764a7ca0,https://open.spotify.com/track/2xGjteMU3E1tkEPVFBO08U
39,2018-02-11,40,Up,Silence,Marshmello,1338993,https://i.scdn.co/image/ab67616d00004851f33ba583059dc2f7d08bf2b8,https://open.spotify.com/track/7vGuf3Y35N4wmASOKLUVVU
40,2018-02-11,41,Up,Too Good At Goodbyes,Sam Smith,1322260,https://i.scdn.co/image/eb645ad7342e0f34817e16d9d4061c3b5e374d4c,https://open.spotify.com/track/1mXVgsBdtIVeCLJnSnmtdV
41,2018-02-11,42,Down,The Ways (with Swae Lee),Khalid,1301746,https://i.scdn.co/image/28e755c12683e1038efd53a902601e7f7ed4dbc5,https://open.spotify.com/track/5jyyPsIGM2yqkZN9R3TmvN
42,2018-02-11,43,Up,For You (Fifty Shades Freed) (& Rita Ora),Liam Payne,1267095,https://i.scdn.co/image/ab67616d00004851ddc8bbc60fa930446a2b5718,https://open.spotify.com/track/5hM6sP0Gh1jD57drszNueC
43,2018-02-11,44,Up,Thunder,Imagine Dragons,1264281,https://i.scdn.co/image/ab67616d000048517956bd9a3d7a15e4c2e37cc6,https://open.spotify.com/track/0tKcYR2II1VCQWT79i5NrW
44,2018-02-11,45,Down,Sensualidad,Bad Bunny,1261497,https://i.scdn.co/image/ab67616d00004851c0ca1263b2966ddff794d3bb,https://open.spotify.com/track/5hcisvFMidkMJlElTO9Qmw
45,2018-02-11,46,Up,Narcos,Migos,1234328,https://i.scdn.co/image/36f1a1c6bddf8a4c0b9e6c7612a9b25048904344,https://open.spotify.com/track/0wbnC9AUenxp613TYaJsGK
46,2018-02-11,47,Up,Feel It Still,Portugal. The Man,1226514,https://i.scdn.co/image/ab67616d00004851af52c228c9619ff6298b08cd,https://open.spotify.com/track/6QgjcU0zLnzq5OrUoSZ3OK
47,2018-02-11,48,Down,Black Panther,Kendrick Lamar,1221274,https://i.scdn.co/image/28e755c12683e1038efd53a902601e7f7ed4dbc5,https://open.spotify.com/track/5qN4HFkapdAOV94XPryVof
48,2018-02-11,49,Up,XO Tour Llif3,Lil Uzi Vert,1215208,https://i.scdn.co/image/ab67616d0000485141b41e6f7924e530a9b00f9c,https://open.spotify.com/track/7GX5flRQZVHRAGd6B4TmDO
49,2018-02-11,50,Down,EL BAÑO,Enrique Iglesias,1173960,https://i.scdn.co/image/ab67616d000048517a201c3a7e4677711df31e57,https://open.spotify.com/track/2vvdTrdryjsl8DmPIMDWZU
50,2018-02-11,51,Down,Big Shot (with Travis Scott),Kendrick Lamar,1165864,https://i.scdn.co/image/28e755c12683e1038efd53a902601e7f7ed4dbc5,https://open.spotify.com/track/5cXg9IQS34FzLVdHhp7hu7
51,2018-02-11,52,Up,Perfect Duet (Ed Sheeran & Beyoncé),Ed Sheeran,1115149,https://i.scdn.co/image/ab67616d00004851af6b2fca3b6e24612a5fe5d8,https://open.spotify.com/track/1bhUWB0zJMIKr9yVPrkEuI
52,2018-02-11,53,Up,Ric Flair Drip (& Metro Boomin),Offset,1109950,https://i.scdn.co/image/ab67616d000048510f206fe737d46f2f2d826d83,https://open.spotify.com/track/7sO5G9EABYOXQKNPNiE9NR
53,2018-02-11,54,Down,Bartier Cardi (feat. 21 Savage),Cardi B,1105016,https://i.scdn.co/image/ab67616d000048518cb4b5d8ae71725b96b8907c,https://open.spotify.com/track/75FDPwaULRdYDn4StFN2rT
54,2018-02-11,55,Up,Young Dumb & Broke,Khalid,1094299,https://i.scdn.co/image/ab67616d00004851988ede5e1276e758b5f9e577,https://open.spotify.com/track/5Z3GHaZ6ec9bsiI5BenrbY
55,2018-02-11,56,Up,Dusk Till Dawn - Radio Edit,ZAYN,1084120,https://i.scdn.co/image/ab67616d0000485123852b7ef0ecfe29d38d97ee,https://open.spotify.com/track/1j4kHkkpqZRBwE0A4CN4Yv
56,2018-02-11,57,Flat,HUMBLE.,Kendrick Lamar,1083229,https://i.scdn.co/image/ae1f239b41e9604a66eb900834c6887cd2f62ff1,https://open.spotify.com/track/7KXjTSCq5nL1LoYtL7XAwS
57,2018-02-11,58,Down,Tip Toe (feat. French Montana),Jason Derulo,1082725,https://i.scdn.co/image/ab67616d000048511ba06755018b46f2a6a2a7ff,https://open.spotify.com/track/2z4pcBLQXF2BXKFvd0BuB6
58,2018-02-11,59,Down,No Limit,G-Eazy,1081192,https://i.scdn.co/image/ab67616d00004851046527a9c176f7c2916f3530,https://open.spotify.com/track/2DQ1ITjI0YoLFzuADN1ZBW
59,2018-02-11,60,Up,Congratulations,Post Malone,1047552,https://i.scdn.co/image/23bae95100dcb6ac8f88c19fa2a11c50a998a926,https://open.spotify.com/track/3a1lNhkSLSkpJE4MSHpDu9
60,2018-02-11,61,Up,So Far Away (feat. Jamie Scott & Romy Dya),Martin Garrix,1020872,https://i.scdn.co/image/ab67616d000048512bfb97c135445f83927049ca,https://open.spotify.com/track/0OlnLZY4cmQzT6ZGttvWBM
61,2018-02-11,62,Up,LOVE. FEAT. ZACARI.,Kendrick Lamar,1018524,https://i.scdn.co/image/ae1f239b41e9604a66eb900834c6887cd2f62ff1,https://open.spotify.com/track/6PGoSes0D9eUDeeAafB2As
62,2018-02-11,63,Up,Candy Paint,Post Malone,1012362,https://i.scdn.co/image/ab67616d00004851bf95d2beddffbdb488310f67,https://open.spotify.com/track/42CeaId2XNlxugDvyqHfDf
63,2018-02-11,64,Up,Capital Letters,Hailee Steinfeld,999621,https://i.scdn.co/image/ab67616d00004851f6630162a999e1cf78afbbae,https://open.spotify.com/track/3towKHKVOXCCcL1fHv6xFO
64,2018-02-11,65,Up,Gucci Gang,Lil Pump,991783,https://i.scdn.co/image/ab67616d00004851d52ef190ae5253eb2c3c764c,https://open.spotify.com/track/43ZyHQITOjhciSUUNPVRHc
65,2018-02-11,66,Down,Machika,J Balvin,983701,https://i.scdn.co/image/ab67616d000048515b72e385b8296a8600016edd,https://open.spotify.com/track/6MNGxu8MprKGkchUchkJsy
66,2018-02-11,67,Down,Anywhere,Rita Ora,983416,https://i.scdn.co/image/ab67616d000048517a642f7a662f4c94683ac038,https://open.spotify.com/track/7EI6Iki24tBHAMxtb4xQN2
67,2018-02-11,68,Down,Paramedic!,SOB X RBE,982128,https://i.scdn.co/image/28e755c12683e1038efd53a902601e7f7ed4dbc5,https://open.spotify.com/track/2tPcTFiQF9MbVUyjZ3zDhA
68,2018-02-11,69,Up,How Long,Charlie Puth,974564,https://i.scdn.co/image/ab67616d00004851872353e715cccea67fe3de91,https://open.spotify.com/track/32DGGj6KlNuBr6WaqRxpxi
69,2018-02-11,70,Down,Se Preparó,Ozuna,960507,https://i.scdn.co/image/ab67616d00004851b0a875d7f1bfe4ec4aaffa48,https://open.spotify.com/track/1m69ELEgE6k5ZWsap40ozt
70,2018-02-11,71,Down,Bum Bum Tam Tam,MC Fioti,959642,https://i.scdn.co/image/ab67616d00004851f45f041104bda8b5737ded73,https://open.spotify.com/track/4zWO4gvuFtw6EJZC5FFGlr
71,2018-02-11,72,Flat,MotorSport,Migos,951479,https://i.scdn.co/image/36f1a1c6bddf8a4c0b9e6c7612a9b25048904344,https://open.spotify.com/track/4wFjTWCunQFKtukqrNijEt
72,2018-02-11,73,Up,Betrayed,Lil Xan,949424,https://i.scdn.co/image/ab67616d00004851fd53c5b8a4787f283833db4d,https://open.spotify.com/track/6NWl2m8asvH83xjuXVNsuG
73,2018-02-11,74,Up,PICK IT UP (feat. A$AP Rocky),Famous Dex,926653,https://i.scdn.co/image/ab67616d00004851b3c4572395192f7c8d26820b,https://open.spotify.com/track/3ncgNpxLoBQ65ABk4djDyd
74,2018-02-11,75,Down,Mi Gente,J Balvin,909364,https://i.scdn.co/image/ab67616d00004851996bd1ea86bd3815eedfeef5,https://open.spotify.com/track/2rb5MvYT7ZIxbKW5hfcHx8
75,2018-02-11,76,Down,Me Rehúso,Danny Ocean,900529,https://i.scdn.co/image/ab67616d00004851a75bd33684083600569dd3bf,https://open.spotify.com/track/6De0lHrwBfPfrhorm9q1Xl
76,2018-02-11,77,Up,Sky Walker (feat. Travis Scott),Miguel,890155,https://i.scdn.co/image/ab67616d000048515e9dff10c31ac14c6c6c920d,https://open.spotify.com/track/5WoaF1B5XIEnWfmb5NZikf
77,2018-02-11,78,Up,Bank Account,21 Savage,889423,https://i.scdn.co/image/ab67616d00004851ac3c0aecec76cd7b5a54795e,https://open.spotify.com/track/2fQrGHiQOvpL9UgPvtYy6G
78,2018-02-11,79,Up,Believer,Imagine Dragons,881998,https://i.scdn.co/image/ab67616d000048517956bd9a3d7a15e4c2e37cc6,https://open.spotify.com/track/0CcQNd8CINkwQfe1RDtGV6
79,2018-02-11,80,Down,Unforgettable,French Montana,877456,https://i.scdn.co/image/ab67616d000048518a31195a371b2233456f6c07,https://open.spotify.com/track/3B54sVLJ402zGa6Xm4YGNe
80,2018-02-11,81,Down,Síguelo Bailando,Ozuna,851126,https://i.scdn.co/image/ab67616d00004851b0a875d7f1bfe4ec4aaffa48,https://open.spotify.com/track/5Y9fnynLlIvqtM710MHzfz
81,2018-02-11,82,Up,Attention,Charlie Puth,846945,https://i.scdn.co/image/ab67616d00004851db21a273452f0637cdbc35aa,https://open.spotify.com/track/4iLqG9SeJSnt0cSPICSjxv
82,2018-02-11,83,Up,1-800-273-8255,Logic,843282,https://i.scdn.co/image/08f9ccb7875a87c07c79c1ccd5319263786c55ea,https://open.spotify.com/track/5tz69p7tJuGPeMGwNTxYuV
83,2018-02-11,84,Down,Opps (with Yugen Blakrok),Vince Staples,839986,https://i.scdn.co/image/28e755c12683e1038efd53a902601e7f7ed4dbc5,https://open.spotify.com/track/7bUcBztfGqO7cSI2gMZeCI
84,2018-02-11,85,Up,She Loves Control,Camila Cabello,836141,https://i.scdn.co/image/ab67616d000048516eb0b9e73adcf04e4ed3eca4,https://open.spotify.com/track/5HwnezK198pJCEj1l2Adjy
85,2018-02-11,86,Up,Bodak Yellow,Cardi B,835442,https://i.scdn.co/image/ab67616d0000485162a2dedc55a38a0fca0a17b0,https://open.spotify.com/track/2771LMNxwf62FTAdpJMQfM
86,2018-02-11,87,Down,Mayores,Becky G,828103,https://i.scdn.co/image/ab67616d00004851b5983d639fd953deb3c99848,https://open.spotify.com/track/7JNh1cfm0eXjqFVOzKLyau
87,2018-02-11,88,Flat,Solita,Ozuna,821382,https://i.scdn.co/image/ab67616d00004851bc739e4f39cb4d5c253fcb64,https://open.spotify.com/track/7rwX0O3RlxqqIjQM8evm5E
88,2018-02-11,89,Down,Vai malandra (feat. Tropkillaz & DJ Yuri Martins),Anitta,821177,https://i.scdn.co/image/ab67616d000048512862285a618721193e8fdac6,https://open.spotify.com/track/6u0EAxf1OJTLS7CvInuNd7
89,2018-02-11,90,Down,Quiero Repetir,Ozuna,815543,https://i.scdn.co/image/ab67616d00004851b0a875d7f1bfe4ec4aaffa48,https://open.spotify.com/track/0MIcPSq9n2z5H8TAfEstri
90,2018-02-11,91,Up,I Like Me Better,Lauv,813615,https://i.scdn.co/image/ab67616d00004851fab48816b625e2a77a732400,https://open.spotify.com/track/1wjzFQodRWrPcQ0AnYnvQ9
91,2018-02-11,92,Down,All Falls Down (feat. Juliander),Alan Walker,813099,https://i.scdn.co/image/ab67616d00004851206fdebc66bd04d9913f035d,https://open.spotify.com/track/5yFSF6qQA1rcLsQRnBsZgb
92,2018-02-11,93,Up,Plain Jane,A$AP Ferg,803775,https://i.scdn.co/image/ab67616d00004851d79cfa3155b50beb5dbeeb9a,https://open.spotify.com/track/4dVpf9jZjcORqGTLUaeYj9
93,2018-02-11,94,Down,I Am,Jorja Smith,788457,https://i.scdn.co/image/28e755c12683e1038efd53a902601e7f7ed4dbc5,https://open.spotify.com/track/0DJBgBiYeSn6n1AXAkFVE8
94,2018-02-11,95,Up,Something Just Like This,The Chainsmokers,785288,https://i.scdn.co/image/ab67616d000048510c13d3d5a503c84fcc60ae94,https://open.spotify.com/track/6RUKPb4LETWmmr3iAEQktW
95,2018-02-11,96,Up,Stargazing,Kygo,780405,https://i.scdn.co/image/ab67616d00004851a333559091297eda04eba27c,https://open.spotify.com/track/0Zbbxnx4SGGHoIow4PpISP
96,2018-02-11,97,Up,Walk It Talk It,Migos,777889,https://i.scdn.co/image/36f1a1c6bddf8a4c0b9e6c7612a9b25048904344,https://open.spotify.com/track/6n4U3TlzUGhdSFbUUhTvLP
97,2018-02-11,98,Down,Dembow,Danny Ocean,777119,https://i.scdn.co/image/ab67616d00004851418acc3f747c7a42f91c72c6,https://open.spotify.com/track/2EzRdhuoPyNJDlep7lnNf2
98,2018-02-11,99,Up,Sorry Not Sorry,Demi Lovato,776271,https://i.scdn.co/image/ab67616d00004851ec9c72308e30e7aa1d22b37d,https://open.spotify.com/track/3m660poUr1chesgkkjQM7P
99,2018-02-11,100,Up,Scooby Doo Pa Pa,Dj Kass,768840,https://i.scdn.co/image/ab67616d00004851c422c5c59f3691017caed829,https://open.spotify.com/track/0SSfauqRemnAzOmTJyMn3v
100,2018-02-11,101,Up,Heaven,Julia Michaels,768357,https://i.scdn.co/image/ab67616d000048518dfd94df32e91d9f384df1fb,https://open.spotify.com/track/4QfNOZN7vrQCQKK1ZJ3XPb
101,2018-02-11,102,Up,Jocelyn Flores,XXXTENTACION,761135,https://i.scdn.co/image/ab67616d00004851203c89bd4391468eea4cc3f5,https://open.spotify.com/track/7m9OqQk4RVRkw9JJdeAw96
102,2018-02-11,103,Up,Location,Khalid,760076,https://i.scdn.co/image/ab67616d00004851988ede5e1276e758b5f9e577,https://open.spotify.com/track/152lZdxL1OR0ZMW6KquMif
103,2018-02-11,104,Up,Naked,James Arthur,758869,https://i.scdn.co/image/ab67616d00004851f13bfa0da7b94ac3272f3152,https://open.spotify.com/track/7krbSH3rd8lhIZvuzTV3Bl
104,2018-02-11,105,Up,Say You Won't Let Go,James Arthur,758687,https://i.scdn.co/image/ab67616d0000485120beb61f61fcbeb33b10a9ab,https://open.spotify.com/track/5uCax9HTNlzGybIStD3vDh
105,2018-02-11,106,Up,The Greatest Show,Hugh Jackman,758400,https://i.scdn.co/image/ab67616d00004851a1a7f0b95a16de24a870ea5e,https://open.spotify.com/track/43ay9lQZ5rfNcOOHhRF2cM
106,2018-02-11,107,Down,More Than You Know,Axwell /\ Ingrosso,733601,https://i.scdn.co/image/ab67616d00004851a1944d8afb76a8fd03ed8c0f,https://open.spotify.com/track/71bBFbfn2OBK5QwUJSLS44
107,2018-02-11,108,Down,Que Va,Alex Sensation,730590,https://i.scdn.co/image/ab67616d00004851571f364389a9436e4ff8a362,https://open.spotify.com/track/7ofxPmTNMj2GP07g1VZa0O
108,2018-02-11,109,Down,Lonely Together (feat. Rita Ora),Avicii,725050,https://i.scdn.co/image/241ee98f30f1a0066a26890586952e393a473b0d,https://open.spotify.com/track/2OALaHcDdKkjYEpAr0Qzab
109,2018-02-11,110,Up,goosebumps,Travis Scott,720439,https://i.scdn.co/image/ab67616d00004851f54b99bf27cda88f4a7403ce,https://open.spotify.com/track/6gBFPUFcJLzWGx4lenP6h2
110,2018-02-11,111,Down,SUTRA,Sebastian Yatra,711879,https://i.scdn.co/image/ab67616d00004851f215288f120008eb66a16a8b,https://open.spotify.com/track/5TmZYdHW6HJ9gt7Aokuql5
111,2018-02-11,112,Down,Esperándote,Manuel Turizo,709814,https://i.scdn.co/image/ab67616d00004851fa2960f06e1f2ed9cedb6d12,https://open.spotify.com/track/1nfyE13arjOuO54HH0zmqj
112,2018-02-11,113,Down,Báilame - Remix,Nacho,706259,https://i.scdn.co/image/ab67616d00004851473f54a79eb118bdfa668aa2,https://open.spotify.com/track/3VClLWqNn80Llv0PJOsKgr
113,2018-02-11,114,Down,Escápate Conmigo (feat. Ozuna),Wisin,700321,https://i.scdn.co/image/ab67616d00004851c7524a697e709517b50681b2,https://open.spotify.com/track/1KSqYYJFyfTecXFk9M0prc
114,2018-02-11,115,Up,A Million Dreams,Ziv Zaifman,698914,https://i.scdn.co/image/ab67616d00004851128057b40732c042c86de1dd,https://open.spotify.com/track/0RoA7ObU6phWpqhlC9zH4Z
115,2018-02-11,116,Down,Déjate Llevar,Juan Magán,698833,https://i.scdn.co/image/ab67616d00004851aa674375a551ed3dee543c34,https://open.spotify.com/track/3xWEI23MLJrD0dpDcDUTW6
116,2018-02-11,117,Down,Perro Fiel (feat. Nicky Jam),Shakira,698676,https://i.scdn.co/image/ab67616d00004851d05d3aad30c5fb7614893cf5,https://open.spotify.com/track/70lnL3QaSOIIyMa2X9aVRL
117,2018-02-11,118,Up,End Game,Taylor Swift,695393,https://i.scdn.co/image/c2e6423b9624845f6dd57aef8ce00fa53aedcef7,https://open.spotify.com/track/2x0WlnmfG39ZuDmstl9xfX
118,2018-02-11,119,Up,Nowadays (feat. Landon Cube),Lil Skies,695056,https://i.scdn.co/image/ab67616d00004851c56dcd1015c1ffb8c56d2988,https://open.spotify.com/track/2u7mxWSeoqTXndK5e08jMp
119,2018-02-11,120,Down,Despacito - Remix,Luis Fonsi,687009,https://i.scdn.co/image/ab67616d00004851d8559d0280ffe2a2af6dacdf,https://open.spotify.com/track/5CtI0qwDJkDQGwXD1H1cLb
120,2018-02-11,121,Down,Suena El Dembow,Joey Montana,686383,https://i.scdn.co/image/ab67616d00004851c8185c654dc0409609c5eb31,https://open.spotify.com/track/5TysCiZtv1HnSWcTcUFusI
121,2018-02-11,122,Down,Strip That Down,Liam Payne,685754,https://i.scdn.co/image/ab67616d00004851ec1abb2ba5e210e826161111,https://open.spotify.com/track/6EpRaXYhGOB3fj4V2uDkMJ
122,2018-02-11,123,Up,Never Enough,Loren Allred,683277,https://i.scdn.co/image/ab67616d00004851128057b40732c042c86de1dd,https://open.spotify.com/track/0Gl5s8IhMmQE5YQwM8Qx1J
123,2018-02-11,124,Down,That's What I Like,Bruno Mars,682909,https://i.scdn.co/image/ab67616d00004851232711f7d66a1e19e89e28c5,https://open.spotify.com/track/0KKkJNfGyhkQ5aFogxQAPU
124,2018-02-11,125,Down,Felices los 4,Maluma,673849,https://i.scdn.co/image/ab67616d00004851d9732b592276542ecafa6c6d,https://open.spotify.com/track/0qYTZCo5Bwh1nsUFGZP3zn
125,2018-02-11,126,Down,Bloody Waters (with Anderson .Paak & James Blake),Ab-Soul,672162,https://i.scdn.co/image/28e755c12683e1038efd53a902601e7f7ed4dbc5,https://open.spotify.com/track/4KXwFI9pgJLpUIAc9oSL8j
126,2018-02-11,127,Up,My My My!,Troye Sivan,661848,https://i.scdn.co/image/ab67616d0000485163284e21910e6cd2ecbaff64,https://open.spotify.com/track/2Tq2R8sRftNEqdgJK5HadO
127,2018-02-11,128,Up,Miss You (with Major Lazer & Tory Lanez),Cashmere Cat,657041,https://i.scdn.co/image/ab67616d000048510f09cea80b9146ea94d638bf,https://open.spotify.com/track/0as7lPxkBPctZ7uVmchRNM
128,2018-02-11,129,Up,Tell Me You Love Me,Demi Lovato,655154,https://i.scdn.co/image/ab67616d00004851921862ba830177affb254106,https://open.spotify.com/track/5Htb1uFQ1KrkFXlefS8oGj
129,2018-02-11,130,Up,BUTTERFLY EFFECT,Travis Scott,652373,https://i.scdn.co/image/ab67616d00004851b5e9358d0d07114609d9afab,https://open.spotify.com/track/1yxgsra98r3qAtxqiGZPiX
130,2018-02-11,131,Down,Symphony (feat. Zara Larsson),Clean Bandit,650957,https://i.scdn.co/image/ab67616d000048515b1130d050c4cd2295999d85,https://open.spotify.com/track/1x5sYLZiu9r5E43kMlt9f8
131,2018-02-11,132,Down,Robarte un Beso,Carlos Vives,646495,https://i.scdn.co/image/ab67616d00004851575fb66ec11e54fb68d548a5,https://open.spotify.com/track/0JcNysfWVWaMS7R6vzGB2k
132,2018-02-11,133,Down,Codeine Dreaming (feat. Lil Wayne),Kodak Black,645625,https://i.scdn.co/image/ab67616d000048518e3046e13f253a208519b21a,https://open.spotify.com/track/4DTpngLjoHj5gFxEZFeD3J
133,2018-02-11,134,Up,Photograph,Ed Sheeran,645555,https://i.scdn.co/image/ab67616d00004851d08209944468440145f01524,https://open.spotify.com/track/6fxVffaTuwjgEk5h9QyRjy
134,2018-02-11,135,Up,New Freezer (feat. Kendrick Lamar),Rich The Kid,640735,https://i.scdn.co/image/ab67616d0000485166bac14cf011715fbed67e58,https://open.spotify.com/track/4pYZLpX23Vx8rwDpJCpPTA
135,2018-02-11,136,Down,There's Nothing Holdin' Me Back,Shawn Mendes,638505,https://i.scdn.co/image/ab67616d00004851f9cbd0c07513a7232cd6b9a7,https://open.spotify.com/track/79cuOz3SPQTuFrp8WgftAu
136,2018-02-11,137,Down,One Dance,Drake,636375,https://i.scdn.co/image/ab67616d00004851726abca207567d5e41cb9667,https://open.spotify.com/track/1xznGGDReH1oQq0xzbwXa3
137,2018-02-11,138,Down,Vuelve,Daddy Yankee,628975,https://i.scdn.co/image/ab67616d0000485127fd276f720970c987695b55,https://open.spotify.com/track/0lJCqIx5BhZtf6QtYI2fbv
138,2018-02-11,139,Down,Bella y Sensual,Romeo Santos,623538,https://i.scdn.co/image/ab67616d00004851827d0777f8cccdf5b7481442,https://open.spotify.com/track/0ERbK7qVqveCaBWIiYCrl3
139,2018-02-11,140,Up,Closer,The Chainsmokers,623087,https://i.scdn.co/image/ab67616d00004851495ce6da9aeb159e94eaa453,https://open.spotify.com/track/7BKLCZ1jbUBVqRi2FVlTVw
140,2018-02-11,141,Up,Thinking out Loud,Ed Sheeran,620450,https://i.scdn.co/image/ab67616d00004851d08209944468440145f01524,https://open.spotify.com/track/1Slwb6dOYkBlWal1PGtnNg
141,2018-02-11,142,Down,Havana - Remix,Camila Cabello,617138,https://i.scdn.co/image/ab67616d000048515556fb4dfea9c05e09519c25,https://open.spotify.com/track/3whrwq4DtvucphBPUogRuJ
142,2018-02-11,143,Down,Whatever It Takes,Imagine Dragons,616588,https://i.scdn.co/image/ab67616d000048517956bd9a3d7a15e4c2e37cc6,https://open.spotify.com/track/4IWAyPf1KMq7JCyGeCjTeH
143,2018-02-11,144,Up,"I Don’t Wanna Live Forever (Fifty Shades Darker) - From ""Fifty Shades Darker (Original Motion Picture Soundtrack)""",ZAYN,608417,https://i.scdn.co/image/ab67616d000048512ae921f082ae5db4d3da818f,https://open.spotify.com/track/3NdDpSvN911VPGivFlV5d0
144,2018-02-11,145,Up,The Other Side,Hugh Jackman,604656,https://i.scdn.co/image/ab67616d00004851128057b40732c042c86de1dd,https://open.spotify.com/track/2cKovq3l6OJjhVVDbVKOsr
145,2018-02-11,146,Down,Breathe,Jax Jones,599690,https://i.scdn.co/image/ab67616d00004851242e97b0767265f5c3cf0277,https://open.spotify.com/track/6tvQzeCPwOytDlBYCIOY0n
146,2018-02-11,147,Up,Galway Girl,Ed Sheeran,599528,https://i.scdn.co/image/ab67616d00004851ba5db46f4b838ef6027e6f96,https://open.spotify.com/track/0afhq8XCExXpqazXczTSve
147,2018-02-11,148,Flat,I Get The Bag (feat. Migos),Gucci Mane,595290,https://i.scdn.co/image/ab67616d00004851af7525e55333b110ff0f4e95,https://open.spotify.com/track/1XRgIKC5TPwo7nWGyKqgG0
148,2018-02-11,149,Up,"I'm the One (feat. Justin Bieber, Quavo, Chance the Rapper & Lil Wayne)",DJ Khaled,582425,https://i.scdn.co/image/ab67616d00004851dcb6a73da1e7f293b875f69c,https://open.spotify.com/track/3DXncPQOG4VBw3QHh3S817
149,2018-02-11,150,Up,Wanted You (feat. Lil Uzi Vert),NAV,582354,https://i.scdn.co/image/8eebb0096ab97f23172ea197224a4ee0267043eb,https://open.spotify.com/track/790MhTXPFrYkrqCKvpg4t1
150,2018-02-11,151,Up,Despacito (Featuring Daddy Yankee),Luis Fonsi,582218,https://i.scdn.co/image/ab67616d00004851a5971936e3b8d91f8b616b17,https://open.spotify.com/track/4aWmUDTfIPGksMNLV2rQP2
151,2018-02-11,152,Up,Mama,Jonas Blue,581916,https://i.scdn.co/image/14891cf71e2287163c137e90074783ba5cdd4ff4,https://open.spotify.com/track/0NiXXAI876aGImAd6rTj8w
152,2018-02-11,153,Up,Go Flex,Post Malone,576352,https://i.scdn.co/image/23bae95100dcb6ac8f88c19fa2a11c50a998a926,https://open.spotify.com/track/5yuShbu70mtHXY0yLzCQLQ
153,2018-02-11,154,Down,Friends (with BloodPop®),Justin Bieber,574746,https://i.scdn.co/image/ab67616d00004851302806b2c89a0f7a24b4922c,https://open.spotify.com/track/7nZmah2llfvLDiUjm0kiyz
154,2018-02-11,155,Up,Fuck Love (feat. Trippie Redd),XXXTENTACION,573755,https://i.scdn.co/image/ab67616d00004851203c89bd4391468eea4cc3f5,https://open.spotify.com/track/7AQim7LbvFVZJE3O8TYgf2
155,2018-02-11,156,Up,Notice Me,Migos,573496,https://i.scdn.co/image/36f1a1c6bddf8a4c0b9e6c7612a9b25048904344,https://open.spotify.com/track/3OnOomd79OjqSYHchCQ6ht
156,2018-02-11,157,Down,Redemption (with Babes Wodumo),Zacari,573389,https://i.scdn.co/image/28e755c12683e1038efd53a902601e7f7ed4dbc5,https://open.spotify.com/track/76iVOVsliCHlWqKuDnCfhE
157,2018-02-11,158,Down,Dreamer,Axwell /\ Ingrosso,571642,https://i.scdn.co/image/ab67616d00004851a1944d8afb76a8fd03ed8c0f,https://open.spotify.com/track/7hvxMYq9JW5W0vFwiu1Zdr
158,2018-02-11,159,Up,Envolvimento,MC Loma e As Gêmeas Lacração,571413,https://i.scdn.co/image/ab67616d0000485104b4effaa472f270db2bc8a4,https://open.spotify.com/track/1Wolb8MRcXR2IMMaELTRpE
159,2018-02-11,160,Up,Redbone,Childish Gambino,567896,https://i.scdn.co/image/ab67616d000048510b97e56ffad7c6211aa848f8,https://open.spotify.com/track/3kxfsdsCpFgN412fpnW85Y
160,2018-02-11,161,Up,Mask Off,Future,563799,https://i.scdn.co/image/ab67616d00004851e0b64c8be3c4e804abcb2696,https://open.spotify.com/track/0VgkVdmE4gld66l8iyGjgx
161,2018-02-11,162,Up,Issues,Julia Michaels,562577,https://i.scdn.co/image/bed97a5c36c8dda6724f89ecfd8c23497cc897f4,https://open.spotify.com/track/7vu0JkJh0ldukEYbTVcqd0
162,2018-02-11,163,Down,Nuh Ready Nuh Ready,Calvin Harris,561772,https://i.scdn.co/image/ab67616d000048516c24e5bc5153263aaccc39ad,https://open.spotify.com/track/2rYyq0b3XWwmWl0k727OVG
163,2018-02-11,164,Down,Filthy,Justin Timberlake,558735,https://i.scdn.co/image/ab67616d000048514626ff0fee963da605f6aa06,https://open.spotify.com/track/5ZpjODX6OH1xZs3AOewTO6
164,2018-02-11,165,Up,DNA.,Kendrick Lamar,553185,https://i.scdn.co/image/ae1f239b41e9604a66eb900834c6887cd2f62ff1,https://open.spotify.com/track/6HZILIRieu8S0iqY8kIKhj
165,2018-02-11,166,Up,Passionfruit,Drake,549993,https://i.scdn.co/image/ab67616d000048515ea859dc94365abd9fd84fd6,https://open.spotify.com/track/7hDc8b7IXETo14hHIHdnhd
166,2018-02-11,167,Up,Roll In Peace (feat. XXXTENTACION),Kodak Black,548393,https://i.scdn.co/image/ab67616d00004851583ce93dc89d84218f233ea7,https://open.spotify.com/track/40oKW22ZNNkEdZLJTScaQI
167,2018-02-11,168,Down,Feels,Calvin Harris,544590,https://i.scdn.co/image/ab67616d000048514d3fa5ce7ba599f4fd7803ef,https://open.spotify.com/track/5bcTCxgc7xVfSaMV3RuVke
168,2018-02-11,169,Down,Man's Not Hot,Big Shaq,540818,https://i.scdn.co/image/ab67616d00004851e297a281788cf46e9094a2ca,https://open.spotify.com/track/2nUJvBO87SkxCViQsLc9Zr
169,2018-02-11,170,Up,What About Us,P!nk,540627,https://i.scdn.co/image/ab67616d0000485100164c96548a622d34b39828,https://open.spotify.com/track/0Qh38w01QRXK6KHIv0e3hb
170,2018-02-11,171,Down,Glorious (feat. Skylar Grey),Macklemore,540457,https://i.scdn.co/image/ab67616d000048512e94b668c60b06deb1c3a05c,https://open.spotify.com/track/0CokSRCu5hZgPxcZBaEzVE
171,2018-02-11,172,Up,Starboy,The Weeknd,539697,https://i.scdn.co/image/ab67616d000048510c8599cbde51245c128bcea9,https://open.spotify.com/track/5aAx2yezTd8zXrkmtKl66Z
172,2018-02-11,173,Up,"Home (with Machine Gun Kelly, X Ambassadors & Bebe Rexha)",Machine Gun Kelly,538963,https://i.scdn.co/image/ab67616d000048517a3fbbab0e9fb050a08fa065,https://open.spotify.com/track/0OI7AFifLSoGzpb8bdBLLV
173,2018-02-11,174,Up,Stay,Zedd,538262,https://i.scdn.co/image/747037023c4423be7d41f3dd245f16ce75a652e7,https://open.spotify.com/track/0I20rLT2MJDhcF96AjbNYo
174,2018-02-11,175,Down,Ta Tum Tum,MC Kevinho,538032,https://i.scdn.co/image/ab67616d000048519a1eab198a5f7cc48e82dc8c,https://open.spotify.com/track/6etab3UBCo5GOTMZqUvRka
175,2018-02-11,176,Down,Diplomatic Immunity,Drake,537674,https://i.scdn.co/image/ab67616d000048515e8f046078b784e6f8502008,https://open.spotify.com/track/5goGDc74vVREyN8al8CkPh
176,2018-02-11,177,Down,Wild Thoughts (feat. Rihanna & Bryson Tiller),DJ Khaled,537203,https://i.scdn.co/image/ab67616d00004851dcb6a73da1e7f293b875f69c,https://open.spotify.com/track/1OAh8uOEOvTDqkKFsKksCi
177,2018-02-11,178,Down,Bonita,J Balvin,527333,https://i.scdn.co/image/ab67616d0000485148f3fc1d4f0fed414418e041,https://open.spotify.com/track/693iqPOQvhI7PobtR8CC8v
178,2018-02-11,179,Up,Bounce Out With That,YBN Nahmir,525983,https://i.scdn.co/image/ab67616d00004851af41341020c85f2f2279aeb2,https://open.spotify.com/track/5lZsh9Qf7CbHI9Fcc7Zcsq
179,2018-02-11,180,Up,It Ain't Me (with Selena Gomez),Kygo,524796,https://i.scdn.co/image/ab67616d0000485141f289940f2e6a0d51988d77,https://open.spotify.com/track/3eR23VReFzcdmS7TYCrhCe
180,2018-02-11,181,Down,Una Lady Como Tú,Manuel Turizo,522894,https://i.scdn.co/image/ab67616d00004851f9dc35bc367fcf98e763d27e,https://open.spotify.com/track/7MHN1aCFtLXjownGhvEQlF
181,2018-02-11,182,Down,Swalla (feat. Nicki Minaj & Ty Dolla $ign),Jason Derulo,517588,https://i.scdn.co/image/ab67616d000048519d6522bee68370fa5592301d,https://open.spotify.com/track/6kex4EBAj0WHXDKZMEJaaF
182,2018-02-11,183,Up,El Farsante - Remix,Ozuna,513527,https://i.scdn.co/image/ab67616d000048519730f9b901c4ca652c0fd21b,https://open.spotify.com/track/7uYgVgRSgqluZclLS7wpp4
183,2018-02-11,184,Up,Real Friends,Camila Cabello,512320,https://i.scdn.co/image/ab67616d000048516eb0b9e73adcf04e4ed3eca4,https://open.spotify.com/track/3iq9nhbI8fcnNamxMft1uv
184,2018-02-11,185,Up,The Weekend - Funk Wav Remix,SZA,509921,https://i.scdn.co/image/ab67616d00004851b19d1cc6a00ae1d4ddcbfd37,https://open.spotify.com/track/0P6AWOA4LG1XOctzaVu5tt
185,2018-02-11,186,New,Come Alive,Hugh Jackman,507816,https://i.scdn.co/image/ab67616d00004851128057b40732c042c86de1dd,https://open.spotify.com/track/5xNUR50KxswPRAvx7S163g
186,2018-02-11,187,Down,Barking,Ramz,507580,https://i.scdn.co/image/ab67616d0000485137a4c7a7325191433f3c2679,https://open.spotify.com/track/7amMgNDcObIDkIXv4xcvc2
187,2018-02-11,188,Up,Back to You (feat. Bebe Rexha & Digital Farm Animals),Louis Tomlinson,504259,https://i.scdn.co/image/ab67616d00004851327d7ffa53a268bf7411c28b,https://open.spotify.com/track/7F9vK8hNFMml4GtHsaXui6
188,2018-02-11,189,Down,"Lose Yourself - From ""8 Mile"" Soundtrack",Eminem,503432,https://i.scdn.co/image/ab67616d00004851a8a32ae2a279b9bf03445738,https://open.spotify.com/track/7w9bgPAmPTtrkt2v16QWvQ
189,2018-02-11,190,Down,Seasons (with Sjava & Reason),Mozzy,501768,https://i.scdn.co/image/28e755c12683e1038efd53a902601e7f7ed4dbc5,https://open.spotify.com/track/35cOyocq8Gb6UcT0NWeTwn
190,2018-02-11,191,Up,White Iverson,Post Malone,499781,https://i.scdn.co/image/23bae95100dcb6ac8f88c19fa2a11c50a998a926,https://open.spotify.com/track/6eT7xZZlB2mwyzJ2sUKG6w
191,2018-02-11,192,New,Bad At Love,Halsey,494964,https://i.scdn.co/image/d5bb421dbecbba7c6904eb67672f3cd25cf54c23,https://open.spotify.com/track/7y9iMe8SOB6z3NoHE2OfXl
192,2018-02-11,193,Up,Olha a Explosão,MC Kevinho,493176,https://i.scdn.co/image/ab67616d000048519fa596b2c10e306ea8c213c7,https://open.spotify.com/track/6m2LNopVJKsvBB9l7Z1rwn
193,2018-02-11,194,Down,24K Magic,Bruno Mars,493115,https://i.scdn.co/image/ab67616d00004851232711f7d66a1e19e89e28c5,https://open.spotify.com/track/6b8Be6ljOzmkOmFslEb23P
194,2018-02-11,195,Down,La Modelo,Ozuna,492548,https://i.scdn.co/image/ab67616d0000485179b9a937f463259abdb90613,https://open.spotify.com/track/2m2ZGfJcs3lHWNPzhWH3XH
195,2018-02-11,196,New,From Now On,Hugh Jackman,488227,https://i.scdn.co/image/ab67616d00004851128057b40732c042c86de1dd,https://open.spotify.com/track/3IkWmgGsXbsafrunwPojXO
196,2018-02-11,197,Down,Agora Vai Sentar,MC's Jhowzinho & Kadinho,487242,https://i.scdn.co/image/ab67616d00004851b169335d69032658ff26e811,https://open.spotify.com/track/0pDaqgIForVNO4jrtTxcWT
197,2018-02-11,198,Down,KEKE,6ix9ine,486926,https://i.scdn.co/image/13dcd7ae198de3fa2a92346afe3942e6ce8d5e8e,https://open.spotify.com/track/0zl3PdjIl320fK0pxBGWNR
198,2018-02-11,199,Up,Slippery (feat. Gucci Mane),Migos,486075,https://i.scdn.co/image/ab67616d0000485199a8ab6da9d593939302828a,https://open.spotify.com/track/6p8NuHm8uCGnn2Dtbtf7zE
199,2018-02-11,200,New,Happier,Ed Sheeran,485293,https://i.scdn.co/image/ab67616d00004851ba5db46f4b838ef6027e6f96,https://open.spotify.com/track/2RttW7RAu5nOAfq6YFvApB
