,Date,Position,Trend,Title,Artist,Streams,Icon_URL,Spotify_URL
0,2017-10-24,1,Flat,rockstar,Post Malone,6303536,https://i.scdn.co/image/ab67616d00004851345f823b6c1dbd3b4cc7b382,https://open.spotify.com/track/7wGoVu4Dady5GV0Sv4UIsx
1,2017-10-24,2,Flat,Havana,Camila Cabello,3814756,https://i.scdn.co/image/ab67616d00004851d93cf4d07ba50d7b32ca7c44,https://open.spotify.com/track/0ofbQMrRDsUaVKq2mGLEAb
2,2017-10-24,3,Flat,New Rules,Dua Lipa,3610909,https://i.scdn.co/image/ab67616d000048516b915e407b70e121e06fe979,https://open.spotify.com/track/2ekn2ttSfGqwhhate0LSR0
3,2017-10-24,4,Flat,Dusk Till Dawn - Radio Edit,ZAYN,3179317,https://i.scdn.co/image/ab67616d0000485123852b7ef0ecfe29d38d97ee,https://open.spotify.com/track/1j4kHkkpqZRBwE0A4CN4Yv
4,2017-10-24,5,Flat,Too Good At Goodbyes - Edit,Sam Smith,3101538,https://i.scdn.co/image/ab67616d000048510a5b25f2ae0690285b4b1508,https://open.spotify.com/track/0mel2N9Ws9r4yLQn5QE21Y
5,2017-10-24,6,Up,What Lovers Do (feat. SZA),Maroon 5,3019517,https://i.scdn.co/image/ab67616d000048513c5e0b163d55ef4e27f60689,https://open.spotify.com/track/4mxWSdf71VFO52qFeY0fZt
6,2017-10-24,7,Down,Perfect,Ed Sheeran,2975366,https://i.scdn.co/image/ab67616d00004851ba5db46f4b838ef6027e6f96,https://open.spotify.com/track/0tgVpDi06FyKpA1z0VMD4v
7,2017-10-24,8,Flat,1-800-273-8255,Logic,2823232,https://i.scdn.co/image/08f9ccb7875a87c07c79c1ccd5319263786c55ea,https://open.spotify.com/track/5tz69p7tJuGPeMGwNTxYuV
8,2017-10-24,9,Flat,Silence,Marshmello,2751436,https://i.scdn.co/image/ab67616d00004851f33ba583059dc2f7d08bf2b8,https://open.spotify.com/track/7vGuf3Y35N4wmASOKLUVVU
9,2017-10-24,10,Flat,I Fall Apart,Post Malone,2486560,https://i.scdn.co/image/23bae95100dcb6ac8f88c19fa2a11c50a998a926,https://open.spotify.com/track/75ZvA4QfFiZvzhj2xkaWAh
10,2017-10-24,11,Up,Let You Down,NF,2307704,https://i.scdn.co/image/ab67616d0000485139e85b6ae069d1e25bbc89df,https://open.spotify.com/track/6mrKP2jyIQmM0rw6fQryjr
11,2017-10-24,12,Up,Young Dumb & Broke,Khalid,2263299,https://i.scdn.co/image/ab67616d00004851988ede5e1276e758b5f9e577,https://open.spotify.com/track/5Z3GHaZ6ec9bsiI5BenrbY
12,2017-10-24,13,Up,Sorry Not Sorry,Demi Lovato,2135740,https://i.scdn.co/image/ab67616d00004851ec9c72308e30e7aa1d22b37d,https://open.spotify.com/track/3m660poUr1chesgkkjQM7P
13,2017-10-24,14,Flat,Mi Gente,J Balvin,2117729,https://i.scdn.co/image/ab67616d00004851996bd1ea86bd3815eedfeef5,https://open.spotify.com/track/2rb5MvYT7ZIxbKW5hfcHx8
14,2017-10-24,15,Down,Gorgeous,Taylor Swift,2117015,https://i.scdn.co/image/ab67616d00004851c2bad17b370e8dc07701c8ff,https://open.spotify.com/track/0CLnkxpa3M4eA3HeGaERat
15,2017-10-24,16,Flat,Unforgettable,French Montana,2046175,https://i.scdn.co/image/ab67616d000048518a31195a371b2233456f6c07,https://open.spotify.com/track/3B54sVLJ402zGa6Xm4YGNe
16,2017-10-24,17,Flat,Shape of You,Ed Sheeran,2026612,https://i.scdn.co/image/ab67616d00004851ba5db46f4b838ef6027e6f96,https://open.spotify.com/track/7qiZfU4dY1lWllzX7mPBI3
17,2017-10-24,18,Flat,Glorious (feat. Skylar Grey),Macklemore,1992721,https://i.scdn.co/image/ab67616d000048512e94b668c60b06deb1c3a05c,https://open.spotify.com/track/0CokSRCu5hZgPxcZBaEzVE
18,2017-10-24,19,Flat,Feel It Still,Portugal. The Man,1954083,https://i.scdn.co/image/ab67616d00004851af52c228c9619ff6298b08cd,https://open.spotify.com/track/6QgjcU0zLnzq5OrUoSZ3OK
19,2017-10-24,20,Up,Gucci Gang,Lil Pump,1934868,https://i.scdn.co/image/ab67616d00004851d52ef190ae5253eb2c3c764c,https://open.spotify.com/track/43ZyHQITOjhciSUUNPVRHc
20,2017-10-24,21,Down,Look What You Made Me Do,Taylor Swift,1922497,https://i.scdn.co/image/ab67616d00004851e3953b884e6b0bd31933d4e0,https://open.spotify.com/track/6uFsE1JgZ20EXyU0JQZbUR
21,2017-10-24,22,Down,Bank Account,21 Savage,1903427,https://i.scdn.co/image/ab67616d00004851ac3c0aecec76cd7b5a54795e,https://open.spotify.com/track/2fQrGHiQOvpL9UgPvtYy6G
22,2017-10-24,23,Down,Thunder,Imagine Dragons,1890425,https://i.scdn.co/image/ab67616d000048517956bd9a3d7a15e4c2e37cc6,https://open.spotify.com/track/0tKcYR2II1VCQWT79i5NrW
23,2017-10-24,24,Down,XO Tour Llif3,Lil Uzi Vert,1889062,https://i.scdn.co/image/ab67616d0000485141b41e6f7924e530a9b00f9c,https://open.spotify.com/track/7GX5flRQZVHRAGd6B4TmDO
24,2017-10-24,25,Flat,Friends (with BloodPop®),Justin Bieber,1837228,https://i.scdn.co/image/ab67616d00004851302806b2c89a0f7a24b4922c,https://open.spotify.com/track/7nZmah2llfvLDiUjm0kiyz
25,2017-10-24,26,Flat,Stargazing,Kygo,1787193,https://i.scdn.co/image/ab67616d00004851a333559091297eda04eba27c,https://open.spotify.com/track/0Zbbxnx4SGGHoIow4PpISP
26,2017-10-24,27,Up,Congratulations,Post Malone,1765884,https://i.scdn.co/image/23bae95100dcb6ac8f88c19fa2a11c50a998a926,https://open.spotify.com/track/3a1lNhkSLSkpJE4MSHpDu9
27,2017-10-24,28,Down,What About Us,P!nk,1751945,https://i.scdn.co/image/ab67616d0000485100164c96548a622d34b39828,https://open.spotify.com/track/0Qh38w01QRXK6KHIv0e3hb
28,2017-10-24,29,Up,Lonely Together (feat. Rita Ora),Avicii,1719292,https://i.scdn.co/image/241ee98f30f1a0066a26890586952e393a473b0d,https://open.spotify.com/track/2OALaHcDdKkjYEpAr0Qzab
29,2017-10-24,30,Up,How Long,Charlie Puth,1666998,https://i.scdn.co/image/ab67616d00004851872353e715cccea67fe3de91,https://open.spotify.com/track/32DGGj6KlNuBr6WaqRxpxi
30,2017-10-24,31,Flat,Attention,Charlie Puth,1658091,https://i.scdn.co/image/ab67616d00004851db21a273452f0637cdbc35aa,https://open.spotify.com/track/4iLqG9SeJSnt0cSPICSjxv
31,2017-10-24,32,Down,Too Much To Ask,Niall Horan,1652272,https://i.scdn.co/image/ab67616d0000485194fde6afa9cbf073e5b6445a,https://open.spotify.com/track/4v094LQ9eF10k2O2Te2ngK
32,2017-10-24,33,Flat,Mi Gente (feat. Beyoncé),J Balvin,1645045,https://i.scdn.co/image/ab67616d00004851aa2bdbc1911b520d425af85e,https://open.spotify.com/track/7fwXWKdDNI5IutOMc5OKYw
33,2017-10-24,34,Down,Bodak Yellow,Cardi B,1638347,https://i.scdn.co/image/ab67616d0000485162a2dedc55a38a0fca0a17b0,https://open.spotify.com/track/2771LMNxwf62FTAdpJMQfM
34,2017-10-24,35,Down,Jocelyn Flores,XXXTENTACION,1583145,https://i.scdn.co/image/ab67616d00004851203c89bd4391468eea4cc3f5,https://open.spotify.com/track/7m9OqQk4RVRkw9JJdeAw96
35,2017-10-24,36,Flat,"Let Me Go (with Alesso, Florida Georgia Line & watt)",Hailee Steinfeld,1563335,https://i.scdn.co/image/ab67616d00004851dbdc892395413def043e0655,https://open.spotify.com/track/5AEtlRudpgdT5FtNiuly6Y
36,2017-10-24,37,Up,Me Rehúso,Danny Ocean,1539454,https://i.scdn.co/image/ab67616d00004851a75bd33684083600569dd3bf,https://open.spotify.com/track/6De0lHrwBfPfrhorm9q1Xl
37,2017-10-24,38,Up,Se Preparó,Ozuna,1496377,https://i.scdn.co/image/ab67616d00004851b0a875d7f1bfe4ec4aaffa48,https://open.spotify.com/track/1m69ELEgE6k5ZWsap40ozt
38,2017-10-24,39,Down,More Than You Know,Axwell /\ Ingrosso,1475148,https://i.scdn.co/image/ab67616d00004851cb442ec337da75fb09cc3981,https://open.spotify.com/track/3PEgB3fkiojxms35ntsTgs
39,2017-10-24,40,Up,Criminal,Natti Natasha,1473867,https://i.scdn.co/image/ab67616d00004851ff16b23d53ff793a64ec2138,https://open.spotify.com/track/2SmgFAhQkQCQPyBiBxR6Te
40,2017-10-24,41,Down,Feels,Calvin Harris,1432794,https://i.scdn.co/image/ab67616d000048514d3fa5ce7ba599f4fd7803ef,https://open.spotify.com/track/5bcTCxgc7xVfSaMV3RuVke
41,2017-10-24,42,Up,I Like Me Better,Lauv,1428837,https://i.scdn.co/image/ab67616d00004851fab48816b625e2a77a732400,https://open.spotify.com/track/1wjzFQodRWrPcQ0AnYnvQ9
42,2017-10-24,43,Down,HUMBLE.,Kendrick Lamar,1427743,https://i.scdn.co/image/ae1f239b41e9604a66eb900834c6887cd2f62ff1,https://open.spotify.com/track/7KXjTSCq5nL1LoYtL7XAwS
43,2017-10-24,44,Up,Mayores,Becky G,1404573,https://i.scdn.co/image/ab67616d00004851b5983d639fd953deb3c99848,https://open.spotify.com/track/7JNh1cfm0eXjqFVOzKLyau
44,2017-10-24,45,Down,Without You (feat. Sandro Cavazza),Avicii,1388846,https://i.scdn.co/image/ab67616d0000485130800bfbfff51ddb031d9bd7,https://open.spotify.com/track/6WbADFqMvR8N5u0BvtsWQE
45,2017-10-24,46,Flat,There's Nothing Holdin' Me Back,Shawn Mendes,1289725,https://i.scdn.co/image/ab67616d00004851f9cbd0c07513a7232cd6b9a7,https://open.spotify.com/track/79cuOz3SPQTuFrp8WgftAu
46,2017-10-24,47,Flat,Despacito - Remix,Luis Fonsi,1269156,https://i.scdn.co/image/ab67616d00004851d8559d0280ffe2a2af6dacdf,https://open.spotify.com/track/5CtI0qwDJkDQGwXD1H1cLb
47,2017-10-24,48,Flat,I Get The Bag (feat. Migos),Gucci Mane,1267768,https://i.scdn.co/image/ab67616d00004851af7525e55333b110ff0f4e95,https://open.spotify.com/track/1XRgIKC5TPwo7nWGyKqgG0
48,2017-10-24,49,Flat,Slow Hands,Niall Horan,1260797,https://i.scdn.co/image/ab67616d0000485194fde6afa9cbf073e5b6445a,https://open.spotify.com/track/38yBBH2jacvDxrznF7h08J
49,2017-10-24,50,Flat,Wild Thoughts (feat. Rihanna & Bryson Tiller),DJ Khaled,1229599,https://i.scdn.co/image/ab67616d00004851dcb6a73da1e7f293b875f69c,https://open.spotify.com/track/1OAh8uOEOvTDqkKFsKksCi
50,2017-10-24,51,Up,Good Old Days (feat. Kesha),Macklemore,1173333,https://i.scdn.co/image/ab67616d000048512e94b668c60b06deb1c3a05c,https://open.spotify.com/track/2Za1AlJNvksouPPWbXpR2X
51,2017-10-24,52,Up,Go Flex,Post Malone,1125991,https://i.scdn.co/image/23bae95100dcb6ac8f88c19fa2a11c50a998a926,https://open.spotify.com/track/5yuShbu70mtHXY0yLzCQLQ
52,2017-10-24,53,Down,Bonita,J Balvin,1125579,https://i.scdn.co/image/ab67616d0000485148f3fc1d4f0fed414418e041,https://open.spotify.com/track/693iqPOQvhI7PobtR8CC8v
53,2017-10-24,54,Down,Believer,Imagine Dragons,1117420,https://i.scdn.co/image/ab67616d000048517956bd9a3d7a15e4c2e37cc6,https://open.spotify.com/track/0CcQNd8CINkwQfe1RDtGV6
54,2017-10-24,55,Up,The Way Life Goes (feat. Oh Wonder),Lil Uzi Vert,1104727,https://i.scdn.co/image/ab67616d0000485141b41e6f7924e530a9b00f9c,https://open.spotify.com/track/2eAZfqOm4EnOF9VvN50Tyc
55,2017-10-24,56,Down,Strip That Down,Liam Payne,1094177,https://i.scdn.co/image/ab67616d00004851ec1abb2ba5e210e826161111,https://open.spotify.com/track/6EpRaXYhGOB3fj4V2uDkMJ
56,2017-10-24,57,Down,Reggaetón Lento (Remix),CNCO,1092033,https://i.scdn.co/image/ab67616d00004851c4c45bf90052845efd2a597d,https://open.spotify.com/track/3zoYkqS4y2BsGVShPL2nTE
57,2017-10-24,58,Up,Something Just Like This,The Chainsmokers,1080953,https://i.scdn.co/image/ab67616d000048510c13d3d5a503c84fcc60ae94,https://open.spotify.com/track/6RUKPb4LETWmmr3iAEQktW
58,2017-10-24,59,Up,Perro Fiel (feat. Nicky Jam),Shakira,1077642,https://i.scdn.co/image/ab67616d00004851d05d3aad30c5fb7614893cf5,https://open.spotify.com/track/70lnL3QaSOIIyMa2X9aVRL
59,2017-10-24,60,Up,BUTTERFLY EFFECT,Travis Scott,1075508,https://i.scdn.co/image/ab67616d00004851b5e9358d0d07114609d9afab,https://open.spotify.com/track/1yxgsra98r3qAtxqiGZPiX
60,2017-10-24,61,Up,Felices los 4,Maluma,1075415,https://i.scdn.co/image/ab67616d00004851d9732b592276542ecafa6c6d,https://open.spotify.com/track/0qYTZCo5Bwh1nsUFGZP3zn
61,2017-10-24,62,Up,Plain Jane,A$AP Ferg,1071140,https://i.scdn.co/image/ab67616d00004851d79cfa3155b50beb5dbeeb9a,https://open.spotify.com/track/4dVpf9jZjcORqGTLUaeYj9
62,2017-10-24,63,Up,"Homemade Dynamite (Feat. Khalid, Post Malone & SZA) - REMIX",Lorde,1070056,https://i.scdn.co/image/ab67616d000048518d4698702de262d387fa3bc9,https://open.spotify.com/track/69Naniu2KjKjaQOBUagE8U
63,2017-10-24,64,Down,Kids in Love,Kygo,1062800,https://i.scdn.co/image/ab67616d00004851f38599a0ff97f48509968cda,https://open.spotify.com/track/2UxfcZJCphbEkfbZ6nLiDx
64,2017-10-24,65,Up,A Different Way (with Lauv),DJ Snake,1061477,https://i.scdn.co/image/ab67616d00004851506d86a3034de7bc2af6cb84,https://open.spotify.com/track/0Wv5wuenRLI3BcwgT3HPIP
65,2017-10-24,66,Down,Meant to Be (feat. Florida Georgia Line),Bebe Rexha,1058546,https://i.scdn.co/image/ab67616d000048511ba5682505dd6e2592b16e41,https://open.spotify.com/track/7iDa6hUg2VgEL1o1HjmfBn
66,2017-10-24,67,Down,Back to You (feat. Bebe Rexha & Digital Farm Animals),Louis Tomlinson,1055496,https://i.scdn.co/image/ab67616d00004851327d7ffa53a268bf7411c28b,https://open.spotify.com/track/7F9vK8hNFMml4GtHsaXui6
67,2017-10-24,68,Down,Mama,Jonas Blue,1055123,https://i.scdn.co/image/14891cf71e2287163c137e90074783ba5cdd4ff4,https://open.spotify.com/track/0NiXXAI876aGImAd6rTj8w
68,2017-10-24,69,Flat,Báilame - Remix,Nacho,1028908,https://i.scdn.co/image/ab67616d00004851473f54a79eb118bdfa668aa2,https://open.spotify.com/track/3VClLWqNn80Llv0PJOsKgr
69,2017-10-24,70,Up,Que Va,Alex Sensation,1004793,https://i.scdn.co/image/ab67616d00004851571f364389a9436e4ff8a362,https://open.spotify.com/track/7ofxPmTNMj2GP07g1VZa0O
70,2017-10-24,71,Up,Bad At Love,Halsey,996100,https://i.scdn.co/image/d5bb421dbecbba7c6904eb67672f3cd25cf54c23,https://open.spotify.com/track/7y9iMe8SOB6z3NoHE2OfXl
71,2017-10-24,72,Up,Escápate Conmigo,Wisin,984323,https://i.scdn.co/image/ab67616d000048512b02904e5404ad6069c16a4f,https://open.spotify.com/track/2cnKEkpVUSV4wnjQiTWfH6
72,2017-10-24,73,Down,Location,Khalid,969253,https://i.scdn.co/image/ab67616d00004851988ede5e1276e758b5f9e577,https://open.spotify.com/track/152lZdxL1OR0ZMW6KquMif
73,2017-10-24,74,Up,goosebumps,Travis Scott,948128,https://i.scdn.co/image/ab67616d00004851f54b99bf27cda88f4a7403ce,https://open.spotify.com/track/6gBFPUFcJLzWGx4lenP6h2
74,2017-10-24,75,Down,Bedroom Floor,Liam Payne,935286,https://i.scdn.co/image/ab67616d00004851cf0dd4aa0fcfdacdb3099a3d,https://open.spotify.com/track/1pZdegOXTZ2ftINo3oUuRZ
75,2017-10-24,76,Up,Robarte un Beso,Carlos Vives,930972,https://i.scdn.co/image/ab67616d0000485126f611d8f55ec6cecb29192e,https://open.spotify.com/track/4z3GJkrtH97Bj6fRta983T
76,2017-10-24,77,Down,Questions,Chris Brown,925694,https://i.scdn.co/image/ab67616d00004851df5b4bb2ee00999c60ce05b7,https://open.spotify.com/track/5XQMr19TL7Mfksq9zihbOu
77,2017-10-24,78,Up,"I'm the One (feat. Justin Bieber, Quavo, Chance the Rapper & Lil Wayne)",DJ Khaled,899570,https://i.scdn.co/image/ab67616d00004851dcb6a73da1e7f293b875f69c,https://open.spotify.com/track/3DXncPQOG4VBw3QHh3S817
78,2017-10-24,79,Down,Say You Won't Let Go,James Arthur,894175,https://i.scdn.co/image/ab67616d0000485120beb61f61fcbeb33b10a9ab,https://open.spotify.com/track/5uCax9HTNlzGybIStD3vDh
79,2017-10-24,80,Up,Suena El Dembow,Joey Montana,883512,https://i.scdn.co/image/ab67616d00004851c8185c654dc0409609c5eb31,https://open.spotify.com/track/5TysCiZtv1HnSWcTcUFusI
80,2017-10-24,81,Up,Roll In Peace (feat. XXXTENTACION),Kodak Black,856432,https://i.scdn.co/image/ab67616d00004851583ce93dc89d84218f233ea7,https://open.spotify.com/track/40oKW22ZNNkEdZLJTScaQI
81,2017-10-24,82,Up,Una Lady Como Tú,Manuel Turizo,854345,https://i.scdn.co/image/ab67616d00004851f9dc35bc367fcf98e763d27e,https://open.spotify.com/track/7MHN1aCFtLXjownGhvEQlF
82,2017-10-24,83,Flat,2U (feat. Justin Bieber),David Guetta,854299,https://i.scdn.co/image/ab67616d0000485145c5570d4a66346d8f683913,https://open.spotify.com/track/3A7qX2QjDlPnazUsRk5y0M
83,2017-10-24,84,Up,If I'm Lucky,Jason Derulo,847262,https://i.scdn.co/image/ab67616d000048513d4b1b9e8a5863294562d76b,https://open.spotify.com/track/6eUncuJutsFi9BGO1JaBHh
84,2017-10-24,85,Down,Fuck Love (feat. Trippie Redd),XXXTENTACION,843652,https://i.scdn.co/image/ab67616d00004851203c89bd4391468eea4cc3f5,https://open.spotify.com/track/7AQim7LbvFVZJE3O8TYgf2
85,2017-10-24,86,Up,Despacito (Featuring Daddy Yankee),Luis Fonsi,831954,https://i.scdn.co/image/ab67616d00004851a5971936e3b8d91f8b616b17,https://open.spotify.com/track/4aWmUDTfIPGksMNLV2rQP2
86,2017-10-24,87,Up,Swalla (feat. Nicki Minaj & Ty Dolla $ign),Jason Derulo,823185,https://i.scdn.co/image/ab67616d000048519d6522bee68370fa5592301d,https://open.spotify.com/track/6kex4EBAj0WHXDKZMEJaaF
87,2017-10-24,88,Up,Your Song,Rita Ora,818808,https://i.scdn.co/image/ab67616d00004851528e7f2b6eda1b2a20ccfb1f,https://open.spotify.com/track/4c2W3VKsOFoIg2SFaO6DY5
88,2017-10-24,89,Down,Patek Water,Future,818338,https://i.scdn.co/image/ab67616d000048515998097d9467eccb3e99b8c1,https://open.spotify.com/track/7r6LNJT2LqpLpEyZQJPygt
89,2017-10-24,90,Up,Symphony (feat. Zara Larsson),Clean Bandit,798536,https://i.scdn.co/image/ab67616d000048515b1130d050c4cd2295999d85,https://open.spotify.com/track/1x5sYLZiu9r5E43kMlt9f8
90,2017-10-24,91,Up,No Limit,G-Eazy,787418,https://i.scdn.co/image/ab67616d0000485130e1314399055d25579f7ae3,https://open.spotify.com/track/2Xqd0wUttjueBfdcltADOv
91,2017-10-24,92,Up,Ahora Dice,Chris Jeday,786375,https://i.scdn.co/image/ab67616d000048513a142c7e7fc7863dc1a256ed,https://open.spotify.com/track/22eADXu8DfOAUEDw4vU8qy
92,2017-10-24,93,Up,Candy Paint,Post Malone,781878,https://i.scdn.co/image/ab67616d00004851bf95d2beddffbdb488310f67,https://open.spotify.com/track/42CeaId2XNlxugDvyqHfDf
93,2017-10-24,94,Down,Pray,Sam Smith,779072,https://i.scdn.co/image/ab67616d00004851a9bb0c310bd8ec96dd848d9a,https://open.spotify.com/track/0D8ZpOXVjapLXrjz5VfZSD
94,2017-10-24,95,Up,Slippery (feat. Gucci Mane),Migos,766155,https://i.scdn.co/image/ab67616d0000485199a8ab6da9d593939302828a,https://open.spotify.com/track/6p8NuHm8uCGnn2Dtbtf7zE
95,2017-10-24,96,Up,That's What I Like,Bruno Mars,755447,https://i.scdn.co/image/ab67616d00004851232711f7d66a1e19e89e28c5,https://open.spotify.com/track/0KKkJNfGyhkQ5aFogxQAPU
96,2017-10-24,97,Up,Tú Foto,Ozuna,754010,https://i.scdn.co/image/ab67616d00004851b0a875d7f1bfe4ec4aaffa48,https://open.spotify.com/track/5zSOVwaY3sVjnmLhuEfsuf
97,2017-10-24,98,Up,Vuelve,Daddy Yankee,748660,https://i.scdn.co/image/ab67616d0000485127fd276f720970c987695b55,https://open.spotify.com/track/0lJCqIx5BhZtf6QtYI2fbv
98,2017-10-24,99,Down,Mask Off,Future,745808,https://i.scdn.co/image/ab67616d00004851356884f85665ebdd79223fdf,https://open.spotify.com/track/3rOSwuTsUlJp0Pu0MkN8r8
99,2017-10-24,100,Down,White Iverson,Post Malone,745476,https://i.scdn.co/image/23bae95100dcb6ac8f88c19fa2a11c50a998a926,https://open.spotify.com/track/6eT7xZZlB2mwyzJ2sUKG6w
100,2017-10-24,101,Down,Galway Girl,Ed Sheeran,745319,https://i.scdn.co/image/ab67616d00004851ba5db46f4b838ef6027e6f96,https://open.spotify.com/track/0afhq8XCExXpqazXczTSve
101,2017-10-24,102,Up,It Ain't Me (with Selena Gomez),Kygo,729827,https://i.scdn.co/image/ab67616d0000485141f289940f2e6a0d51988d77,https://open.spotify.com/track/3eR23VReFzcdmS7TYCrhCe
102,2017-10-24,103,Down,Was du Liebe nennst,Bausa,728158,https://i.scdn.co/image/ab67616d000048514eab5afad0bdfd43418f727b,https://open.spotify.com/track/4hKWUzhQWsOkgT6LnDEASe
103,2017-10-24,104,Up,Drowning (feat. Kodak Black),A Boogie Wit da Hoodie,724222,https://i.scdn.co/image/ab67616d00004851cdba7ee22968991250725ce1,https://open.spotify.com/track/1f5cbQtDrykjarZVrShaDI
104,2017-10-24,105,Up,There for You,Martin Garrix,721816,https://i.scdn.co/image/ab67616d0000485172c57da7edfe8e915182cdd4,https://open.spotify.com/track/6jA8HL9i4QGzsj6fjoxp8Y
105,2017-10-24,106,Up,No Promises (feat. Demi Lovato),Cheat Codes,716865,https://i.scdn.co/image/ab67616d00004851e74ecdb2f1316c8f026970a8,https://open.spotify.com/track/1louJpMmzEicAn7lzDalPW
106,2017-10-24,107,Up,Closer,The Chainsmokers,708262,https://i.scdn.co/image/ab67616d00004851495ce6da9aeb159e94eaa453,https://open.spotify.com/track/7BKLCZ1jbUBVqRi2FVlTVw
107,2017-10-24,108,Up,Explícale (feat. Bad Bunny),Yandel,707357,https://i.scdn.co/image/ab67616d00004851b54d1c695daae20467312eb3,https://open.spotify.com/track/1LszjjoVwDDZcWUQbzeDLG
108,2017-10-24,109,Up,Feels Great (feat. Fetty Wap & CVBZ),Cheat Codes,702263,https://i.scdn.co/image/ab67616d00004851418fb4daf285608ca79cd7b7,https://open.spotify.com/track/5uu28fUesZMl89lf9CLrgN
109,2017-10-24,110,Up,3 A.M.,Jesse & Joy,691623,https://i.scdn.co/image/ab67616d000048510d747598f6e8df40f5671e0c,https://open.spotify.com/track/0yyZN5ASdrYu0XYWFzfxUu
110,2017-10-24,111,Down,Pretty Girl - Cheat Codes X CADE Remix,Maggie Lindemann,689482,https://i.scdn.co/image/ab67616d000048517c7436e1b6273be0e7bc1a84,https://open.spotify.com/track/1NDxZ7cFAo481dtYWdrUnR
111,2017-10-24,112,Up,Stay (with Alessia Cara),Zedd,687040,https://i.scdn.co/image/ab67616d0000485191a70f95efc3400f696e89cc,https://open.spotify.com/track/0dA2Mk56wEzDgegdC6R17g
112,2017-10-24,113,Up,...Ready For It?,Taylor Swift,679547,https://i.scdn.co/image/ab67616d000048516d8d80daf86adc5dcf8a80bc,https://open.spotify.com/track/19WjVVgXjdKXfLXoaDPwTM
113,2017-10-24,114,Flat,Redbone,Childish Gambino,675160,https://i.scdn.co/image/ab67616d000048510b97e56ffad7c6211aa848f8,https://open.spotify.com/track/3kxfsdsCpFgN412fpnW85Y
114,2017-10-24,115,Up,"I Don’t Wanna Live Forever (Fifty Shades Darker) - From ""Fifty Shades Darker (Original Motion Picture Soundtrack)""",ZAYN,672143,https://i.scdn.co/image/ab67616d000048512ae921f082ae5db4d3da818f,https://open.spotify.com/track/3NdDpSvN911VPGivFlV5d0
115,2017-10-24,116,Up,Photograph,Ed Sheeran,668071,https://i.scdn.co/image/ab67616d00004851d08209944468440145f01524,https://open.spotify.com/track/6fxVffaTuwjgEk5h9QyRjy
116,2017-10-24,117,Up,El Farsante,Ozuna,665696,https://i.scdn.co/image/ab67616d00004851b0a875d7f1bfe4ec4aaffa48,https://open.spotify.com/track/5EId1m4DNwTf3at31w8bPJ
117,2017-10-24,118,Down,Feed Me Dope,Future,665411,https://i.scdn.co/image/ab67616d000048515998097d9467eccb3e99b8c1,https://open.spotify.com/track/3lyeSiAIdLoZUHhV8psOTI
118,2017-10-24,119,Down,Everybody Dies In Their Nightmares,XXXTENTACION,663284,https://i.scdn.co/image/ab67616d00004851203c89bd4391468eea4cc3f5,https://open.spotify.com/track/3GVkPk8mqxz0itaAriG1L7
119,2017-10-24,120,Up,Hey DJ,CNCO,658411,https://i.scdn.co/image/ab67616d000048514358c8856d3acc00ca6c3578,https://open.spotify.com/track/209gZgcfLq2aUuu51vOWBl
120,2017-10-24,121,Up,Bella y Sensual,Romeo Santos,653488,https://i.scdn.co/image/ab67616d00004851827d0777f8cccdf5b7481442,https://open.spotify.com/track/0ERbK7qVqveCaBWIiYCrl3
121,2017-10-24,122,Up,DNA.,Kendrick Lamar,652331,https://i.scdn.co/image/ae1f239b41e9604a66eb900834c6887cd2f62ff1,https://open.spotify.com/track/6HZILIRieu8S0iqY8kIKhj
122,2017-10-24,123,Down,Thinking out Loud,Ed Sheeran,648795,https://i.scdn.co/image/ab67616d00004851d08209944468440145f01524,https://open.spotify.com/track/1Slwb6dOYkBlWal1PGtnNg
123,2017-10-24,124,Flat,Issues,Julia Michaels,647166,https://i.scdn.co/image/ab67616d00004851eab8691768189c70635820e8,https://open.spotify.com/track/6D0b04NJIKfEMg040WioJQ
124,2017-10-24,125,Down,Rake It Up,Yo Gotti,640010,https://i.scdn.co/image/ab67616d00004851dc371ef9c9ad4c33b3fc130a,https://open.spotify.com/track/6c7D34787LOtPm8tzhsLgH
125,2017-10-24,126,Up,Starboy,The Weeknd,637747,https://i.scdn.co/image/ab67616d000048510c8599cbde51245c128bcea9,https://open.spotify.com/track/5aAx2yezTd8zXrkmtKl66Z
126,2017-10-24,127,Down,Transportin',Kodak Black,635482,https://i.scdn.co/image/ab67616d00004851583ce93dc89d84218f233ea7,https://open.spotify.com/track/1WIZiOuNO3woKfdlSK2gNn
127,2017-10-24,128,Up,One Dance,Drake,631491,https://i.scdn.co/image/ab67616d00004851726abca207567d5e41cb9667,https://open.spotify.com/track/1xznGGDReH1oQq0xzbwXa3
128,2017-10-24,129,Down,This Town,Niall Horan,623876,https://i.scdn.co/image/ab67616d0000485194fde6afa9cbf073e5b6445a,https://open.spotify.com/track/3UwT4FadEGWyMdaSwYcUBY
129,2017-10-24,130,Up,New,Daya,622329,https://i.scdn.co/image/ab67616d00004851f095b3a0f73c89be1b76b97c,https://open.spotify.com/track/4tERsdVCLtLtrGdFBf9DGC
130,2017-10-24,131,Down,Sauce It Up,Lil Uzi Vert,618230,https://i.scdn.co/image/ab67616d0000485141b41e6f7924e530a9b00f9c,https://open.spotify.com/track/1uL78kFWxhz3umTMWJu8n5
131,2017-10-24,132,Down,Help Me Out (with Julia Michaels),Maroon 5,611907,https://i.scdn.co/image/ab67616d00004851fe33f1927dfd05bacdf1944c,https://open.spotify.com/track/2uSLx5uwRIhiA3sJJraNqX
132,2017-10-24,133,Up,Rich Love (with Seeb),OneRepublic,597836,https://i.scdn.co/image/ab67616d000048516f2fa4c6cd6653d8d770a415,https://open.spotify.com/track/7aF09WaavZAmAWuUeYxlYD
133,2017-10-24,134,Up,OK - Spotify Version,Robin Schulz,597091,https://i.scdn.co/image/ab67616d000048517fd57367322c558ca19c9ed8,https://open.spotify.com/track/3bWAqKDWg6u1davspr5IkS
134,2017-10-24,135,Up,Passionfruit,Drake,596389,https://i.scdn.co/image/ab67616d000048515ea859dc94365abd9fd84fd6,https://open.spotify.com/track/7hDc8b7IXETo14hHIHdnhd
135,2017-10-24,136,Up,Look At Me!,XXXTENTACION,593925,https://i.scdn.co/image/ab67616d0000485171af28545729f60b3eca66f7,https://open.spotify.com/track/7floNISpH8VF4z4459Qo18
136,2017-10-24,137,Up,Scared to Be Lonely,Martin Garrix,588276,https://i.scdn.co/image/ab67616d0000485164f8a309aa3c0a66a31fc374,https://open.spotify.com/track/3ebXMykcMXOcLeJ9xZ17XH
137,2017-10-24,138,Down,LOVE. FEAT. ZACARI.,Kendrick Lamar,586343,https://i.scdn.co/image/ae1f239b41e9604a66eb900834c6887cd2f62ff1,https://open.spotify.com/track/6PGoSes0D9eUDeeAafB2As
138,2017-10-24,139,Up,The Race,Tay-K,584828,https://i.scdn.co/image/ab67616d000048510ee2cd0f66c658af53b78ee1,https://open.spotify.com/track/5RCfvwDewu6p2x1mEI6smX
139,2017-10-24,140,Up,Como Antes (feat. Wisin),Yandel,583315,https://i.scdn.co/image/ab67616d00004851b54d1c695daae20467312eb3,https://open.spotify.com/track/5YzA563GXTuwQaRq24z1k5
140,2017-10-24,141,Up,Loco Enamorado,Abraham Mateo,582867,https://i.scdn.co/image/ab67616d00004851c7c9cff204bc6b4a3e36e42d,https://open.spotify.com/track/4N1c5rmWOzRmB9SMacr5wB
141,2017-10-24,142,Down,Love Galore (feat. Travis Scott),SZA,581747,https://i.scdn.co/image/ab67616d000048514c79d5ec52a6d0302f3add25,https://open.spotify.com/track/0q75NwOoFiARAVp4EXU4Bs
142,2017-10-24,143,Down,DNA,BTS,581435,https://i.scdn.co/image/ab67616d00004851f9a16d4b6cd94eca041f00b8,https://open.spotify.com/track/5SE57ljOIUJ1ybL9U6CuBH
143,2017-10-24,144,Down,Mr. Brightside,The Killers,579434,https://i.scdn.co/image/7d778100d0160184d61981dc8aa666ee6fec0151,https://open.spotify.com/track/7oK9VyNzrYvRFo7nQEYkWN
144,2017-10-24,145,Up,Fetish (feat. Gucci Mane),Selena Gomez,576056,https://i.scdn.co/image/ab67616d00004851676b024fbd4c52c3fa382dd4,https://open.spotify.com/track/0XLOf9LhyazPX9Ld8jPiUq
145,2017-10-24,146,Down,I Feel It Coming,The Weeknd,575917,https://i.scdn.co/image/b3683184efeb899b2d1a02f4957d0c630dc10b0b,https://open.spotify.com/track/5GXAXm5YOmYT0kL5jHvYBt
146,2017-10-24,147,Up,Swish Swish,Katy Perry,574023,https://i.scdn.co/image/ab67616d000048511487979a7e0181a5d0406d1a,https://open.spotify.com/track/2kVHAQKVtczchKctctzbtK
147,2017-10-24,148,Down,Krippy Kush,Farruko,573779,https://i.scdn.co/image/ab67616d00004851f5f4d2ea789691a700a66b97,https://open.spotify.com/track/7FfpP3YZ6fOWMdxkIAtud9
148,2017-10-24,149,Flat,Magnolia,Playboi Carti,569693,https://i.scdn.co/image/cbfa858a49a59efbca64c6f7078068cf07731bd0,https://open.spotify.com/track/1e1JKLEDKP7hEQzJfNAgPl
149,2017-10-24,150,Down,Praying,Kesha,569035,https://i.scdn.co/image/ab67616d0000485155de63b8aaf464fe8146b4f1,https://open.spotify.com/track/0jdny0dhgjUwoIp5GkqEaA
150,2017-10-24,151,Down,Happier,Ed Sheeran,559575,https://i.scdn.co/image/ab67616d00004851ba5db46f4b838ef6027e6f96,https://open.spotify.com/track/2RttW7RAu5nOAfq6YFvApB
151,2017-10-24,152,Up,Anywhere,Rita Ora,559199,https://i.scdn.co/image/ab67616d000048517a642f7a662f4c94683ac038,https://open.spotify.com/track/7EI6Iki24tBHAMxtb4xQN2
152,2017-10-24,153,Up,Rockabye (feat. Sean Paul & Anne-Marie),Clean Bandit,557971,https://i.scdn.co/image/ab67616d000048511431c3bdf16aa99f71799d95,https://open.spotify.com/track/5knuzwU65gJK7IF5yJsuaW
153,2017-10-24,154,Up,Most Girls,Hailee Steinfeld,554562,https://i.scdn.co/image/ab67616d000048519e1b81dc79bd5055417b1e5a,https://open.spotify.com/track/2mfUa8bLs2s5N4VaqJZ4lZ
154,2017-10-24,155,Up,"Lose Yourself - From ""8 Mile"" Soundtrack",Eminem,550749,https://i.scdn.co/image/ab67616d00004851a8a32ae2a279b9bf03445738,https://open.spotify.com/track/7w9bgPAmPTtrkt2v16QWvQ
155,2017-10-24,156,Down,Malibu,Miley Cyrus,546890,https://i.scdn.co/image/ab67616d000048519012e092ad8ed4731ea11134,https://open.spotify.com/track/1UZOjK1BwmwWU14Erba9CZ
156,2017-10-24,157,Down,Sign of the Times,Harry Styles,545831,https://i.scdn.co/image/ab67616d000048516c619c39c853f8b1d67b7859,https://open.spotify.com/track/5Ohxk2dO5COHF1krpoPigN
157,2017-10-24,158,Down,Curve (feat. The Weeknd),Gucci Mane,545735,https://i.scdn.co/image/ab67616d00004851af7525e55333b110ff0f4e95,https://open.spotify.com/track/2yuyaYAELoMG4ApV5wJsWR
158,2017-10-24,159,Up,Si Tú La Ves (feat. Wisin),Nicky Jam,543988,https://i.scdn.co/image/ab67616d00004851d77dbcd4dbd37cdfa61771fa,https://open.spotify.com/track/4yN6xPLopmTLvc27pO9LIE
159,2017-10-24,160,Flat,We Don't Talk Anymore,Charlie Puth,539850,https://i.scdn.co/image/ab67616d00004851c0e28105f0533c52717c46c2,https://open.spotify.com/track/68EMU2RD1ECNeOeJ5qAXCV
160,2017-10-24,161,Down,Relationship (feat. Future),Young Thug,539076,https://i.scdn.co/image/ab67616d00004851419cedff7b313b962a93932e,https://open.spotify.com/track/25oOaleife6E2MIKmFkPvg
161,2017-10-24,162,Up,'Till I Collapse,Eminem,536622,https://i.scdn.co/image/ab67616d00004851ccdb1982626f299b3b1d3efd,https://open.spotify.com/track/6yr8GiTHWvFfi4o6Q5ebdT
162,2017-10-24,163,Flat,Body Like A Back Road,Sam Hunt,535345,https://i.scdn.co/image/ab67616d000048519eccbdab1110afc4d5a186a8,https://open.spotify.com/track/7mldq42yDuxiUNn08nvzHO
163,2017-10-24,164,Down,Castle on the Hill,Ed Sheeran,533510,https://i.scdn.co/image/ab67616d00004851ba5db46f4b838ef6027e6f96,https://open.spotify.com/track/6PCUP3dWmTjcTtXY02oFdT
164,2017-10-24,165,Down,do re mi (feat. Gucci Mane),blackbear,531010,https://i.scdn.co/image/0204c2af4ad772fd738bbd661b300a4dec113e71,https://open.spotify.com/track/53mrVsi49rLHIaKBiSvElG
165,2017-10-24,166,Flat,New Freezer (feat. Kendrick Lamar),Rich The Kid,530264,https://i.scdn.co/image/ab67616d0000485166bac14cf011715fbed67e58,https://open.spotify.com/track/4pYZLpX23Vx8rwDpJCpPTA
166,2017-10-24,167,Up,"Sola (Remix) [feat. Daddy Yankee, Wisin, Farruko, Zion & Lennox]",Anuel AA,527993,https://i.scdn.co/image/ab67616d00004851a66def7d649149464edc8f1e,https://open.spotify.com/track/5q2JbCNi4FcnglgPfxcV65
167,2017-10-24,168,Up,Easy Love,Lauv,526010,https://i.scdn.co/image/ab67616d00004851184766c511de1c5c093c556a,https://open.spotify.com/track/2ZE3DJuizYTad2S4CvRRhK
168,2017-10-24,169,Flat,"Know No Better (feat. Travis Scott, Camila Cabello & Quavo)",Major Lazer,524776,https://i.scdn.co/image/ab67616d00004851de1e9558f85913eb0b47f623,https://open.spotify.com/track/3Ytr1SUCUi6J3L9dRFx5iH
169,2017-10-24,170,Down,What Ifs,Kane Brown,523567,https://i.scdn.co/image/ab67616d0000485148295fd4144b8ce6b437d682,https://open.spotify.com/track/7zVCrzzEJU7u24sbJPXA5W
170,2017-10-24,171,Up,Is That For Me,Alesso,521202,https://i.scdn.co/image/ab67616d000048515cff09d47fb5645a51f53c58,https://open.spotify.com/track/2KwojFDebQV4J2b0JMRR5Q
171,2017-10-24,172,Down,LOYALTY. FEAT. RIHANNA.,Kendrick Lamar,520026,https://i.scdn.co/image/ae1f239b41e9604a66eb900834c6887cd2f62ff1,https://open.spotify.com/track/6SwRhMLwNqEi6alNPVG00n
172,2017-10-24,173,Down,The Scientist,Coldplay,519573,https://i.scdn.co/image/ab67616d00004851ad6f442ecac8735b9285a923,https://open.spotify.com/track/75JFxkI2RXiU7L9VXzMkle
173,2017-10-24,174,Up,Me Llamas (feat. Maluma) - Remix,Piso 21,513611,https://i.scdn.co/image/ab67616d000048511e1eafb5d2bb1ca39d26f092,https://open.spotify.com/track/5hEM0JchdVzQ5PwvSfITeX
174,2017-10-24,175,Down,It's A Vibe,2 Chainz,513081,https://i.scdn.co/image/179288654e273e14d827a4aa76cf37115e139ca0,https://open.spotify.com/track/6H0AwSQ20mo62jGlPGB8S6
175,2017-10-24,176,Up,Wonderwall - Remastered,Oasis,511675,https://i.scdn.co/image/ab67616d0000485185e5dcc05cc216a10f141480,https://open.spotify.com/track/5qqabIl2vWzo9ApSC317sa
176,2017-10-24,177,Flat,iSpy (feat. Lil Yachty),KYLE,509493,https://i.scdn.co/image/ab67616d0000485132e373f2988bc6596a542d1c,https://open.spotify.com/track/2EEeOnHehOozLq4aS0n6SL
177,2017-10-24,178,Up,Would You Ever,Skrillex,508916,https://i.scdn.co/image/ab67616d00004851c2896a061e50f35f97337512,https://open.spotify.com/track/57p8CBvPOxrvyCbn6ttl5r
178,2017-10-24,179,Down,Stay With Me,Sam Smith,503210,https://i.scdn.co/image/ab67616d000048514fb7193968e58e51c3db3ef4,https://open.spotify.com/track/5Db9VIdDsN5yu3Eu7CT0i4
179,2017-10-24,180,Down,Paris,The Chainsmokers,503095,https://i.scdn.co/image/ab67616d000048510c13d3d5a503c84fcc60ae94,https://open.spotify.com/track/72jbDTw1piOOj770jWNeaG
180,2017-10-24,181,Down,Treat You Better,Shawn Mendes,500958,https://i.scdn.co/image/ab67616d00004851188e6332f32088921ab1eaf8,https://open.spotify.com/track/4Hf7WnR761jpxPr5D46Bcd
181,2017-10-24,182,Up,Solo Dance,Martin Jensen,499296,https://i.scdn.co/image/ab67616d00004851950d67dbe3f31f1d9a5d06a2,https://open.spotify.com/track/6HUnnBwYZqcED1eQztxMBN
182,2017-10-24,183,Down,Bad and Boujee (feat. Lil Uzi Vert),Migos,499154,https://i.scdn.co/image/ab67616d0000485199a8ab6da9d593939302828a,https://open.spotify.com/track/4Km5HrUvYTaSUfiSGPJeQR
183,2017-10-24,184,Up,Let Me Love You,DJ Snake,498668,https://i.scdn.co/image/ab67616d000048515045de6786e0af096de73ed4,https://open.spotify.com/track/4pdPtRcBmOSQDlJ3Fk945m
184,2017-10-24,185,Down,La Rompe Corazones,Daddy Yankee,497465,https://i.scdn.co/image/ab67616d00004851b84a36483e43bfbcb931fcde,https://open.spotify.com/track/4okba5wu9mMLXx79DXLKi3
185,2017-10-24,186,Down,Whatever It Takes,Imagine Dragons,492081,https://i.scdn.co/image/ab67616d000048517956bd9a3d7a15e4c2e37cc6,https://open.spotify.com/track/4IWAyPf1KMq7JCyGeCjTeH
186,2017-10-24,187,Up,I Just Can't,R3HAB,491559,https://i.scdn.co/image/ab67616d0000485111dfa62cf0fd8f5d07cf9e69,https://open.spotify.com/track/3gfmFoJgmn9LiIj5mV8oSS
187,2017-10-24,188,Up,Otra vez (feat. J Balvin),Zion & Lennox,489449,https://i.scdn.co/image/ab67616d0000485182eabf564ddc57325a84dd50,https://open.spotify.com/track/3QwBODjSEzelZyVjxPOHdq
188,2017-10-24,189,Up,Starving,Hailee Steinfeld,485830,https://i.scdn.co/image/6fb734693d989252036e020be580d1eeb37a8f71,https://open.spotify.com/track/6875MeXyCW0wLyT72Eetmo
189,2017-10-24,190,Up,Don't Let Me Down,The Chainsmokers,483705,https://i.scdn.co/image/ab67616d0000485108d87fb54859bc9038f7e5e0,https://open.spotify.com/track/0QsvXIfqM0zZoerQfsI9lm
190,2017-10-24,191,Up,Crying in the Club,Camila Cabello,483419,https://i.scdn.co/image/ab67616d00004851cec62b81146fe4d116fbb2fa,https://open.spotify.com/track/1SJtlNRJDeYHioymcvsqev
191,2017-10-24,192,Down,Ahora Me Llama,KAROL G,482643,https://i.scdn.co/image/ab67616d000048511f8b5b79339712de8c904d63,https://open.spotify.com/track/61HHDBLqF3AmSvLfHKNGd2
192,2017-10-24,193,Up,Love Yourself,Justin Bieber,477268,https://i.scdn.co/image/ab67616d00004851b6d9a4fbb0bd49f0f034aead,https://open.spotify.com/track/3hB5DgAiMAQ4DzYbsMq1IT
193,2017-10-24,194,Up,Slide,Calvin Harris,475188,https://i.scdn.co/image/ab67616d000048514d3fa5ce7ba599f4fd7803ef,https://open.spotify.com/track/7tr2za8SQg2CI8EDgrdtNl
194,2017-10-24,195,New,In the End,Linkin Park,474070,https://i.scdn.co/image/ab67616d00004851e2f039481babe23658fc719a,https://open.spotify.com/track/60a0Rd6pjrkxjPbaKzXjfq
195,2017-10-24,196,New,24K Magic,Bruno Mars,471328,https://i.scdn.co/image/ab67616d00004851232711f7d66a1e19e89e28c5,https://open.spotify.com/track/6b8Be6ljOzmkOmFslEb23P
196,2017-10-24,197,New,Now Or Never,Halsey,468004,https://i.scdn.co/image/d5bb421dbecbba7c6904eb67672f3cd25cf54c23,https://open.spotify.com/track/7i2DJ88J7jQ8K7zqFX2fW8
197,2017-10-24,198,New,Sigo Extrañándote,J Balvin,467517,https://i.scdn.co/image/ab67616d00004851338ffc4c72a192f06070546b,https://open.spotify.com/track/6qDF4wWL49CAVbgT7yuHl8
198,2017-10-24,199,New,Signs,Drake,463671,https://i.scdn.co/image/ab67616d000048514d37373eef5fcb26802d8c18,https://open.spotify.com/track/5EnYT6F7wEcdege6mDHEfO
199,2017-10-24,200,Down,Whiskey (feat. A$AP Rocky),Maroon 5,463540,https://i.scdn.co/image/ab67616d0000485195dc394f433f871b65f073f7,https://open.spotify.com/track/4OEOEsOhlzDqQuewiuPJAc
