,Date,Position,Trend,Title,Artist,Streams,Icon_URL,Spotify_URL
0,2017-10-22,1,Flat,rockstar,Post Malone,5705328,https://i.scdn.co/image/ab67616d00004851345f823b6c1dbd3b4cc7b382,https://open.spotify.com/track/7wGoVu4Dady5GV0Sv4UIsx
1,2017-10-22,2,Up,Havana,Camila Cabello,3292053,https://i.scdn.co/image/ab67616d00004851d93cf4d07ba50d7b32ca7c44,https://open.spotify.com/track/0ofbQMrRDsUaVKq2mGLEAb
2,2017-10-22,3,Down,New Rules,Dua Lipa,3254159,https://i.scdn.co/image/ab67616d000048516b915e407b70e121e06fe979,https://open.spotify.com/track/2ekn2ttSfGqwhhate0LSR0
3,2017-10-22,4,Flat,Dusk Till Dawn - Radio Edit,ZAYN,2828971,https://i.scdn.co/image/ab67616d0000485123852b7ef0ecfe29d38d97ee,https://open.spotify.com/track/1j4kHkkpqZRBwE0A4CN4Yv
4,2017-10-22,5,Up,Too Good At Goodbyes - Edit,Sam Smith,2710095,https://i.scdn.co/image/ab67616d000048510a5b25f2ae0690285b4b1508,https://open.spotify.com/track/0mel2N9Ws9r4yLQn5QE21Y
5,2017-10-22,6,Down,What Lovers Do (feat. SZA),Maroon 5,2637169,https://i.scdn.co/image/ab67616d000048513c5e0b163d55ef4e27f60689,https://open.spotify.com/track/4mxWSdf71VFO52qFeY0fZt
6,2017-10-22,7,Flat,1-800-273-8255,Logic,2550578,https://i.scdn.co/image/08f9ccb7875a87c07c79c1ccd5319263786c55ea,https://open.spotify.com/track/5tz69p7tJuGPeMGwNTxYuV
7,2017-10-22,8,Flat,Perfect,Ed Sheeran,2519437,https://i.scdn.co/image/ab67616d00004851ba5db46f4b838ef6027e6f96,https://open.spotify.com/track/0tgVpDi06FyKpA1z0VMD4v
8,2017-10-22,9,Flat,Silence,Marshmello,2357972,https://i.scdn.co/image/ab67616d00004851f33ba583059dc2f7d08bf2b8,https://open.spotify.com/track/7vGuf3Y35N4wmASOKLUVVU
9,2017-10-22,10,Flat,Mi Gente,J Balvin,2095997,https://i.scdn.co/image/ab67616d00004851996bd1ea86bd3815eedfeef5,https://open.spotify.com/track/2rb5MvYT7ZIxbKW5hfcHx8
10,2017-10-22,11,Up,Young Dumb & Broke,Khalid,2031345,https://i.scdn.co/image/ab67616d00004851988ede5e1276e758b5f9e577,https://open.spotify.com/track/5Z3GHaZ6ec9bsiI5BenrbY
11,2017-10-22,12,Down,Gorgeous,Taylor Swift,2005202,https://i.scdn.co/image/ab67616d00004851c2bad17b370e8dc07701c8ff,https://open.spotify.com/track/0CLnkxpa3M4eA3HeGaERat
12,2017-10-22,13,Down,I Fall Apart,Post Malone,2001529,https://i.scdn.co/image/23bae95100dcb6ac8f88c19fa2a11c50a998a926,https://open.spotify.com/track/75ZvA4QfFiZvzhj2xkaWAh
13,2017-10-22,14,Up,Sorry Not Sorry,Demi Lovato,1921511,https://i.scdn.co/image/ab67616d00004851ec9c72308e30e7aa1d22b37d,https://open.spotify.com/track/3m660poUr1chesgkkjQM7P
14,2017-10-22,15,Up,Shape of You,Ed Sheeran,1885171,https://i.scdn.co/image/ab67616d00004851ba5db46f4b838ef6027e6f96,https://open.spotify.com/track/7qiZfU4dY1lWllzX7mPBI3
15,2017-10-22,16,Down,Unforgettable,French Montana,1878732,https://i.scdn.co/image/ab67616d000048518a31195a371b2233456f6c07,https://open.spotify.com/track/3B54sVLJ402zGa6Xm4YGNe
16,2017-10-22,17,Up,Let You Down,NF,1828202,https://i.scdn.co/image/ab67616d0000485139e85b6ae069d1e25bbc89df,https://open.spotify.com/track/6mrKP2jyIQmM0rw6fQryjr
17,2017-10-22,18,Up,Look What You Made Me Do,Taylor Swift,1815611,https://i.scdn.co/image/ab67616d00004851e3953b884e6b0bd31933d4e0,https://open.spotify.com/track/6uFsE1JgZ20EXyU0JQZbUR
18,2017-10-22,19,Down,Glorious (feat. Skylar Grey),Macklemore,1811548,https://i.scdn.co/image/ab67616d000048512e94b668c60b06deb1c3a05c,https://open.spotify.com/track/0CokSRCu5hZgPxcZBaEzVE
19,2017-10-22,20,Up,Feel It Still,Portugal. The Man,1764630,https://i.scdn.co/image/ab67616d00004851af52c228c9619ff6298b08cd,https://open.spotify.com/track/6QgjcU0zLnzq5OrUoSZ3OK
20,2017-10-22,21,Flat,Bank Account,21 Savage,1754239,https://i.scdn.co/image/ab67616d00004851ac3c0aecec76cd7b5a54795e,https://open.spotify.com/track/2fQrGHiQOvpL9UgPvtYy6G
21,2017-10-22,22,Down,Thunder,Imagine Dragons,1740211,https://i.scdn.co/image/ab67616d000048517956bd9a3d7a15e4c2e37cc6,https://open.spotify.com/track/0tKcYR2II1VCQWT79i5NrW
22,2017-10-22,23,Flat,XO Tour Llif3,Lil Uzi Vert,1717127,https://i.scdn.co/image/ab67616d0000485141b41e6f7924e530a9b00f9c,https://open.spotify.com/track/7GX5flRQZVHRAGd6B4TmDO
23,2017-10-22,24,Up,Gucci Gang,Lil Pump,1660152,https://i.scdn.co/image/ab67616d00004851d52ef190ae5253eb2c3c764c,https://open.spotify.com/track/43ZyHQITOjhciSUUNPVRHc
24,2017-10-22,25,Down,Friends (with BloodPop®),Justin Bieber,1635559,https://i.scdn.co/image/ab67616d00004851302806b2c89a0f7a24b4922c,https://open.spotify.com/track/7nZmah2llfvLDiUjm0kiyz
25,2017-10-22,26,Up,Congratulations,Post Malone,1586753,https://i.scdn.co/image/23bae95100dcb6ac8f88c19fa2a11c50a998a926,https://open.spotify.com/track/3a1lNhkSLSkpJE4MSHpDu9
26,2017-10-22,27,Flat,Stargazing,Kygo,1581742,https://i.scdn.co/image/ab67616d00004851a333559091297eda04eba27c,https://open.spotify.com/track/0Zbbxnx4SGGHoIow4PpISP
27,2017-10-22,28,Up,Bodak Yellow,Cardi B,1576080,https://i.scdn.co/image/ab67616d0000485162a2dedc55a38a0fca0a17b0,https://open.spotify.com/track/2771LMNxwf62FTAdpJMQfM
28,2017-10-22,29,Down,What About Us,P!nk,1560745,https://i.scdn.co/image/ab67616d0000485100164c96548a622d34b39828,https://open.spotify.com/track/0Qh38w01QRXK6KHIv0e3hb
29,2017-10-22,30,Down,Mi Gente (feat. Beyoncé),J Balvin,1545241,https://i.scdn.co/image/ab67616d00004851aa2bdbc1911b520d425af85e,https://open.spotify.com/track/7fwXWKdDNI5IutOMc5OKYw
30,2017-10-22,31,Up,Attention,Charlie Puth,1490652,https://i.scdn.co/image/ab67616d00004851db21a273452f0637cdbc35aa,https://open.spotify.com/track/4iLqG9SeJSnt0cSPICSjxv
31,2017-10-22,32,Flat,Se Preparó,Ozuna,1469974,https://i.scdn.co/image/ab67616d00004851b0a875d7f1bfe4ec4aaffa48,https://open.spotify.com/track/1m69ELEgE6k5ZWsap40ozt
32,2017-10-22,33,Down,Me Rehúso,Danny Ocean,1463433,https://i.scdn.co/image/ab67616d00004851a75bd33684083600569dd3bf,https://open.spotify.com/track/6De0lHrwBfPfrhorm9q1Xl
33,2017-10-22,34,Up,Too Much To Ask,Niall Horan,1437887,https://i.scdn.co/image/ab67616d0000485194fde6afa9cbf073e5b6445a,https://open.spotify.com/track/4v094LQ9eF10k2O2Te2ngK
34,2017-10-22,35,Up,Jocelyn Flores,XXXTENTACION,1434546,https://i.scdn.co/image/ab67616d00004851203c89bd4391468eea4cc3f5,https://open.spotify.com/track/7m9OqQk4RVRkw9JJdeAw96
35,2017-10-22,36,Down,Lonely Together (feat. Rita Ora),Avicii,1422128,https://i.scdn.co/image/241ee98f30f1a0066a26890586952e393a473b0d,https://open.spotify.com/track/2OALaHcDdKkjYEpAr0Qzab
36,2017-10-22,37,Up,How Long,Charlie Puth,1420485,https://i.scdn.co/image/ab67616d00004851872353e715cccea67fe3de91,https://open.spotify.com/track/32DGGj6KlNuBr6WaqRxpxi
37,2017-10-22,38,Down,Criminal,Natti Natasha,1418328,https://i.scdn.co/image/ab67616d00004851ff16b23d53ff793a64ec2138,https://open.spotify.com/track/2SmgFAhQkQCQPyBiBxR6Te
38,2017-10-22,39,Down,Mayores,Becky G,1352206,https://i.scdn.co/image/ab67616d00004851b5983d639fd953deb3c99848,https://open.spotify.com/track/7JNh1cfm0eXjqFVOzKLyau
39,2017-10-22,40,Up,"Let Me Go (with Alesso, Florida Georgia Line & watt)",Hailee Steinfeld,1336154,https://i.scdn.co/image/ab67616d00004851dbdc892395413def043e0655,https://open.spotify.com/track/5AEtlRudpgdT5FtNiuly6Y
40,2017-10-22,41,Down,More Than You Know,Axwell /\ Ingrosso,1295865,https://i.scdn.co/image/ab67616d00004851cb442ec337da75fb09cc3981,https://open.spotify.com/track/3PEgB3fkiojxms35ntsTgs
41,2017-10-22,42,Down,Feels,Calvin Harris,1295327,https://i.scdn.co/image/ab67616d000048514d3fa5ce7ba599f4fd7803ef,https://open.spotify.com/track/5bcTCxgc7xVfSaMV3RuVke
42,2017-10-22,43,Up,HUMBLE.,Kendrick Lamar,1289557,https://i.scdn.co/image/ae1f239b41e9604a66eb900834c6887cd2f62ff1,https://open.spotify.com/track/7KXjTSCq5nL1LoYtL7XAwS
43,2017-10-22,44,Down,Despacito - Remix,Luis Fonsi,1268838,https://i.scdn.co/image/ab67616d00004851d8559d0280ffe2a2af6dacdf,https://open.spotify.com/track/5CtI0qwDJkDQGwXD1H1cLb
44,2017-10-22,45,Up,I Like Me Better,Lauv,1246989,https://i.scdn.co/image/ab67616d00004851fab48816b625e2a77a732400,https://open.spotify.com/track/1wjzFQodRWrPcQ0AnYnvQ9
45,2017-10-22,46,Down,Without You (feat. Sandro Cavazza),Avicii,1230458,https://i.scdn.co/image/ab67616d0000485130800bfbfff51ddb031d9bd7,https://open.spotify.com/track/6WbADFqMvR8N5u0BvtsWQE
46,2017-10-22,47,Up,There's Nothing Holdin' Me Back,Shawn Mendes,1200347,https://i.scdn.co/image/ab67616d00004851f9cbd0c07513a7232cd6b9a7,https://open.spotify.com/track/79cuOz3SPQTuFrp8WgftAu
47,2017-10-22,48,Up,Bonita,J Balvin,1161299,https://i.scdn.co/image/ab67616d0000485148f3fc1d4f0fed414418e041,https://open.spotify.com/track/693iqPOQvhI7PobtR8CC8v
48,2017-10-22,49,Down,Wild Thoughts (feat. Rihanna & Bryson Tiller),DJ Khaled,1151489,https://i.scdn.co/image/ab67616d00004851dcb6a73da1e7f293b875f69c,https://open.spotify.com/track/1OAh8uOEOvTDqkKFsKksCi
49,2017-10-22,50,Down,I Get The Bag (feat. Migos),Gucci Mane,1132372,https://i.scdn.co/image/ab67616d00004851af7525e55333b110ff0f4e95,https://open.spotify.com/track/1XRgIKC5TPwo7nWGyKqgG0
50,2017-10-22,51,Up,Slow Hands,Niall Horan,1083686,https://i.scdn.co/image/ab67616d0000485194fde6afa9cbf073e5b6445a,https://open.spotify.com/track/38yBBH2jacvDxrznF7h08J
51,2017-10-22,52,Up,Believer,Imagine Dragons,1056191,https://i.scdn.co/image/ab67616d000048517956bd9a3d7a15e4c2e37cc6,https://open.spotify.com/track/0CcQNd8CINkwQfe1RDtGV6
52,2017-10-22,53,Down,Felices los 4,Maluma,1054535,https://i.scdn.co/image/ab67616d00004851d9732b592276542ecafa6c6d,https://open.spotify.com/track/0qYTZCo5Bwh1nsUFGZP3zn
53,2017-10-22,54,Down,Strip That Down,Liam Payne,1051815,https://i.scdn.co/image/ab67616d00004851ec1abb2ba5e210e826161111,https://open.spotify.com/track/6EpRaXYhGOB3fj4V2uDkMJ
54,2017-10-22,55,Down,Mama,Jonas Blue,1021948,https://i.scdn.co/image/14891cf71e2287163c137e90074783ba5cdd4ff4,https://open.spotify.com/track/0NiXXAI876aGImAd6rTj8w
55,2017-10-22,56,Down,Báilame - Remix,Nacho,1016363,https://i.scdn.co/image/ab67616d00004851473f54a79eb118bdfa668aa2,https://open.spotify.com/track/3VClLWqNn80Llv0PJOsKgr
56,2017-10-22,57,Up,BUTTERFLY EFFECT,Travis Scott,1000866,https://i.scdn.co/image/ab67616d00004851b5e9358d0d07114609d9afab,https://open.spotify.com/track/1yxgsra98r3qAtxqiGZPiX
57,2017-10-22,58,Up,Something Just Like This,The Chainsmokers,987557,https://i.scdn.co/image/ab67616d000048510c13d3d5a503c84fcc60ae94,https://open.spotify.com/track/6RUKPb4LETWmmr3iAEQktW
58,2017-10-22,59,Down,Back to You (feat. Bebe Rexha & Digital Farm Animals),Louis Tomlinson,984091,https://i.scdn.co/image/ab67616d00004851327d7ffa53a268bf7411c28b,https://open.spotify.com/track/7F9vK8hNFMml4GtHsaXui6
59,2017-10-22,60,Up,Go Flex,Post Malone,966585,https://i.scdn.co/image/23bae95100dcb6ac8f88c19fa2a11c50a998a926,https://open.spotify.com/track/5yuShbu70mtHXY0yLzCQLQ
60,2017-10-22,61,Down,Que Va,Alex Sensation,965866,https://i.scdn.co/image/ab67616d00004851571f364389a9436e4ff8a362,https://open.spotify.com/track/7ofxPmTNMj2GP07g1VZa0O
61,2017-10-22,62,Up,The Way Life Goes (feat. Oh Wonder),Lil Uzi Vert,953397,https://i.scdn.co/image/ab67616d0000485141b41e6f7924e530a9b00f9c,https://open.spotify.com/track/2eAZfqOm4EnOF9VvN50Tyc
62,2017-10-22,63,Down,Perro Fiel (feat. Nicky Jam),Shakira,953132,https://i.scdn.co/image/ab67616d00004851d05d3aad30c5fb7614893cf5,https://open.spotify.com/track/70lnL3QaSOIIyMa2X9aVRL
63,2017-10-22,64,Down,Escápate Conmigo,Wisin,946194,https://i.scdn.co/image/ab67616d000048512b02904e5404ad6069c16a4f,https://open.spotify.com/track/2cnKEkpVUSV4wnjQiTWfH6
64,2017-10-22,65,Down,Reggaetón Lento (Remix),CNCO,944021,https://i.scdn.co/image/ab67616d00004851c4c45bf90052845efd2a597d,https://open.spotify.com/track/3zoYkqS4y2BsGVShPL2nTE
65,2017-10-22,66,Up,Plain Jane,A$AP Ferg,913120,https://i.scdn.co/image/ab67616d00004851d79cfa3155b50beb5dbeeb9a,https://open.spotify.com/track/4dVpf9jZjcORqGTLUaeYj9
66,2017-10-22,67,Up,"Homemade Dynamite (Feat. Khalid, Post Malone & SZA) - REMIX",Lorde,905633,https://i.scdn.co/image/ab67616d000048518d4698702de262d387fa3bc9,https://open.spotify.com/track/69Naniu2KjKjaQOBUagE8U
67,2017-10-22,68,Up,Good Old Days (feat. Kesha),Macklemore,895854,https://i.scdn.co/image/ab67616d000048512e94b668c60b06deb1c3a05c,https://open.spotify.com/track/2Za1AlJNvksouPPWbXpR2X
68,2017-10-22,69,Down,Robarte un Beso,Carlos Vives,883329,https://i.scdn.co/image/ab67616d0000485126f611d8f55ec6cecb29192e,https://open.spotify.com/track/4z3GJkrtH97Bj6fRta983T
69,2017-10-22,70,Up,Location,Khalid,877375,https://i.scdn.co/image/ab67616d00004851988ede5e1276e758b5f9e577,https://open.spotify.com/track/152lZdxL1OR0ZMW6KquMif
70,2017-10-22,71,Up,Meant to Be (feat. Florida Georgia Line),Bebe Rexha,863327,https://i.scdn.co/image/ab67616d000048511ba5682505dd6e2592b16e41,https://open.spotify.com/track/7iDa6hUg2VgEL1o1HjmfBn
71,2017-10-22,72,Down,Una Lady Como Tú,Manuel Turizo,854300,https://i.scdn.co/image/ab67616d00004851f9dc35bc367fcf98e763d27e,https://open.spotify.com/track/7MHN1aCFtLXjownGhvEQlF
72,2017-10-22,73,Up,"I'm the One (feat. Justin Bieber, Quavo, Chance the Rapper & Lil Wayne)",DJ Khaled,852302,https://i.scdn.co/image/ab67616d00004851dcb6a73da1e7f293b875f69c,https://open.spotify.com/track/3DXncPQOG4VBw3QHh3S817
73,2017-10-22,74,Down,Despacito (Featuring Daddy Yankee),Luis Fonsi,845155,https://i.scdn.co/image/ab67616d00004851a5971936e3b8d91f8b616b17,https://open.spotify.com/track/4aWmUDTfIPGksMNLV2rQP2
74,2017-10-22,75,Up,goosebumps,Travis Scott,841664,https://i.scdn.co/image/ab67616d00004851f54b99bf27cda88f4a7403ce,https://open.spotify.com/track/6gBFPUFcJLzWGx4lenP6h2
75,2017-10-22,76,Down,Kids in Love,Kygo,838779,https://i.scdn.co/image/ab67616d00004851f38599a0ff97f48509968cda,https://open.spotify.com/track/2UxfcZJCphbEkfbZ6nLiDx
76,2017-10-22,77,Down,Suena El Dembow,Joey Montana,831749,https://i.scdn.co/image/ab67616d00004851c8185c654dc0409609c5eb31,https://open.spotify.com/track/5TysCiZtv1HnSWcTcUFusI
77,2017-10-22,78,Flat,Bad At Love,Halsey,808057,https://i.scdn.co/image/d5bb421dbecbba7c6904eb67672f3cd25cf54c23,https://open.spotify.com/track/7y9iMe8SOB6z3NoHE2OfXl
78,2017-10-22,79,Down,Bedroom Floor,Liam Payne,807973,https://i.scdn.co/image/ab67616d00004851cf0dd4aa0fcfdacdb3099a3d,https://open.spotify.com/track/1pZdegOXTZ2ftINo3oUuRZ
79,2017-10-22,80,Down,Questions,Chris Brown,807286,https://i.scdn.co/image/ab67616d00004851df5b4bb2ee00999c60ce05b7,https://open.spotify.com/track/5XQMr19TL7Mfksq9zihbOu
80,2017-10-22,81,Up,Say You Won't Let Go,James Arthur,795800,https://i.scdn.co/image/ab67616d0000485120beb61f61fcbeb33b10a9ab,https://open.spotify.com/track/5uCax9HTNlzGybIStD3vDh
81,2017-10-22,82,Flat,A Different Way (with Lauv),DJ Snake,780525,https://i.scdn.co/image/ab67616d00004851506d86a3034de7bc2af6cb84,https://open.spotify.com/track/0Wv5wuenRLI3BcwgT3HPIP
82,2017-10-22,83,Up,Ahora Dice,Chris Jeday,770740,https://i.scdn.co/image/ab67616d000048513a142c7e7fc7863dc1a256ed,https://open.spotify.com/track/22eADXu8DfOAUEDw4vU8qy
83,2017-10-22,84,Up,2U (feat. Justin Bieber),David Guetta,768227,https://i.scdn.co/image/ab67616d0000485145c5570d4a66346d8f683913,https://open.spotify.com/track/3A7qX2QjDlPnazUsRk5y0M
84,2017-10-22,85,Down,Swalla (feat. Nicki Minaj & Ty Dolla $ign),Jason Derulo,762006,https://i.scdn.co/image/ab67616d000048519d6522bee68370fa5592301d,https://open.spotify.com/track/6kex4EBAj0WHXDKZMEJaaF
85,2017-10-22,86,Flat,Tú Foto,Ozuna,745566,https://i.scdn.co/image/ab67616d00004851b0a875d7f1bfe4ec4aaffa48,https://open.spotify.com/track/5zSOVwaY3sVjnmLhuEfsuf
86,2017-10-22,87,Up,Fuck Love (feat. Trippie Redd),XXXTENTACION,736018,https://i.scdn.co/image/ab67616d00004851203c89bd4391468eea4cc3f5,https://open.spotify.com/track/7AQim7LbvFVZJE3O8TYgf2
87,2017-10-22,88,Down,Patek Water,Future,734811,https://i.scdn.co/image/ab67616d000048515998097d9467eccb3e99b8c1,https://open.spotify.com/track/7r6LNJT2LqpLpEyZQJPygt
88,2017-10-22,89,Down,Roll In Peace (feat. XXXTENTACION),Kodak Black,732850,https://i.scdn.co/image/ab67616d00004851583ce93dc89d84218f233ea7,https://open.spotify.com/track/40oKW22ZNNkEdZLJTScaQI
89,2017-10-22,90,Down,Pray,Sam Smith,719989,https://i.scdn.co/image/ab67616d00004851a9bb0c310bd8ec96dd848d9a,https://open.spotify.com/track/0D8ZpOXVjapLXrjz5VfZSD
90,2017-10-22,91,Down,Mask Off,Future,711529,https://i.scdn.co/image/ab67616d00004851356884f85665ebdd79223fdf,https://open.spotify.com/track/3rOSwuTsUlJp0Pu0MkN8r8
91,2017-10-22,92,Up,Slippery (feat. Gucci Mane),Migos,708272,https://i.scdn.co/image/ab67616d0000485199a8ab6da9d593939302828a,https://open.spotify.com/track/6p8NuHm8uCGnn2Dtbtf7zE
92,2017-10-22,93,Up,Symphony (feat. Zara Larsson),Clean Bandit,707578,https://i.scdn.co/image/ab67616d000048515b1130d050c4cd2295999d85,https://open.spotify.com/track/1x5sYLZiu9r5E43kMlt9f8
93,2017-10-22,94,Down,Your Song,Rita Ora,704419,https://i.scdn.co/image/ab67616d00004851528e7f2b6eda1b2a20ccfb1f,https://open.spotify.com/track/4c2W3VKsOFoIg2SFaO6DY5
94,2017-10-22,95,Down,That's What I Like,Bruno Mars,699431,https://i.scdn.co/image/ab67616d00004851232711f7d66a1e19e89e28c5,https://open.spotify.com/track/0KKkJNfGyhkQ5aFogxQAPU
95,2017-10-22,96,Up,Galway Girl,Ed Sheeran,690738,https://i.scdn.co/image/ab67616d00004851ba5db46f4b838ef6027e6f96,https://open.spotify.com/track/0afhq8XCExXpqazXczTSve
96,2017-10-22,97,Down,Vuelve,Daddy Yankee,685765,https://i.scdn.co/image/ab67616d0000485127fd276f720970c987695b55,https://open.spotify.com/track/0lJCqIx5BhZtf6QtYI2fbv
97,2017-10-22,98,Flat,It Ain't Me (with Selena Gomez),Kygo,679094,https://i.scdn.co/image/ab67616d0000485141f289940f2e6a0d51988d77,https://open.spotify.com/track/3eR23VReFzcdmS7TYCrhCe
98,2017-10-22,99,Down,If I'm Lucky,Jason Derulo,678259,https://i.scdn.co/image/ab67616d000048513d4b1b9e8a5863294562d76b,https://open.spotify.com/track/6eUncuJutsFi9BGO1JaBHh
99,2017-10-22,100,Down,Explícale (feat. Bad Bunny),Yandel,666571,https://i.scdn.co/image/ab67616d00004851b54d1c695daae20467312eb3,https://open.spotify.com/track/1LszjjoVwDDZcWUQbzeDLG
100,2017-10-22,101,Up,Closer,The Chainsmokers,659346,https://i.scdn.co/image/ab67616d00004851495ce6da9aeb159e94eaa453,https://open.spotify.com/track/7BKLCZ1jbUBVqRi2FVlTVw
101,2017-10-22,102,Up,Drowning (feat. Kodak Black),A Boogie Wit da Hoodie,656792,https://i.scdn.co/image/ab67616d00004851cdba7ee22968991250725ce1,https://open.spotify.com/track/1f5cbQtDrykjarZVrShaDI
102,2017-10-22,103,Flat,No Limit,G-Eazy,656368,https://i.scdn.co/image/ab67616d0000485130e1314399055d25579f7ae3,https://open.spotify.com/track/2Xqd0wUttjueBfdcltADOv
103,2017-10-22,104,Down,Was du Liebe nennst,Bausa,655319,https://i.scdn.co/image/ab67616d000048514eab5afad0bdfd43418f727b,https://open.spotify.com/track/4hKWUzhQWsOkgT6LnDEASe
104,2017-10-22,105,Up,White Iverson,Post Malone,653062,https://i.scdn.co/image/23bae95100dcb6ac8f88c19fa2a11c50a998a926,https://open.spotify.com/track/6eT7xZZlB2mwyzJ2sUKG6w
105,2017-10-22,106,Down,El Farsante,Ozuna,650808,https://i.scdn.co/image/ab67616d00004851b0a875d7f1bfe4ec4aaffa48,https://open.spotify.com/track/5EId1m4DNwTf3at31w8bPJ
106,2017-10-22,107,Up,There for You,Martin Garrix,648274,https://i.scdn.co/image/ab67616d0000485172c57da7edfe8e915182cdd4,https://open.spotify.com/track/6jA8HL9i4QGzsj6fjoxp8Y
107,2017-10-22,108,Down,Pretty Girl - Cheat Codes X CADE Remix,Maggie Lindemann,643795,https://i.scdn.co/image/ab67616d000048517c7436e1b6273be0e7bc1a84,https://open.spotify.com/track/1NDxZ7cFAo481dtYWdrUnR
108,2017-10-22,109,Down,Hey DJ,CNCO,639466,https://i.scdn.co/image/ab67616d000048514358c8856d3acc00ca6c3578,https://open.spotify.com/track/209gZgcfLq2aUuu51vOWBl
109,2017-10-22,110,Flat,Rake It Up,Yo Gotti,633601,https://i.scdn.co/image/ab67616d00004851dc371ef9c9ad4c33b3fc130a,https://open.spotify.com/track/6c7D34787LOtPm8tzhsLgH
110,2017-10-22,111,Up,No Promises (feat. Demi Lovato),Cheat Codes,627927,https://i.scdn.co/image/ab67616d00004851e74ecdb2f1316c8f026970a8,https://open.spotify.com/track/1louJpMmzEicAn7lzDalPW
111,2017-10-22,112,Up,Redbone,Childish Gambino,626738,https://i.scdn.co/image/ab67616d000048510b97e56ffad7c6211aa848f8,https://open.spotify.com/track/3kxfsdsCpFgN412fpnW85Y
112,2017-10-22,113,Up,Stay (with Alessia Cara),Zedd,620829,https://i.scdn.co/image/ab67616d0000485191a70f95efc3400f696e89cc,https://open.spotify.com/track/0dA2Mk56wEzDgegdC6R17g
113,2017-10-22,114,Down,Krippy Kush,Farruko,615535,https://i.scdn.co/image/ab67616d00004851f5f4d2ea789691a700a66b97,https://open.spotify.com/track/7FfpP3YZ6fOWMdxkIAtud9
114,2017-10-22,115,Up,Feels Great (feat. Fetty Wap & CVBZ),Cheat Codes,613302,https://i.scdn.co/image/ab67616d00004851418fb4daf285608ca79cd7b7,https://open.spotify.com/track/5uu28fUesZMl89lf9CLrgN
115,2017-10-22,116,Up,This Town,Niall Horan,609580,https://i.scdn.co/image/ab67616d0000485194fde6afa9cbf073e5b6445a,https://open.spotify.com/track/3UwT4FadEGWyMdaSwYcUBY
116,2017-10-22,117,Up,Candy Paint,Post Malone,606083,https://i.scdn.co/image/ab67616d00004851f4cf733901e8cb180438787f,https://open.spotify.com/track/6VFMGKuYTlaYgbhvILfbc7
117,2017-10-22,118,Down,Bella y Sensual,Romeo Santos,602224,https://i.scdn.co/image/ab67616d00004851827d0777f8cccdf5b7481442,https://open.spotify.com/track/0ERbK7qVqveCaBWIiYCrl3
118,2017-10-22,119,Up,"I Don’t Wanna Live Forever (Fifty Shades Darker) - From ""Fifty Shades Darker (Original Motion Picture Soundtrack)""",ZAYN,601453,https://i.scdn.co/image/ab67616d000048512ae921f082ae5db4d3da818f,https://open.spotify.com/track/3NdDpSvN911VPGivFlV5d0
119,2017-10-22,120,Up,Photograph,Ed Sheeran,594084,https://i.scdn.co/image/ab67616d00004851d08209944468440145f01524,https://open.spotify.com/track/6fxVffaTuwjgEk5h9QyRjy
120,2017-10-22,121,Down,3 A.M.,Jesse & Joy,589868,https://i.scdn.co/image/ab67616d000048510d747598f6e8df40f5671e0c,https://open.spotify.com/track/0yyZN5ASdrYu0XYWFzfxUu
121,2017-10-22,122,Up,Thinking out Loud,Ed Sheeran,586754,https://i.scdn.co/image/ab67616d00004851d08209944468440145f01524,https://open.spotify.com/track/1Slwb6dOYkBlWal1PGtnNg
122,2017-10-22,123,Down,Feed Me Dope,Future,586105,https://i.scdn.co/image/ab67616d000048515998097d9467eccb3e99b8c1,https://open.spotify.com/track/3lyeSiAIdLoZUHhV8psOTI
123,2017-10-22,124,Up,Everybody Dies In Their Nightmares,XXXTENTACION,582705,https://i.scdn.co/image/ab67616d00004851203c89bd4391468eea4cc3f5,https://open.spotify.com/track/3GVkPk8mqxz0itaAriG1L7
124,2017-10-22,125,Down,Transportin',Kodak Black,581586,https://i.scdn.co/image/ab67616d00004851583ce93dc89d84218f233ea7,https://open.spotify.com/track/1WIZiOuNO3woKfdlSK2gNn
125,2017-10-22,126,Up,Issues,Julia Michaels,574480,https://i.scdn.co/image/ab67616d00004851eab8691768189c70635820e8,https://open.spotify.com/track/6D0b04NJIKfEMg040WioJQ
126,2017-10-22,127,Down,...Ready For It?,Taylor Swift,574254,https://i.scdn.co/image/ab67616d000048516d8d80daf86adc5dcf8a80bc,https://open.spotify.com/track/19WjVVgXjdKXfLXoaDPwTM
127,2017-10-22,128,Down,One Dance,Drake,573103,https://i.scdn.co/image/ab67616d00004851726abca207567d5e41cb9667,https://open.spotify.com/track/1xznGGDReH1oQq0xzbwXa3
128,2017-10-22,129,Down,Starboy,The Weeknd,572504,https://i.scdn.co/image/ab67616d000048510c8599cbde51245c128bcea9,https://open.spotify.com/track/5aAx2yezTd8zXrkmtKl66Z
129,2017-10-22,130,Down,DNA.,Kendrick Lamar,555384,https://i.scdn.co/image/ae1f239b41e9604a66eb900834c6887cd2f62ff1,https://open.spotify.com/track/6HZILIRieu8S0iqY8kIKhj
130,2017-10-22,131,Up,Sauce It Up,Lil Uzi Vert,553182,https://i.scdn.co/image/ab67616d0000485141b41e6f7924e530a9b00f9c,https://open.spotify.com/track/1uL78kFWxhz3umTMWJu8n5
131,2017-10-22,132,Up,Look At Me!,XXXTENTACION,548619,https://i.scdn.co/image/ab67616d0000485171af28545729f60b3eca66f7,https://open.spotify.com/track/7floNISpH8VF4z4459Qo18
132,2017-10-22,133,Up,DNA,BTS,543944,https://i.scdn.co/image/ab67616d00004851f9a16d4b6cd94eca041f00b8,https://open.spotify.com/track/5SE57ljOIUJ1ybL9U6CuBH
133,2017-10-22,134,Up,Passionfruit,Drake,539566,https://i.scdn.co/image/ab67616d000048515ea859dc94365abd9fd84fd6,https://open.spotify.com/track/7hDc8b7IXETo14hHIHdnhd
134,2017-10-22,135,Down,Loco Enamorado,Abraham Mateo,538357,https://i.scdn.co/image/ab67616d00004851c7c9cff204bc6b4a3e36e42d,https://open.spotify.com/track/4N1c5rmWOzRmB9SMacr5wB
135,2017-10-22,136,Down,Como Antes (feat. Wisin),Yandel,537656,https://i.scdn.co/image/ab67616d00004851b54d1c695daae20467312eb3,https://open.spotify.com/track/5YzA563GXTuwQaRq24z1k5
136,2017-10-22,137,Up,Magnolia,Playboi Carti,526309,https://i.scdn.co/image/cbfa858a49a59efbca64c6f7078068cf07731bd0,https://open.spotify.com/track/1e1JKLEDKP7hEQzJfNAgPl
137,2017-10-22,138,Up,Scared to Be Lonely,Martin Garrix,522567,https://i.scdn.co/image/ab67616d0000485164f8a309aa3c0a66a31fc374,https://open.spotify.com/track/3ebXMykcMXOcLeJ9xZ17XH
138,2017-10-22,139,Down,OK - Spotify Version,Robin Schulz,519212,https://i.scdn.co/image/ab67616d000048517fd57367322c558ca19c9ed8,https://open.spotify.com/track/3bWAqKDWg6u1davspr5IkS
139,2017-10-22,140,Up,Love Galore (feat. Travis Scott),SZA,519108,https://i.scdn.co/image/ab67616d000048514c79d5ec52a6d0302f3add25,https://open.spotify.com/track/0q75NwOoFiARAVp4EXU4Bs
140,2017-10-22,141,Down,I Feel It Coming,The Weeknd,516864,https://i.scdn.co/image/b3683184efeb899b2d1a02f4957d0c630dc10b0b,https://open.spotify.com/track/5GXAXm5YOmYT0kL5jHvYBt
141,2017-10-22,142,Up,Happier,Ed Sheeran,516208,https://i.scdn.co/image/ab67616d00004851ba5db46f4b838ef6027e6f96,https://open.spotify.com/track/2RttW7RAu5nOAfq6YFvApB
142,2017-10-22,143,Down,Help Me Out (with Julia Michaels),Maroon 5,515728,https://i.scdn.co/image/ab67616d00004851fe33f1927dfd05bacdf1944c,https://open.spotify.com/track/2uSLx5uwRIhiA3sJJraNqX
143,2017-10-22,144,Up,LOVE. FEAT. ZACARI.,Kendrick Lamar,511672,https://i.scdn.co/image/ae1f239b41e9604a66eb900834c6887cd2f62ff1,https://open.spotify.com/track/6PGoSes0D9eUDeeAafB2As
144,2017-10-22,145,Flat,The Race,Tay-K,508086,https://i.scdn.co/image/ab67616d000048510ee2cd0f66c658af53b78ee1,https://open.spotify.com/track/5RCfvwDewu6p2x1mEI6smX
145,2017-10-22,146,Down,Rockabye (feat. Sean Paul & Anne-Marie),Clean Bandit,505727,https://i.scdn.co/image/ab67616d000048511431c3bdf16aa99f71799d95,https://open.spotify.com/track/5knuzwU65gJK7IF5yJsuaW
146,2017-10-22,147,Down,Si Tú La Ves (feat. Wisin),Nicky Jam,504978,https://i.scdn.co/image/ab67616d00004851d77dbcd4dbd37cdfa61771fa,https://open.spotify.com/track/4yN6xPLopmTLvc27pO9LIE
147,2017-10-22,148,Up,Fetish (feat. Gucci Mane),Selena Gomez,503826,https://i.scdn.co/image/ab67616d00004851676b024fbd4c52c3fa382dd4,https://open.spotify.com/track/0XLOf9LhyazPX9Ld8jPiUq
148,2017-10-22,149,Down,Swish Swish,Katy Perry,502880,https://i.scdn.co/image/ab67616d000048511487979a7e0181a5d0406d1a,https://open.spotify.com/track/2kVHAQKVtczchKctctzbtK
149,2017-10-22,150,Up,iSpy (feat. Lil Yachty),KYLE,499872,https://i.scdn.co/image/ab67616d0000485132e373f2988bc6596a542d1c,https://open.spotify.com/track/2EEeOnHehOozLq4aS0n6SL
150,2017-10-22,151,Up,Castle on the Hill,Ed Sheeran,499432,https://i.scdn.co/image/ab67616d00004851ba5db46f4b838ef6027e6f96,https://open.spotify.com/track/6PCUP3dWmTjcTtXY02oFdT
151,2017-10-22,152,Down,New,Daya,498870,https://i.scdn.co/image/ab67616d00004851f095b3a0f73c89be1b76b97c,https://open.spotify.com/track/4tERsdVCLtLtrGdFBf9DGC
152,2017-10-22,153,Up,Praying,Kesha,498717,https://i.scdn.co/image/ab67616d0000485155de63b8aaf464fe8146b4f1,https://open.spotify.com/track/0jdny0dhgjUwoIp5GkqEaA
153,2017-10-22,154,Down,"Sola (Remix) [feat. Daddy Yankee, Wisin, Farruko, Zion & Lennox]",Anuel AA,498579,https://i.scdn.co/image/ab67616d00004851a66def7d649149464edc8f1e,https://open.spotify.com/track/5q2JbCNi4FcnglgPfxcV65
154,2017-10-22,155,Down,Mr. Brightside,The Killers,494822,https://i.scdn.co/image/7d778100d0160184d61981dc8aa666ee6fec0151,https://open.spotify.com/track/7oK9VyNzrYvRFo7nQEYkWN
155,2017-10-22,156,Up,Body Like A Back Road,Sam Hunt,492741,https://i.scdn.co/image/ab67616d000048519eccbdab1110afc4d5a186a8,https://open.spotify.com/track/7mldq42yDuxiUNn08nvzHO
156,2017-10-22,157,Up,Malibu,Miley Cyrus,491100,https://i.scdn.co/image/ab67616d000048519012e092ad8ed4731ea11134,https://open.spotify.com/track/1UZOjK1BwmwWU14Erba9CZ
157,2017-10-22,158,Down,La Rompe Corazones,Daddy Yankee,490999,https://i.scdn.co/image/ab67616d00004851b84a36483e43bfbcb931fcde,https://open.spotify.com/track/4okba5wu9mMLXx79DXLKi3
158,2017-10-22,159,Down,Rich Love (with Seeb),OneRepublic,489912,https://i.scdn.co/image/ab67616d000048516f2fa4c6cd6653d8d770a415,https://open.spotify.com/track/7aF09WaavZAmAWuUeYxlYD
159,2017-10-22,160,Up,Most Girls,Hailee Steinfeld,488750,https://i.scdn.co/image/ab67616d000048519e1b81dc79bd5055417b1e5a,https://open.spotify.com/track/2mfUa8bLs2s5N4VaqJZ4lZ
160,2017-10-22,161,Up,Relationship (feat. Future),Young Thug,483356,https://i.scdn.co/image/ab67616d00004851419cedff7b313b962a93932e,https://open.spotify.com/track/25oOaleife6E2MIKmFkPvg
161,2017-10-22,162,Up,Bad and Boujee (feat. Lil Uzi Vert),Migos,483061,https://i.scdn.co/image/ab67616d0000485199a8ab6da9d593939302828a,https://open.spotify.com/track/4Km5HrUvYTaSUfiSGPJeQR
162,2017-10-22,163,Up,We Don't Talk Anymore,Charlie Puth,481996,https://i.scdn.co/image/ab67616d00004851c0e28105f0533c52717c46c2,https://open.spotify.com/track/68EMU2RD1ECNeOeJ5qAXCV
163,2017-10-22,164,Up,Sign of the Times,Harry Styles,480725,https://i.scdn.co/image/ab67616d000048516c619c39c853f8b1d67b7859,https://open.spotify.com/track/5Ohxk2dO5COHF1krpoPigN
164,2017-10-22,165,Down,Me Llamas (feat. Maluma) - Remix,Piso 21,478675,https://i.scdn.co/image/ab67616d000048511e1eafb5d2bb1ca39d26f092,https://open.spotify.com/track/5hEM0JchdVzQ5PwvSfITeX
165,2017-10-22,166,Down,Ahora Me Llama,KAROL G,478559,https://i.scdn.co/image/ab67616d000048511f8b5b79339712de8c904d63,https://open.spotify.com/track/61HHDBLqF3AmSvLfHKNGd2
166,2017-10-22,167,Down,"Lose Yourself - From ""8 Mile"" Soundtrack",Eminem,474189,https://i.scdn.co/image/ab67616d00004851a8a32ae2a279b9bf03445738,https://open.spotify.com/track/7w9bgPAmPTtrkt2v16QWvQ
167,2017-10-22,168,Down,"Know No Better (feat. Travis Scott, Camila Cabello & Quavo)",Major Lazer,470566,https://i.scdn.co/image/ab67616d00004851de1e9558f85913eb0b47f623,https://open.spotify.com/track/3Ytr1SUCUi6J3L9dRFx5iH
168,2017-10-22,169,Up,do re mi (feat. Gucci Mane),blackbear,466319,https://i.scdn.co/image/0204c2af4ad772fd738bbd661b300a4dec113e71,https://open.spotify.com/track/53mrVsi49rLHIaKBiSvElG
169,2017-10-22,170,Up,It's A Vibe,2 Chainz,465498,https://i.scdn.co/image/179288654e273e14d827a4aa76cf37115e139ca0,https://open.spotify.com/track/6H0AwSQ20mo62jGlPGB8S6
170,2017-10-22,171,Down,Otra vez (feat. J Balvin),Zion & Lennox,463213,https://i.scdn.co/image/ab67616d0000485182eabf564ddc57325a84dd50,https://open.spotify.com/track/3QwBODjSEzelZyVjxPOHdq
171,2017-10-22,172,Up,LOYALTY. FEAT. RIHANNA.,Kendrick Lamar,462382,https://i.scdn.co/image/ae1f239b41e9604a66eb900834c6887cd2f62ff1,https://open.spotify.com/track/6SwRhMLwNqEi6alNPVG00n
172,2017-10-22,173,Down,Curve (feat. The Weeknd),Gucci Mane,460987,https://i.scdn.co/image/ab67616d00004851af7525e55333b110ff0f4e95,https://open.spotify.com/track/2yuyaYAELoMG4ApV5wJsWR
173,2017-10-22,174,Down,What Ifs,Kane Brown,457947,https://i.scdn.co/image/ab67616d0000485148295fd4144b8ce6b437d682,https://open.spotify.com/track/7zVCrzzEJU7u24sbJPXA5W
174,2017-10-22,175,Up,Paris,The Chainsmokers,457005,https://i.scdn.co/image/ab67616d000048510c13d3d5a503c84fcc60ae94,https://open.spotify.com/track/72jbDTw1piOOj770jWNeaG
175,2017-10-22,176,Up,Treat You Better,Shawn Mendes,456998,https://i.scdn.co/image/ab67616d00004851188e6332f32088921ab1eaf8,https://open.spotify.com/track/4Hf7WnR761jpxPr5D46Bcd
176,2017-10-22,177,Up,Wonderwall - Remastered,Oasis,454687,https://i.scdn.co/image/ab67616d0000485185e5dcc05cc216a10f141480,https://open.spotify.com/track/5qqabIl2vWzo9ApSC317sa
177,2017-10-22,178,Up,Easy Love,Lauv,454064,https://i.scdn.co/image/ab67616d00004851184766c511de1c5c093c556a,https://open.spotify.com/track/2ZE3DJuizYTad2S4CvRRhK
178,2017-10-22,179,Down,Let Me Love You,DJ Snake,452436,https://i.scdn.co/image/ab67616d000048515045de6786e0af096de73ed4,https://open.spotify.com/track/4pdPtRcBmOSQDlJ3Fk945m
179,2017-10-22,180,Up,The Scientist,Coldplay,450738,https://i.scdn.co/image/ab67616d00004851ad6f442ecac8735b9285a923,https://open.spotify.com/track/75JFxkI2RXiU7L9VXzMkle
180,2017-10-22,181,Down,On The Loose,Niall Horan,448501,https://i.scdn.co/image/ab67616d0000485194fde6afa9cbf073e5b6445a,https://open.spotify.com/track/4kVo85bcmBkvMBcJl42XCA
181,2017-10-22,182,Down,Sigo Extrañándote,J Balvin,446628,https://i.scdn.co/image/ab67616d00004851338ffc4c72a192f06070546b,https://open.spotify.com/track/6qDF4wWL49CAVbgT7yuHl8
182,2017-10-22,183,Down,New Freezer (feat. Kendrick Lamar),Rich The Kid,444389,https://i.scdn.co/image/ab67616d0000485166bac14cf011715fbed67e58,https://open.spotify.com/track/4pYZLpX23Vx8rwDpJCpPTA
183,2017-10-22,184,Up,Don't Let Me Down,The Chainsmokers,442903,https://i.scdn.co/image/ab67616d0000485108d87fb54859bc9038f7e5e0,https://open.spotify.com/track/0QsvXIfqM0zZoerQfsI9lm
184,2017-10-22,185,Down,24K Magic,Bruno Mars,442735,https://i.scdn.co/image/ab67616d00004851232711f7d66a1e19e89e28c5,https://open.spotify.com/track/6b8Be6ljOzmkOmFslEb23P
185,2017-10-22,186,Up,Slide,Calvin Harris,441099,https://i.scdn.co/image/ab67616d000048514d3fa5ce7ba599f4fd7803ef,https://open.spotify.com/track/7tr2za8SQg2CI8EDgrdtNl
186,2017-10-22,187,New,Stay With Me,Sam Smith,440287,https://i.scdn.co/image/ab67616d000048514fb7193968e58e51c3db3ef4,https://open.spotify.com/track/5Db9VIdDsN5yu3Eu7CT0i4
187,2017-10-22,188,Up,'Till I Collapse,Eminem,437558,https://i.scdn.co/image/ab67616d00004851ccdb1982626f299b3b1d3efd,https://open.spotify.com/track/6yr8GiTHWvFfi4o6Q5ebdT
188,2017-10-22,189,Up,Man's Not Hot,Big Shaq,431180,https://i.scdn.co/image/ab67616d00004851e297a281788cf46e9094a2ca,https://open.spotify.com/track/2nUJvBO87SkxCViQsLc9Zr
189,2017-10-22,190,Down,Would You Ever,Skrillex,430672,https://i.scdn.co/image/ab67616d00004851c2896a061e50f35f97337512,https://open.spotify.com/track/57p8CBvPOxrvyCbn6ttl5r
190,2017-10-22,191,Up,Love Yourself,Justin Bieber,429626,https://i.scdn.co/image/ab67616d00004851b6d9a4fbb0bd49f0f034aead,https://open.spotify.com/track/3hB5DgAiMAQ4DzYbsMq1IT
191,2017-10-22,192,New,Crying in the Club,Camila Cabello,426253,https://i.scdn.co/image/ab67616d00004851cec62b81146fe4d116fbb2fa,https://open.spotify.com/track/1SJtlNRJDeYHioymcvsqev
192,2017-10-22,193,Down,"CAN'T STOP THE FEELING! (Original Song from DreamWorks Animation's ""TROLLS"")",Justin Timberlake,425955,https://i.scdn.co/image/ab67616d00004851ef37416970812293c08e8a78,https://open.spotify.com/track/6JV2JOEocMgcZxYSZelKcc
193,2017-10-22,194,Down,Solo Dance,Martin Jensen,423671,https://i.scdn.co/image/ab67616d00004851950d67dbe3f31f1d9a5d06a2,https://open.spotify.com/track/6HUnnBwYZqcED1eQztxMBN
194,2017-10-22,195,New,Starving,Hailee Steinfeld,423592,https://i.scdn.co/image/6fb734693d989252036e020be580d1eeb37a8f71,https://open.spotify.com/track/6875MeXyCW0wLyT72Eetmo
195,2017-10-22,196,New,All of Me,John Legend,417874,https://i.scdn.co/image/ab67616d00004851bdaaf09e0838ef5e78560eee,https://open.spotify.com/track/3uhBIQ7tv8j1FME8cFGEfG
196,2017-10-22,197,Down,No Cap,Future,416159,https://i.scdn.co/image/ab67616d000048515998097d9467eccb3e99b8c1,https://open.spotify.com/track/06Gyf2pFDVmN5K8XAawG96
197,2017-10-22,198,New,Whatever It Takes,Imagine Dragons,413989,https://i.scdn.co/image/ab67616d000048517956bd9a3d7a15e4c2e37cc6,https://open.spotify.com/track/4IWAyPf1KMq7JCyGeCjTeH
198,2017-10-22,199,Down,Seeing Blind,Niall Horan,413269,https://i.scdn.co/image/5989c45f0a3a2d777ac95d6e1ecb029152505b9a,https://open.spotify.com/track/65wnZsZLKJimfK1cTFOfa1
199,2017-10-22,200,Down,El Amante,Nicky Jam,410529,https://i.scdn.co/image/ab67616d00004851d77dbcd4dbd37cdfa61771fa,https://open.spotify.com/track/3umS4y3uQDkqekNjVpiRUs
