,Date,Position,Trend,Title,Artist,Streams,Icon_URL,Spotify_URL
0,2017-10-13,1,Flat,rockstar,Post Malone,6957721,https://i.scdn.co/image/ab67616d00004851345f823b6c1dbd3b4cc7b382,https://open.spotify.com/track/7wGoVu4Dady5GV0Sv4UIsx
1,2017-10-13,2,Flat,New Rules,Dua Lipa,3758241,https://i.scdn.co/image/ab67616d000048516b915e407b70e121e06fe979,https://open.spotify.com/track/2ekn2ttSfGqwhhate0LSR0
2,2017-10-13,3,Up,1-800-273-8255,Logic,3339004,https://i.scdn.co/image/08f9ccb7875a87c07c79c1ccd5319263786c55ea,https://open.spotify.com/track/5tz69p7tJuGPeMGwNTxYuV
3,2017-10-13,4,Up,Havana,Camila Cabello,3293712,https://i.scdn.co/image/ab67616d00004851d93cf4d07ba50d7b32ca7c44,https://open.spotify.com/track/0ofbQMrRDsUaVKq2mGLEAb
4,2017-10-13,5,Down,Dusk Till Dawn - Radio Edit,ZAYN,3226747,https://i.scdn.co/image/ab67616d0000485123852b7ef0ecfe29d38d97ee,https://open.spotify.com/track/1j4kHkkpqZRBwE0A4CN4Yv
5,2017-10-13,6,Down,Too Good At Goodbyes - Edit,Sam Smith,3147255,https://i.scdn.co/image/ab67616d000048510a5b25f2ae0690285b4b1508,https://open.spotify.com/track/0mel2N9Ws9r4yLQn5QE21Y
6,2017-10-13,7,Up,Silence,Marshmello,2843586,https://i.scdn.co/image/ab67616d00004851f33ba583059dc2f7d08bf2b8,https://open.spotify.com/track/7vGuf3Y35N4wmASOKLUVVU
7,2017-10-13,8,Down,What Lovers Do (feat. SZA),Maroon 5,2771374,https://i.scdn.co/image/ab67616d000048513c5e0b163d55ef4e27f60689,https://open.spotify.com/track/4mxWSdf71VFO52qFeY0fZt
8,2017-10-13,9,Flat,Perfect,Ed Sheeran,2715772,https://i.scdn.co/image/ab67616d00004851ba5db46f4b838ef6027e6f96,https://open.spotify.com/track/0tgVpDi06FyKpA1z0VMD4v
9,2017-10-13,10,Flat,Mi Gente,J Balvin,2701379,https://i.scdn.co/image/ab67616d00004851996bd1ea86bd3815eedfeef5,https://open.spotify.com/track/2rb5MvYT7ZIxbKW5hfcHx8
10,2017-10-13,11,Up,Unforgettable,French Montana,2368883,https://i.scdn.co/image/ab67616d000048518a31195a371b2233456f6c07,https://open.spotify.com/track/3B54sVLJ402zGa6Xm4YGNe
11,2017-10-13,12,Up,Look What You Made Me Do,Taylor Swift,2357353,https://i.scdn.co/image/ab67616d00004851e3953b884e6b0bd31933d4e0,https://open.spotify.com/track/6uFsE1JgZ20EXyU0JQZbUR
12,2017-10-13,13,Down,Sorry Not Sorry,Demi Lovato,2340339,https://i.scdn.co/image/ab67616d0000485191dc8442223c957094fdca6a,https://open.spotify.com/track/3Du2K5dLzmduCNp6uwuaL0
13,2017-10-13,14,Down,I Fall Apart,Post Malone,2307197,https://i.scdn.co/image/23bae95100dcb6ac8f88c19fa2a11c50a998a926,https://open.spotify.com/track/75ZvA4QfFiZvzhj2xkaWAh
14,2017-10-13,15,Up,Glorious (feat. Skylar Grey),Macklemore,2271590,https://i.scdn.co/image/ab67616d000048512e94b668c60b06deb1c3a05c,https://open.spotify.com/track/0CokSRCu5hZgPxcZBaEzVE
15,2017-10-13,16,Down,Young Dumb & Broke,Khalid,2260235,https://i.scdn.co/image/ab67616d00004851988ede5e1276e758b5f9e577,https://open.spotify.com/track/5Z3GHaZ6ec9bsiI5BenrbY
16,2017-10-13,17,Down,Thunder,Imagine Dragons,2238365,https://i.scdn.co/image/ab67616d000048517956bd9a3d7a15e4c2e37cc6,https://open.spotify.com/track/0tKcYR2II1VCQWT79i5NrW
17,2017-10-13,18,Flat,Shape of You,Ed Sheeran,2224290,https://i.scdn.co/image/ab67616d00004851ba5db46f4b838ef6027e6f96,https://open.spotify.com/track/7qiZfU4dY1lWllzX7mPBI3
18,2017-10-13,19,Flat,Friends (with BloodPop®),Justin Bieber,2170841,https://i.scdn.co/image/cd9cd9e793c261794809dff9e8432813f9a52698,https://open.spotify.com/track/7iNIg7XDEaYECfWD5dJ9Va
19,2017-10-13,20,Flat,XO Tour Llif3,Lil Uzi Vert,2112771,https://i.scdn.co/image/ab67616d0000485141b41e6f7924e530a9b00f9c,https://open.spotify.com/track/7GX5flRQZVHRAGd6B4TmDO
20,2017-10-13,21,Up,What About Us,P!nk,2111375,https://i.scdn.co/image/ab67616d0000485100164c96548a622d34b39828,https://open.spotify.com/track/0Qh38w01QRXK6KHIv0e3hb
21,2017-10-13,22,Down,Mi Gente (feat. Beyoncé),J Balvin,2086089,https://i.scdn.co/image/ab67616d00004851aa2bdbc1911b520d425af85e,https://open.spotify.com/track/7fwXWKdDNI5IutOMc5OKYw
22,2017-10-13,23,Down,Jocelyn Flores,XXXTENTACION,1994278,https://i.scdn.co/image/ab67616d00004851203c89bd4391468eea4cc3f5,https://open.spotify.com/track/7m9OqQk4RVRkw9JJdeAw96
23,2017-10-13,24,Down,Bank Account,21 Savage,1975095,https://i.scdn.co/image/ab67616d00004851ac3c0aecec76cd7b5a54795e,https://open.spotify.com/track/2fQrGHiQOvpL9UgPvtYy6G
24,2017-10-13,25,Down,Bodak Yellow,Cardi B,1934600,https://i.scdn.co/image/ab67616d0000485162a2dedc55a38a0fca0a17b0,https://open.spotify.com/track/2771LMNxwf62FTAdpJMQfM
25,2017-10-13,26,Down,Congratulations,Post Malone,1930533,https://i.scdn.co/image/23bae95100dcb6ac8f88c19fa2a11c50a998a926,https://open.spotify.com/track/3a1lNhkSLSkpJE4MSHpDu9
26,2017-10-13,27,Down,Stargazing,Kygo,1898439,https://i.scdn.co/image/ab67616d00004851a333559091297eda04eba27c,https://open.spotify.com/track/0Zbbxnx4SGGHoIow4PpISP
27,2017-10-13,28,Up,Gucci Gang,Lil Pump,1829967,https://i.scdn.co/image/ab67616d00004851d52ef190ae5253eb2c3c764c,https://open.spotify.com/track/43ZyHQITOjhciSUUNPVRHc
28,2017-10-13,29,Down,Attention,Charlie Puth,1785802,https://i.scdn.co/image/ab67616d00004851db21a273452f0637cdbc35aa,https://open.spotify.com/track/4iLqG9SeJSnt0cSPICSjxv
29,2017-10-13,30,Up,Feels,Calvin Harris,1784313,https://i.scdn.co/image/ab67616d000048514d3fa5ce7ba599f4fd7803ef,https://open.spotify.com/track/5bcTCxgc7xVfSaMV3RuVke
30,2017-10-13,31,Down,Feel It Still,Portugal. The Man,1766912,https://i.scdn.co/image/ab67616d00004851af52c228c9619ff6298b08cd,https://open.spotify.com/track/6QgjcU0zLnzq5OrUoSZ3OK
31,2017-10-13,32,Down,Lonely Together (feat. Rita Ora),Avicii,1739114,https://i.scdn.co/image/241ee98f30f1a0066a26890586952e393a473b0d,https://open.spotify.com/track/2OALaHcDdKkjYEpAr0Qzab
32,2017-10-13,33,Up,Me Rehúso,Danny Ocean,1724574,https://i.scdn.co/image/ab67616d00004851a75bd33684083600569dd3bf,https://open.spotify.com/track/6De0lHrwBfPfrhorm9q1Xl
33,2017-10-13,34,Up,More Than You Know,Axwell /\ Ingrosso,1656693,https://i.scdn.co/image/ab67616d00004851cb442ec337da75fb09cc3981,https://open.spotify.com/track/3PEgB3fkiojxms35ntsTgs
34,2017-10-13,35,Down,Let You Down,NF,1650097,https://i.scdn.co/image/3d17b91a9147e836baabe7d36c534c4fdf9e99e3,https://open.spotify.com/track/52okn5MNA47tk87PeZJLEL
35,2017-10-13,36,Flat,Without You (feat. Sandro Cavazza),Avicii,1637551,https://i.scdn.co/image/ab67616d0000485130800bfbfff51ddb031d9bd7,https://open.spotify.com/track/6WbADFqMvR8N5u0BvtsWQE
36,2017-10-13,37,Up,HUMBLE.,Kendrick Lamar,1618707,https://i.scdn.co/image/ae1f239b41e9604a66eb900834c6887cd2f62ff1,https://open.spotify.com/track/7KXjTSCq5nL1LoYtL7XAwS
37,2017-10-13,38,Up,Se Preparó,Ozuna,1575963,https://i.scdn.co/image/ab67616d00004851b0a875d7f1bfe4ec4aaffa48,https://open.spotify.com/track/1m69ELEgE6k5ZWsap40ozt
38,2017-10-13,39,Up,Despacito - Remix,Luis Fonsi,1563365,https://i.scdn.co/image/ab67616d00004851d8559d0280ffe2a2af6dacdf,https://open.spotify.com/track/5CtI0qwDJkDQGwXD1H1cLb
39,2017-10-13,40,Down,Back to You (feat. Bebe Rexha & Digital Farm Animals),Louis Tomlinson,1558519,https://i.scdn.co/image/ab67616d00004851327d7ffa53a268bf7411c28b,https://open.spotify.com/track/7F9vK8hNFMml4GtHsaXui6
40,2017-10-13,41,Down,How Long,Charlie Puth,1494505,https://i.scdn.co/image/ab67616d00004851872353e715cccea67fe3de91,https://open.spotify.com/track/32DGGj6KlNuBr6WaqRxpxi
41,2017-10-13,42,Up,Wild Thoughts (feat. Rihanna & Bryson Tiller),DJ Khaled,1490970,https://i.scdn.co/image/ab67616d00004851dcb6a73da1e7f293b875f69c,https://open.spotify.com/track/1OAh8uOEOvTDqkKFsKksCi
42,2017-10-13,43,Down,I Like Me Better,Lauv,1480673,https://i.scdn.co/image/ab67616d00004851fab48816b625e2a77a732400,https://open.spotify.com/track/1wjzFQodRWrPcQ0AnYnvQ9
43,2017-10-13,44,Up,Mayores,Becky G,1461330,https://i.scdn.co/image/ab67616d00004851b5983d639fd953deb3c99848,https://open.spotify.com/track/7JNh1cfm0eXjqFVOzKLyau
44,2017-10-13,45,Flat,Strip That Down,Liam Payne,1451867,https://i.scdn.co/image/ab67616d00004851ec1abb2ba5e210e826161111,https://open.spotify.com/track/6EpRaXYhGOB3fj4V2uDkMJ
45,2017-10-13,46,Flat,Mama,Jonas Blue,1446906,https://i.scdn.co/image/14891cf71e2287163c137e90074783ba5cdd4ff4,https://open.spotify.com/track/0NiXXAI876aGImAd6rTj8w
46,2017-10-13,47,Down,Pray,Sam Smith,1427391,https://i.scdn.co/image/ab67616d00004851a9bb0c310bd8ec96dd848d9a,https://open.spotify.com/track/0D8ZpOXVjapLXrjz5VfZSD
47,2017-10-13,48,Down,There's Nothing Holdin' Me Back,Shawn Mendes,1405675,https://i.scdn.co/image/ab67616d00004851f9cbd0c07513a7232cd6b9a7,https://open.spotify.com/track/79cuOz3SPQTuFrp8WgftAu
48,2017-10-13,49,Flat,Believer,Imagine Dragons,1351637,https://i.scdn.co/image/ab67616d000048517956bd9a3d7a15e4c2e37cc6,https://open.spotify.com/track/0CcQNd8CINkwQfe1RDtGV6
49,2017-10-13,50,Up,I Get The Bag (feat. Migos),Gucci Mane,1330719,https://i.scdn.co/image/ab67616d00004851af7525e55333b110ff0f4e95,https://open.spotify.com/track/1XRgIKC5TPwo7nWGyKqgG0
50,2017-10-13,51,Down,The Way Life Goes (feat. Oh Wonder),Lil Uzi Vert,1303318,https://i.scdn.co/image/ab67616d0000485141b41e6f7924e530a9b00f9c,https://open.spotify.com/track/2eAZfqOm4EnOF9VvN50Tyc
51,2017-10-13,52,Up,Go Flex,Post Malone,1292006,https://i.scdn.co/image/23bae95100dcb6ac8f88c19fa2a11c50a998a926,https://open.spotify.com/track/5yuShbu70mtHXY0yLzCQLQ
52,2017-10-13,53,Up,Criminal,Natti Natasha,1283994,https://i.scdn.co/image/ab67616d00004851ff16b23d53ff793a64ec2138,https://open.spotify.com/track/2SmgFAhQkQCQPyBiBxR6Te
53,2017-10-13,54,Down,"Let Me Go (with Alesso, Florida Georgia Line & watt)",Hailee Steinfeld,1266784,https://i.scdn.co/image/ab67616d00004851dbdc892395413def043e0655,https://open.spotify.com/track/5AEtlRudpgdT5FtNiuly6Y
54,2017-10-13,55,Down,Felices los 4,Maluma,1262723,https://i.scdn.co/image/ab67616d00004851d9732b592276542ecafa6c6d,https://open.spotify.com/track/0qYTZCo5Bwh1nsUFGZP3zn
55,2017-10-13,56,Up,Bonita,J Balvin,1238171,https://i.scdn.co/image/ab67616d0000485148f3fc1d4f0fed414418e041,https://open.spotify.com/track/693iqPOQvhI7PobtR8CC8v
56,2017-10-13,57,Down,Something Just Like This,The Chainsmokers,1217363,https://i.scdn.co/image/ab67616d000048510c13d3d5a503c84fcc60ae94,https://open.spotify.com/track/6RUKPb4LETWmmr3iAEQktW
57,2017-10-13,58,Up,BUTTERFLY EFFECT,Travis Scott,1167309,https://i.scdn.co/image/ab67616d00004851b5e9358d0d07114609d9afab,https://open.spotify.com/track/1yxgsra98r3qAtxqiGZPiX
58,2017-10-13,59,Up,Báilame - Remix,Nacho,1137774,https://i.scdn.co/image/ab67616d00004851473f54a79eb118bdfa668aa2,https://open.spotify.com/track/3VClLWqNn80Llv0PJOsKgr
59,2017-10-13,60,Up,Escápate Conmigo,Wisin,1124263,https://i.scdn.co/image/ab67616d000048512b02904e5404ad6069c16a4f,https://open.spotify.com/track/2cnKEkpVUSV4wnjQiTWfH6
60,2017-10-13,61,Down,Reggaetón Lento (Remix),CNCO,1117326,https://i.scdn.co/image/ab67616d00004851c4c45bf90052845efd2a597d,https://open.spotify.com/track/3zoYkqS4y2BsGVShPL2nTE
61,2017-10-13,62,Down,"Homemade Dynamite (Feat. Khalid, Post Malone & SZA) - REMIX",Lorde,1101387,https://i.scdn.co/image/ab67616d000048518d4698702de262d387fa3bc9,https://open.spotify.com/track/69Naniu2KjKjaQOBUagE8U
62,2017-10-13,63,Down,Good Old Days (feat. Kesha),Macklemore,1084602,https://i.scdn.co/image/ab67616d000048512e94b668c60b06deb1c3a05c,https://open.spotify.com/track/2Za1AlJNvksouPPWbXpR2X
63,2017-10-13,64,Flat,"I'm the One (feat. Justin Bieber, Quavo, Chance the Rapper & Lil Wayne)",DJ Khaled,1060392,https://i.scdn.co/image/ab67616d00004851dcb6a73da1e7f293b875f69c,https://open.spotify.com/track/3DXncPQOG4VBw3QHh3S817
64,2017-10-13,65,Flat,2U (feat. Justin Bieber),David Guetta,1046592,https://i.scdn.co/image/ab67616d0000485145c5570d4a66346d8f683913,https://open.spotify.com/track/3A7qX2QjDlPnazUsRk5y0M
65,2017-10-13,66,Down,Too Much To Ask,Niall Horan,1030822,https://i.scdn.co/image/ab67616d00004851cf3f583f6d3712b50eda13f9,https://open.spotify.com/track/3hRZsdTF5uyGA2uhNqEuhm
66,2017-10-13,67,Up,Que Va,Alex Sensation,1029234,https://i.scdn.co/image/ab67616d00004851571f364389a9436e4ff8a362,https://open.spotify.com/track/7ofxPmTNMj2GP07g1VZa0O
67,2017-10-13,68,Down,Questions,Chris Brown,1026716,https://i.scdn.co/image/ab67616d00004851df5b4bb2ee00999c60ce05b7,https://open.spotify.com/track/5XQMr19TL7Mfksq9zihbOu
68,2017-10-13,69,Up,Robarte un Beso,Carlos Vives,1023078,https://i.scdn.co/image/ab67616d0000485126f611d8f55ec6cecb29192e,https://open.spotify.com/track/4z3GJkrtH97Bj6fRta983T
69,2017-10-13,70,Up,Despacito (Featuring Daddy Yankee),Luis Fonsi,1009808,https://i.scdn.co/image/ab67616d00004851a5971936e3b8d91f8b616b17,https://open.spotify.com/track/4aWmUDTfIPGksMNLV2rQP2
70,2017-10-13,71,Down,goosebumps,Travis Scott,1007836,https://i.scdn.co/image/ab67616d00004851f54b99bf27cda88f4a7403ce,https://open.spotify.com/track/6gBFPUFcJLzWGx4lenP6h2
71,2017-10-13,72,Down,Location,Khalid,1006160,https://i.scdn.co/image/ab67616d00004851988ede5e1276e758b5f9e577,https://open.spotify.com/track/152lZdxL1OR0ZMW6KquMif
72,2017-10-13,73,Up,A Different Way (with Lauv),DJ Snake,997737,https://i.scdn.co/image/ab67616d00004851506d86a3034de7bc2af6cb84,https://open.spotify.com/track/0Wv5wuenRLI3BcwgT3HPIP
73,2017-10-13,74,Up,Una Lady Como Tú,Manuel Turizo,994585,https://i.scdn.co/image/ab67616d00004851f9dc35bc367fcf98e763d27e,https://open.spotify.com/track/7MHN1aCFtLXjownGhvEQlF
74,2017-10-13,75,Down,Swalla (feat. Nicki Minaj & Ty Dolla $ign),Jason Derulo,990656,https://i.scdn.co/image/ab67616d000048519d6522bee68370fa5592301d,https://open.spotify.com/track/6kex4EBAj0WHXDKZMEJaaF
75,2017-10-13,76,Down,Your Song,Rita Ora,974651,https://i.scdn.co/image/ab67616d00004851528e7f2b6eda1b2a20ccfb1f,https://open.spotify.com/track/4c2W3VKsOFoIg2SFaO6DY5
76,2017-10-13,77,Down,Meant to Be (feat. Florida Georgia Line),Bebe Rexha,971022,https://i.scdn.co/image/ab67616d000048511ba5682505dd6e2592b16e41,https://open.spotify.com/track/7iDa6hUg2VgEL1o1HjmfBn
77,2017-10-13,78,Flat,Bad At Love,Halsey,966373,https://i.scdn.co/image/d5bb421dbecbba7c6904eb67672f3cd25cf54c23,https://open.spotify.com/track/7y9iMe8SOB6z3NoHE2OfXl
78,2017-10-13,79,New,Revenge,P!nk,953001,https://i.scdn.co/image/ab67616d0000485100164c96548a622d34b39828,https://open.spotify.com/track/3OEer2dQj1eWhSqxatGiru
79,2017-10-13,80,New,Is That For Me,Alesso,909541,https://i.scdn.co/image/ab67616d000048515cff09d47fb5645a51f53c58,https://open.spotify.com/track/2KwojFDebQV4J2b0JMRR5Q
80,2017-10-13,81,Up,Help Me Out (with Julia Michaels),Maroon 5,904100,https://i.scdn.co/image/ab67616d00004851fe33f1927dfd05bacdf1944c,https://open.spotify.com/track/2uSLx5uwRIhiA3sJJraNqX
81,2017-10-13,82,Up,Roll In Peace (feat. XXXTENTACION),Kodak Black,901902,https://i.scdn.co/image/ab67616d00004851583ce93dc89d84218f233ea7,https://open.spotify.com/track/40oKW22ZNNkEdZLJTScaQI
82,2017-10-13,83,Up,Ahora Dice,Chris Jeday,897982,https://i.scdn.co/image/ab67616d000048513a142c7e7fc7863dc1a256ed,https://open.spotify.com/track/22eADXu8DfOAUEDw4vU8qy
83,2017-10-13,84,Up,Suena El Dembow,Joey Montana,891658,https://i.scdn.co/image/ab67616d00004851c8185c654dc0409609c5eb31,https://open.spotify.com/track/5TysCiZtv1HnSWcTcUFusI
84,2017-10-13,85,Down,Slow Hands,Niall Horan,886299,https://i.scdn.co/image/ab67616d00004851805efe949d48d6f50e604919,https://open.spotify.com/track/167NczpNbRF7oWakJaY3Hh
85,2017-10-13,86,Down,Fuck Love (feat. Trippie Redd),XXXTENTACION,880708,https://i.scdn.co/image/ab67616d00004851203c89bd4391468eea4cc3f5,https://open.spotify.com/track/7AQim7LbvFVZJE3O8TYgf2
86,2017-10-13,87,Down,Say You Won't Let Go,James Arthur,879515,https://i.scdn.co/image/ab67616d0000485120beb61f61fcbeb33b10a9ab,https://open.spotify.com/track/5uCax9HTNlzGybIStD3vDh
87,2017-10-13,88,Up,Perro Fiel (feat. Nicky Jam),Shakira,878079,https://i.scdn.co/image/ab67616d00004851d05d3aad30c5fb7614893cf5,https://open.spotify.com/track/70lnL3QaSOIIyMa2X9aVRL
88,2017-10-13,89,Down,Mask Off,Future,870961,https://i.scdn.co/image/ab67616d00004851356884f85665ebdd79223fdf,https://open.spotify.com/track/3rOSwuTsUlJp0Pu0MkN8r8
89,2017-10-13,90,Down,There for You,Martin Garrix,864612,https://i.scdn.co/image/ab67616d0000485172c57da7edfe8e915182cdd4,https://open.spotify.com/track/6jA8HL9i4QGzsj6fjoxp8Y
90,2017-10-13,91,Down,Symphony (feat. Zara Larsson),Clean Bandit,858832,https://i.scdn.co/image/ab67616d000048515b1130d050c4cd2295999d85,https://open.spotify.com/track/1x5sYLZiu9r5E43kMlt9f8
91,2017-10-13,92,Down,Tú Foto,Ozuna,858260,https://i.scdn.co/image/ab67616d00004851b0a875d7f1bfe4ec4aaffa48,https://open.spotify.com/track/5zSOVwaY3sVjnmLhuEfsuf
92,2017-10-13,93,Down,Plain Jane,A$AP Ferg,849693,https://i.scdn.co/image/ab67616d00004851d79cfa3155b50beb5dbeeb9a,https://open.spotify.com/track/4dVpf9jZjcORqGTLUaeYj9
93,2017-10-13,94,Up,Slippery (feat. Gucci Mane),Migos,824454,https://i.scdn.co/image/ab67616d0000485199a8ab6da9d593939302828a,https://open.spotify.com/track/6p8NuHm8uCGnn2Dtbtf7zE
94,2017-10-13,95,Down,...Ready For It?,Taylor Swift,823335,https://i.scdn.co/image/ab67616d000048516d8d80daf86adc5dcf8a80bc,https://open.spotify.com/track/19WjVVgXjdKXfLXoaDPwTM
95,2017-10-13,96,Down,Love Galore (feat. Travis Scott),SZA,822542,https://i.scdn.co/image/ab67616d000048514c79d5ec52a6d0302f3add25,https://open.spotify.com/track/0q75NwOoFiARAVp4EXU4Bs
96,2017-10-13,97,Down,It Ain't Me (with Selena Gomez),Kygo,818616,https://i.scdn.co/image/ab67616d0000485141f289940f2e6a0d51988d77,https://open.spotify.com/track/3eR23VReFzcdmS7TYCrhCe
97,2017-10-13,98,Down,That's What I Like,Bruno Mars,815568,https://i.scdn.co/image/ab67616d00004851232711f7d66a1e19e89e28c5,https://open.spotify.com/track/0KKkJNfGyhkQ5aFogxQAPU
98,2017-10-13,99,Flat,If I'm Lucky,Jason Derulo,802870,https://i.scdn.co/image/ab67616d000048513d4b1b9e8a5863294562d76b,https://open.spotify.com/track/6eUncuJutsFi9BGO1JaBHh
99,2017-10-13,100,Down,White Iverson,Post Malone,802596,https://i.scdn.co/image/23bae95100dcb6ac8f88c19fa2a11c50a998a926,https://open.spotify.com/track/6eT7xZZlB2mwyzJ2sUKG6w
100,2017-10-13,101,Flat,Galway Girl,Ed Sheeran,801788,https://i.scdn.co/image/ab67616d00004851ba5db46f4b838ef6027e6f96,https://open.spotify.com/track/0afhq8XCExXpqazXczTSve
101,2017-10-13,102,Down,Pretty Girl - Cheat Codes X CADE Remix,Maggie Lindemann,795260,https://i.scdn.co/image/ab67616d000048517c7436e1b6273be0e7bc1a84,https://open.spotify.com/track/1NDxZ7cFAo481dtYWdrUnR
102,2017-10-13,103,Down,Drowning (feat. Kodak Black),A Boogie Wit da Hoodie,793450,https://i.scdn.co/image/ab67616d00004851cdba7ee22968991250725ce1,https://open.spotify.com/track/1f5cbQtDrykjarZVrShaDI
103,2017-10-13,104,Flat,Explícale (feat. Bad Bunny),Yandel,791569,https://i.scdn.co/image/ab67616d00004851b54d1c695daae20467312eb3,https://open.spotify.com/track/1LszjjoVwDDZcWUQbzeDLG
104,2017-10-13,105,New,Feels Great (feat. Fetty Wap & CVBZ),Cheat Codes,778862,https://i.scdn.co/image/ab67616d00004851418fb4daf285608ca79cd7b7,https://open.spotify.com/track/5uu28fUesZMl89lf9CLrgN
105,2017-10-13,106,New,Beautiful Trauma,P!nk,772634,https://i.scdn.co/image/ab67616d0000485100164c96548a622d34b39828,https://open.spotify.com/track/2DlIwu1iDTILEMXA7MUotn
106,2017-10-13,107,Up,Hey DJ,CNCO,765723,https://i.scdn.co/image/ab67616d000048514358c8856d3acc00ca6c3578,https://open.spotify.com/track/209gZgcfLq2aUuu51vOWBl
107,2017-10-13,108,Down,Closer,The Chainsmokers,763985,https://i.scdn.co/image/ab67616d00004851495ce6da9aeb159e94eaa453,https://open.spotify.com/track/7BKLCZ1jbUBVqRi2FVlTVw
108,2017-10-13,109,Down,Redbone,Childish Gambino,759222,https://i.scdn.co/image/ab67616d000048510b97e56ffad7c6211aa848f8,https://open.spotify.com/track/3kxfsdsCpFgN412fpnW85Y
109,2017-10-13,110,Down,Stay (with Alessia Cara),Zedd,757163,https://i.scdn.co/image/ab67616d0000485191a70f95efc3400f696e89cc,https://open.spotify.com/track/0dA2Mk56wEzDgegdC6R17g
110,2017-10-13,111,Down,DNA,BTS,754311,https://i.scdn.co/image/ab67616d00004851f9a16d4b6cd94eca041f00b8,https://open.spotify.com/track/5SE57ljOIUJ1ybL9U6CuBH
111,2017-10-13,112,Flat,Rake It Up,Yo Gotti,744569,https://i.scdn.co/image/ab67616d00004851dc371ef9c9ad4c33b3fc130a,https://open.spotify.com/track/6c7D34787LOtPm8tzhsLgH
112,2017-10-13,113,Down,No Promises (feat. Demi Lovato),Cheat Codes,734166,https://i.scdn.co/image/ab67616d00004851e74ecdb2f1316c8f026970a8,https://open.spotify.com/track/1louJpMmzEicAn7lzDalPW
113,2017-10-13,114,Up,El Farsante,Ozuna,726620,https://i.scdn.co/image/ab67616d00004851b0a875d7f1bfe4ec4aaffa48,https://open.spotify.com/track/5EId1m4DNwTf3at31w8bPJ
114,2017-10-13,115,Down,Transportin',Kodak Black,725986,https://i.scdn.co/image/ab67616d00004851583ce93dc89d84218f233ea7,https://open.spotify.com/track/1WIZiOuNO3woKfdlSK2gNn
115,2017-10-13,116,Down,Everybody Dies In Their Nightmares,XXXTENTACION,722507,https://i.scdn.co/image/ab67616d00004851203c89bd4391468eea4cc3f5,https://open.spotify.com/track/3GVkPk8mqxz0itaAriG1L7
116,2017-10-13,117,Down,DNA.,Kendrick Lamar,719027,https://i.scdn.co/image/ae1f239b41e9604a66eb900834c6887cd2f62ff1,https://open.spotify.com/track/6HZILIRieu8S0iqY8kIKhj
117,2017-10-13,118,Up,OK - Spotify Version,Robin Schulz,717557,https://i.scdn.co/image/ab67616d000048517fd57367322c558ca19c9ed8,https://open.spotify.com/track/3bWAqKDWg6u1davspr5IkS
118,2017-10-13,119,Down,"I Don’t Wanna Live Forever (Fifty Shades Darker) - From ""Fifty Shades Darker (Original Motion Picture Soundtrack)""",ZAYN,716890,https://i.scdn.co/image/ab67616d000048512ae921f082ae5db4d3da818f,https://open.spotify.com/track/3NdDpSvN911VPGivFlV5d0
119,2017-10-13,120,Down,Bella y Sensual,Romeo Santos,715549,https://i.scdn.co/image/ab67616d00004851827d0777f8cccdf5b7481442,https://open.spotify.com/track/0ERbK7qVqveCaBWIiYCrl3
120,2017-10-13,121,Down,Rich Love (with Seeb),OneRepublic,698896,https://i.scdn.co/image/ab67616d000048516f2fa4c6cd6653d8d770a415,https://open.spotify.com/track/7aF09WaavZAmAWuUeYxlYD
121,2017-10-13,122,Down,Starboy,The Weeknd,698350,https://i.scdn.co/image/ab67616d000048510c8599cbde51245c128bcea9,https://open.spotify.com/track/5aAx2yezTd8zXrkmtKl66Z
122,2017-10-13,123,New,Curve (feat. The Weeknd),Gucci Mane,694751,https://i.scdn.co/image/ab67616d00004851af7525e55333b110ff0f4e95,https://open.spotify.com/track/2yuyaYAELoMG4ApV5wJsWR
123,2017-10-13,124,Down,Krippy Kush,Farruko,693499,https://i.scdn.co/image/ab67616d00004851f5f4d2ea789691a700a66b97,https://open.spotify.com/track/7FfpP3YZ6fOWMdxkIAtud9
124,2017-10-13,125,Down,One Dance,Drake,672121,https://i.scdn.co/image/ab67616d00004851726abca207567d5e41cb9667,https://open.spotify.com/track/1xznGGDReH1oQq0xzbwXa3
125,2017-10-13,126,Down,3 A.M.,Jesse & Joy,671365,https://i.scdn.co/image/ab67616d000048510d747598f6e8df40f5671e0c,https://open.spotify.com/track/0yyZN5ASdrYu0XYWFzfxUu
126,2017-10-13,127,Down,Malibu,Miley Cyrus,667562,https://i.scdn.co/image/ab67616d000048519012e092ad8ed4731ea11134,https://open.spotify.com/track/1UZOjK1BwmwWU14Erba9CZ
127,2017-10-13,128,New,Just Like You,Louis Tomlinson,661817,https://i.scdn.co/image/ab67616d000048512a84d58dc75f9a1922a93840,https://open.spotify.com/track/5IF6IBPqbclVR7SQKmCIyA
128,2017-10-13,129,Down,Photograph,Ed Sheeran,660800,https://i.scdn.co/image/ab67616d00004851d08209944468440145f01524,https://open.spotify.com/track/6fxVffaTuwjgEk5h9QyRjy
129,2017-10-13,130,Down,Passionfruit,Drake,659700,https://i.scdn.co/image/ab67616d000048515ea859dc94365abd9fd84fd6,https://open.spotify.com/track/7hDc8b7IXETo14hHIHdnhd
130,2017-10-13,131,Down,Issues,Julia Michaels,655161,https://i.scdn.co/image/bed97a5c36c8dda6724f89ecfd8c23497cc897f4,https://open.spotify.com/track/7vu0JkJh0ldukEYbTVcqd0
131,2017-10-13,132,Up,Loco Enamorado,Abraham Mateo,647851,https://i.scdn.co/image/ab67616d00004851c7c9cff204bc6b4a3e36e42d,https://open.spotify.com/track/4N1c5rmWOzRmB9SMacr5wB
132,2017-10-13,133,Down,Swish Swish,Katy Perry,646653,https://i.scdn.co/image/ab67616d000048511487979a7e0181a5d0406d1a,https://open.spotify.com/track/2kVHAQKVtczchKctctzbtK
133,2017-10-13,134,New,High End,Chris Brown,646127,https://i.scdn.co/image/ab67616d00004851390976f0f0ab15edb8e52650,https://open.spotify.com/track/2XdgSB4TtzUHQYCMfSHbFI
134,2017-10-13,135,Down,Look At Me!,XXXTENTACION,639724,https://i.scdn.co/image/ab67616d0000485171af28545729f60b3eca66f7,https://open.spotify.com/track/7floNISpH8VF4z4459Qo18
135,2017-10-13,136,Down,Thinking out Loud,Ed Sheeran,638620,https://i.scdn.co/image/ab67616d00004851d08209944468440145f01524,https://open.spotify.com/track/1Slwb6dOYkBlWal1PGtnNg
136,2017-10-13,137,Flat,Scared to Be Lonely,Martin Garrix,637257,https://i.scdn.co/image/ab67616d0000485164f8a309aa3c0a66a31fc374,https://open.spotify.com/track/3ebXMykcMXOcLeJ9xZ17XH
137,2017-10-13,138,Down,I Feel It Coming,The Weeknd,635789,https://i.scdn.co/image/b3683184efeb899b2d1a02f4957d0c630dc10b0b,https://open.spotify.com/track/5GXAXm5YOmYT0kL5jHvYBt
138,2017-10-13,139,Up,"Know No Better (feat. Travis Scott, Camila Cabello & Quavo)",Major Lazer,634697,https://i.scdn.co/image/ab67616d00004851de1e9558f85913eb0b47f623,https://open.spotify.com/track/3Ytr1SUCUi6J3L9dRFx5iH
139,2017-10-13,140,Down,Would You Ever,Skrillex,633991,https://i.scdn.co/image/ab67616d00004851c2896a061e50f35f97337512,https://open.spotify.com/track/57p8CBvPOxrvyCbn6ttl5r
140,2017-10-13,141,Down,LOVE. FEAT. ZACARI.,Kendrick Lamar,633694,https://i.scdn.co/image/ae1f239b41e9604a66eb900834c6887cd2f62ff1,https://open.spotify.com/track/6PGoSes0D9eUDeeAafB2As
141,2017-10-13,142,Down,The Race,Tay-K,633047,https://i.scdn.co/image/ab67616d000048510ee2cd0f66c658af53b78ee1,https://open.spotify.com/track/5RCfvwDewu6p2x1mEI6smX
142,2017-10-13,143,Down,Magnolia,Playboi Carti,631640,https://i.scdn.co/image/cbfa858a49a59efbca64c6f7078068cf07731bd0,https://open.spotify.com/track/1e1JKLEDKP7hEQzJfNAgPl
143,2017-10-13,144,Up,Vuelve,Daddy Yankee,630254,https://i.scdn.co/image/ab67616d0000485127fd276f720970c987695b55,https://open.spotify.com/track/0lJCqIx5BhZtf6QtYI2fbv
144,2017-10-13,145,Up,Was du Liebe nennst,Bausa,627719,https://i.scdn.co/image/ab67616d000048514eab5afad0bdfd43418f727b,https://open.spotify.com/track/4hKWUzhQWsOkgT6LnDEASe
145,2017-10-13,146,Down,Rockabye (feat. Sean Paul & Anne-Marie),Clean Bandit,626326,https://i.scdn.co/image/ab67616d000048511431c3bdf16aa99f71799d95,https://open.spotify.com/track/5knuzwU65gJK7IF5yJsuaW
146,2017-10-13,147,Down,"Lose Yourself - From ""8 Mile"" Soundtrack",Eminem,623532,https://i.scdn.co/image/36440dfd440d23086573d62a32def35ecc42f111,https://open.spotify.com/track/5Z01UMMf7V1o0MzF86s6WJ
147,2017-10-13,148,Down,Easy Love,Lauv,618066,https://i.scdn.co/image/ab67616d00004851184766c511de1c5c093c556a,https://open.spotify.com/track/2ZE3DJuizYTad2S4CvRRhK
148,2017-10-13,149,New,We Could Go Back,Jonas Blue,618002,https://i.scdn.co/image/ab67616d0000485141acb292d0daebf9d7d293fd,https://open.spotify.com/track/2PJ55QsqjSVwN2esqfMDFu
149,2017-10-13,150,Down,Candy Paint,Post Malone,606141,https://i.scdn.co/image/ab67616d000048517ad65df023c98969d6bc4dbe,https://open.spotify.com/track/4wdZdkEugVVorAfzqRqC6N
150,2017-10-13,151,Down,Como Antes (feat. Wisin),Yandel,603400,https://i.scdn.co/image/ab67616d00004851b54d1c695daae20467312eb3,https://open.spotify.com/track/5YzA563GXTuwQaRq24z1k5
151,2017-10-13,152,Down,Fetish (feat. Gucci Mane),Selena Gomez,603290,https://i.scdn.co/image/ab67616d00004851676b024fbd4c52c3fa382dd4,https://open.spotify.com/track/0XLOf9LhyazPX9Ld8jPiUq
152,2017-10-13,153,Flat,Mr. Brightside,The Killers,603264,https://i.scdn.co/image/7d778100d0160184d61981dc8aa666ee6fec0151,https://open.spotify.com/track/7oK9VyNzrYvRFo7nQEYkWN
153,2017-10-13,154,Down,Relationship (feat. Future),Young Thug,602914,https://i.scdn.co/image/ab67616d00004851419cedff7b313b962a93932e,https://open.spotify.com/track/25oOaleife6E2MIKmFkPvg
154,2017-10-13,155,Down,Praying,Kesha,601284,https://i.scdn.co/image/ab67616d0000485155de63b8aaf464fe8146b4f1,https://open.spotify.com/track/0jdny0dhgjUwoIp5GkqEaA
155,2017-10-13,156,Down,Body Like A Back Road,Sam Hunt,596608,https://i.scdn.co/image/ab67616d000048519eccbdab1110afc4d5a186a8,https://open.spotify.com/track/7mldq42yDuxiUNn08nvzHO
156,2017-10-13,157,Up,Si Tú La Ves (feat. Wisin),Nicky Jam,591817,https://i.scdn.co/image/ab67616d00004851d77dbcd4dbd37cdfa61771fa,https://open.spotify.com/track/4yN6xPLopmTLvc27pO9LIE
157,2017-10-13,158,Up,Man's Not Hot,Big Shaq,590346,https://i.scdn.co/image/ab67616d00004851e297a281788cf46e9094a2ca,https://open.spotify.com/track/2nUJvBO87SkxCViQsLc9Zr
158,2017-10-13,159,Up,What Ifs,Kane Brown,584581,https://i.scdn.co/image/ab67616d0000485148295fd4144b8ce6b437d682,https://open.spotify.com/track/7zVCrzzEJU7u24sbJPXA5W
159,2017-10-13,160,Down,No Limit,G-Eazy,583508,https://i.scdn.co/image/ab67616d0000485130e1314399055d25579f7ae3,https://open.spotify.com/track/2Xqd0wUttjueBfdcltADOv
160,2017-10-13,161,Down,"Sola (Remix) [feat. Daddy Yankee, Wisin, Farruko, Zion & Lennox]",Anuel AA,580057,https://i.scdn.co/image/ab67616d00004851a66def7d649149464edc8f1e,https://open.spotify.com/track/5q2JbCNi4FcnglgPfxcV65
161,2017-10-13,162,Down,LOYALTY. FEAT. RIHANNA.,Kendrick Lamar,579762,https://i.scdn.co/image/ae1f239b41e9604a66eb900834c6887cd2f62ff1,https://open.spotify.com/track/6SwRhMLwNqEi6alNPVG00n
162,2017-10-13,163,Down,'Till I Collapse,Eminem,576706,https://i.scdn.co/image/ab67616d00004851ccdb1982626f299b3b1d3efd,https://open.spotify.com/track/6yr8GiTHWvFfi4o6Q5ebdT
163,2017-10-13,164,Down,Castle on the Hill,Ed Sheeran,566259,https://i.scdn.co/image/ab67616d00004851ba5db46f4b838ef6027e6f96,https://open.spotify.com/track/6PCUP3dWmTjcTtXY02oFdT
164,2017-10-13,165,Flat,Slide,Calvin Harris,566067,https://i.scdn.co/image/ab67616d000048514d3fa5ce7ba599f4fd7803ef,https://open.spotify.com/track/7tr2za8SQg2CI8EDgrdtNl
165,2017-10-13,166,Down,Most Girls,Hailee Steinfeld,566038,https://i.scdn.co/image/622aeae55138a34341dbcf31b80568c512718dcb,https://open.spotify.com/track/10GJQkjRJcZhGTLagFOC62
166,2017-10-13,167,Down,We Don't Talk Anymore,Charlie Puth,565869,https://i.scdn.co/image/ab67616d00004851c0e28105f0533c52717c46c2,https://open.spotify.com/track/68EMU2RD1ECNeOeJ5qAXCV
167,2017-10-13,168,Flat,La Rompe Corazones,Daddy Yankee,565418,https://i.scdn.co/image/ab67616d00004851b84a36483e43bfbcb931fcde,https://open.spotify.com/track/4okba5wu9mMLXx79DXLKi3
168,2017-10-13,169,Down,Sign of the Times,Harry Styles,564821,https://i.scdn.co/image/ab67616d000048516c619c39c853f8b1d67b7859,https://open.spotify.com/track/5Ohxk2dO5COHF1krpoPigN
169,2017-10-13,170,Up,Me Llamas (feat. Maluma) - Remix,Piso 21,563252,https://i.scdn.co/image/ab67616d000048511e1eafb5d2bb1ca39d26f092,https://open.spotify.com/track/5hEM0JchdVzQ5PwvSfITeX
170,2017-10-13,171,Up,Bad and Boujee (feat. Lil Uzi Vert),Migos,561888,https://i.scdn.co/image/ab67616d0000485199a8ab6da9d593939302828a,https://open.spotify.com/track/4Km5HrUvYTaSUfiSGPJeQR
171,2017-10-13,172,Down,It's A Vibe,2 Chainz,560017,https://i.scdn.co/image/179288654e273e14d827a4aa76cf37115e139ca0,https://open.spotify.com/track/6H0AwSQ20mo62jGlPGB8S6
172,2017-10-13,173,Down,do re mi (feat. Gucci Mane),blackbear,558189,https://i.scdn.co/image/0204c2af4ad772fd738bbd661b300a4dec113e71,https://open.spotify.com/track/53mrVsi49rLHIaKBiSvElG
173,2017-10-13,174,Down,iSpy (feat. Lil Yachty),KYLE,557370,https://i.scdn.co/image/ab67616d0000485132e373f2988bc6596a542d1c,https://open.spotify.com/track/2EEeOnHehOozLq4aS0n6SL
174,2017-10-13,175,Down,Wonderwall - Remastered,Oasis,553629,https://i.scdn.co/image/ab67616d0000485185e5dcc05cc216a10f141480,https://open.spotify.com/track/5qqabIl2vWzo9ApSC317sa
175,2017-10-13,176,Up,Otra vez (feat. J Balvin),Zion & Lennox,551102,https://i.scdn.co/image/ab67616d0000485182eabf564ddc57325a84dd50,https://open.spotify.com/track/3QwBODjSEzelZyVjxPOHdq
176,2017-10-13,177,Down,Ahora Me Llama,KAROL G,548786,https://i.scdn.co/image/ab67616d000048511f8b5b79339712de8c904d63,https://open.spotify.com/track/61HHDBLqF3AmSvLfHKNGd2
177,2017-10-13,178,Down,I Just Can't,R3HAB,548466,https://i.scdn.co/image/ab67616d0000485111dfa62cf0fd8f5d07cf9e69,https://open.spotify.com/track/3gfmFoJgmn9LiIj5mV8oSS
178,2017-10-13,179,Down,Solo Dance,Martin Jensen,546589,https://i.scdn.co/image/ab67616d00004851950d67dbe3f31f1d9a5d06a2,https://open.spotify.com/track/6HUnnBwYZqcED1eQztxMBN
179,2017-10-13,180,New,For Now,P!nk,545476,https://i.scdn.co/image/ab67616d0000485100164c96548a622d34b39828,https://open.spotify.com/track/2kVIolfEUjIiYDEPZLTQHg
180,2017-10-13,181,Down,Paris,The Chainsmokers,544468,https://i.scdn.co/image/ab67616d000048510c13d3d5a503c84fcc60ae94,https://open.spotify.com/track/72jbDTw1piOOj770jWNeaG
181,2017-10-13,182,Down,Sigo Extrañándote,J Balvin,538435,https://i.scdn.co/image/ab67616d00004851338ffc4c72a192f06070546b,https://open.spotify.com/track/6qDF4wWL49CAVbgT7yuHl8
182,2017-10-13,183,Down,Let Me Love You,DJ Snake,537295,https://i.scdn.co/image/ab67616d000048515045de6786e0af096de73ed4,https://open.spotify.com/track/4pdPtRcBmOSQDlJ3Fk945m
183,2017-10-13,184,Down,Stay With Me,Sam Smith,528231,https://i.scdn.co/image/ab67616d000048514fb7193968e58e51c3db3ef4,https://open.spotify.com/track/5Db9VIdDsN5yu3Eu7CT0i4
184,2017-10-13,185,New,Whatever You Want,P!nk,527606,https://i.scdn.co/image/ab67616d0000485100164c96548a622d34b39828,https://open.spotify.com/track/4NbffevAm9frDOlBMDp0hl
185,2017-10-13,186,Down,Don't Let Me Down,The Chainsmokers,525127,https://i.scdn.co/image/ab67616d0000485108d87fb54859bc9038f7e5e0,https://open.spotify.com/track/0QsvXIfqM0zZoerQfsI9lm
186,2017-10-13,187,Down,Treat You Better,Shawn Mendes,523990,https://i.scdn.co/image/ab67616d00004851188e6332f32088921ab1eaf8,https://open.spotify.com/track/4Hf7WnR761jpxPr5D46Bcd
187,2017-10-13,188,Down,In the End,Linkin Park,523916,https://i.scdn.co/image/ab67616d00004851e2f039481babe23658fc719a,https://open.spotify.com/track/60a0Rd6pjrkxjPbaKzXjfq
188,2017-10-13,189,Down,Happier,Ed Sheeran,521438,https://i.scdn.co/image/ab67616d00004851ba5db46f4b838ef6027e6f96,https://open.spotify.com/track/2RttW7RAu5nOAfq6YFvApB
189,2017-10-13,190,Down,Me Enamoré,Shakira,521089,https://i.scdn.co/image/ab67616d00004851d05d3aad30c5fb7614893cf5,https://open.spotify.com/track/4qknM1pQz53QOyfDVTjcM9
190,2017-10-13,191,Up,Sauce It Up,Lil Uzi Vert,518814,https://i.scdn.co/image/ab67616d0000485141b41e6f7924e530a9b00f9c,https://open.spotify.com/track/1uL78kFWxhz3umTMWJu8n5
191,2017-10-13,192,Down,New Freezer (feat. Kendrick Lamar),Rich The Kid,516440,https://i.scdn.co/image/ab67616d0000485166bac14cf011715fbed67e58,https://open.spotify.com/track/4pYZLpX23Vx8rwDpJCpPTA
192,2017-10-13,193,Down,24K Magic,Bruno Mars,514284,https://i.scdn.co/image/ab67616d00004851232711f7d66a1e19e89e28c5,https://open.spotify.com/track/6b8Be6ljOzmkOmFslEb23P
193,2017-10-13,194,Down,The Scientist,Coldplay,510826,https://i.scdn.co/image/ab67616d00004851ad6f442ecac8735b9285a923,https://open.spotify.com/track/75JFxkI2RXiU7L9VXzMkle
194,2017-10-13,195,New,Enormous (feat. Ty Dolla $ign),Gucci Mane,508981,https://i.scdn.co/image/ab67616d00004851af7525e55333b110ff0f4e95,https://open.spotify.com/track/17HlhTU351nr8MncIGppDk
195,2017-10-13,196,Down,Signs,Drake,508354,https://i.scdn.co/image/ab67616d000048514d37373eef5fcb26802d8c18,https://open.spotify.com/track/5EnYT6F7wEcdege6mDHEfO
196,2017-10-13,197,Down,Crying in the Club,Camila Cabello,508248,https://i.scdn.co/image/ab67616d00004851cec62b81146fe4d116fbb2fa,https://open.spotify.com/track/1SJtlNRJDeYHioymcvsqev
197,2017-10-13,198,Down,Chantaje (feat. Maluma),Shakira,506471,https://i.scdn.co/image/ab67616d00004851d05d3aad30c5fb7614893cf5,https://open.spotify.com/track/6mICuAdrwEjh6Y6lroV2Kg
198,2017-10-13,199,Down,Starving,Hailee Steinfeld,505549,https://i.scdn.co/image/6fb734693d989252036e020be580d1eeb37a8f71,https://open.spotify.com/track/6875MeXyCW0wLyT72Eetmo
199,2017-10-13,200,Down,The Last Of The Real Ones,Fall Out Boy,502550,https://i.scdn.co/image/ab67616d00004851f1bc571a6e333961a1b65810,https://open.spotify.com/track/7cQMJ0wDqVS5iM0JIvP6Ay
