,Date,Position,Trend,Title,Artist,Streams,Icon_URL,Spotify_URL
0,2017-10-20,1,Flat,rockstar,Post Malone,7113735,https://i.scdn.co/image/ab67616d00004851345f823b6c1dbd3b4cc7b382,https://open.spotify.com/track/7wGoVu4Dady5GV0Sv4UIsx
1,2017-10-20,2,Flat,New Rules,Dua Lipa,3842719,https://i.scdn.co/image/ab67616d000048516b915e407b70e121e06fe979,https://open.spotify.com/track/2ekn2ttSfGqwhhate0LSR0
2,2017-10-20,3,Flat,Havana,Camila Cabello,3807680,https://i.scdn.co/image/ab67616d00004851d93cf4d07ba50d7b32ca7c44,https://open.spotify.com/track/0ofbQMrRDsUaVKq2mGLEAb
3,2017-10-20,4,Flat,Dusk Till Dawn - Radio Edit,ZAYN,3277783,https://i.scdn.co/image/ab67616d0000485123852b7ef0ecfe29d38d97ee,https://open.spotify.com/track/1j4kHkkpqZRBwE0A4CN4Yv
4,2017-10-20,5,Flat,Too Good At Goodbyes - Edit,Sam Smith,3144698,https://i.scdn.co/image/ab67616d000048510a5b25f2ae0690285b4b1508,https://open.spotify.com/track/0mel2N9Ws9r4yLQn5QE21Y
5,2017-10-20,6,Flat,1-800-273-8255,Logic,3055441,https://i.scdn.co/image/08f9ccb7875a87c07c79c1ccd5319263786c55ea,https://open.spotify.com/track/5tz69p7tJuGPeMGwNTxYuV
6,2017-10-20,7,New,Gorgeous,Taylor Swift,3030858,https://i.scdn.co/image/ab67616d00004851c2bad17b370e8dc07701c8ff,https://open.spotify.com/track/0CLnkxpa3M4eA3HeGaERat
7,2017-10-20,8,Down,What Lovers Do (feat. SZA),Maroon 5,3024336,https://i.scdn.co/image/ab67616d000048513c5e0b163d55ef4e27f60689,https://open.spotify.com/track/4mxWSdf71VFO52qFeY0fZt
8,2017-10-20,9,Down,Perfect,Ed Sheeran,2933055,https://i.scdn.co/image/ab67616d00004851ba5db46f4b838ef6027e6f96,https://open.spotify.com/track/0tgVpDi06FyKpA1z0VMD4v
9,2017-10-20,10,Down,Silence,Marshmello,2855328,https://i.scdn.co/image/ab67616d00004851f33ba583059dc2f7d08bf2b8,https://open.spotify.com/track/7vGuf3Y35N4wmASOKLUVVU
10,2017-10-20,11,Flat,Mi Gente,J Balvin,2523990,https://i.scdn.co/image/ab67616d00004851996bd1ea86bd3815eedfeef5,https://open.spotify.com/track/2rb5MvYT7ZIxbKW5hfcHx8
11,2017-10-20,12,Down,I Fall Apart,Post Malone,2465111,https://i.scdn.co/image/23bae95100dcb6ac8f88c19fa2a11c50a998a926,https://open.spotify.com/track/75ZvA4QfFiZvzhj2xkaWAh
12,2017-10-20,13,Down,Young Dumb & Broke,Khalid,2357948,https://i.scdn.co/image/ab67616d00004851988ede5e1276e758b5f9e577,https://open.spotify.com/track/5Z3GHaZ6ec9bsiI5BenrbY
13,2017-10-20,14,Down,Sorry Not Sorry,Demi Lovato,2314268,https://i.scdn.co/image/ab67616d00004851ec9c72308e30e7aa1d22b37d,https://open.spotify.com/track/3m660poUr1chesgkkjQM7P
14,2017-10-20,15,Up,Unforgettable,French Montana,2256830,https://i.scdn.co/image/ab67616d000048518a31195a371b2233456f6c07,https://open.spotify.com/track/3B54sVLJ402zGa6Xm4YGNe
15,2017-10-20,16,Down,Glorious (feat. Skylar Grey),Macklemore,2248570,https://i.scdn.co/image/ab67616d000048512e94b668c60b06deb1c3a05c,https://open.spotify.com/track/0CokSRCu5hZgPxcZBaEzVE
16,2017-10-20,17,Up,Look What You Made Me Do,Taylor Swift,2207550,https://i.scdn.co/image/ab67616d00004851e3953b884e6b0bd31933d4e0,https://open.spotify.com/track/6uFsE1JgZ20EXyU0JQZbUR
17,2017-10-20,18,Down,Let You Down,NF,2203587,https://i.scdn.co/image/ab67616d0000485139e85b6ae069d1e25bbc89df,https://open.spotify.com/track/6mrKP2jyIQmM0rw6fQryjr
18,2017-10-20,19,Up,Shape of You,Ed Sheeran,2192560,https://i.scdn.co/image/ab67616d00004851ba5db46f4b838ef6027e6f96,https://open.spotify.com/track/7qiZfU4dY1lWllzX7mPBI3
19,2017-10-20,20,Down,Thunder,Imagine Dragons,2162485,https://i.scdn.co/image/ab67616d000048517956bd9a3d7a15e4c2e37cc6,https://open.spotify.com/track/0tKcYR2II1VCQWT79i5NrW
20,2017-10-20,21,Down,Feel It Still,Portugal. The Man,2138241,https://i.scdn.co/image/ab67616d00004851af52c228c9619ff6298b08cd,https://open.spotify.com/track/6QgjcU0zLnzq5OrUoSZ3OK
21,2017-10-20,22,Up,Bank Account,21 Savage,2072670,https://i.scdn.co/image/ab67616d00004851ac3c0aecec76cd7b5a54795e,https://open.spotify.com/track/2fQrGHiQOvpL9UgPvtYy6G
22,2017-10-20,23,Flat,XO Tour Llif3,Lil Uzi Vert,2054222,https://i.scdn.co/image/ab67616d0000485141b41e6f7924e530a9b00f9c,https://open.spotify.com/track/7GX5flRQZVHRAGd6B4TmDO
23,2017-10-20,24,Down,Friends (with BloodPop®),Justin Bieber,2037589,https://i.scdn.co/image/ab67616d00004851302806b2c89a0f7a24b4922c,https://open.spotify.com/track/7nZmah2llfvLDiUjm0kiyz
24,2017-10-20,25,Down,What About Us,P!nk,1980526,https://i.scdn.co/image/ab67616d0000485100164c96548a622d34b39828,https://open.spotify.com/track/0Qh38w01QRXK6KHIv0e3hb
25,2017-10-20,26,Down,Stargazing,Kygo,1964508,https://i.scdn.co/image/ab67616d00004851a333559091297eda04eba27c,https://open.spotify.com/track/0Zbbxnx4SGGHoIow4PpISP
26,2017-10-20,27,Down,Gucci Gang,Lil Pump,1938302,https://i.scdn.co/image/ab67616d00004851d52ef190ae5253eb2c3c764c,https://open.spotify.com/track/43ZyHQITOjhciSUUNPVRHc
27,2017-10-20,28,Down,Mi Gente (feat. Beyoncé),J Balvin,1924099,https://i.scdn.co/image/ab67616d00004851aa2bdbc1911b520d425af85e,https://open.spotify.com/track/7fwXWKdDNI5IutOMc5OKYw
28,2017-10-20,29,Down,Congratulations,Post Malone,1898234,https://i.scdn.co/image/23bae95100dcb6ac8f88c19fa2a11c50a998a926,https://open.spotify.com/track/3a1lNhkSLSkpJE4MSHpDu9
29,2017-10-20,30,Down,Bodak Yellow,Cardi B,1860867,https://i.scdn.co/image/ab67616d0000485162a2dedc55a38a0fca0a17b0,https://open.spotify.com/track/2771LMNxwf62FTAdpJMQfM
30,2017-10-20,31,Down,Attention,Charlie Puth,1772891,https://i.scdn.co/image/ab67616d00004851db21a273452f0637cdbc35aa,https://open.spotify.com/track/4iLqG9SeJSnt0cSPICSjxv
31,2017-10-20,32,Up,Me Rehúso,Danny Ocean,1734858,https://i.scdn.co/image/ab67616d00004851a75bd33684083600569dd3bf,https://open.spotify.com/track/6De0lHrwBfPfrhorm9q1Xl
32,2017-10-20,33,Down,Lonely Together (feat. Rita Ora),Avicii,1713083,https://i.scdn.co/image/241ee98f30f1a0066a26890586952e393a473b0d,https://open.spotify.com/track/2OALaHcDdKkjYEpAr0Qzab
33,2017-10-20,34,Down,Jocelyn Flores,XXXTENTACION,1686380,https://i.scdn.co/image/ab67616d00004851203c89bd4391468eea4cc3f5,https://open.spotify.com/track/7m9OqQk4RVRkw9JJdeAw96
34,2017-10-20,35,Up,Se Preparó,Ozuna,1657738,https://i.scdn.co/image/ab67616d00004851b0a875d7f1bfe4ec4aaffa48,https://open.spotify.com/track/1m69ELEgE6k5ZWsap40ozt
35,2017-10-20,36,Down,Feels,Calvin Harris,1637565,https://i.scdn.co/image/ab67616d000048514d3fa5ce7ba599f4fd7803ef,https://open.spotify.com/track/5bcTCxgc7xVfSaMV3RuVke
36,2017-10-20,37,Up,More Than You Know,Axwell /\ Ingrosso,1608529,https://i.scdn.co/image/ab67616d00004851cb442ec337da75fb09cc3981,https://open.spotify.com/track/3PEgB3fkiojxms35ntsTgs
37,2017-10-20,38,Down,How Long,Charlie Puth,1601064,https://i.scdn.co/image/ab67616d00004851872353e715cccea67fe3de91,https://open.spotify.com/track/32DGGj6KlNuBr6WaqRxpxi
38,2017-10-20,39,Up,Criminal,Natti Natasha,1567606,https://i.scdn.co/image/ab67616d00004851ff16b23d53ff793a64ec2138,https://open.spotify.com/track/2SmgFAhQkQCQPyBiBxR6Te
39,2017-10-20,40,Down,HUMBLE.,Kendrick Lamar,1562520,https://i.scdn.co/image/ae1f239b41e9604a66eb900834c6887cd2f62ff1,https://open.spotify.com/track/7KXjTSCq5nL1LoYtL7XAwS
40,2017-10-20,41,Up,Mayores,Becky G,1556947,https://i.scdn.co/image/ab67616d00004851b5983d639fd953deb3c99848,https://open.spotify.com/track/7JNh1cfm0eXjqFVOzKLyau
41,2017-10-20,42,Down,"Let Me Go (with Alesso, Florida Georgia Line & watt)",Hailee Steinfeld,1532889,https://i.scdn.co/image/ab67616d00004851dbdc892395413def043e0655,https://open.spotify.com/track/5AEtlRudpgdT5FtNiuly6Y
42,2017-10-20,43,Down,Without You (feat. Sandro Cavazza),Avicii,1532484,https://i.scdn.co/image/ab67616d0000485130800bfbfff51ddb031d9bd7,https://open.spotify.com/track/6WbADFqMvR8N5u0BvtsWQE
43,2017-10-20,44,New,Kids in Love,Kygo,1520759,https://i.scdn.co/image/ab67616d00004851f38599a0ff97f48509968cda,https://open.spotify.com/track/2UxfcZJCphbEkfbZ6nLiDx
44,2017-10-20,45,Up,Too Much To Ask,Niall Horan,1496218,https://i.scdn.co/image/ab67616d0000485194fde6afa9cbf073e5b6445a,https://open.spotify.com/track/4v094LQ9eF10k2O2Te2ngK
45,2017-10-20,46,Up,Despacito - Remix,Luis Fonsi,1464202,https://i.scdn.co/image/ab67616d00004851d8559d0280ffe2a2af6dacdf,https://open.spotify.com/track/5CtI0qwDJkDQGwXD1H1cLb
46,2017-10-20,47,Down,I Like Me Better,Lauv,1459928,https://i.scdn.co/image/ab67616d00004851fab48816b625e2a77a732400,https://open.spotify.com/track/1wjzFQodRWrPcQ0AnYnvQ9
47,2017-10-20,48,Down,I Get The Bag (feat. Migos),Gucci Mane,1459804,https://i.scdn.co/image/ab67616d00004851af7525e55333b110ff0f4e95,https://open.spotify.com/track/1XRgIKC5TPwo7nWGyKqgG0
48,2017-10-20,49,Down,Wild Thoughts (feat. Rihanna & Bryson Tiller),DJ Khaled,1421775,https://i.scdn.co/image/ab67616d00004851dcb6a73da1e7f293b875f69c,https://open.spotify.com/track/1OAh8uOEOvTDqkKFsKksCi
49,2017-10-20,50,Down,There's Nothing Holdin' Me Back,Shawn Mendes,1403154,https://i.scdn.co/image/ab67616d00004851f9cbd0c07513a7232cd6b9a7,https://open.spotify.com/track/79cuOz3SPQTuFrp8WgftAu
50,2017-10-20,51,Down,Back to You (feat. Bebe Rexha & Digital Farm Animals),Louis Tomlinson,1364262,https://i.scdn.co/image/ab67616d00004851327d7ffa53a268bf7411c28b,https://open.spotify.com/track/7F9vK8hNFMml4GtHsaXui6
51,2017-10-20,52,Down,Strip That Down,Liam Payne,1362999,https://i.scdn.co/image/ab67616d00004851ec1abb2ba5e210e826161111,https://open.spotify.com/track/6EpRaXYhGOB3fj4V2uDkMJ
52,2017-10-20,53,Down,Mama,Jonas Blue,1361655,https://i.scdn.co/image/14891cf71e2287163c137e90074783ba5cdd4ff4,https://open.spotify.com/track/0NiXXAI876aGImAd6rTj8w
53,2017-10-20,54,Up,Slow Hands,Niall Horan,1300527,https://i.scdn.co/image/ab67616d0000485194fde6afa9cbf073e5b6445a,https://open.spotify.com/track/38yBBH2jacvDxrznF7h08J
54,2017-10-20,55,New,Bedroom Floor,Liam Payne,1249337,https://i.scdn.co/image/ab67616d00004851cf0dd4aa0fcfdacdb3099a3d,https://open.spotify.com/track/1pZdegOXTZ2ftINo3oUuRZ
55,2017-10-20,56,Up,Bonita,J Balvin,1230843,https://i.scdn.co/image/ab67616d0000485148f3fc1d4f0fed414418e041,https://open.spotify.com/track/693iqPOQvhI7PobtR8CC8v
56,2017-10-20,57,Down,Felices los 4,Maluma,1226643,https://i.scdn.co/image/ab67616d00004851d9732b592276542ecafa6c6d,https://open.spotify.com/track/0qYTZCo5Bwh1nsUFGZP3zn
57,2017-10-20,58,Down,Believer,Imagine Dragons,1225557,https://i.scdn.co/image/ab67616d000048517956bd9a3d7a15e4c2e37cc6,https://open.spotify.com/track/0CcQNd8CINkwQfe1RDtGV6
58,2017-10-20,59,Down,Go Flex,Post Malone,1211882,https://i.scdn.co/image/23bae95100dcb6ac8f88c19fa2a11c50a998a926,https://open.spotify.com/track/5yuShbu70mtHXY0yLzCQLQ
59,2017-10-20,60,Down,Something Just Like This,The Chainsmokers,1195544,https://i.scdn.co/image/ab67616d000048510c13d3d5a503c84fcc60ae94,https://open.spotify.com/track/6RUKPb4LETWmmr3iAEQktW
60,2017-10-20,61,Down,BUTTERFLY EFFECT,Travis Scott,1188217,https://i.scdn.co/image/ab67616d00004851b5e9358d0d07114609d9afab,https://open.spotify.com/track/1yxgsra98r3qAtxqiGZPiX
61,2017-10-20,62,Down,The Way Life Goes (feat. Oh Wonder),Lil Uzi Vert,1185390,https://i.scdn.co/image/ab67616d0000485141b41e6f7924e530a9b00f9c,https://open.spotify.com/track/2eAZfqOm4EnOF9VvN50Tyc
62,2017-10-20,63,Down,Báilame - Remix,Nacho,1172102,https://i.scdn.co/image/ab67616d00004851473f54a79eb118bdfa668aa2,https://open.spotify.com/track/3VClLWqNn80Llv0PJOsKgr
63,2017-10-20,64,Down,Plain Jane,A$AP Ferg,1144374,https://i.scdn.co/image/ab67616d00004851d79cfa3155b50beb5dbeeb9a,https://open.spotify.com/track/4dVpf9jZjcORqGTLUaeYj9
64,2017-10-20,65,Down,Escápate Conmigo,Wisin,1113800,https://i.scdn.co/image/ab67616d000048512b02904e5404ad6069c16a4f,https://open.spotify.com/track/2cnKEkpVUSV4wnjQiTWfH6
65,2017-10-20,66,Down,"Homemade Dynamite (Feat. Khalid, Post Malone & SZA) - REMIX",Lorde,1113761,https://i.scdn.co/image/ab67616d000048518d4698702de262d387fa3bc9,https://open.spotify.com/track/69Naniu2KjKjaQOBUagE8U
66,2017-10-20,67,Down,Reggaetón Lento (Remix),CNCO,1102347,https://i.scdn.co/image/ab67616d00004851c4c45bf90052845efd2a597d,https://open.spotify.com/track/3zoYkqS4y2BsGVShPL2nTE
67,2017-10-20,68,Down,Que Va,Alex Sensation,1097411,https://i.scdn.co/image/ab67616d00004851571f364389a9436e4ff8a362,https://open.spotify.com/track/7ofxPmTNMj2GP07g1VZa0O
68,2017-10-20,69,New,Patek Water,Future,1085707,https://i.scdn.co/image/ab67616d000048515998097d9467eccb3e99b8c1,https://open.spotify.com/track/7r6LNJT2LqpLpEyZQJPygt
69,2017-10-20,70,Up,Perro Fiel (feat. Nicky Jam),Shakira,1051392,https://i.scdn.co/image/ab67616d00004851d05d3aad30c5fb7614893cf5,https://open.spotify.com/track/70lnL3QaSOIIyMa2X9aVRL
70,2017-10-20,71,Down,Robarte un Beso,Carlos Vives,1035437,https://i.scdn.co/image/ab67616d0000485126f611d8f55ec6cecb29192e,https://open.spotify.com/track/4z3GJkrtH97Bj6fRta983T
71,2017-10-20,72,Down,Good Old Days (feat. Kesha),Macklemore,1020656,https://i.scdn.co/image/ab67616d000048512e94b668c60b06deb1c3a05c,https://open.spotify.com/track/2Za1AlJNvksouPPWbXpR2X
72,2017-10-20,73,Down,"I'm the One (feat. Justin Bieber, Quavo, Chance the Rapper & Lil Wayne)",DJ Khaled,1005109,https://i.scdn.co/image/ab67616d00004851dcb6a73da1e7f293b875f69c,https://open.spotify.com/track/3DXncPQOG4VBw3QHh3S817
73,2017-10-20,74,Down,Bad At Love,Halsey,1001218,https://i.scdn.co/image/d5bb421dbecbba7c6904eb67672f3cd25cf54c23,https://open.spotify.com/track/7y9iMe8SOB6z3NoHE2OfXl
74,2017-10-20,75,Down,goosebumps,Travis Scott,997954,https://i.scdn.co/image/ab67616d00004851f54b99bf27cda88f4a7403ce,https://open.spotify.com/track/6gBFPUFcJLzWGx4lenP6h2
75,2017-10-20,76,Down,Location,Khalid,985518,https://i.scdn.co/image/ab67616d00004851988ede5e1276e758b5f9e577,https://open.spotify.com/track/152lZdxL1OR0ZMW6KquMif
76,2017-10-20,77,Down,Questions,Chris Brown,984509,https://i.scdn.co/image/ab67616d00004851df5b4bb2ee00999c60ce05b7,https://open.spotify.com/track/5XQMr19TL7Mfksq9zihbOu
77,2017-10-20,78,Down,Una Lady Como Tú,Manuel Turizo,977745,https://i.scdn.co/image/ab67616d00004851f9dc35bc367fcf98e763d27e,https://open.spotify.com/track/7MHN1aCFtLXjownGhvEQlF
78,2017-10-20,79,Down,Meant to Be (feat. Florida Georgia Line),Bebe Rexha,976607,https://i.scdn.co/image/ab67616d000048511ba5682505dd6e2592b16e41,https://open.spotify.com/track/7iDa6hUg2VgEL1o1HjmfBn
79,2017-10-20,80,Up,Despacito (Featuring Daddy Yankee),Luis Fonsi,964477,https://i.scdn.co/image/ab67616d00004851a5971936e3b8d91f8b616b17,https://open.spotify.com/track/4aWmUDTfIPGksMNLV2rQP2
80,2017-10-20,81,Up,Suena El Dembow,Joey Montana,961386,https://i.scdn.co/image/ab67616d00004851c8185c654dc0409609c5eb31,https://open.spotify.com/track/5TysCiZtv1HnSWcTcUFusI
81,2017-10-20,82,New,Whiskey (feat. A$AP Rocky),Maroon 5,943711,https://i.scdn.co/image/ab67616d0000485195dc394f433f871b65f073f7,https://open.spotify.com/track/4OEOEsOhlzDqQuewiuPJAc
82,2017-10-20,83,Down,2U (feat. Justin Bieber),David Guetta,934128,https://i.scdn.co/image/ab67616d0000485145c5570d4a66346d8f683913,https://open.spotify.com/track/3A7qX2QjDlPnazUsRk5y0M
83,2017-10-20,84,Down,Swalla (feat. Nicki Minaj & Ty Dolla $ign),Jason Derulo,925935,https://i.scdn.co/image/ab67616d000048519d6522bee68370fa5592301d,https://open.spotify.com/track/6kex4EBAj0WHXDKZMEJaaF
84,2017-10-20,85,Down,A Different Way (with Lauv),DJ Snake,917620,https://i.scdn.co/image/ab67616d00004851506d86a3034de7bc2af6cb84,https://open.spotify.com/track/0Wv5wuenRLI3BcwgT3HPIP
85,2017-10-20,86,Down,Roll In Peace (feat. XXXTENTACION),Kodak Black,899391,https://i.scdn.co/image/ab67616d00004851583ce93dc89d84218f233ea7,https://open.spotify.com/track/40oKW22ZNNkEdZLJTScaQI
86,2017-10-20,87,Flat,Ahora Dice,Chris Jeday,884233,https://i.scdn.co/image/ab67616d000048513a142c7e7fc7863dc1a256ed,https://open.spotify.com/track/22eADXu8DfOAUEDw4vU8qy
87,2017-10-20,88,New,Anywhere,Rita Ora,883220,https://i.scdn.co/image/ab67616d000048517a642f7a662f4c94683ac038,https://open.spotify.com/track/7EI6Iki24tBHAMxtb4xQN2
88,2017-10-20,89,Down,Say You Won't Let Go,James Arthur,877673,https://i.scdn.co/image/ab67616d0000485120beb61f61fcbeb33b10a9ab,https://open.spotify.com/track/5uCax9HTNlzGybIStD3vDh
89,2017-10-20,90,Down,Your Song,Rita Ora,875041,https://i.scdn.co/image/ab67616d00004851528e7f2b6eda1b2a20ccfb1f,https://open.spotify.com/track/4c2W3VKsOFoIg2SFaO6DY5
90,2017-10-20,91,Down,Pray,Sam Smith,869304,https://i.scdn.co/image/ab67616d00004851a9bb0c310bd8ec96dd848d9a,https://open.spotify.com/track/0D8ZpOXVjapLXrjz5VfZSD
91,2017-10-20,92,Down,Fuck Love (feat. Trippie Redd),XXXTENTACION,851188,https://i.scdn.co/image/ab67616d00004851203c89bd4391468eea4cc3f5,https://open.spotify.com/track/7AQim7LbvFVZJE3O8TYgf2
92,2017-10-20,93,Down,Mask Off,Future,848673,https://i.scdn.co/image/ab67616d00004851356884f85665ebdd79223fdf,https://open.spotify.com/track/3rOSwuTsUlJp0Pu0MkN8r8
93,2017-10-20,94,Down,Symphony (feat. Zara Larsson),Clean Bandit,848272,https://i.scdn.co/image/ab67616d000048515b1130d050c4cd2295999d85,https://open.spotify.com/track/1x5sYLZiu9r5E43kMlt9f8
94,2017-10-20,95,Down,If I'm Lucky,Jason Derulo,841517,https://i.scdn.co/image/ab67616d000048513d4b1b9e8a5863294562d76b,https://open.spotify.com/track/6eUncuJutsFi9BGO1JaBHh
95,2017-10-20,96,Down,Tú Foto,Ozuna,836970,https://i.scdn.co/image/ab67616d00004851b0a875d7f1bfe4ec4aaffa48,https://open.spotify.com/track/5zSOVwaY3sVjnmLhuEfsuf
96,2017-10-20,97,Down,Slippery (feat. Gucci Mane),Migos,834062,https://i.scdn.co/image/ab67616d0000485199a8ab6da9d593939302828a,https://open.spotify.com/track/6p8NuHm8uCGnn2Dtbtf7zE
97,2017-10-20,98,Down,It Ain't Me (with Selena Gomez),Kygo,823905,https://i.scdn.co/image/ab67616d0000485141f289940f2e6a0d51988d77,https://open.spotify.com/track/3eR23VReFzcdmS7TYCrhCe
98,2017-10-20,99,New,On The Loose,Niall Horan,818969,https://i.scdn.co/image/ab67616d0000485194fde6afa9cbf073e5b6445a,https://open.spotify.com/track/4kVo85bcmBkvMBcJl42XCA
99,2017-10-20,100,Down,That's What I Like,Bruno Mars,818815,https://i.scdn.co/image/ab67616d00004851232711f7d66a1e19e89e28c5,https://open.spotify.com/track/0KKkJNfGyhkQ5aFogxQAPU
100,2017-10-20,101,Down,...Ready For It?,Taylor Swift,810399,https://i.scdn.co/image/ab67616d000048516d8d80daf86adc5dcf8a80bc,https://open.spotify.com/track/19WjVVgXjdKXfLXoaDPwTM
101,2017-10-20,102,Down,Galway Girl,Ed Sheeran,806317,https://i.scdn.co/image/ab67616d00004851ba5db46f4b838ef6027e6f96,https://open.spotify.com/track/0afhq8XCExXpqazXczTSve
102,2017-10-20,103,New,This Town,Niall Horan,801864,https://i.scdn.co/image/ab67616d0000485194fde6afa9cbf073e5b6445a,https://open.spotify.com/track/3UwT4FadEGWyMdaSwYcUBY
103,2017-10-20,104,New,Seeing Blind,Niall Horan,796634,https://i.scdn.co/image/ab67616d0000485194fde6afa9cbf073e5b6445a,https://open.spotify.com/track/1CxLWO9XW1aK4yv7zViVdn
104,2017-10-20,105,Down,White Iverson,Post Malone,780471,https://i.scdn.co/image/23bae95100dcb6ac8f88c19fa2a11c50a998a926,https://open.spotify.com/track/6eT7xZZlB2mwyzJ2sUKG6w
105,2017-10-20,106,Down,Explícale (feat. Bad Bunny),Yandel,778443,https://i.scdn.co/image/ab67616d00004851b54d1c695daae20467312eb3,https://open.spotify.com/track/1LszjjoVwDDZcWUQbzeDLG
106,2017-10-20,107,Down,Feels Great (feat. Fetty Wap & CVBZ),Cheat Codes,774606,https://i.scdn.co/image/ab67616d00004851418fb4daf285608ca79cd7b7,https://open.spotify.com/track/5uu28fUesZMl89lf9CLrgN
107,2017-10-20,108,Up,No Limit,G-Eazy,764177,https://i.scdn.co/image/ab67616d0000485130e1314399055d25579f7ae3,https://open.spotify.com/track/2Xqd0wUttjueBfdcltADOv
108,2017-10-20,109,Down,Closer,The Chainsmokers,763962,https://i.scdn.co/image/ab67616d00004851495ce6da9aeb159e94eaa453,https://open.spotify.com/track/7BKLCZ1jbUBVqRi2FVlTVw
109,2017-10-20,110,New,No Cap,Future,762728,https://i.scdn.co/image/ab67616d000048515998097d9467eccb3e99b8c1,https://open.spotify.com/track/06Gyf2pFDVmN5K8XAawG96
110,2017-10-20,111,Up,Vuelve,Daddy Yankee,762182,https://i.scdn.co/image/ab67616d0000485127fd276f720970c987695b55,https://open.spotify.com/track/0lJCqIx5BhZtf6QtYI2fbv
111,2017-10-20,112,Up,Was du Liebe nennst,Bausa,762149,https://i.scdn.co/image/ab67616d000048514eab5afad0bdfd43418f727b,https://open.spotify.com/track/4hKWUzhQWsOkgT6LnDEASe
112,2017-10-20,113,Down,There for You,Martin Garrix,759021,https://i.scdn.co/image/ab67616d0000485172c57da7edfe8e915182cdd4,https://open.spotify.com/track/6jA8HL9i4QGzsj6fjoxp8Y
113,2017-10-20,114,Down,Drowning (feat. Kodak Black),A Boogie Wit da Hoodie,754849,https://i.scdn.co/image/ab67616d00004851cdba7ee22968991250725ce1,https://open.spotify.com/track/1f5cbQtDrykjarZVrShaDI
114,2017-10-20,115,Down,No Promises (feat. Demi Lovato),Cheat Codes,748822,https://i.scdn.co/image/ab67616d00004851e74ecdb2f1316c8f026970a8,https://open.spotify.com/track/1louJpMmzEicAn7lzDalPW
115,2017-10-20,116,Down,Hey DJ,CNCO,747483,https://i.scdn.co/image/ab67616d000048514358c8856d3acc00ca6c3578,https://open.spotify.com/track/209gZgcfLq2aUuu51vOWBl
116,2017-10-20,117,Up,Candy Paint,Post Malone,746676,https://i.scdn.co/image/ab67616d00004851f4cf733901e8cb180438787f,https://open.spotify.com/track/6VFMGKuYTlaYgbhvILfbc7
117,2017-10-20,118,Down,Pretty Girl - Cheat Codes X CADE Remix,Maggie Lindemann,742794,https://i.scdn.co/image/ab67616d000048517c7436e1b6273be0e7bc1a84,https://open.spotify.com/track/1NDxZ7cFAo481dtYWdrUnR
118,2017-10-20,119,Down,Rake It Up,Yo Gotti,739218,https://i.scdn.co/image/ab67616d00004851dc371ef9c9ad4c33b3fc130a,https://open.spotify.com/track/6c7D34787LOtPm8tzhsLgH
119,2017-10-20,120,Down,El Farsante,Ozuna,735945,https://i.scdn.co/image/ab67616d00004851b0a875d7f1bfe4ec4aaffa48,https://open.spotify.com/track/5EId1m4DNwTf3at31w8bPJ
120,2017-10-20,121,Down,Stay (with Alessia Cara),Zedd,731209,https://i.scdn.co/image/ab67616d0000485191a70f95efc3400f696e89cc,https://open.spotify.com/track/0dA2Mk56wEzDgegdC6R17g
121,2017-10-20,122,Down,"I Don’t Wanna Live Forever (Fifty Shades Darker) - From ""Fifty Shades Darker (Original Motion Picture Soundtrack)""",ZAYN,725515,https://i.scdn.co/image/ab67616d000048512ae921f082ae5db4d3da818f,https://open.spotify.com/track/3NdDpSvN911VPGivFlV5d0
122,2017-10-20,123,Down,Redbone,Childish Gambino,722669,https://i.scdn.co/image/ab67616d000048510b97e56ffad7c6211aa848f8,https://open.spotify.com/track/3kxfsdsCpFgN412fpnW85Y
123,2017-10-20,124,Down,Bella y Sensual,Romeo Santos,716036,https://i.scdn.co/image/ab67616d00004851827d0777f8cccdf5b7481442,https://open.spotify.com/track/0ERbK7qVqveCaBWIiYCrl3
124,2017-10-20,125,Down,Transportin',Kodak Black,710474,https://i.scdn.co/image/ab67616d00004851583ce93dc89d84218f233ea7,https://open.spotify.com/track/1WIZiOuNO3woKfdlSK2gNn
125,2017-10-20,126,Down,3 A.M.,Jesse & Joy,708830,https://i.scdn.co/image/ab67616d000048510d747598f6e8df40f5671e0c,https://open.spotify.com/track/0yyZN5ASdrYu0XYWFzfxUu
126,2017-10-20,127,Down,DNA.,Kendrick Lamar,698462,https://i.scdn.co/image/ae1f239b41e9604a66eb900834c6887cd2f62ff1,https://open.spotify.com/track/6HZILIRieu8S0iqY8kIKhj
127,2017-10-20,128,Down,OK - Spotify Version,Robin Schulz,690187,https://i.scdn.co/image/ab67616d000048517fd57367322c558ca19c9ed8,https://open.spotify.com/track/3bWAqKDWg6u1davspr5IkS
128,2017-10-20,129,Down,Starboy,The Weeknd,689684,https://i.scdn.co/image/ab67616d000048510c8599cbde51245c128bcea9,https://open.spotify.com/track/5aAx2yezTd8zXrkmtKl66Z
129,2017-10-20,130,Down,Issues,Julia Michaels,681936,https://i.scdn.co/image/ab67616d00004851eab8691768189c70635820e8,https://open.spotify.com/track/6D0b04NJIKfEMg040WioJQ
130,2017-10-20,131,Down,Love Galore (feat. Travis Scott),SZA,673984,https://i.scdn.co/image/ab67616d000048514c79d5ec52a6d0302f3add25,https://open.spotify.com/track/0q75NwOoFiARAVp4EXU4Bs
131,2017-10-20,132,Down,Everybody Dies In Their Nightmares,XXXTENTACION,669714,https://i.scdn.co/image/ab67616d00004851203c89bd4391468eea4cc3f5,https://open.spotify.com/track/3GVkPk8mqxz0itaAriG1L7
132,2017-10-20,133,Down,One Dance,Drake,666594,https://i.scdn.co/image/ab67616d00004851726abca207567d5e41cb9667,https://open.spotify.com/track/1xznGGDReH1oQq0xzbwXa3
133,2017-10-20,134,New,Feed Me Dope,Future,665805,https://i.scdn.co/image/ab67616d000048515998097d9467eccb3e99b8c1,https://open.spotify.com/track/3lyeSiAIdLoZUHhV8psOTI
134,2017-10-20,135,Down,Krippy Kush,Farruko,662348,https://i.scdn.co/image/ab67616d00004851f5f4d2ea789691a700a66b97,https://open.spotify.com/track/7FfpP3YZ6fOWMdxkIAtud9
135,2017-10-20,136,Down,Thinking out Loud,Ed Sheeran,657672,https://i.scdn.co/image/ab67616d00004851d08209944468440145f01524,https://open.spotify.com/track/1Slwb6dOYkBlWal1PGtnNg
136,2017-10-20,137,Down,Photograph,Ed Sheeran,657600,https://i.scdn.co/image/ab67616d00004851d08209944468440145f01524,https://open.spotify.com/track/6fxVffaTuwjgEk5h9QyRjy
137,2017-10-20,138,Down,Help Me Out (with Julia Michaels),Maroon 5,648985,https://i.scdn.co/image/ab67616d00004851fe33f1927dfd05bacdf1944c,https://open.spotify.com/track/2uSLx5uwRIhiA3sJJraNqX
138,2017-10-20,139,Flat,Sauce It Up,Lil Uzi Vert,637342,https://i.scdn.co/image/ab67616d0000485141b41e6f7924e530a9b00f9c,https://open.spotify.com/track/1uL78kFWxhz3umTMWJu8n5
139,2017-10-20,140,Up,Mr. Brightside,The Killers,637074,https://i.scdn.co/image/7d778100d0160184d61981dc8aa666ee6fec0151,https://open.spotify.com/track/7oK9VyNzrYvRFo7nQEYkWN
140,2017-10-20,141,Up,Loco Enamorado,Abraham Mateo,635335,https://i.scdn.co/image/ab67616d00004851c7c9cff204bc6b4a3e36e42d,https://open.spotify.com/track/4N1c5rmWOzRmB9SMacr5wB
141,2017-10-20,142,Down,Look At Me!,XXXTENTACION,634352,https://i.scdn.co/image/ab67616d0000485171af28545729f60b3eca66f7,https://open.spotify.com/track/7floNISpH8VF4z4459Qo18
142,2017-10-20,143,Down,Como Antes (feat. Wisin),Yandel,633883,https://i.scdn.co/image/ab67616d00004851b54d1c695daae20467312eb3,https://open.spotify.com/track/5YzA563GXTuwQaRq24z1k5
143,2017-10-20,144,New,Flicker,Niall Horan,633030,https://i.scdn.co/image/ab67616d0000485194fde6afa9cbf073e5b6445a,https://open.spotify.com/track/5lsRkYiIerlfXMMrl4zkJG
144,2017-10-20,145,Down,Passionfruit,Drake,631937,https://i.scdn.co/image/ab67616d000048515ea859dc94365abd9fd84fd6,https://open.spotify.com/track/7hDc8b7IXETo14hHIHdnhd
145,2017-10-20,146,Down,Swish Swish,Katy Perry,629836,https://i.scdn.co/image/ab67616d000048511487979a7e0181a5d0406d1a,https://open.spotify.com/track/2kVHAQKVtczchKctctzbtK
146,2017-10-20,147,Down,Scared to Be Lonely,Martin Garrix,629515,https://i.scdn.co/image/ab67616d0000485164f8a309aa3c0a66a31fc374,https://open.spotify.com/track/3ebXMykcMXOcLeJ9xZ17XH
147,2017-10-20,148,Down,I Feel It Coming,The Weeknd,629001,https://i.scdn.co/image/b3683184efeb899b2d1a02f4957d0c630dc10b0b,https://open.spotify.com/track/5GXAXm5YOmYT0kL5jHvYBt
148,2017-10-20,149,Down,Rich Love (with Seeb),OneRepublic,627291,https://i.scdn.co/image/ab67616d000048516f2fa4c6cd6653d8d770a415,https://open.spotify.com/track/7aF09WaavZAmAWuUeYxlYD
149,2017-10-20,150,Down,Rockabye (feat. Sean Paul & Anne-Marie),Clean Bandit,623568,https://i.scdn.co/image/ab67616d000048511431c3bdf16aa99f71799d95,https://open.spotify.com/track/5knuzwU65gJK7IF5yJsuaW
150,2017-10-20,151,Down,The Race,Tay-K,622389,https://i.scdn.co/image/ab67616d000048510ee2cd0f66c658af53b78ee1,https://open.spotify.com/track/5RCfvwDewu6p2x1mEI6smX
151,2017-10-20,152,Down,Relationship (feat. Future),Young Thug,622015,https://i.scdn.co/image/ab67616d00004851419cedff7b313b962a93932e,https://open.spotify.com/track/25oOaleife6E2MIKmFkPvg
152,2017-10-20,153,Down,DNA,BTS,618617,https://i.scdn.co/image/ab67616d00004851f9a16d4b6cd94eca041f00b8,https://open.spotify.com/track/5SE57ljOIUJ1ybL9U6CuBH
153,2017-10-20,154,Down,Magnolia,Playboi Carti,613913,https://i.scdn.co/image/cbfa858a49a59efbca64c6f7078068cf07731bd0,https://open.spotify.com/track/1e1JKLEDKP7hEQzJfNAgPl
154,2017-10-20,155,Down,What Ifs,Kane Brown,613090,https://i.scdn.co/image/ab67616d0000485148295fd4144b8ce6b437d682,https://open.spotify.com/track/7zVCrzzEJU7u24sbJPXA5W
155,2017-10-20,156,Down,LOVE. FEAT. ZACARI.,Kendrick Lamar,613013,https://i.scdn.co/image/ae1f239b41e9604a66eb900834c6887cd2f62ff1,https://open.spotify.com/track/6PGoSes0D9eUDeeAafB2As
156,2017-10-20,157,New,All da Smoke,Future,601775,https://i.scdn.co/image/ab67616d000048515998097d9467eccb3e99b8c1,https://open.spotify.com/track/1wWRtPIKD7ZNvtsrzLyTev
157,2017-10-20,158,New,Three,Future,600089,https://i.scdn.co/image/ab67616d000048515998097d9467eccb3e99b8c1,https://open.spotify.com/track/4W598w0KcHVG5Nwqk0qMpj
158,2017-10-20,159,Down,Malibu,Miley Cyrus,599496,https://i.scdn.co/image/ab67616d000048519012e092ad8ed4731ea11134,https://open.spotify.com/track/1UZOjK1BwmwWU14Erba9CZ
159,2017-10-20,160,Down,Curve (feat. The Weeknd),Gucci Mane,596107,https://i.scdn.co/image/ab67616d00004851af7525e55333b110ff0f4e95,https://open.spotify.com/track/2yuyaYAELoMG4ApV5wJsWR
160,2017-10-20,161,Down,"Lose Yourself - From ""8 Mile"" Soundtrack",Eminem,591832,https://i.scdn.co/image/ab67616d00004851a8a32ae2a279b9bf03445738,https://open.spotify.com/track/7w9bgPAmPTtrkt2v16QWvQ
161,2017-10-20,162,Down,Si Tú La Ves (feat. Wisin),Nicky Jam,590117,https://i.scdn.co/image/ab67616d00004851d77dbcd4dbd37cdfa61771fa,https://open.spotify.com/track/4yN6xPLopmTLvc27pO9LIE
162,2017-10-20,163,Down,Body Like A Back Road,Sam Hunt,589371,https://i.scdn.co/image/ab67616d000048519eccbdab1110afc4d5a186a8,https://open.spotify.com/track/7mldq42yDuxiUNn08nvzHO
163,2017-10-20,164,Flat,"Sola (Remix) [feat. Daddy Yankee, Wisin, Farruko, Zion & Lennox]",Anuel AA,587958,https://i.scdn.co/image/ab67616d00004851a66def7d649149464edc8f1e,https://open.spotify.com/track/5q2JbCNi4FcnglgPfxcV65
164,2017-10-20,165,Down,Fetish (feat. Gucci Mane),Selena Gomez,584806,https://i.scdn.co/image/ab67616d00004851676b024fbd4c52c3fa382dd4,https://open.spotify.com/track/0XLOf9LhyazPX9Ld8jPiUq
165,2017-10-20,166,Down,"Know No Better (feat. Travis Scott, Camila Cabello & Quavo)",Major Lazer,581719,https://i.scdn.co/image/ab67616d00004851de1e9558f85913eb0b47f623,https://open.spotify.com/track/3Ytr1SUCUi6J3L9dRFx5iH
166,2017-10-20,167,Down,Most Girls,Hailee Steinfeld,577438,https://i.scdn.co/image/ab67616d000048519e1b81dc79bd5055417b1e5a,https://open.spotify.com/track/2mfUa8bLs2s5N4VaqJZ4lZ
167,2017-10-20,168,Down,We Don't Talk Anymore,Charlie Puth,572970,https://i.scdn.co/image/ab67616d00004851c0e28105f0533c52717c46c2,https://open.spotify.com/track/68EMU2RD1ECNeOeJ5qAXCV
168,2017-10-20,169,Down,Praying,Kesha,571160,https://i.scdn.co/image/ab67616d0000485155de63b8aaf464fe8146b4f1,https://open.spotify.com/track/0jdny0dhgjUwoIp5GkqEaA
169,2017-10-20,170,Down,Would You Ever,Skrillex,570486,https://i.scdn.co/image/ab67616d00004851c2896a061e50f35f97337512,https://open.spotify.com/track/57p8CBvPOxrvyCbn6ttl5r
170,2017-10-20,171,Down,Is That For Me,Alesso,569610,https://i.scdn.co/image/ab67616d000048515cff09d47fb5645a51f53c58,https://open.spotify.com/track/2KwojFDebQV4J2b0JMRR5Q
171,2017-10-20,172,Flat,Me Llamas (feat. Maluma) - Remix,Piso 21,566664,https://i.scdn.co/image/ab67616d000048511e1eafb5d2bb1ca39d26f092,https://open.spotify.com/track/5hEM0JchdVzQ5PwvSfITeX
172,2017-10-20,173,Down,Castle on the Hill,Ed Sheeran,565380,https://i.scdn.co/image/ab67616d00004851ba5db46f4b838ef6027e6f96,https://open.spotify.com/track/6PCUP3dWmTjcTtXY02oFdT
173,2017-10-20,174,Down,La Rompe Corazones,Daddy Yankee,565067,https://i.scdn.co/image/ab67616d00004851b84a36483e43bfbcb931fcde,https://open.spotify.com/track/4okba5wu9mMLXx79DXLKi3
174,2017-10-20,175,Down,New Freezer (feat. Kendrick Lamar),Rich The Kid,563716,https://i.scdn.co/image/ab67616d0000485166bac14cf011715fbed67e58,https://open.spotify.com/track/4pYZLpX23Vx8rwDpJCpPTA
175,2017-10-20,176,Down,LOYALTY. FEAT. RIHANNA.,Kendrick Lamar,557966,https://i.scdn.co/image/ae1f239b41e9604a66eb900834c6887cd2f62ff1,https://open.spotify.com/track/6SwRhMLwNqEi6alNPVG00n
176,2017-10-20,177,Down,'Till I Collapse,Eminem,554395,https://i.scdn.co/image/ab67616d00004851ccdb1982626f299b3b1d3efd,https://open.spotify.com/track/6yr8GiTHWvFfi4o6Q5ebdT
177,2017-10-20,178,Down,iSpy (feat. Lil Yachty),KYLE,551687,https://i.scdn.co/image/ab67616d0000485132e373f2988bc6596a542d1c,https://open.spotify.com/track/2EEeOnHehOozLq4aS0n6SL
178,2017-10-20,179,Down,Otra vez (feat. J Balvin),Zion & Lennox,551142,https://i.scdn.co/image/ab67616d0000485182eabf564ddc57325a84dd50,https://open.spotify.com/track/3QwBODjSEzelZyVjxPOHdq
179,2017-10-20,180,Down,Sign of the Times,Harry Styles,551138,https://i.scdn.co/image/ab67616d000048516c619c39c853f8b1d67b7859,https://open.spotify.com/track/5Ohxk2dO5COHF1krpoPigN
180,2017-10-20,181,Down,do re mi (feat. Gucci Mane),blackbear,550462,https://i.scdn.co/image/0204c2af4ad772fd738bbd661b300a4dec113e71,https://open.spotify.com/track/53mrVsi49rLHIaKBiSvElG
181,2017-10-20,182,Down,It's A Vibe,2 Chainz,550188,https://i.scdn.co/image/179288654e273e14d827a4aa76cf37115e139ca0,https://open.spotify.com/track/6H0AwSQ20mo62jGlPGB8S6
182,2017-10-20,183,Down,Bad and Boujee (feat. Lil Uzi Vert),Migos,550152,https://i.scdn.co/image/ab67616d0000485199a8ab6da9d593939302828a,https://open.spotify.com/track/4Km5HrUvYTaSUfiSGPJeQR
183,2017-10-20,184,Down,Paris,The Chainsmokers,547646,https://i.scdn.co/image/ab67616d000048510c13d3d5a503c84fcc60ae94,https://open.spotify.com/track/72jbDTw1piOOj770jWNeaG
184,2017-10-20,185,Down,Wonderwall - Remastered,Oasis,546247,https://i.scdn.co/image/ab67616d0000485185e5dcc05cc216a10f141480,https://open.spotify.com/track/5qqabIl2vWzo9ApSC317sa
185,2017-10-20,186,Down,Happier,Ed Sheeran,542255,https://i.scdn.co/image/ab67616d00004851ba5db46f4b838ef6027e6f96,https://open.spotify.com/track/2RttW7RAu5nOAfq6YFvApB
186,2017-10-20,187,Down,Ahora Me Llama,KAROL G,538009,https://i.scdn.co/image/ab67616d000048511f8b5b79339712de8c904d63,https://open.spotify.com/track/61HHDBLqF3AmSvLfHKNGd2
187,2017-10-20,188,Down,Solo Dance,Martin Jensen,537608,https://i.scdn.co/image/ab67616d00004851950d67dbe3f31f1d9a5d06a2,https://open.spotify.com/track/6HUnnBwYZqcED1eQztxMBN
188,2017-10-20,189,Down,Easy Love,Lauv,531908,https://i.scdn.co/image/ab67616d00004851184766c511de1c5c093c556a,https://open.spotify.com/track/2ZE3DJuizYTad2S4CvRRhK
189,2017-10-20,190,Down,Slide,Calvin Harris,531312,https://i.scdn.co/image/ab67616d000048514d3fa5ce7ba599f4fd7803ef,https://open.spotify.com/track/7tr2za8SQg2CI8EDgrdtNl
190,2017-10-20,191,Down,Let Me Love You,DJ Snake,530732,https://i.scdn.co/image/ab67616d000048515045de6786e0af096de73ed4,https://open.spotify.com/track/4pdPtRcBmOSQDlJ3Fk945m
191,2017-10-20,192,Flat,Man's Not Hot,Big Shaq,529241,https://i.scdn.co/image/ab67616d00004851e297a281788cf46e9094a2ca,https://open.spotify.com/track/2nUJvBO87SkxCViQsLc9Zr
192,2017-10-20,193,Down,Treat You Better,Shawn Mendes,528448,https://i.scdn.co/image/ab67616d00004851188e6332f32088921ab1eaf8,https://open.spotify.com/track/4Hf7WnR761jpxPr5D46Bcd
193,2017-10-20,194,New,Paper Houses,Niall Horan,527392,https://i.scdn.co/image/ab67616d0000485194fde6afa9cbf073e5b6445a,https://open.spotify.com/track/57AHPLhNAWpiS7g198jeTA
194,2017-10-20,195,Down,New,Daya,525351,https://i.scdn.co/image/ab67616d00004851f095b3a0f73c89be1b76b97c,https://open.spotify.com/track/4tERsdVCLtLtrGdFBf9DGC
195,2017-10-20,196,Down,Sigo Extrañándote,J Balvin,524726,https://i.scdn.co/image/ab67616d00004851338ffc4c72a192f06070546b,https://open.spotify.com/track/6qDF4wWL49CAVbgT7yuHl8
196,2017-10-20,197,New,200,Future,521819,https://i.scdn.co/image/ab67616d000048515998097d9467eccb3e99b8c1,https://open.spotify.com/track/5b06JZjts6dgyyuY1m7roq
197,2017-10-20,198,New,Cruise Ship,Young Thug,520438,https://i.scdn.co/image/ab67616d000048515998097d9467eccb3e99b8c1,https://open.spotify.com/track/3C4FUqrrjuvWoHwsumWfIu
198,2017-10-20,199,Down,Starving,Hailee Steinfeld,520232,https://i.scdn.co/image/6fb734693d989252036e020be580d1eeb37a8f71,https://open.spotify.com/track/6875MeXyCW0wLyT72Eetmo
199,2017-10-20,200,Down,Don't Let Me Down,The Chainsmokers,519231,https://i.scdn.co/image/ab67616d0000485108d87fb54859bc9038f7e5e0,https://open.spotify.com/track/0QsvXIfqM0zZoerQfsI9lm
