,Date,Position,Trend,Title,Artist,Streams,Icon_URL,Spotify_URL
0,2017-05-13,1,Flat,Despacito - Remix,Luis Fonsi,7601791,https://i.scdn.co/image/ab67616d00004851d8559d0280ffe2a2af6dacdf,https://open.spotify.com/track/5CtI0qwDJkDQGwXD1H1cLb
1,2017-05-13,2,Flat,I'm the One,DJ Khaled,5785568,https://i.scdn.co/image/ab67616d0000485150cae4dacd5b66ee13051f09,https://open.spotify.com/track/72Q0FQQo32KJloivv5xge2
2,2017-05-13,3,Flat,Shape of You,Ed Sheeran,5043259,https://i.scdn.co/image/ab67616d00004851ba5db46f4b838ef6027e6f96,https://open.spotify.com/track/7qiZfU4dY1lWllzX7mPBI3
3,2017-05-13,4,Flat,HUMBLE.,Kendrick Lamar,4344323,https://i.scdn.co/image/ae1f239b41e9604a66eb900834c6887cd2f62ff1,https://open.spotify.com/track/7KXjTSCq5nL1LoYtL7XAwS
4,2017-05-13,5,Flat,Mask Off,Future,3447243,https://i.scdn.co/image/ab67616d00004851356884f85665ebdd79223fdf,https://open.spotify.com/track/3rOSwuTsUlJp0Pu0MkN8r8
5,2017-05-13,6,Flat,Something Just Like This,The Chainsmokers,3342166,https://i.scdn.co/image/ab67616d000048510c13d3d5a503c84fcc60ae94,https://open.spotify.com/track/6RUKPb4LETWmmr3iAEQktW
6,2017-05-13,7,Up,Despacito (Featuring Daddy Yankee),Luis Fonsi,3218162,https://i.scdn.co/image/ab67616d00004851a5971936e3b8d91f8b616b17,https://open.spotify.com/track/4aWmUDTfIPGksMNLV2rQP2
7,2017-05-13,8,Down,It Ain't Me (with Selena Gomez),Kygo,3166521,https://i.scdn.co/image/ab67616d0000485141f289940f2e6a0d51988d77,https://open.spotify.com/track/3eR23VReFzcdmS7TYCrhCe
8,2017-05-13,9,Down,Stay (with Alessia Cara),Zedd,3124041,https://i.scdn.co/image/ab67616d0000485191a70f95efc3400f696e89cc,https://open.spotify.com/track/0dA2Mk56wEzDgegdC6R17g
9,2017-05-13,10,Flat,Swalla (feat. Nicki Minaj & Ty Dolla $ign),Jason Derulo,3103422,https://i.scdn.co/image/ab67616d000048519d6522bee68370fa5592301d,https://open.spotify.com/track/6kex4EBAj0WHXDKZMEJaaF
10,2017-05-13,11,Flat,That's What I Like,Bruno Mars,3051652,https://i.scdn.co/image/ab67616d00004851232711f7d66a1e19e89e28c5,https://open.spotify.com/track/0KKkJNfGyhkQ5aFogxQAPU
11,2017-05-13,12,Up,Symphony (feat. Zara Larsson),Clean Bandit,2869458,https://i.scdn.co/image/ab67616d000048515b1130d050c4cd2295999d85,https://open.spotify.com/track/1x5sYLZiu9r5E43kMlt9f8
12,2017-05-13,13,Up,There's Nothing Holdin' Me Back,Shawn Mendes,2795245,https://i.scdn.co/image/ab67616d00004851f9cbd0c07513a7232cd6b9a7,https://open.spotify.com/track/79cuOz3SPQTuFrp8WgftAu
13,2017-05-13,14,Up,Passionfruit,Drake,2770585,https://i.scdn.co/image/ab67616d000048515ea859dc94365abd9fd84fd6,https://open.spotify.com/track/7hDc8b7IXETo14hHIHdnhd
14,2017-05-13,15,Down,Sign of the Times,Harry Styles,2730854,https://i.scdn.co/image/ab67616d000048516c619c39c853f8b1d67b7859,https://open.spotify.com/track/5Ohxk2dO5COHF1krpoPigN
15,2017-05-13,16,Up,Felices los 4,Maluma,2598928,https://i.scdn.co/image/ab67616d00004851d9732b592276542ecafa6c6d,https://open.spotify.com/track/0qYTZCo5Bwh1nsUFGZP3zn
16,2017-05-13,17,Down,Malibu,Miley Cyrus,2534984,https://i.scdn.co/image/ab67616d000048512fe7eac044c3912f06432f22,https://open.spotify.com/track/2habSXqcJGExM6JJyskY7O
17,2017-05-13,18,Down,XO TOUR Llif3,Lil Uzi Vert,2395640,https://i.scdn.co/image/ab67616d0000485115531ec8568373f631db9786,https://open.spotify.com/track/2eMwDehkIC1j68U6FA3Eiq
18,2017-05-13,19,Flat,First Time,Kygo,2382980,https://i.scdn.co/image/ab67616d00004851b6d86ca196b697ee0f640118,https://open.spotify.com/track/2Gl0FzuLxflY6nPifJp5Dr
19,2017-05-13,20,Flat,Attention,Charlie Puth,2381151,https://i.scdn.co/image/ab67616d00004851db21a273452f0637cdbc35aa,https://open.spotify.com/track/4iLqG9SeJSnt0cSPICSjxv
20,2017-05-13,21,Flat,Slide (feat. Frank Ocean & Migos),Calvin Harris,2215316,https://i.scdn.co/image/ab67616d000048511e439ac0ed08d612808f7122,https://open.spotify.com/track/6gpcs5eMhJwax4mIfKDYQk
21,2017-05-13,22,Flat,DNA.,Kendrick Lamar,2211463,https://i.scdn.co/image/ae1f239b41e9604a66eb900834c6887cd2f62ff1,https://open.spotify.com/track/6HZILIRieu8S0iqY8kIKhj
22,2017-05-13,23,Flat,Unforgettable,French Montana,2191206,https://i.scdn.co/image/ab67616d00004851482e95a6c610468cddf011da,https://open.spotify.com/track/1F2HXIJrE2Xn81OzT2zZvW
23,2017-05-13,24,Flat,Galway Girl,Ed Sheeran,2180040,https://i.scdn.co/image/ab67616d00004851ba5db46f4b838ef6027e6f96,https://open.spotify.com/track/0afhq8XCExXpqazXczTSve
24,2017-05-13,25,Flat,Scared to Be Lonely,Martin Garrix,2126612,https://i.scdn.co/image/ab67616d0000485164f8a309aa3c0a66a31fc374,https://open.spotify.com/track/3ebXMykcMXOcLeJ9xZ17XH
25,2017-05-13,26,Flat,Issues,Julia Michaels,2037757,https://i.scdn.co/image/ab67616d000048519615e35e0e9e4b2c3dccb520,https://open.spotify.com/track/1sXUWdKx03aP9Gmzft58rt
26,2017-05-13,27,Up,SUBEME LA RADIO,Enrique Iglesias,1978518,https://i.scdn.co/image/ab67616d000048515366ff028970205a29d558ed,https://open.spotify.com/track/7nKBxz47S9SD79N086fuhn
27,2017-05-13,28,Up,Me Rehúso,Danny Ocean,1918348,https://i.scdn.co/image/ab67616d000048517d46593471038b38e40d59a7,https://open.spotify.com/track/6Zosz8w6CmdGMZM6p4JlbQ
28,2017-05-13,29,Down,iSpy (feat. Lil Yachty),KYLE,1887056,https://i.scdn.co/image/ab67616d0000485132e373f2988bc6596a542d1c,https://open.spotify.com/track/2EEeOnHehOozLq4aS0n6SL
29,2017-05-13,30,Down,Congratulations,Post Malone,1876111,https://i.scdn.co/image/23bae95100dcb6ac8f88c19fa2a11c50a998a926,https://open.spotify.com/track/3a1lNhkSLSkpJE4MSHpDu9
30,2017-05-13,31,Up,Pretty Girl - Cheat Codes X CADE Remix,Maggie Lindemann,1698113,https://i.scdn.co/image/ab67616d000048515640c17778d716bd35f45b3e,https://open.spotify.com/track/39IsH7B5byx8NRlEKlZVg9
31,2017-05-13,32,Flat,Good Life (with G-Eazy & Kehlani),G-Eazy,1672975,https://i.scdn.co/image/ab67616d00004851fcc36f9c0515e6e7faa2030b,https://open.spotify.com/track/1Eck97uRMlprKOOJN9oO1E
32,2017-05-13,33,Flat,No Promises (feat. Demi Lovato),Cheat Codes,1645299,https://i.scdn.co/image/ab67616d00004851e74ecdb2f1316c8f026970a8,https://open.spotify.com/track/1louJpMmzEicAn7lzDalPW
33,2017-05-13,34,Down,1-800-273-8255,Logic,1629615,https://i.scdn.co/image/08f9ccb7875a87c07c79c1ccd5319263786c55ea,https://open.spotify.com/track/5tz69p7tJuGPeMGwNTxYuV
34,2017-05-13,35,Up,The Cure,Lady Gaga,1612438,https://i.scdn.co/image/ab67616d000048514a9be9e8223db02a37e1e8fe,https://open.spotify.com/track/51PIvodunv6NmX5250zxAh
35,2017-05-13,36,Up,Believer,Imagine Dragons,1595630,https://i.scdn.co/image/ab67616d00004851156aeddf54ed40b1d9d30c9f,https://open.spotify.com/track/6VRghJeP6I0w1KxkdWFfIh
36,2017-05-13,37,Down,Paris,The Chainsmokers,1593579,https://i.scdn.co/image/ab67616d000048510c13d3d5a503c84fcc60ae94,https://open.spotify.com/track/72jbDTw1piOOj770jWNeaG
37,2017-05-13,38,Up,Rockabye (feat. Sean Paul & Anne-Marie),Clean Bandit,1554510,https://i.scdn.co/image/ab67616d000048511431c3bdf16aa99f71799d95,https://open.spotify.com/track/5knuzwU65gJK7IF5yJsuaW
38,2017-05-13,39,Up,Thunder,Imagine Dragons,1529135,https://i.scdn.co/image/ab67616d00004851ffc368984dacb8a4d8fed5a6,https://open.spotify.com/track/56lBX2WHqfGuoeZxZvUnVj
39,2017-05-13,40,Flat,Call On Me - Ryan Riback Extended Remix,Starley,1513186,https://i.scdn.co/image/ab67616d000048519d4079afc73664f86f055400,https://open.spotify.com/track/78rIJddV4X0HkNAInEcYde
40,2017-05-13,41,Up,Now Or Never,Halsey,1498644,https://i.scdn.co/image/ab67616d00004851c7ce00e2888e4d65e867e757,https://open.spotify.com/track/1mDGDb2fUmUMdqV3tb8VKQ
41,2017-05-13,42,Up,You Don't Know Me - Radio Edit,Jax Jones,1478429,https://i.scdn.co/image/ab67616d00004851bbbcc7a8bd483f8bc949f9ba,https://open.spotify.com/track/4WrS6vezaPwOafKJmHqMEU
42,2017-05-13,43,Flat,Location,Khalid,1467998,https://i.scdn.co/image/ab67616d00004851988ede5e1276e758b5f9e577,https://open.spotify.com/track/152lZdxL1OR0ZMW6KquMif
43,2017-05-13,44,Up,Cold,Maroon 5,1460640,https://i.scdn.co/image/ab67616d000048514727f9e79c338683c5bf8921,https://open.spotify.com/track/5NNlUMcOEOdoOIwwaWXv0k
44,2017-05-13,45,Up,"I Don’t Wanna Live Forever (Fifty Shades Darker) - From ""Fifty Shades Darker (Original Motion Picture Soundtrack)""",ZAYN,1438377,https://i.scdn.co/image/ab67616d000048512ae921f082ae5db4d3da818f,https://open.spotify.com/track/3NdDpSvN911VPGivFlV5d0
45,2017-05-13,46,Up,Solo Dance,Martin Jensen,1425150,https://i.scdn.co/image/ab67616d00004851950d67dbe3f31f1d9a5d06a2,https://open.spotify.com/track/6HUnnBwYZqcED1eQztxMBN
46,2017-05-13,47,Up,El Amante,Nicky Jam,1416436,https://i.scdn.co/image/ab67616d00004851d77dbcd4dbd37cdfa61771fa,https://open.spotify.com/track/3umS4y3uQDkqekNjVpiRUs
47,2017-05-13,48,Up,I Feel It Coming,The Weeknd,1414753,https://i.scdn.co/image/b3683184efeb899b2d1a02f4957d0c630dc10b0b,https://open.spotify.com/track/5GXAXm5YOmYT0kL5jHvYBt
48,2017-05-13,49,Down,Sweet Creature,Harry Styles,1404215,https://i.scdn.co/image/ab67616d000048516c619c39c853f8b1d67b7859,https://open.spotify.com/track/5kRPPEWFJIMox5qIkQkiz5
49,2017-05-13,50,Flat,LOVE. FEAT. ZACARI.,Kendrick Lamar,1309481,https://i.scdn.co/image/ae1f239b41e9604a66eb900834c6887cd2f62ff1,https://open.spotify.com/track/6PGoSes0D9eUDeeAafB2As
50,2017-05-13,51,Up,Escápate Conmigo,Wisin,1292765,https://i.scdn.co/image/ab67616d000048512b02904e5404ad6069c16a4f,https://open.spotify.com/track/2cnKEkpVUSV4wnjQiTWfH6
51,2017-05-13,52,Up,Ahora Dice,Chris Jeday,1254248,https://i.scdn.co/image/ab67616d000048513a142c7e7fc7863dc1a256ed,https://open.spotify.com/track/22eADXu8DfOAUEDw4vU8qy
52,2017-05-13,53,Down,Say You Won't Let Go,James Arthur,1234229,https://i.scdn.co/image/ab67616d0000485120beb61f61fcbeb33b10a9ab,https://open.spotify.com/track/5uCax9HTNlzGybIStD3vDh
53,2017-05-13,54,Down,LOYALTY. FEAT. RIHANNA.,Kendrick Lamar,1222647,https://i.scdn.co/image/ae1f239b41e9604a66eb900834c6887cd2f62ff1,https://open.spotify.com/track/6SwRhMLwNqEi6alNPVG00n
54,2017-05-13,55,Up,Portland,Drake,1213201,https://i.scdn.co/image/6dfd956b9331fa9ea1f47ebb95311951ed72b3db,https://open.spotify.com/track/2bjwRfXMk4uRgOD9IBYl9h
55,2017-05-13,56,Up,Tuesday,Burak Yeter,1209144,https://i.scdn.co/image/ab67616d00004851904a3a2bc1c517f3b2b077b9,https://open.spotify.com/track/5c4tB0saSkNHX5CyDosuF7
56,2017-05-13,57,Up,Hey Ma (with Pitbull & J Balvin feat. Camila Cabello) - Spanish Version,Pitbull,1181371,https://i.scdn.co/image/ab67616d000048513e40b472d708ea3c6bd86670,https://open.spotify.com/track/2Vdub5mY4lad7w64bFPUez
57,2017-05-13,58,Down,Carolina,Harry Styles,1181300,https://i.scdn.co/image/ab67616d000048516c619c39c853f8b1d67b7859,https://open.spotify.com/track/3Dwq1oiOFys6Sxr5SslmXw
58,2017-05-13,59,Up,Chantaje,Shakira,1169266,https://i.scdn.co/image/ab67616d00004851ec71d20b34877384f1d30acd,https://open.spotify.com/track/1WniHvhq9zTkny0WvGXX8o
59,2017-05-13,60,Flat,Closer,The Chainsmokers,1159191,https://i.scdn.co/image/ab67616d00004851495ce6da9aeb159e94eaa453,https://open.spotify.com/track/7BKLCZ1jbUBVqRi2FVlTVw
60,2017-05-13,61,Up,Tunnel Vision,Kodak Black,1146722,https://i.scdn.co/image/ab67616d000048511541a676423805fc68ff3e66,https://open.spotify.com/track/4Q3N4Ct4zCuIHuZ65E3BD4
61,2017-05-13,62,Down,Slow Hands,Niall Horan,1117191,https://i.scdn.co/image/ab67616d00004851805efe949d48d6f50e604919,https://open.spotify.com/track/167NczpNbRF7oWakJaY3Hh
62,2017-05-13,63,Down,Rollin (feat. Future & Khalid),Calvin Harris,1114823,https://i.scdn.co/image/ab67616d0000485191971f372a4499c52f4ebc1c,https://open.spotify.com/track/3FDrI0FLKzrYQiWxPhqV2W
63,2017-05-13,64,Up,Castle on the Hill,Ed Sheeran,1100545,https://i.scdn.co/image/ab67616d00004851ba5db46f4b838ef6027e6f96,https://open.spotify.com/track/6PCUP3dWmTjcTtXY02oFdT
64,2017-05-13,65,Up,Starboy,The Weeknd,1093832,https://i.scdn.co/image/ab67616d000048510c8599cbde51245c128bcea9,https://open.spotify.com/track/5aAx2yezTd8zXrkmtKl66Z
65,2017-05-13,66,Up,Bon Appétit,Katy Perry,1080219,https://i.scdn.co/image/ab67616d00004851dc92399392fe6271229995f8,https://open.spotify.com/track/14oOKFGuXu8DqvOe1W8vao
66,2017-05-13,67,Down,ELEMENT.,Kendrick Lamar,1067573,https://i.scdn.co/image/ae1f239b41e9604a66eb900834c6887cd2f62ff1,https://open.spotify.com/track/1EaKU4dMbesXXd3BrLCtYG
67,2017-05-13,68,Up,Bad and Boujee (feat. Lil Uzi Vert),Migos,1048092,https://i.scdn.co/image/ab67616d0000485199a8ab6da9d593939302828a,https://open.spotify.com/track/4Km5HrUvYTaSUfiSGPJeQR
68,2017-05-13,69,Up,Sigo Extrañándote,J Balvin,1043996,https://i.scdn.co/image/ab67616d00004851338ffc4c72a192f06070546b,https://open.spotify.com/track/6qDF4wWL49CAVbgT7yuHl8
69,2017-05-13,70,Flat,The Night We Met,Lord Huron,1036387,https://i.scdn.co/image/ab67616d00004851ee6611c95f868e465c98a0b2,https://open.spotify.com/track/6mORGLOz79w6VsCRLWYYuK
70,2017-05-13,71,Up,goosebumps,Travis Scott,1030980,https://i.scdn.co/image/ab67616d00004851f54b99bf27cda88f4a7403ce,https://open.spotify.com/track/6gBFPUFcJLzWGx4lenP6h2
71,2017-05-13,72,Up,Still Got Time,ZAYN,1011643,https://i.scdn.co/image/ab67616d000048513bfd914f72da2ed8822a634f,https://open.spotify.com/track/000xQL6tZNLJzIrtIgxqSl
72,2017-05-13,73,Up,One Dance,Drake,993265,https://i.scdn.co/image/ab67616d00004851726abca207567d5e41cb9667,https://open.spotify.com/track/1xznGGDReH1oQq0xzbwXa3
73,2017-05-13,74,Up,Chained To The Rhythm,Katy Perry,955713,https://i.scdn.co/image/ab67616d00004851edab7220994d4e9629b5e7c3,https://open.spotify.com/track/5ndfVSDyPq90jaIUhNPeby
74,2017-05-13,75,Up,Selfish (feat. Rihanna),Future,950248,https://i.scdn.co/image/ab67616d00004851968822b495da180d0792a437,https://open.spotify.com/track/2Ce5IyMlVRVvN997ZJjJJA
75,2017-05-13,76,Down,Meet Me in the Hallway,Harry Styles,941738,https://i.scdn.co/image/ab67616d000048516c619c39c853f8b1d67b7859,https://open.spotify.com/track/4u9Y4Z9i9VaAbBK7rW1Rha
76,2017-05-13,77,Up,Otra vez (feat. J Balvin),Zion & Lennox,936916,https://i.scdn.co/image/ab67616d0000485182eabf564ddc57325a84dd50,https://open.spotify.com/track/3QwBODjSEzelZyVjxPOHdq
77,2017-05-13,78,Up,Fake Love,Drake,936640,https://i.scdn.co/image/6dfd956b9331fa9ea1f47ebb95311951ed72b3db,https://open.spotify.com/track/343YBumqHu19cGoGARUTsd
78,2017-05-13,79,Down,Two Ghosts,Harry Styles,931905,https://i.scdn.co/image/ab67616d000048516c619c39c853f8b1d67b7859,https://open.spotify.com/track/4B1rpPmQXwj78wk6aIGwwU
79,2017-05-13,80,Up,Perfect,Ed Sheeran,923147,https://i.scdn.co/image/ab67616d00004851ba5db46f4b838ef6027e6f96,https://open.spotify.com/track/0tgVpDi06FyKpA1z0VMD4v
80,2017-05-13,81,Up,Hey DJ,CNCO,922513,https://i.scdn.co/image/ab67616d000048514358c8856d3acc00ca6c3578,https://open.spotify.com/track/209gZgcfLq2aUuu51vOWBl
81,2017-05-13,82,Up,Most Girls,Hailee Steinfeld,916255,https://i.scdn.co/image/ab67616d000048519e1b81dc79bd5055417b1e5a,https://open.spotify.com/track/2mfUa8bLs2s5N4VaqJZ4lZ
82,2017-05-13,83,Up,September Song,JP Cooper,911173,https://i.scdn.co/image/ab67616d000048511400ec742ee0935608e30700,https://open.spotify.com/track/0FuTx2s3YH1ppmtiM6l0zI
83,2017-05-13,84,Up,La Rompe Corazones,Daddy Yankee,906296,https://i.scdn.co/image/ab67616d00004851b84a36483e43bfbcb931fcde,https://open.spotify.com/track/4okba5wu9mMLXx79DXLKi3
84,2017-05-13,85,Up,Bounce Back,Big Sean,900152,https://i.scdn.co/image/695d0c097d8463ccc2c2b9855fe44e3e9e7bc267,https://open.spotify.com/track/0SGkqnVQo9KPytSri1H6cF
85,2017-05-13,86,Up,Let Me Love You,DJ Snake,895606,https://i.scdn.co/image/ab67616d000048515045de6786e0af096de73ed4,https://open.spotify.com/track/4pdPtRcBmOSQDlJ3Fk945m
86,2017-05-13,87,Up,24K Magic,Bruno Mars,886688,https://i.scdn.co/image/ab67616d00004851232711f7d66a1e19e89e28c5,https://open.spotify.com/track/6b8Be6ljOzmkOmFslEb23P
87,2017-05-13,88,Up,Look At Me!,XXXTENTACION,876651,https://i.scdn.co/image/ab67616d0000485171af28545729f60b3eca66f7,https://open.spotify.com/track/7floNISpH8VF4z4459Qo18
88,2017-05-13,89,Up,T-Shirt,Migos,855649,https://i.scdn.co/image/ab67616d0000485199a8ab6da9d593939302828a,https://open.spotify.com/track/7KOlJ92bu51cltsD9KU5I7
89,2017-05-13,90,Flat,Touch,Little Mix,850637,https://i.scdn.co/image/ab67616d000048512318bbb0586903290db2b270,https://open.spotify.com/track/5Ua3GXyHwiSfpNTMjq6m2z
90,2017-05-13,91,Up,The One,The Chainsmokers,847250,https://i.scdn.co/image/ab67616d000048510c13d3d5a503c84fcc60ae94,https://open.spotify.com/track/0wfbD5rAksdXUzRvMfM3x5
91,2017-05-13,92,Up,Slippery (feat. Gucci Mane),Migos,845157,https://i.scdn.co/image/ab67616d0000485199a8ab6da9d593939302828a,https://open.spotify.com/track/6p8NuHm8uCGnn2Dtbtf7zE
92,2017-05-13,93,Up,Body Like A Back Road,Sam Hunt,842648,https://i.scdn.co/image/ab67616d000048519eccbdab1110afc4d5a186a8,https://open.spotify.com/track/7mldq42yDuxiUNn08nvzHO
93,2017-05-13,94,Down,Kiwi,Harry Styles,841480,https://i.scdn.co/image/ab67616d000048516c619c39c853f8b1d67b7859,https://open.spotify.com/track/33SNO8AaciGbNaQFkxvPrW
94,2017-05-13,95,Up,Weak,AJR,838027,https://i.scdn.co/image/ab67616d000048513e51f8eb405846373fe30f93,https://open.spotify.com/track/6OuV4vfyb8v3vGGGksqyKf
95,2017-05-13,96,Up,"Sola (Remix) [feat. Daddy Yankee, Wisin, Farruko, Zion & Lennox]",Anuel AA,834957,https://i.scdn.co/image/ab67616d00004851a66def7d649149464edc8f1e,https://open.spotify.com/track/5q2JbCNi4FcnglgPfxcV65
96,2017-05-13,97,Up,Green Light,Lorde,824584,https://i.scdn.co/image/ab67616d00004851cd594642c6384231664ccc7a,https://open.spotify.com/track/1WC5UN1U79gJlxGLYDGIO7
97,2017-05-13,98,Up,Tu Foto,Ozuna,810414,https://i.scdn.co/image/ab67616d000048515a0467b3a49a461da243c362,https://open.spotify.com/track/0Szp49tpFasIjX04Mcsydp
98,2017-05-13,99,Down,Only Angel,Harry Styles,804417,https://i.scdn.co/image/ab67616d000048516c619c39c853f8b1d67b7859,https://open.spotify.com/track/5Lbsc65org0b85kNsPkluY
99,2017-05-13,100,Up,Reggaetón Lento (Bailemos),CNCO,801542,https://i.scdn.co/image/ab67616d000048517db0f7ac4c612cce26ccacf9,https://open.spotify.com/track/3AEZUABDXNtecAOSC1qTfo
100,2017-05-13,101,Down,Ever Since New York,Harry Styles,801027,https://i.scdn.co/image/ab67616d000048516c619c39c853f8b1d67b7859,https://open.spotify.com/track/5LABCxgmP7DATATIJXOh6n
101,2017-05-13,102,Up,Run Up (feat. PARTYNEXTDOOR & Nicki Minaj),Major Lazer,787428,https://i.scdn.co/image/ab67616d000048518036d7402a6a76aed04f1f98,https://open.spotify.com/track/0fg8CqpjdojMyXLNzM2PaJ
102,2017-05-13,103,Up,Ciao Adios,Anne-Marie,786458,https://i.scdn.co/image/ab67616d0000485119f06fd0fc43d3ebed4f041d,https://open.spotify.com/track/3EfugazgSddQvzZpkof5I4
103,2017-05-13,104,Down,Hard Times,Paramore,784315,https://i.scdn.co/image/ab67616d00004851dbd83e179619408e5d05cc99,https://open.spotify.com/track/0w5Bdu51Ka25Pf3hojsKHh
104,2017-05-13,105,Flat,Redbone,Childish Gambino,777423,https://i.scdn.co/image/ab67616d000048510b97e56ffad7c6211aa848f8,https://open.spotify.com/track/3kxfsdsCpFgN412fpnW85Y
105,2017-05-13,106,Up,Me Enamoré,Shakira,773434,https://i.scdn.co/image/ab67616d0000485125f35f87388042b2364acbb7,https://open.spotify.com/track/4m5A5meIueOcDBpbqGvkQB
106,2017-05-13,107,Down,Starving,Hailee Steinfeld,770789,https://i.scdn.co/image/ab67616d00004851612495ee5769c99125031be2,https://open.spotify.com/track/1qOLh0tI7trd1zdDKxYZTe
107,2017-05-13,108,Down,Woman,Harry Styles,766617,https://i.scdn.co/image/ab67616d000048516c619c39c853f8b1d67b7859,https://open.spotify.com/track/33bURv895AN4FkBvgFo2dx
108,2017-05-13,109,Down,Drowning (feat. Kodak Black),A Boogie Wit da Hoodie,760920,https://i.scdn.co/image/ab67616d00004851422289e2c09a3b210aa425b5,https://open.spotify.com/track/3LnOF5n1GOs01siYZXzS3p
109,2017-05-13,110,Down,do re mi,blackbear,758108,https://i.scdn.co/image/ab67616d000048518b41182625f5b10d7f0ccc0b,https://open.spotify.com/track/6CUBgX8bXC5YQCkdgRHqyg
110,2017-05-13,111,Up,Me Llamas (feat. Maluma) - Remix,Piso 21,741815,https://i.scdn.co/image/ab67616d000048511e1eafb5d2bb1ca39d26f092,https://open.spotify.com/track/5hEM0JchdVzQ5PwvSfITeX
111,2017-05-13,112,Up,Don't Let Me Down,The Chainsmokers,739119,https://i.scdn.co/image/ab67616d0000485108d87fb54859bc9038f7e5e0,https://open.spotify.com/track/0QsvXIfqM0zZoerQfsI9lm
112,2017-05-13,113,Up,Hear Me Now,Alok,738816,https://i.scdn.co/image/e308bad29e4cf6dc8aa5cd97449ef71bbb893d40,https://open.spotify.com/track/1a5Yu5L18qNxVhXx38njON
113,2017-05-13,114,Down,Gyalchester,Drake,733508,https://i.scdn.co/image/6dfd956b9331fa9ea1f47ebb95311951ed72b3db,https://open.spotify.com/track/6UjfByV1lDLW0SOVQA4NAi
114,2017-05-13,115,Up,Swang,Rae Sremmurd,729994,https://i.scdn.co/image/16293ab3b4f9301aeb5f41810fd7056d463db55e,https://open.spotify.com/track/6mapJIPnQ23RTAevUoE0DL
115,2017-05-13,116,Down,"How Far I'll Go - From ""Moana""",Alessia Cara,725912,https://i.scdn.co/image/ab67616d00004851fb128b1eda22335050f584fe,https://open.spotify.com/track/5hYTyyh2odQKphUbMqc5gN
116,2017-05-13,117,Down,From the Dining Table,Harry Styles,720539,https://i.scdn.co/image/ab67616d000048516c619c39c853f8b1d67b7859,https://open.spotify.com/track/1IF5UcqRO42D12vYwceOY6
117,2017-05-13,118,Up,"CAN'T STOP THE FEELING! (Original Song from DreamWorks Animation's ""TROLLS"")",Justin Timberlake,713559,https://i.scdn.co/image/ab67616d00004851ef37416970812293c08e8a78,https://open.spotify.com/track/6JV2JOEocMgcZxYSZelKcc
118,2017-05-13,119,Down,Happier,Ed Sheeran,702784,https://i.scdn.co/image/ab67616d00004851ba5db46f4b838ef6027e6f96,https://open.spotify.com/track/2RttW7RAu5nOAfq6YFvApB
119,2017-05-13,120,Down,Whippin (feat. Felix Snow),Kiiara,701893,https://i.scdn.co/image/ab67616d00004851203e94bd36a9b9c984225d9b,https://open.spotify.com/track/3QWjljChcOMkRDYSzF33Qr
120,2017-05-13,121,Up,Quit (feat. Ariana Grande),Cashmere Cat,693551,https://i.scdn.co/image/ab67616d00004851e53443feca656fafbbbae361,https://open.spotify.com/track/4Q5yMlwAfAoitqg4r9oZHN
121,2017-05-13,122,Up,Don't Wanna Know,Maroon 5,684897,https://i.scdn.co/image/ab67616d00004851eec1912bbc2ff74b8203fe5f,https://open.spotify.com/track/5MFzQMkrl1FOOng9tq6R9r
122,2017-05-13,123,Up,Magnolia,Playboi Carti,681856,https://i.scdn.co/image/cbfa858a49a59efbca64c6f7078068cf07731bd0,https://open.spotify.com/track/1e1JKLEDKP7hEQzJfNAgPl
123,2017-05-13,124,Up,Vente Pa' Ca,Ricky Martin,676191,https://i.scdn.co/image/ab67616d000048513d90f5938459be40b7b6652a,https://open.spotify.com/track/7DM4BPaS7uofFul3ywMe46
124,2017-05-13,125,Up,I Took A Pill In Ibiza - Seeb Remix,Mike Posner,672886,https://i.scdn.co/image/ab67616d0000485140512e02a594e3378c0256e6,https://open.spotify.com/track/17Fd6Yb7mSbinKG8LoWfFl
125,2017-05-13,126,Up,In the Name of Love,Martin Garrix,663359,https://i.scdn.co/image/ab67616d00004851923db3f255cd48a6d5783ebf,https://open.spotify.com/track/04DwTuZ2VBdJCCC5TROn7L
126,2017-05-13,127,Up,Rolex,Ayo & Teo,651044,https://i.scdn.co/image/ab67616d0000485179dbd95fbdf6b0d617bd32dd,https://open.spotify.com/track/0pSBuHjILhNEo55xK1zrRt
127,2017-05-13,128,Down,Everybody,Logic,649659,https://i.scdn.co/image/08f9ccb7875a87c07c79c1ccd5319263786c55ea,https://open.spotify.com/track/7cGFbx7MP0H23iHZTZpqMM
128,2017-05-13,129,Up,Cold Water (feat. Justin Bieber & MØ),Major Lazer,643584,https://i.scdn.co/image/ab67616d000048512e8f1cca2bc8c9d55930523b,https://open.spotify.com/track/6DNtNfH8hXkqOX1sjqmI7p
129,2017-05-13,130,Up,No Vacancy,OneRepublic,639655,https://i.scdn.co/image/ab67616d000048518eadf2a91387dd890653afbe,https://open.spotify.com/track/6XOYVSmNDjKUNMXooU4s4z
130,2017-05-13,131,Up,Treat You Better,Shawn Mendes,630686,https://i.scdn.co/image/ab67616d00004851188e6332f32088921ab1eaf8,https://open.spotify.com/track/4Hf7WnR761jpxPr5D46Bcd
131,2017-05-13,132,Up,Side To Side,Ariana Grande,626037,https://i.scdn.co/image/ab67616d000048517227f5854239a059af211d5b,https://open.spotify.com/track/4pLwZjInHj3SimIyN9SnOz
132,2017-05-13,133,Up,Safari,J Balvin,618160,https://i.scdn.co/image/ab67616d00004851338ffc4c72a192f06070546b,https://open.spotify.com/track/6rQSrBHf7HlZjtcMZ4S4bO
133,2017-05-13,134,Flat,Photograph,Ed Sheeran,618129,https://i.scdn.co/image/ab67616d00004851d08209944468440145f01524,https://open.spotify.com/track/6fxVffaTuwjgEk5h9QyRjy
134,2017-05-13,135,Down,Whatever It Takes,Imagine Dragons,613749,https://i.scdn.co/image/ab67616d000048518dd89a06b0f31e24bc2d5cbf,https://open.spotify.com/track/4izg6Hydc6XGErWW6nbdsV
135,2017-05-13,136,Up,Alguien Robo,Sebastian Yatra,602040,https://i.scdn.co/image/ab67616d0000485135e1cf8c70c60dc416956c17,https://open.spotify.com/track/5i50gKdLAjjIr7UxRT5IVy
136,2017-05-13,137,Up,All Time Low,Jon Bellion,601925,https://i.scdn.co/image/ff06a4138a99d272c24d2f6da9b5ea6067c054db,https://open.spotify.com/track/1CnPYaKxTVb4LWOtiGOm0m
137,2017-05-13,138,Up,We Don't Talk Anymore,Charlie Puth,598405,https://i.scdn.co/image/ab67616d00004851c0e28105f0533c52717c46c2,https://open.spotify.com/track/68EMU2RD1ECNeOeJ5qAXCV
138,2017-05-13,139,Down,XXX. FEAT. U2.,Kendrick Lamar,598001,https://i.scdn.co/image/ae1f239b41e9604a66eb900834c6887cd2f62ff1,https://open.spotify.com/track/4iYRa2btalAzPZoSYfROqF
139,2017-05-13,140,Down,At My Best (feat. Hailee Steinfeld),Machine Gun Kelly,597366,https://i.scdn.co/image/ab67616d00004851bcb06f218871ba0228d5f8ad,https://open.spotify.com/track/0BSd5u6lQJWDoNVMuBYBiA
140,2017-05-13,141,Up,Heathens,Twenty One Pilots,594980,https://i.scdn.co/image/ab67616d000048512ca3ba8f334ca5a5f0312efb,https://open.spotify.com/track/6i0V12jOa3mr6uu4WYhUBr
141,2017-05-13,142,Down,Dive,Ed Sheeran,594135,https://i.scdn.co/image/ab67616d00004851ba5db46f4b838ef6027e6f96,https://open.spotify.com/track/51ChrwmUPDJvedPQnIU8Ls
142,2017-05-13,143,Up,"Ay Mi Dios (feat. Pitbull, Yandel & Chacal)",IAmChino,581485,https://i.scdn.co/image/ab67616d000048511568fbc07414eb185c58ef62,https://open.spotify.com/track/6stYbAJgTszHAHZMPxWWCY
143,2017-05-13,144,Up,Vacaciones,Wisin,577987,https://i.scdn.co/image/ab67616d00004851c85f0d16973e9dae6f8a786c,https://open.spotify.com/track/3dQDid3IUNhZy1OehIfYfE
144,2017-05-13,145,Up,Human,Rag'n'Bone Man,570076,https://i.scdn.co/image/ab67616d0000485190a788beadaad34ff684d3ec,https://open.spotify.com/track/58zsLZPvfflaiIbNWoA22O
145,2017-05-13,146,Up,Te Quiero Pa´Mi,Don Omar,567325,https://i.scdn.co/image/ab67616d00004851d0cb2a58e3bf5d7ac5ece16f,https://open.spotify.com/track/3BY2mafsbsoKGqS380Xnuz
146,2017-05-13,147,Up,Cheap Thrills,Sia,564579,https://i.scdn.co/image/ab67616d0000485149e0134c686547c28b7c999f,https://open.spotify.com/track/27SdWb2rFzO6GWiYDBTD9j
147,2017-05-13,148,Up,Mama,Jonas Blue,563663,https://i.scdn.co/image/ab67616d0000485100cf56c0f52ed7ff598fa971,https://open.spotify.com/track/4xlrALxuaCf9yZBHJeTSG6
148,2017-05-13,149,Down,Bad Bitch (feat. Ty Dolla $ign),Bebe Rexha,559374,https://i.scdn.co/image/ab67616d0000485166ae1fd71a3e5779e98e277a,https://open.spotify.com/track/4ZJPwET9Jrgpkqi4Vo3Yg8
149,2017-05-13,150,Down,All Night,The Vamps,558172,https://i.scdn.co/image/ab67616d00004851f03c9779c27137669304ea20,https://open.spotify.com/track/1yNyoWWWikbLhwIGWjZuDW
150,2017-05-13,151,Up,Love Yourself,Justin Bieber,554914,https://i.scdn.co/image/ab67616d00004851b6d9a4fbb0bd49f0f034aead,https://open.spotify.com/track/3hB5DgAiMAQ4DzYbsMq1IT
151,2017-05-13,152,Up,Broccoli (feat. Lil Yachty),DRAM,554135,https://i.scdn.co/image/ab67616d00004851f02a1575a59bd05998826351,https://open.spotify.com/track/7yyRTcZmCiyzzJlNzGC9Ol
152,2017-05-13,153,Up,Faded,Alan Walker,552853,https://i.scdn.co/image/ab67616d00004851c4d00cac55ae1b4598c9bc90,https://open.spotify.com/track/7gHs73wELdeycvS48JfIos
153,2017-05-13,154,Up,Mercy,Shawn Mendes,551641,https://i.scdn.co/image/ab67616d00004851188e6332f32088921ab1eaf8,https://open.spotify.com/track/4TZy1wLyHec06pwgFYDh1a
154,2017-05-13,155,Down,My Way,Calvin Harris,551317,https://i.scdn.co/image/ab67616d000048518d12bc5e3ea5c9f4a967de32,https://open.spotify.com/track/1vvNmPOiUuyCbgWmtc6yfm
155,2017-05-13,156,Down,Work from Home (feat. Ty Dolla $ign),Fifth Harmony,547720,https://i.scdn.co/image/ab67616d00004851d03fa6f4e758282b7920b5c8,https://open.spotify.com/track/4tCtwWceOPWzenK2HAIJSb
156,2017-05-13,157,Down,Thinking out Loud,Ed Sheeran,546204,https://i.scdn.co/image/ab67616d00004851d08209944468440145f01524,https://open.spotify.com/track/1Slwb6dOYkBlWal1PGtnNg
157,2017-05-13,158,Up,Traicionera,Sebastian Yatra,545456,https://i.scdn.co/image/ab67616d00004851dbe5e9f934a9be5db8884c52,https://open.spotify.com/track/5J1c3M4EldCfNxXwrwt8mT
158,2017-05-13,159,Up,Black Beatles,Rae Sremmurd,544986,https://i.scdn.co/image/16293ab3b4f9301aeb5f41810fd7056d463db55e,https://open.spotify.com/track/6fujklziTHa8uoM5OQSfIo
159,2017-05-13,160,Up,Stressed Out,Twenty One Pilots,540214,https://i.scdn.co/image/ab67616d00004851de03bfc2991fd5bcfde65ba3,https://open.spotify.com/track/3CRDbSIZ4r5MsZ0YwxuEkn
160,2017-05-13,161,Up,wokeuplikethis*,Playboi Carti,538887,https://i.scdn.co/image/cbfa858a49a59efbca64c6f7078068cf07731bd0,https://open.spotify.com/track/59J5nzL1KniFHnU120dQzt
161,2017-05-13,162,Up,What Do I Know?,Ed Sheeran,536254,https://i.scdn.co/image/ab67616d00004851ba5db46f4b838ef6027e6f96,https://open.spotify.com/track/2pJZ1v8HezrAoZ0Fhzby92
162,2017-05-13,163,Down,YAH.,Kendrick Lamar,534683,https://i.scdn.co/image/ae1f239b41e9604a66eb900834c6887cd2f62ff1,https://open.spotify.com/track/4BHSjbYylfOH5WAGusDyni
163,2017-05-13,164,Down,Love On The Brain,Rihanna,533626,https://i.scdn.co/image/ddc285ca9817c96c7719b3f2a759e108787db021,https://open.spotify.com/track/2aksifNn5ph8igDOkPBA02
164,2017-05-13,165,Up,Sorry,Justin Bieber,533468,https://i.scdn.co/image/ab67616d00004851b6d9a4fbb0bd49f0f034aead,https://open.spotify.com/track/69bp2EbF7Q2rqc5N3ylezZ
165,2017-05-13,166,Up,Si Tú La Ves (feat. Wisin),Nicky Jam,533360,https://i.scdn.co/image/ab67616d00004851d77dbcd4dbd37cdfa61771fa,https://open.spotify.com/track/4yN6xPLopmTLvc27pO9LIE
166,2017-05-13,167,Up,Skin,Rag'n'Bone Man,526726,https://i.scdn.co/image/ab67616d0000485190a788beadaad34ff684d3ec,https://open.spotify.com/track/6y2Kaz9QI01XBKJ8mTb7Pf
167,2017-05-13,168,Up,No More Sad Songs,Little Mix,525185,https://i.scdn.co/image/ab67616d000048511271b19cbf9d3788532a67f5,https://open.spotify.com/track/5ZnJsoJGkQ5K15W7Rcr5JO
168,2017-05-13,169,Down,Break Up Every Night,The Chainsmokers,523598,https://i.scdn.co/image/ab67616d000048510c13d3d5a503c84fcc60ae94,https://open.spotify.com/track/6cPyTS0Kk2sc4xQwC93kOg
169,2017-05-13,170,Up,This Is What You Came For,Calvin Harris,523371,https://i.scdn.co/image/ab67616d00004851d9aa52355e062f5de060adbf,https://open.spotify.com/track/0azC730Exh71aQlOt9Zj3y
170,2017-05-13,171,Up,Ride,Twenty One Pilots,518852,https://i.scdn.co/image/ab67616d00004851de03bfc2991fd5bcfde65ba3,https://open.spotify.com/track/2Z8WuEywRWYTKe1NybPQEW
171,2017-05-13,172,Up,Lumbra,Cali Y El Dandee,518541,https://i.scdn.co/image/ab67616d000048511b871ef4de91bd38cac024d1,https://open.spotify.com/track/6VHdcVbiKLYYOcMbIqBcuK
172,2017-05-13,173,Up,Just Hold On,Steve Aoki,517230,https://i.scdn.co/image/ab67616d0000485122e2ce2de8bad6d67ee69b48,https://open.spotify.com/track/3EmmCZoqpWOTY1g2GBwJoR
173,2017-05-13,174,Down,White Iverson,Post Malone,515046,https://i.scdn.co/image/23bae95100dcb6ac8f88c19fa2a11c50a998a926,https://open.spotify.com/track/6eT7xZZlB2mwyzJ2sUKG6w
174,2017-05-13,175,Up,Bad Things (with Camila Cabello),Machine Gun Kelly,509342,https://i.scdn.co/image/8603eaae0d0c536d48c16acb11cc255741e5c2b2,https://open.spotify.com/track/1mGo7MnaIQ9Bfp1nJDCi1z
175,2017-05-13,176,Down,Obsession (feat. Jon Bellion),Vice,507464,https://i.scdn.co/image/ab67616d00004851613e95f13796f99051766bca,https://open.spotify.com/track/542Xd5qDeLBvgXZXhfW7LE
176,2017-05-13,177,New,Báilame,Nacho,505214,https://i.scdn.co/image/ab67616d000048514b2089fbced0d870deb3e9f2,https://open.spotify.com/track/7lRsNbdOGykkMAgsqs4R1C
177,2017-05-13,178,Flat,Blem,Drake,504124,https://i.scdn.co/image/6dfd956b9331fa9ea1f47ebb95311951ed72b3db,https://open.spotify.com/track/2XlHu0HcujBCkWMdIAvrqt
178,2017-05-13,179,Up,Panda,Desiigner,501872,https://i.scdn.co/image/ab67616d000048513df69bfb7713d8262820612b,https://open.spotify.com/track/5OOkp4U9P9oL23maHFHL1h
179,2017-05-13,180,Down,LUST.,Kendrick Lamar,500154,https://i.scdn.co/image/ae1f239b41e9604a66eb900834c6887cd2f62ff1,https://open.spotify.com/track/06FCvd7rrRcF3DdvWH5Isp
180,2017-05-13,181,Down,Told You So,Paramore,499058,https://i.scdn.co/image/ab67616d00004851dbd83e179619408e5d05cc99,https://open.spotify.com/track/7BpYWzZwrsljT1eIjb0TqR
181,2017-05-13,182,Down,PRIDE.,Kendrick Lamar,492981,https://i.scdn.co/image/ae1f239b41e9604a66eb900834c6887cd2f62ff1,https://open.spotify.com/track/6IZvVAP7VPPnsGX6bvgkqg
182,2017-05-13,183,Up,Perfect Strangers,Jonas Blue,490464,https://i.scdn.co/image/ab67616d0000485179882e87678a76bc1d895e94,https://open.spotify.com/track/1CUVN2kn7mW5FjkqXTR2W1
183,2017-05-13,184,Up,Scars To Your Beautiful,Alessia Cara,485779,https://i.scdn.co/image/5b9e5bd34ec840f07c8530e43a76b1b5e08d8b77,https://open.spotify.com/track/0prNGof3XqfTvNDxHonvdK
184,2017-05-13,185,New,La Bicicleta,Carlos Vives,479908,https://i.scdn.co/image/ab67616d00004851e588b4129b0afd8595ac55b0,https://open.spotify.com/track/43it4kot08akLzFIEMhXNN
185,2017-05-13,186,Down,TG4M,Zara Larsson,479855,https://i.scdn.co/image/ab67616d000048519e1683774b22648f4f178ed3,https://open.spotify.com/track/4uoumbAMEMaKdtiv763jKz
186,2017-05-13,187,Up,This Girl (Kungs Vs. Cookin' On 3 Burners) - Kungs Vs. Cookin' On 3 Burners,Kungs,477854,https://i.scdn.co/image/ab67616d00004851f504cc56f3bd99bc61929272,https://open.spotify.com/track/0tICYNayWWhH9GPeFrfjfD
187,2017-05-13,188,Up,Lean On (feat. MØ & DJ Snake),Major Lazer,474110,https://i.scdn.co/image/ab67616d000048519f55dad3a63f72f1bc8d6f59,https://open.spotify.com/track/4WjH9Bzt3kx7z8kl0awxh4
188,2017-05-13,189,Up,Cake By The Ocean,DNCE,472752,https://i.scdn.co/image/ab67616d00004851a19a2912e1618ada66b2e6e8,https://open.spotify.com/track/2aFiaMXmWsM3Vj72F9ksBl
189,2017-05-13,190,New,Caroline,Aminé,471896,https://i.scdn.co/image/ab67616d00004851a7f01ef25974c10cdbbd566e,https://open.spotify.com/track/5GFDrUTLGJix84sNhjCG0g
190,2017-05-13,191,Up,Get Right Witcha,Migos,469684,https://i.scdn.co/image/ab67616d0000485199a8ab6da9d593939302828a,https://open.spotify.com/track/76Y0gxtTxN0FyDCYh5qYQj
191,2017-05-13,192,New,Never Let Me Go,Alok,469532,https://i.scdn.co/image/ab67616d000048516b004c2fda3bab2dfda7ba5b,https://open.spotify.com/track/06ZpMjkNdIDKVf3mK29UiC
192,2017-05-13,193,Down,FEEL.,Kendrick Lamar,468342,https://i.scdn.co/image/ae1f239b41e9604a66eb900834c6887cd2f62ff1,https://open.spotify.com/track/2LTlO3NuNVN70lp2ZbVswF
193,2017-05-13,194,Up,"Sucker For Pain (with Wiz Khalifa, Imagine Dragons, Logic & Ty Dolla $ign feat. X Ambassadors)",Lil Wayne,466161,https://i.scdn.co/image/ab67616d000048517d8dfcfd507069d7f2062caf,https://open.spotify.com/track/4dASQiO1Eoo3RJvt74FtXB
194,2017-05-13,195,New,7 Years,Lukas Graham,462874,https://i.scdn.co/image/ab67616d0000485104d59cefa11f0eee9f1877a5,https://open.spotify.com/track/7129iqBafaphfc3WPCGC0L
195,2017-05-13,196,New,Be Mine,Ofenbach,458969,https://i.scdn.co/image/ab67616d00004851e819b286432a124e510dc87b,https://open.spotify.com/track/2KklXplRtxMsBYo474Es0w
196,2017-05-13,197,Down,Lust for Life (with The Weeknd),Lana Del Rey,455664,https://i.scdn.co/image/ab67616d00004851cc907289ff9b1a11a9aa7aae,https://open.spotify.com/track/5LYQSNHZxEA880URXFHg6h
197,2017-05-13,198,New,Dile Que Tu Me Quieres,Ozuna,453451,https://i.scdn.co/image/ab67616d0000485133bbd31551e01896f58d688f,https://open.spotify.com/track/20ZAJdsKB5IGbGj4ilRt2o
198,2017-05-13,199,Down,Hunter,Galantis,452808,https://i.scdn.co/image/ab67616d00004851c57e7df0eb72981d8aafd57d,https://open.spotify.com/track/3caMfJGFp53NAH2TuigdNj
199,2017-05-13,200,New,Sunset Lover,Petit Biscuit,448811,https://i.scdn.co/image/ab67616d00004851014080d39d56c94c0b285362,https://open.spotify.com/track/0hNduWmlWmEmuwEFcYvRu1
