,Date,Position,Trend,Title,Artist,Streams,Icon_URL,Spotify_URL
0,2017-05-19,1,Flat,Despacito - Remix,Luis Fonsi,8049063,https://i.scdn.co/image/ab67616d00004851d8559d0280ffe2a2af6dacdf,https://open.spotify.com/track/5CtI0qwDJkDQGwXD1H1cLb
1,2017-05-19,2,Flat,I'm the One,DJ Khaled,6005645,https://i.scdn.co/image/ab67616d0000485150cae4dacd5b66ee13051f09,https://open.spotify.com/track/72Q0FQQo32KJloivv5xge2
2,2017-05-19,3,Flat,Shape of You,Ed Sheeran,4848262,https://i.scdn.co/image/ab67616d00004851ba5db46f4b838ef6027e6f96,https://open.spotify.com/track/7qiZfU4dY1lWllzX7mPBI3
3,2017-05-19,4,Flat,HUMBLE.,Kendrick Lamar,4384233,https://i.scdn.co/image/ae1f239b41e9604a66eb900834c6887cd2f62ff1,https://open.spotify.com/track/7KXjTSCq5nL1LoYtL7XAwS
4,2017-05-19,5,Up,Bad Liar,Selena Gomez,3862299,https://i.scdn.co/image/ab67616d00004851f40c5ecb3d327a55e8aa6714,https://open.spotify.com/track/1sCxVKWImDZSZKvG0U9B23
5,2017-05-19,6,Up,Mask Off,Future,3350665,https://i.scdn.co/image/ab67616d00004851356884f85665ebdd79223fdf,https://open.spotify.com/track/3rOSwuTsUlJp0Pu0MkN8r8
6,2017-05-19,7,Flat,There's Nothing Holdin' Me Back,Shawn Mendes,3269093,https://i.scdn.co/image/ab67616d00004851f9cbd0c07513a7232cd6b9a7,https://open.spotify.com/track/79cuOz3SPQTuFrp8WgftAu
7,2017-05-19,8,Down,Stay (with Alessia Cara),Zedd,3256251,https://i.scdn.co/image/ab67616d0000485191a70f95efc3400f696e89cc,https://open.spotify.com/track/0dA2Mk56wEzDgegdC6R17g
8,2017-05-19,9,Up,Swalla (feat. Nicki Minaj & Ty Dolla $ign),Jason Derulo,3217501,https://i.scdn.co/image/ab67616d000048519d6522bee68370fa5592301d,https://open.spotify.com/track/6kex4EBAj0WHXDKZMEJaaF
9,2017-05-19,10,Down,It Ain't Me (with Selena Gomez),Kygo,3174427,https://i.scdn.co/image/ab67616d0000485141f289940f2e6a0d51988d77,https://open.spotify.com/track/3eR23VReFzcdmS7TYCrhCe
10,2017-05-19,11,Down,Malibu,Miley Cyrus,3169906,https://i.scdn.co/image/ab67616d000048512fe7eac044c3912f06432f22,https://open.spotify.com/track/2habSXqcJGExM6JJyskY7O
11,2017-05-19,12,Up,Something Just Like This,The Chainsmokers,3054381,https://i.scdn.co/image/ab67616d000048510c13d3d5a503c84fcc60ae94,https://open.spotify.com/track/6RUKPb4LETWmmr3iAEQktW
12,2017-05-19,13,Up,Despacito (Featuring Daddy Yankee),Luis Fonsi,3053910,https://i.scdn.co/image/ab67616d00004851a5971936e3b8d91f8b616b17,https://open.spotify.com/track/4aWmUDTfIPGksMNLV2rQP2
13,2017-05-19,14,Flat,That's What I Like,Bruno Mars,2950046,https://i.scdn.co/image/ab67616d00004851232711f7d66a1e19e89e28c5,https://open.spotify.com/track/0KKkJNfGyhkQ5aFogxQAPU
14,2017-05-19,15,Flat,Symphony (feat. Zara Larsson),Clean Bandit,2935591,https://i.scdn.co/image/ab67616d000048515b1130d050c4cd2295999d85,https://open.spotify.com/track/1x5sYLZiu9r5E43kMlt9f8
15,2017-05-19,16,Down,Attention,Charlie Puth,2932582,https://i.scdn.co/image/ab67616d00004851db21a273452f0637cdbc35aa,https://open.spotify.com/track/4iLqG9SeJSnt0cSPICSjxv
16,2017-05-19,17,Flat,Unforgettable,French Montana,2672764,https://i.scdn.co/image/ab67616d00004851482e95a6c610468cddf011da,https://open.spotify.com/track/1F2HXIJrE2Xn81OzT2zZvW
17,2017-05-19,18,Flat,Passionfruit,Drake,2634049,https://i.scdn.co/image/ab67616d000048515ea859dc94365abd9fd84fd6,https://open.spotify.com/track/7hDc8b7IXETo14hHIHdnhd
18,2017-05-19,19,Up,Felices los 4,Maluma,2553491,https://i.scdn.co/image/ab67616d00004851d9732b592276542ecafa6c6d,https://open.spotify.com/track/0qYTZCo5Bwh1nsUFGZP3zn
19,2017-05-19,20,Up,XO TOUR Llif3,Lil Uzi Vert,2504400,https://i.scdn.co/image/ab67616d0000485115531ec8568373f631db9786,https://open.spotify.com/track/2eMwDehkIC1j68U6FA3Eiq
20,2017-05-19,21,Down,Sign of the Times,Harry Styles,2503473,https://i.scdn.co/image/ab67616d000048516c619c39c853f8b1d67b7859,https://open.spotify.com/track/5Ohxk2dO5COHF1krpoPigN
21,2017-05-19,22,Down,First Time,Kygo,2502978,https://i.scdn.co/image/ab67616d00004851b6d86ca196b697ee0f640118,https://open.spotify.com/track/2Gl0FzuLxflY6nPifJp5Dr
22,2017-05-19,23,Flat,Thunder,Imagine Dragons,2300765,https://i.scdn.co/image/ab67616d00004851ffc368984dacb8a4d8fed5a6,https://open.spotify.com/track/56lBX2WHqfGuoeZxZvUnVj
23,2017-05-19,24,Flat,DNA.,Kendrick Lamar,2147452,https://i.scdn.co/image/ae1f239b41e9604a66eb900834c6887cd2f62ff1,https://open.spotify.com/track/6HZILIRieu8S0iqY8kIKhj
24,2017-05-19,25,Up,Slide (feat. Frank Ocean & Migos),Calvin Harris,2052968,https://i.scdn.co/image/ab67616d000048511e439ac0ed08d612808f7122,https://open.spotify.com/track/6gpcs5eMhJwax4mIfKDYQk
25,2017-05-19,26,Up,Scared to Be Lonely,Martin Garrix,2052402,https://i.scdn.co/image/ab67616d0000485164f8a309aa3c0a66a31fc374,https://open.spotify.com/track/3ebXMykcMXOcLeJ9xZ17XH
26,2017-05-19,27,Down,No Promises (feat. Demi Lovato),Cheat Codes,2050076,https://i.scdn.co/image/ab67616d00004851e74ecdb2f1316c8f026970a8,https://open.spotify.com/track/1louJpMmzEicAn7lzDalPW
27,2017-05-19,28,Up,Galway Girl,Ed Sheeran,2046566,https://i.scdn.co/image/ab67616d00004851ba5db46f4b838ef6027e6f96,https://open.spotify.com/track/0afhq8XCExXpqazXczTSve
28,2017-05-19,29,Down,Pretty Girl - Cheat Codes X CADE Remix,Maggie Lindemann,2046354,https://i.scdn.co/image/ab67616d000048515640c17778d716bd35f45b3e,https://open.spotify.com/track/39IsH7B5byx8NRlEKlZVg9
29,2017-05-19,30,Down,Issues,Julia Michaels,2036306,https://i.scdn.co/image/ab67616d000048519615e35e0e9e4b2c3dccb520,https://open.spotify.com/track/1sXUWdKx03aP9Gmzft58rt
30,2017-05-19,31,Down,1-800-273-8255,Logic,2015436,https://i.scdn.co/image/08f9ccb7875a87c07c79c1ccd5319263786c55ea,https://open.spotify.com/track/5tz69p7tJuGPeMGwNTxYuV
31,2017-05-19,32,Up,SUBEME LA RADIO,Enrique Iglesias,1994694,https://i.scdn.co/image/ab67616d000048515366ff028970205a29d558ed,https://open.spotify.com/track/7nKBxz47S9SD79N086fuhn
32,2017-05-19,33,New,Strip That Down,Liam Payne,1956331,https://i.scdn.co/image/ab67616d00004851bc369c191203792d11f2f484,https://open.spotify.com/track/4Ro98RCK90oHqqSZUnTFq5
33,2017-05-19,34,Flat,Congratulations,Post Malone,1879974,https://i.scdn.co/image/23bae95100dcb6ac8f88c19fa2a11c50a998a926,https://open.spotify.com/track/3a1lNhkSLSkpJE4MSHpDu9
34,2017-05-19,35,Flat,Me Rehúso,Danny Ocean,1872616,https://i.scdn.co/image/ab67616d000048517d46593471038b38e40d59a7,https://open.spotify.com/track/6Zosz8w6CmdGMZM6p4JlbQ
35,2017-05-19,36,Down,The Cure,Lady Gaga,1773222,https://i.scdn.co/image/ab67616d000048514a9be9e8223db02a37e1e8fe,https://open.spotify.com/track/51PIvodunv6NmX5250zxAh
36,2017-05-19,37,Flat,Good Life (with G-Eazy & Kehlani),G-Eazy,1692864,https://i.scdn.co/image/ab67616d00004851fcc36f9c0515e6e7faa2030b,https://open.spotify.com/track/1Eck97uRMlprKOOJN9oO1E
37,2017-05-19,38,Flat,Rollin (feat. Future & Khalid),Calvin Harris,1672838,https://i.scdn.co/image/ab67616d0000485191971f372a4499c52f4ebc1c,https://open.spotify.com/track/3FDrI0FLKzrYQiWxPhqV2W
38,2017-05-19,39,Flat,Slow Hands,Niall Horan,1652972,https://i.scdn.co/image/ab67616d00004851805efe949d48d6f50e604919,https://open.spotify.com/track/167NczpNbRF7oWakJaY3Hh
39,2017-05-19,40,Flat,iSpy (feat. Lil Yachty),KYLE,1639933,https://i.scdn.co/image/ab67616d0000485132e373f2988bc6596a542d1c,https://open.spotify.com/track/2EEeOnHehOozLq4aS0n6SL
40,2017-05-19,41,Down,Now Or Never,Halsey,1595909,https://i.scdn.co/image/ab67616d00004851c7ce00e2888e4d65e867e757,https://open.spotify.com/track/1mDGDb2fUmUMdqV3tb8VKQ
41,2017-05-19,42,New,Swish Swish,Katy Perry,1581183,https://i.scdn.co/image/ab67616d00004851848921f387d27842fcafc62f,https://open.spotify.com/track/3VRk65lHSwqd90TAkQqhvB
42,2017-05-19,43,Down,Believer,Imagine Dragons,1580668,https://i.scdn.co/image/ab67616d00004851156aeddf54ed40b1d9d30c9f,https://open.spotify.com/track/6VRghJeP6I0w1KxkdWFfIh
43,2017-05-19,44,Down,Location,Khalid,1576077,https://i.scdn.co/image/ab67616d00004851988ede5e1276e758b5f9e577,https://open.spotify.com/track/152lZdxL1OR0ZMW6KquMif
44,2017-05-19,45,Down,Rockabye (feat. Sean Paul & Anne-Marie),Clean Bandit,1524265,https://i.scdn.co/image/ab67616d000048511431c3bdf16aa99f71799d95,https://open.spotify.com/track/5knuzwU65gJK7IF5yJsuaW
45,2017-05-19,46,New,Crying in the Club,Camila Cabello,1520587,https://i.scdn.co/image/ab67616d00004851cec62b81146fe4d116fbb2fa,https://open.spotify.com/track/1SJtlNRJDeYHioymcvsqev
46,2017-05-19,47,Down,Paris,The Chainsmokers,1478629,https://i.scdn.co/image/ab67616d000048510c13d3d5a503c84fcc60ae94,https://open.spotify.com/track/72jbDTw1piOOj770jWNeaG
47,2017-05-19,48,Down,I Feel It Coming,The Weeknd,1409330,https://i.scdn.co/image/b3683184efeb899b2d1a02f4957d0c630dc10b0b,https://open.spotify.com/track/5GXAXm5YOmYT0kL5jHvYBt
48,2017-05-19,49,Down,El Amante,Nicky Jam,1408548,https://i.scdn.co/image/ab67616d00004851d77dbcd4dbd37cdfa61771fa,https://open.spotify.com/track/3umS4y3uQDkqekNjVpiRUs
49,2017-05-19,50,Down,Bon Appétit,Katy Perry,1405553,https://i.scdn.co/image/ab67616d00004851dc92399392fe6271229995f8,https://open.spotify.com/track/14oOKFGuXu8DqvOe1W8vao
50,2017-05-19,51,Down,"I Don’t Wanna Live Forever (Fifty Shades Darker) - From ""Fifty Shades Darker (Original Motion Picture Soundtrack)""",ZAYN,1380868,https://i.scdn.co/image/ab67616d000048512ae921f082ae5db4d3da818f,https://open.spotify.com/track/3NdDpSvN911VPGivFlV5d0
51,2017-05-19,52,Down,You Don't Know Me - Radio Edit,Jax Jones,1337749,https://i.scdn.co/image/ab67616d00004851bbbcc7a8bd483f8bc949f9ba,https://open.spotify.com/track/4WrS6vezaPwOafKJmHqMEU
52,2017-05-19,53,Down,LOVE. FEAT. ZACARI.,Kendrick Lamar,1305790,https://i.scdn.co/image/ae1f239b41e9604a66eb900834c6887cd2f62ff1,https://open.spotify.com/track/6PGoSes0D9eUDeeAafB2As
53,2017-05-19,54,Down,Escápate Conmigo,Wisin,1301622,https://i.scdn.co/image/ab67616d000048512b02904e5404ad6069c16a4f,https://open.spotify.com/track/2cnKEkpVUSV4wnjQiTWfH6
54,2017-05-19,55,Down,Call On Me - Ryan Riback Extended Remix,Starley,1260148,https://i.scdn.co/image/ab67616d000048519d4079afc73664f86f055400,https://open.spotify.com/track/78rIJddV4X0HkNAInEcYde
55,2017-05-19,56,Flat,Ahora Dice,Chris Jeday,1245838,https://i.scdn.co/image/ab67616d000048513a142c7e7fc7863dc1a256ed,https://open.spotify.com/track/22eADXu8DfOAUEDw4vU8qy
56,2017-05-19,57,Up,Solo Dance,Martin Jensen,1229196,https://i.scdn.co/image/ab67616d00004851950d67dbe3f31f1d9a5d06a2,https://open.spotify.com/track/6HUnnBwYZqcED1eQztxMBN
57,2017-05-19,58,Down,Most Girls,Hailee Steinfeld,1228384,https://i.scdn.co/image/ab67616d000048519e1b81dc79bd5055417b1e5a,https://open.spotify.com/track/2mfUa8bLs2s5N4VaqJZ4lZ
58,2017-05-19,59,Up,Tuesday,Burak Yeter,1209475,https://i.scdn.co/image/ab67616d00004851904a3a2bc1c517f3b2b077b9,https://open.spotify.com/track/5c4tB0saSkNHX5CyDosuF7
59,2017-05-19,60,Down,Portland,Drake,1199599,https://i.scdn.co/image/6dfd956b9331fa9ea1f47ebb95311951ed72b3db,https://open.spotify.com/track/2bjwRfXMk4uRgOD9IBYl9h
60,2017-05-19,61,Down,Say You Won't Let Go,James Arthur,1154662,https://i.scdn.co/image/ab67616d0000485120beb61f61fcbeb33b10a9ab,https://open.spotify.com/track/5uCax9HTNlzGybIStD3vDh
61,2017-05-19,62,Down,Cold,Maroon 5,1150915,https://i.scdn.co/image/ab67616d000048514727f9e79c338683c5bf8921,https://open.spotify.com/track/5NNlUMcOEOdoOIwwaWXv0k
62,2017-05-19,63,Flat,Closer,The Chainsmokers,1142486,https://i.scdn.co/image/ab67616d00004851495ce6da9aeb159e94eaa453,https://open.spotify.com/track/7BKLCZ1jbUBVqRi2FVlTVw
63,2017-05-19,64,Flat,Hey Ma (with Pitbull & J Balvin feat. Camila Cabello) - Spanish Version,Pitbull,1141106,https://i.scdn.co/image/ab67616d000048513e40b472d708ea3c6bd86670,https://open.spotify.com/track/2Vdub5mY4lad7w64bFPUez
64,2017-05-19,65,Down,LOYALTY. FEAT. RIHANNA.,Kendrick Lamar,1123845,https://i.scdn.co/image/ae1f239b41e9604a66eb900834c6887cd2f62ff1,https://open.spotify.com/track/6SwRhMLwNqEi6alNPVG00n
65,2017-05-19,66,Up,Mama,Jonas Blue,1113077,https://i.scdn.co/image/ab67616d0000485100cf56c0f52ed7ff598fa971,https://open.spotify.com/track/4xlrALxuaCf9yZBHJeTSG6
66,2017-05-19,67,Down,The Night We Met,Lord Huron,1112953,https://i.scdn.co/image/ab67616d00004851ee6611c95f868e465c98a0b2,https://open.spotify.com/track/6mORGLOz79w6VsCRLWYYuK
67,2017-05-19,68,Down,Quit (feat. Ariana Grande),Cashmere Cat,1073656,https://i.scdn.co/image/ab67616d00004851e53443feca656fafbbbae361,https://open.spotify.com/track/4Q5yMlwAfAoitqg4r9oZHN
68,2017-05-19,69,Flat,Castle on the Hill,Ed Sheeran,1073199,https://i.scdn.co/image/ab67616d00004851ba5db46f4b838ef6027e6f96,https://open.spotify.com/track/6PCUP3dWmTjcTtXY02oFdT
69,2017-05-19,70,Down,goosebumps,Travis Scott,1071174,https://i.scdn.co/image/ab67616d00004851f54b99bf27cda88f4a7403ce,https://open.spotify.com/track/6gBFPUFcJLzWGx4lenP6h2
70,2017-05-19,71,Up,Starboy,The Weeknd,1057676,https://i.scdn.co/image/ab67616d000048510c8599cbde51245c128bcea9,https://open.spotify.com/track/5aAx2yezTd8zXrkmtKl66Z
71,2017-05-19,72,Down,Tunnel Vision,Kodak Black,1056466,https://i.scdn.co/image/ab67616d000048511541a676423805fc68ff3e66,https://open.spotify.com/track/4Q3N4Ct4zCuIHuZ65E3BD4
72,2017-05-19,73,Up,Chantaje,Shakira,1049684,https://i.scdn.co/image/ab67616d00004851ec71d20b34877384f1d30acd,https://open.spotify.com/track/1WniHvhq9zTkny0WvGXX8o
73,2017-05-19,74,Down,Still Got Time,ZAYN,1043557,https://i.scdn.co/image/ab67616d000048513bfd914f72da2ed8822a634f,https://open.spotify.com/track/000xQL6tZNLJzIrtIgxqSl
74,2017-05-19,75,Up,Sigo Extrañándote,J Balvin,1004724,https://i.scdn.co/image/ab67616d00004851338ffc4c72a192f06070546b,https://open.spotify.com/track/6qDF4wWL49CAVbgT7yuHl8
75,2017-05-19,76,Down,Selfish (feat. Rihanna),Future,1002798,https://i.scdn.co/image/ab67616d00004851968822b495da180d0792a437,https://open.spotify.com/track/2Ce5IyMlVRVvN997ZJjJJA
76,2017-05-19,77,Up,One Dance,Drake,984710,https://i.scdn.co/image/ab67616d00004851726abca207567d5e41cb9667,https://open.spotify.com/track/1xznGGDReH1oQq0xzbwXa3
77,2017-05-19,78,Up,Hey DJ,CNCO,982289,https://i.scdn.co/image/ab67616d000048514358c8856d3acc00ca6c3578,https://open.spotify.com/track/209gZgcfLq2aUuu51vOWBl
78,2017-05-19,79,Down,Bad and Boujee (feat. Lil Uzi Vert),Migos,969240,https://i.scdn.co/image/ab67616d0000485199a8ab6da9d593939302828a,https://open.spotify.com/track/4Km5HrUvYTaSUfiSGPJeQR
79,2017-05-19,80,Down,No Vacancy,OneRepublic,968403,https://i.scdn.co/image/ab67616d000048518eadf2a91387dd890653afbe,https://open.spotify.com/track/6XOYVSmNDjKUNMXooU4s4z
80,2017-05-19,81,Down,ELEMENT.,Kendrick Lamar,959737,https://i.scdn.co/image/ae1f239b41e9604a66eb900834c6887cd2f62ff1,https://open.spotify.com/track/1EaKU4dMbesXXd3BrLCtYG
81,2017-05-19,82,New,Switch,Iggy Azalea,933289,https://i.scdn.co/image/ab67616d000048517bd4571422d36c240e3e40cf,https://open.spotify.com/track/02LZ1fGJE8fB56yTlCVMEV
82,2017-05-19,83,Up,Chained To The Rhythm,Katy Perry,925112,https://i.scdn.co/image/ab67616d00004851edab7220994d4e9629b5e7c3,https://open.spotify.com/track/5ndfVSDyPq90jaIUhNPeby
83,2017-05-19,84,Down,Perfect,Ed Sheeran,911884,https://i.scdn.co/image/ab67616d00004851ba5db46f4b838ef6027e6f96,https://open.spotify.com/track/0tgVpDi06FyKpA1z0VMD4v
84,2017-05-19,85,Up,September Song,JP Cooper,905272,https://i.scdn.co/image/ab67616d000048511400ec742ee0935608e30700,https://open.spotify.com/track/0FuTx2s3YH1ppmtiM6l0zI
85,2017-05-19,86,Down,Body Like A Back Road,Sam Hunt,899360,https://i.scdn.co/image/ab67616d000048519eccbdab1110afc4d5a186a8,https://open.spotify.com/track/7mldq42yDuxiUNn08nvzHO
86,2017-05-19,87,Up,Sweet Creature,Harry Styles,897274,https://i.scdn.co/image/ab67616d000048516c619c39c853f8b1d67b7859,https://open.spotify.com/track/5kRPPEWFJIMox5qIkQkiz5
87,2017-05-19,88,Up,Look At Me!,XXXTENTACION,896873,https://i.scdn.co/image/ab67616d0000485125b5901b8bcf902f54d466d9,https://open.spotify.com/track/4ARPvK8DHLwt4oX65ZAFMw
88,2017-05-19,89,Up,Bounce Back,Big Sean,886642,https://i.scdn.co/image/695d0c097d8463ccc2c2b9855fe44e3e9e7bc267,https://open.spotify.com/track/0SGkqnVQo9KPytSri1H6cF
89,2017-05-19,90,Up,Otra vez (feat. J Balvin),Zion & Lennox,883336,https://i.scdn.co/image/ab67616d0000485182eabf564ddc57325a84dd50,https://open.spotify.com/track/3QwBODjSEzelZyVjxPOHdq
90,2017-05-19,91,Up,Slippery (feat. Gucci Mane),Migos,877795,https://i.scdn.co/image/ab67616d0000485199a8ab6da9d593939302828a,https://open.spotify.com/track/6p8NuHm8uCGnn2Dtbtf7zE
91,2017-05-19,92,Down,Touch,Little Mix,876923,https://i.scdn.co/image/ab67616d000048512318bbb0586903290db2b270,https://open.spotify.com/track/5Ua3GXyHwiSfpNTMjq6m2z
92,2017-05-19,93,Down,The One,The Chainsmokers,875209,https://i.scdn.co/image/ab67616d000048510c13d3d5a503c84fcc60ae94,https://open.spotify.com/track/0wfbD5rAksdXUzRvMfM3x5
93,2017-05-19,94,Flat,Let Me Love You,DJ Snake,873750,https://i.scdn.co/image/ab67616d000048515045de6786e0af096de73ed4,https://open.spotify.com/track/4pdPtRcBmOSQDlJ3Fk945m
94,2017-05-19,95,Down,Whatever It Takes,Imagine Dragons,873600,https://i.scdn.co/image/ab67616d000048518dd89a06b0f31e24bc2d5cbf,https://open.spotify.com/track/4izg6Hydc6XGErWW6nbdsV
95,2017-05-19,96,Down,Fake Love,Drake,869767,https://i.scdn.co/image/6dfd956b9331fa9ea1f47ebb95311951ed72b3db,https://open.spotify.com/track/343YBumqHu19cGoGARUTsd
96,2017-05-19,97,Flat,La Rompe Corazones,Daddy Yankee,866111,https://i.scdn.co/image/ab67616d00004851b84a36483e43bfbcb931fcde,https://open.spotify.com/track/4okba5wu9mMLXx79DXLKi3
97,2017-05-19,98,Down,do re mi,blackbear,863733,https://i.scdn.co/image/ab67616d000048518b41182625f5b10d7f0ccc0b,https://open.spotify.com/track/6CUBgX8bXC5YQCkdgRHqyg
98,2017-05-19,99,New,OK - Spotify Version,Robin Schulz,863126,https://i.scdn.co/image/ab67616d000048517fd57367322c558ca19c9ed8,https://open.spotify.com/track/3bWAqKDWg6u1davspr5IkS
99,2017-05-19,100,Up,24K Magic,Bruno Mars,851052,https://i.scdn.co/image/ab67616d00004851232711f7d66a1e19e89e28c5,https://open.spotify.com/track/6b8Be6ljOzmkOmFslEb23P
100,2017-05-19,101,Down,Black Hole Sun,Soundgarden,835633,https://i.scdn.co/image/d776af384e9806b8d48ecbcf58ea70f0e828f1a7,https://open.spotify.com/track/2EoOZnxNgtmZaD8uUmz2nD
101,2017-05-19,102,New,Tired,Alan Walker,833497,https://i.scdn.co/image/ab67616d00004851c311619d7b02d5c4a6c167f2,https://open.spotify.com/track/3b5Li4QKDVBx1x7fQuu54a
102,2017-05-19,103,Down,Tu Foto,Ozuna,830031,https://i.scdn.co/image/ab67616d000048515a0467b3a49a461da243c362,https://open.spotify.com/track/0Szp49tpFasIjX04Mcsydp
103,2017-05-19,104,Down,Whippin (feat. Felix Snow),Kiiara,828988,https://i.scdn.co/image/ab67616d00004851203e94bd36a9b9c984225d9b,https://open.spotify.com/track/3QWjljChcOMkRDYSzF33Qr
104,2017-05-19,105,Down,"Sola (Remix) [feat. Daddy Yankee, Wisin, Farruko, Zion & Lennox]",Anuel AA,816272,https://i.scdn.co/image/ab67616d00004851a66def7d649149464edc8f1e,https://open.spotify.com/track/5q2JbCNi4FcnglgPfxcV65
105,2017-05-19,106,Down,Redbone,Childish Gambino,815049,https://i.scdn.co/image/ab67616d000048510b97e56ffad7c6211aa848f8,https://open.spotify.com/track/3kxfsdsCpFgN412fpnW85Y
106,2017-05-19,107,Down,Weak,AJR,812125,https://i.scdn.co/image/ab67616d000048513e51f8eb405846373fe30f93,https://open.spotify.com/track/6OuV4vfyb8v3vGGGksqyKf
107,2017-05-19,108,Down,Me Enamoré,Shakira,811633,https://i.scdn.co/image/ab67616d0000485125f35f87388042b2364acbb7,https://open.spotify.com/track/4m5A5meIueOcDBpbqGvkQB
108,2017-05-19,109,Down,Starving,Hailee Steinfeld,810075,https://i.scdn.co/image/ab67616d00004851612495ee5769c99125031be2,https://open.spotify.com/track/1qOLh0tI7trd1zdDKxYZTe
109,2017-05-19,110,Down,T-Shirt,Migos,798304,https://i.scdn.co/image/ab67616d0000485199a8ab6da9d593939302828a,https://open.spotify.com/track/7KOlJ92bu51cltsD9KU5I7
110,2017-05-19,111,Down,Reggaetón Lento (Bailemos),CNCO,768418,https://i.scdn.co/image/ab67616d000048517db0f7ac4c612cce26ccacf9,https://open.spotify.com/track/3AEZUABDXNtecAOSC1qTfo
111,2017-05-19,112,Down,Ciao Adios,Anne-Marie,761669,https://i.scdn.co/image/ab67616d0000485119f06fd0fc43d3ebed4f041d,https://open.spotify.com/track/3EfugazgSddQvzZpkof5I4
112,2017-05-19,113,Down,Drowning (feat. Kodak Black),A Boogie Wit da Hoodie,759119,https://i.scdn.co/image/ab67616d00004851422289e2c09a3b210aa425b5,https://open.spotify.com/track/3LnOF5n1GOs01siYZXzS3p
113,2017-05-19,114,Down,Green Light,Lorde,757390,https://i.scdn.co/image/ab67616d00004851cd594642c6384231664ccc7a,https://open.spotify.com/track/1WC5UN1U79gJlxGLYDGIO7
114,2017-05-19,115,Up,Run Up (feat. PARTYNEXTDOOR & Nicki Minaj),Major Lazer,757269,https://i.scdn.co/image/ab67616d000048518036d7402a6a76aed04f1f98,https://open.spotify.com/track/0fg8CqpjdojMyXLNzM2PaJ
115,2017-05-19,116,Down,Gyalchester,Drake,753583,https://i.scdn.co/image/6dfd956b9331fa9ea1f47ebb95311951ed72b3db,https://open.spotify.com/track/6UjfByV1lDLW0SOVQA4NAi
116,2017-05-19,117,Down,Don't Let Me Down,The Chainsmokers,744185,https://i.scdn.co/image/ab67616d0000485108d87fb54859bc9038f7e5e0,https://open.spotify.com/track/0QsvXIfqM0zZoerQfsI9lm
117,2017-05-19,118,Down,Magnolia,Playboi Carti,739761,https://i.scdn.co/image/cbfa858a49a59efbca64c6f7078068cf07731bd0,https://open.spotify.com/track/1e1JKLEDKP7hEQzJfNAgPl
118,2017-05-19,119,Down,Me Llamas (feat. Maluma) - Remix,Piso 21,733667,https://i.scdn.co/image/ab67616d000048511e1eafb5d2bb1ca39d26f092,https://open.spotify.com/track/5hEM0JchdVzQ5PwvSfITeX
119,2017-05-19,120,Down,Like a Stone,Audioslave,723991,https://i.scdn.co/image/ab67616d000048514d94e1251b7e8c5e247de39c,https://open.spotify.com/track/2xt2piJx6jlFkjS77YiqpL
120,2017-05-19,121,Down,Nights With You,MØ,693742,https://i.scdn.co/image/ab67616d00004851bd58d7394f4103d9810c8edf,https://open.spotify.com/track/5q5gzmbBS5yQzos2BvVr1t
121,2017-05-19,122,Down,I Took A Pill In Ibiza - Seeb Remix,Mike Posner,689200,https://i.scdn.co/image/ab67616d0000485140512e02a594e3378c0256e6,https://open.spotify.com/track/17Fd6Yb7mSbinKG8LoWfFl
122,2017-05-19,123,Up,"CAN'T STOP THE FEELING! (Original Song from DreamWorks Animation's ""TROLLS"")",Justin Timberlake,684832,https://i.scdn.co/image/ab67616d00004851ef37416970812293c08e8a78,https://open.spotify.com/track/6JV2JOEocMgcZxYSZelKcc
123,2017-05-19,124,Down,Hear Me Now,Alok,684188,https://i.scdn.co/image/e308bad29e4cf6dc8aa5cd97449ef71bbb893d40,https://open.spotify.com/track/1a5Yu5L18qNxVhXx38njON
124,2017-05-19,125,Down,Happier,Ed Sheeran,683973,https://i.scdn.co/image/ab67616d00004851ba5db46f4b838ef6027e6f96,https://open.spotify.com/track/2RttW7RAu5nOAfq6YFvApB
125,2017-05-19,126,Down,Bad Bitch (feat. Ty Dolla $ign),Bebe Rexha,681314,https://i.scdn.co/image/ab67616d0000485166ae1fd71a3e5779e98e277a,https://open.spotify.com/track/4ZJPwET9Jrgpkqi4Vo3Yg8
126,2017-05-19,127,Down,Swang,Rae Sremmurd,678175,https://i.scdn.co/image/16293ab3b4f9301aeb5f41810fd7056d463db55e,https://open.spotify.com/track/6mapJIPnQ23RTAevUoE0DL
127,2017-05-19,128,Down,"How Far I'll Go - From ""Moana""",Alessia Cara,674021,https://i.scdn.co/image/ab67616d00004851fb128b1eda22335050f584fe,https://open.spotify.com/track/5hYTyyh2odQKphUbMqc5gN
128,2017-05-19,129,New,The Way I Are (Dance with Somebody) (feat. Lil Wayne) - Spotify Version,Bebe Rexha,669666,https://i.scdn.co/image/ab67616d000048513831dd29f86a00e0df26df4a,https://open.spotify.com/track/6Pw3Gvw4wNMZfTYZa6IQal
129,2017-05-19,130,New,Dig Down,Muse,666650,https://i.scdn.co/image/ab67616d00004851d1be35efb5cd9ae9a6ccc641,https://open.spotify.com/track/7JhTr0G0gr3ESY3B9uqPi4
130,2017-05-19,131,Down,In the Name of Love,Martin Garrix,664271,https://i.scdn.co/image/ab67616d00004851923db3f255cd48a6d5783ebf,https://open.spotify.com/track/04DwTuZ2VBdJCCC5TROn7L
131,2017-05-19,132,Down,Vente Pa' Ca,Ricky Martin,662928,https://i.scdn.co/image/ab67616d000048513d90f5938459be40b7b6652a,https://open.spotify.com/track/7DM4BPaS7uofFul3ywMe46
132,2017-05-19,133,Down,Don't Wanna Know,Maroon 5,657760,https://i.scdn.co/image/ab67616d00004851eec1912bbc2ff74b8203fe5f,https://open.spotify.com/track/5MFzQMkrl1FOOng9tq6R9r
133,2017-05-19,134,Down,Photograph,Ed Sheeran,647366,https://i.scdn.co/image/ab67616d00004851d08209944468440145f01524,https://open.spotify.com/track/6fxVffaTuwjgEk5h9QyRjy
134,2017-05-19,135,Down,Cold Water (feat. Justin Bieber & MØ),Major Lazer,643309,https://i.scdn.co/image/ab67616d000048512e8f1cca2bc8c9d55930523b,https://open.spotify.com/track/6DNtNfH8hXkqOX1sjqmI7p
135,2017-05-19,136,New,Heavy (feat. Kiiara),Linkin Park,642870,https://i.scdn.co/image/ab67616d00004851145e1cf12538f5666511237d,https://open.spotify.com/track/104buTcnP2AsxqB7U1FIZ4
136,2017-05-19,137,Down,Hard Times,Paramore,639111,https://i.scdn.co/image/ab67616d00004851dbd83e179619408e5d05cc99,https://open.spotify.com/track/0w5Bdu51Ka25Pf3hojsKHh
137,2017-05-19,138,Down,Treat You Better,Shawn Mendes,637336,https://i.scdn.co/image/ab67616d00004851188e6332f32088921ab1eaf8,https://open.spotify.com/track/4Hf7WnR761jpxPr5D46Bcd
138,2017-05-19,139,Down,Everybody,Logic,623727,https://i.scdn.co/image/08f9ccb7875a87c07c79c1ccd5319263786c55ea,https://open.spotify.com/track/7cGFbx7MP0H23iHZTZpqMM
139,2017-05-19,140,Down,Side To Side,Ariana Grande,620984,https://i.scdn.co/image/ab67616d000048517227f5854239a059af211d5b,https://open.spotify.com/track/4pLwZjInHj3SimIyN9SnOz
140,2017-05-19,141,Down,We Don't Talk Anymore,Charlie Puth,616252,https://i.scdn.co/image/ab67616d00004851c0e28105f0533c52717c46c2,https://open.spotify.com/track/68EMU2RD1ECNeOeJ5qAXCV
141,2017-05-19,142,Down,Obsession (feat. Jon Bellion),Vice,612480,https://i.scdn.co/image/ab67616d00004851613e95f13796f99051766bca,https://open.spotify.com/track/542Xd5qDeLBvgXZXhfW7LE
142,2017-05-19,143,Down,Carolina,Harry Styles,610646,https://i.scdn.co/image/ab67616d000048516c619c39c853f8b1d67b7859,https://open.spotify.com/track/3Dwq1oiOFys6Sxr5SslmXw
143,2017-05-19,144,Down,Rolex,Ayo & Teo,609729,https://i.scdn.co/image/ab67616d0000485179dbd95fbdf6b0d617bd32dd,https://open.spotify.com/track/0pSBuHjILhNEo55xK1zrRt
144,2017-05-19,145,Down,Alguien Robo,Sebastian Yatra,596522,https://i.scdn.co/image/ab67616d0000485135e1cf8c70c60dc416956c17,https://open.spotify.com/track/5i50gKdLAjjIr7UxRT5IVy
145,2017-05-19,146,Down,Dive,Ed Sheeran,596165,https://i.scdn.co/image/ab67616d00004851ba5db46f4b838ef6027e6f96,https://open.spotify.com/track/51ChrwmUPDJvedPQnIU8Ls
146,2017-05-19,147,Down,Break Up Every Night,The Chainsmokers,592259,https://i.scdn.co/image/ab67616d000048510c13d3d5a503c84fcc60ae94,https://open.spotify.com/track/6cPyTS0Kk2sc4xQwC93kOg
147,2017-05-19,148,Down,Safari,J Balvin,591585,https://i.scdn.co/image/ab67616d00004851338ffc4c72a192f06070546b,https://open.spotify.com/track/6rQSrBHf7HlZjtcMZ4S4bO
148,2017-05-19,149,New,At My Best (feat. Hailee Steinfeld),Machine Gun Kelly,587514,https://i.scdn.co/image/8603eaae0d0c536d48c16acb11cc255741e5c2b2,https://open.spotify.com/track/1i7iLxK9oQSo2uPxyVldRf
149,2017-05-19,150,Down,Work from Home (feat. Ty Dolla $ign),Fifth Harmony,582946,https://i.scdn.co/image/ab67616d00004851d03fa6f4e758282b7920b5c8,https://open.spotify.com/track/4tCtwWceOPWzenK2HAIJSb
150,2017-05-19,151,Down,Heathens,Twenty One Pilots,578441,https://i.scdn.co/image/ab67616d000048512ca3ba8f334ca5a5f0312efb,https://open.spotify.com/track/6i0V12jOa3mr6uu4WYhUBr
151,2017-05-19,152,Down,Thinking out Loud,Ed Sheeran,574879,https://i.scdn.co/image/ab67616d00004851d08209944468440145f01524,https://open.spotify.com/track/1Slwb6dOYkBlWal1PGtnNg
152,2017-05-19,153,Flat,Cheap Thrills,Sia,572557,https://i.scdn.co/image/ab67616d0000485149e0134c686547c28b7c999f,https://open.spotify.com/track/27SdWb2rFzO6GWiYDBTD9j
153,2017-05-19,154,Down,Love Yourself,Justin Bieber,565946,https://i.scdn.co/image/ab67616d00004851b6d9a4fbb0bd49f0f034aead,https://open.spotify.com/track/3hB5DgAiMAQ4DzYbsMq1IT
154,2017-05-19,155,Down,Vacaciones,Wisin,560510,https://i.scdn.co/image/ab67616d00004851c85f0d16973e9dae6f8a786c,https://open.spotify.com/track/3dQDid3IUNhZy1OehIfYfE
155,2017-05-19,156,Up,Faded,Alan Walker,559745,https://i.scdn.co/image/ab67616d00004851c4d00cac55ae1b4598c9bc90,https://open.spotify.com/track/7gHs73wELdeycvS48JfIos
156,2017-05-19,157,Down,Te Quiero Pa´Mi,Don Omar,559440,https://i.scdn.co/image/ab67616d00004851d0cb2a58e3bf5d7ac5ece16f,https://open.spotify.com/track/3BY2mafsbsoKGqS380Xnuz
157,2017-05-19,158,Up,Kiwi,Harry Styles,557607,https://i.scdn.co/image/ab67616d000048516c619c39c853f8b1d67b7859,https://open.spotify.com/track/33SNO8AaciGbNaQFkxvPrW
158,2017-05-19,159,Up,Broccoli (feat. Lil Yachty),DRAM,557544,https://i.scdn.co/image/ab67616d00004851f02a1575a59bd05998826351,https://open.spotify.com/track/7yyRTcZmCiyzzJlNzGC9Ol
159,2017-05-19,160,Down,"Ay Mi Dios (feat. Pitbull, Yandel & Chacal)",IAmChino,555398,https://i.scdn.co/image/ab67616d000048511568fbc07414eb185c58ef62,https://open.spotify.com/track/6stYbAJgTszHAHZMPxWWCY
160,2017-05-19,161,Down,wokeuplikethis*,Playboi Carti,553975,https://i.scdn.co/image/cbfa858a49a59efbca64c6f7078068cf07731bd0,https://open.spotify.com/track/59J5nzL1KniFHnU120dQzt
161,2017-05-19,162,Down,Mercy,Shawn Mendes,553019,https://i.scdn.co/image/ab67616d00004851188e6332f32088921ab1eaf8,https://open.spotify.com/track/4TZy1wLyHec06pwgFYDh1a
162,2017-05-19,163,Down,XXX. FEAT. U2.,Kendrick Lamar,551252,https://i.scdn.co/image/ae1f239b41e9604a66eb900834c6887cd2f62ff1,https://open.spotify.com/track/4iYRa2btalAzPZoSYfROqF
163,2017-05-19,164,Down,All Time Low,Jon Bellion,548112,https://i.scdn.co/image/ff06a4138a99d272c24d2f6da9b5ea6067c054db,https://open.spotify.com/track/1CnPYaKxTVb4LWOtiGOm0m
164,2017-05-19,165,Up,My Way,Calvin Harris,547486,https://i.scdn.co/image/ab67616d000048518d12bc5e3ea5c9f4a967de32,https://open.spotify.com/track/1vvNmPOiUuyCbgWmtc6yfm
165,2017-05-19,166,Down,All Night,The Vamps,543451,https://i.scdn.co/image/ab67616d00004851f03c9779c27137669304ea20,https://open.spotify.com/track/1yNyoWWWikbLhwIGWjZuDW
166,2017-05-19,167,Down,Love On The Brain,Rihanna,538956,https://i.scdn.co/image/ddc285ca9817c96c7719b3f2a759e108787db021,https://open.spotify.com/track/2aksifNn5ph8igDOkPBA02
167,2017-05-19,168,Down,This Is What You Came For,Calvin Harris,537952,https://i.scdn.co/image/ab67616d00004851d9aa52355e062f5de060adbf,https://open.spotify.com/track/0azC730Exh71aQlOt9Zj3y
168,2017-05-19,169,Down,Black Beatles,Rae Sremmurd,534378,https://i.scdn.co/image/16293ab3b4f9301aeb5f41810fd7056d463db55e,https://open.spotify.com/track/6fujklziTHa8uoM5OQSfIo
169,2017-05-19,170,Down,Si Tú La Ves (feat. Wisin),Nicky Jam,532876,https://i.scdn.co/image/ab67616d00004851d77dbcd4dbd37cdfa61771fa,https://open.spotify.com/track/4yN6xPLopmTLvc27pO9LIE
170,2017-05-19,171,Down,Stressed Out,Twenty One Pilots,532723,https://i.scdn.co/image/ab67616d00004851de03bfc2991fd5bcfde65ba3,https://open.spotify.com/track/3CRDbSIZ4r5MsZ0YwxuEkn
171,2017-05-19,172,Down,Sorry,Justin Bieber,531746,https://i.scdn.co/image/ab67616d00004851b6d9a4fbb0bd49f0f034aead,https://open.spotify.com/track/69bp2EbF7Q2rqc5N3ylezZ
172,2017-05-19,173,Down,Human,Rag'n'Bone Man,531109,https://i.scdn.co/image/ab67616d0000485190a788beadaad34ff684d3ec,https://open.spotify.com/track/58zsLZPvfflaiIbNWoA22O
173,2017-05-19,174,Down,Báilame,Nacho,529794,https://i.scdn.co/image/ab67616d000048514b2089fbced0d870deb3e9f2,https://open.spotify.com/track/7lRsNbdOGykkMAgsqs4R1C
174,2017-05-19,175,Down,What Do I Know?,Ed Sheeran,529345,https://i.scdn.co/image/ab67616d00004851ba5db46f4b838ef6027e6f96,https://open.spotify.com/track/2pJZ1v8HezrAoZ0Fhzby92
175,2017-05-19,176,Up,Hunter,Galantis,528502,https://i.scdn.co/image/ab67616d00004851c57e7df0eb72981d8aafd57d,https://open.spotify.com/track/3caMfJGFp53NAH2TuigdNj
176,2017-05-19,177,Down,Just Hold On,Steve Aoki,526140,https://i.scdn.co/image/ab67616d0000485122e2ce2de8bad6d67ee69b48,https://open.spotify.com/track/3EmmCZoqpWOTY1g2GBwJoR
177,2017-05-19,178,Down,Traicionera,Sebastian Yatra,524171,https://i.scdn.co/image/ab67616d00004851dbe5e9f934a9be5db8884c52,https://open.spotify.com/track/5J1c3M4EldCfNxXwrwt8mT
178,2017-05-19,179,Down,White Iverson,Post Malone,517344,https://i.scdn.co/image/23bae95100dcb6ac8f88c19fa2a11c50a998a926,https://open.spotify.com/track/6eT7xZZlB2mwyzJ2sUKG6w
179,2017-05-19,180,Down,Ride,Twenty One Pilots,511530,https://i.scdn.co/image/ab67616d00004851de03bfc2991fd5bcfde65ba3,https://open.spotify.com/track/2Z8WuEywRWYTKe1NybPQEW
180,2017-05-19,181,Down,Lumbra,Cali Y El Dandee,507639,https://i.scdn.co/image/ab67616d000048511b871ef4de91bd38cac024d1,https://open.spotify.com/track/6VHdcVbiKLYYOcMbIqBcuK
181,2017-05-19,182,Down,Skin,Rag'n'Bone Man,507266,https://i.scdn.co/image/ab67616d0000485190a788beadaad34ff684d3ec,https://open.spotify.com/track/6y2Kaz9QI01XBKJ8mTb7Pf
182,2017-05-19,183,Up,Two Ghosts,Harry Styles,505889,https://i.scdn.co/image/ab67616d000048516c619c39c853f8b1d67b7859,https://open.spotify.com/track/4B1rpPmQXwj78wk6aIGwwU
183,2017-05-19,184,Down,Perfect Strangers,Jonas Blue,501031,https://i.scdn.co/image/ab67616d0000485179882e87678a76bc1d895e94,https://open.spotify.com/track/1CUVN2kn7mW5FjkqXTR2W1
184,2017-05-19,185,New,Nobody Can Save Me,Linkin Park,500166,https://i.scdn.co/image/ab67616d00004851145e1cf12538f5666511237d,https://open.spotify.com/track/3dJj6o9o1fRgrojWjailuz
185,2017-05-19,186,Down,YAH.,Kendrick Lamar,491344,https://i.scdn.co/image/ae1f239b41e9604a66eb900834c6887cd2f62ff1,https://open.spotify.com/track/4BHSjbYylfOH5WAGusDyni
186,2017-05-19,187,Up,Meet Me in the Hallway,Harry Styles,491245,https://i.scdn.co/image/ab67616d000048516c619c39c853f8b1d67b7859,https://open.spotify.com/track/4u9Y4Z9i9VaAbBK7rW1Rha
187,2017-05-19,188,Up,Panda,Desiigner,491160,https://i.scdn.co/image/ab67616d000048513df69bfb7713d8262820612b,https://open.spotify.com/track/5OOkp4U9P9oL23maHFHL1h
188,2017-05-19,189,Down,Bad Things (with Camila Cabello),Machine Gun Kelly,489740,https://i.scdn.co/image/d5f976093a4dcbc5ea9d4c04b414207f8bdce469,https://open.spotify.com/track/1PSBzsahR2AKwLJgx8ehBj
189,2017-05-19,190,Up,Lean On (feat. MØ & DJ Snake),Major Lazer,484743,https://i.scdn.co/image/ab67616d000048519f55dad3a63f72f1bc8d6f59,https://open.spotify.com/track/4WjH9Bzt3kx7z8kl0awxh4
190,2017-05-19,191,Down,Scars To Your Beautiful,Alessia Cara,484021,https://i.scdn.co/image/5b9e5bd34ec840f07c8530e43a76b1b5e08d8b77,https://open.spotify.com/track/0prNGof3XqfTvNDxHonvdK
191,2017-05-19,192,Down,TG4M,Zara Larsson,480339,https://i.scdn.co/image/ab67616d000048519e1683774b22648f4f178ed3,https://open.spotify.com/track/4uoumbAMEMaKdtiv763jKz
192,2017-05-19,193,Down,Show Me How to Live,Audioslave,477997,https://i.scdn.co/image/ab67616d000048514d94e1251b7e8c5e247de39c,https://open.spotify.com/track/21tuvt3CXIsNquc32v8jpc
193,2017-05-19,194,Down,Get Right Witcha,Migos,477958,https://i.scdn.co/image/ab67616d0000485199a8ab6da9d593939302828a,https://open.spotify.com/track/76Y0gxtTxN0FyDCYh5qYQj
194,2017-05-19,195,Down,No More Sad Songs,Little Mix,474689,https://i.scdn.co/image/ab67616d000048511271b19cbf9d3788532a67f5,https://open.spotify.com/track/5ZnJsoJGkQ5K15W7Rcr5JO
195,2017-05-19,196,Flat,"Sucker For Pain (with Wiz Khalifa, Imagine Dragons, Logic & Ty Dolla $ign feat. X Ambassadors)",Lil Wayne,473517,https://i.scdn.co/image/ab67616d000048517d8dfcfd507069d7f2062caf,https://open.spotify.com/track/4dASQiO1Eoo3RJvt74FtXB
196,2017-05-19,197,New,Sorry for Now,Linkin Park,473472,https://i.scdn.co/image/ab67616d00004851145e1cf12538f5666511237d,https://open.spotify.com/track/34isqXjbTstbYwl2MfdzDq
197,2017-05-19,198,Down,"Lose Yourself - From ""8 Mile"" Soundtrack",Eminem,473123,https://i.scdn.co/image/36440dfd440d23086573d62a32def35ecc42f111,https://open.spotify.com/track/5Z01UMMf7V1o0MzF86s6WJ
198,2017-05-19,199,Down,La Bicicleta,Carlos Vives,470535,https://i.scdn.co/image/ab67616d00004851e588b4129b0afd8595ac55b0,https://open.spotify.com/track/43it4kot08akLzFIEMhXNN
199,2017-05-19,200,Down,LUST.,Kendrick Lamar,469968,https://i.scdn.co/image/ae1f239b41e9604a66eb900834c6887cd2f62ff1,https://open.spotify.com/track/06FCvd7rrRcF3DdvWH5Isp
