,Date,Position,Trend,Title,Artist,Streams,Icon_URL,Spotify_URL
0,2017-05-23,1,Flat,Despacito - Remix,Luis Fonsi,7395783,https://i.scdn.co/image/ab67616d00004851d8559d0280ffe2a2af6dacdf,https://open.spotify.com/track/5CtI0qwDJkDQGwXD1H1cLb
1,2017-05-23,2,Flat,I'm the One,DJ Khaled,5475159,https://i.scdn.co/image/ab67616d0000485150cae4dacd5b66ee13051f09,https://open.spotify.com/track/72Q0FQQo32KJloivv5xge2
2,2017-05-23,3,Flat,Shape of You,Ed Sheeran,4245110,https://i.scdn.co/image/ab67616d00004851ba5db46f4b838ef6027e6f96,https://open.spotify.com/track/7qiZfU4dY1lWllzX7mPBI3
3,2017-05-23,4,Flat,HUMBLE.,Kendrick Lamar,3984676,https://i.scdn.co/image/ae1f239b41e9604a66eb900834c6887cd2f62ff1,https://open.spotify.com/track/7KXjTSCq5nL1LoYtL7XAwS
4,2017-05-23,5,Flat,There's Nothing Holdin' Me Back,Shawn Mendes,3153112,https://i.scdn.co/image/ab67616d00004851f9cbd0c07513a7232cd6b9a7,https://open.spotify.com/track/79cuOz3SPQTuFrp8WgftAu
5,2017-05-23,6,Flat,Malibu,Miley Cyrus,3101332,https://i.scdn.co/image/ab67616d000048512fe7eac044c3912f06432f22,https://open.spotify.com/track/2habSXqcJGExM6JJyskY7O
6,2017-05-23,7,Up,Mask Off,Future,3029453,https://i.scdn.co/image/ab67616d00004851356884f85665ebdd79223fdf,https://open.spotify.com/track/3rOSwuTsUlJp0Pu0MkN8r8
7,2017-05-23,8,Up,Stay (with Alessia Cara),Zedd,3007094,https://i.scdn.co/image/ab67616d0000485191a70f95efc3400f696e89cc,https://open.spotify.com/track/0dA2Mk56wEzDgegdC6R17g
8,2017-05-23,9,Up,Swalla (feat. Nicki Minaj & Ty Dolla $ign),Jason Derulo,3001476,https://i.scdn.co/image/ab67616d000048519d6522bee68370fa5592301d,https://open.spotify.com/track/6kex4EBAj0WHXDKZMEJaaF
9,2017-05-23,10,Up,Attention,Charlie Puth,2997920,https://i.scdn.co/image/ab67616d00004851db21a273452f0637cdbc35aa,https://open.spotify.com/track/4iLqG9SeJSnt0cSPICSjxv
10,2017-05-23,11,Down,Bad Liar,Selena Gomez,2956091,https://i.scdn.co/image/ab67616d00004851f40c5ecb3d327a55e8aa6714,https://open.spotify.com/track/1sCxVKWImDZSZKvG0U9B23
11,2017-05-23,12,Flat,It Ain't Me (with Selena Gomez),Kygo,2917917,https://i.scdn.co/image/ab67616d0000485141f289940f2e6a0d51988d77,https://open.spotify.com/track/3eR23VReFzcdmS7TYCrhCe
12,2017-05-23,13,Flat,Something Just Like This,The Chainsmokers,2794364,https://i.scdn.co/image/ab67616d000048510c13d3d5a503c84fcc60ae94,https://open.spotify.com/track/6RUKPb4LETWmmr3iAEQktW
13,2017-05-23,14,Flat,That's What I Like,Bruno Mars,2752746,https://i.scdn.co/image/ab67616d00004851232711f7d66a1e19e89e28c5,https://open.spotify.com/track/0KKkJNfGyhkQ5aFogxQAPU
14,2017-05-23,15,Up,Despacito (Featuring Daddy Yankee),Luis Fonsi,2715677,https://i.scdn.co/image/ab67616d00004851a5971936e3b8d91f8b616b17,https://open.spotify.com/track/4aWmUDTfIPGksMNLV2rQP2
15,2017-05-23,16,Down,Symphony (feat. Zara Larsson),Clean Bandit,2696862,https://i.scdn.co/image/ab67616d000048515b1130d050c4cd2295999d85,https://open.spotify.com/track/1x5sYLZiu9r5E43kMlt9f8
16,2017-05-23,17,Flat,Unforgettable,French Montana,2581977,https://i.scdn.co/image/ab67616d00004851482e95a6c610468cddf011da,https://open.spotify.com/track/1F2HXIJrE2Xn81OzT2zZvW
17,2017-05-23,18,Flat,Sign of the Times,Harry Styles,2441921,https://i.scdn.co/image/ab67616d000048516c619c39c853f8b1d67b7859,https://open.spotify.com/track/5Ohxk2dO5COHF1krpoPigN
18,2017-05-23,19,Flat,XO TOUR Llif3,Lil Uzi Vert,2407217,https://i.scdn.co/image/ab67616d0000485115531ec8568373f631db9786,https://open.spotify.com/track/2eMwDehkIC1j68U6FA3Eiq
19,2017-05-23,20,Up,Thunder,Imagine Dragons,2374206,https://i.scdn.co/image/ab67616d00004851ffc368984dacb8a4d8fed5a6,https://open.spotify.com/track/56lBX2WHqfGuoeZxZvUnVj
20,2017-05-23,21,Up,Felices los 4,Maluma,2343709,https://i.scdn.co/image/ab67616d00004851d9732b592276542ecafa6c6d,https://open.spotify.com/track/0qYTZCo5Bwh1nsUFGZP3zn
21,2017-05-23,22,Down,First Time,Kygo,2326370,https://i.scdn.co/image/ab67616d00004851b6d86ca196b697ee0f640118,https://open.spotify.com/track/2Gl0FzuLxflY6nPifJp5Dr
22,2017-05-23,23,Flat,Passionfruit,Drake,2205038,https://i.scdn.co/image/ab67616d000048515ea859dc94365abd9fd84fd6,https://open.spotify.com/track/7hDc8b7IXETo14hHIHdnhd
23,2017-05-23,24,Flat,No Promises (feat. Demi Lovato),Cheat Codes,2021437,https://i.scdn.co/image/ab67616d00004851e74ecdb2f1316c8f026970a8,https://open.spotify.com/track/1louJpMmzEicAn7lzDalPW
24,2017-05-23,25,Flat,Issues,Julia Michaels,2000393,https://i.scdn.co/image/ab67616d000048519615e35e0e9e4b2c3dccb520,https://open.spotify.com/track/1sXUWdKx03aP9Gmzft58rt
25,2017-05-23,26,Up,1-800-273-8255,Logic,1990070,https://i.scdn.co/image/08f9ccb7875a87c07c79c1ccd5319263786c55ea,https://open.spotify.com/track/5tz69p7tJuGPeMGwNTxYuV
26,2017-05-23,27,Down,Pretty Girl - Cheat Codes X CADE Remix,Maggie Lindemann,1977938,https://i.scdn.co/image/ab67616d000048515640c17778d716bd35f45b3e,https://open.spotify.com/track/39IsH7B5byx8NRlEKlZVg9
27,2017-05-23,28,Up,Strip That Down,Liam Payne,1903399,https://i.scdn.co/image/ab67616d00004851ec1abb2ba5e210e826161111,https://open.spotify.com/track/6EpRaXYhGOB3fj4V2uDkMJ
28,2017-05-23,29,Down,DNA.,Kendrick Lamar,1901182,https://i.scdn.co/image/ae1f239b41e9604a66eb900834c6887cd2f62ff1,https://open.spotify.com/track/6HZILIRieu8S0iqY8kIKhj
29,2017-05-23,30,Down,Slide (feat. Frank Ocean & Migos),Calvin Harris,1870275,https://i.scdn.co/image/ab67616d000048511e439ac0ed08d612808f7122,https://open.spotify.com/track/6gpcs5eMhJwax4mIfKDYQk
30,2017-05-23,31,Down,Galway Girl,Ed Sheeran,1843015,https://i.scdn.co/image/ab67616d00004851ba5db46f4b838ef6027e6f96,https://open.spotify.com/track/0afhq8XCExXpqazXczTSve
31,2017-05-23,32,Flat,SUBEME LA RADIO,Enrique Iglesias,1840815,https://i.scdn.co/image/ab67616d000048515366ff028970205a29d558ed,https://open.spotify.com/track/7nKBxz47S9SD79N086fuhn
32,2017-05-23,33,Flat,Congratulations,Post Malone,1789764,https://i.scdn.co/image/23bae95100dcb6ac8f88c19fa2a11c50a998a926,https://open.spotify.com/track/3a1lNhkSLSkpJE4MSHpDu9
33,2017-05-23,34,Up,Me Rehúso,Danny Ocean,1727493,https://i.scdn.co/image/ab67616d000048517d46593471038b38e40d59a7,https://open.spotify.com/track/6Zosz8w6CmdGMZM6p4JlbQ
34,2017-05-23,35,Down,Slow Hands,Niall Horan,1697928,https://i.scdn.co/image/ab67616d00004851805efe949d48d6f50e604919,https://open.spotify.com/track/167NczpNbRF7oWakJaY3Hh
35,2017-05-23,36,Down,Scared to Be Lonely,Martin Garrix,1685365,https://i.scdn.co/image/ab67616d0000485164f8a309aa3c0a66a31fc374,https://open.spotify.com/track/3ebXMykcMXOcLeJ9xZ17XH
36,2017-05-23,37,Flat,The Cure,Lady Gaga,1660050,https://i.scdn.co/image/ab67616d000048514a9be9e8223db02a37e1e8fe,https://open.spotify.com/track/51PIvodunv6NmX5250zxAh
37,2017-05-23,38,Flat,Now Or Never,Halsey,1640513,https://i.scdn.co/image/ab67616d00004851c7ce00e2888e4d65e867e757,https://open.spotify.com/track/1mDGDb2fUmUMdqV3tb8VKQ
38,2017-05-23,39,Flat,Good Life (with G-Eazy & Kehlani),G-Eazy,1584540,https://i.scdn.co/image/ab67616d00004851fcc36f9c0515e6e7faa2030b,https://open.spotify.com/track/1Eck97uRMlprKOOJN9oO1E
39,2017-05-23,40,Up,Location,Khalid,1530006,https://i.scdn.co/image/ab67616d00004851988ede5e1276e758b5f9e577,https://open.spotify.com/track/152lZdxL1OR0ZMW6KquMif
40,2017-05-23,41,Down,Believer,Imagine Dragons,1526202,https://i.scdn.co/image/ab67616d00004851156aeddf54ed40b1d9d30c9f,https://open.spotify.com/track/6VRghJeP6I0w1KxkdWFfIh
41,2017-05-23,42,Down,Rollin (feat. Future & Khalid),Calvin Harris,1486479,https://i.scdn.co/image/ab67616d0000485191971f372a4499c52f4ebc1c,https://open.spotify.com/track/3FDrI0FLKzrYQiWxPhqV2W
42,2017-05-23,43,Flat,iSpy (feat. Lil Yachty),KYLE,1484561,https://i.scdn.co/image/ab67616d0000485132e373f2988bc6596a542d1c,https://open.spotify.com/track/2EEeOnHehOozLq4aS0n6SL
43,2017-05-23,44,Flat,Rockabye (feat. Sean Paul & Anne-Marie),Clean Bandit,1389668,https://i.scdn.co/image/ab67616d000048511431c3bdf16aa99f71799d95,https://open.spotify.com/track/5knuzwU65gJK7IF5yJsuaW
44,2017-05-23,45,Up,Crying in the Club,Camila Cabello,1384920,https://i.scdn.co/image/ab67616d00004851cec62b81146fe4d116fbb2fa,https://open.spotify.com/track/1SJtlNRJDeYHioymcvsqev
45,2017-05-23,46,Flat,Paris,The Chainsmokers,1342411,https://i.scdn.co/image/ab67616d000048510c13d3d5a503c84fcc60ae94,https://open.spotify.com/track/72jbDTw1piOOj770jWNeaG
46,2017-05-23,47,Up,Escápate Conmigo,Wisin,1340653,https://i.scdn.co/image/ab67616d000048512b02904e5404ad6069c16a4f,https://open.spotify.com/track/2cnKEkpVUSV4wnjQiTWfH6
47,2017-05-23,48,Up,I Feel It Coming,The Weeknd,1297640,https://i.scdn.co/image/b3683184efeb899b2d1a02f4957d0c630dc10b0b,https://open.spotify.com/track/5GXAXm5YOmYT0kL5jHvYBt
48,2017-05-23,49,Down,Bon Appétit,Katy Perry,1293801,https://i.scdn.co/image/ab67616d00004851dc92399392fe6271229995f8,https://open.spotify.com/track/14oOKFGuXu8DqvOe1W8vao
49,2017-05-23,50,Flat,"I Don’t Wanna Live Forever (Fifty Shades Darker) - From ""Fifty Shades Darker (Original Motion Picture Soundtrack)""",ZAYN,1289676,https://i.scdn.co/image/ab67616d000048512ae921f082ae5db4d3da818f,https://open.spotify.com/track/3NdDpSvN911VPGivFlV5d0
50,2017-05-23,51,Up,Mama,Jonas Blue,1282573,https://i.scdn.co/image/ab67616d0000485100cf56c0f52ed7ff598fa971,https://open.spotify.com/track/4xlrALxuaCf9yZBHJeTSG6
51,2017-05-23,52,Down,El Amante,Nicky Jam,1231563,https://i.scdn.co/image/ab67616d00004851d77dbcd4dbd37cdfa61771fa,https://open.spotify.com/track/3umS4y3uQDkqekNjVpiRUs
52,2017-05-23,53,Up,Swish Swish,Katy Perry,1208043,https://i.scdn.co/image/ab67616d00004851848921f387d27842fcafc62f,https://open.spotify.com/track/3VRk65lHSwqd90TAkQqhvB
53,2017-05-23,54,Down,Most Girls,Hailee Steinfeld,1194792,https://i.scdn.co/image/ab67616d000048519e1b81dc79bd5055417b1e5a,https://open.spotify.com/track/2mfUa8bLs2s5N4VaqJZ4lZ
54,2017-05-23,55,Flat,Ahora Dice,Chris Jeday,1181039,https://i.scdn.co/image/ab67616d000048513a142c7e7fc7863dc1a256ed,https://open.spotify.com/track/22eADXu8DfOAUEDw4vU8qy
55,2017-05-23,56,Flat,LOVE. FEAT. ZACARI.,Kendrick Lamar,1151748,https://i.scdn.co/image/ae1f239b41e9604a66eb900834c6887cd2f62ff1,https://open.spotify.com/track/6PGoSes0D9eUDeeAafB2As
56,2017-05-23,57,Flat,Say You Won't Let Go,James Arthur,1138371,https://i.scdn.co/image/ab67616d0000485120beb61f61fcbeb33b10a9ab,https://open.spotify.com/track/5uCax9HTNlzGybIStD3vDh
57,2017-05-23,58,Up,Portland,Drake,1130167,https://i.scdn.co/image/6dfd956b9331fa9ea1f47ebb95311951ed72b3db,https://open.spotify.com/track/2bjwRfXMk4uRgOD9IBYl9h
58,2017-05-23,59,Down,You Don't Know Me - Radio Edit,Jax Jones,1122731,https://i.scdn.co/image/ab67616d00004851bbbcc7a8bd483f8bc949f9ba,https://open.spotify.com/track/4WrS6vezaPwOafKJmHqMEU
59,2017-05-23,60,Down,The Night We Met,Lord Huron,1100774,https://i.scdn.co/image/ab67616d00004851ee6611c95f868e465c98a0b2,https://open.spotify.com/track/6mORGLOz79w6VsCRLWYYuK
60,2017-05-23,61,Flat,Tuesday,Burak Yeter,1091311,https://i.scdn.co/image/ab67616d00004851904a3a2bc1c517f3b2b077b9,https://open.spotify.com/track/5c4tB0saSkNHX5CyDosuF7
61,2017-05-23,62,Up,Quit (feat. Ariana Grande),Cashmere Cat,1084368,https://i.scdn.co/image/ab67616d00004851e53443feca656fafbbbae361,https://open.spotify.com/track/4Q5yMlwAfAoitqg4r9oZHN
62,2017-05-23,63,Down,Closer,The Chainsmokers,1060889,https://i.scdn.co/image/ab67616d00004851495ce6da9aeb159e94eaa453,https://open.spotify.com/track/7BKLCZ1jbUBVqRi2FVlTVw
63,2017-05-23,64,Up,Hey Ma (with Pitbull & J Balvin feat. Camila Cabello) - Spanish Version,Pitbull,1050975,https://i.scdn.co/image/ab67616d000048513e40b472d708ea3c6bd86670,https://open.spotify.com/track/2Vdub5mY4lad7w64bFPUez
64,2017-05-23,65,Down,Solo Dance,Martin Jensen,1038436,https://i.scdn.co/image/ab67616d00004851950d67dbe3f31f1d9a5d06a2,https://open.spotify.com/track/6HUnnBwYZqcED1eQztxMBN
65,2017-05-23,66,Up,Tunnel Vision,Kodak Black,1027786,https://i.scdn.co/image/ab67616d000048511541a676423805fc68ff3e66,https://open.spotify.com/track/4Q3N4Ct4zCuIHuZ65E3BD4
66,2017-05-23,67,Flat,LOYALTY. FEAT. RIHANNA.,Kendrick Lamar,1022020,https://i.scdn.co/image/ae1f239b41e9604a66eb900834c6887cd2f62ff1,https://open.spotify.com/track/6SwRhMLwNqEi6alNPVG00n
67,2017-05-23,68,Down,Call On Me - Ryan Riback Extended Remix,Starley,1018093,https://i.scdn.co/image/ab67616d000048519d4079afc73664f86f055400,https://open.spotify.com/track/78rIJddV4X0HkNAInEcYde
68,2017-05-23,69,Flat,goosebumps,Travis Scott,1013296,https://i.scdn.co/image/ab67616d00004851f54b99bf27cda88f4a7403ce,https://open.spotify.com/track/6gBFPUFcJLzWGx4lenP6h2
69,2017-05-23,70,Down,Castle on the Hill,Ed Sheeran,1004752,https://i.scdn.co/image/ab67616d00004851ba5db46f4b838ef6027e6f96,https://open.spotify.com/track/6PCUP3dWmTjcTtXY02oFdT
70,2017-05-23,71,Up,Starboy,The Weeknd,981260,https://i.scdn.co/image/ab67616d000048510c8599cbde51245c128bcea9,https://open.spotify.com/track/5aAx2yezTd8zXrkmtKl66Z
71,2017-05-23,72,Flat,Cold,Maroon 5,967892,https://i.scdn.co/image/ab67616d000048514727f9e79c338683c5bf8921,https://open.spotify.com/track/5NNlUMcOEOdoOIwwaWXv0k
72,2017-05-23,73,Down,Still Got Time,ZAYN,964961,https://i.scdn.co/image/ab67616d000048513bfd914f72da2ed8822a634f,https://open.spotify.com/track/000xQL6tZNLJzIrtIgxqSl
73,2017-05-23,74,Up,Redbone,Childish Gambino,955716,https://i.scdn.co/image/ab67616d000048510b97e56ffad7c6211aa848f8,https://open.spotify.com/track/3kxfsdsCpFgN412fpnW85Y
74,2017-05-23,75,Flat,No Vacancy,OneRepublic,949957,https://i.scdn.co/image/ab67616d000048518eadf2a91387dd890653afbe,https://open.spotify.com/track/6XOYVSmNDjKUNMXooU4s4z
75,2017-05-23,76,Flat,Chantaje,Shakira,948202,https://i.scdn.co/image/ab67616d00004851ec71d20b34877384f1d30acd,https://open.spotify.com/track/1WniHvhq9zTkny0WvGXX8o
76,2017-05-23,77,Up,Hey DJ,CNCO,943529,https://i.scdn.co/image/ab67616d000048514358c8856d3acc00ca6c3578,https://open.spotify.com/track/209gZgcfLq2aUuu51vOWBl
77,2017-05-23,78,Down,One Dance,Drake,936995,https://i.scdn.co/image/ab67616d00004851726abca207567d5e41cb9667,https://open.spotify.com/track/1xznGGDReH1oQq0xzbwXa3
78,2017-05-23,79,Flat,Sigo Extrañándote,J Balvin,920706,https://i.scdn.co/image/ab67616d00004851338ffc4c72a192f06070546b,https://open.spotify.com/track/6qDF4wWL49CAVbgT7yuHl8
79,2017-05-23,80,Down,Sweet Creature,Harry Styles,898261,https://i.scdn.co/image/ab67616d000048516c619c39c853f8b1d67b7859,https://open.spotify.com/track/5kRPPEWFJIMox5qIkQkiz5
80,2017-05-23,81,Down,Selfish (feat. Rihanna),Future,895294,https://i.scdn.co/image/ab67616d00004851968822b495da180d0792a437,https://open.spotify.com/track/2Ce5IyMlVRVvN997ZJjJJA
81,2017-05-23,82,Up,Slippery (feat. Gucci Mane),Migos,882769,https://i.scdn.co/image/ab67616d0000485199a8ab6da9d593939302828a,https://open.spotify.com/track/6p8NuHm8uCGnn2Dtbtf7zE
82,2017-05-23,83,Up,Bad and Boujee (feat. Lil Uzi Vert),Migos,880664,https://i.scdn.co/image/ab67616d0000485199a8ab6da9d593939302828a,https://open.spotify.com/track/4Km5HrUvYTaSUfiSGPJeQR
83,2017-05-23,84,Down,Body Like A Back Road,Sam Hunt,878095,https://i.scdn.co/image/ab67616d000048519eccbdab1110afc4d5a186a8,https://open.spotify.com/track/7mldq42yDuxiUNn08nvzHO
84,2017-05-23,85,Down,Perfect,Ed Sheeran,873741,https://i.scdn.co/image/ab67616d00004851ba5db46f4b838ef6027e6f96,https://open.spotify.com/track/0tgVpDi06FyKpA1z0VMD4v
85,2017-05-23,86,Up,Look At Me!,XXXTENTACION,853551,https://i.scdn.co/image/ab67616d0000485125b5901b8bcf902f54d466d9,https://open.spotify.com/track/4ARPvK8DHLwt4oX65ZAFMw
86,2017-05-23,87,Down,September Song,JP Cooper,845058,https://i.scdn.co/image/ab67616d000048511400ec742ee0935608e30700,https://open.spotify.com/track/0FuTx2s3YH1ppmtiM6l0zI
87,2017-05-23,88,Down,Fake Love,Drake,844209,https://i.scdn.co/image/6dfd956b9331fa9ea1f47ebb95311951ed72b3db,https://open.spotify.com/track/343YBumqHu19cGoGARUTsd
88,2017-05-23,89,Up,Gyalchester,Drake,827863,https://i.scdn.co/image/6dfd956b9331fa9ea1f47ebb95311951ed72b3db,https://open.spotify.com/track/6UjfByV1lDLW0SOVQA4NAi
89,2017-05-23,90,Down,The One,The Chainsmokers,824937,https://i.scdn.co/image/ab67616d000048510c13d3d5a503c84fcc60ae94,https://open.spotify.com/track/0wfbD5rAksdXUzRvMfM3x5
90,2017-05-23,91,Up,Bounce Back,Big Sean,817868,https://i.scdn.co/image/695d0c097d8463ccc2c2b9855fe44e3e9e7bc267,https://open.spotify.com/track/0SGkqnVQo9KPytSri1H6cF
91,2017-05-23,92,Flat,Chained To The Rhythm,Katy Perry,817815,https://i.scdn.co/image/ab67616d00004851edab7220994d4e9629b5e7c3,https://open.spotify.com/track/5ndfVSDyPq90jaIUhNPeby
92,2017-05-23,93,Down,Whatever It Takes,Imagine Dragons,812595,https://i.scdn.co/image/ab67616d000048518dd89a06b0f31e24bc2d5cbf,https://open.spotify.com/track/4izg6Hydc6XGErWW6nbdsV
93,2017-05-23,94,Up,Let Me Love You,DJ Snake,812558,https://i.scdn.co/image/ab67616d000048515045de6786e0af096de73ed4,https://open.spotify.com/track/4pdPtRcBmOSQDlJ3Fk945m
94,2017-05-23,95,Down,do re mi,blackbear,811482,https://i.scdn.co/image/ab67616d000048518b41182625f5b10d7f0ccc0b,https://open.spotify.com/track/6CUBgX8bXC5YQCkdgRHqyg
95,2017-05-23,96,Up,ELEMENT.,Kendrick Lamar,799131,https://i.scdn.co/image/ae1f239b41e9604a66eb900834c6887cd2f62ff1,https://open.spotify.com/track/1EaKU4dMbesXXd3BrLCtYG
96,2017-05-23,97,Up,Otra vez (feat. J Balvin),Zion & Lennox,797829,https://i.scdn.co/image/ab67616d0000485182eabf564ddc57325a84dd50,https://open.spotify.com/track/3QwBODjSEzelZyVjxPOHdq
97,2017-05-23,98,Up,Tu Foto,Ozuna,794281,https://i.scdn.co/image/ab67616d000048515a0467b3a49a461da243c362,https://open.spotify.com/track/0Szp49tpFasIjX04Mcsydp
98,2017-05-23,99,Flat,La Rompe Corazones,Daddy Yankee,790496,https://i.scdn.co/image/ab67616d00004851b84a36483e43bfbcb931fcde,https://open.spotify.com/track/4okba5wu9mMLXx79DXLKi3
99,2017-05-23,100,Up,Starving,Hailee Steinfeld,783846,https://i.scdn.co/image/ab67616d00004851612495ee5769c99125031be2,https://open.spotify.com/track/1qOLh0tI7trd1zdDKxYZTe
100,2017-05-23,101,Down,Touch,Little Mix,782520,https://i.scdn.co/image/ab67616d000048512318bbb0586903290db2b270,https://open.spotify.com/track/5Ua3GXyHwiSfpNTMjq6m2z
101,2017-05-23,102,Up,Whippin (feat. Felix Snow),Kiiara,774426,https://i.scdn.co/image/ab67616d00004851203e94bd36a9b9c984225d9b,https://open.spotify.com/track/3QWjljChcOMkRDYSzF33Qr
102,2017-05-23,103,Down,24K Magic,Bruno Mars,770531,https://i.scdn.co/image/ab67616d00004851232711f7d66a1e19e89e28c5,https://open.spotify.com/track/6b8Be6ljOzmkOmFslEb23P
103,2017-05-23,104,Up,Me Enamoré,Shakira,766311,https://i.scdn.co/image/ab67616d0000485125f35f87388042b2364acbb7,https://open.spotify.com/track/4m5A5meIueOcDBpbqGvkQB
104,2017-05-23,105,Down,Weak,AJR,759129,https://i.scdn.co/image/ab67616d000048513e51f8eb405846373fe30f93,https://open.spotify.com/track/6OuV4vfyb8v3vGGGksqyKf
105,2017-05-23,106,Up,Drowning (feat. Kodak Black),A Boogie Wit da Hoodie,756558,https://i.scdn.co/image/ab67616d00004851422289e2c09a3b210aa425b5,https://open.spotify.com/track/3LnOF5n1GOs01siYZXzS3p
106,2017-05-23,107,Up,Magnolia,Playboi Carti,745940,https://i.scdn.co/image/cbfa858a49a59efbca64c6f7078068cf07731bd0,https://open.spotify.com/track/1e1JKLEDKP7hEQzJfNAgPl
107,2017-05-23,108,Up,"Sola (Remix) [feat. Daddy Yankee, Wisin, Farruko, Zion & Lennox]",Anuel AA,745610,https://i.scdn.co/image/ab67616d00004851a66def7d649149464edc8f1e,https://open.spotify.com/track/5q2JbCNi4FcnglgPfxcV65
108,2017-05-23,109,Down,T-Shirt,Migos,743861,https://i.scdn.co/image/ab67616d0000485199a8ab6da9d593939302828a,https://open.spotify.com/track/7KOlJ92bu51cltsD9KU5I7
109,2017-05-23,110,Down,Green Light,Lorde,741408,https://i.scdn.co/image/ab67616d00004851cd594642c6384231664ccc7a,https://open.spotify.com/track/1WC5UN1U79gJlxGLYDGIO7
110,2017-05-23,111,Up,Side To Side,Ariana Grande,741186,https://i.scdn.co/image/ab67616d000048517227f5854239a059af211d5b,https://open.spotify.com/track/4pLwZjInHj3SimIyN9SnOz
111,2017-05-23,112,Flat,Nights With You,MØ,719290,https://i.scdn.co/image/ab67616d00004851bd58d7394f4103d9810c8edf,https://open.spotify.com/track/5q5gzmbBS5yQzos2BvVr1t
112,2017-05-23,113,Down,Ciao Adios,Anne-Marie,713773,https://i.scdn.co/image/ab67616d0000485119f06fd0fc43d3ebed4f041d,https://open.spotify.com/track/3EfugazgSddQvzZpkof5I4
113,2017-05-23,114,Down,Don't Let Me Down,The Chainsmokers,698128,https://i.scdn.co/image/ab67616d0000485108d87fb54859bc9038f7e5e0,https://open.spotify.com/track/0QsvXIfqM0zZoerQfsI9lm
114,2017-05-23,115,Down,Reggaetón Lento (Bailemos),CNCO,692751,https://i.scdn.co/image/ab67616d000048517db0f7ac4c612cce26ccacf9,https://open.spotify.com/track/3AEZUABDXNtecAOSC1qTfo
115,2017-05-23,116,Down,Run Up (feat. PARTYNEXTDOOR & Nicki Minaj),Major Lazer,678842,https://i.scdn.co/image/ab67616d000048518036d7402a6a76aed04f1f98,https://open.spotify.com/track/0fg8CqpjdojMyXLNzM2PaJ
116,2017-05-23,117,Up,Me Llamas (feat. Maluma) - Remix,Piso 21,674167,https://i.scdn.co/image/ab67616d000048511e1eafb5d2bb1ca39d26f092,https://open.spotify.com/track/5hEM0JchdVzQ5PwvSfITeX
117,2017-05-23,118,Down,Photograph,Ed Sheeran,673422,https://i.scdn.co/image/ab67616d00004851d08209944468440145f01524,https://open.spotify.com/track/6fxVffaTuwjgEk5h9QyRjy
118,2017-05-23,119,Down,Happier,Ed Sheeran,664759,https://i.scdn.co/image/ab67616d00004851ba5db46f4b838ef6027e6f96,https://open.spotify.com/track/2RttW7RAu5nOAfq6YFvApB
119,2017-05-23,120,Up,Tired,Alan Walker,656332,https://i.scdn.co/image/ab67616d00004851c311619d7b02d5c4a6c167f2,https://open.spotify.com/track/3b5Li4QKDVBx1x7fQuu54a
120,2017-05-23,121,Up,Swang,Rae Sremmurd,630144,https://i.scdn.co/image/16293ab3b4f9301aeb5f41810fd7056d463db55e,https://open.spotify.com/track/6mapJIPnQ23RTAevUoE0DL
121,2017-05-23,122,Down,Hear Me Now,Alok,629538,https://i.scdn.co/image/e308bad29e4cf6dc8aa5cd97449ef71bbb893d40,https://open.spotify.com/track/1a5Yu5L18qNxVhXx38njON
122,2017-05-23,123,Down,I Took A Pill In Ibiza - Seeb Remix,Mike Posner,628116,https://i.scdn.co/image/ab67616d0000485140512e02a594e3378c0256e6,https://open.spotify.com/track/17Fd6Yb7mSbinKG8LoWfFl
123,2017-05-23,124,Down,Bad Bitch (feat. Ty Dolla $ign),Bebe Rexha,619467,https://i.scdn.co/image/ab67616d0000485166ae1fd71a3e5779e98e277a,https://open.spotify.com/track/4ZJPwET9Jrgpkqi4Vo3Yg8
124,2017-05-23,125,Up,Don't Wanna Know,Maroon 5,613986,https://i.scdn.co/image/ab67616d00004851eec1912bbc2ff74b8203fe5f,https://open.spotify.com/track/5MFzQMkrl1FOOng9tq6R9r
125,2017-05-23,126,Flat,Treat You Better,Shawn Mendes,610484,https://i.scdn.co/image/ab67616d00004851188e6332f32088921ab1eaf8,https://open.spotify.com/track/4Hf7WnR761jpxPr5D46Bcd
126,2017-05-23,127,Up,Vente Pa' Ca,Ricky Martin,606362,https://i.scdn.co/image/ab67616d000048513d90f5938459be40b7b6652a,https://open.spotify.com/track/7DM4BPaS7uofFul3ywMe46
127,2017-05-23,128,Down,"How Far I'll Go - From ""Moana""",Alessia Cara,604167,https://i.scdn.co/image/ab67616d00004851fb128b1eda22335050f584fe,https://open.spotify.com/track/5hYTyyh2odQKphUbMqc5gN
128,2017-05-23,129,Down,"CAN'T STOP THE FEELING! (Original Song from DreamWorks Animation's ""TROLLS"")",Justin Timberlake,601296,https://i.scdn.co/image/ab67616d00004851ef37416970812293c08e8a78,https://open.spotify.com/track/6JV2JOEocMgcZxYSZelKcc
129,2017-05-23,130,Down,Cold Water (feat. Justin Bieber & MØ),Major Lazer,600858,https://i.scdn.co/image/ab67616d000048512e8f1cca2bc8c9d55930523b,https://open.spotify.com/track/6DNtNfH8hXkqOX1sjqmI7p
130,2017-05-23,131,Down,In the Name of Love,Martin Garrix,600686,https://i.scdn.co/image/ab67616d00004851923db3f255cd48a6d5783ebf,https://open.spotify.com/track/04DwTuZ2VBdJCCC5TROn7L
131,2017-05-23,132,Up,We Don't Talk Anymore,Charlie Puth,593672,https://i.scdn.co/image/ab67616d00004851c0e28105f0533c52717c46c2,https://open.spotify.com/track/68EMU2RD1ECNeOeJ5qAXCV
132,2017-05-23,133,Down,Dive,Ed Sheeran,588238,https://i.scdn.co/image/ab67616d00004851ba5db46f4b838ef6027e6f96,https://open.spotify.com/track/51ChrwmUPDJvedPQnIU8Ls
133,2017-05-23,134,Up,Thinking out Loud,Ed Sheeran,585509,https://i.scdn.co/image/ab67616d00004851d08209944468440145f01524,https://open.spotify.com/track/1Slwb6dOYkBlWal1PGtnNg
134,2017-05-23,135,Up,BUTTERFLY EFFECT,Travis Scott,579798,https://i.scdn.co/image/ab67616d00004851b5e9358d0d07114609d9afab,https://open.spotify.com/track/1yxgsra98r3qAtxqiGZPiX
135,2017-05-23,136,Up,OK - Spotify Version,Robin Schulz,578157,https://i.scdn.co/image/ab67616d000048517fd57367322c558ca19c9ed8,https://open.spotify.com/track/3bWAqKDWg6u1davspr5IkS
136,2017-05-23,137,Down,Hard Times,Paramore,565336,https://i.scdn.co/image/ab67616d00004851dbd83e179619408e5d05cc99,https://open.spotify.com/track/0w5Bdu51Ka25Pf3hojsKHh
137,2017-05-23,138,Up,Alguien Robo,Sebastian Yatra,557855,https://i.scdn.co/image/ab67616d0000485135e1cf8c70c60dc416956c17,https://open.spotify.com/track/5i50gKdLAjjIr7UxRT5IVy
138,2017-05-23,139,Down,Kiwi,Harry Styles,557236,https://i.scdn.co/image/ab67616d000048516c619c39c853f8b1d67b7859,https://open.spotify.com/track/33SNO8AaciGbNaQFkxvPrW
139,2017-05-23,140,Down,Everybody,Logic,548631,https://i.scdn.co/image/08f9ccb7875a87c07c79c1ccd5319263786c55ea,https://open.spotify.com/track/7cGFbx7MP0H23iHZTZpqMM
140,2017-05-23,141,Down,Obsession (feat. Jon Bellion),Vice,547106,https://i.scdn.co/image/ab67616d00004851613e95f13796f99051766bca,https://open.spotify.com/track/542Xd5qDeLBvgXZXhfW7LE
141,2017-05-23,142,Up,Work from Home (feat. Ty Dolla $ign),Fifth Harmony,544395,https://i.scdn.co/image/ab67616d00004851d03fa6f4e758282b7920b5c8,https://open.spotify.com/track/4tCtwWceOPWzenK2HAIJSb
142,2017-05-23,143,Up,Heathens,Twenty One Pilots,541832,https://i.scdn.co/image/ab67616d000048512ca3ba8f334ca5a5f0312efb,https://open.spotify.com/track/6i0V12jOa3mr6uu4WYhUBr
143,2017-05-23,144,Up,Mercy,Shawn Mendes,540995,https://i.scdn.co/image/ab67616d00004851188e6332f32088921ab1eaf8,https://open.spotify.com/track/4TZy1wLyHec06pwgFYDh1a
144,2017-05-23,145,Up,Safari,J Balvin,539598,https://i.scdn.co/image/ab67616d00004851338ffc4c72a192f06070546b,https://open.spotify.com/track/6rQSrBHf7HlZjtcMZ4S4bO
145,2017-05-23,146,Up,Love Yourself,Justin Bieber,538302,https://i.scdn.co/image/ab67616d00004851b6d9a4fbb0bd49f0f034aead,https://open.spotify.com/track/3hB5DgAiMAQ4DzYbsMq1IT
146,2017-05-23,147,Down,Rolex,Ayo & Teo,538275,https://i.scdn.co/image/ab67616d0000485179dbd95fbdf6b0d617bd32dd,https://open.spotify.com/track/0pSBuHjILhNEo55xK1zrRt
147,2017-05-23,148,Up,Cheap Thrills,Sia,529587,https://i.scdn.co/image/ab67616d0000485149e0134c686547c28b7c999f,https://open.spotify.com/track/27SdWb2rFzO6GWiYDBTD9j
148,2017-05-23,149,Up,wokeuplikethis*,Playboi Carti,528155,https://i.scdn.co/image/cbfa858a49a59efbca64c6f7078068cf07731bd0,https://open.spotify.com/track/59J5nzL1KniFHnU120dQzt
149,2017-05-23,150,Down,At My Best (feat. Hailee Steinfeld),Machine Gun Kelly,527995,https://i.scdn.co/image/d5f976093a4dcbc5ea9d4c04b414207f8bdce469,https://open.spotify.com/track/77lGafvlU68CeHgB2pkHC9
150,2017-05-23,151,Down,Break Up Every Night,The Chainsmokers,526998,https://i.scdn.co/image/ab67616d000048510c13d3d5a503c84fcc60ae94,https://open.spotify.com/track/6cPyTS0Kk2sc4xQwC93kOg
151,2017-05-23,152,New,Into You,Ariana Grande,526946,https://i.scdn.co/image/ab67616d000048517227f5854239a059af211d5b,https://open.spotify.com/track/7yHEDfrJNd0zWOfXwydNH0
152,2017-05-23,153,Down,Faded,Alan Walker,523593,https://i.scdn.co/image/ab67616d00004851c4d00cac55ae1b4598c9bc90,https://open.spotify.com/track/7gHs73wELdeycvS48JfIos
153,2017-05-23,154,Up,Báilame,Nacho,522732,https://i.scdn.co/image/ab67616d000048514b2089fbced0d870deb3e9f2,https://open.spotify.com/track/7lRsNbdOGykkMAgsqs4R1C
154,2017-05-23,155,Up,Vacaciones,Wisin,519137,https://i.scdn.co/image/ab67616d00004851c85f0d16973e9dae6f8a786c,https://open.spotify.com/track/3dQDid3IUNhZy1OehIfYfE
155,2017-05-23,156,Up,Te Quiero Pa´Mi,Don Omar,518506,https://i.scdn.co/image/ab67616d00004851d0cb2a58e3bf5d7ac5ece16f,https://open.spotify.com/track/3BY2mafsbsoKGqS380Xnuz
156,2017-05-23,157,Down,Love On The Brain,Rihanna,515705,https://i.scdn.co/image/ddc285ca9817c96c7719b3f2a759e108787db021,https://open.spotify.com/track/2aksifNn5ph8igDOkPBA02
157,2017-05-23,158,Up,Hunter,Galantis,514725,https://i.scdn.co/image/ab67616d00004851c57e7df0eb72981d8aafd57d,https://open.spotify.com/track/3caMfJGFp53NAH2TuigdNj
158,2017-05-23,159,Up,Lust for Life (with The Weeknd),Lana Del Rey,514363,https://i.scdn.co/image/ab67616d00004851cc907289ff9b1a11a9aa7aae,https://open.spotify.com/track/5LYQSNHZxEA880URXFHg6h
159,2017-05-23,160,Down,What Do I Know?,Ed Sheeran,511461,https://i.scdn.co/image/ab67616d00004851ba5db46f4b838ef6027e6f96,https://open.spotify.com/track/2pJZ1v8HezrAoZ0Fhzby92
160,2017-05-23,161,Down,Broccoli (feat. Lil Yachty),DRAM,505763,https://i.scdn.co/image/ab67616d00004851f02a1575a59bd05998826351,https://open.spotify.com/track/7yyRTcZmCiyzzJlNzGC9Ol
161,2017-05-23,162,Up,"Ay Mi Dios (feat. Pitbull, Yandel & Chacal)",IAmChino,505341,https://i.scdn.co/image/ab67616d000048511568fbc07414eb185c58ef62,https://open.spotify.com/track/6stYbAJgTszHAHZMPxWWCY
162,2017-05-23,163,Down,Stressed Out,Twenty One Pilots,503715,https://i.scdn.co/image/ab67616d00004851de03bfc2991fd5bcfde65ba3,https://open.spotify.com/track/3CRDbSIZ4r5MsZ0YwxuEkn
163,2017-05-23,164,Up,White Iverson,Post Malone,502671,https://i.scdn.co/image/23bae95100dcb6ac8f88c19fa2a11c50a998a926,https://open.spotify.com/track/6eT7xZZlB2mwyzJ2sUKG6w
164,2017-05-23,165,Flat,All Night,The Vamps,500653,https://i.scdn.co/image/ab67616d00004851f03c9779c27137669304ea20,https://open.spotify.com/track/1yNyoWWWikbLhwIGWjZuDW
165,2017-05-23,166,Down,Bad Things (with Camila Cabello),Machine Gun Kelly,497900,https://i.scdn.co/image/d5f976093a4dcbc5ea9d4c04b414207f8bdce469,https://open.spotify.com/track/1PSBzsahR2AKwLJgx8ehBj
166,2017-05-23,167,Up,Si Tú La Ves (feat. Wisin),Nicky Jam,495928,https://i.scdn.co/image/ab67616d00004851d77dbcd4dbd37cdfa61771fa,https://open.spotify.com/track/4yN6xPLopmTLvc27pO9LIE
167,2017-05-23,168,Down,All Time Low,Jon Bellion,493773,https://i.scdn.co/image/ff06a4138a99d272c24d2f6da9b5ea6067c054db,https://open.spotify.com/track/1CnPYaKxTVb4LWOtiGOm0m
168,2017-05-23,169,Down,Heavy (feat. Kiiara),Linkin Park,492670,https://i.scdn.co/image/ab67616d00004851145e1cf12538f5666511237d,https://open.spotify.com/track/104buTcnP2AsxqB7U1FIZ4
169,2017-05-23,170,Up,This Is What You Came For,Calvin Harris,490255,https://i.scdn.co/image/ab67616d00004851d9aa52355e062f5de060adbf,https://open.spotify.com/track/0azC730Exh71aQlOt9Zj3y
170,2017-05-23,171,Up,Sorry,Justin Bieber,488923,https://i.scdn.co/image/ab67616d00004851b6d9a4fbb0bd49f0f034aead,https://open.spotify.com/track/69bp2EbF7Q2rqc5N3ylezZ
171,2017-05-23,172,Up,Ride,Twenty One Pilots,485322,https://i.scdn.co/image/ab67616d00004851de03bfc2991fd5bcfde65ba3,https://open.spotify.com/track/2Z8WuEywRWYTKe1NybPQEW
172,2017-05-23,173,Flat,XXX. FEAT. U2.,Kendrick Lamar,484003,https://i.scdn.co/image/ae1f239b41e9604a66eb900834c6887cd2f62ff1,https://open.spotify.com/track/4iYRa2btalAzPZoSYfROqF
173,2017-05-23,174,Up,My Way,Calvin Harris,482545,https://i.scdn.co/image/ab67616d000048518d12bc5e3ea5c9f4a967de32,https://open.spotify.com/track/1vvNmPOiUuyCbgWmtc6yfm
174,2017-05-23,175,Down,Carolina,Harry Styles,481367,https://i.scdn.co/image/ab67616d000048516c619c39c853f8b1d67b7859,https://open.spotify.com/track/3Dwq1oiOFys6Sxr5SslmXw
175,2017-05-23,176,Up,Human,Rag'n'Bone Man,480624,https://i.scdn.co/image/ab67616d0000485190a788beadaad34ff684d3ec,https://open.spotify.com/track/58zsLZPvfflaiIbNWoA22O
176,2017-05-23,177,Up,Black Beatles,Rae Sremmurd,478914,https://i.scdn.co/image/16293ab3b4f9301aeb5f41810fd7056d463db55e,https://open.spotify.com/track/6fujklziTHa8uoM5OQSfIo
177,2017-05-23,178,Down,Just Hold On,Steve Aoki,476003,https://i.scdn.co/image/ab67616d0000485122e2ce2de8bad6d67ee69b48,https://open.spotify.com/track/3EmmCZoqpWOTY1g2GBwJoR
178,2017-05-23,179,Up,Traicionera,Sebastian Yatra,475187,https://i.scdn.co/image/ab67616d00004851dbe5e9f934a9be5db8884c52,https://open.spotify.com/track/5J1c3M4EldCfNxXwrwt8mT
179,2017-05-23,180,Up,Perfect Strangers,Jonas Blue,469033,https://i.scdn.co/image/ab67616d0000485179882e87678a76bc1d895e94,https://open.spotify.com/track/1CUVN2kn7mW5FjkqXTR2W1
180,2017-05-23,181,Up,Lumbra,Cali Y El Dandee,465978,https://i.scdn.co/image/ab67616d000048511b871ef4de91bd38cac024d1,https://open.spotify.com/track/6VHdcVbiKLYYOcMbIqBcuK
181,2017-05-23,182,Up,Get Right Witcha,Migos,460297,https://i.scdn.co/image/ab67616d0000485199a8ab6da9d593939302828a,https://open.spotify.com/track/76Y0gxtTxN0FyDCYh5qYQj
182,2017-05-23,183,Up,TG4M,Zara Larsson,459959,https://i.scdn.co/image/ab67616d000048519e1683774b22648f4f178ed3,https://open.spotify.com/track/4uoumbAMEMaKdtiv763jKz
183,2017-05-23,184,Up,Versace on the Floor,Bruno Mars,459745,https://i.scdn.co/image/ab67616d00004851232711f7d66a1e19e89e28c5,https://open.spotify.com/track/0kN8xEmgMW9mh7UmDYHlJP
184,2017-05-23,185,Flat,Scars To Your Beautiful,Alessia Cara,458529,https://i.scdn.co/image/5b9e5bd34ec840f07c8530e43a76b1b5e08d8b77,https://open.spotify.com/track/0prNGof3XqfTvNDxHonvdK
185,2017-05-23,186,Down,Skin,Rag'n'Bone Man,457849,https://i.scdn.co/image/ab67616d0000485190a788beadaad34ff684d3ec,https://open.spotify.com/track/6y2Kaz9QI01XBKJ8mTb7Pf
186,2017-05-23,187,Down,Switch,Iggy Azalea,455872,https://i.scdn.co/image/ab67616d000048517bd4571422d36c240e3e40cf,https://open.spotify.com/track/02LZ1fGJE8fB56yTlCVMEV
187,2017-05-23,188,Down,Lean On (feat. MØ & DJ Snake),Major Lazer,453655,https://i.scdn.co/image/ab67616d000048519f55dad3a63f72f1bc8d6f59,https://open.spotify.com/track/4WjH9Bzt3kx7z8kl0awxh4
188,2017-05-23,189,Up,Panda,Desiigner,451586,https://i.scdn.co/image/ab67616d000048513df69bfb7713d8262820612b,https://open.spotify.com/track/5OOkp4U9P9oL23maHFHL1h
189,2017-05-23,190,Up,"Lose Yourself - From ""8 Mile"" Soundtrack",Eminem,449698,https://i.scdn.co/image/36440dfd440d23086573d62a32def35ecc42f111,https://open.spotify.com/track/5Z01UMMf7V1o0MzF86s6WJ
190,2017-05-23,191,New,Besándote,Piso 21,447723,https://i.scdn.co/image/ab67616d000048512cd0b690a37d7bb6e2aa5de4,https://open.spotify.com/track/13X0XdLMOdtbXVtAj2ox4h
191,2017-05-23,192,Up,7 Years,Lukas Graham,445839,https://i.scdn.co/image/ab67616d0000485104d59cefa11f0eee9f1877a5,https://open.spotify.com/track/7129iqBafaphfc3WPCGC0L
192,2017-05-23,193,New,Everyday,Ariana Grande,445612,https://i.scdn.co/image/7953501984facaa4c51c4445a5643764954e75c9,https://open.spotify.com/track/6yL2kTsdVwYnGwPkKGtMd5
193,2017-05-23,194,Up,"Sucker For Pain (with Wiz Khalifa, Imagine Dragons, Logic & Ty Dolla $ign feat. X Ambassadors)",Lil Wayne,441706,https://i.scdn.co/image/ab67616d000048517d8dfcfd507069d7f2062caf,https://open.spotify.com/track/4dASQiO1Eoo3RJvt74FtXB
194,2017-05-23,195,Down,Blem,Drake,441125,https://i.scdn.co/image/6dfd956b9331fa9ea1f47ebb95311951ed72b3db,https://open.spotify.com/track/2XlHu0HcujBCkWMdIAvrqt
195,2017-05-23,196,Down,Two Ghosts,Harry Styles,439431,https://i.scdn.co/image/ab67616d000048516c619c39c853f8b1d67b7859,https://open.spotify.com/track/4B1rpPmQXwj78wk6aIGwwU
196,2017-05-23,197,Flat,No More Sad Songs,Little Mix,438491,https://i.scdn.co/image/ab67616d000048511271b19cbf9d3788532a67f5,https://open.spotify.com/track/5ZnJsoJGkQ5K15W7Rcr5JO
197,2017-05-23,198,Down,I Have Questions,Camila Cabello,434891,https://i.scdn.co/image/ab67616d0000485199ef7c61426d0cc5ed1529a8,https://open.spotify.com/track/3NgCzSW98SsqBdpYcnm4kv
198,2017-05-23,199,New,Be Mine,Ofenbach,434748,https://i.scdn.co/image/ab67616d00004851e819b286432a124e510dc87b,https://open.spotify.com/track/2KklXplRtxMsBYo474Es0w
199,2017-05-23,200,Down,Cake By The Ocean,DNCE,434310,https://i.scdn.co/image/ab67616d00004851a19a2912e1618ada66b2e6e8,https://open.spotify.com/track/2aFiaMXmWsM3Vj72F9ksBl
