,Date,Position,Trend,Title,Artist,Streams,Icon_URL,Spotify_URL
0,2017-05-06,1,Flat,Despacito - Remix,Luis Fonsi,7307384,https://i.scdn.co/image/ab67616d00004851d8559d0280ffe2a2af6dacdf,https://open.spotify.com/track/5CtI0qwDJkDQGwXD1H1cLb
1,2017-05-06,2,Flat,I'm the One,DJ Khaled,5668273,https://i.scdn.co/image/ab67616d0000485150cae4dacd5b66ee13051f09,https://open.spotify.com/track/72Q0FQQo32KJloivv5xge2
2,2017-05-06,3,Flat,Shape of You,Ed Sheeran,5282369,https://i.scdn.co/image/ab67616d00004851ba5db46f4b838ef6027e6f96,https://open.spotify.com/track/7qiZfU4dY1lWllzX7mPBI3
3,2017-05-06,4,Flat,HUMBLE.,Kendrick Lamar,4470417,https://i.scdn.co/image/ae1f239b41e9604a66eb900834c6887cd2f62ff1,https://open.spotify.com/track/7KXjTSCq5nL1LoYtL7XAwS
4,2017-05-06,5,Flat,Something Just Like This,The Chainsmokers,3482658,https://i.scdn.co/image/ab67616d000048510c13d3d5a503c84fcc60ae94,https://open.spotify.com/track/6RUKPb4LETWmmr3iAEQktW
5,2017-05-06,6,Flat,Mask Off,Future,3393655,https://i.scdn.co/image/ab67616d00004851356884f85665ebdd79223fdf,https://open.spotify.com/track/3rOSwuTsUlJp0Pu0MkN8r8
6,2017-05-06,7,Flat,It Ain't Me (with Selena Gomez),Kygo,3317417,https://i.scdn.co/image/ab67616d0000485141f289940f2e6a0d51988d77,https://open.spotify.com/track/3eR23VReFzcdmS7TYCrhCe
7,2017-05-06,8,Flat,Despacito (Featuring Daddy Yankee),Luis Fonsi,3256972,https://i.scdn.co/image/ab67616d00004851a5971936e3b8d91f8b616b17,https://open.spotify.com/track/4aWmUDTfIPGksMNLV2rQP2
8,2017-05-06,9,Up,That's What I Like,Bruno Mars,3171090,https://i.scdn.co/image/ab67616d00004851232711f7d66a1e19e89e28c5,https://open.spotify.com/track/0KKkJNfGyhkQ5aFogxQAPU
9,2017-05-06,10,Down,Stay (with Alessia Cara),Zedd,3107825,https://i.scdn.co/image/ab67616d0000485191a70f95efc3400f696e89cc,https://open.spotify.com/track/0dA2Mk56wEzDgegdC6R17g
10,2017-05-06,11,Up,Swalla (feat. Nicki Minaj & Ty Dolla $ign),Jason Derulo,2975670,https://i.scdn.co/image/ab67616d000048519d6522bee68370fa5592301d,https://open.spotify.com/track/6kex4EBAj0WHXDKZMEJaaF
11,2017-05-06,12,Down,Symphony (feat. Zara Larsson),Clean Bandit,2968236,https://i.scdn.co/image/ab67616d000048515b1130d050c4cd2295999d85,https://open.spotify.com/track/1x5sYLZiu9r5E43kMlt9f8
12,2017-05-06,13,Down,Passionfruit,Drake,2904933,https://i.scdn.co/image/ab67616d000048515ea859dc94365abd9fd84fd6,https://open.spotify.com/track/7hDc8b7IXETo14hHIHdnhd
13,2017-05-06,14,Up,There's Nothing Holdin' Me Back,Shawn Mendes,2560733,https://i.scdn.co/image/ab67616d00004851f9cbd0c07513a7232cd6b9a7,https://open.spotify.com/track/79cuOz3SPQTuFrp8WgftAu
14,2017-05-06,15,Down,DNA.,Kendrick Lamar,2433625,https://i.scdn.co/image/ae1f239b41e9604a66eb900834c6887cd2f62ff1,https://open.spotify.com/track/6HZILIRieu8S0iqY8kIKhj
15,2017-05-06,16,Up,Felices los 4,Maluma,2353087,https://i.scdn.co/image/ab67616d00004851d9732b592276542ecafa6c6d,https://open.spotify.com/track/0qYTZCo5Bwh1nsUFGZP3zn
16,2017-05-06,17,Up,Scared to Be Lonely,Martin Garrix,2282329,https://i.scdn.co/image/ab67616d00004851923db3f255cd48a6d5783ebf,https://open.spotify.com/track/0KR2W3St74th8z3LS94Ffh
17,2017-05-06,18,Down,Slide (feat. Frank Ocean & Migos),Calvin Harris,2272040,https://i.scdn.co/image/ab67616d000048511e439ac0ed08d612808f7122,https://open.spotify.com/track/6gpcs5eMhJwax4mIfKDYQk
18,2017-05-06,19,Down,XO TOUR Llif3,Lil Uzi Vert,2245623,https://i.scdn.co/image/ab67616d0000485115531ec8568373f631db9786,https://open.spotify.com/track/2eMwDehkIC1j68U6FA3Eiq
19,2017-05-06,20,Flat,Galway Girl,Ed Sheeran,2241814,https://i.scdn.co/image/ab67616d00004851ba5db46f4b838ef6027e6f96,https://open.spotify.com/track/0afhq8XCExXpqazXczTSve
20,2017-05-06,21,Flat,Issues,Julia Michaels,2135974,https://i.scdn.co/image/ab67616d000048519615e35e0e9e4b2c3dccb520,https://open.spotify.com/track/1sXUWdKx03aP9Gmzft58rt
21,2017-05-06,22,Flat,First Time,Kygo,2121779,https://i.scdn.co/image/ab67616d00004851b6d86ca196b697ee0f640118,https://open.spotify.com/track/2Gl0FzuLxflY6nPifJp5Dr
22,2017-05-06,23,Flat,Unforgettable,French Montana,2049808,https://i.scdn.co/image/ab67616d00004851482e95a6c610468cddf011da,https://open.spotify.com/track/1F2HXIJrE2Xn81OzT2zZvW
23,2017-05-06,24,Flat,iSpy (feat. Lil Yachty),KYLE,2002294,https://i.scdn.co/image/ab67616d0000485132e373f2988bc6596a542d1c,https://open.spotify.com/track/2EEeOnHehOozLq4aS0n6SL
24,2017-05-06,25,Up,SUBEME LA RADIO,Enrique Iglesias,1996210,https://i.scdn.co/image/ab67616d000048515366ff028970205a29d558ed,https://open.spotify.com/track/7nKBxz47S9SD79N086fuhn
25,2017-05-06,26,Flat,Attention,Charlie Puth,1959173,https://i.scdn.co/image/ab67616d00004851db21a273452f0637cdbc35aa,https://open.spotify.com/track/4iLqG9SeJSnt0cSPICSjxv
26,2017-05-06,27,Up,Me Rehúso,Danny Ocean,1869412,https://i.scdn.co/image/ab67616d000048517d46593471038b38e40d59a7,https://open.spotify.com/track/6Zosz8w6CmdGMZM6p4JlbQ
27,2017-05-06,28,Down,Sign of the Times,Harry Styles,1832297,https://i.scdn.co/image/ab67616d00004851cf4c6008624aaa58c5ea049a,https://open.spotify.com/track/5ELRkzdzz0HvGpMDlfZHkV
28,2017-05-06,29,Down,Paris,The Chainsmokers,1816669,https://i.scdn.co/image/ab67616d000048510c13d3d5a503c84fcc60ae94,https://open.spotify.com/track/72jbDTw1piOOj770jWNeaG
29,2017-05-06,30,Flat,Good Life (with G-Eazy & Kehlani),G-Eazy,1763288,https://i.scdn.co/image/ab67616d00004851fcc36f9c0515e6e7faa2030b,https://open.spotify.com/track/1Eck97uRMlprKOOJN9oO1E
30,2017-05-06,31,Up,1-800-273-8255,Logic,1692063,https://i.scdn.co/image/ab67616d000048516cfd3d4d9dbe353323190910,https://open.spotify.com/track/5aFQU3VPCQ3YGfKBA4tLfj
31,2017-05-06,32,Up,Call On Me - Ryan Riback Extended Remix,Starley,1684439,https://i.scdn.co/image/ab67616d000048519d4079afc73664f86f055400,https://open.spotify.com/track/78rIJddV4X0HkNAInEcYde
32,2017-05-06,33,Up,Rockabye (feat. Sean Paul & Anne-Marie),Clean Bandit,1652689,https://i.scdn.co/image/ab67616d000048511431c3bdf16aa99f71799d95,https://open.spotify.com/track/5knuzwU65gJK7IF5yJsuaW
33,2017-05-06,34,Up,You Don't Know Me - Radio Edit,Jax Jones,1643461,https://i.scdn.co/image/ab67616d00004851bbbcc7a8bd483f8bc949f9ba,https://open.spotify.com/track/4WrS6vezaPwOafKJmHqMEU
34,2017-05-06,35,Down,Cold,Maroon 5,1635667,https://i.scdn.co/image/ab67616d000048514727f9e79c338683c5bf8921,https://open.spotify.com/track/5NNlUMcOEOdoOIwwaWXv0k
35,2017-05-06,36,Down,The Cure,Lady Gaga,1595591,https://i.scdn.co/image/ab67616d000048514a9be9e8223db02a37e1e8fe,https://open.spotify.com/track/51PIvodunv6NmX5250zxAh
36,2017-05-06,37,Down,Believer,Imagine Dragons,1576837,https://i.scdn.co/image/ab67616d00004851156aeddf54ed40b1d9d30c9f,https://open.spotify.com/track/6VRghJeP6I0w1KxkdWFfIh
37,2017-05-06,38,Down,"I Don’t Wanna Live Forever (Fifty Shades Darker) - From ""Fifty Shades Darker (Original Motion Picture Soundtrack)""",ZAYN,1548622,https://i.scdn.co/image/ab67616d000048512ae921f082ae5db4d3da818f,https://open.spotify.com/track/3NdDpSvN911VPGivFlV5d0
38,2017-05-06,39,Up,No Promises (feat. Demi Lovato),Cheat Codes,1541506,https://i.scdn.co/image/ab67616d00004851e74ecdb2f1316c8f026970a8,https://open.spotify.com/track/1louJpMmzEicAn7lzDalPW
39,2017-05-06,40,Up,I Feel It Coming,The Weeknd,1528096,https://i.scdn.co/image/b3683184efeb899b2d1a02f4957d0c630dc10b0b,https://open.spotify.com/track/5GXAXm5YOmYT0kL5jHvYBt
40,2017-05-06,41,Up,El Amante,Nicky Jam,1496347,https://i.scdn.co/image/ab67616d00004851d77dbcd4dbd37cdfa61771fa,https://open.spotify.com/track/3umS4y3uQDkqekNjVpiRUs
41,2017-05-06,42,Up,Solo Dance,Martin Jensen,1474422,https://i.scdn.co/image/ab67616d00004851950d67dbe3f31f1d9a5d06a2,https://open.spotify.com/track/6HUnnBwYZqcED1eQztxMBN
42,2017-05-06,43,Up,Pretty Girl - Cheat Codes X CADE Remix,Maggie Lindemann,1459864,https://i.scdn.co/image/ab67616d000048515640c17778d716bd35f45b3e,https://open.spotify.com/track/39IsH7B5byx8NRlEKlZVg9
43,2017-05-06,44,Down,LOYALTY. FEAT. RIHANNA.,Kendrick Lamar,1451711,https://i.scdn.co/image/ae1f239b41e9604a66eb900834c6887cd2f62ff1,https://open.spotify.com/track/6SwRhMLwNqEi6alNPVG00n
44,2017-05-06,45,Down,Location,Khalid,1439173,https://i.scdn.co/image/ab67616d00004851988ede5e1276e758b5f9e577,https://open.spotify.com/track/152lZdxL1OR0ZMW6KquMif
45,2017-05-06,46,Down,Now Or Never,Halsey,1422488,https://i.scdn.co/image/ab67616d00004851c7ce00e2888e4d65e867e757,https://open.spotify.com/track/1mDGDb2fUmUMdqV3tb8VKQ
46,2017-05-06,47,Down,LOVE. FEAT. ZACARI.,Kendrick Lamar,1417184,https://i.scdn.co/image/ae1f239b41e9604a66eb900834c6887cd2f62ff1,https://open.spotify.com/track/6PGoSes0D9eUDeeAafB2As
47,2017-05-06,48,Up,Congratulations,Post Malone,1385039,https://i.scdn.co/image/23bae95100dcb6ac8f88c19fa2a11c50a998a926,https://open.spotify.com/track/3a1lNhkSLSkpJE4MSHpDu9
48,2017-05-06,49,Down,ELEMENT.,Kendrick Lamar,1333407,https://i.scdn.co/image/ae1f239b41e9604a66eb900834c6887cd2f62ff1,https://open.spotify.com/track/1EaKU4dMbesXXd3BrLCtYG
49,2017-05-06,50,Up,Closer,The Chainsmokers,1291118,https://i.scdn.co/image/ab67616d00004851495ce6da9aeb159e94eaa453,https://open.spotify.com/track/7BKLCZ1jbUBVqRi2FVlTVw
50,2017-05-06,51,Up,Portland,Drake,1284813,https://i.scdn.co/image/6dfd956b9331fa9ea1f47ebb95311951ed72b3db,https://open.spotify.com/track/2bjwRfXMk4uRgOD9IBYl9h
51,2017-05-06,52,Down,Slow Hands,Niall Horan,1268325,https://i.scdn.co/image/ab67616d00004851805efe949d48d6f50e604919,https://open.spotify.com/track/167NczpNbRF7oWakJaY3Hh
52,2017-05-06,53,Up,Tuesday,Burak Yeter,1234913,https://i.scdn.co/image/ab67616d00004851904a3a2bc1c517f3b2b077b9,https://open.spotify.com/track/5c4tB0saSkNHX5CyDosuF7
53,2017-05-06,54,Down,Say You Won't Let Go,James Arthur,1231904,https://i.scdn.co/image/ab67616d0000485120beb61f61fcbeb33b10a9ab,https://open.spotify.com/track/5uCax9HTNlzGybIStD3vDh
54,2017-05-06,55,Up,Escápate Conmigo,Wisin,1221235,https://i.scdn.co/image/ab67616d000048512b02904e5404ad6069c16a4f,https://open.spotify.com/track/2cnKEkpVUSV4wnjQiTWfH6
55,2017-05-06,56,Down,Castle on the Hill,Ed Sheeran,1208583,https://i.scdn.co/image/ab67616d00004851ba5db46f4b838ef6027e6f96,https://open.spotify.com/track/6PCUP3dWmTjcTtXY02oFdT
56,2017-05-06,57,Up,Chantaje,Shakira,1194822,https://i.scdn.co/image/ab67616d00004851ec71d20b34877384f1d30acd,https://open.spotify.com/track/1WniHvhq9zTkny0WvGXX8o
57,2017-05-06,58,Down,Tunnel Vision,Kodak Black,1193116,https://i.scdn.co/image/ab67616d000048511541a676423805fc68ff3e66,https://open.spotify.com/track/4Q3N4Ct4zCuIHuZ65E3BD4
58,2017-05-06,59,Down,Starboy,The Weeknd,1160468,https://i.scdn.co/image/ab67616d000048510c8599cbde51245c128bcea9,https://open.spotify.com/track/5aAx2yezTd8zXrkmtKl66Z
59,2017-05-06,60,Up,Hey Ma (with Pitbull & J Balvin feat. Camila Cabello) - Spanish Version,Pitbull,1150261,https://i.scdn.co/image/ab67616d000048513e40b472d708ea3c6bd86670,https://open.spotify.com/track/2Vdub5mY4lad7w64bFPUez
60,2017-05-06,61,Up,Ahora Dice,Chris Jeday,1150088,https://i.scdn.co/image/ab67616d000048513a142c7e7fc7863dc1a256ed,https://open.spotify.com/track/22eADXu8DfOAUEDw4vU8qy
61,2017-05-06,62,Down,Chained To The Rhythm,Katy Perry,1128713,https://i.scdn.co/image/ab67616d00004851edab7220994d4e9629b5e7c3,https://open.spotify.com/track/5ndfVSDyPq90jaIUhNPeby
62,2017-05-06,63,Up,Run Up (feat. PARTYNEXTDOOR & Nicki Minaj),Major Lazer,1109368,https://i.scdn.co/image/ab67616d000048518036d7402a6a76aed04f1f98,https://open.spotify.com/track/0fg8CqpjdojMyXLNzM2PaJ
63,2017-05-06,64,Down,Still Got Time,ZAYN,1098772,https://i.scdn.co/image/ab67616d000048513bfd914f72da2ed8822a634f,https://open.spotify.com/track/000xQL6tZNLJzIrtIgxqSl
64,2017-05-06,65,Up,Thunder,Imagine Dragons,1061893,https://i.scdn.co/image/ab67616d00004851ffc368984dacb8a4d8fed5a6,https://open.spotify.com/track/56lBX2WHqfGuoeZxZvUnVj
65,2017-05-06,66,Up,Bad and Boujee (feat. Lil Uzi Vert),Migos,1060352,https://i.scdn.co/image/ab67616d0000485199a8ab6da9d593939302828a,https://open.spotify.com/track/4Km5HrUvYTaSUfiSGPJeQR
66,2017-05-06,67,Up,One Dance,Drake,1040225,https://i.scdn.co/image/ab67616d00004851726abca207567d5e41cb9667,https://open.spotify.com/track/1xznGGDReH1oQq0xzbwXa3
67,2017-05-06,68,New,Sigo Extrañándote,J Balvin,1035660,https://i.scdn.co/image/ab67616d00004851338ffc4c72a192f06070546b,https://open.spotify.com/track/6qDF4wWL49CAVbgT7yuHl8
68,2017-05-06,69,Up,Bon Appétit,Katy Perry,1015313,https://i.scdn.co/image/ab67616d00004851dc92399392fe6271229995f8,https://open.spotify.com/track/14oOKFGuXu8DqvOe1W8vao
69,2017-05-06,70,Down,The Night We Met,Lord Huron,1012006,https://i.scdn.co/image/ab67616d00004851ee6611c95f868e465c98a0b2,https://open.spotify.com/track/6mORGLOz79w6VsCRLWYYuK
70,2017-05-06,71,Down,Green Light,Lorde,992096,https://i.scdn.co/image/ab67616d00004851cd594642c6384231664ccc7a,https://open.spotify.com/track/1WC5UN1U79gJlxGLYDGIO7
71,2017-05-06,72,Flat,goosebumps,Travis Scott,981214,https://i.scdn.co/image/ab67616d00004851f54b99bf27cda88f4a7403ce,https://open.spotify.com/track/6gBFPUFcJLzWGx4lenP6h2
72,2017-05-06,73,Down,Selfish (feat. Rihanna),Future,977349,https://i.scdn.co/image/ab67616d00004851968822b495da180d0792a437,https://open.spotify.com/track/2Ce5IyMlVRVvN997ZJjJJA
73,2017-05-06,74,Up,Perfect,Ed Sheeran,963736,https://i.scdn.co/image/ab67616d00004851ba5db46f4b838ef6027e6f96,https://open.spotify.com/track/0tgVpDi06FyKpA1z0VMD4v
74,2017-05-06,75,Flat,The One,The Chainsmokers,953566,https://i.scdn.co/image/ab67616d000048510c13d3d5a503c84fcc60ae94,https://open.spotify.com/track/0wfbD5rAksdXUzRvMfM3x5
75,2017-05-06,76,Up,Otra vez (feat. J Balvin),Zion & Lennox,951242,https://i.scdn.co/image/ab67616d0000485182eabf564ddc57325a84dd50,https://open.spotify.com/track/3QwBODjSEzelZyVjxPOHdq
76,2017-05-06,77,Up,Fake Love,Drake,946587,https://i.scdn.co/image/6dfd956b9331fa9ea1f47ebb95311951ed72b3db,https://open.spotify.com/track/343YBumqHu19cGoGARUTsd
77,2017-05-06,78,Flat,Touch,Little Mix,933627,https://i.scdn.co/image/ab67616d000048512318bbb0586903290db2b270,https://open.spotify.com/track/5Ua3GXyHwiSfpNTMjq6m2z
78,2017-05-06,79,Up,Bounce Back,Big Sean,933081,https://i.scdn.co/image/695d0c097d8463ccc2c2b9855fe44e3e9e7bc267,https://open.spotify.com/track/0SGkqnVQo9KPytSri1H6cF
79,2017-05-06,80,Up,Let Me Love You,DJ Snake,929718,https://i.scdn.co/image/ab67616d000048515045de6786e0af096de73ed4,https://open.spotify.com/track/4pdPtRcBmOSQDlJ3Fk945m
80,2017-05-06,81,Flat,September Song,JP Cooper,928594,https://i.scdn.co/image/ab67616d000048511400ec742ee0935608e30700,https://open.spotify.com/track/0FuTx2s3YH1ppmtiM6l0zI
81,2017-05-06,82,Up,La Rompe Corazones,Daddy Yankee,928143,https://i.scdn.co/image/ab67616d00004851b84a36483e43bfbcb931fcde,https://open.spotify.com/track/4okba5wu9mMLXx79DXLKi3
82,2017-05-06,83,Up,24K Magic,Bruno Mars,907586,https://i.scdn.co/image/ab67616d00004851232711f7d66a1e19e89e28c5,https://open.spotify.com/track/6b8Be6ljOzmkOmFslEb23P
83,2017-05-06,84,Up,Weak,AJR,891189,https://i.scdn.co/image/ab67616d000048513e51f8eb405846373fe30f93,https://open.spotify.com/track/6OuV4vfyb8v3vGGGksqyKf
84,2017-05-06,85,Up,Reggaetón Lento (Bailemos),CNCO,864991,https://i.scdn.co/image/ab67616d000048517db0f7ac4c612cce26ccacf9,https://open.spotify.com/track/3AEZUABDXNtecAOSC1qTfo
85,2017-05-06,86,Down,Everybody,Logic,859260,https://i.scdn.co/image/ab67616d000048516cfd3d4d9dbe353323190910,https://open.spotify.com/track/2qFT2tvTY8ZsBZLeaFeEB3
86,2017-05-06,87,Up,T-Shirt,Migos,855836,https://i.scdn.co/image/ab67616d0000485199a8ab6da9d593939302828a,https://open.spotify.com/track/7KOlJ92bu51cltsD9KU5I7
87,2017-05-06,88,Up,"Sola (Remix) [feat. Daddy Yankee, Wisin, Farruko, Zion & Lennox]",Anuel AA,843490,https://i.scdn.co/image/ab67616d00004851a66def7d649149464edc8f1e,https://open.spotify.com/track/5q2JbCNi4FcnglgPfxcV65
88,2017-05-06,89,Up,Body Like A Back Road,Sam Hunt,825657,https://i.scdn.co/image/ab67616d000048519eccbdab1110afc4d5a186a8,https://open.spotify.com/track/7mldq42yDuxiUNn08nvzHO
89,2017-05-06,90,Up,Hear Me Now,Alok,818756,https://i.scdn.co/image/e308bad29e4cf6dc8aa5cd97449ef71bbb893d40,https://open.spotify.com/track/1a5Yu5L18qNxVhXx38njON
90,2017-05-06,91,Up,Hey DJ,CNCO,806446,https://i.scdn.co/image/ab67616d000048514358c8856d3acc00ca6c3578,https://open.spotify.com/track/209gZgcfLq2aUuu51vOWBl
91,2017-05-06,92,Up,"How Far I'll Go - From ""Moana""",Alessia Cara,803359,https://i.scdn.co/image/ab67616d00004851fb128b1eda22335050f584fe,https://open.spotify.com/track/5hYTyyh2odQKphUbMqc5gN
92,2017-05-06,93,Up,Ciao Adios,Anne-Marie,794071,https://i.scdn.co/image/ab67616d0000485119f06fd0fc43d3ebed4f041d,https://open.spotify.com/track/3EfugazgSddQvzZpkof5I4
93,2017-05-06,94,Down,do re mi,blackbear,793192,https://i.scdn.co/image/ab67616d000048518b41182625f5b10d7f0ccc0b,https://open.spotify.com/track/6CUBgX8bXC5YQCkdgRHqyg
94,2017-05-06,95,Up,Starving,Hailee Steinfeld,791323,https://i.scdn.co/image/ab67616d00004851612495ee5769c99125031be2,https://open.spotify.com/track/1qOLh0tI7trd1zdDKxYZTe
95,2017-05-06,96,Up,Happier,Ed Sheeran,781419,https://i.scdn.co/image/ab67616d00004851ba5db46f4b838ef6027e6f96,https://open.spotify.com/track/2RttW7RAu5nOAfq6YFvApB
96,2017-05-06,97,Up,Gyalchester,Drake,778919,https://i.scdn.co/image/6dfd956b9331fa9ea1f47ebb95311951ed72b3db,https://open.spotify.com/track/6UjfByV1lDLW0SOVQA4NAi
97,2017-05-06,98,Up,Look At Me!,XXXTENTACION,771068,https://i.scdn.co/image/ab67616d0000485171af28545729f60b3eca66f7,https://open.spotify.com/track/7floNISpH8VF4z4459Qo18
98,2017-05-06,99,Up,Me Llamas (feat. Maluma) - Remix,Piso 21,760136,https://i.scdn.co/image/ab67616d000048511e1eafb5d2bb1ca39d26f092,https://open.spotify.com/track/5hEM0JchdVzQ5PwvSfITeX
99,2017-05-06,100,Up,Don't Let Me Down,The Chainsmokers,754582,https://i.scdn.co/image/ab67616d0000485108d87fb54859bc9038f7e5e0,https://open.spotify.com/track/0QsvXIfqM0zZoerQfsI9lm
100,2017-05-06,101,Up,Swang,Rae Sremmurd,752299,https://i.scdn.co/image/16293ab3b4f9301aeb5f41810fd7056d463db55e,https://open.spotify.com/track/6mapJIPnQ23RTAevUoE0DL
101,2017-05-06,102,Up,Drowning (feat. Kodak Black),A Boogie Wit da Hoodie,748250,https://i.scdn.co/image/ab67616d00004851422289e2c09a3b210aa425b5,https://open.spotify.com/track/3LnOF5n1GOs01siYZXzS3p
102,2017-05-06,103,Up,"CAN'T STOP THE FEELING! (Original Song from DreamWorks Animation's ""TROLLS"")",Justin Timberlake,737335,https://i.scdn.co/image/ab67616d00004851ef37416970812293c08e8a78,https://open.spotify.com/track/6JV2JOEocMgcZxYSZelKcc
103,2017-05-06,104,Up,Don't Wanna Know,Maroon 5,736639,https://i.scdn.co/image/ab67616d00004851eec1912bbc2ff74b8203fe5f,https://open.spotify.com/track/5MFzQMkrl1FOOng9tq6R9r
104,2017-05-06,105,Up,Most Girls,Hailee Steinfeld,732647,https://i.scdn.co/image/ab67616d000048519e1b81dc79bd5055417b1e5a,https://open.spotify.com/track/2mfUa8bLs2s5N4VaqJZ4lZ
105,2017-05-06,106,Down,XXX. FEAT. U2.,Kendrick Lamar,727092,https://i.scdn.co/image/ae1f239b41e9604a66eb900834c6887cd2f62ff1,https://open.spotify.com/track/4iYRa2btalAzPZoSYfROqF
106,2017-05-06,107,Down,Sweet Creature,Harry Styles,722465,https://i.scdn.co/image/ab67616d00004851e1becc5c601d5042d034f97d,https://open.spotify.com/track/13sXuI5RjMHm7dz7O3spYs
107,2017-05-06,108,Up,Me Enamoré,Shakira,714907,https://i.scdn.co/image/ab67616d0000485125f35f87388042b2364acbb7,https://open.spotify.com/track/4m5A5meIueOcDBpbqGvkQB
108,2017-05-06,109,Up,Rolex,Ayo & Teo,714557,https://i.scdn.co/image/ab67616d0000485179dbd95fbdf6b0d617bd32dd,https://open.spotify.com/track/0pSBuHjILhNEo55xK1zrRt
109,2017-05-06,110,Up,Whippin (feat. Felix Snow),Kiiara,702290,https://i.scdn.co/image/ab67616d00004851203e94bd36a9b9c984225d9b,https://open.spotify.com/track/3QWjljChcOMkRDYSzF33Qr
110,2017-05-06,111,Up,Vente Pa' Ca,Ricky Martin,701036,https://i.scdn.co/image/ab67616d000048513d90f5938459be40b7b6652a,https://open.spotify.com/track/7DM4BPaS7uofFul3ywMe46
111,2017-05-06,112,Up,Redbone,Childish Gambino,700966,https://i.scdn.co/image/ab67616d000048510b97e56ffad7c6211aa848f8,https://open.spotify.com/track/3kxfsdsCpFgN412fpnW85Y
112,2017-05-06,113,Up,In the Name of Love,Martin Garrix,689725,https://i.scdn.co/image/ab67616d00004851923db3f255cd48a6d5783ebf,https://open.spotify.com/track/04DwTuZ2VBdJCCC5TROn7L
113,2017-05-06,114,Up,Slippery (feat. Gucci Mane),Migos,687508,https://i.scdn.co/image/ab67616d0000485199a8ab6da9d593939302828a,https://open.spotify.com/track/6p8NuHm8uCGnn2Dtbtf7zE
114,2017-05-06,115,Up,I Took A Pill In Ibiza - Seeb Remix,Mike Posner,678684,https://i.scdn.co/image/ab67616d0000485140512e02a594e3378c0256e6,https://open.spotify.com/track/17Fd6Yb7mSbinKG8LoWfFl
115,2017-05-06,116,Up,All Time Low,Jon Bellion,678646,https://i.scdn.co/image/ff06a4138a99d272c24d2f6da9b5ea6067c054db,https://open.spotify.com/track/1CnPYaKxTVb4LWOtiGOm0m
116,2017-05-06,117,Down,YAH.,Kendrick Lamar,673968,https://i.scdn.co/image/ae1f239b41e9604a66eb900834c6887cd2f62ff1,https://open.spotify.com/track/4BHSjbYylfOH5WAGusDyni
117,2017-05-06,118,Up,Cold Water (feat. Justin Bieber & MØ),Major Lazer,665138,https://i.scdn.co/image/ab67616d000048512e8f1cca2bc8c9d55930523b,https://open.spotify.com/track/6DNtNfH8hXkqOX1sjqmI7p
118,2017-05-06,119,Up,Tu Foto,Ozuna,654045,https://i.scdn.co/image/ab67616d000048515a0467b3a49a461da243c362,https://open.spotify.com/track/0Szp49tpFasIjX04Mcsydp
119,2017-05-06,120,Up,Treat You Better,Shawn Mendes,650254,https://i.scdn.co/image/ab67616d00004851188e6332f32088921ab1eaf8,https://open.spotify.com/track/4Hf7WnR761jpxPr5D46Bcd
120,2017-05-06,121,Up,Side To Side,Ariana Grande,649777,https://i.scdn.co/image/ab67616d000048517227f5854239a059af211d5b,https://open.spotify.com/track/4pLwZjInHj3SimIyN9SnOz
121,2017-05-06,122,Down,Black SpiderMan,Logic,648685,https://i.scdn.co/image/08f9ccb7875a87c07c79c1ccd5319263786c55ea,https://open.spotify.com/track/7BKUWh5sdtdS17crohRe4L
122,2017-05-06,123,New,Safari,J Balvin,633780,https://i.scdn.co/image/ab67616d00004851338ffc4c72a192f06070546b,https://open.spotify.com/track/6rQSrBHf7HlZjtcMZ4S4bO
123,2017-05-06,124,Up,Heathens,Twenty One Pilots,616557,https://i.scdn.co/image/ab67616d000048512ca3ba8f334ca5a5f0312efb,https://open.spotify.com/track/6i0V12jOa3mr6uu4WYhUBr
124,2017-05-06,125,Down,PRIDE.,Kendrick Lamar,615031,https://i.scdn.co/image/ae1f239b41e9604a66eb900834c6887cd2f62ff1,https://open.spotify.com/track/6IZvVAP7VPPnsGX6bvgkqg
125,2017-05-06,126,Down,LUST.,Kendrick Lamar,614683,https://i.scdn.co/image/ae1f239b41e9604a66eb900834c6887cd2f62ff1,https://open.spotify.com/track/06FCvd7rrRcF3DdvWH5Isp
126,2017-05-06,127,Up,Dive,Ed Sheeran,612832,https://i.scdn.co/image/ab67616d00004851ba5db46f4b838ef6027e6f96,https://open.spotify.com/track/51ChrwmUPDJvedPQnIU8Ls
127,2017-05-06,128,Up,"Ay Mi Dios (feat. Pitbull, Yandel & Chacal)",IAmChino,607178,https://i.scdn.co/image/ab67616d000048511568fbc07414eb185c58ef62,https://open.spotify.com/track/6stYbAJgTszHAHZMPxWWCY
128,2017-05-06,129,Up,Alguien Robo,Sebastian Yatra,606661,https://i.scdn.co/image/ab67616d0000485135e1cf8c70c60dc416956c17,https://open.spotify.com/track/5i50gKdLAjjIr7UxRT5IVy
129,2017-05-06,130,Up,We Don't Talk Anymore,Charlie Puth,601856,https://i.scdn.co/image/ab67616d00004851c0e28105f0533c52717c46c2,https://open.spotify.com/track/68EMU2RD1ECNeOeJ5qAXCV
130,2017-05-06,131,Down,Lust for Life (with The Weeknd),Lana Del Rey,592166,https://i.scdn.co/image/ab67616d00004851cc907289ff9b1a11a9aa7aae,https://open.spotify.com/track/5LYQSNHZxEA880URXFHg6h
131,2017-05-06,132,Up,Skin,Rag'n'Bone Man,590838,https://i.scdn.co/image/ab67616d0000485190a788beadaad34ff684d3ec,https://open.spotify.com/track/6y2Kaz9QI01XBKJ8mTb7Pf
132,2017-05-06,133,Up,Photograph,Ed Sheeran,589797,https://i.scdn.co/image/ab67616d00004851d08209944468440145f01524,https://open.spotify.com/track/6fxVffaTuwjgEk5h9QyRjy
133,2017-05-06,134,Up,Vacaciones,Wisin,589209,https://i.scdn.co/image/ab67616d00004851c85f0d16973e9dae6f8a786c,https://open.spotify.com/track/3dQDid3IUNhZy1OehIfYfE
134,2017-05-06,135,Down,FEEL.,Kendrick Lamar,587437,https://i.scdn.co/image/ae1f239b41e9604a66eb900834c6887cd2f62ff1,https://open.spotify.com/track/2LTlO3NuNVN70lp2ZbVswF
135,2017-05-06,136,Up,Human,Rag'n'Bone Man,584625,https://i.scdn.co/image/ab67616d0000485190a788beadaad34ff684d3ec,https://open.spotify.com/track/58zsLZPvfflaiIbNWoA22O
136,2017-05-06,137,Up,Te Quiero Pa´Mi,Don Omar,578106,https://i.scdn.co/image/ab67616d00004851d0cb2a58e3bf5d7ac5ece16f,https://open.spotify.com/track/3BY2mafsbsoKGqS380Xnuz
137,2017-05-06,138,Down,Take It Back,Logic,578105,https://i.scdn.co/image/ab67616d000048516cfd3d4d9dbe353323190910,https://open.spotify.com/track/32VC4phBq8CWC3rFSnjEHr
138,2017-05-06,139,Up,All Night,The Vamps,577755,https://i.scdn.co/image/ab67616d00004851f03c9779c27137669304ea20,https://open.spotify.com/track/1yNyoWWWikbLhwIGWjZuDW
139,2017-05-06,140,Down,Confess,Logic,577678,https://i.scdn.co/image/ab67616d000048516cfd3d4d9dbe353323190910,https://open.spotify.com/track/4TIngwQM4tE0V3BCg9WDFV
140,2017-05-06,141,Up,Quit (feat. Ariana Grande),Cashmere Cat,576662,https://i.scdn.co/image/ab67616d00004851e53443feca656fafbbbae361,https://open.spotify.com/track/4Q5yMlwAfAoitqg4r9oZHN
141,2017-05-06,142,Up,Bad Bitch (feat. Ty Dolla $ign),Bebe Rexha,573162,https://i.scdn.co/image/ab67616d0000485166ae1fd71a3e5779e98e277a,https://open.spotify.com/track/4ZJPwET9Jrgpkqi4Vo3Yg8
142,2017-05-06,143,Down,Killing Spree,Logic,572621,https://i.scdn.co/image/ab67616d000048516cfd3d4d9dbe353323190910,https://open.spotify.com/track/6vKXDgJmquMzFSVBCH55Nc
143,2017-05-06,144,Up,Mercy,Shawn Mendes,572363,https://i.scdn.co/image/ab67616d00004851188e6332f32088921ab1eaf8,https://open.spotify.com/track/4TZy1wLyHec06pwgFYDh1a
144,2017-05-06,145,Down,Hard Times,Paramore,569862,https://i.scdn.co/image/ab67616d0000485167bcca1f5ad8ec23e5db537c,https://open.spotify.com/track/5hHudNsfZXmdgefWxAX2LG
145,2017-05-06,146,Up,Stressed Out,Twenty One Pilots,567688,https://i.scdn.co/image/ab67616d00004851de03bfc2991fd5bcfde65ba3,https://open.spotify.com/track/3CRDbSIZ4r5MsZ0YwxuEkn
146,2017-05-06,147,Up,Broccoli (feat. Lil Yachty),DRAM,566998,https://i.scdn.co/image/ab67616d00004851f02a1575a59bd05998826351,https://open.spotify.com/track/7yyRTcZmCiyzzJlNzGC9Ol
147,2017-05-06,148,Up,Cheap Thrills,Sia,566045,https://i.scdn.co/image/ab67616d0000485149e0134c686547c28b7c999f,https://open.spotify.com/track/27SdWb2rFzO6GWiYDBTD9j
148,2017-05-06,149,Up,Faded,Alan Walker,565744,https://i.scdn.co/image/ab67616d00004851c4d00cac55ae1b4598c9bc90,https://open.spotify.com/track/7gHs73wELdeycvS48JfIos
149,2017-05-06,150,Up,Just Hold On,Steve Aoki,564460,https://i.scdn.co/image/ab67616d0000485122e2ce2de8bad6d67ee69b48,https://open.spotify.com/track/3EmmCZoqpWOTY1g2GBwJoR
150,2017-05-06,151,Down,Obsession (feat. Jon Bellion),Vice,563474,https://i.scdn.co/image/ab67616d00004851613e95f13796f99051766bca,https://open.spotify.com/track/542Xd5qDeLBvgXZXhfW7LE
151,2017-05-06,152,Up,My Way,Calvin Harris,562059,https://i.scdn.co/image/ab67616d000048518d12bc5e3ea5c9f4a967de32,https://open.spotify.com/track/1vvNmPOiUuyCbgWmtc6yfm
152,2017-05-06,153,Down,Break Up Every Night,The Chainsmokers,561844,https://i.scdn.co/image/ab67616d000048510c13d3d5a503c84fcc60ae94,https://open.spotify.com/track/6cPyTS0Kk2sc4xQwC93kOg
153,2017-05-06,154,Up,Sorry,Justin Bieber,561538,https://i.scdn.co/image/ab67616d00004851b6d9a4fbb0bd49f0f034aead,https://open.spotify.com/track/69bp2EbF7Q2rqc5N3ylezZ
154,2017-05-06,155,Down,Love On The Brain,Rihanna,560891,https://i.scdn.co/image/ddc285ca9817c96c7719b3f2a759e108787db021,https://open.spotify.com/track/2aksifNn5ph8igDOkPBA02
155,2017-05-06,156,Up,Love Yourself,Justin Bieber,560216,https://i.scdn.co/image/ab67616d00004851b6d9a4fbb0bd49f0f034aead,https://open.spotify.com/track/3hB5DgAiMAQ4DzYbsMq1IT
156,2017-05-06,157,Up,Black Beatles,Rae Sremmurd,559504,https://i.scdn.co/image/16293ab3b4f9301aeb5f41810fd7056d463db55e,https://open.spotify.com/track/6fujklziTHa8uoM5OQSfIo
157,2017-05-06,158,Up,What Do I Know?,Ed Sheeran,555919,https://i.scdn.co/image/ab67616d00004851ba5db46f4b838ef6027e6f96,https://open.spotify.com/track/2pJZ1v8HezrAoZ0Fhzby92
158,2017-05-06,159,Up,Work from Home (feat. Ty Dolla $ign),Fifth Harmony,555916,https://i.scdn.co/image/ab67616d00004851d03fa6f4e758282b7920b5c8,https://open.spotify.com/track/4tCtwWceOPWzenK2HAIJSb
159,2017-05-06,160,Down,Blem,Drake,552301,https://i.scdn.co/image/6dfd956b9331fa9ea1f47ebb95311951ed72b3db,https://open.spotify.com/track/2XlHu0HcujBCkWMdIAvrqt
160,2017-05-06,161,New,Traicionera,Sebastian Yatra,545412,https://i.scdn.co/image/ab67616d00004851dbe5e9f934a9be5db8884c52,https://open.spotify.com/track/5J1c3M4EldCfNxXwrwt8mT
161,2017-05-06,162,Down,America,Logic,545246,https://i.scdn.co/image/ab67616d000048516cfd3d4d9dbe353323190910,https://open.spotify.com/track/0DtxfqGupuWkfDCtz2lRG0
162,2017-05-06,163,Up,Thinking out Loud,Ed Sheeran,544858,https://i.scdn.co/image/ab67616d00004851d08209944468440145f01524,https://open.spotify.com/track/1Slwb6dOYkBlWal1PGtnNg
163,2017-05-06,164,Down,Hallelujah,Logic,536103,https://i.scdn.co/image/ab67616d000048516cfd3d4d9dbe353323190910,https://open.spotify.com/track/3NGThUsocImPUQE2tlQXJr
164,2017-05-06,165,Up,Ride,Twenty One Pilots,529655,https://i.scdn.co/image/ab67616d00004851de03bfc2991fd5bcfde65ba3,https://open.spotify.com/track/2Z8WuEywRWYTKe1NybPQEW
165,2017-05-06,166,Up,This Is What You Came For,Calvin Harris,528456,https://i.scdn.co/image/ab67616d00004851d9aa52355e062f5de060adbf,https://open.spotify.com/track/0azC730Exh71aQlOt9Zj3y
166,2017-05-06,167,Up,New Man,Ed Sheeran,524435,https://i.scdn.co/image/ab67616d00004851ba5db46f4b838ef6027e6f96,https://open.spotify.com/track/5HDPtsnyb3maFmPL8LLUTG
167,2017-05-06,168,Up,Lumbra,Cali Y El Dandee,521314,https://i.scdn.co/image/ab67616d000048511b871ef4de91bd38cac024d1,https://open.spotify.com/track/6VHdcVbiKLYYOcMbIqBcuK
168,2017-05-06,169,Up,No More Sad Songs,Little Mix,520856,https://i.scdn.co/image/ab67616d000048511271b19cbf9d3788532a67f5,https://open.spotify.com/track/5ZnJsoJGkQ5K15W7Rcr5JO
169,2017-05-06,170,Up,Si Tú La Ves (feat. Wisin),Nicky Jam,517300,https://i.scdn.co/image/ab67616d00004851d77dbcd4dbd37cdfa61771fa,https://open.spotify.com/track/4yN6xPLopmTLvc27pO9LIE
170,2017-05-06,171,Down,Ink Blot,Logic,513846,https://i.scdn.co/image/ab67616d000048516cfd3d4d9dbe353323190910,https://open.spotify.com/track/36vMHXKIom4mwAlQqoD0sh
171,2017-05-06,172,Up,Perfect Strangers,Jonas Blue,512022,https://i.scdn.co/image/ab67616d0000485179882e87678a76bc1d895e94,https://open.spotify.com/track/1CUVN2kn7mW5FjkqXTR2W1
172,2017-05-06,173,Up,At My Best (feat. Hailee Steinfeld),Machine Gun Kelly,506016,https://i.scdn.co/image/ab67616d0000485186e996e8b976d25b23a310e9,https://open.spotify.com/track/5DEp4UmhxN7OLnYQacWZhh
173,2017-05-06,174,Up,Scars To Your Beautiful,Alessia Cara,505761,https://i.scdn.co/image/5b9e5bd34ec840f07c8530e43a76b1b5e08d8b77,https://open.spotify.com/track/0prNGof3XqfTvNDxHonvdK
174,2017-05-06,175,Up,Panda,Desiigner,504063,https://i.scdn.co/image/ab67616d000048513df69bfb7713d8262820612b,https://open.spotify.com/track/5OOkp4U9P9oL23maHFHL1h
175,2017-05-06,176,Up,TG4M,Zara Larsson,503482,https://i.scdn.co/image/ab67616d000048519e1683774b22648f4f178ed3,https://open.spotify.com/track/4uoumbAMEMaKdtiv763jKz
176,2017-05-06,177,Up,Get Right Witcha,Migos,500085,https://i.scdn.co/image/ab67616d0000485199a8ab6da9d593939302828a,https://open.spotify.com/track/76Y0gxtTxN0FyDCYh5qYQj
177,2017-05-06,178,Up,This Girl (Kungs Vs. Cookin' On 3 Burners) - Kungs Vs. Cookin' On 3 Burners,Kungs,488467,https://i.scdn.co/image/ab67616d00004851f504cc56f3bd99bc61929272,https://open.spotify.com/track/0tICYNayWWhH9GPeFrfjfD
178,2017-05-06,179,Up,Caroline,Aminé,482960,https://i.scdn.co/image/ab67616d00004851a7f01ef25974c10cdbbd566e,https://open.spotify.com/track/5GFDrUTLGJix84sNhjCG0g
179,2017-05-06,180,Up,Lean On (feat. MØ & DJ Snake),Major Lazer,482470,https://i.scdn.co/image/ab67616d000048519f55dad3a63f72f1bc8d6f59,https://open.spotify.com/track/4WjH9Bzt3kx7z8kl0awxh4
180,2017-05-06,181,Down,Anziety,Logic,480604,https://i.scdn.co/image/ab67616d000048516cfd3d4d9dbe353323190910,https://open.spotify.com/track/4YGzGGnOCahszVbDkkzP8q
181,2017-05-06,182,New,La Bicicleta,Carlos Vives,480131,https://i.scdn.co/image/ab67616d00004851e588b4129b0afd8595ac55b0,https://open.spotify.com/track/43it4kot08akLzFIEMhXNN
182,2017-05-06,183,Down,GOD.,Kendrick Lamar,479211,https://i.scdn.co/image/ae1f239b41e9604a66eb900834c6887cd2f62ff1,https://open.spotify.com/track/5p3NP9mQblDsVJLdfNZJ3I
183,2017-05-06,184,New,No Lie,Sean Paul,476515,https://i.scdn.co/image/ab67616d000048514782809e4cd19cefc99048f7,https://open.spotify.com/track/3cFsmM51N5zMAuu1nNY4Tw
184,2017-05-06,185,Down,Heatstroke,Calvin Harris,473248,https://i.scdn.co/image/ab67616d00004851acd1420d90d6d2c55b6dd8fc,https://open.spotify.com/track/1N90cV79gbBgO0bOs74Y0t
185,2017-05-06,186,Down,FEAR.,Kendrick Lamar,472352,https://i.scdn.co/image/ae1f239b41e9604a66eb900834c6887cd2f62ff1,https://open.spotify.com/track/23luOrEVHMfoX0AhfbQuS6
186,2017-05-06,187,New,Dile Que Tu Me Quieres,Ozuna,471824,https://i.scdn.co/image/ab67616d0000485133bbd31551e01896f58d688f,https://open.spotify.com/track/20ZAJdsKB5IGbGj4ilRt2o
187,2017-05-06,188,New,7 Years,Lukas Graham,470779,https://i.scdn.co/image/ab67616d0000485104d59cefa11f0eee9f1877a5,https://open.spotify.com/track/7129iqBafaphfc3WPCGC0L
188,2017-05-06,189,Up,Magnolia,Playboi Carti,470478,https://i.scdn.co/image/cbfa858a49a59efbca64c6f7078068cf07731bd0,https://open.spotify.com/track/1e1JKLEDKP7hEQzJfNAgPl
189,2017-05-06,190,New,Báilame,Nacho,470011,https://i.scdn.co/image/ab67616d000048514b2089fbced0d870deb3e9f2,https://open.spotify.com/track/7lRsNbdOGykkMAgsqs4R1C
190,2017-05-06,191,New,Cake By The Ocean,DNCE,469141,https://i.scdn.co/image/ab67616d00004851a19a2912e1618ada66b2e6e8,https://open.spotify.com/track/2aFiaMXmWsM3Vj72F9ksBl
191,2017-05-06,192,Down,wokeuplikethis*,Playboi Carti,467851,https://i.scdn.co/image/cbfa858a49a59efbca64c6f7078068cf07731bd0,https://open.spotify.com/track/59J5nzL1KniFHnU120dQzt
192,2017-05-06,193,Up,"Sucker For Pain (with Wiz Khalifa, Imagine Dragons, Logic & Ty Dolla $ign feat. X Ambassadors)",Lil Wayne,467756,https://i.scdn.co/image/ab67616d000048517d8dfcfd507069d7f2062caf,https://open.spotify.com/track/4dASQiO1Eoo3RJvt74FtXB
193,2017-05-06,194,Up,Bad Things - With Camila Cabello,Machine Gun Kelly,466015,https://i.scdn.co/image/ab67616d000048517c08e36d6dce22b7445219ee,https://open.spotify.com/track/6H2TKJ9KJfcq6MRmw2cF20
194,2017-05-06,195,New,Up,NAV,465117,https://i.scdn.co/image/d62c91b4a909cdac115e068d943554b0d96c0003,https://open.spotify.com/track/5qbcsZMwL0x46sX7VO37Ye
195,2017-05-06,196,Flat,Shed a Light,Robin Schulz,461761,https://i.scdn.co/image/ab67616d000048517be189f322bc8155c103d6c9,https://open.spotify.com/track/1cG0umU5TKStygKsPFZ9pY
196,2017-05-06,197,New,Sunset Lover,Petit Biscuit,460886,https://i.scdn.co/image/ab67616d00004851014080d39d56c94c0b285362,https://open.spotify.com/track/0hNduWmlWmEmuwEFcYvRu1
197,2017-05-06,198,New,Barcelona,Ed Sheeran,457822,https://i.scdn.co/image/ab67616d00004851ba5db46f4b838ef6027e6f96,https://open.spotify.com/track/3Lfiu5sZ4M4B6JaKMBc0FU
198,2017-05-06,199,New,Versace on the Floor,Bruno Mars,453813,https://i.scdn.co/image/ab67616d00004851232711f7d66a1e19e89e28c5,https://open.spotify.com/track/0kN8xEmgMW9mh7UmDYHlJP
199,2017-05-06,200,Down,AfricAryaN,Logic,452685,https://i.scdn.co/image/ab67616d000048516cfd3d4d9dbe353323190910,https://open.spotify.com/track/5nWZrdb87paLgk6dPGgILz
