,Date,Position,Trend,Title,Artist,Streams,Icon_URL,Spotify_URL
0,2018-11-20,1,Flat,"thank u, next",Ariana Grande,6343338,https://i.scdn.co/image/ab67616d00004851837150a0f5cc7a6c4acb8e68,https://open.spotify.com/track/2rPE9A1vEgShuZxxzR2tZH
1,2018-11-20,2,Flat,"Taki Taki (with Selena Gomez, Ozuna & Cardi B)",DJ Snake,4479418,https://i.scdn.co/image/ab67616d00004851f80bb01db0475af1f9a3be50,https://open.spotify.com/track/4w8niZpiMy6qz1mntFA5uM
2,2018-11-20,3,Flat,MIA (feat. Drake),Bad Bunny,3491435,https://i.scdn.co/image/ab67616d000048514d382194384bc6e08eb090f6,https://open.spotify.com/track/116H0KvKr2Zl4RPuVBruDO
3,2018-11-20,4,Flat,Without Me,Halsey,3237445,https://i.scdn.co/image/3b32022e7070392b3800c67badce20d6f7d3a34c,https://open.spotify.com/track/5p7ujcrUXASCNwRaWNHR1C
4,2018-11-20,5,Flat,Happier,Marshmello,3099802,https://i.scdn.co/image/9229fef0b5c4b66883b901a62d69d13832cd6f27,https://open.spotify.com/track/2dpaYNEQHiRxtZbfNsse99
5,2018-11-20,6,Up,SICKO MODE,Travis Scott,3099557,https://i.scdn.co/image/ab67616d00004851072e9faef2ef7b6db63834a3,https://open.spotify.com/track/2xLMifQCjDGFmkHkpNLD9h
6,2018-11-20,7,Down,Sunflower - Spider-Man: Into the Spider-Verse,Post Malone,2978866,https://i.scdn.co/image/ab67616d00004851ef376d3257503f734de0eefc,https://open.spotify.com/track/1A6OTy97kk0mMdm78rHsm8
7,2018-11-20,8,Flat,Arms Around You (feat. Maluma & Swae Lee),XXXTENTACION,2878407,https://i.scdn.co/image/ab67616d0000485197edb4fc7ac3510ca4bb021c,https://open.spotify.com/track/2LskIZrCeLxRvCiGP8gxlh
8,2018-11-20,9,Up,ZEZE (feat. Travis Scott & Offset),Kodak Black,2803848,https://i.scdn.co/image/ab67616d000048518a5a04dbb1c7a3242fdfdfe8,https://open.spotify.com/track/7l3E7lcozEodtVsSTCkcaA
9,2018-11-20,10,Down,Shallow,Lady Gaga,2790823,https://i.scdn.co/image/c3e58f0c35cd87a247468863e25ed47be3502c4d,https://open.spotify.com/track/2VxeLyX666F8uXCJ0dZF8B
10,2018-11-20,11,Flat,Bohemian Rhapsody - Remastered 2011,Queen,2520947,https://i.scdn.co/image/e2fb26176d381198b5ed65ef395f1485d0bc47dd,https://open.spotify.com/track/7tFiyTwD0nx5a1eklYtX2J
11,2018-11-20,12,Flat,when the party's over,Billie Eilish,2505925,https://i.scdn.co/image/ab67616d0000485104b3aa9683e334b8140d19e7,https://open.spotify.com/track/14JzyD6FlBD5z0wV5P07YI
12,2018-11-20,13,Up,Mo Bamba,Sheck Wes,2445793,https://i.scdn.co/image/ab67616d0000485159cd47039c5b10ed919fbaa8,https://open.spotify.com/track/1xzBco0xcoJEDXktl7Jxrr
13,2018-11-20,14,Down,BAD!,XXXTENTACION,2361007,https://i.scdn.co/image/ab67616d00004851e882bdd459b392825c90a429,https://open.spotify.com/track/4CH66Rxcjcj3VBHwmIBj4T
14,2018-11-20,15,Flat,Better,Khalid,2222555,https://i.scdn.co/image/ab67616d0000485160624c0781fd787c9aa4699c,https://open.spotify.com/track/6zeeWid2sgw4lap2jV61PZ
15,2018-11-20,16,Flat,Sweet but Psycho,Ava Max,2211573,https://i.scdn.co/image/ab67616d00004851c5015d2a9270865a5979f56b,https://open.spotify.com/track/25sgk305KZfyuqVBQIahim
16,2018-11-20,17,Flat,Drip Too Hard (Lil Baby & Gunna),Lil Baby,2056204,https://i.scdn.co/image/fdfd6e34a35e299e2b498279ffed1f5643730dba,https://open.spotify.com/track/78QR3Wp35dqAhFEc2qAGjE
17,2018-11-20,18,Up,Adan y Eva,Paulo Londra,2025649,https://i.scdn.co/image/ab67616d0000485144de3fd4618260574d905bcc,https://open.spotify.com/track/6FyRXC8tJUh863JCkyWqtk
18,2018-11-20,19,Down,Lucid Dreams,Juice WRLD,2003911,https://i.scdn.co/image/ab67616d00004851466028b14d6d0023a862e50d,https://open.spotify.com/track/0s3nnoMeVWz3989MkNQiRf
19,2018-11-20,20,Down,Eastside (with Halsey & Khalid),benny blanco,1997848,https://i.scdn.co/image/1aef7707ee10c4f16f382926a3d1a75530b55367,https://open.spotify.com/track/0d2iYfpKoM0QCKvcLCkBao
20,2018-11-20,21,Up,Girls Like You (feat. Cardi B),Maroon 5,1945552,https://i.scdn.co/image/713dd96693d1706e93f98854598ef52db28090a6,https://open.spotify.com/track/7fa9MBXhVfQ8P8Df9OEbD8
21,2018-11-20,22,Down,Woman Like Me (feat. Nicki Minaj),Little Mix,1921044,https://i.scdn.co/image/ab67616d0000485115174e2b2347b5ffbea6dbf0,https://open.spotify.com/track/222B3aljXx6fFwKmFjuBED
22,2018-11-20,23,Up,Be Alright,Dean Lewis,1820435,https://i.scdn.co/image/3d9533b540df9df2b95f37f8024028ed2f9fffd7,https://open.spotify.com/track/3EPXxR3ImUwfayaurPi3cm
23,2018-11-20,24,Down,In My Mind,Dynoro,1791892,https://i.scdn.co/image/ab67616d0000485128a8a05c3a7ba952c7615ab9,https://open.spotify.com/track/0E9ZjEAyAwOXZ7wJC0PD33
24,2018-11-20,25,Down,Falling Down - Bonus Track,Lil Peep,1790893,https://i.scdn.co/image/ab67616d0000485155e36b0dc5b0ef008fc85319,https://open.spotify.com/track/4jvjzW7Hm0yK4LvvE0Paz9
25,2018-11-20,26,Flat,Ruin My Life,Zara Larsson,1781364,https://i.scdn.co/image/ab67616d00004851ceedff6a709d5a9f6c86a0bc,https://open.spotify.com/track/5tAa8Uaqr4VvA3693mbIhU
26,2018-11-20,27,Up,Kiss and Make Up,Dua Lipa,1762268,https://i.scdn.co/image/ab67616d000048514251686a69b5bf55599ec280,https://open.spotify.com/track/13hvHEstJ4sNbzdroPrPI3
27,2018-11-20,28,Flat,SAD!,XXXTENTACION,1762004,https://i.scdn.co/image/f0443f8ad743f6052c813c593f1ad0fc161965a2,https://open.spotify.com/track/3ee8Jmje8o58CHK66QrVC2
28,2018-11-20,29,Up,Let You Love Me,Rita Ora,1751800,https://i.scdn.co/image/ab67616d00004851c2d8075e09b1eac3db8b6254,https://open.spotify.com/track/6xtcFXSo8H9BZN637BMVKS
29,2018-11-20,30,Down,Bad Liar,Imagine Dragons,1737494,https://i.scdn.co/image/a19e4bc43fc23086aa96c360dd9e9d5a314e2586,https://open.spotify.com/track/2RSHsoi04658QL5xgQVov3
30,2018-11-20,31,Down,Promises (with Sam Smith),Calvin Harris,1727003,https://i.scdn.co/image/ab67616d00004851ccdcbd450e42fc7b27a82a1f,https://open.spotify.com/track/5N5k9nd479b1xpDZ4usjrg
31,2018-11-20,32,Flat,Better Now,Post Malone,1684828,https://i.scdn.co/image/4eeab79394ac6dd1d58132e9cecc5d6ba61b9ca1,https://open.spotify.com/track/7dt6x5M1jzdTEt8oCbisTK
32,2018-11-20,33,Up,Moonlight,XXXTENTACION,1617325,https://i.scdn.co/image/f0443f8ad743f6052c813c593f1ad0fc161965a2,https://open.spotify.com/track/0JP9xo3adEtGSdUEISiszL
33,2018-11-20,34,Flat,Happy Now,Kygo,1610666,https://i.scdn.co/image/ab67616d0000485182c80d6ec5b001d9ae49564d,https://open.spotify.com/track/14sOS5L36385FJ3OL8hew4
34,2018-11-20,35,Down,Natural,Imagine Dragons,1607998,https://i.scdn.co/image/a19e4bc43fc23086aa96c360dd9e9d5a314e2586,https://open.spotify.com/track/2FY7b99s15jUprqC0M5NCT
35,2018-11-20,36,Up,lovely (with Khalid),Billie Eilish,1593437,https://i.scdn.co/image/9d95ac9d573809e324fff0bedba2fe207770be69,https://open.spotify.com/track/0u2P5u6lvoDfwTYjAADbn4
36,2018-11-20,37,Up,Wake Up in the Sky,Gucci Mane,1564391,https://i.scdn.co/image/ab67616d00004851b64fc7036d0fccef26f9f7e8,https://open.spotify.com/track/0QIjsbm2fh1cJ45XO9eGqq
37,2018-11-20,38,Down,Vaina Loca,Ozuna,1561550,https://i.scdn.co/image/ab67616d0000485166ab16a0f75d517304f18efd,https://open.spotify.com/track/48zFZh27QU5qsrBjn4C2FA
38,2018-11-20,39,Down,Another One Bites The Dust - Remastered 2011,Queen,1545150,https://i.scdn.co/image/33fbdd8f6e56ce67943bc30a943f19b4497c4fda,https://open.spotify.com/track/5vdp5UmvTsnMEMESIF2Ym7
39,2018-11-20,40,Flat,Close To Me (with Diplo) (feat. Swae Lee),Ellie Goulding,1528017,https://i.scdn.co/image/45d08e7e989c9bf885cc548305a3d692a68646f0,https://open.spotify.com/track/5JEx7HbmvHQQswJCsoo9rA
40,2018-11-20,41,Flat,Youngblood,5 Seconds of Summer,1444282,https://i.scdn.co/image/ab67616d0000485141aa6776dc15fbd71a2b4557,https://open.spotify.com/track/2iUXsYOEPhVqEBwsqP70rE
41,2018-11-20,42,Up,High Hopes,Panic! At The Disco,1426560,https://i.scdn.co/image/ab67616d00004851c5148520a59be191eea16989,https://open.spotify.com/track/1rqqCSm0Qe4I9rUvWncaom
42,2018-11-20,43,Down,I Love It (& Lil Pump),Kanye West,1418147,https://i.scdn.co/image/5e36fdee2410723088e89891bf203bc18d45ef6d,https://open.spotify.com/track/4S8d14HvHb70ImctNgVzQQ
43,2018-11-20,44,Up,Taste (feat. Offset),Tyga,1411795,https://i.scdn.co/image/ab67616d00004851a4d73b32e40487605c73cffe,https://open.spotify.com/track/5IaHrVsrferBYDm0bDyABy
44,2018-11-20,45,Flat,Armed And Dangerous,Juice WRLD,1401564,https://i.scdn.co/image/ab67616d00004851446eb26cadbd31b142d9da9f,https://open.spotify.com/track/6SAKXCj5jyF6IgPCPbZ5ra
45,2018-11-20,46,Down,In My Feelings,Drake,1398198,https://i.scdn.co/image/ed0e8b6ee4bcdb0565e99bdeb3465eabc8b25bb3,https://open.spotify.com/track/2G7V7zsVDxg1yRsu7Ew9RJ
46,2018-11-20,47,Down,BEBE,6ix9ine,1389665,https://i.scdn.co/image/ab67616d00004851104271798dc8a150dcc7bee7,https://open.spotify.com/track/7ATATJztoWLcqDAcVVof0C
47,2018-11-20,48,Flat,All I Want for Christmas Is You,Mariah Carey,1376416,https://i.scdn.co/image/ab67616d000048514246e3158421f5abb75abc4f,https://open.spotify.com/track/0bYg9bo50gSsH3LtXe2SQn
48,2018-11-20,49,Flat,Cuando Te Besé,Becky G,1333649,https://i.scdn.co/image/ab67616d000048514fc41c0d6dbcf2942af4ca00,https://open.spotify.com/track/2XXMDz7SPZ4mSFN1PXfHUy
49,2018-11-20,50,Flat,breathin,Ariana Grande,1333281,https://i.scdn.co/image/2014e80f61390c0bce3b9849416cf20757aae473,https://open.spotify.com/track/4OafepJy2teCjYJbvFE60J
50,2018-11-20,51,Flat,Somebody To Love - Remastered 2011,Queen,1274850,https://i.scdn.co/image/eca98e69fe4acbd52242df8a27e7b127b48c2f79,https://open.spotify.com/track/6cFZ4PLC19taNlpl9pbGMf
51,2018-11-20,52,Flat,Don't Stop Me Now - Remastered,Queen,1271182,https://i.scdn.co/image/2e7908e0d325192f565d68e0f562112a53ecf9c5,https://open.spotify.com/track/5T8EDUDqKcs6OSOwEsfqG7
52,2018-11-20,53,Flat,Love Someone,Lukas Graham,1233344,https://i.scdn.co/image/ab67616d00004851d266be64b095db17c5b6814a,https://open.spotify.com/track/3id2EVGKc3eFAMn9nFnB0r
53,2018-11-20,54,Up,Ella Quiere Beber - Remix,Anuel AA,1218974,https://i.scdn.co/image/ab67616d000048514130163b161ad26915093fc5,https://open.spotify.com/track/2cYnZNzFRFK0H7vSNxPsUq
54,2018-11-20,55,Up,rockstar (feat. 21 Savage),Post Malone,1215012,https://i.scdn.co/image/4eeab79394ac6dd1d58132e9cecc5d6ba61b9ca1,https://open.spotify.com/track/0e7ipj03S05BNilyu5bRzt
55,2018-11-20,56,Up,Nonstop,Drake,1210371,https://i.scdn.co/image/ed0e8b6ee4bcdb0565e99bdeb3465eabc8b25bb3,https://open.spotify.com/track/0TlLq3lA83rQOYtrqBqSct
56,2018-11-20,57,Down,Jocelyn Flores,XXXTENTACION,1207467,https://i.scdn.co/image/ab67616d00004851203c89bd4391468eea4cc3f5,https://open.spotify.com/track/7m9OqQk4RVRkw9JJdeAw96
57,2018-11-20,58,Down,Topanga,Trippie Redd,1204092,https://i.scdn.co/image/47ef3dfab2ce993e7cdcb7670aacecbdd0669cff,https://open.spotify.com/track/5aXgz1oKK8Q9z9xvTmSnrO
58,2018-11-20,59,Down,Always Remember Us This Way,Lady Gaga,1199261,https://i.scdn.co/image/c3e58f0c35cd87a247468863e25ed47be3502c4d,https://open.spotify.com/track/2rbDhOo9Fh61Bbu23T2qCk
59,2018-11-20,60,Flat,I Like It,Cardi B,1183701,https://i.scdn.co/image/ab67616d00004851a0caffda54afd0a65995bbab,https://open.spotify.com/track/58q2HKrzhC3ozto2nDdN4z
60,2018-11-20,61,Up,FEFE (feat. Nicki Minaj & Murda Beatz),6ix9ine,1160670,https://i.scdn.co/image/ab67616d00004851a16370461881d18ace95d83f,https://open.spotify.com/track/2E124GmJRnBJuXbTb4cPUB
61,2018-11-20,62,Flat,10 Freaky Girls (with 21 Savage),Metro Boomin,1158274,https://i.scdn.co/image/ab67616d00004851184cc62dccee251dafefefee,https://open.spotify.com/track/43lYaovU2FoeuBMNusVVVW
62,2018-11-20,63,Down,Under Pressure - Remastered,Queen,1152205,https://i.scdn.co/image/20dc9c2f6b8d92be9445c18ad2d968bcf8bb64b0,https://open.spotify.com/track/2fuCquhmrzHpu5xcA1ci9x
63,2018-11-20,64,Flat,This Feeling (feat. Kelsea Ballerini),The Chainsmokers,1150535,https://i.scdn.co/image/ab67616d00004851b0782f689c072a2c9809629d,https://open.spotify.com/track/4edS9dC0JPBlSS4p4gMOT0
64,2018-11-20,65,Flat,Imposible,Luis Fonsi,1128058,https://i.scdn.co/image/b953b44a228eec445752bfdc924d4f5d9a754e4d,https://open.spotify.com/track/3ao3OVxHlb3C08vAaApUlm
65,2018-11-20,66,Flat,no tears left to cry,Ariana Grande,1122672,https://i.scdn.co/image/2014e80f61390c0bce3b9849416cf20757aae473,https://open.spotify.com/track/2qT1uLXPVPzGgFOx4jtEuo
66,2018-11-20,67,Up,No Stylist,French Montana,1110810,https://i.scdn.co/image/ab67616d00004851816673ed1db2aa75cfa91843,https://open.spotify.com/track/04MLEeAMuV9IlHEsD8vF6A
67,2018-11-20,68,Down,Te Boté - Remix,Nio Garcia,1108762,https://i.scdn.co/image/ab67616d00004851a5779a2f04a513fac2fd1d15,https://open.spotify.com/track/3V8UKqhEK5zBkBb6d6ub8i
68,2018-11-20,69,Down,Beautiful (feat. Camila Cabello),Bazzi,1104243,https://i.scdn.co/image/ab67616d0000485105559264ebef3889709826cf,https://open.spotify.com/track/4VUwkH455At9kENOfzTqmF
69,2018-11-20,70,Flat,Money,Cardi B,1097082,https://i.scdn.co/image/ab67616d000048518d5816c9f31f1187eb30913f,https://open.spotify.com/track/2GGMabyHXnJmjY6CXhhB2e
70,2018-11-20,71,Up,Leave Me Alone,Flipp Dinero,1096716,https://i.scdn.co/image/ab67616d0000485143db6f882b9d67079153c773,https://open.spotify.com/track/14mHfNsSHN0FbLftyjrV9g
71,2018-11-20,72,Down,God is a woman,Ariana Grande,1070992,https://i.scdn.co/image/2014e80f61390c0bce3b9849416cf20757aae473,https://open.spotify.com/track/5OCJzvD7sykQEKHH7qAC3C
72,2018-11-20,73,Up,I Found You (with Calvin Harris),benny blanco,1058378,https://i.scdn.co/image/af5f96295f49b09aef70b7b9bb41de3a4d4bb067,https://open.spotify.com/track/5sdb5pMhcK44SSLsj1moUh
73,2018-11-20,74,Down,Rise,Jonas Blue,1057690,https://i.scdn.co/image/ab67616d0000485151fb159ae1248ec262592e5c,https://open.spotify.com/track/3KLygy1YWhmrQx0GRs7IOx
74,2018-11-20,75,Down,Beach House,The Chainsmokers,1054276,https://i.scdn.co/image/ab67616d0000485153d3f4fc35b2872141fb17cc,https://open.spotify.com/track/0N8MGHEDAq29ip7RrlrTeN
75,2018-11-20,76,Up,2002,Anne-Marie,1053755,https://i.scdn.co/image/ab67616d0000485138aae75dc37fb42457866ffd,https://open.spotify.com/track/2BgEsaKNfHUdlh97KmvFyo
76,2018-11-20,77,Up,Amigos Con Derechos,Reik,1045013,https://i.scdn.co/image/ab67616d00004851ee96d743450ae00f4094fce0,https://open.spotify.com/track/2zDj4WjbNDmrRL6Z4YjjCA
77,2018-11-20,78,Down,Suncity (feat. Empress Of),Khalid,1042424,https://i.scdn.co/image/ab67616d0000485160624c0781fd787c9aa4699c,https://open.spotify.com/track/4AhSkRYioEIfGvCV19peYN
78,2018-11-20,79,Up,Bubalu,Becky G,1020174,https://i.scdn.co/image/ab67616d00004851d4109852bbf94774833e8d05,https://open.spotify.com/track/7dNwJbsT0sg1le5kVugGJb
79,2018-11-20,80,Up,God's Plan,Drake,1017347,https://i.scdn.co/image/ed0e8b6ee4bcdb0565e99bdeb3465eabc8b25bb3,https://open.spotify.com/track/6DCZcSspjsKoFjzjrWoCdn
80,2018-11-20,81,Up,Electricity (with Dua Lipa),Silk City,1015157,https://i.scdn.co/image/ab67616d000048515ea1a511549bc05ff20fdedf,https://open.spotify.com/track/5N4erncE7kuUccm7zEmwzk
81,2018-11-20,82,Down,Body (feat. Brando),Loud Luxury,1014809,https://i.scdn.co/image/ab67616d00004851bed6857d4f0b187b461d2834,https://open.spotify.com/track/7K7MUBCnzgBAvMVW2RTWNs
82,2018-11-20,83,Up,Shape of You,Ed Sheeran,1012200,https://i.scdn.co/image/ab67616d00004851ba5db46f4b838ef6027e6f96,https://open.spotify.com/track/7qiZfU4dY1lWllzX7mPBI3
83,2018-11-20,84,Down,idontwannabeyouanymore,Billie Eilish,1012050,https://i.scdn.co/image/b62d826c38924bd9b3fc8ee86ca349e77b75311a,https://open.spotify.com/track/41zXlQxzTi6cGAjpOXyLYH
84,2018-11-20,85,Up,Believer,Imagine Dragons,1001355,https://i.scdn.co/image/277e5a475257290567369ed7276dbf027d90c458,https://open.spotify.com/track/0pqnGHJpmpxLKifKRmU6WP
85,2018-11-20,86,Down,changes,XXXTENTACION,998494,https://i.scdn.co/image/f0443f8ad743f6052c813c593f1ad0fc161965a2,https://open.spotify.com/track/7AFASza1mXqntmGtbxXprO
86,2018-11-20,87,Down,Killer Queen - Remastered 2011,Queen,993569,https://i.scdn.co/image/3ac6b79ea089706dbcdfe4c5125edebdfaf43fcf,https://open.spotify.com/track/7GqWnsKhMtEW0nzki5o0d8
87,2018-11-20,88,Down,We Will Rock You - Remastered,Queen,991918,https://i.scdn.co/image/857f1af305ccc76c0488de20b5651279a95a52d1,https://open.spotify.com/track/4pbJqGIASGPr0ZpGpnWkDn
88,2018-11-20,89,Up,Fine China,Future,984362,https://i.scdn.co/image/ab67616d00004851644c510e8d4c02ae69028297,https://open.spotify.com/track/5274I4mUMnYczyeXkGDWZN
89,2018-11-20,90,Flat,Culpables,KAROL G,977299,https://i.scdn.co/image/ab67616d0000485111dbddd5ecd52e260b163d9b,https://open.spotify.com/track/6q8Lb50EtqNeeJXXe8mMAH
90,2018-11-20,91,Flat,Solo (feat. Demi Lovato),Clean Bandit,972892,https://i.scdn.co/image/ab67616d0000485167eda217860e86c43481a5cb,https://open.spotify.com/track/6kPJZM97LwdG9QIsT7khp6
91,2018-11-20,92,Down,SOLO,JENNIE,972147,https://i.scdn.co/image/ab67616d0000485162e6288a5887b95176cca29e,https://open.spotify.com/track/2wVDWtLKXunswWecARNILj
92,2018-11-20,93,Flat,One Kiss (with Dua Lipa),Calvin Harris,951457,https://i.scdn.co/image/ab67616d00004851d09f96d82310d4d77c14c108,https://open.spotify.com/track/7ef4DlsgrMEH11cDZd32M6
93,2018-11-20,94,Up,Calma - Remix,Pedro Capó,951306,https://i.scdn.co/image/ab67616d00004851c736f0be0530ea1e1a7fd601,https://open.spotify.com/track/5iwz1NiezX7WWjnCgY5TH4
94,2018-11-20,95,Up,IDGAF,Dua Lipa,945090,https://i.scdn.co/image/ab67616d000048516b915e407b70e121e06fe979,https://open.spotify.com/track/76cy1WJvNGJTj78UqeA5zr
95,2018-11-20,96,Up,Psycho (feat. Ty Dolla $ign),Post Malone,943798,https://i.scdn.co/image/4eeab79394ac6dd1d58132e9cecc5d6ba61b9ca1,https://open.spotify.com/track/3swc6WTsr7rl9DqQKQA55C
96,2018-11-20,97,Down,Fuck Love (feat. Trippie Redd),XXXTENTACION,942759,https://i.scdn.co/image/ab67616d00004851203c89bd4391468eea4cc3f5,https://open.spotify.com/track/7AQim7LbvFVZJE3O8TYgf2
97,2018-11-20,98,Down,Mala Mía,Maluma,936085,https://i.scdn.co/image/ab67616d00004851ee306bc69ad7935bce38d94f,https://open.spotify.com/track/62o8KoI44JfN7aYxgTnPvh
98,2018-11-20,99,Down,Shotgun,George Ezra,934974,https://i.scdn.co/image/ab67616d00004851103045cd1c29dd16a469f808,https://open.spotify.com/track/4ofwffwvvnbSkrMSCKQDaC
99,2018-11-20,100,Up,"Never Recover (Lil Baby & Gunna, Drake)",Lil Baby,933851,https://i.scdn.co/image/fdfd6e34a35e299e2b498279ffed1f5643730dba,https://open.spotify.com/track/6wWaVoUOzLQJHd3bWAUpdZ
100,2018-11-20,101,Down,Ya No Tiene Novio,Sebastian Yatra,931929,https://i.scdn.co/image/ccd5e7e2744fa76e9ffe68c3ada6d104d8e96dda,https://open.spotify.com/track/7uQmJ1jgNzBpATSoWKSPFu
101,2018-11-20,102,Down,Waste It On Me (feat. BTS),Steve Aoki,924666,https://i.scdn.co/image/ab67616d000048512b83b1f05af0be85caec37e7,https://open.spotify.com/track/2J0X46UkpfLlWbuCXFgDLr
102,2018-11-20,103,Down,Lucky You (feat. Joyner Lucas),Eminem,920894,https://i.scdn.co/image/fb9889df22f77e8e766ce88a43b81866e4ef0ea7,https://open.spotify.com/track/60SdxE8apGAxMiRrpbmLY0
103,2018-11-20,104,Down,No Es Justo,J Balvin,919497,https://i.scdn.co/image/ab67616d00004851dda2b86297d3bfb519f8b785,https://open.spotify.com/track/5qFeMRz4TvetPmzjre9Dq7
104,2018-11-20,105,Down,Perfect,Ed Sheeran,907284,https://i.scdn.co/image/ab67616d00004851ba5db46f4b838ef6027e6f96,https://open.spotify.com/track/0tgVpDi06FyKpA1z0VMD4v
105,2018-11-20,106,Flat,I Fall Apart,Post Malone,893530,https://i.scdn.co/image/23bae95100dcb6ac8f88c19fa2a11c50a998a926,https://open.spotify.com/track/75ZvA4QfFiZvzhj2xkaWAh
106,2018-11-20,107,Flat,ocean eyes,Billie Eilish,892422,https://i.scdn.co/image/d21af7634949ae465f7df4fd99e36c2698068c53,https://open.spotify.com/track/2uIX8YMNjGMD7441kqyyNU
107,2018-11-20,108,Up,Don't Come Out The House (with 21 Savage),Metro Boomin,877825,https://i.scdn.co/image/ab67616d00004851184cc62dccee251dafefefee,https://open.spotify.com/track/1m6lqaLvUTxPjOo98fJH8U
108,2018-11-20,109,Flat,REEL IT IN,Aminé,860987,https://i.scdn.co/image/ab67616d00004851a52fb68f00620e45ed7467c5,https://open.spotify.com/track/5qHirGR7M9tdm6C17DlzSY
109,2018-11-20,110,Down,Thunderclouds,Sia,855534,https://i.scdn.co/image/ab67616d0000485137e7dd80e3b7d44f0fd7b68c,https://open.spotify.com/track/2c7GlMNmF7pbohjykutmLP
110,2018-11-20,111,Up,New Rules,Dua Lipa,852643,https://i.scdn.co/image/ab67616d000048514251686a69b5bf55599ec280,https://open.spotify.com/track/2xJCMIJfcNYDc5iR0sAm2O
111,2018-11-20,112,Down,Ibiza,Ozuna,846120,https://i.scdn.co/image/ab67616d0000485166ab16a0f75d517304f18efd,https://open.spotify.com/track/1h9P5WJwyvK8OB7O2YiXgp
112,2018-11-20,113,Down,Havana (feat. Young Thug),Camila Cabello,844593,https://i.scdn.co/image/ab67616d000048516eb0b9e73adcf04e4ed3eca4,https://open.spotify.com/track/1rfofaqEpACxVEHIZBJe6W
113,2018-11-20,114,Up,The Middle,Zedd,839351,https://i.scdn.co/image/0557d7b7e38ea3dba6c6ecca038bd33b7c69e60f,https://open.spotify.com/track/09IStsImFySgyp0pIQdqAc
114,2018-11-20,115,Flat,Adictiva,Daddy Yankee,835660,https://i.scdn.co/image/a6ff5f5f263f441cb34a96ece19fa058e05966e9,https://open.spotify.com/track/6MJUCumnQsQEKbCy28tbCP
115,2018-11-20,116,Up,Back To You - From 13 Reasons Why – Season 2 Soundtrack,Selena Gomez,834977,https://i.scdn.co/image/2807fb7caa569df8137314265f74e0575acdb454,https://open.spotify.com/track/4hQ6UGyWQIGJmHSo0J88JW
116,2018-11-20,117,Down,Thunder,Imagine Dragons,831937,https://i.scdn.co/image/277e5a475257290567369ed7276dbf027d90c458,https://open.spotify.com/track/1zB4vmk8tFRmM9UULNzbLB
117,2018-11-20,118,Down,Last Christmas,Wham!,831750,https://i.scdn.co/image/ab67616d00004851f2d2adaa21ad616df6241e7d,https://open.spotify.com/track/2FRnf9qhLbvw8fu4IBXx78
118,2018-11-20,119,Up,Space Cadet (feat. Gunna),Metro Boomin,821546,https://i.scdn.co/image/ab67616d00004851184cc62dccee251dafefefee,https://open.spotify.com/track/5gub2bpJRgJP4m4MliqtdV
119,2018-11-20,120,Up,FRIENDS,Marshmello,813538,https://i.scdn.co/image/ab67616d00004851569f64493ca55cd96fdee412,https://open.spotify.com/track/08bNPGLD8AhKpnnERrAc6G
120,2018-11-20,121,Up,Desconocidos,Mau y Ricky,806199,https://i.scdn.co/image/ab67616d000048514f93f90a14f6fe1a5c907d9c,https://open.spotify.com/track/0s5DNDV6LAKn2u2Ufa3VjQ
121,2018-11-20,122,Up,I Like Me Better,Lauv,803474,https://i.scdn.co/image/ab67616d000048515355919e31efac9b14c45c49,https://open.spotify.com/track/2P91MQbaiQOfbiz9VqhqKQ
122,2018-11-20,123,Up,1999,Charli XCX,799068,https://i.scdn.co/image/ab67616d00004851e4e3899a0281f459fa8384ea,https://open.spotify.com/track/05mAIVLkIWc2d1UBYZBCp8
123,2018-11-20,124,Up,Say My Name,David Guetta,796952,https://i.scdn.co/image/ab67616d0000485167e400c9be79e6b0b0086880,https://open.spotify.com/track/0YammaEkYSeo9vQYZ1OwS6
124,2018-11-20,125,Flat,Noticed,Lil Mosey,796716,https://i.scdn.co/image/ab67616d000048518314a1eef415b654f433f3aa,https://open.spotify.com/track/6JQvHMSaR8flFsN53ypOfP
125,2018-11-20,126,Down,Sin Pijama,Becky G,790472,https://i.scdn.co/image/ab67616d000048514661cf765439018ebb7e0009,https://open.spotify.com/track/2ijef6ni2amuunRoKTlgww
126,2018-11-20,127,Up,Yes Indeed,Lil Baby,787875,https://i.scdn.co/image/f01d26851a2bcbe6c7d530404641cb39b16ba434,https://open.spotify.com/track/6vN77lE9LK6HP2DewaN6HZ
127,2018-11-20,128,Down,Say You Won't Let Go,James Arthur,785771,https://i.scdn.co/image/ab67616d0000485120beb61f61fcbeb33b10a9ab,https://open.spotify.com/track/5uCax9HTNlzGybIStD3vDh
128,2018-11-20,129,Up,There's No Way (feat. Julia Michaels),Lauv,783234,https://i.scdn.co/image/ab67616d00004851b67fed8dfcaac831401be9bf,https://open.spotify.com/track/2hnxrRNzF74mdDzpQZQukQ
129,2018-11-20,130,Up,Too Good At Goodbyes,Sam Smith,781802,https://i.scdn.co/image/eb645ad7342e0f34817e16d9d4061c3b5e374d4c,https://open.spotify.com/track/1mXVgsBdtIVeCLJnSnmtdV
130,2018-11-20,131,Up,Jackie Chan,Tiësto,780114,https://i.scdn.co/image/e9e2398edb37fea2cd604cf6db3bf830fe9ae8e5,https://open.spotify.com/track/4kWO6O1BUXcZmaxitpVUwp
131,2018-11-20,132,Down,POP/STARS,K/DA,778695,https://i.scdn.co/image/ab67616d00004851d1241debb8543af8322a7d6a,https://open.spotify.com/track/5sbooPcNgIE22DwO0VNGUJ
132,2018-11-20,133,Down,1400 / 999 Freestyle,Trippie Redd,776660,https://i.scdn.co/image/47ef3dfab2ce993e7cdcb7670aacecbdd0669cff,https://open.spotify.com/track/75lcPkAkUsKWHGBlGM476R
133,2018-11-20,134,Down,Asesina - Remix,Brytiago,776336,https://i.scdn.co/image/ab67616d0000485127badd2b2cd1b0a8b3f86152,https://open.spotify.com/track/59PYgzOiOjGDzjDT5N5oOX
134,2018-11-20,135,Up,bellyache,Billie Eilish,765207,https://i.scdn.co/image/600f9f1b0bfbadf2d583f2e4a51cdf9690c90c9e,https://open.spotify.com/track/51NFxnQvaosfDDutk0tams
135,2018-11-20,136,Down,Quiere Beber,Anuel AA,764301,https://i.scdn.co/image/ab67616d000048518c042699ae65e840c0ccf683,https://open.spotify.com/track/3rPAD722s5FFNnwjC91t7Z
136,2018-11-20,137,Down,Everybody Dies In Their Nightmares,XXXTENTACION,753700,https://i.scdn.co/image/ab67616d00004851203c89bd4391468eea4cc3f5,https://open.spotify.com/track/3GVkPk8mqxz0itaAriG1L7
137,2018-11-20,138,Up,All Girls Are The Same,Juice WRLD,750644,https://i.scdn.co/image/ab67616d00004851466028b14d6d0023a862e50d,https://open.spotify.com/track/0XySogm94T51XF5F2jumXm
138,2018-11-20,139,Up,Happy Now,Zedd,748545,https://i.scdn.co/image/c19bedd710f42505b2ee120aa3bb97a07d99d00f,https://open.spotify.com/track/4keoy2fqgwGnbWlm3ZVZFa
139,2018-11-20,140,Up,Praise The Lord (Da Shine) (feat. Skepta),A$AP Rocky,741223,https://i.scdn.co/image/ab67616d000048519feadc48ab0661e9b3a9170b,https://open.spotify.com/track/7ycWLEP1GsNjVvcjawXz3z
140,2018-11-20,141,Down,Take One,Kodak Black,732168,https://i.scdn.co/image/ab67616d000048518a80369cda28fa5ccefe36b7,https://open.spotify.com/track/6fI3tBVND8zUXZi9rr2Yps
141,2018-11-20,142,Up,XO Tour Llif3,Lil Uzi Vert,731126,https://i.scdn.co/image/ab67616d0000485141b41e6f7924e530a9b00f9c,https://open.spotify.com/track/7GX5flRQZVHRAGd6B4TmDO
142,2018-11-20,143,Up,Love Lies (with Normani),Khalid,729943,https://i.scdn.co/image/ab67616d00004851dd7eaf261543814a6d715d67,https://open.spotify.com/track/45Egmo7icyopuzJN0oMEdk
143,2018-11-20,144,Down,Closer,The Chainsmokers,728515,https://i.scdn.co/image/ab67616d00004851495ce6da9aeb159e94eaa453,https://open.spotify.com/track/7BKLCZ1jbUBVqRi2FVlTVw
144,2018-11-20,145,Down,Empty Space,James Arthur,725235,https://i.scdn.co/image/ab67616d00004851b8aefb78a29dd9bf46cf119d,https://open.spotify.com/track/1uru26I2JKd2mQZt0MDCUe
145,2018-11-20,146,Down,Toda - Remix,Alex Rose,725205,https://i.scdn.co/image/ab67616d000048518ce5ceacd5cef83d432d4053,https://open.spotify.com/track/7nD2JPaxIKUdxd2UWgnaGL
146,2018-11-20,147,Up,Meant to Be (feat. Florida Georgia Line),Bebe Rexha,712667,https://i.scdn.co/image/ab67616d0000485161fe6d3a50c0beaa3cfe33e9,https://open.spotify.com/track/4e4fqjx0Izh4svvTef1z7e
147,2018-11-20,148,Down,Celoso,Lele Pons,712019,https://i.scdn.co/image/ab67616d000048516765ce46c0ecce029a6c5ee0,https://open.spotify.com/track/33zcmmElV1YbRZe57biUjg
148,2018-11-20,149,Up,Santa Tell Me,Ariana Grande,709861,https://i.scdn.co/image/ffefd2b9893e8a446dc02141045f2115d1d63203,https://open.spotify.com/track/0lizgQ7Qw35od7CYaoMBZb
149,2018-11-20,150,Up,PPP,Kevin Roldan,707474,https://i.scdn.co/image/ab67616d00004851c23c6e10b4a815f16f97f5f6,https://open.spotify.com/track/1DcxnVNFAyVl2sDQ646pXS
150,2018-11-20,151,Up,I'm a Mess,Bebe Rexha,706664,https://i.scdn.co/image/ab67616d0000485161fe6d3a50c0beaa3cfe33e9,https://open.spotify.com/track/04ZTP5KsCypmtCmQg5tH9R
151,2018-11-20,152,Down,Venom - Music From The Motion Picture,Eminem,704603,https://i.scdn.co/image/fb9889df22f77e8e766ce88a43b81866e4ef0ea7,https://open.spotify.com/track/2SL6oP2YAEQbqsrkOzRGO4
152,2018-11-20,153,Up,Lean Wit Me,Juice WRLD,702351,https://i.scdn.co/image/ab67616d00004851466028b14d6d0023a862e50d,https://open.spotify.com/track/29tc0GbW0pTSBZSCZF3NWk
153,2018-11-20,154,Up,STARGAZING,Travis Scott,698058,https://i.scdn.co/image/ab67616d00004851072e9faef2ef7b6db63834a3,https://open.spotify.com/track/7wBJfHzpfI3032CSD7CE2m
154,2018-11-20,155,Down,Goodbye (feat. Nicki Minaj & Willy William),Jason Derulo,694977,https://i.scdn.co/image/ab67616d00004851af201c81e98ebb30c59b6afb,https://open.spotify.com/track/5Xn4IyTtW6FUGIUyWjbUHG
155,2018-11-20,156,Up,Créeme,KAROL G,694786,https://i.scdn.co/image/ab67616d000048518c07f19da1bbfb620a71e785,https://open.spotify.com/track/1mT47pKLXUwPYGwB91GcNz
156,2018-11-20,157,Flat,you should see me in a crown,Billie Eilish,692103,https://i.scdn.co/image/ab67616d00004851b2eb2ea69b4578687df40960,https://open.spotify.com/track/6vsV4D8BM6PioRr1UOx0n2
157,2018-11-20,158,Down,Congratulations,Post Malone,690228,https://i.scdn.co/image/23bae95100dcb6ac8f88c19fa2a11c50a998a926,https://open.spotify.com/track/3a1lNhkSLSkpJE4MSHpDu9
158,2018-11-20,159,Down,Look Alive (feat. Drake),BlocBoy JB,687797,https://i.scdn.co/image/ab67616d0000485155cad990bc1ce5808367fa0e,https://open.spotify.com/track/4qKcDkK6siZ7Jp1Jb4m0aL
159,2018-11-20,160,Down,Hurts Like Hell (feat. Offset),Madison Beer,684112,https://i.scdn.co/image/ab67616d0000485162866f0eb635492c8915a746,https://open.spotify.com/track/3WefHNGtjexZvi66ZEx9u4
160,2018-11-20,161,Up,Nice For What,Drake,677693,https://i.scdn.co/image/ed0e8b6ee4bcdb0565e99bdeb3465eabc8b25bb3,https://open.spotify.com/track/3CA9pLiwRIGtUBiMjbZmRw
161,2018-11-20,162,Down,Photograph,Ed Sheeran,672987,https://i.scdn.co/image/ab67616d00004851d08209944468440145f01524,https://open.spotify.com/track/6fxVffaTuwjgEk5h9QyRjy
162,2018-11-20,163,Flat,Thinking out Loud,Ed Sheeran,666073,https://i.scdn.co/image/ab67616d00004851d08209944468440145f01524,https://open.spotify.com/track/1Slwb6dOYkBlWal1PGtnNg
163,2018-11-20,164,Down,Look At Me!,XXXTENTACION,664838,https://i.scdn.co/image/ab67616d000048515485ea186d6971e18fabcc2f,https://open.spotify.com/track/6eYxmK9fdL4hwLnXG2zY3s
164,2018-11-20,165,Up,No Brainer,DJ Khaled,661375,https://i.scdn.co/image/ab67616d00004851675b26746823f1049dc39342,https://open.spotify.com/track/5WvAo7DNuPRmk4APhdPzi8
165,2018-11-20,166,Up,Born To Be Yours,Kygo,653103,https://i.scdn.co/image/ab67616d00004851e23b87d15e45e90f3399d831,https://open.spotify.com/track/4M3FO0ji6Lc8vwD1sgf1nc
166,2018-11-20,167,Down,Diamond Heart,Alan Walker,648723,https://i.scdn.co/image/ab67616d00004851a2c70cf84afd6c37d31c6fcb,https://open.spotify.com/track/4J4zx8xGJpuGndrVc06KaT
167,2018-11-20,168,Up,Trip,Ella Mai,644843,https://i.scdn.co/image/588817266b66d28a0adccb3b838053b4000a453d,https://open.spotify.com/track/6CTWathupIiDs7U4InHnDA
168,2018-11-20,169,Down,goosebumps,Travis Scott,643073,https://i.scdn.co/image/ab67616d00004851f54b99bf27cda88f4a7403ce,https://open.spotify.com/track/6gBFPUFcJLzWGx4lenP6h2
169,2018-11-20,170,Flat,Happier,Ed Sheeran,638632,https://i.scdn.co/image/ab67616d00004851ba5db46f4b838ef6027e6f96,https://open.spotify.com/track/2RttW7RAu5nOAfq6YFvApB
170,2018-11-20,171,Up,Ocean (feat. Khalid),Martin Garrix,638538,https://i.scdn.co/image/ab67616d00004851b800b91af812df0ce0dd2883,https://open.spotify.com/track/3nc420PXjTdBV5TN0gCFkS
171,2018-11-20,172,Down,Hipócrita,Anuel AA,638058,https://i.scdn.co/image/ab67616d000048518c042699ae65e840c0ccf683,https://open.spotify.com/track/6XBjCetHKdO5L9cwMDVffw
172,2018-11-20,173,Up,In My Blood,Shawn Mendes,637769,https://i.scdn.co/image/b68c52237ed6815023eb6e62ab93e380c04611a6,https://open.spotify.com/track/2QZ7WLBE8h2y1Y5Fb8RYbH
173,2018-11-20,174,Down,We Are The Champions - Remastered 2011,Queen,635484,https://i.scdn.co/image/857f1af305ccc76c0488de20b5651279a95a52d1,https://open.spotify.com/track/1lCRw5FEZ1gPDNPzy1K4zW
174,2018-11-20,175,Up,Polaroid,Jonas Blue,634922,https://i.scdn.co/image/ab67616d0000485151fb159ae1248ec262592e5c,https://open.spotify.com/track/6XqvFyJGdUD5IWee02ARKU
175,2018-11-20,176,Down,Está Rico,Marc Anthony,634193,https://i.scdn.co/image/ab67616d000048518080569f37bbe04f68301f23,https://open.spotify.com/track/2wRkBumdItthjYP9XknImg
176,2018-11-20,177,Down,Clandestino,Shakira,626536,https://i.scdn.co/image/ab67616d0000485152fe61e8118f5a5eaf1f9ef9,https://open.spotify.com/track/7DrluKkTviBwCc8AV3VGmf
177,2018-11-20,178,Up,Young Dumb & Broke,Khalid,624563,https://i.scdn.co/image/ab67616d00004851988ede5e1276e758b5f9e577,https://open.spotify.com/track/5Z3GHaZ6ec9bsiI5BenrbY
178,2018-11-20,179,Up,I'm Yours,Jason Mraz,624046,https://i.scdn.co/image/ab67616d000048513f911caa42c2ef00253efb70,https://open.spotify.com/track/3S0OXQeoh0w6AY8WQVckRW
179,2018-11-20,180,Down,What Lovers Do,Maroon 5,618007,https://i.scdn.co/image/713dd96693d1706e93f98854598ef52db28090a6,https://open.spotify.com/track/0WdGQhoAP2LBsqr5Jhit2g
180,2018-11-20,181,Up,Wonderwall - Remastered,Oasis,617286,https://i.scdn.co/image/ab67616d0000485185e5dcc05cc216a10f141480,https://open.spotify.com/track/5qqabIl2vWzo9ApSC317sa
181,2018-11-20,182,Up,HUMBLE.,Kendrick Lamar,616349,https://i.scdn.co/image/ae1f239b41e9604a66eb900834c6887cd2f62ff1,https://open.spotify.com/track/7KXjTSCq5nL1LoYtL7XAwS
182,2018-11-20,183,Down,YOSEMITE,Travis Scott,612107,https://i.scdn.co/image/ab67616d00004851072e9faef2ef7b6db63834a3,https://open.spotify.com/track/7lAK3oHbfEnvUQWosrMMpR
183,2018-11-20,184,Up,REMEDY,Alesso,609887,https://i.scdn.co/image/1806e3121e3f9135bba4ebadcdaa5d3eb87a0983,https://open.spotify.com/track/6jreFSOTUAViWjKyzOC4Kg
184,2018-11-20,185,Flat,Something Just Like This,The Chainsmokers,606957,https://i.scdn.co/image/ab67616d000048510c13d3d5a503c84fcc60ae94,https://open.spotify.com/track/6RUKPb4LETWmmr3iAEQktW
185,2018-11-20,186,Up,Ric Flair Drip (& Metro Boomin),Offset,606628,https://i.scdn.co/image/ab67616d000048510f206fe737d46f2f2d826d83,https://open.spotify.com/track/7sO5G9EABYOXQKNPNiE9NR
186,2018-11-20,187,Up,Killshot,Eminem,603186,https://i.scdn.co/image/d6ad9856a528d9cdf60cfe5c6c5079d46cd35f82,https://open.spotify.com/track/1jo3TwNGCXfNdB5uba3ZVv
187,2018-11-20,188,Down,the remedy for a broken heart (why am I so in love),XXXTENTACION,602321,https://i.scdn.co/image/f0443f8ad743f6052c813c593f1ad0fc161965a2,https://open.spotify.com/track/4UKCKdYiLN6IMA5ZESUTL7
188,2018-11-20,189,Up,These Days,Rudimental,602055,https://i.scdn.co/image/ab67616d00004851e9f49a29f00d42d7857794a5,https://open.spotify.com/track/5CLGzJsGqhCEECcpnFQA8x
189,2018-11-20,190,Up,It's Beginning to Look a Lot like Christmas,Michael Bublé,600235,https://i.scdn.co/image/ab67616d00004851c08cdc7be557844f3610880d,https://open.spotify.com/track/0lLdorYw7lVrJydTINhWdI
190,2018-11-20,191,Up,Mistletoe,Justin Bieber,599517,https://i.scdn.co/image/6ab23dd3545e7ce273a0f4ec8c027866d6a68f08,https://open.spotify.com/track/7xapw9Oy21WpfEcib2ErSA
191,2018-11-20,192,Down,Rockin' Around The Christmas Tree - Single Version,Brenda Lee,599502,https://i.scdn.co/image/ab67616d000048510f9adedb5ea1b51ef81844aa,https://open.spotify.com/track/1XBc4r6ltXjkFJBrsttwIF
192,2018-11-20,193,Up,Dip (feat. Nicki Minaj),Tyga,595498,https://i.scdn.co/image/ab67616d00004851e387cf21c31c41e4e0e6bdb0,https://open.spotify.com/track/4hXDobvUaXyDFLnmecoY0z
193,2018-11-20,194,Down,Silence,Marshmello,593686,https://i.scdn.co/image/ab67616d00004851f33ba583059dc2f7d08bf2b8,https://open.spotify.com/track/7vGuf3Y35N4wmASOKLUVVU
194,2018-11-20,195,Down,No Me Acuerdo,Thalía,591350,https://i.scdn.co/image/ab67616d000048517e193a3721f7181bdce2cf89,https://open.spotify.com/track/1G586ld1gbaECg4Bc6w40O
195,2018-11-20,196,Up,Mine,Bazzi,589601,https://i.scdn.co/image/ab67616d00004851f9f2d43ff44bdfbe8c556f8d,https://open.spotify.com/track/7uzmGiiJyRfuViKKK3lVmR
196,2018-11-20,197,Down,Crazy Little Thing Called Love - Remastered 2011,Queen,588837,https://i.scdn.co/image/33fbdd8f6e56ce67943bc30a943f19b4497c4fda,https://open.spotify.com/track/6xdLJrVj4vIXwhuG8TMopk
197,2018-11-20,198,New,"BIG BANK (feat. 2 Chainz, Big Sean, Nicki Minaj)",YG,588139,https://i.scdn.co/image/f07e6a4351ce6cd2209a3eda55da5adda4af9c23,https://open.spotify.com/track/0ZNrc4kNeQYD9koZ3KvCsy
198,2018-11-20,199,Up,New Patek,Lil Uzi Vert,582812,https://i.scdn.co/image/ab67616d00004851099a7b2bba7b013c1292eacf,https://open.spotify.com/track/0Fpen1PTuEnCmOJtUU9Iud
199,2018-11-20,200,New,Africa,TOTO,580603,https://i.scdn.co/image/ab67616d00004851673d6a2831f72e48745ea80d,https://open.spotify.com/track/2374M0fQpWi3dLnB54qaLX
