,Date,Position,Trend,Title,Artist,Streams,Icon_URL,Spotify_URL
0,2018-11-25,1,Flat,"thank u, next",Ariana Grande,5043377,https://i.scdn.co/image/ab67616d00004851837150a0f5cc7a6c4acb8e68,https://open.spotify.com/track/2rPE9A1vEgShuZxxzR2tZH
1,2018-11-25,2,Flat,"Taki Taki (with Selena Gomez, Ozuna & Cardi B)",DJ Snake,4135425,https://i.scdn.co/image/ab67616d00004851f80bb01db0475af1f9a3be50,https://open.spotify.com/track/4w8niZpiMy6qz1mntFA5uM
2,2018-11-25,3,Flat,MIA (feat. Drake),Bad Bunny,3079633,https://i.scdn.co/image/ab67616d000048514d382194384bc6e08eb090f6,https://open.spotify.com/track/116H0KvKr2Zl4RPuVBruDO
3,2018-11-25,4,Flat,Happier,Marshmello,2725457,https://i.scdn.co/image/9229fef0b5c4b66883b901a62d69d13832cd6f27,https://open.spotify.com/track/2dpaYNEQHiRxtZbfNsse99
4,2018-11-25,5,Flat,Without Me,Halsey,2681653,https://i.scdn.co/image/3b32022e7070392b3800c67badce20d6f7d3a34c,https://open.spotify.com/track/5p7ujcrUXASCNwRaWNHR1C
5,2018-11-25,6,Flat,SICKO MODE,Travis Scott,2596751,https://i.scdn.co/image/ab67616d00004851072e9faef2ef7b6db63834a3,https://open.spotify.com/track/2xLMifQCjDGFmkHkpNLD9h
6,2018-11-25,7,Flat,ZEZE (feat. Travis Scott & Offset),Kodak Black,2560128,https://i.scdn.co/image/ab67616d000048518a5a04dbb1c7a3242fdfdfe8,https://open.spotify.com/track/7l3E7lcozEodtVsSTCkcaA
7,2018-11-25,8,Flat,Sunflower - Spider-Man: Into the Spider-Verse,Post Malone,2438699,https://i.scdn.co/image/ab67616d00004851ef376d3257503f734de0eefc,https://open.spotify.com/track/1A6OTy97kk0mMdm78rHsm8
8,2018-11-25,9,Flat,Arms Around You (feat. Maluma & Swae Lee),XXXTENTACION,2361322,https://i.scdn.co/image/ab67616d0000485197edb4fc7ac3510ca4bb021c,https://open.spotify.com/track/2LskIZrCeLxRvCiGP8gxlh
9,2018-11-25,10,Flat,Bohemian Rhapsody - Remastered 2011,Queen,2360141,https://i.scdn.co/image/e2fb26176d381198b5ed65ef395f1485d0bc47dd,https://open.spotify.com/track/7tFiyTwD0nx5a1eklYtX2J
10,2018-11-25,11,Up,Mo Bamba,Sheck Wes,2348936,https://i.scdn.co/image/ab67616d0000485159cd47039c5b10ed919fbaa8,https://open.spotify.com/track/1xzBco0xcoJEDXktl7Jxrr
11,2018-11-25,12,Down,Shallow,Lady Gaga,2313475,https://i.scdn.co/image/c3e58f0c35cd87a247468863e25ed47be3502c4d,https://open.spotify.com/track/2VxeLyX666F8uXCJ0dZF8B
12,2018-11-25,13,Up,All I Want for Christmas Is You,Mariah Carey,2191027,https://i.scdn.co/image/ab67616d000048514246e3158421f5abb75abc4f,https://open.spotify.com/track/0bYg9bo50gSsH3LtXe2SQn
13,2018-11-25,14,Up,when the party's over,Billie Eilish,2092332,https://i.scdn.co/image/ab67616d0000485104b3aa9683e334b8140d19e7,https://open.spotify.com/track/14JzyD6FlBD5z0wV5P07YI
14,2018-11-25,15,Down,Adan y Eva,Paulo Londra,2028718,https://i.scdn.co/image/ab67616d0000485144de3fd4618260574d905bcc,https://open.spotify.com/track/6FyRXC8tJUh863JCkyWqtk
15,2018-11-25,16,Down,Sweet but Psycho,Ava Max,2001245,https://i.scdn.co/image/ab67616d00004851c5015d2a9270865a5979f56b,https://open.spotify.com/track/25sgk305KZfyuqVBQIahim
16,2018-11-25,17,Flat,BAD!,XXXTENTACION,1814001,https://i.scdn.co/image/ab67616d00004851e882bdd459b392825c90a429,https://open.spotify.com/track/4CH66Rxcjcj3VBHwmIBj4T
17,2018-11-25,18,Up,Better,Khalid,1812243,https://i.scdn.co/image/ab67616d0000485160624c0781fd787c9aa4699c,https://open.spotify.com/track/6zeeWid2sgw4lap2jV61PZ
18,2018-11-25,19,Up,Lucid Dreams,Juice WRLD,1759729,https://i.scdn.co/image/ab67616d00004851466028b14d6d0023a862e50d,https://open.spotify.com/track/0s3nnoMeVWz3989MkNQiRf
19,2018-11-25,20,Up,Drip Too Hard (Lil Baby & Gunna),Lil Baby,1732517,https://i.scdn.co/image/fdfd6e34a35e299e2b498279ffed1f5643730dba,https://open.spotify.com/track/78QR3Wp35dqAhFEc2qAGjE
20,2018-11-25,21,Down,Girls Like You (feat. Cardi B),Maroon 5,1728985,https://i.scdn.co/image/713dd96693d1706e93f98854598ef52db28090a6,https://open.spotify.com/track/7fa9MBXhVfQ8P8Df9OEbD8
21,2018-11-25,22,Up,Eastside (with Halsey & Khalid),benny blanco,1694263,https://i.scdn.co/image/1aef7707ee10c4f16f382926a3d1a75530b55367,https://open.spotify.com/track/0d2iYfpKoM0QCKvcLCkBao
22,2018-11-25,23,Down,In My Mind,Dynoro,1619906,https://i.scdn.co/image/ab67616d0000485128a8a05c3a7ba952c7615ab9,https://open.spotify.com/track/0E9ZjEAyAwOXZ7wJC0PD33
23,2018-11-25,24,Up,SAD!,XXXTENTACION,1617675,https://i.scdn.co/image/f0443f8ad743f6052c813c593f1ad0fc161965a2,https://open.spotify.com/track/3ee8Jmje8o58CHK66QrVC2
24,2018-11-25,25,Up,come out and play,Billie Eilish,1605815,https://i.scdn.co/image/d90170b2bff7da48eaf89a3e0ac071d00e53c76b,https://open.spotify.com/track/7wC5eZcFS1Q1BsQ35DU6H4
25,2018-11-25,26,Up,Be Alright,Dean Lewis,1551320,https://i.scdn.co/image/3d9533b540df9df2b95f37f8024028ed2f9fffd7,https://open.spotify.com/track/3EPXxR3ImUwfayaurPi3cm
26,2018-11-25,27,Up,Better Now,Post Malone,1509587,https://i.scdn.co/image/4eeab79394ac6dd1d58132e9cecc5d6ba61b9ca1,https://open.spotify.com/track/7dt6x5M1jzdTEt8oCbisTK
27,2018-11-25,28,Up,Moonlight,XXXTENTACION,1490397,https://i.scdn.co/image/f0443f8ad743f6052c813c593f1ad0fc161965a2,https://open.spotify.com/track/0JP9xo3adEtGSdUEISiszL
28,2018-11-25,29,Down,Promises (with Sam Smith),Calvin Harris,1488925,https://i.scdn.co/image/ab67616d00004851ccdcbd450e42fc7b27a82a1f,https://open.spotify.com/track/5N5k9nd479b1xpDZ4usjrg
29,2018-11-25,30,Down,Woman Like Me (feat. Nicki Minaj),Little Mix,1466045,https://i.scdn.co/image/ab67616d0000485115174e2b2347b5ffbea6dbf0,https://open.spotify.com/track/222B3aljXx6fFwKmFjuBED
30,2018-11-25,31,Down,Let You Love Me,Rita Ora,1462660,https://i.scdn.co/image/ab67616d00004851f1b136eb0388414a8225a348,https://open.spotify.com/track/5Fla3zyOCcIRqrDoKLU0DP
31,2018-11-25,32,Down,Vaina Loca,Ozuna,1454911,https://i.scdn.co/image/ab67616d0000485166ab16a0f75d517304f18efd,https://open.spotify.com/track/48zFZh27QU5qsrBjn4C2FA
32,2018-11-25,33,Up,Falling Down - Bonus Track,Lil Peep,1446358,https://i.scdn.co/image/ab67616d0000485155e36b0dc5b0ef008fc85319,https://open.spotify.com/track/4jvjzW7Hm0yK4LvvE0Paz9
33,2018-11-25,34,Up,Ruin My Life,Zara Larsson,1437854,https://i.scdn.co/image/ab67616d00004851ceedff6a709d5a9f6c86a0bc,https://open.spotify.com/track/5tAa8Uaqr4VvA3693mbIhU
34,2018-11-25,35,Down,Kiss and Make Up,Dua Lipa,1437148,https://i.scdn.co/image/ab67616d000048514251686a69b5bf55599ec280,https://open.spotify.com/track/13hvHEstJ4sNbzdroPrPI3
35,2018-11-25,36,Down,Another One Bites The Dust - Remastered 2011,Queen,1423202,https://i.scdn.co/image/33fbdd8f6e56ce67943bc30a943f19b4497c4fda,https://open.spotify.com/track/5vdp5UmvTsnMEMESIF2Ym7
36,2018-11-25,37,Up,Bad Liar,Imagine Dragons,1419204,https://i.scdn.co/image/a19e4bc43fc23086aa96c360dd9e9d5a314e2586,https://open.spotify.com/track/2RSHsoi04658QL5xgQVov3
37,2018-11-25,38,Up,Last Christmas,Wham!,1413121,https://i.scdn.co/image/ab67616d00004851f2d2adaa21ad616df6241e7d,https://open.spotify.com/track/2FRnf9qhLbvw8fu4IBXx78
38,2018-11-25,39,Down,BEBE,6ix9ine,1393613,https://i.scdn.co/image/ab67616d00004851104271798dc8a150dcc7bee7,https://open.spotify.com/track/7ATATJztoWLcqDAcVVof0C
39,2018-11-25,40,Up,lovely (with Khalid),Billie Eilish,1386435,https://i.scdn.co/image/9d95ac9d573809e324fff0bedba2fe207770be69,https://open.spotify.com/track/0u2P5u6lvoDfwTYjAADbn4
40,2018-11-25,41,Flat,Wake Up in the Sky,Gucci Mane,1343564,https://i.scdn.co/image/ab67616d00004851b64fc7036d0fccef26f9f7e8,https://open.spotify.com/track/0QIjsbm2fh1cJ45XO9eGqq
41,2018-11-25,42,Up,Santa Tell Me,Ariana Grande,1333341,https://i.scdn.co/image/ffefd2b9893e8a446dc02141045f2115d1d63203,https://open.spotify.com/track/0lizgQ7Qw35od7CYaoMBZb
42,2018-11-25,43,Down,Happy Now,Kygo,1317781,https://i.scdn.co/image/ab67616d0000485182c80d6ec5b001d9ae49564d,https://open.spotify.com/track/14sOS5L36385FJ3OL8hew4
43,2018-11-25,44,Down,Natural,Imagine Dragons,1299466,https://i.scdn.co/image/a19e4bc43fc23086aa96c360dd9e9d5a314e2586,https://open.spotify.com/track/2FY7b99s15jUprqC0M5NCT
44,2018-11-25,45,Down,In My Feelings,Drake,1283130,https://i.scdn.co/image/ed0e8b6ee4bcdb0565e99bdeb3465eabc8b25bb3,https://open.spotify.com/track/2G7V7zsVDxg1yRsu7Ew9RJ
45,2018-11-25,46,Up,Close To Me (with Diplo) (feat. Swae Lee),Ellie Goulding,1256926,https://i.scdn.co/image/45d08e7e989c9bf885cc548305a3d692a68646f0,https://open.spotify.com/track/5JEx7HbmvHQQswJCsoo9rA
46,2018-11-25,47,Down,High Hopes,Panic! At The Disco,1237254,https://i.scdn.co/image/ab67616d00004851c5148520a59be191eea16989,https://open.spotify.com/track/1rqqCSm0Qe4I9rUvWncaom
47,2018-11-25,48,Up,Youngblood,5 Seconds of Summer,1232170,https://i.scdn.co/image/ab67616d0000485141aa6776dc15fbd71a2b4557,https://open.spotify.com/track/2iUXsYOEPhVqEBwsqP70rE
48,2018-11-25,49,Down,Taste (feat. Offset),Tyga,1229471,https://i.scdn.co/image/ab67616d00004851a4d73b32e40487605c73cffe,https://open.spotify.com/track/5IaHrVsrferBYDm0bDyABy
49,2018-11-25,50,Down,Cuando Te Besé,Becky G,1220883,https://i.scdn.co/image/ab67616d000048514fc41c0d6dbcf2942af4ca00,https://open.spotify.com/track/2XXMDz7SPZ4mSFN1PXfHUy
50,2018-11-25,51,Down,Ella Quiere Beber - Remix,Anuel AA,1190506,https://i.scdn.co/image/ab67616d000048514130163b161ad26915093fc5,https://open.spotify.com/track/2cYnZNzFRFK0H7vSNxPsUq
51,2018-11-25,52,Down,I Love It (& Lil Pump),Kanye West,1182528,https://i.scdn.co/image/5e36fdee2410723088e89891bf203bc18d45ef6d,https://open.spotify.com/track/4S8d14HvHb70ImctNgVzQQ
52,2018-11-25,53,Up,Rockin' Around The Christmas Tree - Single Version,Brenda Lee,1178655,https://i.scdn.co/image/ab67616d000048510f9adedb5ea1b51ef81844aa,https://open.spotify.com/track/1XBc4r6ltXjkFJBrsttwIF
53,2018-11-25,54,Up,It's Beginning to Look a Lot like Christmas,Michael Bublé,1175535,https://i.scdn.co/image/ab67616d00004851c08cdc7be557844f3610880d,https://open.spotify.com/track/0lLdorYw7lVrJydTINhWdI
54,2018-11-25,55,Down,Somebody To Love - Remastered 2011,Queen,1159852,https://i.scdn.co/image/eca98e69fe4acbd52242df8a27e7b127b48c2f79,https://open.spotify.com/track/6cFZ4PLC19taNlpl9pbGMf
55,2018-11-25,56,Down,Don't Stop Me Now - Remastered,Queen,1157269,https://i.scdn.co/image/2e7908e0d325192f565d68e0f562112a53ecf9c5,https://open.spotify.com/track/5T8EDUDqKcs6OSOwEsfqG7
56,2018-11-25,57,Up,Armed And Dangerous,Juice WRLD,1111026,https://i.scdn.co/image/ab67616d00004851446eb26cadbd31b142d9da9f,https://open.spotify.com/track/6SAKXCj5jyF6IgPCPbZ5ra
57,2018-11-25,58,Down,I Like It,Cardi B,1105530,https://i.scdn.co/image/ab67616d00004851a0caffda54afd0a65995bbab,https://open.spotify.com/track/58q2HKrzhC3ozto2nDdN4z
58,2018-11-25,59,Down,rockstar (feat. 21 Savage),Post Malone,1100266,https://i.scdn.co/image/4eeab79394ac6dd1d58132e9cecc5d6ba61b9ca1,https://open.spotify.com/track/0e7ipj03S05BNilyu5bRzt
59,2018-11-25,60,Flat,FEFE (feat. Nicki Minaj & Murda Beatz),6ix9ine,1094169,https://i.scdn.co/image/ab67616d00004851a16370461881d18ace95d83f,https://open.spotify.com/track/2E124GmJRnBJuXbTb4cPUB
60,2018-11-25,61,Up,Love Someone,Lukas Graham,1089262,https://i.scdn.co/image/ab67616d00004851d266be64b095db17c5b6814a,https://open.spotify.com/track/3id2EVGKc3eFAMn9nFnB0r
61,2018-11-25,62,Down,Under Pressure - Remastered,Queen,1087238,https://i.scdn.co/image/20dc9c2f6b8d92be9445c18ad2d968bcf8bb64b0,https://open.spotify.com/track/2fuCquhmrzHpu5xcA1ci9x
62,2018-11-25,63,Flat,breathin,Ariana Grande,1080006,https://i.scdn.co/image/2014e80f61390c0bce3b9849416cf20757aae473,https://open.spotify.com/track/4OafepJy2teCjYJbvFE60J
63,2018-11-25,64,Up,Jingle Bell Rock,BobHelms,1076095,https://i.scdn.co/image/ab67616d00004851fd56f3c7a294f5cfe51c7b17,https://open.spotify.com/track/7vQbuQcyTflfCIOu3Uzzya
64,2018-11-25,65,Flat,Jocelyn Flores,XXXTENTACION,1073011,https://i.scdn.co/image/ab67616d00004851203c89bd4391468eea4cc3f5,https://open.spotify.com/track/7m9OqQk4RVRkw9JJdeAw96
65,2018-11-25,66,Down,Calma - Remix,Pedro Capó,1072846,https://i.scdn.co/image/ab67616d00004851c736f0be0530ea1e1a7fd601,https://open.spotify.com/track/5iwz1NiezX7WWjnCgY5TH4
66,2018-11-25,67,Down,Te Boté - Remix,Nio Garcia,1045299,https://i.scdn.co/image/ab67616d00004851a5779a2f04a513fac2fd1d15,https://open.spotify.com/track/3V8UKqhEK5zBkBb6d6ub8i
67,2018-11-25,68,Up,bellyache,Billie Eilish,1036812,https://i.scdn.co/image/600f9f1b0bfbadf2d583f2e4a51cdf9690c90c9e,https://open.spotify.com/track/51NFxnQvaosfDDutk0tams
68,2018-11-25,69,Up,SOLO,JENNIE,1032634,https://i.scdn.co/image/ab67616d0000485162e6288a5887b95176cca29e,https://open.spotify.com/track/2wVDWtLKXunswWecARNILj
69,2018-11-25,70,Down,Imposible,Luis Fonsi,1029830,https://i.scdn.co/image/b953b44a228eec445752bfdc924d4f5d9a754e4d,https://open.spotify.com/track/3ao3OVxHlb3C08vAaApUlm
70,2018-11-25,71,Down,Nonstop,Drake,1004540,https://i.scdn.co/image/ed0e8b6ee4bcdb0565e99bdeb3465eabc8b25bb3,https://open.spotify.com/track/0TlLq3lA83rQOYtrqBqSct
71,2018-11-25,72,Up,It's the Most Wonderful Time of the Year,Andy Williams,992787,https://i.scdn.co/image/ab67616d0000485198073965947f92f1641b8356,https://open.spotify.com/track/5hslUAKq9I9CG2bAulFkHN
72,2018-11-25,73,Up,Leave Me Alone,Flipp Dinero,992659,https://i.scdn.co/image/ab67616d0000485143db6f882b9d67079153c773,https://open.spotify.com/track/14mHfNsSHN0FbLftyjrV9g
73,2018-11-25,74,Flat,God's Plan,Drake,961412,https://i.scdn.co/image/ed0e8b6ee4bcdb0565e99bdeb3465eabc8b25bb3,https://open.spotify.com/track/6DCZcSspjsKoFjzjrWoCdn
74,2018-11-25,75,Down,No Stylist,French Montana,946110,https://i.scdn.co/image/ab67616d00004851816673ed1db2aa75cfa91843,https://open.spotify.com/track/04MLEeAMuV9IlHEsD8vF6A
75,2018-11-25,76,Up,Beautiful (feat. Camila Cabello),Bazzi,944155,https://i.scdn.co/image/ab67616d0000485105559264ebef3889709826cf,https://open.spotify.com/track/4VUwkH455At9kENOfzTqmF
76,2018-11-25,77,Up,no tears left to cry,Ariana Grande,941208,https://i.scdn.co/image/2014e80f61390c0bce3b9849416cf20757aae473,https://open.spotify.com/track/2qT1uLXPVPzGgFOx4jtEuo
77,2018-11-25,78,Down,Amigos Con Derechos,Reik,939103,https://i.scdn.co/image/ab67616d00004851ee96d743450ae00f4094fce0,https://open.spotify.com/track/2zDj4WjbNDmrRL6Z4YjjCA
78,2018-11-25,79,Down,Ya No Tiene Novio,Sebastian Yatra,938498,https://i.scdn.co/image/ccd5e7e2744fa76e9ffe68c3ada6d104d8e96dda,https://open.spotify.com/track/7uQmJ1jgNzBpATSoWKSPFu
79,2018-11-25,80,Down,We Will Rock You - Remastered,Queen,935023,https://i.scdn.co/image/857f1af305ccc76c0488de20b5651279a95a52d1,https://open.spotify.com/track/4pbJqGIASGPr0ZpGpnWkDn
80,2018-11-25,81,Down,Shape of You,Ed Sheeran,934026,https://i.scdn.co/image/ab67616d00004851ba5db46f4b838ef6027e6f96,https://open.spotify.com/track/7qiZfU4dY1lWllzX7mPBI3
81,2018-11-25,82,Up,Do They Know It's Christmas? - 1984 Version,Band Aid,931242,https://i.scdn.co/image/ab67616d000048511e379bdc4393113e151bf8ca,https://open.spotify.com/track/0247StOpd3AkeBQzANX4Zf
82,2018-11-25,83,Down,Bubalu,Becky G,930788,https://i.scdn.co/image/ab67616d00004851d4109852bbf94774833e8d05,https://open.spotify.com/track/7dNwJbsT0sg1le5kVugGJb
83,2018-11-25,84,Up,Money,Cardi B,926765,https://i.scdn.co/image/ab67616d000048518d5816c9f31f1187eb30913f,https://open.spotify.com/track/2GGMabyHXnJmjY6CXhhB2e
84,2018-11-25,85,Down,Rise,Jonas Blue,924211,https://i.scdn.co/image/ab67616d0000485151fb159ae1248ec262592e5c,https://open.spotify.com/track/3KLygy1YWhmrQx0GRs7IOx
85,2018-11-25,86,Up,idontwannabeyouanymore,Billie Eilish,920191,https://i.scdn.co/image/b62d826c38924bd9b3fc8ee86ca349e77b75311a,https://open.spotify.com/track/41zXlQxzTi6cGAjpOXyLYH
86,2018-11-25,87,Up,God is a woman,Ariana Grande,919952,https://i.scdn.co/image/2014e80f61390c0bce3b9849416cf20757aae473,https://open.spotify.com/track/5OCJzvD7sykQEKHH7qAC3C
87,2018-11-25,88,Down,Believer,Imagine Dragons,916624,https://i.scdn.co/image/277e5a475257290567369ed7276dbf027d90c458,https://open.spotify.com/track/0pqnGHJpmpxLKifKRmU6WP
88,2018-11-25,89,Up,Topanga,Trippie Redd,914726,https://i.scdn.co/image/47ef3dfab2ce993e7cdcb7670aacecbdd0669cff,https://open.spotify.com/track/5aXgz1oKK8Q9z9xvTmSnrO
89,2018-11-25,90,Up,2002,Anne-Marie,911068,https://i.scdn.co/image/ab67616d0000485138aae75dc37fb42457866ffd,https://open.spotify.com/track/2BgEsaKNfHUdlh97KmvFyo
90,2018-11-25,91,Up,changes,XXXTENTACION,907514,https://i.scdn.co/image/f0443f8ad743f6052c813c593f1ad0fc161965a2,https://open.spotify.com/track/7AFASza1mXqntmGtbxXprO
91,2018-11-25,92,Down,10 Freaky Girls (with 21 Savage),Metro Boomin,901332,https://i.scdn.co/image/29a01f650991502ade48a3d5d4f8e5120c1142e7,https://open.spotify.com/track/0AluA5RNsa4Cx6XRhf2hWZ
92,2018-11-25,93,Down,Adictiva,Daddy Yankee,881019,https://i.scdn.co/image/a6ff5f5f263f441cb34a96ece19fa058e05966e9,https://open.spotify.com/track/6MJUCumnQsQEKbCy28tbCP
93,2018-11-25,94,Up,Always Remember Us This Way,Lady Gaga,878344,https://i.scdn.co/image/c3e58f0c35cd87a247468863e25ed47be3502c4d,https://open.spotify.com/track/2rbDhOo9Fh61Bbu23T2qCk
94,2018-11-25,95,Down,Killer Queen - Remastered 2011,Queen,871290,https://i.scdn.co/image/3ac6b79ea089706dbcdfe4c5125edebdfaf43fcf,https://open.spotify.com/track/7GqWnsKhMtEW0nzki5o0d8
95,2018-11-25,96,Down,Mala Mía,Maluma,867561,https://i.scdn.co/image/ab67616d00004851ee306bc69ad7935bce38d94f,https://open.spotify.com/track/62o8KoI44JfN7aYxgTnPvh
96,2018-11-25,97,Down,Shotgun,George Ezra,866014,https://i.scdn.co/image/ab67616d00004851103045cd1c29dd16a469f808,https://open.spotify.com/track/4ofwffwvvnbSkrMSCKQDaC
97,2018-11-25,98,Down,Culpables,KAROL G,861153,https://i.scdn.co/image/ab67616d0000485111dbddd5ecd52e260b163d9b,https://open.spotify.com/track/6q8Lb50EtqNeeJXXe8mMAH
98,2018-11-25,99,Up,Mistletoe,Justin Bieber,853959,https://i.scdn.co/image/6ab23dd3545e7ce273a0f4ec8c027866d6a68f08,https://open.spotify.com/track/7xapw9Oy21WpfEcib2ErSA
99,2018-11-25,100,Down,Body (feat. Brando),Loud Luxury,852400,https://i.scdn.co/image/ab67616d00004851bed6857d4f0b187b461d2834,https://open.spotify.com/track/7K7MUBCnzgBAvMVW2RTWNs
100,2018-11-25,101,Down,Electricity (with Dua Lipa),Silk City,850196,https://i.scdn.co/image/ab67616d000048515ea1a511549bc05ff20fdedf,https://open.spotify.com/track/5N4erncE7kuUccm7zEmwzk
101,2018-11-25,102,Down,I Found You (with Calvin Harris),benny blanco,849855,https://i.scdn.co/image/af5f96295f49b09aef70b7b9bb41de3a4d4bb067,https://open.spotify.com/track/5sdb5pMhcK44SSLsj1moUh
102,2018-11-25,103,Up,This Feeling (feat. Kelsea Ballerini),The Chainsmokers,845349,https://i.scdn.co/image/ab67616d0000485153d3f4fc35b2872141fb17cc,https://open.spotify.com/track/6LKYeyLt4G4SlZ6OJwFhVS
103,2018-11-25,104,Up,Fuck Love (feat. Trippie Redd),XXXTENTACION,843922,https://i.scdn.co/image/ab67616d00004851203c89bd4391468eea4cc3f5,https://open.spotify.com/track/7AQim7LbvFVZJE3O8TYgf2
104,2018-11-25,105,Down,No Es Justo,J Balvin,834482,https://i.scdn.co/image/ab67616d00004851dda2b86297d3bfb519f8b785,https://open.spotify.com/track/5qFeMRz4TvetPmzjre9Dq7
105,2018-11-25,106,Down,Psycho (feat. Ty Dolla $ign),Post Malone,832713,https://i.scdn.co/image/4eeab79394ac6dd1d58132e9cecc5d6ba61b9ca1,https://open.spotify.com/track/3swc6WTsr7rl9DqQKQA55C
106,2018-11-25,107,Down,One Kiss (with Dua Lipa),Calvin Harris,826913,https://i.scdn.co/image/ab67616d00004851d09f96d82310d4d77c14c108,https://open.spotify.com/track/7ef4DlsgrMEH11cDZd32M6
107,2018-11-25,108,Up,Perfect,Ed Sheeran,822810,https://i.scdn.co/image/ab67616d00004851ba5db46f4b838ef6027e6f96,https://open.spotify.com/track/0tgVpDi06FyKpA1z0VMD4v
108,2018-11-25,109,Down,Solo (feat. Demi Lovato),Clean Bandit,820735,https://i.scdn.co/image/ab67616d0000485167eda217860e86c43481a5cb,https://open.spotify.com/track/6kPJZM97LwdG9QIsT7khp6
109,2018-11-25,110,Down,Desconocidos,Mau y Ricky,807827,https://i.scdn.co/image/ab67616d000048514f93f90a14f6fe1a5c907d9c,https://open.spotify.com/track/0s5DNDV6LAKn2u2Ufa3VjQ
110,2018-11-25,111,Up,ocean eyes,Billie Eilish,799577,https://i.scdn.co/image/d21af7634949ae465f7df4fd99e36c2698068c53,https://open.spotify.com/track/2uIX8YMNjGMD7441kqyyNU
111,2018-11-25,112,Up,Fine China,Future,788178,https://i.scdn.co/image/ab67616d00004851644c510e8d4c02ae69028297,https://open.spotify.com/track/5274I4mUMnYczyeXkGDWZN
112,2018-11-25,113,Down,IDGAF,Dua Lipa,786840,https://i.scdn.co/image/ab67616d000048516b915e407b70e121e06fe979,https://open.spotify.com/track/76cy1WJvNGJTj78UqeA5zr
113,2018-11-25,114,Down,Reggaeton,J Balvin,766746,https://i.scdn.co/image/ab67616d0000485104d849b0b580859bdb70e644,https://open.spotify.com/track/2D3z17LBMJ2HEHeBFFjTLi
114,2018-11-25,115,Up,Baller los,MERO,765625,https://i.scdn.co/image/ab67616d00004851e28a8fdfc8476b30ff7af7dd,https://open.spotify.com/track/1IPRghUN3LFPNbCTsfBJx9
115,2018-11-25,116,Down,Havana (feat. Young Thug),Camila Cabello,764547,https://i.scdn.co/image/ab67616d000048516eb0b9e73adcf04e4ed3eca4,https://open.spotify.com/track/1rfofaqEpACxVEHIZBJe6W
116,2018-11-25,117,Down,Ibiza,Ozuna,754229,https://i.scdn.co/image/ab67616d0000485166ab16a0f75d517304f18efd,https://open.spotify.com/track/1h9P5WJwyvK8OB7O2YiXgp
117,2018-11-25,118,Up,Beach House,The Chainsmokers,752210,https://i.scdn.co/image/ab67616d0000485153d3f4fc35b2872141fb17cc,https://open.spotify.com/track/0N8MGHEDAq29ip7RrlrTeN
118,2018-11-25,119,Up,Waste It On Me (feat. BTS),Steve Aoki,751987,https://i.scdn.co/image/ab67616d000048512b83b1f05af0be85caec37e7,https://open.spotify.com/track/2J0X46UkpfLlWbuCXFgDLr
119,2018-11-25,120,Down,Thunder,Imagine Dragons,750780,https://i.scdn.co/image/277e5a475257290567369ed7276dbf027d90c458,https://open.spotify.com/track/1zB4vmk8tFRmM9UULNzbLB
120,2018-11-25,121,Up,I Fall Apart,Post Malone,749219,https://i.scdn.co/image/23bae95100dcb6ac8f88c19fa2a11c50a998a926,https://open.spotify.com/track/75ZvA4QfFiZvzhj2xkaWAh
121,2018-11-25,122,Down,FRIENDS,Marshmello,747370,https://i.scdn.co/image/ab67616d00004851569f64493ca55cd96fdee412,https://open.spotify.com/track/08bNPGLD8AhKpnnERrAc6G
122,2018-11-25,123,Down,Thunderclouds,Sia,745449,https://i.scdn.co/image/ab67616d0000485137e7dd80e3b7d44f0fd7b68c,https://open.spotify.com/track/2c7GlMNmF7pbohjykutmLP
123,2018-11-25,124,Up,Holly Jolly Christmas,Michael Bublé,744991,https://i.scdn.co/image/ab67616d00004851c08cdc7be557844f3610880d,https://open.spotify.com/track/6tjituizSxwSmBB5vtgHZE
124,2018-11-25,125,Down,"Never Recover (Lil Baby & Gunna, Drake)",Lil Baby,741272,https://i.scdn.co/image/fdfd6e34a35e299e2b498279ffed1f5643730dba,https://open.spotify.com/track/6wWaVoUOzLQJHd3bWAUpdZ
125,2018-11-25,126,Up,Have Yourself A Merry Little Christmas,Sam Smith,736433,https://i.scdn.co/image/e65b7870582bca1b55fd6118521bc67db661faff,https://open.spotify.com/track/1Qi2wh8fFgDV7tl4Sj3f2K
126,2018-11-25,127,Up,Let It Snow! Let It Snow! Let It Snow! (with The B. Swanson Quartet),Frank Sinatra,732735,https://i.scdn.co/image/ab67616d00004851ab635079e314b1b477a39485,https://open.spotify.com/track/7inXu0Eaeg02VsM8kHNvzM
127,2018-11-25,128,Down,Lucky You (feat. Joyner Lucas),Eminem,731225,https://i.scdn.co/image/fb9889df22f77e8e766ce88a43b81866e4ef0ea7,https://open.spotify.com/track/60SdxE8apGAxMiRrpbmLY0
128,2018-11-25,129,Up,Wonderful Christmastime [Edited Version] - Remastered 2011 / Edited Version,Paul McCartney,730531,https://i.scdn.co/image/ab67616d0000485116ace1a3b53f70e874d00b1a,https://open.spotify.com/track/7Lbxvt42JsNSKVCaN63qhD
129,2018-11-25,130,Up,White Christmas,Bing Crosby,730199,https://i.scdn.co/image/ab67616d00004851a7bf97168afbe03609e98520,https://open.spotify.com/track/4so0Wek9Ig1p6CRCHuINwW
130,2018-11-25,131,Down,New Rules,Dua Lipa,729063,https://i.scdn.co/image/ab67616d000048514251686a69b5bf55599ec280,https://open.spotify.com/track/2xJCMIJfcNYDc5iR0sAm2O
131,2018-11-25,132,Down,Say My Name,David Guetta,717983,https://i.scdn.co/image/ab67616d0000485167e400c9be79e6b0b0086880,https://open.spotify.com/track/0YammaEkYSeo9vQYZ1OwS6
132,2018-11-25,133,Up,Say You Won't Let Go,James Arthur,709093,https://i.scdn.co/image/ab67616d0000485120beb61f61fcbeb33b10a9ab,https://open.spotify.com/track/5uCax9HTNlzGybIStD3vDh
133,2018-11-25,134,Down,Back To You - From 13 Reasons Why – Season 2 Soundtrack,Selena Gomez,706231,https://i.scdn.co/image/2807fb7caa569df8137314265f74e0575acdb454,https://open.spotify.com/track/4hQ6UGyWQIGJmHSo0J88JW
134,2018-11-25,135,Down,The Middle,Zedd,702583,https://i.scdn.co/image/0557d7b7e38ea3dba6c6ecca038bd33b7c69e60f,https://open.spotify.com/track/09IStsImFySgyp0pIQdqAc
135,2018-11-25,136,Up,Happy Xmas (War Is Over) - Remastered,John Lennon,696864,https://i.scdn.co/image/ab67616d00004851f7659b9e3bc9d7c9f1064b29,https://open.spotify.com/track/3zJw3rugfpVrmBeDDnUYzy
136,2018-11-25,137,Down,Sin Pijama,Becky G,691473,https://i.scdn.co/image/ab67616d000048514661cf765439018ebb7e0009,https://open.spotify.com/track/2ijef6ni2amuunRoKTlgww
137,2018-11-25,138,Up,Too Good At Goodbyes,Sam Smith,690155,https://i.scdn.co/image/eb645ad7342e0f34817e16d9d4061c3b5e374d4c,https://open.spotify.com/track/1mXVgsBdtIVeCLJnSnmtdV
138,2018-11-25,139,Down,Asesina - Remix,Brytiago,688007,https://i.scdn.co/image/ab67616d0000485127badd2b2cd1b0a8b3f86152,https://open.spotify.com/track/59PYgzOiOjGDzjDT5N5oOX
139,2018-11-25,140,Up,Rewrite The Stars (with James Arthur & Anne-Marie),James Arthur,687211,https://i.scdn.co/image/ab67616d00004851fdcd66dc526a25e1555ae81d,https://open.spotify.com/track/6mQLN3zRtAp6ovjusyYKrV
140,2018-11-25,141,Down,Toda - Remix,Alex Rose,684494,https://i.scdn.co/image/ab67616d000048518ce5ceacd5cef83d432d4053,https://open.spotify.com/track/7nD2JPaxIKUdxd2UWgnaGL
141,2018-11-25,142,Up,I Like Me Better,Lauv,680563,https://i.scdn.co/image/ab67616d000048515355919e31efac9b14c45c49,https://open.spotify.com/track/2P91MQbaiQOfbiz9VqhqKQ
142,2018-11-25,143,Up,Everybody Dies In Their Nightmares,XXXTENTACION,680112,https://i.scdn.co/image/ab67616d00004851203c89bd4391468eea4cc3f5,https://open.spotify.com/track/3GVkPk8mqxz0itaAriG1L7
143,2018-11-25,144,Down,Quiere Beber,Anuel AA,673430,https://i.scdn.co/image/ab67616d000048518c042699ae65e840c0ccf683,https://open.spotify.com/track/3rPAD722s5FFNnwjC91t7Z
144,2018-11-25,145,Down,Jackie Chan,Tiësto,671581,https://i.scdn.co/image/e9e2398edb37fea2cd604cf6db3bf830fe9ae8e5,https://open.spotify.com/track/4kWO6O1BUXcZmaxitpVUwp
145,2018-11-25,146,Up,All Girls Are The Same,Juice WRLD,663163,https://i.scdn.co/image/ab67616d00004851466028b14d6d0023a862e50d,https://open.spotify.com/track/0XySogm94T51XF5F2jumXm
146,2018-11-25,147,Down,Yes Indeed,Lil Baby,659755,https://i.scdn.co/image/f01d26851a2bcbe6c7d530404641cb39b16ba434,https://open.spotify.com/track/6vN77lE9LK6HP2DewaN6HZ
147,2018-11-25,148,Down,Noticed,Lil Mosey,657303,https://i.scdn.co/image/ab67616d000048518314a1eef415b654f433f3aa,https://open.spotify.com/track/6JQvHMSaR8flFsN53ypOfP
148,2018-11-25,149,Down,XO Tour Llif3,Lil Uzi Vert,656707,https://i.scdn.co/image/ab67616d0000485141b41e6f7924e530a9b00f9c,https://open.spotify.com/track/7GX5flRQZVHRAGd6B4TmDO
149,2018-11-25,150,Down,Closer,The Chainsmokers,654450,https://i.scdn.co/image/ab67616d00004851495ce6da9aeb159e94eaa453,https://open.spotify.com/track/7BKLCZ1jbUBVqRi2FVlTVw
150,2018-11-25,151,Down,I'm a Mess,Bebe Rexha,654096,https://i.scdn.co/image/ab67616d0000485161fe6d3a50c0beaa3cfe33e9,https://open.spotify.com/track/04ZTP5KsCypmtCmQg5tH9R
151,2018-11-25,152,Down,Don't Come Out The House (with 21 Savage),Metro Boomin,650350,https://i.scdn.co/image/29a01f650991502ade48a3d5d4f8e5120c1142e7,https://open.spotify.com/track/2Grb4G6t9VIqo6moKUloom
152,2018-11-25,153,Down,PPP,Kevin Roldan,647865,https://i.scdn.co/image/ab67616d00004851c23c6e10b4a815f16f97f5f6,https://open.spotify.com/track/1DcxnVNFAyVl2sDQ646pXS
153,2018-11-25,154,Down,Praise The Lord (Da Shine) (feat. Skepta),A$AP Rocky,627188,https://i.scdn.co/image/ab67616d000048519feadc48ab0661e9b3a9170b,https://open.spotify.com/track/7ycWLEP1GsNjVvcjawXz3z
154,2018-11-25,155,Up,Space Cadet (feat. Gunna),Metro Boomin,626458,https://i.scdn.co/image/29a01f650991502ade48a3d5d4f8e5120c1142e7,https://open.spotify.com/track/1fewSx2d5KIZ04wsooEBOz
155,2018-11-25,156,Up,Lean Wit Me,Juice WRLD,626203,https://i.scdn.co/image/ab67616d00004851466028b14d6d0023a862e50d,https://open.spotify.com/track/29tc0GbW0pTSBZSCZF3NWk
156,2018-11-25,157,Down,Suncity (feat. Empress Of),Khalid,624428,https://i.scdn.co/image/ab67616d0000485160624c0781fd787c9aa4699c,https://open.spotify.com/track/4AhSkRYioEIfGvCV19peYN
157,2018-11-25,158,Down,Congratulations,Post Malone,623379,https://i.scdn.co/image/23bae95100dcb6ac8f88c19fa2a11c50a998a926,https://open.spotify.com/track/3a1lNhkSLSkpJE4MSHpDu9
158,2018-11-25,159,New,Driving Home for Christmas,Chris Rea,616012,https://i.scdn.co/image/ab67616d000048519c8d257b1af6187595e7c087,https://open.spotify.com/track/3Z3QhZAZpqwZa1phsbQ3JZ
159,2018-11-25,160,New,The Christmas Song (Merry Christmas To You),Nat King Cole,614845,https://i.scdn.co/image/ab67616d00004851cb474d056615c2c9b49bb4e6,https://open.spotify.com/track/4PS1e8f2LvuTFgUs1Cn3ON
160,2018-11-25,161,Up,There's No Way (feat. Julia Michaels),Lauv,613327,https://i.scdn.co/image/ab67616d00004851b67fed8dfcaac831401be9bf,https://open.spotify.com/track/2hnxrRNzF74mdDzpQZQukQ
161,2018-11-25,162,New,Underneath the Tree,Kelly Clarkson,609204,https://i.scdn.co/image/ab67616d000048519fd0d700bdf33c9ebc42f429,https://open.spotify.com/track/3nAp4IvdMPPWEH9uuXFFV5
162,2018-11-25,163,Up,you should see me in a crown,Billie Eilish,608783,https://i.scdn.co/image/ab67616d00004851b2eb2ea69b4578687df40960,https://open.spotify.com/track/6vsV4D8BM6PioRr1UOx0n2
163,2018-11-25,164,Down,We Are The Champions - Remastered 2011,Queen,603903,https://i.scdn.co/image/857f1af305ccc76c0488de20b5651279a95a52d1,https://open.spotify.com/track/1lCRw5FEZ1gPDNPzy1K4zW
164,2018-11-25,165,Down,Look At Me!,XXXTENTACION,602370,https://i.scdn.co/image/ab67616d000048515485ea186d6971e18fabcc2f,https://open.spotify.com/track/6eYxmK9fdL4hwLnXG2zY3s
165,2018-11-25,166,New,Saturday Nights,Khalid,600751,https://i.scdn.co/image/ab67616d0000485160624c0781fd787c9aa4699c,https://open.spotify.com/track/5kfNriitmkNE8mUbZ7gbq8
166,2018-11-25,167,Flat,Look Alive (feat. Drake),BlocBoy JB,596468,https://i.scdn.co/image/ab67616d0000485155cad990bc1ce5808367fa0e,https://open.spotify.com/track/4qKcDkK6siZ7Jp1Jb4m0aL
167,2018-11-25,168,Down,Only Want You,Rita Ora,596410,https://i.scdn.co/image/ab67616d00004851f1b136eb0388414a8225a348,https://open.spotify.com/track/2CTN6UuO2dNEVZXR0DJVk2
168,2018-11-25,169,Up,Thinking out Loud,Ed Sheeran,595277,https://i.scdn.co/image/ab67616d00004851d08209944468440145f01524,https://open.spotify.com/track/1Slwb6dOYkBlWal1PGtnNg
169,2018-11-25,170,Up,Photograph,Ed Sheeran,592014,https://i.scdn.co/image/ab67616d00004851d08209944468440145f01524,https://open.spotify.com/track/6fxVffaTuwjgEk5h9QyRjy
170,2018-11-25,171,Down,Happy Now,Zedd,590937,https://i.scdn.co/image/c19bedd710f42505b2ee120aa3bb97a07d99d00f,https://open.spotify.com/track/4keoy2fqgwGnbWlm3ZVZFa
171,2018-11-25,172,Down,Nice For What,Drake,590473,https://i.scdn.co/image/ed0e8b6ee4bcdb0565e99bdeb3465eabc8b25bb3,https://open.spotify.com/track/3CA9pLiwRIGtUBiMjbZmRw
172,2018-11-25,173,Down,STARGAZING,Travis Scott,589425,https://i.scdn.co/image/ab67616d00004851072e9faef2ef7b6db63834a3,https://open.spotify.com/track/7wBJfHzpfI3032CSD7CE2m
173,2018-11-25,174,Up,1400 / 999 Freestyle,Trippie Redd,588115,https://i.scdn.co/image/47ef3dfab2ce993e7cdcb7670aacecbdd0669cff,https://open.spotify.com/track/75lcPkAkUsKWHGBlGM476R
174,2018-11-25,175,Up,Happier,Ed Sheeran,585410,https://i.scdn.co/image/ab67616d00004851ba5db46f4b838ef6027e6f96,https://open.spotify.com/track/2RttW7RAu5nOAfq6YFvApB
175,2018-11-25,176,Up,Meant to Be (feat. Florida Georgia Line),Bebe Rexha,581724,https://i.scdn.co/image/ab67616d0000485161fe6d3a50c0beaa3cfe33e9,https://open.spotify.com/track/4e4fqjx0Izh4svvTef1z7e
176,2018-11-25,177,Up,Love Lies (with Normani),Khalid,580840,https://i.scdn.co/image/ab67616d00004851dd7eaf261543814a6d715d67,https://open.spotify.com/track/45Egmo7icyopuzJN0oMEdk
177,2018-11-25,178,Down,Goodbye (feat. Nicki Minaj & Willy William),Jason Derulo,578846,https://i.scdn.co/image/ab67616d00004851af201c81e98ebb30c59b6afb,https://open.spotify.com/track/5Xn4IyTtW6FUGIUyWjbUHG
178,2018-11-25,179,Up,Empty Space,James Arthur,576506,https://i.scdn.co/image/ab67616d00004851b8aefb78a29dd9bf46cf119d,https://open.spotify.com/track/1uru26I2JKd2mQZt0MDCUe
179,2018-11-25,180,Down,Hipócrita,Anuel AA,575415,https://i.scdn.co/image/ab67616d000048518c042699ae65e840c0ccf683,https://open.spotify.com/track/6XBjCetHKdO5L9cwMDVffw
180,2018-11-25,181,New,Love Of My Life - Remastered 2011,Queen,569317,https://i.scdn.co/image/6775932d3259ecd8bd42bd633a24913cc62c5870,https://open.spotify.com/track/4YJUTdZ0Pgl0ZeNyHYXeLd
181,2018-11-25,182,Down,Está Rico,Marc Anthony,569058,https://i.scdn.co/image/ab67616d000048518080569f37bbe04f68301f23,https://open.spotify.com/track/2wRkBumdItthjYP9XknImg
182,2018-11-25,183,New,Feliz Navidad,José Feliciano,566188,https://i.scdn.co/image/ab67616d00004851bf203d76f2bea51656862edd,https://open.spotify.com/track/7taXf5odg9xCAZERYfyOkS
183,2018-11-25,184,Up,goosebumps,Travis Scott,565828,https://i.scdn.co/image/ab67616d00004851f54b99bf27cda88f4a7403ce,https://open.spotify.com/track/6gBFPUFcJLzWGx4lenP6h2
184,2018-11-25,185,New,Santa Claus Is Coming to Town,Michael Bublé,564389,https://i.scdn.co/image/ab67616d00004851c08cdc7be557844f3610880d,https://open.spotify.com/track/5Ber68jZ7ytegr2UISEdb7
185,2018-11-25,186,Down,Venom - Music From The Motion Picture,Eminem,563892,https://i.scdn.co/image/fb9889df22f77e8e766ce88a43b81866e4ef0ea7,https://open.spotify.com/track/2SL6oP2YAEQbqsrkOzRGO4
186,2018-11-25,187,Down,Born To Be Yours,Kygo,562333,https://i.scdn.co/image/ab67616d00004851e23b87d15e45e90f3399d831,https://open.spotify.com/track/4M3FO0ji6Lc8vwD1sgf1nc
187,2018-11-25,188,Down,HUMBLE.,Kendrick Lamar,554158,https://i.scdn.co/image/ae1f239b41e9604a66eb900834c6887cd2f62ff1,https://open.spotify.com/track/7KXjTSCq5nL1LoYtL7XAwS
188,2018-11-25,189,Up,STOOPID,6ix9ine,552938,https://i.scdn.co/image/ab67616d00004851562eb3df7ac2a7b871e25ab9,https://open.spotify.com/track/1jQvUmf16VE9WQCPuK2e8K
189,2018-11-25,190,Down,No Me Acuerdo,Thalía,552529,https://i.scdn.co/image/ab67616d000048517e193a3721f7181bdce2cf89,https://open.spotify.com/track/1G586ld1gbaECg4Bc6w40O
190,2018-11-25,191,Down,No Brainer,DJ Khaled,552340,https://i.scdn.co/image/ab67616d00004851675b26746823f1049dc39342,https://open.spotify.com/track/5WvAo7DNuPRmk4APhdPzi8
191,2018-11-25,192,New,Young Dumb & Broke,Khalid,549594,https://i.scdn.co/image/ab67616d00004851988ede5e1276e758b5f9e577,https://open.spotify.com/track/5Z3GHaZ6ec9bsiI5BenrbY
192,2018-11-25,193,Down,Atrasadinha - Ao Vivo,Felipe Araújo,549556,https://i.scdn.co/image/ab67616d00004851e3b5e4ce16b6c7f089f8eda8,https://open.spotify.com/track/5EKHbW7mXcAR4hCyS3YXjb
193,2018-11-25,194,Down,Wonderwall - Remastered,Oasis,548563,https://i.scdn.co/image/ab67616d0000485185e5dcc05cc216a10f141480,https://open.spotify.com/track/5qqabIl2vWzo9ApSC317sa
194,2018-11-25,195,Up,Ric Flair Drip (& Metro Boomin),Offset,546745,https://i.scdn.co/image/ab67616d000048510f206fe737d46f2f2d826d83,https://open.spotify.com/track/7sO5G9EABYOXQKNPNiE9NR
195,2018-11-25,196,Down,Crazy Little Thing Called Love - Remastered 2011,Queen,546673,https://i.scdn.co/image/33fbdd8f6e56ce67943bc30a943f19b4497c4fda,https://open.spotify.com/track/6xdLJrVj4vIXwhuG8TMopk
196,2018-11-25,197,New,A Holly Jolly Christmas - Single Version,Burl Ives,544643,https://i.scdn.co/image/ab67616d0000485158ed46b7e482124982be64f8,https://open.spotify.com/track/65Q2mv3UlVi9eO70OpsmSe
197,2018-11-25,198,Up,POP/STARS,K/DA,543925,https://i.scdn.co/image/ab67616d00004851d1241debb8543af8322a7d6a,https://open.spotify.com/track/5sbooPcNgIE22DwO0VNGUJ
198,2018-11-25,199,Down,Something Just Like This,The Chainsmokers,543041,https://i.scdn.co/image/ab67616d000048510c13d3d5a503c84fcc60ae94,https://open.spotify.com/track/6RUKPb4LETWmmr3iAEQktW
199,2018-11-25,200,New,In My Blood,Shawn Mendes,542841,https://i.scdn.co/image/b68c52237ed6815023eb6e62ab93e380c04611a6,https://open.spotify.com/track/2QZ7WLBE8h2y1Y5Fb8RYbH
