,Date,Position,Trend,Title,Artist,Streams,Icon_URL,Spotify_URL
0,2018-11-01,1,Flat,"Taki Taki (with Selena Gomez, Ozuna & Cardi B)",DJ Snake,5766438,https://i.scdn.co/image/ab67616d00004851f80bb01db0475af1f9a3be50,https://open.spotify.com/track/4w8niZpiMy6qz1mntFA5uM
1,2018-11-01,2,Flat,MIA (feat. Drake),Bad Bunny,4122032,https://i.scdn.co/image/ab67616d000048514d382194384bc6e08eb090f6,https://open.spotify.com/track/116H0KvKr2Zl4RPuVBruDO
2,2018-11-01,3,Flat,Happier,Marshmello,3546770,https://i.scdn.co/image/9229fef0b5c4b66883b901a62d69d13832cd6f27,https://open.spotify.com/track/2dpaYNEQHiRxtZbfNsse99
3,2018-11-01,4,Flat,Sunflower - Spider-Man: Into the Spider-Verse,Post Malone,3436862,https://i.scdn.co/image/ab67616d00004851ef376d3257503f734de0eefc,https://open.spotify.com/track/1A6OTy97kk0mMdm78rHsm8
4,2018-11-01,5,Flat,Arms Around You (feat. Maluma & Swae Lee),XXXTENTACION,3286601,https://i.scdn.co/image/ab67616d0000485197edb4fc7ac3510ca4bb021c,https://open.spotify.com/track/2LskIZrCeLxRvCiGP8gxlh
5,2018-11-01,6,Flat,Shallow,Lady Gaga,3238783,https://i.scdn.co/image/c3e58f0c35cd87a247468863e25ed47be3502c4d,https://open.spotify.com/track/2VxeLyX666F8uXCJ0dZF8B
6,2018-11-01,7,Flat,ZEZE (feat. Travis Scott & Offset),Kodak Black,3034135,https://i.scdn.co/image/ab67616d000048518a5a04dbb1c7a3242fdfdfe8,https://open.spotify.com/track/7l3E7lcozEodtVsSTCkcaA
7,2018-11-01,8,Flat,Without Me,Halsey,2987187,https://i.scdn.co/image/3b32022e7070392b3800c67badce20d6f7d3a34c,https://open.spotify.com/track/5p7ujcrUXASCNwRaWNHR1C
8,2018-11-01,9,Flat,SICKO MODE,Travis Scott,2818819,https://i.scdn.co/image/ab67616d00004851072e9faef2ef7b6db63834a3,https://open.spotify.com/track/2xLMifQCjDGFmkHkpNLD9h
9,2018-11-01,10,Flat,Better,Khalid,2510983,https://i.scdn.co/image/ab67616d0000485160624c0781fd787c9aa4699c,https://open.spotify.com/track/6zeeWid2sgw4lap2jV61PZ
10,2018-11-01,11,Flat,Mo Bamba,Sheck Wes,2401566,https://i.scdn.co/image/ab67616d0000485159cd47039c5b10ed919fbaa8,https://open.spotify.com/track/1xzBco0xcoJEDXktl7Jxrr
11,2018-11-01,12,Up,Promises (with Sam Smith),Calvin Harris,2220766,https://i.scdn.co/image/ab67616d00004851ccdcbd450e42fc7b27a82a1f,https://open.spotify.com/track/5N5k9nd479b1xpDZ4usjrg
12,2018-11-01,13,Up,Eastside (with Halsey & Khalid),benny blanco,2200415,https://i.scdn.co/image/1aef7707ee10c4f16f382926a3d1a75530b55367,https://open.spotify.com/track/0d2iYfpKoM0QCKvcLCkBao
13,2018-11-01,14,Down,Girls Like You (feat. Cardi B),Maroon 5,2194245,https://i.scdn.co/image/713dd96693d1706e93f98854598ef52db28090a6,https://open.spotify.com/track/7fa9MBXhVfQ8P8Df9OEbD8
14,2018-11-01,15,Flat,when the party's over,Billie Eilish,2175327,https://i.scdn.co/image/ab67616d0000485104b3aa9683e334b8140d19e7,https://open.spotify.com/track/14JzyD6FlBD5z0wV5P07YI
15,2018-11-01,16,Flat,In My Mind,Dynoro,2128272,https://i.scdn.co/image/ab67616d0000485128a8a05c3a7ba952c7615ab9,https://open.spotify.com/track/0E9ZjEAyAwOXZ7wJC0PD33
16,2018-11-01,17,Flat,Lucid Dreams,Juice WRLD,2056067,https://i.scdn.co/image/ab67616d00004851466028b14d6d0023a862e50d,https://open.spotify.com/track/0s3nnoMeVWz3989MkNQiRf
17,2018-11-01,18,Up,Be Alright,Dean Lewis,2021732,https://i.scdn.co/image/3d9533b540df9df2b95f37f8024028ed2f9fffd7,https://open.spotify.com/track/3EPXxR3ImUwfayaurPi3cm
18,2018-11-01,19,Down,Kiss and Make Up,Dua Lipa,1983913,https://i.scdn.co/image/ab67616d000048514251686a69b5bf55599ec280,https://open.spotify.com/track/13hvHEstJ4sNbzdroPrPI3
19,2018-11-01,20,Up,Drip Too Hard (Lil Baby & Gunna),Lil Baby,1978075,https://i.scdn.co/image/fdfd6e34a35e299e2b498279ffed1f5643730dba,https://open.spotify.com/track/78QR3Wp35dqAhFEc2qAGjE
20,2018-11-01,21,Up,I Love It (& Lil Pump),Kanye West,1945829,https://i.scdn.co/image/5e36fdee2410723088e89891bf203bc18d45ef6d,https://open.spotify.com/track/4S8d14HvHb70ImctNgVzQQ
21,2018-11-01,22,Up,Falling Down - Bonus Track,Lil Peep,1929647,https://i.scdn.co/image/ab67616d000048510211ea0d326ca5340e04648b,https://open.spotify.com/track/0Dn40gxVCMo5TkgS8Ik18Q
22,2018-11-01,23,Up,SAD!,XXXTENTACION,1895700,https://i.scdn.co/image/f0443f8ad743f6052c813c593f1ad0fc161965a2,https://open.spotify.com/track/3ee8Jmje8o58CHK66QrVC2
23,2018-11-01,24,Up,Woman Like Me (feat. Nicki Minaj),Little Mix,1867426,https://i.scdn.co/image/ab67616d00004851740e5073699ef09f02d73d05,https://open.spotify.com/track/6rrTr2HEAzlpC4KWZxF3S1
24,2018-11-01,25,Up,Better Now,Post Malone,1820137,https://i.scdn.co/image/4eeab79394ac6dd1d58132e9cecc5d6ba61b9ca1,https://open.spotify.com/track/7dt6x5M1jzdTEt8oCbisTK
25,2018-11-01,26,Down,In My Feelings,Drake,1818113,https://i.scdn.co/image/ed0e8b6ee4bcdb0565e99bdeb3465eabc8b25bb3,https://open.spotify.com/track/2G7V7zsVDxg1yRsu7Ew9RJ
26,2018-11-01,27,Up,Moonlight,XXXTENTACION,1752299,https://i.scdn.co/image/f0443f8ad743f6052c813c593f1ad0fc161965a2,https://open.spotify.com/track/0JP9xo3adEtGSdUEISiszL
27,2018-11-01,28,Flat,Vaina Loca,Ozuna,1729033,https://i.scdn.co/image/ab67616d0000485166ab16a0f75d517304f18efd,https://open.spotify.com/track/48zFZh27QU5qsrBjn4C2FA
28,2018-11-01,29,Up,Sweet but Psycho,Ava Max,1711909,https://i.scdn.co/image/ab67616d00004851c5015d2a9270865a5979f56b,https://open.spotify.com/track/25sgk305KZfyuqVBQIahim
29,2018-11-01,30,Flat,Let You Love Me,Rita Ora,1710482,https://i.scdn.co/image/ab67616d00004851c2d8075e09b1eac3db8b6254,https://open.spotify.com/track/6xtcFXSo8H9BZN637BMVKS
30,2018-11-01,31,Up,BEBE,6ix9ine,1666976,https://i.scdn.co/image/ab67616d00004851104271798dc8a150dcc7bee7,https://open.spotify.com/track/7ATATJztoWLcqDAcVVof0C
31,2018-11-01,32,Up,I Like It,Cardi B,1614296,https://i.scdn.co/image/ab67616d00004851a0caffda54afd0a65995bbab,https://open.spotify.com/track/58q2HKrzhC3ozto2nDdN4z
32,2018-11-01,33,Up,Taste (feat. Offset),Tyga,1547824,https://i.scdn.co/image/ab67616d00004851a4d73b32e40487605c73cffe,https://open.spotify.com/track/5IaHrVsrferBYDm0bDyABy
33,2018-11-01,34,Up,No Stylist,French Montana,1514302,https://i.scdn.co/image/ab67616d00004851816673ed1db2aa75cfa91843,https://open.spotify.com/track/04MLEeAMuV9IlHEsD8vF6A
34,2018-11-01,35,Up,Natural,Imagine Dragons,1467767,https://i.scdn.co/image/ab67616d00004851786131a75c1f97fa83b6605c,https://open.spotify.com/track/4zIO3ilp5HvTeK3HJHxhMP
35,2018-11-01,36,Up,Te Boté - Remix,Nio Garcia,1465049,https://i.scdn.co/image/ab67616d00004851a5779a2f04a513fac2fd1d15,https://open.spotify.com/track/3V8UKqhEK5zBkBb6d6ub8i
36,2018-11-01,37,Up,Youngblood,5 Seconds of Summer,1450408,https://i.scdn.co/image/ab67616d0000485141aa6776dc15fbd71a2b4557,https://open.spotify.com/track/2iUXsYOEPhVqEBwsqP70rE
37,2018-11-01,38,Up,Electricity (with Dua Lipa),Silk City,1446227,https://i.scdn.co/image/ab67616d000048515ea1a511549bc05ff20fdedf,https://open.spotify.com/track/5N4erncE7kuUccm7zEmwzk
38,2018-11-01,39,Down,rockstar (feat. 21 Savage),Post Malone,1440953,https://i.scdn.co/image/4eeab79394ac6dd1d58132e9cecc5d6ba61b9ca1,https://open.spotify.com/track/0e7ipj03S05BNilyu5bRzt
39,2018-11-01,40,Up,FEFE (feat. Nicki Minaj & Murda Beatz),6ix9ine,1421282,https://i.scdn.co/image/ab67616d00004851a16370461881d18ace95d83f,https://open.spotify.com/track/2E124GmJRnBJuXbTb4cPUB
40,2018-11-01,41,Up,Quiere Beber,Anuel AA,1365839,https://i.scdn.co/image/ab67616d000048518c042699ae65e840c0ccf683,https://open.spotify.com/track/3rPAD722s5FFNnwjC91t7Z
41,2018-11-01,42,Up,Beautiful (feat. Camila Cabello),Bazzi,1356403,https://i.scdn.co/image/ab67616d0000485105559264ebef3889709826cf,https://open.spotify.com/track/4VUwkH455At9kENOfzTqmF
42,2018-11-01,43,Flat,Suncity (feat. Empress Of),Khalid,1354710,https://i.scdn.co/image/ab67616d0000485160624c0781fd787c9aa4699c,https://open.spotify.com/track/4AhSkRYioEIfGvCV19peYN
43,2018-11-01,44,Up,Fine China,Future,1349192,https://i.scdn.co/image/ab67616d00004851644c510e8d4c02ae69028297,https://open.spotify.com/track/5274I4mUMnYczyeXkGDWZN
44,2018-11-01,45,Up,High Hopes,Panic! At The Disco,1337857,https://i.scdn.co/image/ab67616d00004851c5148520a59be191eea16989,https://open.spotify.com/track/1rqqCSm0Qe4I9rUvWncaom
45,2018-11-01,46,Up,Always Remember Us This Way,Lady Gaga,1334190,https://i.scdn.co/image/c3e58f0c35cd87a247468863e25ed47be3502c4d,https://open.spotify.com/track/2rbDhOo9Fh61Bbu23T2qCk
46,2018-11-01,47,Up,Nonstop,Drake,1325453,https://i.scdn.co/image/ed0e8b6ee4bcdb0565e99bdeb3465eabc8b25bb3,https://open.spotify.com/track/0TlLq3lA83rQOYtrqBqSct
47,2018-11-01,48,Up,Ruin My Life,Zara Larsson,1312506,https://i.scdn.co/image/ab67616d00004851ceedff6a709d5a9f6c86a0bc,https://open.spotify.com/track/5tAa8Uaqr4VvA3693mbIhU
48,2018-11-01,49,Up,Cuando Te Besé,Becky G,1308417,https://i.scdn.co/image/ab67616d000048514fc41c0d6dbcf2942af4ca00,https://open.spotify.com/track/2XXMDz7SPZ4mSFN1PXfHUy
49,2018-11-01,50,Up,Jocelyn Flores,XXXTENTACION,1295471,https://i.scdn.co/image/ab67616d00004851203c89bd4391468eea4cc3f5,https://open.spotify.com/track/7m9OqQk4RVRkw9JJdeAw96
50,2018-11-01,51,Up,Wake Up in the Sky,Gucci Mane,1295405,https://i.scdn.co/image/ab67616d00004851b64fc7036d0fccef26f9f7e8,https://open.spotify.com/track/0QIjsbm2fh1cJ45XO9eGqq
51,2018-11-01,52,Down,This Feeling (feat. Kelsea Ballerini),The Chainsmokers,1288087,https://i.scdn.co/image/ab67616d00004851b4f23e1ebf6bec20980c0a96,https://open.spotify.com/track/15kQGEy89K8deJcZVFEn0N
52,2018-11-01,53,Up,Love Someone,Lukas Graham,1252367,https://i.scdn.co/image/ab67616d00004851d266be64b095db17c5b6814a,https://open.spotify.com/track/3id2EVGKc3eFAMn9nFnB0r
53,2018-11-01,54,Up,Rise,Jonas Blue,1176838,https://i.scdn.co/image/4eb8b40be39de208221022c0261af4ebd6f99572,https://open.spotify.com/track/3u1S1OmAUhx5DRlLrXqyp3
54,2018-11-01,55,Up,No Es Justo,J Balvin,1174730,https://i.scdn.co/image/ab67616d00004851dda2b86297d3bfb519f8b785,https://open.spotify.com/track/5qFeMRz4TvetPmzjre9Dq7
55,2018-11-01,56,Up,Lucky You (feat. Joyner Lucas),Eminem,1169357,https://i.scdn.co/image/fb9889df22f77e8e766ce88a43b81866e4ef0ea7,https://open.spotify.com/track/60SdxE8apGAxMiRrpbmLY0
56,2018-11-01,57,Up,Money,Cardi B,1163523,https://i.scdn.co/image/ab67616d000048518d5816c9f31f1187eb30913f,https://open.spotify.com/track/2GGMabyHXnJmjY6CXhhB2e
57,2018-11-01,58,Up,Bohemian Rhapsody - Remastered 2011,Queen,1161032,https://i.scdn.co/image/e2fb26176d381198b5ed65ef395f1485d0bc47dd,https://open.spotify.com/track/7tFiyTwD0nx5a1eklYtX2J
58,2018-11-01,59,Up,Close To Me (with Diplo) (feat. Swae Lee),Ellie Goulding,1150574,https://i.scdn.co/image/45d08e7e989c9bf885cc548305a3d692a68646f0,https://open.spotify.com/track/5JEx7HbmvHQQswJCsoo9rA
59,2018-11-01,60,Down,One Kiss (with Dua Lipa),Calvin Harris,1140925,https://i.scdn.co/image/ab67616d00004851d09f96d82310d4d77c14c108,https://open.spotify.com/track/7ef4DlsgrMEH11cDZd32M6
60,2018-11-01,61,Up,God's Plan,Drake,1137442,https://i.scdn.co/image/ed0e8b6ee4bcdb0565e99bdeb3465eabc8b25bb3,https://open.spotify.com/track/6DCZcSspjsKoFjzjrWoCdn
61,2018-11-01,62,Up,Noticed,Lil Mosey,1130182,https://i.scdn.co/image/ab67616d000048518314a1eef415b654f433f3aa,https://open.spotify.com/track/6JQvHMSaR8flFsN53ypOfP
62,2018-11-01,63,Up,"Never Recover (Lil Baby & Gunna, Drake)",Lil Baby,1127047,https://i.scdn.co/image/fdfd6e34a35e299e2b498279ffed1f5643730dba,https://open.spotify.com/track/6wWaVoUOzLQJHd3bWAUpdZ
63,2018-11-01,64,Up,changes,XXXTENTACION,1126406,https://i.scdn.co/image/f0443f8ad743f6052c813c593f1ad0fc161965a2,https://open.spotify.com/track/7AFASza1mXqntmGtbxXprO
64,2018-11-01,65,Down,Body (feat. Brando),Loud Luxury,1124096,https://i.scdn.co/image/ab67616d00004851bed6857d4f0b187b461d2834,https://open.spotify.com/track/7K7MUBCnzgBAvMVW2RTWNs
65,2018-11-01,66,Down,Solo (feat. Demi Lovato),Clean Bandit,1112910,https://i.scdn.co/image/ab67616d0000485167eda217860e86c43481a5cb,https://open.spotify.com/track/6kPJZM97LwdG9QIsT7khp6
66,2018-11-01,67,Up,Shotgun,George Ezra,1084779,https://i.scdn.co/image/ab67616d00004851103045cd1c29dd16a469f808,https://open.spotify.com/track/4ofwffwvvnbSkrMSCKQDaC
67,2018-11-01,68,Flat,Amigos Con Derechos,Reik,1079238,https://i.scdn.co/image/ab67616d00004851ee96d743450ae00f4094fce0,https://open.spotify.com/track/2zDj4WjbNDmrRL6Z4YjjCA
68,2018-11-01,69,Up,lovely (with Khalid),Billie Eilish,1057129,https://i.scdn.co/image/9d95ac9d573809e324fff0bedba2fe207770be69,https://open.spotify.com/track/0u2P5u6lvoDfwTYjAADbn4
69,2018-11-01,70,Up,Mala Mía,Maluma,1051859,https://i.scdn.co/image/ab67616d00004851ee306bc69ad7935bce38d94f,https://open.spotify.com/track/62o8KoI44JfN7aYxgTnPvh
70,2018-11-01,71,Up,2002,Anne-Marie,1043459,https://i.scdn.co/image/ab67616d0000485138aae75dc37fb42457866ffd,https://open.spotify.com/track/2BgEsaKNfHUdlh97KmvFyo
71,2018-11-01,72,Up,Shape of You,Ed Sheeran,1042047,https://i.scdn.co/image/ab67616d00004851ba5db46f4b838ef6027e6f96,https://open.spotify.com/track/7qiZfU4dY1lWllzX7mPBI3
72,2018-11-01,73,Up,Sin Pijama,Becky G,1029358,https://i.scdn.co/image/ab67616d000048514661cf765439018ebb7e0009,https://open.spotify.com/track/2ijef6ni2amuunRoKTlgww
73,2018-11-01,74,Up,Psycho (feat. Ty Dolla $ign),Post Malone,1025006,https://i.scdn.co/image/4eeab79394ac6dd1d58132e9cecc5d6ba61b9ca1,https://open.spotify.com/track/3swc6WTsr7rl9DqQKQA55C
74,2018-11-01,75,Up,Leave Me Alone,Flipp Dinero,1020195,https://i.scdn.co/image/ab67616d0000485143db6f882b9d67079153c773,https://open.spotify.com/track/14mHfNsSHN0FbLftyjrV9g
75,2018-11-01,76,Down,Imposible,Luis Fonsi,1013670,https://i.scdn.co/image/b953b44a228eec445752bfdc924d4f5d9a754e4d,https://open.spotify.com/track/3ao3OVxHlb3C08vAaApUlm
76,2018-11-01,77,Down,Venom - Music From The Motion Picture,Eminem,1008503,https://i.scdn.co/image/fb9889df22f77e8e766ce88a43b81866e4ef0ea7,https://open.spotify.com/track/2SL6oP2YAEQbqsrkOzRGO4
77,2018-11-01,78,Up,Believer,Imagine Dragons,1007481,https://i.scdn.co/image/277e5a475257290567369ed7276dbf027d90c458,https://open.spotify.com/track/0pqnGHJpmpxLKifKRmU6WP
78,2018-11-01,79,Up,God is a woman,Ariana Grande,1005332,https://i.scdn.co/image/2014e80f61390c0bce3b9849416cf20757aae473,https://open.spotify.com/track/5OCJzvD7sykQEKHH7qAC3C
79,2018-11-01,80,Up,no tears left to cry,Ariana Grande,994050,https://i.scdn.co/image/2014e80f61390c0bce3b9849416cf20757aae473,https://open.spotify.com/track/2qT1uLXPVPzGgFOx4jtEuo
80,2018-11-01,81,Up,breathin,Ariana Grande,970517,https://i.scdn.co/image/2014e80f61390c0bce3b9849416cf20757aae473,https://open.spotify.com/track/4OafepJy2teCjYJbvFE60J
81,2018-11-01,82,Up,Fuck Love (feat. Trippie Redd),XXXTENTACION,970020,https://i.scdn.co/image/ab67616d00004851203c89bd4391468eea4cc3f5,https://open.spotify.com/track/7AQim7LbvFVZJE3O8TYgf2
82,2018-11-01,83,Up,Ya No Tiene Novio,Sebastian Yatra,968717,https://i.scdn.co/image/ccd5e7e2744fa76e9ffe68c3ada6d104d8e96dda,https://open.spotify.com/track/7uQmJ1jgNzBpATSoWKSPFu
83,2018-11-01,84,Up,There's No Way (feat. Julia Michaels),Lauv,934816,https://i.scdn.co/image/ab67616d00004851b67fed8dfcaac831401be9bf,https://open.spotify.com/track/2hnxrRNzF74mdDzpQZQukQ
84,2018-11-01,85,Up,Thunderclouds,Sia,934522,https://i.scdn.co/image/ab67616d00004851ceabde96ba4740b45d011040,https://open.spotify.com/track/5a8RPWgKSmcGBGcffmIrUi
85,2018-11-01,86,Up,Culpables,KAROL G,933848,https://i.scdn.co/image/ab67616d0000485111dbddd5ecd52e260b163d9b,https://open.spotify.com/track/6q8Lb50EtqNeeJXXe8mMAH
86,2018-11-01,87,Up,Happy Now,Kygo,933646,https://i.scdn.co/image/ab67616d0000485182c80d6ec5b001d9ae49564d,https://open.spotify.com/track/14sOS5L36385FJ3OL8hew4
87,2018-11-01,88,Up,Perfect,Ed Sheeran,929842,https://i.scdn.co/image/ab67616d00004851ba5db46f4b838ef6027e6f96,https://open.spotify.com/track/0tgVpDi06FyKpA1z0VMD4v
88,2018-11-01,89,Up,Jackie Chan,Tiësto,922585,https://i.scdn.co/image/e9e2398edb37fea2cd604cf6db3bf830fe9ae8e5,https://open.spotify.com/track/4kWO6O1BUXcZmaxitpVUwp
89,2018-11-01,90,Down,Havana (feat. Young Thug),Camila Cabello,920777,https://i.scdn.co/image/ab67616d000048516eb0b9e73adcf04e4ed3eca4,https://open.spotify.com/track/1rfofaqEpACxVEHIZBJe6W
90,2018-11-01,91,Up,IDGAF,Dua Lipa,897922,https://i.scdn.co/image/ab67616d000048516b915e407b70e121e06fe979,https://open.spotify.com/track/76cy1WJvNGJTj78UqeA5zr
91,2018-11-01,92,Up,Goodbye (feat. Nicki Minaj & Willy William),Jason Derulo,871752,https://i.scdn.co/image/ab67616d00004851af201c81e98ebb30c59b6afb,https://open.spotify.com/track/5Xn4IyTtW6FUGIUyWjbUHG
92,2018-11-01,93,Up,Ibiza,Ozuna,869069,https://i.scdn.co/image/ab67616d0000485166ab16a0f75d517304f18efd,https://open.spotify.com/track/1h9P5WJwyvK8OB7O2YiXgp
93,2018-11-01,94,Up,Thunder,Imagine Dragons,867236,https://i.scdn.co/image/277e5a475257290567369ed7276dbf027d90c458,https://open.spotify.com/track/1zB4vmk8tFRmM9UULNzbLB
94,2018-11-01,95,Down,Thriller,Michael Jackson,864496,https://i.scdn.co/image/ab67616d000048514121faee8df82c526cbab2be,https://open.spotify.com/track/3S2R0EVwBSAVMd5UMgKTL0
95,2018-11-01,96,Up,I Fall Apart,Post Malone,851612,https://i.scdn.co/image/23bae95100dcb6ac8f88c19fa2a11c50a998a926,https://open.spotify.com/track/75ZvA4QfFiZvzhj2xkaWAh
96,2018-11-01,97,Flat,Waste It On Me (feat. BTS),Steve Aoki,851529,https://i.scdn.co/image/38890b9135ef915a8b0da4243cc629ca01a3d887,https://open.spotify.com/track/2r1T6xGTVaNAqBoPH4lZEE
97,2018-11-01,98,Up,New Rules,Dua Lipa,848430,https://i.scdn.co/image/ab67616d000048514251686a69b5bf55599ec280,https://open.spotify.com/track/2xJCMIJfcNYDc5iR0sAm2O
98,2018-11-01,99,Up,Yes Indeed,Lil Baby,843694,https://i.scdn.co/image/f01d26851a2bcbe6c7d530404641cb39b16ba434,https://open.spotify.com/track/6vN77lE9LK6HP2DewaN6HZ
99,2018-11-01,100,Up,1999,Charli XCX,839938,https://i.scdn.co/image/ab67616d00004851e4e3899a0281f459fa8384ea,https://open.spotify.com/track/05mAIVLkIWc2d1UBYZBCp8
100,2018-11-01,101,Up,Say My Name,David Guetta,839443,https://i.scdn.co/image/ab67616d0000485167e400c9be79e6b0b0086880,https://open.spotify.com/track/0YammaEkYSeo9vQYZ1OwS6
101,2018-11-01,102,Down,STOOPID,6ix9ine,838416,https://i.scdn.co/image/ab67616d00004851562eb3df7ac2a7b871e25ab9,https://open.spotify.com/track/1jQvUmf16VE9WQCPuK2e8K
102,2018-11-01,103,Down,The Middle,Zedd,838036,https://i.scdn.co/image/0557d7b7e38ea3dba6c6ecca038bd33b7c69e60f,https://open.spotify.com/track/09IStsImFySgyp0pIQdqAc
103,2018-11-01,104,Flat,Back To You - From 13 Reasons Why – Season 2 Soundtrack,Selena Gomez,834426,https://i.scdn.co/image/2807fb7caa569df8137314265f74e0575acdb454,https://open.spotify.com/track/4hQ6UGyWQIGJmHSo0J88JW
104,2018-11-01,105,Flat,FRIENDS,Marshmello,833322,https://i.scdn.co/image/ab67616d00004851569f64493ca55cd96fdee412,https://open.spotify.com/track/08bNPGLD8AhKpnnERrAc6G
105,2018-11-01,106,Down,Happy Now,Zedd,830392,https://i.scdn.co/image/c19bedd710f42505b2ee120aa3bb97a07d99d00f,https://open.spotify.com/track/4keoy2fqgwGnbWlm3ZVZFa
106,2018-11-01,107,Up,Asesina,Brytiago,812407,https://i.scdn.co/image/ab67616d000048519a8580ce397111d7db10f5ea,https://open.spotify.com/track/56CvVCJYRQNWwM4vF4neCD
107,2018-11-01,108,Up,Trip,Ella Mai,810874,https://i.scdn.co/image/588817266b66d28a0adccb3b838053b4000a453d,https://open.spotify.com/track/6CTWathupIiDs7U4InHnDA
108,2018-11-01,109,Up,Toda - Remix,Alex Rose,786338,https://i.scdn.co/image/ab67616d000048518ce5ceacd5cef83d432d4053,https://open.spotify.com/track/7nD2JPaxIKUdxd2UWgnaGL
109,2018-11-01,110,Up,No Brainer,DJ Khaled,784502,https://i.scdn.co/image/ab67616d00004851675b26746823f1049dc39342,https://open.spotify.com/track/5WvAo7DNuPRmk4APhdPzi8
110,2018-11-01,111,Down,Celoso,Lele Pons,782322,https://i.scdn.co/image/ab67616d000048516765ce46c0ecce029a6c5ee0,https://open.spotify.com/track/33zcmmElV1YbRZe57biUjg
111,2018-11-01,112,Up,I Like Me Better,Lauv,770204,https://i.scdn.co/image/ab67616d000048515355919e31efac9b14c45c49,https://open.spotify.com/track/2P91MQbaiQOfbiz9VqhqKQ
112,2018-11-01,113,Up,Diamond Heart,Alan Walker,767393,https://i.scdn.co/image/ab67616d00004851a2c70cf84afd6c37d31c6fcb,https://open.spotify.com/track/4J4zx8xGJpuGndrVc06KaT
113,2018-11-01,114,Up,SLOW DANCING IN THE DARK,Joji,766787,https://i.scdn.co/image/ab67616d0000485160ba1d6104d0475c7555a6b2,https://open.spotify.com/track/0rKtyWc8bvkriBthvHKY8d
114,2018-11-01,115,Up,Everybody Dies In Their Nightmares,XXXTENTACION,765742,https://i.scdn.co/image/ab67616d00004851203c89bd4391468eea4cc3f5,https://open.spotify.com/track/3GVkPk8mqxz0itaAriG1L7
115,2018-11-01,116,Up,Praise The Lord (Da Shine) (feat. Skepta),A$AP Rocky,761657,https://i.scdn.co/image/ab67616d000048519feadc48ab0661e9b3a9170b,https://open.spotify.com/track/7ycWLEP1GsNjVvcjawXz3z
116,2018-11-01,117,Up,Saturday Nights,Khalid,758658,https://i.scdn.co/image/ab67616d0000485160624c0781fd787c9aa4699c,https://open.spotify.com/track/5kfNriitmkNE8mUbZ7gbq8
117,2018-11-01,118,Up,Mona Lisa (feat. Kendrick Lamar),Lil Wayne,757157,https://i.scdn.co/image/ffc0eee7473792086e63bd0c125e2be035d20850,https://open.spotify.com/track/0dbTQYW3Ad1FTzIA9t90E8
118,2018-11-01,119,Up,All Girls Are The Same,Juice WRLD,756974,https://i.scdn.co/image/ab67616d00004851466028b14d6d0023a862e50d,https://open.spotify.com/track/0XySogm94T51XF5F2jumXm
119,2018-11-01,120,Up,Clandestino,Shakira,756584,https://i.scdn.co/image/ab67616d0000485152fe61e8118f5a5eaf1f9ef9,https://open.spotify.com/track/7DrluKkTviBwCc8AV3VGmf
120,2018-11-01,121,Up,STARGAZING,Travis Scott,756438,https://i.scdn.co/image/ab67616d00004851072e9faef2ef7b6db63834a3,https://open.spotify.com/track/7wBJfHzpfI3032CSD7CE2m
121,2018-11-01,122,Up,New Patek,Lil Uzi Vert,755372,https://i.scdn.co/image/ab67616d00004851099a7b2bba7b013c1292eacf,https://open.spotify.com/track/0Fpen1PTuEnCmOJtUU9Iud
122,2018-11-01,123,Up,Too Good At Goodbyes,Sam Smith,754309,https://i.scdn.co/image/eb645ad7342e0f34817e16d9d4061c3b5e374d4c,https://open.spotify.com/track/1mXVgsBdtIVeCLJnSnmtdV
123,2018-11-01,124,Down,Closer,The Chainsmokers,753944,https://i.scdn.co/image/ab67616d00004851495ce6da9aeb159e94eaa453,https://open.spotify.com/track/7BKLCZ1jbUBVqRi2FVlTVw
124,2018-11-01,125,Up,Killshot,Eminem,752109,https://i.scdn.co/image/d6ad9856a528d9cdf60cfe5c6c5079d46cd35f82,https://open.spotify.com/track/1jo3TwNGCXfNdB5uba3ZVv
125,2018-11-01,126,Up,Topanga,Trippie Redd,751923,https://i.scdn.co/image/ab67616d00004851b7b9a7fac9244c7315e30f1b,https://open.spotify.com/track/3tcnWNjEXyXCbFR9zonrX2
126,2018-11-01,127,Up,Love Lies (with Normani),Khalid,748658,https://i.scdn.co/image/ab67616d00004851dd7eaf261543814a6d715d67,https://open.spotify.com/track/45Egmo7icyopuzJN0oMEdk
127,2018-11-01,128,Up,XO Tour Llif3,Lil Uzi Vert,746070,https://i.scdn.co/image/ab67616d0000485141b41e6f7924e530a9b00f9c,https://open.spotify.com/track/7GX5flRQZVHRAGd6B4TmDO
128,2018-11-01,129,Up,No Me Acuerdo,Thalía,741973,https://i.scdn.co/image/ab67616d0000485132704db02152ad74c0a795a9,https://open.spotify.com/track/00EPIEnX1JFjff8sC6bccd
129,2018-11-01,130,Down,I'm a Mess,Bebe Rexha,737154,https://i.scdn.co/image/ab67616d0000485161fe6d3a50c0beaa3cfe33e9,https://open.spotify.com/track/04ZTP5KsCypmtCmQg5tH9R
130,2018-11-01,131,Up,Say You Won't Let Go,James Arthur,737095,https://i.scdn.co/image/ab67616d0000485120beb61f61fcbeb33b10a9ab,https://open.spotify.com/track/5uCax9HTNlzGybIStD3vDh
131,2018-11-01,132,Up,Nice For What,Drake,731399,https://i.scdn.co/image/ed0e8b6ee4bcdb0565e99bdeb3465eabc8b25bb3,https://open.spotify.com/track/3CA9pLiwRIGtUBiMjbZmRw
132,2018-11-01,133,Up,Lean Wit Me,Juice WRLD,731115,https://i.scdn.co/image/ab67616d00004851466028b14d6d0023a862e50d,https://open.spotify.com/track/29tc0GbW0pTSBZSCZF3NWk
133,2018-11-01,134,Up,Another One Bites The Dust - Remastered 2011,Queen,724830,https://i.scdn.co/image/33fbdd8f6e56ce67943bc30a943f19b4497c4fda,https://open.spotify.com/track/5vdp5UmvTsnMEMESIF2Ym7
134,2018-11-01,135,Up,Look Alive (feat. Drake),BlocBoy JB,724506,https://i.scdn.co/image/ab67616d0000485155cad990bc1ce5808367fa0e,https://open.spotify.com/track/4qKcDkK6siZ7Jp1Jb4m0aL
135,2018-11-01,136,Up,Born To Be Yours,Kygo,722982,https://i.scdn.co/image/ab67616d00004851e23b87d15e45e90f3399d831,https://open.spotify.com/track/4M3FO0ji6Lc8vwD1sgf1nc
136,2018-11-01,137,Up,Congratulations,Post Malone,719994,https://i.scdn.co/image/23bae95100dcb6ac8f88c19fa2a11c50a998a926,https://open.spotify.com/track/3a1lNhkSLSkpJE4MSHpDu9
137,2018-11-01,138,Up,Consequences - orchestra,Camila Cabello,717658,https://i.scdn.co/image/ab67616d000048515066decc83a9299c66fb1705,https://open.spotify.com/track/1ArLnG0bHaHPXqf08sEKM0
138,2018-11-01,139,Up,Meant to Be (feat. Florida Georgia Line),Bebe Rexha,711615,https://i.scdn.co/image/ab67616d0000485161fe6d3a50c0beaa3cfe33e9,https://open.spotify.com/track/4e4fqjx0Izh4svvTef1z7e
139,2018-11-01,140,Down,PPP,Kevin Roldan,710521,https://i.scdn.co/image/ab67616d00004851c23c6e10b4a815f16f97f5f6,https://open.spotify.com/track/1DcxnVNFAyVl2sDQ646pXS
140,2018-11-01,141,Up,Ocean (feat. Khalid),Martin Garrix,702869,https://i.scdn.co/image/ab67616d00004851b800b91af812df0ce0dd2883,https://open.spotify.com/track/3nc420PXjTdBV5TN0gCFkS
141,2018-11-01,142,Up,REEL IT IN,Aminé,697705,https://i.scdn.co/image/ab67616d00004851a52fb68f00620e45ed7467c5,https://open.spotify.com/track/5qHirGR7M9tdm6C17DlzSY
142,2018-11-01,143,Up,Look At Me!,XXXTENTACION,692882,https://i.scdn.co/image/ab67616d000048515485ea186d6971e18fabcc2f,https://open.spotify.com/track/6eYxmK9fdL4hwLnXG2zY3s
143,2018-11-01,144,Up,"BIG BANK (feat. 2 Chainz, Big Sean, Nicki Minaj)",YG,685253,https://i.scdn.co/image/f07e6a4351ce6cd2209a3eda55da5adda4af9c23,https://open.spotify.com/track/0ZNrc4kNeQYD9koZ3KvCsy
144,2018-11-01,145,Up,Atrasadinha - Ao Vivo,Felipe Araújo,684304,https://i.scdn.co/image/ab67616d00004851e3b5e4ce16b6c7f089f8eda8,https://open.spotify.com/track/5EKHbW7mXcAR4hCyS3YXjb
145,2018-11-01,146,Down,What Lovers Do (feat. SZA),Maroon 5,683268,https://i.scdn.co/image/713dd96693d1706e93f98854598ef52db28090a6,https://open.spotify.com/track/0GxQ1A5L9xnMOytbP6eKBG
146,2018-11-01,147,Up,Don't Stop Me Now - Remastered,Queen,682470,https://i.scdn.co/image/2e7908e0d325192f565d68e0f562112a53ecf9c5,https://open.spotify.com/track/5T8EDUDqKcs6OSOwEsfqG7
147,2018-11-01,148,Down,Highway to Hell,AC/DC,681839,https://i.scdn.co/image/ab67616d00004851f0a9ea7f5b5f9a6c7bae097d,https://open.spotify.com/track/2zYzyRzz6pRmhPzyfMEC8s
148,2018-11-01,149,Up,Nevermind,Dennis Lloyd,669504,https://i.scdn.co/image/ab67616d000048514dbdd4d3c69bec0d471fc479,https://open.spotify.com/track/63SevszngYpZOwf63o61K4
149,2018-11-01,150,Up,Hipócrita,Anuel AA,665671,https://i.scdn.co/image/ab67616d000048518c042699ae65e840c0ccf683,https://open.spotify.com/track/6XBjCetHKdO5L9cwMDVffw
150,2018-11-01,151,Up,Lost In Japan - Remix,Shawn Mendes,662468,https://i.scdn.co/image/7a85e3053a3222d1f9a194697b2620c7abedafdb,https://open.spotify.com/track/575NJxNUVDqwJGdzBrlLbv
151,2018-11-01,152,Up,Está Rico,Marc Anthony,654859,https://i.scdn.co/image/ab67616d000048518080569f37bbe04f68301f23,https://open.spotify.com/track/2wRkBumdItthjYP9XknImg
152,2018-11-01,153,Up,Checklist (with Calvin Harris) (feat. WizKid),Normani,653950,https://i.scdn.co/image/ab67616d00004851d7e9e1303b4f4ac1b993059c,https://open.spotify.com/track/5xesHO6GLWTrjsKOjAXRmf
153,2018-11-01,154,Up,Happier,Ed Sheeran,649551,https://i.scdn.co/image/ab67616d00004851ba5db46f4b838ef6027e6f96,https://open.spotify.com/track/2RttW7RAu5nOAfq6YFvApB
154,2018-11-01,155,Up,Thinking out Loud,Ed Sheeran,646100,https://i.scdn.co/image/ab67616d00004851d08209944468440145f01524,https://open.spotify.com/track/1Slwb6dOYkBlWal1PGtnNg
155,2018-11-01,156,Up,YOSEMITE,Travis Scott,643992,https://i.scdn.co/image/ab67616d00004851072e9faef2ef7b6db63834a3,https://open.spotify.com/track/7lAK3oHbfEnvUQWosrMMpR
156,2018-11-01,157,Up,HUMBLE.,Kendrick Lamar,643212,https://i.scdn.co/image/ae1f239b41e9604a66eb900834c6887cd2f62ff1,https://open.spotify.com/track/7KXjTSCq5nL1LoYtL7XAwS
157,2018-11-01,158,Up,WORKIN ME,Quavo,641191,https://i.scdn.co/image/7479703f9af35d64ceccc90b618796d90d9c0564,https://open.spotify.com/track/4MAsYGSgxsaj73dC2lvFC4
158,2018-11-01,159,Up,X - Remix,Nicky Jam,640882,https://i.scdn.co/image/ab67616d0000485143ec4e5bf12be32fc0beaac2,https://open.spotify.com/track/6JjPBQfI2Y8nIjnm65X6Pw
159,2018-11-01,160,Up,I'm Yours,Jason Mraz,637705,https://i.scdn.co/image/ab67616d000048513f911caa42c2ef00253efb70,https://open.spotify.com/track/3S0OXQeoh0w6AY8WQVckRW
160,2018-11-01,161,Up,Young Dumb & Broke,Khalid,634594,https://i.scdn.co/image/ab67616d00004851988ede5e1276e758b5f9e577,https://open.spotify.com/track/5Z3GHaZ6ec9bsiI5BenrbY
161,2018-11-01,162,Up,These Days,Rudimental,633714,https://i.scdn.co/image/ab67616d00004851e9f49a29f00d42d7857794a5,https://open.spotify.com/track/5CLGzJsGqhCEECcpnFQA8x
162,2018-11-01,163,Down,Mine,Bazzi,631633,https://i.scdn.co/image/ab67616d00004851f9f2d43ff44bdfbe8c556f8d,https://open.spotify.com/track/7uzmGiiJyRfuViKKK3lVmR
163,2018-11-01,164,Down,Don't Leave Me Alone (feat. Anne-Marie),David Guetta,630155,https://i.scdn.co/image/ab67616d0000485167e400c9be79e6b0b0086880,https://open.spotify.com/track/2zy9TMoZlYGuCNY4TLqG24
164,2018-11-01,165,New,Under Pressure - Remastered,Queen,627966,https://i.scdn.co/image/20dc9c2f6b8d92be9445c18ad2d968bcf8bb64b0,https://open.spotify.com/track/2fuCquhmrzHpu5xcA1ci9x
165,2018-11-01,166,Up,goosebumps,Travis Scott,627930,https://i.scdn.co/image/ab67616d00004851f54b99bf27cda88f4a7403ce,https://open.spotify.com/track/6gBFPUFcJLzWGx4lenP6h2
166,2018-11-01,167,Up,idontwannabeyouanymore,Billie Eilish,626753,https://i.scdn.co/image/b62d826c38924bd9b3fc8ee86ca349e77b75311a,https://open.spotify.com/track/41zXlQxzTi6cGAjpOXyLYH
167,2018-11-01,168,Up,Photograph,Ed Sheeran,626129,https://i.scdn.co/image/ab67616d00004851d08209944468440145f01524,https://open.spotify.com/track/6fxVffaTuwjgEk5h9QyRjy
168,2018-11-01,169,Flat,I'll Never Love Again - Film Version - Radio Edit,Lady Gaga,625722,https://i.scdn.co/image/c3e58f0c35cd87a247468863e25ed47be3502c4d,https://open.spotify.com/track/3DKpA54hrFIdPN6AtL9HXa
169,2018-11-01,170,Down,Whenever (feat. Conor Maynard),Kris Kross Amsterdam,624411,https://i.scdn.co/image/ab67616d00004851fc627bc94f61cec8636ab084,https://open.spotify.com/track/3DGar7krWlmrXRFHBcQF6z
170,2018-11-01,171,Up,Wonderwall - Remastered,Oasis,620970,https://i.scdn.co/image/ab67616d0000485185e5dcc05cc216a10f141480,https://open.spotify.com/track/5qqabIl2vWzo9ApSC317sa
171,2018-11-01,172,Up,Ric Flair Drip (& Metro Boomin),Offset,618579,https://i.scdn.co/image/ab67616d000048510f206fe737d46f2f2d826d83,https://open.spotify.com/track/7sO5G9EABYOXQKNPNiE9NR
172,2018-11-01,173,Up,In My Blood,Shawn Mendes,615950,https://i.scdn.co/image/b68c52237ed6815023eb6e62ab93e380c04611a6,https://open.spotify.com/track/2QZ7WLBE8h2y1Y5Fb8RYbH
173,2018-11-01,174,Up,the remedy for a broken heart (why am I so in love),XXXTENTACION,612193,https://i.scdn.co/image/f0443f8ad743f6052c813c593f1ad0fc161965a2,https://open.spotify.com/track/4UKCKdYiLN6IMA5ZESUTL7
174,2018-11-01,175,Up,Africa,TOTO,609967,https://i.scdn.co/image/ab67616d00004851673d6a2831f72e48745ea80d,https://open.spotify.com/track/2374M0fQpWi3dLnB54qaLX
175,2018-11-01,176,Down,"Ghostbusters - from the Original Motion Picture ""Ghostbusters""","Ray Parker, Jr.",608251,https://i.scdn.co/image/ab67616d000048517f68fbf6a577d4f23a78535a,https://open.spotify.com/track/5PIB8aoUJoCRh1O5TEGdOj
176,2018-11-01,177,Up,Something Just Like This,The Chainsmokers,607754,https://i.scdn.co/image/ab67616d000048510c13d3d5a503c84fcc60ae94,https://open.spotify.com/track/6RUKPb4LETWmmr3iAEQktW
177,2018-11-01,178,Up,Silence,Marshmello,605782,https://i.scdn.co/image/ab67616d00004851f33ba583059dc2f7d08bf2b8,https://open.spotify.com/track/7vGuf3Y35N4wmASOKLUVVU
178,2018-11-01,179,Up,High On Life (feat. Bonn),Martin Garrix,600714,https://i.scdn.co/image/ab67616d00004851def05abd2a12cd19243e2b6d,https://open.spotify.com/track/4ut5G4rgB1ClpMTMfjoIuy
179,2018-11-01,180,Down,REMEDY,Alesso,600222,https://i.scdn.co/image/1806e3121e3f9135bba4ebadcdaa5d3eb87a0983,https://open.spotify.com/track/6jreFSOTUAViWjKyzOC4Kg
180,2018-11-01,181,Flat,Head Above Water,Avril Lavigne,598902,https://i.scdn.co/image/ab67616d00004851befa44187ce3e8106fc6b220,https://open.spotify.com/track/1N7YeVU0ZwAFbOhwM61ef6
181,2018-11-01,182,Down,Starboy,The Weeknd,595729,https://i.scdn.co/image/6aeaaebcbd861c8369b14366e8e0eca2fe96055d,https://open.spotify.com/track/7MXVkk9YMctZqd1Srtv4MB
182,2018-11-01,183,Up,Polaroid,Jonas Blue,594070,https://i.scdn.co/image/42fbea41cb3b658d602c626fa41f467b42ae72c1,https://open.spotify.com/track/1wsLHgXJ4SKIfd5ePSX1hD
183,2018-11-01,184,Down,Last Memory,Takeoff,591216,https://i.scdn.co/image/ab67616d000048516ce857ac9f63ca368bd9c96c,https://open.spotify.com/track/66XXCMX3Na7KNfm5e0tOVZ
184,2018-11-01,185,New,Darkside,Alan Walker,583539,https://i.scdn.co/image/ab67616d00004851e01e9da93772e7cb0ed657ce,https://open.spotify.com/track/1snWlbcbgQpJfknoI30DWG
185,2018-11-01,186,New,Uproar,Lil Wayne,579935,https://i.scdn.co/image/ffc0eee7473792086e63bd0c125e2be035d20850,https://open.spotify.com/track/3wScL5W8H40zzCKN0atfBk
186,2018-11-01,187,Up,SWISH,Tyga,578231,https://i.scdn.co/image/ab67616d0000485187ca061535e5b10a8fc49794,https://open.spotify.com/track/55GiOwtxNajXVbpjjIzMnD
187,2018-11-01,188,Up,Wolves,Selena Gomez,577714,https://i.scdn.co/image/1ce679cd121c3c627e66ccced1b6eb7ac71ad958,https://open.spotify.com/track/0tBbt8CrmxbjRP0pueQkyU
188,2018-11-01,189,Up,Flames,David Guetta,572312,https://i.scdn.co/image/ab67616d0000485167e400c9be79e6b0b0086880,https://open.spotify.com/track/66BjcDhhwWCcQIBxHMpKXh
189,2018-11-01,190,New,Hope,XXXTENTACION,570716,https://i.scdn.co/image/f0443f8ad743f6052c813c593f1ad0fc161965a2,https://open.spotify.com/track/2ZRo7axmMPeSVUvDbGkJah
190,2018-11-01,191,New,OTW,Khalid,569623,https://i.scdn.co/image/ab67616d000048519766f79668e76238a1c13e2c,https://open.spotify.com/track/6Hgh47WXVKtXN5zGOu0hjI
191,2018-11-01,192,Up,Mr. Brightside,The Killers,569565,https://i.scdn.co/image/7d778100d0160184d61981dc8aa666ee6fec0151,https://open.spotify.com/track/7oK9VyNzrYvRFo7nQEYkWN
192,2018-11-01,193,New,Call Out My Name,The Weeknd,569229,https://i.scdn.co/image/ab67616d00004851bb9b84cecfc41da3b8c7d74b,https://open.spotify.com/track/1gm616Plq4ScqNi7TVkZ5N
193,2018-11-01,194,Down,One Dance,Drake,564758,https://i.scdn.co/image/ec714b177b77eedd97bcc4979f9b93c761bacc75,https://open.spotify.com/track/1zi7xx7UVEFkmKfv06H8x0
194,2018-11-01,195,Up,Me Niego (feat. Ozuna & Wisin),Reik,563269,https://i.scdn.co/image/ab67616d00004851395857179e6679826a8fa497,https://open.spotify.com/track/6jA8JUuPCGYjFcgw0AoM5T
195,2018-11-01,196,Down,Hard Work Pays Off,Future,563041,https://i.scdn.co/image/ab67616d00004851644c510e8d4c02ae69028297,https://open.spotify.com/track/6gzIcEUuswJQGfJNPYMjjv
196,2018-11-01,197,Flat,La player (Bandolera),Zion & Lennox,562643,https://i.scdn.co/image/ab67616d00004851300e1b3b6b6904d84e76bb14,https://open.spotify.com/track/0VKkyBKCXyR99navhVRqcP
197,2018-11-01,198,New,Plug Walk,Rich The Kid,562398,https://i.scdn.co/image/bf35069146f8ffd5d7d17c1b2a2697ffbd505ed6,https://open.spotify.com/track/1ZAyjvIk9YiD76yYy0TEG6
198,2018-11-01,199,New,Let You Down,NF,561387,https://i.scdn.co/image/3d17b91a9147e836baabe7d36c534c4fdf9e99e3,https://open.spotify.com/track/52okn5MNA47tk87PeZJLEL
199,2018-11-01,200,New,The Ringer,Eminem,555004,https://i.scdn.co/image/fb9889df22f77e8e766ce88a43b81866e4ef0ea7,https://open.spotify.com/track/2jt2WxXMCD4zjACthkJQVE
