,Date,Position,Trend,Title,Artist,Streams,Icon_URL,Spotify_URL
0,2018-05-19,1,Flat,Better Now,Post Malone,4098496,https://i.scdn.co/image/4eeab79394ac6dd1d58132e9cecc5d6ba61b9ca1,https://open.spotify.com/track/7dt6x5M1jzdTEt8oCbisTK
1,2018-05-19,2,Up,One Kiss (with Dua Lipa),Calvin Harris,4038039,https://i.scdn.co/image/ab67616d00004851d09f96d82310d4d77c14c108,https://open.spotify.com/track/7ef4DlsgrMEH11cDZd32M6
2,2018-05-19,3,Down,This Is America,Childish Gambino,3880051,https://i.scdn.co/image/ab67616d000048513504664c17b7b99a3cb7d116,https://open.spotify.com/track/0b9oOr2ZgvyQu88wzixux9
3,2018-05-19,4,Flat,Nice For What,Drake,3812035,https://i.scdn.co/image/ab67616d00004851648ee7f5b11d8703447e372f,https://open.spotify.com/track/1cTZMwcBJT0Ka3UJPXOeeN
4,2018-05-19,5,Flat,God's Plan,Drake,3522967,https://i.scdn.co/image/ab67616d000048515e8f046078b784e6f8502008,https://open.spotify.com/track/2XW4DbS6NddZxRPm5rMCeY
5,2018-05-19,6,Flat,no tears left to cry,Ariana Grande,3098853,https://i.scdn.co/image/ab67616d0000485165d28ba9f50b2eba46ffc55c,https://open.spotify.com/track/5SxkdsY1ufZzoq9iXceLw9
6,2018-05-19,7,Up,X,Nicky Jam,3040908,https://i.scdn.co/image/ab67616d0000485126ddcc42228a649e5fbe4350,https://open.spotify.com/track/39N9RPD9MRb5WmoLzNzPeA
7,2018-05-19,8,Down,Psycho (feat. Ty Dolla $ign),Post Malone,2934258,https://i.scdn.co/image/4eeab79394ac6dd1d58132e9cecc5d6ba61b9ca1,https://open.spotify.com/track/3swc6WTsr7rl9DqQKQA55C
8,2018-05-19,9,Up,Te Boté - Remix,Nio Garcia,2876669,https://i.scdn.co/image/ab67616d00004851a5779a2f04a513fac2fd1d15,https://open.spotify.com/track/3V8UKqhEK5zBkBb6d6ub8i
9,2018-05-19,10,Down,FRIENDS,Marshmello,2804272,https://i.scdn.co/image/ab67616d00004851569f64493ca55cd96fdee412,https://open.spotify.com/track/08bNPGLD8AhKpnnERrAc6G
10,2018-05-19,11,Down,I Like It,Cardi B,2709835,https://i.scdn.co/image/ab67616d00004851a0caffda54afd0a65995bbab,https://open.spotify.com/track/58q2HKrzhC3ozto2nDdN4z
11,2018-05-19,12,Up,rockstar (feat. 21 Savage),Post Malone,2311530,https://i.scdn.co/image/4eeab79394ac6dd1d58132e9cecc5d6ba61b9ca1,https://open.spotify.com/track/0e7ipj03S05BNilyu5bRzt
12,2018-05-19,13,Up,The Middle,Zedd,2248245,https://i.scdn.co/image/ab67616d00004851247b73f96ede946a7fa0af12,https://open.spotify.com/track/2ARqIya5NAuvFVHSN3bL0m
13,2018-05-19,14,Up,FAKE LOVE,BTS,2247037,https://i.scdn.co/image/ab67616d0000485121108e396b83d171cc5c2692,https://open.spotify.com/track/3aW0ds4A4tSQDIp75FqWTo
14,2018-05-19,15,Flat,Freaky Friday (feat. Chris Brown),Lil Dicky,2147540,https://i.scdn.co/image/ab67616d00004851f1115552efd25fa498ec923a,https://open.spotify.com/track/10Igtw8bSDyyFs7KIsKngZ
15,2018-05-19,16,Down,Yes Indeed,Lil Baby,2113423,https://i.scdn.co/image/f01d26851a2bcbe6c7d530404641cb39b16ba434,https://open.spotify.com/track/6vN77lE9LK6HP2DewaN6HZ
16,2018-05-19,17,Down,Love Lies (with Normani),Khalid,2027848,https://i.scdn.co/image/ab67616d00004851dd7eaf261543814a6d715d67,https://open.spotify.com/track/45Egmo7icyopuzJN0oMEdk
17,2018-05-19,18,Flat,Look Alive (feat. Drake),BlocBoy JB,1981166,https://i.scdn.co/image/ab67616d0000485155cad990bc1ce5808367fa0e,https://open.spotify.com/track/4qKcDkK6siZ7Jp1Jb4m0aL
18,2018-05-19,19,Flat,Back To You,Selena Gomez,1951482,https://i.scdn.co/image/ef44ad12b8210abac74b82ffabfeb3e02453efc9,https://open.spotify.com/track/514rhnksEwHUh6LxXsQ4Y9
19,2018-05-19,20,Flat,Nevermind,Dennis Lloyd,1927462,https://i.scdn.co/image/ab67616d000048514dbdd4d3c69bec0d471fc479,https://open.spotify.com/track/63SevszngYpZOwf63o61K4
20,2018-05-19,21,Up,These Days,Rudimental,1854965,https://i.scdn.co/image/ab67616d00004851e9f49a29f00d42d7857794a5,https://open.spotify.com/track/5CLGzJsGqhCEECcpnFQA8x
21,2018-05-19,22,Flat,IDGAF,Dua Lipa,1850005,https://i.scdn.co/image/ab67616d000048516b915e407b70e121e06fe979,https://open.spotify.com/track/76cy1WJvNGJTj78UqeA5zr
22,2018-05-19,23,Up,Flames,David Guetta,1800640,https://i.scdn.co/image/ab67616d00004851d0e5bf44bdbe8a824e921eae,https://open.spotify.com/track/33IOhptvC2Qoy2UhjiHXLV
23,2018-05-19,24,Down,Call Out My Name,The Weeknd,1799671,https://i.scdn.co/image/ab67616d00004851bb9b84cecfc41da3b8c7d74b,https://open.spotify.com/track/1gm616Plq4ScqNi7TVkZ5N
24,2018-05-19,25,Up,Me Niego (feat. Ozuna & Wisin),Reik,1738091,https://i.scdn.co/image/ab67616d00004851395857179e6679826a8fa497,https://open.spotify.com/track/6jA8JUuPCGYjFcgw0AoM5T
25,2018-05-19,26,Down,Paranoid,Post Malone,1711593,https://i.scdn.co/image/4eeab79394ac6dd1d58132e9cecc5d6ba61b9ca1,https://open.spotify.com/track/3fpVWegR6YOS1Yk5HSMYIq
26,2018-05-19,27,Up,Playinwitme (feat. Kehlani),KYLE,1587622,https://i.scdn.co/image/ab67616d000048519c0037956ad7914bb2be4961,https://open.spotify.com/track/4F1yvJfQ7gJkrcgFJQDjOr
27,2018-05-19,28,Flat,Remind Me to Forget,Kygo,1563220,https://i.scdn.co/image/ab67616d00004851238d888f4282893ed8f83f2a,https://open.spotify.com/track/6xTU6B6nFwKKTSZ9ySXS80
28,2018-05-19,29,Down,OTW,Khalid,1560188,https://i.scdn.co/image/ab67616d000048519766f79668e76238a1c13e2c,https://open.spotify.com/track/6Hgh47WXVKtXN5zGOu0hjI
29,2018-05-19,30,Flat,Youngblood,5 Seconds of Summer,1555963,https://i.scdn.co/image/ab67616d00004851240353172d4b7f2feb8a3e2c,https://open.spotify.com/track/55S2PQgSMYAhgoTCcGCDfw
30,2018-05-19,31,Down,In My Blood,Shawn Mendes,1543501,https://i.scdn.co/image/ab67616d0000485188da297b53e5785d8ae195ab,https://open.spotify.com/track/79jX8RM5CgPqDKdGEKNW9K
31,2018-05-19,32,Up,Walk It Talk It,Migos,1534769,https://i.scdn.co/image/36f1a1c6bddf8a4c0b9e6c7612a9b25048904344,https://open.spotify.com/track/6n4U3TlzUGhdSFbUUhTvLP
32,2018-05-19,33,Flat,SAD!,XXXTENTACION,1523145,https://i.scdn.co/image/f0443f8ad743f6052c813c593f1ad0fc161965a2,https://open.spotify.com/track/3ee8Jmje8o58CHK66QrVC2
33,2018-05-19,34,Down,Meant to Be (feat. Florida Georgia Line),Bebe Rexha,1487192,https://i.scdn.co/image/ab67616d000048511ba5682505dd6e2592b16e41,https://open.spotify.com/track/7iDa6hUg2VgEL1o1HjmfBn
34,2018-05-19,35,Up,Havana (feat. Young Thug),Camila Cabello,1473235,https://i.scdn.co/image/ab67616d000048516eb0b9e73adcf04e4ed3eca4,https://open.spotify.com/track/1rfofaqEpACxVEHIZBJe6W
35,2018-05-19,36,Down,Ball For Me (feat. Nicki Minaj),Post Malone,1452822,https://i.scdn.co/image/4eeab79394ac6dd1d58132e9cecc5d6ba61b9ca1,https://open.spotify.com/track/6IaieqiCVvsNvEt6Y7yOFa
36,2018-05-19,37,Up,"1, 2, 3 (feat. Jason Derulo & De La Ghetto)",Sofia Reyes,1413985,https://i.scdn.co/image/ab67616d00004851775d1e288c04237d896e8357,https://open.spotify.com/track/4QtiVmuA88tPQiCOHZuQ5b
37,2018-05-19,38,Down,All The Stars (with SZA),Kendrick Lamar,1398083,https://i.scdn.co/image/28e755c12683e1038efd53a902601e7f7ed4dbc5,https://open.spotify.com/track/3GCdLUSnKSMJhs4Tj6CV3s
38,2018-05-19,39,Up,Mine,Bazzi,1387713,https://i.scdn.co/image/ab67616d00004851f9f2d43ff44bdfbe8c556f8d,https://open.spotify.com/track/7uzmGiiJyRfuViKKK3lVmR
39,2018-05-19,40,Down,Youth (feat. Khalid),Shawn Mendes,1344963,https://i.scdn.co/image/ab67616d00004851d8906e2b4b8918d36ebec5c9,https://open.spotify.com/track/3Wf2YGdYT8xVdNsQSoRKk9
40,2018-05-19,41,Up,Shape of You,Ed Sheeran,1342589,https://i.scdn.co/image/ab67616d00004851ba5db46f4b838ef6027e6f96,https://open.spotify.com/track/7qiZfU4dY1lWllzX7mPBI3
41,2018-05-19,42,Up,Plug Walk,Rich The Kid,1338337,https://i.scdn.co/image/ab67616d000048513b6640e727df86d20ddac316,https://open.spotify.com/track/6mAz8D1TmlTuef90dbNIiZ
42,2018-05-19,43,Up,Like I Do,David Guetta,1297533,https://i.scdn.co/image/ab67616d00004851734eb0ed1bd80aeed903f30b,https://open.spotify.com/track/6RnkFd8Fqqgk1Uni8RgqCQ
43,2018-05-19,44,Up,2002,Anne-Marie,1296862,https://i.scdn.co/image/ab67616d00004851974b572687bbda042782dd46,https://open.spotify.com/track/6SFStUDQZNaGPKWOx9ZiJB
44,2018-05-19,45,Down,Stay,Post Malone,1284370,https://i.scdn.co/image/4eeab79394ac6dd1d58132e9cecc5d6ba61b9ca1,https://open.spotify.com/track/4H7WNRErSbONkM06blBoGc
45,2018-05-19,46,Down,Spoil My Night (feat. Swae Lee),Post Malone,1281569,https://i.scdn.co/image/4eeab79394ac6dd1d58132e9cecc5d6ba61b9ca1,https://open.spotify.com/track/5VuxWXbt7XENQCtE9TzpTv
46,2018-05-19,47,Up,Dura,Daddy Yankee,1254608,https://i.scdn.co/image/ab67616d00004851407475cb28e657ec856dcbaf,https://open.spotify.com/track/2j2fIJGh4PMdXt9ULI5Tlc
47,2018-05-19,48,Up,Dura - Remix,Daddy Yankee,1254156,https://i.scdn.co/image/00b63963f46b69359a4df39ec016a6fe78e46715,https://open.spotify.com/track/6U2NuJILEOEpW2tVCuqKHb
48,2018-05-19,49,Up,Sin Pijama,Becky G,1249199,https://i.scdn.co/image/ab67616d000048514661cf765439018ebb7e0009,https://open.spotify.com/track/2ijef6ni2amuunRoKTlgww
49,2018-05-19,50,Down,Solo (feat. Demi Lovato),Clean Bandit,1237999,https://i.scdn.co/image/ab67616d0000485167eda217860e86c43481a5cb,https://open.spotify.com/track/6kPJZM97LwdG9QIsT7khp6
50,2018-05-19,51,Down,The Truth Untold,BTS,1228674,https://i.scdn.co/image/ab67616d0000485121108e396b83d171cc5c2692,https://open.spotify.com/track/48XfojJC87VKLlUotYV0Gm
51,2018-05-19,52,Down,New Rules,Dua Lipa,1221780,https://i.scdn.co/image/ab67616d000048516b915e407b70e121e06fe979,https://open.spotify.com/track/2ekn2ttSfGqwhhate0LSR0
52,2018-05-19,53,Up,El Préstamo,Maluma,1185069,https://i.scdn.co/image/ab67616d000048519fa9c0acaf11becc12d22300,https://open.spotify.com/track/2XVilv6s9GETnw9PG4T9Mz
53,2018-05-19,54,Up,Síguelo Bailando,Ozuna,1184322,https://i.scdn.co/image/ab67616d00004851b0a875d7f1bfe4ec4aaffa48,https://open.spotify.com/track/5Y9fnynLlIvqtM710MHzfz
54,2018-05-19,55,Down,Rich & Sad,Post Malone,1175191,https://i.scdn.co/image/4eeab79394ac6dd1d58132e9cecc5d6ba61b9ca1,https://open.spotify.com/track/2VdT56BGpdqNHUgOe1j5vc
55,2018-05-19,56,Up,Powerglide (feat. Juicy J) - From SR3MM,Rae Sremmurd,1133094,https://i.scdn.co/image/ab67616d00004851ba9015f4504a9dfd7560bfa9,https://open.spotify.com/track/1BuZAIO8WZpavWVbbq3Lci
56,2018-05-19,57,Flat,Ric Flair Drip (& Metro Boomin),Offset,1118157,https://i.scdn.co/image/ab67616d000048510f206fe737d46f2f2d826d83,https://open.spotify.com/track/7sO5G9EABYOXQKNPNiE9NR
57,2018-05-19,58,Down,Sangria Wine,Pharrell Williams,1110126,https://i.scdn.co/image/ab67616d00004851196e08cbc1048e8165361672,https://open.spotify.com/track/6XlSyYFTU1nodeWwwzVgTV
58,2018-05-19,59,Up,Échame La Culpa,Luis Fonsi,1107694,https://i.scdn.co/image/ab67616d000048510ac9a58447dfccc5127248e0,https://open.spotify.com/track/1zsG4eaZmkA1dvjDDsAGLK
59,2018-05-19,60,Up,La player (Bandolera),Zion & Lennox,1102334,https://i.scdn.co/image/ab67616d00004851300e1b3b6b6904d84e76bb14,https://open.spotify.com/track/0VKkyBKCXyR99navhVRqcP
60,2018-05-19,61,Down,Candy Paint,Post Malone,1102146,https://i.scdn.co/image/4eeab79394ac6dd1d58132e9cecc5d6ba61b9ca1,https://open.spotify.com/track/32lItqlMi4LBhb4k0BaSaC
61,2018-05-19,62,Down,Watch (feat. Lil Uzi Vert & Kanye West),Travis Scott,1084584,https://i.scdn.co/image/ab67616d00004851ed71124ea2ab3ddc260eb1b6,https://open.spotify.com/track/3DoBTwfr8yi2LN08SBpFkN
62,2018-05-19,63,Down,KOD,J. Cole,1068730,https://i.scdn.co/image/bd919c9fa18e0214f9d16d0e65fa453ce6c60a0c,https://open.spotify.com/track/7yotKA30dwTKNEGomV9ZsI
63,2018-05-19,64,Up,Perfect,Ed Sheeran,1043984,https://i.scdn.co/image/ab67616d00004851ba5db46f4b838ef6027e6f96,https://open.spotify.com/track/0tgVpDi06FyKpA1z0VMD4v
64,2018-05-19,65,Down,Airplane pt.2,BTS,1026972,https://i.scdn.co/image/ab67616d0000485121108e396b83d171cc5c2692,https://open.spotify.com/track/1trFxVLL8WKhYap543e74l
65,2018-05-19,66,Up,Mad Love,Sean Paul,1020727,https://i.scdn.co/image/c7a68b10f61696b28fdf8219a92eb634a820400e,https://open.spotify.com/track/3soOPBuMK8YMdWnV7xpEyf
66,2018-05-19,67,Up,Familiar,Liam Payne,1008920,https://i.scdn.co/image/ab67616d0000485128cb3d8716e3716c395fec77,https://open.spotify.com/track/0Y4hwUppbGc8aIBmiTz30A
67,2018-05-19,68,Down,JAPAN,Famous Dex,1008812,https://i.scdn.co/image/ab67616d0000485124ef7429ba82789623ae8b14,https://open.spotify.com/track/5PTG6rrL6EPFD9E2QMI2pl
68,2018-05-19,69,Up,Lucid Dreams,Juice WRLD,1004459,https://i.scdn.co/image/ab67616d000048515eb0085f2770818792c3c970,https://open.spotify.com/track/32iYwQ4OYiurnGnOfJ1aEh
69,2018-05-19,70,Up,Déjala que vuelva (feat. Manuel Turizo),Piso 21,1001856,https://i.scdn.co/image/ab67616d000048518cf2d98b8cee7a46488a3c25,https://open.spotify.com/track/1j6xOGusnyXq3l6IryKF3G
70,2018-05-19,71,Up,Wake Me Up - Radio Edit,Avicii,979329,https://i.scdn.co/image/ab67616d00004851d20bacc84d203cc330a5df75,https://open.spotify.com/track/6g1NlCpW7fgqDnWbCCDrHl
71,2018-05-19,72,Up,Somebody,The Chainsmokers,977231,https://i.scdn.co/image/ab67616d000048519c270aec6b6b968a762b3603,https://open.spotify.com/track/3pWcj8hxj3fsb9TDAcMpEl
72,2018-05-19,73,Down,I Fall Apart,Post Malone,968897,https://i.scdn.co/image/23bae95100dcb6ac8f88c19fa2a11c50a998a926,https://open.spotify.com/track/75ZvA4QfFiZvzhj2xkaWAh
73,2018-05-19,74,Up,Criminal,Natti Natasha,959620,https://i.scdn.co/image/ab67616d000048515f3f4af0d3e662247a7d8cff,https://open.spotify.com/track/6Za3190Sbw39BBC77WSS1C
74,2018-05-19,75,Down,Over Now,Post Malone,954399,https://i.scdn.co/image/4eeab79394ac6dd1d58132e9cecc5d6ba61b9ca1,https://open.spotify.com/track/09IOPhEh1OMe0HD9b36FJk
75,2018-05-19,76,Up,Bella - Remix,Wolfine,946296,https://i.scdn.co/image/ab67616d000048513eeda507c84ffc5066e5cae4,https://open.spotify.com/track/0SaYeGhSXN0dDWstyNTQ56
76,2018-05-19,77,Up,Thunder,Imagine Dragons,929982,https://i.scdn.co/image/ab67616d00004851ee138477bb382419f3f165c5,https://open.spotify.com/track/26gceVsA1ybT8qsX3aYLEn
77,2018-05-19,78,Up,Believer,Imagine Dragons,929469,https://i.scdn.co/image/ab67616d00004851ee138477bb382419f3f165c5,https://open.spotify.com/track/7Izh7zLJGw1Nscd62Exxj4
78,2018-05-19,79,Up,Madura (feat. Bad Bunny),Cosculluela,920870,https://i.scdn.co/image/ab67616d000048518224652a5fd5d3c207e41e11,https://open.spotify.com/track/0r9d60ZYPAlFHq8qnUtkXN
79,2018-05-19,80,Up,Te Amo,Piso 21,920622,https://i.scdn.co/image/ab67616d00004851bc80625f6bd474fa01f8bd5e,https://open.spotify.com/track/2RVrdr062uLFxXwIxwdXPH
80,2018-05-19,81,Down,Paradise,BTS,918254,https://i.scdn.co/image/ab67616d0000485121108e396b83d171cc5c2692,https://open.spotify.com/track/01dmH2IPkrLNWIMPNXlreE
81,2018-05-19,82,Down,Anpanman,BTS,916321,https://i.scdn.co/image/ab67616d0000485121108e396b83d171cc5c2692,https://open.spotify.com/track/4lRwa7PKcGIuJMwtPIYKdy
82,2018-05-19,83,Up,lovely (with Khalid),Billie Eilish,914680,https://i.scdn.co/image/9d95ac9d573809e324fff0bedba2fe207770be69,https://open.spotify.com/track/0u2P5u6lvoDfwTYjAADbn4
83,2018-05-19,84,Up,XO Tour Llif3,Lil Uzi Vert,913657,https://i.scdn.co/image/ab67616d0000485141b41e6f7924e530a9b00f9c,https://open.spotify.com/track/7GX5flRQZVHRAGd6B4TmDO
84,2018-05-19,85,Up,Corazón (feat. Nego do Borel),Maluma,911860,https://i.scdn.co/image/ab67616d000048519fa9c0acaf11becc12d22300,https://open.spotify.com/track/5cepAtqnEQ6yVG6088zMMu
85,2018-05-19,86,Down,134340,BTS,907700,https://i.scdn.co/image/ab67616d0000485121108e396b83d171cc5c2692,https://open.spotify.com/track/38td8VabuKlQt72Q2VnhbO
86,2018-05-19,87,Down,"Girls (feat. Cardi B, Bebe Rexha & Charli XCX)",Rita Ora,894887,https://i.scdn.co/image/ab67616d00004851a56e99e83f32f654004e8d2a,https://open.spotify.com/track/1YNQscOx6OqBQjxgJVhEeW
87,2018-05-19,88,Down,Love Maze,BTS,893335,https://i.scdn.co/image/ab67616d0000485121108e396b83d171cc5c2692,https://open.spotify.com/track/645YBsxhFPSOKxGep3uHLv
88,2018-05-19,89,Down,Let Me,ZAYN,888911,https://i.scdn.co/image/ab67616d00004851adeff3f0456c183a0e88edec,https://open.spotify.com/track/7Fg342AJtNsIDdwCfX0paC
89,2018-05-19,90,Down,Magic Shop,BTS,887899,https://i.scdn.co/image/ab67616d0000485121108e396b83d171cc5c2692,https://open.spotify.com/track/22ryCgQttpV7oCrn7llGRu
90,2018-05-19,91,Up,Dembow,Danny Ocean,879781,https://i.scdn.co/image/ab67616d00004851418acc3f747c7a42f91c72c6,https://open.spotify.com/track/2EzRdhuoPyNJDlep7lnNf2
91,2018-05-19,92,Up,Done for Me,Charlie Puth,876782,https://i.scdn.co/image/ab67616d00004851897f73256b9128a9d70eaf66,https://open.spotify.com/track/1lsBTdE6MGsKeZCD6llNu7
92,2018-05-19,93,Up,Say Something,Justin Timberlake,863797,https://i.scdn.co/image/ab67616d000048514626ff0fee963da605f6aa06,https://open.spotify.com/track/1LhMopPAallLeaeNutqbgS
93,2018-05-19,94,Down,Zack And Codeine,Post Malone,862479,https://i.scdn.co/image/4eeab79394ac6dd1d58132e9cecc5d6ba61b9ca1,https://open.spotify.com/track/5lZZmityu9TAjNvSY6GLhR
94,2018-05-19,95,Down,92 Explorer,Post Malone,855886,https://i.scdn.co/image/4eeab79394ac6dd1d58132e9cecc5d6ba61b9ca1,https://open.spotify.com/track/1D2L6MefbXon28PzIk9I3r
95,2018-05-19,96,Up,Por Perro,Sebastian Yatra,855180,https://i.scdn.co/image/ab67616d00004851a04e5df68ea4c891a4252c7e,https://open.spotify.com/track/2alIsNw1mqEShbWyO1HXZZ
96,2018-05-19,97,Up,Intro: Singularity,BTS,854185,https://i.scdn.co/image/ab67616d0000485121108e396b83d171cc5c2692,https://open.spotify.com/track/6ePyl2ns4b7MVYhjsj32ZK
97,2018-05-19,98,Flat,Wolves,Selena Gomez,848624,https://i.scdn.co/image/ab67616d0000485110368f28dac3b838770f985c,https://open.spotify.com/track/7EmGUiUaOSGDnUUQUDrOXC
98,2018-05-19,99,Down,Same Bitches (feat. G-Eazy & YG),Post Malone,848415,https://i.scdn.co/image/4eeab79394ac6dd1d58132e9cecc5d6ba61b9ca1,https://open.spotify.com/track/688QpQAwqsLdBR6lr13wK1
99,2018-05-19,100,Up,Never Be the Same,Camila Cabello,832788,https://i.scdn.co/image/ab67616d000048516eb0b9e73adcf04e4ed3eca4,https://open.spotify.com/track/4eWQlBRaTjPPUlzacqEeoQ
100,2018-05-19,101,Down,So What,BTS,827767,https://i.scdn.co/image/ab67616d0000485121108e396b83d171cc5c2692,https://open.spotify.com/track/4CvId64YZSB0RfRdfzPIQU
101,2018-05-19,102,Up,Feel It Still,Portugal. The Man,824911,https://i.scdn.co/image/ab67616d00004851af52c228c9619ff6298b08cd,https://open.spotify.com/track/6QgjcU0zLnzq5OrUoSZ3OK
102,2018-05-19,103,Down,I Wanna Know (feat. Bea Miller),NOTD,817755,https://i.scdn.co/image/ab67616d00004851aba940d3db8ff59443876bc4,https://open.spotify.com/track/18W92Zm1KjLCbUIszOhpkD
103,2018-05-19,104,Up,Esskeetit,Lil Pump,812561,https://i.scdn.co/image/ab67616d00004851ba96802a5cc38a5be31892c3,https://open.spotify.com/track/44KKhCyI0BGS6LvVyDqJtH
104,2018-05-19,105,Up,1950,King Princess,811371,https://i.scdn.co/image/ab67616d00004851580625d3d07c5b16238c2e69,https://open.spotify.com/track/0CZ8lquoTX2Dkg7Ak2inwA
105,2018-05-19,106,Down,Without You (feat. Sandro Cavazza),Avicii,810334,https://i.scdn.co/image/ab67616d0000485130800bfbfff51ddb031d9bd7,https://open.spotify.com/track/6WbADFqMvR8N5u0BvtsWQE
106,2018-05-19,107,Up,Bella,Wolfine,807410,https://i.scdn.co/image/ab67616d0000485100f3f20aca8bce07b5e68af8,https://open.spotify.com/track/3xcCix7Jv1Rp90YVmgo35D
107,2018-05-19,108,Up,HUMBLE.,Kendrick Lamar,797062,https://i.scdn.co/image/ae1f239b41e9604a66eb900834c6887cd2f62ff1,https://open.spotify.com/track/7KXjTSCq5nL1LoYtL7XAwS
108,2018-05-19,109,Down,Takin' Shots,Post Malone,796036,https://i.scdn.co/image/4eeab79394ac6dd1d58132e9cecc5d6ba61b9ca1,https://open.spotify.com/track/5ffntNJnJOeFv7b7DCd0Bw
109,2018-05-19,110,Up,Congratulations,Post Malone,792512,https://i.scdn.co/image/23bae95100dcb6ac8f88c19fa2a11c50a998a926,https://open.spotify.com/track/3a1lNhkSLSkpJE4MSHpDu9
110,2018-05-19,111,Up,Amorfoda,Bad Bunny,782772,https://i.scdn.co/image/ab67616d00004851ffde74831eadc3cdccc02188,https://open.spotify.com/track/3ITvHA9zhZZdBJsOsAUegF
111,2018-05-19,112,Up,Downtown,Anitta,781108,https://i.scdn.co/image/ab67616d000048518c6b830c36c7b4ac43c3cee8,https://open.spotify.com/track/3Ga6eKrUFf12ouh9Yw3v2D
112,2018-05-19,113,Up,Finesse - Remix; feat. Cardi B,Bruno Mars,774934,https://i.scdn.co/image/ab67616d0000485147e522adf030a78615cdea06,https://open.spotify.com/track/3Vo4wInECJQuz9BIBMOu8i
113,2018-05-19,114,Down,"King's Dead (with Kendrick Lamar, Future & James Blake)",Jay Rock,771821,https://i.scdn.co/image/ab67616d00004851c3de572921cabde540d4880a,https://open.spotify.com/track/51rXHuKN8Loc4sUlKPODgH
114,2018-05-19,115,Up,Happier,Ed Sheeran,770999,https://i.scdn.co/image/ab67616d00004851ba5db46f4b838ef6027e6f96,https://open.spotify.com/track/2RttW7RAu5nOAfq6YFvApB
115,2018-05-19,116,Down,Shoota (feat. Lil Uzi Vert),Playboi Carti,767694,https://i.scdn.co/image/e47516f210ed9404634f7e8055775973b3f75dd6,https://open.spotify.com/track/2BJSMvOGABRxokHKB0OI8i
116,2018-05-19,117,Up,Too Good At Goodbyes,Sam Smith,757911,https://i.scdn.co/image/eb645ad7342e0f34817e16d9d4061c3b5e374d4c,https://open.spotify.com/track/1mXVgsBdtIVeCLJnSnmtdV
117,2018-05-19,118,Up,Silence,Marshmello,755227,https://i.scdn.co/image/ab67616d00004851f33ba583059dc2f7d08bf2b8,https://open.spotify.com/track/7vGuf3Y35N4wmASOKLUVVU
118,2018-05-19,119,Down,Pray For Me (with Kendrick Lamar),The Weeknd,752132,https://i.scdn.co/image/ab67616d000048518ac2a58fbcab6a775e790b15,https://open.spotify.com/track/4ofvoCdXq99vpMZO4Cfp8x
119,2018-05-19,120,Up,Moonlight,XXXTENTACION,747325,https://i.scdn.co/image/f0443f8ad743f6052c813c593f1ad0fc161965a2,https://open.spotify.com/track/0JP9xo3adEtGSdUEISiszL
120,2018-05-19,121,Up,Sensualidad,Bad Bunny,745804,https://i.scdn.co/image/ab67616d00004851c0ca1263b2966ddff794d3bb,https://open.spotify.com/track/5hcisvFMidkMJlElTO9Qmw
121,2018-05-19,122,Down,Delicate,Taylor Swift,742392,https://i.scdn.co/image/c2e6423b9624845f6dd57aef8ce00fa53aedcef7,https://open.spotify.com/track/6NFyWDv5CjfwuzoCkw47Xf
122,2018-05-19,123,Flat,Chun-Li,Nicki Minaj,741072,https://i.scdn.co/image/ab67616d00004851a942539d8ac2bcf84f82d94d,https://open.spotify.com/track/2gTYVoQCUh0QNUaFix01ld
123,2018-05-19,124,Up,Jocelyn Flores,XXXTENTACION,735834,https://i.scdn.co/image/ab67616d00004851203c89bd4391468eea4cc3f5,https://open.spotify.com/track/7m9OqQk4RVRkw9JJdeAw96
124,2018-05-19,125,Up,Be Careful,Cardi B,727161,https://i.scdn.co/image/ab67616d00004851a0caffda54afd0a65995bbab,https://open.spotify.com/track/2Yl4OmDby9iitgNWZPwxkd
125,2018-05-19,126,Down,Outro: Tear,BTS,720761,https://i.scdn.co/image/ab67616d0000485121108e396b83d171cc5c2692,https://open.spotify.com/track/5p10VwQ8LRoyTc8LFrvPw6
126,2018-05-19,127,Up,Young Dumb & Broke,Khalid,718387,https://i.scdn.co/image/ab67616d00004851988ede5e1276e758b5f9e577,https://open.spotify.com/track/5Z3GHaZ6ec9bsiI5BenrbY
127,2018-05-19,128,Up,One Dance,Drake,716210,https://i.scdn.co/image/ab67616d00004851726abca207567d5e41cb9667,https://open.spotify.com/track/1xznGGDReH1oQq0xzbwXa3
128,2018-05-19,129,Up,River (feat. Ed Sheeran),Eminem,711179,https://i.scdn.co/image/ab67616d00004851255191ed87a907d362b43f19,https://open.spotify.com/track/5UEnHoDYpsxlfzWLZIc7LD
129,2018-05-19,130,Up,Stir Fry,Migos,709968,https://i.scdn.co/image/36f1a1c6bddf8a4c0b9e6c7612a9b25048904344,https://open.spotify.com/track/2UVbBKQOdFAekPTRsnkzcf
130,2018-05-19,131,Down,Genius,Sia,709337,https://i.scdn.co/image/ab67616d00004851f347c65ab0a4d85e7c547cee,https://open.spotify.com/track/73F87Sqh6jQWucOOvz1WFx
131,2018-05-19,132,Up,Solita,Ozuna,702312,https://i.scdn.co/image/ab67616d00004851bc739e4f39cb4d5c253fcb64,https://open.spotify.com/track/7rwX0O3RlxqqIjQM8evm5E
132,2018-05-19,133,Up,Answerphone (feat. Yxng Bane),Banx & Ranx,701195,https://i.scdn.co/image/ab67616d000048511aead9238a3ec947f46b7176,https://open.spotify.com/track/1HagMz5nWk1HmevNCBOxF3
133,2018-05-19,134,Down,All Girls Are The Same,Juice WRLD,701083,https://i.scdn.co/image/ab67616d000048512aef795d72e890dccc946724,https://open.spotify.com/track/1dNyRyz1QBN9kO1etUs1PI
134,2018-05-19,135,Down,I'll Be There,Jess Glynne,697083,https://i.scdn.co/image/ab67616d0000485177179b6ddeb4b4f4757e7a10,https://open.spotify.com/track/083Qf6hn6sFL6xiOHlZUyn
135,2018-05-19,136,Up,La Cintura,Alvaro Soler,695142,https://i.scdn.co/image/ab67616d000048518711724c45634c46c313b775,https://open.spotify.com/track/19MBk3PbNFE36wqIqkMq9H
136,2018-05-19,137,Up,Ahora,J Balvin,690751,https://i.scdn.co/image/ab67616d00004851cfdb7f30980eb9b1ab3356de,https://open.spotify.com/track/54OB85nuxYGfl7qRQXuz7c
137,2018-05-19,138,Up,Let You Down,NF,689468,https://i.scdn.co/image/ab67616d0000485139e85b6ae069d1e25bbc89df,https://open.spotify.com/track/6mrKP2jyIQmM0rw6fQryjr
138,2018-05-19,139,Down,Otherside,Post Malone,683498,https://i.scdn.co/image/4eeab79394ac6dd1d58132e9cecc5d6ba61b9ca1,https://open.spotify.com/track/4qWCFTuNnmGNdY4egtb4ZY
139,2018-05-19,140,Flat,Unforgettable,French Montana,683201,https://i.scdn.co/image/ab67616d000048518a31195a371b2233456f6c07,https://open.spotify.com/track/3B54sVLJ402zGa6Xm4YGNe
140,2018-05-19,141,Down,Attention,Charlie Puth,677543,https://i.scdn.co/image/ab67616d00004851897f73256b9128a9d70eaf66,https://open.spotify.com/track/5cF0dROlMOK5uNZtivgu50
141,2018-05-19,142,Up,Africa,TOTO,675624,https://i.scdn.co/image/ab67616d00004851673d6a2831f72e48745ea80d,https://open.spotify.com/track/2374M0fQpWi3dLnB54qaLX
142,2018-05-19,143,Up,Say You Won't Let Go,James Arthur,675430,https://i.scdn.co/image/ab67616d0000485120beb61f61fcbeb33b10a9ab,https://open.spotify.com/track/5uCax9HTNlzGybIStD3vDh
143,2018-05-19,144,Up,Perfect Duet (Ed Sheeran & Beyoncé),Ed Sheeran,674472,https://i.scdn.co/image/ab67616d00004851af6b2fca3b6e24612a5fe5d8,https://open.spotify.com/track/1bhUWB0zJMIKr9yVPrkEuI
144,2018-05-19,145,Up,EL BAÑO,Enrique Iglesias,673440,https://i.scdn.co/image/ab67616d000048517a201c3a7e4677711df31e57,https://open.spotify.com/track/2vvdTrdryjsl8DmPIMDWZU
145,2018-05-19,146,Down,Lonely Together (feat. Rita Ora),Avicii,670540,https://i.scdn.co/image/241ee98f30f1a0066a26890586952e393a473b0d,https://open.spotify.com/track/2OALaHcDdKkjYEpAr0Qzab
146,2018-05-19,147,Flat,What Lovers Do (feat. SZA),Maroon 5,670363,https://i.scdn.co/image/ab67616d000048519ccf08d3f74b36b7880522b5,https://open.spotify.com/track/3hBBKuWJfxlIlnd9QFoC8k
147,2018-05-19,148,Up,El Farsante - Remix,Ozuna,670223,https://i.scdn.co/image/ab67616d000048519730f9b901c4ca652c0fd21b,https://open.spotify.com/track/7uYgVgRSgqluZclLS7wpp4
148,2018-05-19,149,Down,Breathe,Jax Jones,668924,https://i.scdn.co/image/ab67616d00004851242e97b0767265f5c3cf0277,https://open.spotify.com/track/6tvQzeCPwOytDlBYCIOY0n
149,2018-05-19,150,Flat,Something Just Like This,The Chainsmokers,668829,https://i.scdn.co/image/ab67616d000048510c13d3d5a503c84fcc60ae94,https://open.spotify.com/track/6RUKPb4LETWmmr3iAEQktW
150,2018-05-19,151,Up,Me Rehúso,Danny Ocean,656901,https://i.scdn.co/image/ab67616d00004851a75bd33684083600569dd3bf,https://open.spotify.com/track/6De0lHrwBfPfrhorm9q1Xl
151,2018-05-19,152,Up,This Is Me,Keala Settle,654467,https://i.scdn.co/image/ab67616d00004851b33c769adce9e164764a7ca0,https://open.spotify.com/track/2xGjteMU3E1tkEPVFBO08U
152,2018-05-19,153,Down,Everyday,Logic,654311,https://i.scdn.co/image/048f72adcf19156266fbe080c1d4a782f6affdfd,https://open.spotify.com/track/4EAV2cKiqKP5UPZmY6dejk
153,2018-05-19,154,Down,Dusk Till Dawn - Radio Edit,ZAYN,654088,https://i.scdn.co/image/ab67616d0000485123852b7ef0ecfe29d38d97ee,https://open.spotify.com/track/1j4kHkkpqZRBwE0A4CN4Yv
154,2018-05-19,155,Down,Where Were You In The Morning?,Shawn Mendes,652004,https://i.scdn.co/image/ab67616d000048517b37e2fb9314ce98786ecc7d,https://open.spotify.com/track/5cuRYDNIcSu5noyXQpULKg
155,2018-05-19,156,Up,Mi Gente,J Balvin,651555,https://i.scdn.co/image/ab67616d00004851996bd1ea86bd3815eedfeef5,https://open.spotify.com/track/2rb5MvYT7ZIxbKW5hfcHx8
156,2018-05-19,157,Down,goosebumps,Travis Scott,650168,https://i.scdn.co/image/ab67616d00004851f54b99bf27cda88f4a7403ce,https://open.spotify.com/track/6gBFPUFcJLzWGx4lenP6h2
157,2018-05-19,158,Down,Champion (feat. Travis Scott),NAV,647591,https://i.scdn.co/image/c6db2e0a08abdabd3012a0fb950566e01f32fafd,https://open.spotify.com/track/6nO3tr47nr2P7f3hXb8JIo
158,2018-05-19,159,Up,Taste (feat. Offset),Tyga,640118,https://i.scdn.co/image/ab67616d00004851a4d73b32e40487605c73cffe,https://open.spotify.com/track/5IaHrVsrferBYDm0bDyABy
159,2018-05-19,160,Down,Redbone,Childish Gambino,636406,https://i.scdn.co/image/ab67616d000048510b97e56ffad7c6211aa848f8,https://open.spotify.com/track/3kxfsdsCpFgN412fpnW85Y
160,2018-05-19,161,Up,Despacito - Remix,Luis Fonsi,634162,https://i.scdn.co/image/ab67616d00004851d8559d0280ffe2a2af6dacdf,https://open.spotify.com/track/5CtI0qwDJkDQGwXD1H1cLb
161,2018-05-19,162,Up,Whatever It Takes,Imagine Dragons,633589,https://i.scdn.co/image/ab67616d00004851ee138477bb382419f3f165c5,https://open.spotify.com/track/7F3uo3304R2CTvOseU3H7u
162,2018-05-19,163,Up,Closer,The Chainsmokers,633391,https://i.scdn.co/image/ab67616d00004851495ce6da9aeb159e94eaa453,https://open.spotify.com/track/7BKLCZ1jbUBVqRi2FVlTVw
163,2018-05-19,164,Down,PICK IT UP (feat. A$AP Rocky),Famous Dex,630114,https://i.scdn.co/image/ab67616d0000485124ef7429ba82789623ae8b14,https://open.spotify.com/track/0dSIrRkA4PadGll16TgbnV
164,2018-05-19,165,Down,Jackie Chan,Tiësto,629041,https://i.scdn.co/image/e9e2398edb37fea2cd604cf6db3bf830fe9ae8e5,https://open.spotify.com/track/4kWO6O1BUXcZmaxitpVUwp
165,2018-05-19,166,Up,Duro y Suave,Leslie Grace,627305,https://i.scdn.co/image/ab67616d00004851632c32a8edcfffecabcc7ab2,https://open.spotify.com/track/31M5m42C3EGlbydf9XB5to
166,2018-05-19,167,New,To My Love - Tainy Remix,Bomba Estéreo,626788,https://i.scdn.co/image/ab67616d000048516e10d0e1258943b836560e6c,https://open.spotify.com/track/5LciLoxa1gK70yIUeoHgRx
167,2018-05-19,168,Down,More Than You Know,Axwell /\ Ingrosso,624867,https://i.scdn.co/image/ab67616d00004851a1944d8afb76a8fd03ed8c0f,https://open.spotify.com/track/71bBFbfn2OBK5QwUJSLS44
168,2018-05-19,169,Up,Nena Maldicion (feat. Lenny Tavarez),Paulo Londra,623967,https://i.scdn.co/image/ab67616d000048510959fcbf5c812109ed07124d,https://open.spotify.com/track/3TnhQSRwT3AVMdXw5JPq0x
169,2018-05-19,170,Down,I Miss You (feat. Julia Michaels),Clean Bandit,623192,https://i.scdn.co/image/ab67616d000048518341ce7a7a1f4ab4182823d5,https://open.spotify.com/track/2xmrfQpmS2iJExTlklLoAL
170,2018-05-19,171,Down,Rewrite The Stars,Zac Efron,620922,https://i.scdn.co/image/ab67616d00004851d44e723b677380dfbc899bcd,https://open.spotify.com/track/630sXRhIcfwr2e4RdNtjKN
171,2018-05-19,172,Up,Bank Account,21 Savage,612979,https://i.scdn.co/image/ab67616d00004851ac3c0aecec76cd7b5a54795e,https://open.spotify.com/track/2fQrGHiQOvpL9UgPvtYy6G
172,2018-05-19,173,Up,Bodak Yellow,Cardi B,608970,https://i.scdn.co/image/ab67616d00004851a0caffda54afd0a65995bbab,https://open.spotify.com/track/6KBYefIoo7KydImq1uUQlL
173,2018-05-19,174,Down,Blame It On Me,Post Malone,604072,https://i.scdn.co/image/4eeab79394ac6dd1d58132e9cecc5d6ba61b9ca1,https://open.spotify.com/track/1ZemPoaj7LBj1RAQrb89EC
174,2018-05-19,175,Down,I Like Me Better,Lauv,603600,https://i.scdn.co/image/ab67616d00004851fab48816b625e2a77a732400,https://open.spotify.com/track/1wjzFQodRWrPcQ0AnYnvQ9
175,2018-05-19,176,Down,Toy,Netta,602487,https://i.scdn.co/image/ab67616d00004851fbe1b75fc0ea7d8fb7e96f19,https://open.spotify.com/track/7vuTcvFnvlqWlWb4u60nvY
176,2018-05-19,177,Up,1-800-273-8255,Logic,600111,https://i.scdn.co/image/08f9ccb7875a87c07c79c1ccd5319263786c55ea,https://open.spotify.com/track/5tz69p7tJuGPeMGwNTxYuV
177,2018-05-19,178,Up,Location,Khalid,597161,https://i.scdn.co/image/ab67616d00004851988ede5e1276e758b5f9e577,https://open.spotify.com/track/152lZdxL1OR0ZMW6KquMif
178,2018-05-19,179,Up,changes,XXXTENTACION,594882,https://i.scdn.co/image/f0443f8ad743f6052c813c593f1ad0fc161965a2,https://open.spotify.com/track/7AFASza1mXqntmGtbxXprO
179,2018-05-19,180,New,Thinking out Loud,Ed Sheeran,594748,https://i.scdn.co/image/ab67616d00004851d08209944468440145f01524,https://open.spotify.com/track/1Slwb6dOYkBlWal1PGtnNg
180,2018-05-19,181,New,Esperándote,Manuel Turizo,587475,https://i.scdn.co/image/ab67616d00004851fa2960f06e1f2ed9cedb6d12,https://open.spotify.com/track/1nfyE13arjOuO54HH0zmqj
181,2018-05-19,182,Up,Levels - Radio Edit,Avicii,582356,https://i.scdn.co/image/08a4e9cf0dfe8717a7d1decd083e4fadcb41bc66,https://open.spotify.com/track/5B03nSG8pLE48jh7kmasuL
182,2018-05-19,183,New,There's Nothing Holdin' Me Back,Shawn Mendes,580993,https://i.scdn.co/image/ab67616d00004851f9cbd0c07513a7232cd6b9a7,https://open.spotify.com/track/79cuOz3SPQTuFrp8WgftAu
183,2018-05-19,184,New,Amor Falso,Aldair Playboy,580440,https://i.scdn.co/image/ab67616d00004851432b80033d3411f4d9d7b718,https://open.spotify.com/track/00zzSEe82JTtz68XlARnh7
184,2018-05-19,185,Down,"Let Me Go (with Alesso, Florida Georgia Line & watt)",Hailee Steinfeld,579898,https://i.scdn.co/image/ab67616d00004851dbdc892395413def043e0655,https://open.spotify.com/track/5AEtlRudpgdT5FtNiuly6Y
185,2018-05-19,186,Down,Sugar Wraith,Post Malone,578603,https://i.scdn.co/image/4eeab79394ac6dd1d58132e9cecc5d6ba61b9ca1,https://open.spotify.com/track/0MrRAUcB8AZiB9ue2VOBYe
186,2018-05-19,187,New,Se Preparó,Ozuna,578442,https://i.scdn.co/image/ab67616d00004851b0a875d7f1bfe4ec4aaffa48,https://open.spotify.com/track/1m69ELEgE6k5ZWsap40ozt
187,2018-05-19,188,New,Wonderwall - Remastered,Oasis,576411,https://i.scdn.co/image/ab67616d0000485185e5dcc05cc216a10f141480,https://open.spotify.com/track/5qqabIl2vWzo9ApSC317sa
188,2018-05-19,189,New,Bohemian Rhapsody - Remastered 2011,Queen,575992,https://i.scdn.co/image/ab67616d00004851a461aa96bd9a8fcd0a492aee,https://open.spotify.com/track/1AhDOtG9vPSOmsWgNW0BEY
189,2018-05-19,190,New,No Hay Nadie Más,Sebastian Yatra,574498,https://i.scdn.co/image/ab67616d00004851a04e5df68ea4c891a4252c7e,https://open.spotify.com/track/3IPJg1sdqLj12kFIndaonN
190,2018-05-19,191,Down,How Long,Charlie Puth,573608,https://i.scdn.co/image/ab67616d00004851897f73256b9128a9d70eaf66,https://open.spotify.com/track/6wmAHw1szh5RCKSRjiXhPe
191,2018-05-19,192,Up,Him & I (with Halsey),G-Eazy,572417,https://i.scdn.co/image/ab67616d00004851046527a9c176f7c2916f3530,https://open.spotify.com/track/5k38wzpLb15YgncyWdTZE4
192,2018-05-19,193,Down,Barking,Ramz,572315,https://i.scdn.co/image/ab67616d0000485137a4c7a7325191433f3c2679,https://open.spotify.com/track/7amMgNDcObIDkIXv4xcvc2
193,2018-05-19,194,New,Unica,Ozuna,569560,https://i.scdn.co/image/ab67616d00004851b5958d5eac6908ceb4b4dd58,https://open.spotify.com/track/6752EZMgXswvRBH3N2PilO
194,2018-05-19,195,New,Paradise,George Ezra,569366,https://i.scdn.co/image/ab67616d00004851103045cd1c29dd16a469f808,https://open.spotify.com/track/38zwkK6TtTjIW9tpYBfZ3D
195,2018-05-19,196,Down,Guatemala - From Swaecation,Rae Sremmurd,569272,https://i.scdn.co/image/ab67616d00004851ba9015f4504a9dfd7560bfa9,https://open.spotify.com/track/0TCnOEVeLQMXOUrpPlM7uY
196,2018-05-19,197,Down,1942,G-Eazy,568290,https://i.scdn.co/image/ab67616d000048517868acf99b7887149bb1ec6f,https://open.spotify.com/track/794QVQtFNy7hvtjQP1keQd
197,2018-05-19,198,Down,Sorry Not Sorry,Demi Lovato,567564,https://i.scdn.co/image/ab67616d00004851ec9c72308e30e7aa1d22b37d,https://open.spotify.com/track/3m660poUr1chesgkkjQM7P
198,2018-05-19,199,Down,I'm Yours,Jason Mraz,566473,https://i.scdn.co/image/ab67616d000048513f911caa42c2ef00253efb70,https://open.spotify.com/track/3S0OXQeoh0w6AY8WQVckRW
199,2018-05-19,200,New,That's What I Like,Bruno Mars,564284,https://i.scdn.co/image/ab67616d00004851232711f7d66a1e19e89e28c5,https://open.spotify.com/track/0KKkJNfGyhkQ5aFogxQAPU
