,Date,Position,Trend,Title,Artist,Streams,Icon_URL,Spotify_URL
0,2018-05-05,1,Flat,Better Now,Post Malone,4968789,https://i.scdn.co/image/4eeab79394ac6dd1d58132e9cecc5d6ba61b9ca1,https://open.spotify.com/track/7dt6x5M1jzdTEt8oCbisTK
1,2018-05-05,2,Flat,Nice For What,Drake,4594892,https://i.scdn.co/image/ab67616d00004851648ee7f5b11d8703447e372f,https://open.spotify.com/track/1cTZMwcBJT0Ka3UJPXOeeN
2,2018-05-05,3,Up,God's Plan,Drake,4304743,https://i.scdn.co/image/ab67616d000048515e8f046078b784e6f8502008,https://open.spotify.com/track/2XW4DbS6NddZxRPm5rMCeY
3,2018-05-05,4,Up,One Kiss (with Dua Lipa),Calvin Harris,4301124,https://i.scdn.co/image/ab67616d00004851d09f96d82310d4d77c14c108,https://open.spotify.com/track/7ef4DlsgrMEH11cDZd32M6
4,2018-05-05,5,Down,Psycho (feat. Ty Dolla $ign),Post Malone,4152550,https://i.scdn.co/image/4eeab79394ac6dd1d58132e9cecc5d6ba61b9ca1,https://open.spotify.com/track/3swc6WTsr7rl9DqQKQA55C
5,2018-05-05,6,Down,no tears left to cry,Ariana Grande,4148595,https://i.scdn.co/image/ab67616d0000485165d28ba9f50b2eba46ffc55c,https://open.spotify.com/track/5SxkdsY1ufZzoq9iXceLw9
6,2018-05-05,7,Up,X,Nicky Jam,3348074,https://i.scdn.co/image/ab67616d0000485126ddcc42228a649e5fbe4350,https://open.spotify.com/track/39N9RPD9MRb5WmoLzNzPeA
7,2018-05-05,8,Up,FRIENDS,Marshmello,3299199,https://i.scdn.co/image/ab67616d00004851569f64493ca55cd96fdee412,https://open.spotify.com/track/08bNPGLD8AhKpnnERrAc6G
8,2018-05-05,9,Down,rockstar (feat. 21 Savage),Post Malone,3105162,https://i.scdn.co/image/4eeab79394ac6dd1d58132e9cecc5d6ba61b9ca1,https://open.spotify.com/track/0e7ipj03S05BNilyu5bRzt
9,2018-05-05,10,Up,I Like It,Cardi B,2928936,https://i.scdn.co/image/ab67616d00004851a0caffda54afd0a65995bbab,https://open.spotify.com/track/58q2HKrzhC3ozto2nDdN4z
10,2018-05-05,11,Down,Paranoid,Post Malone,2884272,https://i.scdn.co/image/4eeab79394ac6dd1d58132e9cecc5d6ba61b9ca1,https://open.spotify.com/track/3fpVWegR6YOS1Yk5HSMYIq
11,2018-05-05,12,Up,Freaky Friday (feat. Chris Brown),Lil Dicky,2673697,https://i.scdn.co/image/ab67616d00004851f1115552efd25fa498ec923a,https://open.spotify.com/track/10Igtw8bSDyyFs7KIsKngZ
12,2018-05-05,13,Up,The Middle,Zedd,2592567,https://i.scdn.co/image/ab67616d00004851247b73f96ede946a7fa0af12,https://open.spotify.com/track/2ARqIya5NAuvFVHSN3bL0m
13,2018-05-05,14,Up,Love Lies (with Normani),Khalid,2411331,https://i.scdn.co/image/ab67616d00004851dd7eaf261543814a6d715d67,https://open.spotify.com/track/45Egmo7icyopuzJN0oMEdk
14,2018-05-05,15,Up,Call Out My Name,The Weeknd,2333186,https://i.scdn.co/image/ab67616d00004851bb9b84cecfc41da3b8c7d74b,https://open.spotify.com/track/1gm616Plq4ScqNi7TVkZ5N
15,2018-05-05,16,Up,Te Boté - Remix,Nio Garcia,2307171,https://i.scdn.co/image/ab67616d00004851a5779a2f04a513fac2fd1d15,https://open.spotify.com/track/3V8UKqhEK5zBkBb6d6ub8i
16,2018-05-05,17,Down,Stay,Post Malone,2229503,https://i.scdn.co/image/4eeab79394ac6dd1d58132e9cecc5d6ba61b9ca1,https://open.spotify.com/track/4H7WNRErSbONkM06blBoGc
17,2018-05-05,18,Up,These Days,Rudimental,2212812,https://i.scdn.co/image/ab67616d00004851e9f49a29f00d42d7857794a5,https://open.spotify.com/track/5CLGzJsGqhCEECcpnFQA8x
18,2018-05-05,19,Up,Look Alive (feat. Drake),BlocBoy JB,2210515,https://i.scdn.co/image/ab67616d0000485155cad990bc1ce5808367fa0e,https://open.spotify.com/track/4qKcDkK6siZ7Jp1Jb4m0aL
19,2018-05-05,20,Down,Spoil My Night (feat. Swae Lee),Post Malone,2174371,https://i.scdn.co/image/4eeab79394ac6dd1d58132e9cecc5d6ba61b9ca1,https://open.spotify.com/track/5VuxWXbt7XENQCtE9TzpTv
20,2018-05-05,21,Up,IDGAF,Dua Lipa,2161156,https://i.scdn.co/image/ab67616d000048516b915e407b70e121e06fe979,https://open.spotify.com/track/76cy1WJvNGJTj78UqeA5zr
21,2018-05-05,22,Down,Rich & Sad,Post Malone,2060148,https://i.scdn.co/image/4eeab79394ac6dd1d58132e9cecc5d6ba61b9ca1,https://open.spotify.com/track/2VdT56BGpdqNHUgOe1j5vc
22,2018-05-05,23,Up,SAD!,XXXTENTACION,2042564,https://i.scdn.co/image/f0443f8ad743f6052c813c593f1ad0fc161965a2,https://open.spotify.com/track/3ee8Jmje8o58CHK66QrVC2
23,2018-05-05,24,Up,Nevermind,Dennis Lloyd,1945882,https://i.scdn.co/image/ab67616d000048514dbdd4d3c69bec0d471fc479,https://open.spotify.com/track/63SevszngYpZOwf63o61K4
24,2018-05-05,25,Down,Ball For Me (feat. Nicki Minaj),Post Malone,1941393,https://i.scdn.co/image/4eeab79394ac6dd1d58132e9cecc5d6ba61b9ca1,https://open.spotify.com/track/6IaieqiCVvsNvEt6Y7yOFa
25,2018-05-05,26,Down,Watch (feat. Lil Uzi Vert & Kanye West),Travis Scott,1869359,https://i.scdn.co/image/ab67616d00004851ed71124ea2ab3ddc260eb1b6,https://open.spotify.com/track/3DoBTwfr8yi2LN08SBpFkN
26,2018-05-05,27,Down,Over Now,Post Malone,1835700,https://i.scdn.co/image/4eeab79394ac6dd1d58132e9cecc5d6ba61b9ca1,https://open.spotify.com/track/09IOPhEh1OMe0HD9b36FJk
27,2018-05-05,28,Up,Dura,Daddy Yankee,1810343,https://i.scdn.co/image/ab67616d00004851407475cb28e657ec856dcbaf,https://open.spotify.com/track/2j2fIJGh4PMdXt9ULI5Tlc
28,2018-05-05,29,Up,Me Niego (feat. Ozuna & Wisin),Reik,1792068,https://i.scdn.co/image/ab67616d00004851395857179e6679826a8fa497,https://open.spotify.com/track/6jA8JUuPCGYjFcgw0AoM5T
29,2018-05-05,30,Up,Remind Me to Forget,Kygo,1778158,https://i.scdn.co/image/ab67616d00004851238d888f4282893ed8f83f2a,https://open.spotify.com/track/6xTU6B6nFwKKTSZ9ySXS80
30,2018-05-05,31,Down,Candy Paint,Post Malone,1764865,https://i.scdn.co/image/4eeab79394ac6dd1d58132e9cecc5d6ba61b9ca1,https://open.spotify.com/track/32lItqlMi4LBhb4k0BaSaC
31,2018-05-05,32,Up,Havana (feat. Young Thug),Camila Cabello,1719871,https://i.scdn.co/image/ab67616d000048516eb0b9e73adcf04e4ed3eca4,https://open.spotify.com/track/1rfofaqEpACxVEHIZBJe6W
32,2018-05-05,33,Down,Zack And Codeine,Post Malone,1699736,https://i.scdn.co/image/4eeab79394ac6dd1d58132e9cecc5d6ba61b9ca1,https://open.spotify.com/track/5lZZmityu9TAjNvSY6GLhR
33,2018-05-05,34,Up,In My Blood,Shawn Mendes,1677627,https://i.scdn.co/image/ab67616d0000485188da297b53e5785d8ae195ab,https://open.spotify.com/track/79jX8RM5CgPqDKdGEKNW9K
34,2018-05-05,35,Up,Flames,David Guetta,1673519,https://i.scdn.co/image/ab67616d00004851d0e5bf44bdbe8a824e921eae,https://open.spotify.com/track/33IOhptvC2Qoy2UhjiHXLV
35,2018-05-05,36,Down,Same Bitches (feat. G-Eazy & YG),Post Malone,1672126,https://i.scdn.co/image/4eeab79394ac6dd1d58132e9cecc5d6ba61b9ca1,https://open.spotify.com/track/688QpQAwqsLdBR6lr13wK1
36,2018-05-05,37,Down,Mine,Bazzi,1660980,https://i.scdn.co/image/ab67616d00004851f9f2d43ff44bdfbe8c556f8d,https://open.spotify.com/track/7uzmGiiJyRfuViKKK3lVmR
37,2018-05-05,38,Flat,Meant to Be (feat. Florida Georgia Line),Bebe Rexha,1634394,https://i.scdn.co/image/ab67616d000048511ba5682505dd6e2592b16e41,https://open.spotify.com/track/7iDa6hUg2VgEL1o1HjmfBn
38,2018-05-05,39,Down,Youth (feat. Khalid),Shawn Mendes,1627544,https://i.scdn.co/image/ab67616d00004851d8906e2b4b8918d36ebec5c9,https://open.spotify.com/track/3Wf2YGdYT8xVdNsQSoRKk9
39,2018-05-05,40,Down,KOD,J. Cole,1626677,https://i.scdn.co/image/bd919c9fa18e0214f9d16d0e65fa453ce6c60a0c,https://open.spotify.com/track/7yotKA30dwTKNEGomV9ZsI
40,2018-05-05,41,Up,Walk It Talk It,Migos,1616428,https://i.scdn.co/image/36f1a1c6bddf8a4c0b9e6c7612a9b25048904344,https://open.spotify.com/track/6n4U3TlzUGhdSFbUUhTvLP
41,2018-05-05,42,Down,OTW,Khalid,1614671,https://i.scdn.co/image/ab67616d000048519766f79668e76238a1c13e2c,https://open.spotify.com/track/6Hgh47WXVKtXN5zGOu0hjI
42,2018-05-05,43,Up,Like I Do,David Guetta,1606496,https://i.scdn.co/image/ab67616d00004851734eb0ed1bd80aeed903f30b,https://open.spotify.com/track/6RnkFd8Fqqgk1Uni8RgqCQ
43,2018-05-05,44,Flat,All The Stars (with SZA),Kendrick Lamar,1587471,https://i.scdn.co/image/28e755c12683e1038efd53a902601e7f7ed4dbc5,https://open.spotify.com/track/3GCdLUSnKSMJhs4Tj6CV3s
44,2018-05-05,45,Down,92 Explorer,Post Malone,1573457,https://i.scdn.co/image/4eeab79394ac6dd1d58132e9cecc5d6ba61b9ca1,https://open.spotify.com/track/1D2L6MefbXon28PzIk9I3r
45,2018-05-05,46,Down,Takin' Shots,Post Malone,1562207,https://i.scdn.co/image/4eeab79394ac6dd1d58132e9cecc5d6ba61b9ca1,https://open.spotify.com/track/5ffntNJnJOeFv7b7DCd0Bw
46,2018-05-05,47,Flat,Plug Walk,Rich The Kid,1561754,https://i.scdn.co/image/ab67616d000048513b6640e727df86d20ddac316,https://open.spotify.com/track/6mAz8D1TmlTuef90dbNIiZ
47,2018-05-05,48,Up,"1, 2, 3 (feat. Jason Derulo & De La Ghetto)",Sofia Reyes,1518830,https://i.scdn.co/image/ab67616d00004851775d1e288c04237d896e8357,https://open.spotify.com/track/4QtiVmuA88tPQiCOHZuQ5b
48,2018-05-05,49,Up,Wake Me Up - Radio Edit,Avicii,1493631,https://i.scdn.co/image/ab67616d00004851d20bacc84d203cc330a5df75,https://open.spotify.com/track/6g1NlCpW7fgqDnWbCCDrHl
49,2018-05-05,50,Up,Playinwitme (feat. Kehlani),KYLE,1396977,https://i.scdn.co/image/ab67616d00004851fa7b2b60e85950ee93dcdc04,https://open.spotify.com/track/43cFjTTCD9Cni4aSL0sORz
50,2018-05-05,51,Down,Otherside,Post Malone,1381121,https://i.scdn.co/image/4eeab79394ac6dd1d58132e9cecc5d6ba61b9ca1,https://open.spotify.com/track/4qWCFTuNnmGNdY4egtb4ZY
51,2018-05-05,52,Up,Shape of You,Ed Sheeran,1370639,https://i.scdn.co/image/ab67616d00004851ba5db46f4b838ef6027e6f96,https://open.spotify.com/track/7qiZfU4dY1lWllzX7mPBI3
52,2018-05-05,53,Up,New Rules,Dua Lipa,1348359,https://i.scdn.co/image/ab67616d000048516b915e407b70e121e06fe979,https://open.spotify.com/track/2ekn2ttSfGqwhhate0LSR0
53,2018-05-05,54,Up,Échame La Culpa,Luis Fonsi,1320807,https://i.scdn.co/image/ab67616d000048510ac9a58447dfccc5127248e0,https://open.spotify.com/track/1zsG4eaZmkA1dvjDDsAGLK
54,2018-05-05,55,Up,Mad Love,Sean Paul,1293452,https://i.scdn.co/image/c7a68b10f61696b28fdf8219a92eb634a820400e,https://open.spotify.com/track/3soOPBuMK8YMdWnV7xpEyf
55,2018-05-05,56,Down,Powerglide (feat. Juicy J) - From SR3MM,Rae Sremmurd,1290290,https://i.scdn.co/image/ab67616d00004851ba9015f4504a9dfd7560bfa9,https://open.spotify.com/track/1BuZAIO8WZpavWVbbq3Lci
56,2018-05-05,57,Down,Blame It On Me,Post Malone,1252493,https://i.scdn.co/image/4eeab79394ac6dd1d58132e9cecc5d6ba61b9ca1,https://open.spotify.com/track/1ZemPoaj7LBj1RAQrb89EC
57,2018-05-05,58,Up,Ric Flair Drip (& Metro Boomin),Offset,1237791,https://i.scdn.co/image/ab67616d000048510f206fe737d46f2f2d826d83,https://open.spotify.com/track/7sO5G9EABYOXQKNPNiE9NR
58,2018-05-05,59,Up,2002,Anne-Marie,1225103,https://i.scdn.co/image/ab67616d00004851974b572687bbda042782dd46,https://open.spotify.com/track/6SFStUDQZNaGPKWOx9ZiJB
59,2018-05-05,60,Up,Bella,Wolfine,1220517,https://i.scdn.co/image/ab67616d0000485100f3f20aca8bce07b5e68af8,https://open.spotify.com/track/3xcCix7Jv1Rp90YVmgo35D
60,2018-05-05,61,Up,Déjala que vuelva (feat. Manuel Turizo),Piso 21,1211530,https://i.scdn.co/image/ab67616d000048514ed4c2e64f7bf0977aa70b42,https://open.spotify.com/track/33bnxcjePIkcmNjEFTJX0l
61,2018-05-05,62,Up,Síguelo Bailando,Ozuna,1210963,https://i.scdn.co/image/ab67616d00004851b0a875d7f1bfe4ec4aaffa48,https://open.spotify.com/track/5Y9fnynLlIvqtM710MHzfz
62,2018-05-05,63,Down,Without You (feat. Sandro Cavazza),Avicii,1198471,https://i.scdn.co/image/ab67616d0000485130800bfbfff51ddb031d9bd7,https://open.spotify.com/track/6WbADFqMvR8N5u0BvtsWQE
63,2018-05-05,64,Down,JAPAN,Famous Dex,1189929,https://i.scdn.co/image/ab67616d0000485124ef7429ba82789623ae8b14,https://open.spotify.com/track/5PTG6rrL6EPFD9E2QMI2pl
64,2018-05-05,65,Up,El Préstamo,Maluma,1165777,https://i.scdn.co/image/ab67616d00004851530b91ed48d536028e8ac26f,https://open.spotify.com/track/0QS5rZpm5zN9wV9lJgjyUE
65,2018-05-05,66,Down,Sugar Wraith,Post Malone,1158317,https://i.scdn.co/image/4eeab79394ac6dd1d58132e9cecc5d6ba61b9ca1,https://open.spotify.com/track/0MrRAUcB8AZiB9ue2VOBYe
66,2018-05-05,67,Down,Say Something,Justin Timberlake,1145966,https://i.scdn.co/image/ab67616d000048514626ff0fee963da605f6aa06,https://open.spotify.com/track/1LhMopPAallLeaeNutqbgS
67,2018-05-05,68,Up,Perfect,Ed Sheeran,1126809,https://i.scdn.co/image/ab67616d00004851ba5db46f4b838ef6027e6f96,https://open.spotify.com/track/0tgVpDi06FyKpA1z0VMD4v
68,2018-05-05,69,Up,Youngblood,5 Seconds of Summer,1118783,https://i.scdn.co/image/ab67616d00004851240353172d4b7f2feb8a3e2c,https://open.spotify.com/track/55S2PQgSMYAhgoTCcGCDfw
69,2018-05-05,70,Down,I Fall Apart,Post Malone,1103378,https://i.scdn.co/image/23bae95100dcb6ac8f88c19fa2a11c50a998a926,https://open.spotify.com/track/75ZvA4QfFiZvzhj2xkaWAh
70,2018-05-05,71,Down,Peace & Love,Charlie Charles,1086296,https://i.scdn.co/image/ab67616d00004851f946a6653fa2b477922bc11a,https://open.spotify.com/track/4BGmYEDOK1swwoxTtfmVZD
71,2018-05-05,72,Up,Familiar,Liam Payne,1084648,https://i.scdn.co/image/ab67616d0000485128cb3d8716e3716c395fec77,https://open.spotify.com/track/0Y4hwUppbGc8aIBmiTz30A
72,2018-05-05,73,Down,Let Me,ZAYN,1072548,https://i.scdn.co/image/ab67616d00004851adeff3f0456c183a0e88edec,https://open.spotify.com/track/7Fg342AJtNsIDdwCfX0paC
73,2018-05-05,74,Up,Criminal,Natti Natasha,1072477,https://i.scdn.co/image/ab67616d000048515f3f4af0d3e662247a7d8cff,https://open.spotify.com/track/6Za3190Sbw39BBC77WSS1C
74,2018-05-05,75,Down,Be Careful,Cardi B,1046109,https://i.scdn.co/image/ab67616d00004851a0caffda54afd0a65995bbab,https://open.spotify.com/track/2Yl4OmDby9iitgNWZPwxkd
75,2018-05-05,76,Up,La player (Bandolera),Zion & Lennox,1032456,https://i.scdn.co/image/ab67616d00004851300e1b3b6b6904d84e76bb14,https://open.spotify.com/track/0VKkyBKCXyR99navhVRqcP
76,2018-05-05,77,Up,Esskeetit,Lil Pump,1028880,https://i.scdn.co/image/ab67616d00004851ba96802a5cc38a5be31892c3,https://open.spotify.com/track/44KKhCyI0BGS6LvVyDqJtH
77,2018-05-05,78,Up,Thunder,Imagine Dragons,1027760,https://i.scdn.co/image/ab67616d00004851ee138477bb382419f3f165c5,https://open.spotify.com/track/26gceVsA1ybT8qsX3aYLEn
78,2018-05-05,79,Flat,Wolves,Selena Gomez,1008611,https://i.scdn.co/image/ab67616d0000485110368f28dac3b838770f985c,https://open.spotify.com/track/7EmGUiUaOSGDnUUQUDrOXC
79,2018-05-05,80,Up,Feel It Still,Portugal. The Man,1004830,https://i.scdn.co/image/ab67616d00004851af52c228c9619ff6298b08cd,https://open.spotify.com/track/6QgjcU0zLnzq5OrUoSZ3OK
80,2018-05-05,81,Flat,Never Be the Same,Camila Cabello,992092,https://i.scdn.co/image/ab67616d000048516eb0b9e73adcf04e4ed3eca4,https://open.spotify.com/track/4eWQlBRaTjPPUlzacqEeoQ
81,2018-05-05,82,Up,Chun-Li,Nicki Minaj,981242,https://i.scdn.co/image/ab67616d00004851a942539d8ac2bcf84f82d94d,https://open.spotify.com/track/2gTYVoQCUh0QNUaFix01ld
82,2018-05-05,83,Up,XO Tour Llif3,Lil Uzi Vert,965928,https://i.scdn.co/image/ab67616d0000485141b41e6f7924e530a9b00f9c,https://open.spotify.com/track/7GX5flRQZVHRAGd6B4TmDO
83,2018-05-05,84,Up,Finesse - Remix; feat. Cardi B,Bruno Mars,965648,https://i.scdn.co/image/ab67616d0000485147e522adf030a78615cdea06,https://open.spotify.com/track/3Vo4wInECJQuz9BIBMOu8i
84,2018-05-05,85,Up,Te Amo,Piso 21,963335,https://i.scdn.co/image/ab67616d00004851bc80625f6bd474fa01f8bd5e,https://open.spotify.com/track/2RVrdr062uLFxXwIxwdXPH
85,2018-05-05,86,Up,Believer,Imagine Dragons,961918,https://i.scdn.co/image/ab67616d00004851ee138477bb382419f3f165c5,https://open.spotify.com/track/7Izh7zLJGw1Nscd62Exxj4
86,2018-05-05,87,Up,I Wanna Know (feat. Bea Miller),NOTD,958516,https://i.scdn.co/image/ab67616d000048512b6181ead4e97ec528af9f91,https://open.spotify.com/track/2og9I9rQwr2XdTLJUupfT1
87,2018-05-05,88,Down,Genius,Sia,956081,https://i.scdn.co/image/ab67616d00004851f347c65ab0a4d85e7c547cee,https://open.spotify.com/track/73F87Sqh6jQWucOOvz1WFx
88,2018-05-05,89,Up,Corazón,Maluma,954477,https://i.scdn.co/image/ab67616d000048516876ec811b26ba2094565b34,https://open.spotify.com/track/4lESS6vuruP6a79KWRaQou
89,2018-05-05,90,Up,Dura - Remix,Daddy Yankee,943232,https://i.scdn.co/image/00b63963f46b69359a4df39ec016a6fe78e46715,https://open.spotify.com/track/6U2NuJILEOEpW2tVCuqKHb
90,2018-05-05,91,Down,Moonlight,XXXTENTACION,941717,https://i.scdn.co/image/f0443f8ad743f6052c813c593f1ad0fc161965a2,https://open.spotify.com/track/0JP9xo3adEtGSdUEISiszL
91,2018-05-05,92,Up,Dembow,Danny Ocean,932829,https://i.scdn.co/image/ab67616d00004851418acc3f747c7a42f91c72c6,https://open.spotify.com/track/2EzRdhuoPyNJDlep7lnNf2
92,2018-05-05,93,Up,Levels - Radio Edit,Avicii,917153,https://i.scdn.co/image/08a4e9cf0dfe8717a7d1decd083e4fadcb41bc66,https://open.spotify.com/track/5B03nSG8pLE48jh7kmasuL
93,2018-05-05,94,Down,Delicate,Taylor Swift,914445,https://i.scdn.co/image/c2e6423b9624845f6dd57aef8ce00fa53aedcef7,https://open.spotify.com/track/6NFyWDv5CjfwuzoCkw47Xf
94,2018-05-05,95,Up,1950,King Princess,910751,https://i.scdn.co/image/ab67616d00004851580625d3d07c5b16238c2e69,https://open.spotify.com/track/0CZ8lquoTX2Dkg7Ak2inwA
95,2018-05-05,96,Up,Amorfoda,Bad Bunny,910186,https://i.scdn.co/image/ab67616d00004851ffde74831eadc3cdccc02188,https://open.spotify.com/track/3ITvHA9zhZZdBJsOsAUegF
96,2018-05-05,97,Down,CLOSE (feat. Travis Scott) - From SR3MM,Rae Sremmurd,905043,https://i.scdn.co/image/ab67616d00004851ba9015f4504a9dfd7560bfa9,https://open.spotify.com/track/1oUudyBYVGMIC8JXeIsFzq
97,2018-05-05,98,Down,Lonely Together (feat. Rita Ora),Avicii,899444,https://i.scdn.co/image/241ee98f30f1a0066a26890586952e393a473b0d,https://open.spotify.com/track/2OALaHcDdKkjYEpAr0Qzab
98,2018-05-05,99,Up,Downtown,Anitta,888993,https://i.scdn.co/image/ab67616d000048518c6b830c36c7b4ac43c3cee8,https://open.spotify.com/track/3Ga6eKrUFf12ouh9Yw3v2D
99,2018-05-05,100,Down,ATM,J. Cole,888327,https://i.scdn.co/image/bd919c9fa18e0214f9d16d0e65fa453ce6c60a0c,https://open.spotify.com/track/2UciqgwVDwro0fev3MFbxJ
100,2018-05-05,101,Up,Sin Pijama,Becky G,880520,https://i.scdn.co/image/ab67616d000048514661cf765439018ebb7e0009,https://open.spotify.com/track/2ijef6ni2amuunRoKTlgww
101,2018-05-05,102,Down,Kevin’s Heart,J. Cole,876514,https://i.scdn.co/image/bd919c9fa18e0214f9d16d0e65fa453ce6c60a0c,https://open.spotify.com/track/6tZ3b7ik1QDXFAZlXib0YZ
102,2018-05-05,103,Down,"Let Me Go (with Alesso, Florida Georgia Line & watt)",Hailee Steinfeld,873550,https://i.scdn.co/image/ab67616d00004851dbdc892395413def043e0655,https://open.spotify.com/track/5AEtlRudpgdT5FtNiuly6Y
103,2018-05-05,104,Up,Somebody,The Chainsmokers,871477,https://i.scdn.co/image/ab67616d000048519c270aec6b6b968a762b3603,https://open.spotify.com/track/3pWcj8hxj3fsb9TDAcMpEl
104,2018-05-05,105,Up,Stir Fry,Migos,871221,https://i.scdn.co/image/36f1a1c6bddf8a4c0b9e6c7612a9b25048904344,https://open.spotify.com/track/2UVbBKQOdFAekPTRsnkzcf
105,2018-05-05,106,Up,Silence,Marshmello,869790,https://i.scdn.co/image/ab67616d00004851f33ba583059dc2f7d08bf2b8,https://open.spotify.com/track/7vGuf3Y35N4wmASOKLUVVU
106,2018-05-05,107,Down,"King's Dead (with Kendrick Lamar, Future & James Blake)",Jay Rock,869727,https://i.scdn.co/image/ab67616d00004851c3de572921cabde540d4880a,https://open.spotify.com/track/51rXHuKN8Loc4sUlKPODgH
107,2018-05-05,108,Up,lovely (with Khalid),Billie Eilish,861455,https://i.scdn.co/image/9d95ac9d573809e324fff0bedba2fe207770be69,https://open.spotify.com/track/0u2P5u6lvoDfwTYjAADbn4
108,2018-05-05,109,Down,Pray For Me (with Kendrick Lamar),The Weeknd,860897,https://i.scdn.co/image/ab67616d000048518ac2a58fbcab6a775e790b15,https://open.spotify.com/track/4ofvoCdXq99vpMZO4Cfp8x
109,2018-05-05,110,Down,Congratulations,Post Malone,858567,https://i.scdn.co/image/23bae95100dcb6ac8f88c19fa2a11c50a998a926,https://open.spotify.com/track/3a1lNhkSLSkpJE4MSHpDu9
110,2018-05-05,111,Up,HUMBLE.,Kendrick Lamar,855059,https://i.scdn.co/image/ae1f239b41e9604a66eb900834c6887cd2f62ff1,https://open.spotify.com/track/7KXjTSCq5nL1LoYtL7XAwS
111,2018-05-05,112,Up,River (feat. Ed Sheeran),Eminem,854094,https://i.scdn.co/image/ab67616d00004851255191ed87a907d362b43f19,https://open.spotify.com/track/5UEnHoDYpsxlfzWLZIc7LD
112,2018-05-05,113,Down,Lift Yourself,Kanye West,849579,https://i.scdn.co/image/84b1b4e01a28b8c8cdde6204452ebde4f795e49d,https://open.spotify.com/track/3uYDO9dPLTVrgfwg7EYXSf
113,2018-05-05,114,Down,Famous,Mason Ramsey,842652,https://i.scdn.co/image/ab67616d00004851a5d4979cc3978d522d50ea50,https://open.spotify.com/track/2HGymMoOdB4ZYv0AAqYmgF
114,2018-05-05,115,Down,Too Good At Goodbyes,Sam Smith,835535,https://i.scdn.co/image/eb645ad7342e0f34817e16d9d4061c3b5e374d4c,https://open.spotify.com/track/1mXVgsBdtIVeCLJnSnmtdV
115,2018-05-05,116,Up,Sensualidad,Bad Bunny,832548,https://i.scdn.co/image/ab67616d00004851c0ca1263b2966ddff794d3bb,https://open.spotify.com/track/5hcisvFMidkMJlElTO9Qmw
116,2018-05-05,117,Up,Madura (feat. Bad Bunny),Cosculluela,831350,https://i.scdn.co/image/ab67616d000048518224652a5fd5d3c207e41e11,https://open.spotify.com/track/0r9d60ZYPAlFHq8qnUtkXN
117,2018-05-05,118,Down,Everyday,Logic,828495,https://i.scdn.co/image/048f72adcf19156266fbe080c1d4a782f6affdfd,https://open.spotify.com/track/4EAV2cKiqKP5UPZmY6dejk
118,2018-05-05,119,Up,Young Dumb & Broke,Khalid,814455,https://i.scdn.co/image/ab67616d00004851988ede5e1276e758b5f9e577,https://open.spotify.com/track/5Z3GHaZ6ec9bsiI5BenrbY
119,2018-05-05,120,Up,Let You Down,NF,806656,https://i.scdn.co/image/ab67616d0000485139e85b6ae069d1e25bbc89df,https://open.spotify.com/track/6mrKP2jyIQmM0rw6fQryjr
120,2018-05-05,121,Up,Breathe,Jax Jones,806538,https://i.scdn.co/image/ab67616d00004851242e97b0767265f5c3cf0277,https://open.spotify.com/track/6tvQzeCPwOytDlBYCIOY0n
121,2018-05-05,122,Up,Jocelyn Flores,XXXTENTACION,799656,https://i.scdn.co/image/ab67616d00004851203c89bd4391468eea4cc3f5,https://open.spotify.com/track/7m9OqQk4RVRkw9JJdeAw96
122,2018-05-05,123,Up,Answerphone (feat. Yxng Bane),Banx & Ranx,794106,https://i.scdn.co/image/ab67616d000048511aead9238a3ec947f46b7176,https://open.spotify.com/track/1HagMz5nWk1HmevNCBOxF3
123,2018-05-05,124,Up,One Dance,Drake,787160,https://i.scdn.co/image/ab67616d00004851726abca207567d5e41cb9667,https://open.spotify.com/track/1xznGGDReH1oQq0xzbwXa3
124,2018-05-05,125,Up,Unforgettable,French Montana,785759,https://i.scdn.co/image/ab67616d000048518a31195a371b2233456f6c07,https://open.spotify.com/track/3B54sVLJ402zGa6Xm4YGNe
125,2018-05-05,126,Up,EL BAÑO,Enrique Iglesias,778629,https://i.scdn.co/image/ab67616d000048517a201c3a7e4677711df31e57,https://open.spotify.com/track/2vvdTrdryjsl8DmPIMDWZU
126,2018-05-05,127,Up,Guatemala - From Swaecation,Rae Sremmurd,771641,https://i.scdn.co/image/ab67616d00004851ba9015f4504a9dfd7560bfa9,https://open.spotify.com/track/0TCnOEVeLQMXOUrpPlM7uY
127,2018-05-05,128,Up,What Lovers Do (feat. SZA),Maroon 5,757449,https://i.scdn.co/image/ab67616d000048519ccf08d3f74b36b7880522b5,https://open.spotify.com/track/3hBBKuWJfxlIlnd9QFoC8k
128,2018-05-05,129,Up,Bum Bum Tam Tam,MC Fioti,756708,https://i.scdn.co/image/ab67616d00004851f45f041104bda8b5737ded73,https://open.spotify.com/track/4zWO4gvuFtw6EJZC5FFGlr
129,2018-05-05,130,Up,Waiting For Love,Avicii,756070,https://i.scdn.co/image/ab67616d00004851d40648f55cadd57796f22455,https://open.spotify.com/track/6nsLzJfvp5OLd4mgqUJkpq
130,2018-05-05,131,Up,Solita,Ozuna,753653,https://i.scdn.co/image/ab67616d00004851bc739e4f39cb4d5c253fcb64,https://open.spotify.com/track/7rwX0O3RlxqqIjQM8evm5E
131,2018-05-05,132,Up,Bodak Yellow,Cardi B,749800,https://i.scdn.co/image/ab67616d00004851a0caffda54afd0a65995bbab,https://open.spotify.com/track/6KBYefIoo7KydImq1uUQlL
132,2018-05-05,133,Down,Motiv8,J. Cole,745971,https://i.scdn.co/image/bd919c9fa18e0214f9d16d0e65fa453ce6c60a0c,https://open.spotify.com/track/1AT4xjNarTswd0UZ5FlmKF
133,2018-05-05,134,Down,Jonestown (Interlude),Post Malone,741666,https://i.scdn.co/image/4eeab79394ac6dd1d58132e9cecc5d6ba61b9ca1,https://open.spotify.com/track/0R6Jlsq25eZB3Wftpxi3oF
134,2018-05-05,135,Up,Ahora,J Balvin,738351,https://i.scdn.co/image/ab67616d00004851cfdb7f30980eb9b1ab3356de,https://open.spotify.com/track/54OB85nuxYGfl7qRQXuz7c
135,2018-05-05,136,Up,Dusk Till Dawn - Radio Edit,ZAYN,734233,https://i.scdn.co/image/ab67616d0000485123852b7ef0ecfe29d38d97ee,https://open.spotify.com/track/1j4kHkkpqZRBwE0A4CN4Yv
136,2018-05-05,137,Up,Say You Won't Let Go,James Arthur,733603,https://i.scdn.co/image/ab67616d0000485120beb61f61fcbeb33b10a9ab,https://open.spotify.com/track/5uCax9HTNlzGybIStD3vDh
137,2018-05-05,138,Up,Despacito - Remix,Luis Fonsi,732532,https://i.scdn.co/image/ab67616d00004851d8559d0280ffe2a2af6dacdf,https://open.spotify.com/track/5CtI0qwDJkDQGwXD1H1cLb
138,2018-05-05,139,Up,El Farsante - Remix,Ozuna,732121,https://i.scdn.co/image/ab67616d000048519730f9b901c4ca652c0fd21b,https://open.spotify.com/track/7uYgVgRSgqluZclLS7wpp4
139,2018-05-05,140,Up,Something Just Like This,The Chainsmokers,726499,https://i.scdn.co/image/ab67616d000048510c13d3d5a503c84fcc60ae94,https://open.spotify.com/track/6RUKPb4LETWmmr3iAEQktW
140,2018-05-05,141,Up,Sick Boy,The Chainsmokers,725360,https://i.scdn.co/image/ab67616d000048519c270aec6b6b968a762b3603,https://open.spotify.com/track/08hm0V6cTsWDX62hW42sEv
141,2018-05-05,142,Up,More Than You Know,Axwell /\ Ingrosso,720950,https://i.scdn.co/image/ab67616d00004851a1944d8afb76a8fd03ed8c0f,https://open.spotify.com/track/71bBFbfn2OBK5QwUJSLS44
142,2018-05-05,143,Up,Só Quer Vrau,MC MM,710588,https://i.scdn.co/image/ab67616d000048514db0df9df19cebd12ed82b29,https://open.spotify.com/track/68uKHxQzoY6gd7YSKJf21J
143,2018-05-05,144,Up,I Miss You (feat. Julia Michaels),Clean Bandit,708381,https://i.scdn.co/image/ab67616d000048518341ce7a7a1f4ab4182823d5,https://open.spotify.com/track/2xmrfQpmS2iJExTlklLoAL
144,2018-05-05,145,Up,Me Rehúso,Danny Ocean,707307,https://i.scdn.co/image/ab67616d00004851a75bd33684083600569dd3bf,https://open.spotify.com/track/6De0lHrwBfPfrhorm9q1Xl
145,2018-05-05,146,Up,This Is Me,Keala Settle,703623,https://i.scdn.co/image/ab67616d00004851b33c769adce9e164764a7ca0,https://open.spotify.com/track/2xGjteMU3E1tkEPVFBO08U
146,2018-05-05,147,Down,goosebumps,Travis Scott,702567,https://i.scdn.co/image/ab67616d00004851f54b99bf27cda88f4a7403ce,https://open.spotify.com/track/6gBFPUFcJLzWGx4lenP6h2
147,2018-05-05,148,Up,Perfect Duet (Ed Sheeran & Beyoncé),Ed Sheeran,702041,https://i.scdn.co/image/ab67616d00004851af6b2fca3b6e24612a5fe5d8,https://open.spotify.com/track/1bhUWB0zJMIKr9yVPrkEuI
148,2018-05-05,149,Up,Mi Gente,J Balvin,700743,https://i.scdn.co/image/ab67616d00004851996bd1ea86bd3815eedfeef5,https://open.spotify.com/track/2rb5MvYT7ZIxbKW5hfcHx8
149,2018-05-05,150,Down,Neymar,Capital Bra,692182,https://i.scdn.co/image/ab67616d000048513a7b403ee5620aeb905243e2,https://open.spotify.com/track/0d0d2CuQSQDF7Q7vNhwA3i
150,2018-05-05,151,Up,Happier,Ed Sheeran,688501,https://i.scdn.co/image/ab67616d00004851ba5db46f4b838ef6027e6f96,https://open.spotify.com/track/2RttW7RAu5nOAfq6YFvApB
151,2018-05-05,152,Down,PICK IT UP (feat. A$AP Rocky),Famous Dex,686144,https://i.scdn.co/image/ab67616d0000485124ef7429ba82789623ae8b14,https://open.spotify.com/track/0dSIrRkA4PadGll16TgbnV
152,2018-05-05,153,Up,Closer,The Chainsmokers,685636,https://i.scdn.co/image/ab67616d00004851495ce6da9aeb159e94eaa453,https://open.spotify.com/track/7BKLCZ1jbUBVqRi2FVlTVw
153,2018-05-05,154,Up,Paradise,George Ezra,684076,https://i.scdn.co/image/ab67616d00004851103045cd1c29dd16a469f808,https://open.spotify.com/track/38zwkK6TtTjIW9tpYBfZ3D
154,2018-05-05,155,Up,Esperándote,Manuel Turizo,679288,https://i.scdn.co/image/ab67616d00004851fa2960f06e1f2ed9cedb6d12,https://open.spotify.com/track/1nfyE13arjOuO54HH0zmqj
155,2018-05-05,156,Up,Africa,TOTO,678088,https://i.scdn.co/image/ab67616d00004851673d6a2831f72e48745ea80d,https://open.spotify.com/track/2374M0fQpWi3dLnB54qaLX
156,2018-05-05,157,Up,Rewrite The Stars,Zac Efron,676992,https://i.scdn.co/image/ab67616d00004851d44e723b677380dfbc899bcd,https://open.spotify.com/track/630sXRhIcfwr2e4RdNtjKN
157,2018-05-05,158,Up,Whatever It Takes,Imagine Dragons,675252,https://i.scdn.co/image/ab67616d00004851ee138477bb382419f3f165c5,https://open.spotify.com/track/7F3uo3304R2CTvOseU3H7u
158,2018-05-05,159,Up,Por Perro,Sebastian Yatra,674175,https://i.scdn.co/image/ab67616d00004851fbb456b7d2ed4fbe818cb401,https://open.spotify.com/track/1XM5PgxjpYcF0JuE9nfUbS
159,2018-05-05,160,Up,Barking,Ramz,674018,https://i.scdn.co/image/ab67616d0000485137a4c7a7325191433f3c2679,https://open.spotify.com/track/7amMgNDcObIDkIXv4xcvc2
160,2018-05-05,161,Up,Attention,Charlie Puth,672146,https://i.scdn.co/image/ab67616d00004851db21a273452f0637cdbc35aa,https://open.spotify.com/track/4iLqG9SeJSnt0cSPICSjxv
161,2018-05-05,162,Down,1985 - Intro to “The Fall Off”,J. Cole,665851,https://i.scdn.co/image/bd919c9fa18e0214f9d16d0e65fa453ce6c60a0c,https://open.spotify.com/track/7EulRO07ZgchxqKUHb8Pvc
162,2018-05-05,163,Up,Anywhere,Rita Ora,664734,https://i.scdn.co/image/ab67616d000048517a642f7a662f4c94683ac038,https://open.spotify.com/track/7EI6Iki24tBHAMxtb4xQN2
163,2018-05-05,164,Up,Location,Khalid,663248,https://i.scdn.co/image/ab67616d00004851988ede5e1276e758b5f9e577,https://open.spotify.com/track/152lZdxL1OR0ZMW6KquMif
164,2018-05-05,165,Up,Drip (feat. Migos),Cardi B,660853,https://i.scdn.co/image/ab67616d00004851a0caffda54afd0a65995bbab,https://open.spotify.com/track/2qcG0nZ6S3zZV0UrkY5nFo
165,2018-05-05,166,Up,Bank Account,21 Savage,660480,https://i.scdn.co/image/ab67616d00004851ac3c0aecec76cd7b5a54795e,https://open.spotify.com/track/2fQrGHiQOvpL9UgPvtYy6G
166,2018-05-05,167,Up,Him & I (with Halsey),G-Eazy,660166,https://i.scdn.co/image/ab67616d00004851046527a9c176f7c2916f3530,https://open.spotify.com/track/5k38wzpLb15YgncyWdTZE4
167,2018-05-05,168,Down,changes,XXXTENTACION,657697,https://i.scdn.co/image/f0443f8ad743f6052c813c593f1ad0fc161965a2,https://open.spotify.com/track/7AFASza1mXqntmGtbxXprO
168,2018-05-05,169,New,To My Love - Tainy Remix,Bomba Estéreo,656778,https://i.scdn.co/image/ab67616d000048516e10d0e1258943b836560e6c,https://open.spotify.com/track/5LciLoxa1gK70yIUeoHgRx
169,2018-05-05,170,Down,1-800-273-8255,Logic,656511,https://i.scdn.co/image/08f9ccb7875a87c07c79c1ccd5319263786c55ea,https://open.spotify.com/track/5tz69p7tJuGPeMGwNTxYuV
170,2018-05-05,171,Down,1942,G-Eazy,651275,https://i.scdn.co/image/ab67616d000048517868acf99b7887149bb1ec6f,https://open.spotify.com/track/794QVQtFNy7hvtjQP1keQd
171,2018-05-05,172,Up,Hey Brother,Avicii,650464,https://i.scdn.co/image/ab67616d00004851d20bacc84d203cc330a5df75,https://open.spotify.com/track/3zKST4nk4QJE77oLjUZ0Ng
172,2018-05-05,173,Up,Sorry Not Sorry,Demi Lovato,650398,https://i.scdn.co/image/ab67616d00004851ec9c72308e30e7aa1d22b37d,https://open.spotify.com/track/3m660poUr1chesgkkjQM7P
173,2018-05-05,174,Up,Bartier Cardi (feat. 21 Savage),Cardi B,649916,https://i.scdn.co/image/ab67616d00004851a0caffda54afd0a65995bbab,https://open.spotify.com/track/0dIoGTQXDh1wVnhIiSyYEa
174,2018-05-05,175,Up,Nena Maldicion (feat. Lenny Tavarez),Paulo Londra,645256,https://i.scdn.co/image/ab67616d000048510959fcbf5c812109ed07124d,https://open.spotify.com/track/3TnhQSRwT3AVMdXw5JPq0x
175,2018-05-05,176,Down,I Like Me Better,Lauv,644568,https://i.scdn.co/image/ab67616d00004851fab48816b625e2a77a732400,https://open.spotify.com/track/1wjzFQodRWrPcQ0AnYnvQ9
176,2018-05-05,177,Up,The Nights,Avicii,640981,https://i.scdn.co/image/4e9d930cefe9c1c9f5163b3806ce3c6b3ab31a53,https://open.spotify.com/track/0ct6r3EGTcMLPtrXHDvVjc
177,2018-05-05,178,New,Se Preparó,Ozuna,635272,https://i.scdn.co/image/ab67616d00004851b0a875d7f1bfe4ec4aaffa48,https://open.spotify.com/track/1m69ELEgE6k5ZWsap40ozt
178,2018-05-05,179,Up,Done For Me (feat. Kehlani),Charlie Puth,634533,https://i.scdn.co/image/ab67616d000048510c6e2199db8c3710f7e0a520,https://open.spotify.com/track/76S09sHj7GGMJAtOLjmVQ2
179,2018-05-05,180,New,Largado As Traças - Acústico,Zé Neto & Cristiano,633193,https://i.scdn.co/image/ab67616d000048519fd5a4d139f98bda50c8bb56,https://open.spotify.com/track/74gguwbBvfBTurNJUWFOsC
180,2018-05-05,181,Flat,For You (Fifty Shades Freed) (& Rita Ora),Liam Payne,629744,https://i.scdn.co/image/ab67616d00004851ddc8bbc60fa930446a2b5718,https://open.spotify.com/track/5hM6sP0Gh1jD57drszNueC
181,2018-05-05,182,Down,BUTTERFLY EFFECT,Travis Scott,622824,https://i.scdn.co/image/ab67616d00004851b5e9358d0d07114609d9afab,https://open.spotify.com/track/1yxgsra98r3qAtxqiGZPiX
182,2018-05-05,183,Up,That's What I Like,Bruno Mars,621800,https://i.scdn.co/image/ab67616d00004851232711f7d66a1e19e89e28c5,https://open.spotify.com/track/0KKkJNfGyhkQ5aFogxQAPU
183,2018-05-05,184,Down,You Can Cry,Marshmello,620316,https://i.scdn.co/image/ab67616d00004851c5e91db1b0034862260bf945,https://open.spotify.com/track/3ZbJMlEL4Kcme0ONRO7Slx
184,2018-05-05,185,New,Bella - Remix,Wolfine,619470,https://i.scdn.co/image/ab67616d000048513eeda507c84ffc5066e5cae4,https://open.spotify.com/track/0SaYeGhSXN0dDWstyNTQ56
185,2018-05-05,186,New,Drink About,Seeb,618791,https://i.scdn.co/image/ab67616d000048518e23855a5d79f4a4f15b1292,https://open.spotify.com/track/2GGGm4MLQynB3I4E4ycIYC
186,2018-05-05,187,New,Lullaby,Sigala,616025,https://i.scdn.co/image/ab67616d00004851e9330809e667c48fa179f56b,https://open.spotify.com/track/5xzCzOAOfRi4DOttSzvznR
187,2018-05-05,188,Up,There's Nothing Holdin' Me Back,Shawn Mendes,608821,https://i.scdn.co/image/ab67616d00004851f9cbd0c07513a7232cd6b9a7,https://open.spotify.com/track/79cuOz3SPQTuFrp8WgftAu
188,2018-05-05,189,New,Symphony (feat. Zara Larsson),Clean Bandit,604884,https://i.scdn.co/image/ab67616d000048515b1130d050c4cd2295999d85,https://open.spotify.com/track/1x5sYLZiu9r5E43kMlt9f8
189,2018-05-05,190,Flat,Plain Jane,A$AP Ferg,603626,https://i.scdn.co/image/ab67616d00004851d79cfa3155b50beb5dbeeb9a,https://open.spotify.com/track/4dVpf9jZjcORqGTLUaeYj9
190,2018-05-05,191,Down,Beautiful,Bazzi,603103,https://i.scdn.co/image/ab67616d00004851f9f2d43ff44bdfbe8c556f8d,https://open.spotify.com/track/5TVirkSwFEXF1nLJEebe2I
191,2018-05-05,192,New,Duro y Suave,Leslie Grace,600688,https://i.scdn.co/image/ab67616d00004851632c32a8edcfffecabcc7ab2,https://open.spotify.com/track/31M5m42C3EGlbydf9XB5to
192,2018-05-05,193,New,Amor de Verdade,MC Kekel,599131,https://i.scdn.co/image/ab67616d0000485114eb6cb9f868242dbacd9151,https://open.spotify.com/track/76KDy62J99FKu6ZsxMJy3j
193,2018-05-05,194,Down,Hunger,Florence + The Machine,594631,https://i.scdn.co/image/ab67616d00004851c1e5f8aed4b308d005619a96,https://open.spotify.com/track/6HJcuxVgYjxcYDnPG0ystc
194,2018-05-05,195,New,Tip Toe (feat. French Montana),Jason Derulo,593291,https://i.scdn.co/image/ab67616d000048511ba06755018b46f2a6a2a7ff,https://open.spotify.com/track/2z4pcBLQXF2BXKFvd0BuB6
195,2018-05-05,196,New,Chasing Fire,Lauv,591865,https://i.scdn.co/image/ab67616d00004851484795cd955d7423df2ab692,https://open.spotify.com/track/1xy4apMFecGGkgBeaHFZ2M
196,2018-05-05,197,New,El Clavo,Prince Royce,590055,https://i.scdn.co/image/ab67616d00004851747f20b674aaa47ce6b3491a,https://open.spotify.com/track/0LKErfBZ5FbBiLB4OcZRbL
197,2018-05-05,198,Down,Fuck Love (feat. Trippie Redd),XXXTENTACION,589440,https://i.scdn.co/image/ab67616d00004851203c89bd4391468eea4cc3f5,https://open.spotify.com/track/7AQim7LbvFVZJE3O8TYgf2
198,2018-05-05,199,New,Thinking out Loud,Ed Sheeran,587400,https://i.scdn.co/image/ab67616d00004851d08209944468440145f01524,https://open.spotify.com/track/1Slwb6dOYkBlWal1PGtnNg
199,2018-05-05,200,New,I'm Yours,Jason Mraz,582129,https://i.scdn.co/image/ab67616d000048513f911caa42c2ef00253efb70,https://open.spotify.com/track/3S0OXQeoh0w6AY8WQVckRW
