,Date,Position,Trend,Title,Artist,Streams,Icon_URL,Spotify_URL
0,2018-05-03,1,Flat,Better Now,Post Malone,5671922,https://i.scdn.co/image/4eeab79394ac6dd1d58132e9cecc5d6ba61b9ca1,https://open.spotify.com/track/7dt6x5M1jzdTEt8oCbisTK
1,2018-05-03,2,Flat,Psycho (feat. Ty Dolla $ign),Post Malone,4813137,https://i.scdn.co/image/4eeab79394ac6dd1d58132e9cecc5d6ba61b9ca1,https://open.spotify.com/track/3swc6WTsr7rl9DqQKQA55C
2,2018-05-03,3,Flat,Nice For What,Drake,4458213,https://i.scdn.co/image/ab67616d00004851648ee7f5b11d8703447e372f,https://open.spotify.com/track/1cTZMwcBJT0Ka3UJPXOeeN
3,2018-05-03,4,Up,God's Plan,Drake,4043409,https://i.scdn.co/image/ab67616d000048515e8f046078b784e6f8502008,https://open.spotify.com/track/2XW4DbS6NddZxRPm5rMCeY
4,2018-05-03,5,Down,no tears left to cry,Ariana Grande,4039519,https://i.scdn.co/image/ab67616d0000485165d28ba9f50b2eba46ffc55c,https://open.spotify.com/track/5SxkdsY1ufZzoq9iXceLw9
5,2018-05-03,6,Flat,One Kiss (with Dua Lipa),Calvin Harris,3892506,https://i.scdn.co/image/ab67616d00004851d09f96d82310d4d77c14c108,https://open.spotify.com/track/7ef4DlsgrMEH11cDZd32M6
6,2018-05-03,7,Flat,Paranoid,Post Malone,3642613,https://i.scdn.co/image/4eeab79394ac6dd1d58132e9cecc5d6ba61b9ca1,https://open.spotify.com/track/3fpVWegR6YOS1Yk5HSMYIq
7,2018-05-03,8,Flat,rockstar (feat. 21 Savage),Post Malone,3388324,https://i.scdn.co/image/4eeab79394ac6dd1d58132e9cecc5d6ba61b9ca1,https://open.spotify.com/track/0e7ipj03S05BNilyu5bRzt
8,2018-05-03,9,Flat,FRIENDS,Marshmello,3128684,https://i.scdn.co/image/ab67616d00004851569f64493ca55cd96fdee412,https://open.spotify.com/track/08bNPGLD8AhKpnnERrAc6G
9,2018-05-03,10,Up,X,Nicky Jam,2919431,https://i.scdn.co/image/ab67616d0000485126ddcc42228a649e5fbe4350,https://open.spotify.com/track/39N9RPD9MRb5WmoLzNzPeA
10,2018-05-03,11,Down,Spoil My Night (feat. Swae Lee),Post Malone,2854829,https://i.scdn.co/image/4eeab79394ac6dd1d58132e9cecc5d6ba61b9ca1,https://open.spotify.com/track/5VuxWXbt7XENQCtE9TzpTv
11,2018-05-03,12,Down,Stay,Post Malone,2844351,https://i.scdn.co/image/4eeab79394ac6dd1d58132e9cecc5d6ba61b9ca1,https://open.spotify.com/track/4H7WNRErSbONkM06blBoGc
12,2018-05-03,13,Up,I Like It,Cardi B,2819187,https://i.scdn.co/image/ab67616d00004851a0caffda54afd0a65995bbab,https://open.spotify.com/track/58q2HKrzhC3ozto2nDdN4z
13,2018-05-03,14,Down,Rich & Sad,Post Malone,2767782,https://i.scdn.co/image/4eeab79394ac6dd1d58132e9cecc5d6ba61b9ca1,https://open.spotify.com/track/2VdT56BGpdqNHUgOe1j5vc
14,2018-05-03,15,Up,Call Out My Name,The Weeknd,2568348,https://i.scdn.co/image/ab67616d00004851bb9b84cecfc41da3b8c7d74b,https://open.spotify.com/track/1gm616Plq4ScqNi7TVkZ5N
15,2018-05-03,16,Up,Freaky Friday (feat. Chris Brown),Lil Dicky,2560167,https://i.scdn.co/image/ab67616d00004851f1115552efd25fa498ec923a,https://open.spotify.com/track/10Igtw8bSDyyFs7KIsKngZ
16,2018-05-03,17,Down,Ball For Me (feat. Nicki Minaj),Post Malone,2544446,https://i.scdn.co/image/4eeab79394ac6dd1d58132e9cecc5d6ba61b9ca1,https://open.spotify.com/track/6IaieqiCVvsNvEt6Y7yOFa
17,2018-05-03,18,Up,The Middle,Zedd,2526017,https://i.scdn.co/image/ab67616d00004851247b73f96ede946a7fa0af12,https://open.spotify.com/track/2ARqIya5NAuvFVHSN3bL0m
18,2018-05-03,19,Down,Over Now,Post Malone,2508683,https://i.scdn.co/image/4eeab79394ac6dd1d58132e9cecc5d6ba61b9ca1,https://open.spotify.com/track/09IOPhEh1OMe0HD9b36FJk
19,2018-05-03,20,Up,Love Lies (with Normani),Khalid,2462416,https://i.scdn.co/image/ab67616d00004851dd7eaf261543814a6d715d67,https://open.spotify.com/track/45Egmo7icyopuzJN0oMEdk
20,2018-05-03,21,Down,Zack And Codeine,Post Malone,2299163,https://i.scdn.co/image/4eeab79394ac6dd1d58132e9cecc5d6ba61b9ca1,https://open.spotify.com/track/5lZZmityu9TAjNvSY6GLhR
21,2018-05-03,22,Flat,Same Bitches (feat. G-Eazy & YG),Post Malone,2232563,https://i.scdn.co/image/4eeab79394ac6dd1d58132e9cecc5d6ba61b9ca1,https://open.spotify.com/track/688QpQAwqsLdBR6lr13wK1
22,2018-05-03,23,Up,IDGAF,Dua Lipa,2159880,https://i.scdn.co/image/ab67616d000048516b915e407b70e121e06fe979,https://open.spotify.com/track/76cy1WJvNGJTj78UqeA5zr
23,2018-05-03,24,Up,Candy Paint,Post Malone,2143582,https://i.scdn.co/image/4eeab79394ac6dd1d58132e9cecc5d6ba61b9ca1,https://open.spotify.com/track/32lItqlMi4LBhb4k0BaSaC
24,2018-05-03,25,Down,Takin' Shots,Post Malone,2142309,https://i.scdn.co/image/4eeab79394ac6dd1d58132e9cecc5d6ba61b9ca1,https://open.spotify.com/track/5ffntNJnJOeFv7b7DCd0Bw
25,2018-05-03,26,Up,Look Alive (feat. Drake),BlocBoy JB,2118638,https://i.scdn.co/image/ab67616d0000485155cad990bc1ce5808367fa0e,https://open.spotify.com/track/4qKcDkK6siZ7Jp1Jb4m0aL
26,2018-05-03,27,Flat,These Days,Rudimental,2111243,https://i.scdn.co/image/ab67616d00004851e9f49a29f00d42d7857794a5,https://open.spotify.com/track/5CLGzJsGqhCEECcpnFQA8x
27,2018-05-03,28,Down,92 Explorer,Post Malone,2105992,https://i.scdn.co/image/4eeab79394ac6dd1d58132e9cecc5d6ba61b9ca1,https://open.spotify.com/track/1D2L6MefbXon28PzIk9I3r
28,2018-05-03,29,Down,SAD!,XXXTENTACION,2095613,https://i.scdn.co/image/f0443f8ad743f6052c813c593f1ad0fc161965a2,https://open.spotify.com/track/3ee8Jmje8o58CHK66QrVC2
29,2018-05-03,30,Flat,Otherside,Post Malone,1936345,https://i.scdn.co/image/4eeab79394ac6dd1d58132e9cecc5d6ba61b9ca1,https://open.spotify.com/track/4qWCFTuNnmGNdY4egtb4ZY
30,2018-05-03,31,Flat,KOD,J. Cole,1916882,https://i.scdn.co/image/bd919c9fa18e0214f9d16d0e65fa453ce6c60a0c,https://open.spotify.com/track/7yotKA30dwTKNEGomV9ZsI
31,2018-05-03,32,Up,Te Boté - Remix,Nio Garcia,1912135,https://i.scdn.co/image/ab67616d00004851a5779a2f04a513fac2fd1d15,https://open.spotify.com/track/3V8UKqhEK5zBkBb6d6ub8i
32,2018-05-03,33,Flat,Nevermind,Dennis Lloyd,1875899,https://i.scdn.co/image/ab67616d000048514dbdd4d3c69bec0d471fc479,https://open.spotify.com/track/63SevszngYpZOwf63o61K4
33,2018-05-03,34,Down,Blame It On Me,Post Malone,1793914,https://i.scdn.co/image/4eeab79394ac6dd1d58132e9cecc5d6ba61b9ca1,https://open.spotify.com/track/1ZemPoaj7LBj1RAQrb89EC
34,2018-05-03,35,Up,In My Blood,Shawn Mendes,1756517,https://i.scdn.co/image/ab67616d0000485188da297b53e5785d8ae195ab,https://open.spotify.com/track/79jX8RM5CgPqDKdGEKNW9K
35,2018-05-03,36,Flat,Mine,Bazzi,1750272,https://i.scdn.co/image/ab67616d00004851f9f2d43ff44bdfbe8c556f8d,https://open.spotify.com/track/7uzmGiiJyRfuViKKK3lVmR
36,2018-05-03,37,Down,OTW,Khalid,1735675,https://i.scdn.co/image/ab67616d000048519766f79668e76238a1c13e2c,https://open.spotify.com/track/6Hgh47WXVKtXN5zGOu0hjI
37,2018-05-03,38,Flat,Remind Me to Forget,Kygo,1712024,https://i.scdn.co/image/ab67616d00004851238d888f4282893ed8f83f2a,https://open.spotify.com/track/6xTU6B6nFwKKTSZ9ySXS80
38,2018-05-03,39,Flat,Meant to Be (feat. Florida Georgia Line),Bebe Rexha,1702688,https://i.scdn.co/image/ab67616d000048511ba5682505dd6e2592b16e41,https://open.spotify.com/track/7iDa6hUg2VgEL1o1HjmfBn
39,2018-05-03,40,Up,Me Niego (feat. Ozuna & Wisin),Reik,1638270,https://i.scdn.co/image/ab67616d00004851395857179e6679826a8fa497,https://open.spotify.com/track/6jA8JUuPCGYjFcgw0AoM5T
40,2018-05-03,41,Up,All The Stars (with SZA),Kendrick Lamar,1637506,https://i.scdn.co/image/28e755c12683e1038efd53a902601e7f7ed4dbc5,https://open.spotify.com/track/3GCdLUSnKSMJhs4Tj6CV3s
41,2018-05-03,42,Down,Walk It Talk It,Migos,1609958,https://i.scdn.co/image/36f1a1c6bddf8a4c0b9e6c7612a9b25048904344,https://open.spotify.com/track/6n4U3TlzUGhdSFbUUhTvLP
42,2018-05-03,43,Flat,Plug Walk,Rich The Kid,1599890,https://i.scdn.co/image/ab67616d000048513b6640e727df86d20ddac316,https://open.spotify.com/track/6mAz8D1TmlTuef90dbNIiZ
43,2018-05-03,44,Up,Havana (feat. Young Thug),Camila Cabello,1596920,https://i.scdn.co/image/ab67616d000048516eb0b9e73adcf04e4ed3eca4,https://open.spotify.com/track/1rfofaqEpACxVEHIZBJe6W
44,2018-05-03,45,Down,Sugar Wraith,Post Malone,1586992,https://i.scdn.co/image/4eeab79394ac6dd1d58132e9cecc5d6ba61b9ca1,https://open.spotify.com/track/0MrRAUcB8AZiB9ue2VOBYe
45,2018-05-03,46,Up,Dura,Daddy Yankee,1561337,https://i.scdn.co/image/ab67616d00004851407475cb28e657ec856dcbaf,https://open.spotify.com/track/2j2fIJGh4PMdXt9ULI5Tlc
46,2018-05-03,47,Down,Like I Do,David Guetta,1551759,https://i.scdn.co/image/ab67616d00004851734eb0ed1bd80aeed903f30b,https://open.spotify.com/track/6RnkFd8Fqqgk1Uni8RgqCQ
47,2018-05-03,48,Down,Playinwitme (feat. Kehlani),KYLE,1533728,https://i.scdn.co/image/ab67616d00004851fa7b2b60e85950ee93dcdc04,https://open.spotify.com/track/43cFjTTCD9Cni4aSL0sORz
48,2018-05-03,49,Flat,Flames,David Guetta,1533117,https://i.scdn.co/image/ab67616d00004851d0e5bf44bdbe8a824e921eae,https://open.spotify.com/track/33IOhptvC2Qoy2UhjiHXLV
49,2018-05-03,50,Flat,Wake Me Up - Radio Edit,Avicii,1445290,https://i.scdn.co/image/ab67616d00004851d20bacc84d203cc330a5df75,https://open.spotify.com/track/6g1NlCpW7fgqDnWbCCDrHl
50,2018-05-03,51,Flat,"1, 2, 3 (feat. Jason Derulo & De La Ghetto)",Sofia Reyes,1434605,https://i.scdn.co/image/ab67616d00004851775d1e288c04237d896e8357,https://open.spotify.com/track/4QtiVmuA88tPQiCOHZuQ5b
51,2018-05-03,52,Up,New Rules,Dua Lipa,1317621,https://i.scdn.co/image/ab67616d000048516b915e407b70e121e06fe979,https://open.spotify.com/track/2ekn2ttSfGqwhhate0LSR0
52,2018-05-03,53,Down,2002,Anne-Marie,1291784,https://i.scdn.co/image/ab67616d00004851974b572687bbda042782dd46,https://open.spotify.com/track/6SFStUDQZNaGPKWOx9ZiJB
53,2018-05-03,54,Up,Shape of You,Ed Sheeran,1275167,https://i.scdn.co/image/ab67616d00004851ba5db46f4b838ef6027e6f96,https://open.spotify.com/track/7qiZfU4dY1lWllzX7mPBI3
54,2018-05-03,55,Down,I Fall Apart,Post Malone,1271891,https://i.scdn.co/image/23bae95100dcb6ac8f88c19fa2a11c50a998a926,https://open.spotify.com/track/75ZvA4QfFiZvzhj2xkaWAh
55,2018-05-03,56,Up,JAPAN,Famous Dex,1263572,https://i.scdn.co/image/ab67616d0000485124ef7429ba82789623ae8b14,https://open.spotify.com/track/5PTG6rrL6EPFD9E2QMI2pl
56,2018-05-03,57,Down,Mad Love,Sean Paul,1242615,https://i.scdn.co/image/c7a68b10f61696b28fdf8219a92eb634a820400e,https://open.spotify.com/track/3soOPBuMK8YMdWnV7xpEyf
57,2018-05-03,58,Up,Ric Flair Drip (& Metro Boomin),Offset,1238606,https://i.scdn.co/image/ab67616d000048510f206fe737d46f2f2d826d83,https://open.spotify.com/track/7sO5G9EABYOXQKNPNiE9NR
58,2018-05-03,59,Down,Say Something,Justin Timberlake,1236995,https://i.scdn.co/image/ab67616d000048514626ff0fee963da605f6aa06,https://open.spotify.com/track/1LhMopPAallLeaeNutqbgS
59,2018-05-03,60,Down,Without You (feat. Sandro Cavazza),Avicii,1235168,https://i.scdn.co/image/ab67616d0000485130800bfbfff51ddb031d9bd7,https://open.spotify.com/track/6WbADFqMvR8N5u0BvtsWQE
60,2018-05-03,61,Flat,Youngblood,5 Seconds of Summer,1215735,https://i.scdn.co/image/ab67616d00004851240353172d4b7f2feb8a3e2c,https://open.spotify.com/track/55S2PQgSMYAhgoTCcGCDfw
61,2018-05-03,62,Flat,Let Me,ZAYN,1204807,https://i.scdn.co/image/ab67616d00004851adeff3f0456c183a0e88edec,https://open.spotify.com/track/7Fg342AJtNsIDdwCfX0paC
62,2018-05-03,63,Up,Échame La Culpa,Luis Fonsi,1159187,https://i.scdn.co/image/ab67616d000048510ac9a58447dfccc5127248e0,https://open.spotify.com/track/1zsG4eaZmkA1dvjDDsAGLK
63,2018-05-03,64,Up,Bella,Wolfine,1156547,https://i.scdn.co/image/ab67616d0000485100f3f20aca8bce07b5e68af8,https://open.spotify.com/track/3xcCix7Jv1Rp90YVmgo35D
64,2018-05-03,65,Up,Perfect,Ed Sheeran,1142761,https://i.scdn.co/image/ab67616d00004851ba5db46f4b838ef6027e6f96,https://open.spotify.com/track/0tgVpDi06FyKpA1z0VMD4v
65,2018-05-03,66,Down,Jonestown (Interlude),Post Malone,1129296,https://i.scdn.co/image/4eeab79394ac6dd1d58132e9cecc5d6ba61b9ca1,https://open.spotify.com/track/0R6Jlsq25eZB3Wftpxi3oF
66,2018-05-03,67,Up,Powerglide (feat. Juicy J),Rae Sremmurd,1124973,https://i.scdn.co/image/ab67616d00004851685f3c0308abbb32799800b2,https://open.spotify.com/track/2yUbCEiaolfSMluDo9RMmG
67,2018-05-03,68,Down,Be Careful,Cardi B,1119829,https://i.scdn.co/image/ab67616d00004851a0caffda54afd0a65995bbab,https://open.spotify.com/track/2Yl4OmDby9iitgNWZPwxkd
68,2018-05-03,69,Down,Kevin’s Heart,J. Cole,1117445,https://i.scdn.co/image/bd919c9fa18e0214f9d16d0e65fa453ce6c60a0c,https://open.spotify.com/track/6tZ3b7ik1QDXFAZlXib0YZ
69,2018-05-03,70,Up,Déjala que vuelva (feat. Manuel Turizo),Piso 21,1102082,https://i.scdn.co/image/ab67616d000048514ed4c2e64f7bf0977aa70b42,https://open.spotify.com/track/33bnxcjePIkcmNjEFTJX0l
70,2018-05-03,71,Down,Delicate,Taylor Swift,1090040,https://i.scdn.co/image/c2e6423b9624845f6dd57aef8ce00fa53aedcef7,https://open.spotify.com/track/6NFyWDv5CjfwuzoCkw47Xf
71,2018-05-03,72,Down,ATM,J. Cole,1088829,https://i.scdn.co/image/bd919c9fa18e0214f9d16d0e65fa453ce6c60a0c,https://open.spotify.com/track/2UciqgwVDwro0fev3MFbxJ
72,2018-05-03,73,Up,Síguelo Bailando,Ozuna,1077344,https://i.scdn.co/image/ab67616d00004851b0a875d7f1bfe4ec4aaffa48,https://open.spotify.com/track/5Y9fnynLlIvqtM710MHzfz
73,2018-05-03,74,Flat,Familiar,Liam Payne,1065388,https://i.scdn.co/image/ab67616d0000485128cb3d8716e3716c395fec77,https://open.spotify.com/track/0Y4hwUppbGc8aIBmiTz30A
74,2018-05-03,75,Up,Wolves,Selena Gomez,1056383,https://i.scdn.co/image/ab67616d0000485110368f28dac3b838770f985c,https://open.spotify.com/track/7EmGUiUaOSGDnUUQUDrOXC
75,2018-05-03,76,Flat,Never Be the Same,Camila Cabello,1039265,https://i.scdn.co/image/ab67616d000048516eb0b9e73adcf04e4ed3eca4,https://open.spotify.com/track/4eWQlBRaTjPPUlzacqEeoQ
76,2018-05-03,77,Up,Moonlight,XXXTENTACION,1029461,https://i.scdn.co/image/f0443f8ad743f6052c813c593f1ad0fc161965a2,https://open.spotify.com/track/0JP9xo3adEtGSdUEISiszL
77,2018-05-03,78,Down,Famous,Mason Ramsey,1029023,https://i.scdn.co/image/ab67616d00004851a5d4979cc3978d522d50ea50,https://open.spotify.com/track/2HGymMoOdB4ZYv0AAqYmgF
78,2018-05-03,79,Down,Lift Yourself,Kanye West,1027745,https://i.scdn.co/image/84b1b4e01a28b8c8cdde6204452ebde4f795e49d,https://open.spotify.com/track/3uYDO9dPLTVrgfwg7EYXSf
79,2018-05-03,80,Up,El Préstamo,Maluma,1023420,https://i.scdn.co/image/ab67616d00004851530b91ed48d536028e8ac26f,https://open.spotify.com/track/0QS5rZpm5zN9wV9lJgjyUE
80,2018-05-03,81,Up,Esskeetit,Lil Pump,1019580,https://i.scdn.co/image/ab67616d00004851ba96802a5cc38a5be31892c3,https://open.spotify.com/track/44KKhCyI0BGS6LvVyDqJtH
81,2018-05-03,82,Down,I Wanna Know (feat. Bea Miller),NOTD,988021,https://i.scdn.co/image/ab67616d000048512b6181ead4e97ec528af9f91,https://open.spotify.com/track/2og9I9rQwr2XdTLJUupfT1
82,2018-05-03,83,Down,1950,King Princess,987971,https://i.scdn.co/image/ab67616d00004851580625d3d07c5b16238c2e69,https://open.spotify.com/track/0CZ8lquoTX2Dkg7Ak2inwA
83,2018-05-03,84,Up,Thunder,Imagine Dragons,984338,https://i.scdn.co/image/ab67616d00004851ee138477bb382419f3f165c5,https://open.spotify.com/track/26gceVsA1ybT8qsX3aYLEn
84,2018-05-03,85,Up,XO Tour Llif3,Lil Uzi Vert,964342,https://i.scdn.co/image/ab67616d0000485141b41e6f7924e530a9b00f9c,https://open.spotify.com/track/7GX5flRQZVHRAGd6B4TmDO
85,2018-05-03,86,Up,Criminal,Natti Natasha,959738,https://i.scdn.co/image/ab67616d000048515f3f4af0d3e662247a7d8cff,https://open.spotify.com/track/6Za3190Sbw39BBC77WSS1C
86,2018-05-03,87,Up,La player (Bandolera),Zion & Lennox,955940,https://i.scdn.co/image/ab67616d00004851300e1b3b6b6904d84e76bb14,https://open.spotify.com/track/0VKkyBKCXyR99navhVRqcP
87,2018-05-03,88,Down,Motiv8,J. Cole,946326,https://i.scdn.co/image/bd919c9fa18e0214f9d16d0e65fa453ce6c60a0c,https://open.spotify.com/track/1AT4xjNarTswd0UZ5FlmKF
88,2018-05-03,89,Up,Believer,Imagine Dragons,941188,https://i.scdn.co/image/ab67616d00004851ee138477bb382419f3f165c5,https://open.spotify.com/track/7Izh7zLJGw1Nscd62Exxj4
89,2018-05-03,90,Down,Feel It Still,Portugal. The Man,937407,https://i.scdn.co/image/ab67616d00004851af52c228c9619ff6298b08cd,https://open.spotify.com/track/6QgjcU0zLnzq5OrUoSZ3OK
90,2018-05-03,91,Up,"Let Me Go (with Alesso, Florida Georgia Line & watt)",Hailee Steinfeld,929790,https://i.scdn.co/image/ab67616d00004851dbdc892395413def043e0655,https://open.spotify.com/track/5AEtlRudpgdT5FtNiuly6Y
91,2018-05-03,92,Down,Lonely Together (feat. Rita Ora),Avicii,928203,https://i.scdn.co/image/241ee98f30f1a0066a26890586952e393a473b0d,https://open.spotify.com/track/2OALaHcDdKkjYEpAr0Qzab
92,2018-05-03,93,Up,Too Good At Goodbyes,Sam Smith,922823,https://i.scdn.co/image/eb645ad7342e0f34817e16d9d4061c3b5e374d4c,https://open.spotify.com/track/1mXVgsBdtIVeCLJnSnmtdV
93,2018-05-03,94,Down,lovely (with Khalid),Billie Eilish,920479,https://i.scdn.co/image/9d95ac9d573809e324fff0bedba2fe207770be69,https://open.spotify.com/track/0u2P5u6lvoDfwTYjAADbn4
94,2018-05-03,95,Up,Finesse - Remix; feat. Cardi B,Bruno Mars,919900,https://i.scdn.co/image/ab67616d0000485147e522adf030a78615cdea06,https://open.spotify.com/track/3Vo4wInECJQuz9BIBMOu8i
95,2018-05-03,96,Up,"King's Dead (with Kendrick Lamar, Future & James Blake)",Jay Rock,909604,https://i.scdn.co/image/ab67616d00004851c3de572921cabde540d4880a,https://open.spotify.com/track/51rXHuKN8Loc4sUlKPODgH
96,2018-05-03,97,Down,Somebody,The Chainsmokers,909031,https://i.scdn.co/image/ab67616d000048519c270aec6b6b968a762b3603,https://open.spotify.com/track/3pWcj8hxj3fsb9TDAcMpEl
97,2018-05-03,98,Down,Chun-Li,Nicki Minaj,902503,https://i.scdn.co/image/ab67616d00004851a942539d8ac2bcf84f82d94d,https://open.spotify.com/track/2gTYVoQCUh0QNUaFix01ld
98,2018-05-03,99,Up,Te Amo,Piso 21,899908,https://i.scdn.co/image/ab67616d00004851bc80625f6bd474fa01f8bd5e,https://open.spotify.com/track/2RVrdr062uLFxXwIxwdXPH
99,2018-05-03,100,Up,Pray For Me (with Kendrick Lamar),The Weeknd,892840,https://i.scdn.co/image/ab67616d000048518ac2a58fbcab6a775e790b15,https://open.spotify.com/track/4ofvoCdXq99vpMZO4Cfp8x
100,2018-05-03,101,Down,Congratulations,Post Malone,883376,https://i.scdn.co/image/23bae95100dcb6ac8f88c19fa2a11c50a998a926,https://open.spotify.com/track/3a1lNhkSLSkpJE4MSHpDu9
101,2018-05-03,102,Down,Levels - Radio Edit,Avicii,882765,https://i.scdn.co/image/08a4e9cf0dfe8717a7d1decd083e4fadcb41bc66,https://open.spotify.com/track/5B03nSG8pLE48jh7kmasuL
102,2018-05-03,103,Down,River (feat. Ed Sheeran),Eminem,881772,https://i.scdn.co/image/ab67616d00004851255191ed87a907d362b43f19,https://open.spotify.com/track/5UEnHoDYpsxlfzWLZIc7LD
103,2018-05-03,104,Up,Amorfoda,Bad Bunny,877931,https://i.scdn.co/image/ab67616d00004851ffde74831eadc3cdccc02188,https://open.spotify.com/track/3ITvHA9zhZZdBJsOsAUegF
104,2018-05-03,105,Up,Dembow,Danny Ocean,867244,https://i.scdn.co/image/ab67616d00004851418acc3f747c7a42f91c72c6,https://open.spotify.com/track/2EzRdhuoPyNJDlep7lnNf2
105,2018-05-03,106,New,Youth (feat. Khalid),Shawn Mendes,864595,https://i.scdn.co/image/ab67616d00004851d8906e2b4b8918d36ebec5c9,https://open.spotify.com/track/3Wf2YGdYT8xVdNsQSoRKk9
106,2018-05-03,107,Down,Jocelyn Flores,XXXTENTACION,863137,https://i.scdn.co/image/ab67616d00004851203c89bd4391468eea4cc3f5,https://open.spotify.com/track/7m9OqQk4RVRkw9JJdeAw96
107,2018-05-03,108,Flat,Stir Fry,Migos,851094,https://i.scdn.co/image/36f1a1c6bddf8a4c0b9e6c7612a9b25048904344,https://open.spotify.com/track/2UVbBKQOdFAekPTRsnkzcf
108,2018-05-03,109,Up,HUMBLE.,Kendrick Lamar,851085,https://i.scdn.co/image/ae1f239b41e9604a66eb900834c6887cd2f62ff1,https://open.spotify.com/track/7KXjTSCq5nL1LoYtL7XAwS
109,2018-05-03,110,Down,Everyday,Logic,849091,https://i.scdn.co/image/048f72adcf19156266fbe080c1d4a782f6affdfd,https://open.spotify.com/track/4EAV2cKiqKP5UPZmY6dejk
110,2018-05-03,111,Down,Silence,Marshmello,848593,https://i.scdn.co/image/ab67616d00004851f33ba583059dc2f7d08bf2b8,https://open.spotify.com/track/7vGuf3Y35N4wmASOKLUVVU
111,2018-05-03,112,Flat,Corazón,Maluma,847004,https://i.scdn.co/image/ab67616d000048516876ec811b26ba2094565b34,https://open.spotify.com/track/4lESS6vuruP6a79KWRaQou
112,2018-05-03,113,Flat,Young Dumb & Broke,Khalid,840076,https://i.scdn.co/image/ab67616d00004851988ede5e1276e758b5f9e577,https://open.spotify.com/track/5Z3GHaZ6ec9bsiI5BenrbY
113,2018-05-03,114,Down,Let You Down,NF,837811,https://i.scdn.co/image/ab67616d0000485139e85b6ae069d1e25bbc89df,https://open.spotify.com/track/6mrKP2jyIQmM0rw6fQryjr
114,2018-05-03,115,Flat,Downtown,Anitta,832952,https://i.scdn.co/image/ab67616d000048518c6b830c36c7b4ac43c3cee8,https://open.spotify.com/track/3Ga6eKrUFf12ouh9Yw3v2D
115,2018-05-03,116,Down,1985 - Intro to “The Fall Off”,J. Cole,820818,https://i.scdn.co/image/bd919c9fa18e0214f9d16d0e65fa453ce6c60a0c,https://open.spotify.com/track/7EulRO07ZgchxqKUHb8Pvc
116,2018-05-03,117,Up,Dura - Remix,Daddy Yankee,814606,https://i.scdn.co/image/00b63963f46b69359a4df39ec016a6fe78e46715,https://open.spotify.com/track/6U2NuJILEOEpW2tVCuqKHb
117,2018-05-03,118,Up,Sin Pijama,Becky G,812484,https://i.scdn.co/image/ab67616d000048514661cf765439018ebb7e0009,https://open.spotify.com/track/2ijef6ni2amuunRoKTlgww
118,2018-05-03,119,Down,Say You Won't Let Go,James Arthur,797620,https://i.scdn.co/image/ab67616d0000485120beb61f61fcbeb33b10a9ab,https://open.spotify.com/track/5uCax9HTNlzGybIStD3vDh
119,2018-05-03,120,Up,Unforgettable,French Montana,774306,https://i.scdn.co/image/ab67616d000048518a31195a371b2233456f6c07,https://open.spotify.com/track/3B54sVLJ402zGa6Xm4YGNe
120,2018-05-03,121,Up,Sensualidad,Bad Bunny,766162,https://i.scdn.co/image/ab67616d00004851c0ca1263b2966ddff794d3bb,https://open.spotify.com/track/5hcisvFMidkMJlElTO9Qmw
121,2018-05-03,122,Down,Wasted Times,The Weeknd,763667,https://i.scdn.co/image/ab67616d00004851f38e946900c89c38a070227b,https://open.spotify.com/track/72TyiiduRmczEbDIEtKQdR
122,2018-05-03,123,Up,Madura (feat. Bad Bunny),Cosculluela,762627,https://i.scdn.co/image/ab67616d000048518224652a5fd5d3c207e41e11,https://open.spotify.com/track/0r9d60ZYPAlFHq8qnUtkXN
123,2018-05-03,124,Flat,What Lovers Do (feat. SZA),Maroon 5,762299,https://i.scdn.co/image/ab67616d000048519ccf08d3f74b36b7880522b5,https://open.spotify.com/track/3hBBKuWJfxlIlnd9QFoC8k
124,2018-05-03,125,Down,Waiting For Love,Avicii,756296,https://i.scdn.co/image/ab67616d00004851d40648f55cadd57796f22455,https://open.spotify.com/track/6nsLzJfvp5OLd4mgqUJkpq
125,2018-05-03,126,Up,Dusk Till Dawn - Radio Edit,ZAYN,755146,https://i.scdn.co/image/ab67616d0000485123852b7ef0ecfe29d38d97ee,https://open.spotify.com/track/1j4kHkkpqZRBwE0A4CN4Yv
126,2018-05-03,127,Down,Breathe,Jax Jones,750793,https://i.scdn.co/image/ab67616d00004851242e97b0767265f5c3cf0277,https://open.spotify.com/track/6tvQzeCPwOytDlBYCIOY0n
127,2018-05-03,128,Down,Sick Boy,The Chainsmokers,740349,https://i.scdn.co/image/ab67616d000048519c270aec6b6b968a762b3603,https://open.spotify.com/track/08hm0V6cTsWDX62hW42sEv
128,2018-05-03,129,Down,Photograph,J. Cole,739859,https://i.scdn.co/image/bd919c9fa18e0214f9d16d0e65fa453ce6c60a0c,https://open.spotify.com/track/0bhnUFDQFCEHCBlsQfHnj5
129,2018-05-03,130,Down,Happier,Ed Sheeran,735535,https://i.scdn.co/image/ab67616d00004851ba5db46f4b838ef6027e6f96,https://open.spotify.com/track/2RttW7RAu5nOAfq6YFvApB
130,2018-05-03,131,Down,changes,XXXTENTACION,734053,https://i.scdn.co/image/f0443f8ad743f6052c813c593f1ad0fc161965a2,https://open.spotify.com/track/7AFASza1mXqntmGtbxXprO
131,2018-05-03,132,Up,One Dance,Drake,733691,https://i.scdn.co/image/ab67616d00004851726abca207567d5e41cb9667,https://open.spotify.com/track/1xznGGDReH1oQq0xzbwXa3
132,2018-05-03,133,Up,Perfect Duet (Ed Sheeran & Beyoncé),Ed Sheeran,729065,https://i.scdn.co/image/ab67616d00004851af6b2fca3b6e24612a5fe5d8,https://open.spotify.com/track/1bhUWB0zJMIKr9yVPrkEuI
133,2018-05-03,134,Down,I Miss You (feat. Julia Michaels),Clean Bandit,728747,https://i.scdn.co/image/ab67616d000048518341ce7a7a1f4ab4182823d5,https://open.spotify.com/track/2xmrfQpmS2iJExTlklLoAL
134,2018-05-03,135,Down,Rewrite The Stars,Zac Efron,724694,https://i.scdn.co/image/ab67616d00004851d44e723b677380dfbc899bcd,https://open.spotify.com/track/630sXRhIcfwr2e4RdNtjKN
135,2018-05-03,136,Flat,Bodak Yellow,Cardi B,720733,https://i.scdn.co/image/ab67616d00004851a0caffda54afd0a65995bbab,https://open.spotify.com/track/6KBYefIoo7KydImq1uUQlL
136,2018-05-03,137,Down,This Is Me,Keala Settle,720104,https://i.scdn.co/image/ab67616d00004851b33c769adce9e164764a7ca0,https://open.spotify.com/track/2xGjteMU3E1tkEPVFBO08U
137,2018-05-03,138,Up,EL BAÑO,Enrique Iglesias,713648,https://i.scdn.co/image/ab67616d000048517a201c3a7e4677711df31e57,https://open.spotify.com/track/2vvdTrdryjsl8DmPIMDWZU
138,2018-05-03,139,Down,Neymar,Capital Bra,710010,https://i.scdn.co/image/ab67616d000048513a7b403ee5620aeb905243e2,https://open.spotify.com/track/0d0d2CuQSQDF7Q7vNhwA3i
139,2018-05-03,140,Flat,Something Just Like This,The Chainsmokers,709740,https://i.scdn.co/image/ab67616d000048510c13d3d5a503c84fcc60ae94,https://open.spotify.com/track/6RUKPb4LETWmmr3iAEQktW
140,2018-05-03,141,Up,Solita,Ozuna,709711,https://i.scdn.co/image/ab67616d00004851bc739e4f39cb4d5c253fcb64,https://open.spotify.com/track/7rwX0O3RlxqqIjQM8evm5E
141,2018-05-03,142,Down,goosebumps,Travis Scott,707116,https://i.scdn.co/image/ab67616d00004851f54b99bf27cda88f4a7403ce,https://open.spotify.com/track/6gBFPUFcJLzWGx4lenP6h2
142,2018-05-03,143,Down,Answerphone (feat. Yxng Bane),Banx & Ranx,705006,https://i.scdn.co/image/ab67616d000048511aead9238a3ec947f46b7176,https://open.spotify.com/track/1HagMz5nWk1HmevNCBOxF3
143,2018-05-03,144,Up,PICK IT UP (feat. A$AP Rocky),Famous Dex,697530,https://i.scdn.co/image/ab67616d0000485124ef7429ba82789623ae8b14,https://open.spotify.com/track/0dSIrRkA4PadGll16TgbnV
144,2018-05-03,145,Up,1-800-273-8255,Logic,694503,https://i.scdn.co/image/08f9ccb7875a87c07c79c1ccd5319263786c55ea,https://open.spotify.com/track/5tz69p7tJuGPeMGwNTxYuV
145,2018-05-03,146,Down,Beautiful,Bazzi,694410,https://i.scdn.co/image/ab67616d00004851f9f2d43ff44bdfbe8c556f8d,https://open.spotify.com/track/5TVirkSwFEXF1nLJEebe2I
146,2018-05-03,147,Up,Location,Khalid,692149,https://i.scdn.co/image/ab67616d00004851988ede5e1276e758b5f9e577,https://open.spotify.com/track/152lZdxL1OR0ZMW6KquMif
147,2018-05-03,148,Flat,Whatever It Takes,Imagine Dragons,690028,https://i.scdn.co/image/ab67616d00004851ee138477bb382419f3f165c5,https://open.spotify.com/track/7F3uo3304R2CTvOseU3H7u
148,2018-05-03,149,Up,El Farsante - Remix,Ozuna,687754,https://i.scdn.co/image/ab67616d000048519730f9b901c4ca652c0fd21b,https://open.spotify.com/track/7uYgVgRSgqluZclLS7wpp4
149,2018-05-03,150,Up,Ahora,J Balvin,687687,https://i.scdn.co/image/ab67616d00004851cfdb7f30980eb9b1ab3356de,https://open.spotify.com/track/54OB85nuxYGfl7qRQXuz7c
150,2018-05-03,151,Up,Attention,Charlie Puth,679122,https://i.scdn.co/image/ab67616d00004851db21a273452f0637cdbc35aa,https://open.spotify.com/track/4iLqG9SeJSnt0cSPICSjxv
151,2018-05-03,152,Flat,I Like Me Better,Lauv,678907,https://i.scdn.co/image/ab67616d00004851fab48816b625e2a77a732400,https://open.spotify.com/track/1wjzFQodRWrPcQ0AnYnvQ9
152,2018-05-03,153,Up,Drip (feat. Migos),Cardi B,678841,https://i.scdn.co/image/ab67616d00004851a0caffda54afd0a65995bbab,https://open.spotify.com/track/2qcG0nZ6S3zZV0UrkY5nFo
153,2018-05-03,154,Down,More Than You Know,Axwell /\ Ingrosso,677312,https://i.scdn.co/image/ab67616d00004851a1944d8afb76a8fd03ed8c0f,https://open.spotify.com/track/71bBFbfn2OBK5QwUJSLS44
154,2018-05-03,155,Down,Bum Bum Tam Tam,MC Fioti,677265,https://i.scdn.co/image/ab67616d00004851f45f041104bda8b5737ded73,https://open.spotify.com/track/4zWO4gvuFtw6EJZC5FFGlr
155,2018-05-03,156,Up,Him & I (with Halsey),G-Eazy,673822,https://i.scdn.co/image/ab67616d00004851046527a9c176f7c2916f3530,https://open.spotify.com/track/5k38wzpLb15YgncyWdTZE4
156,2018-05-03,157,Up,Closer,The Chainsmokers,671308,https://i.scdn.co/image/ab67616d00004851495ce6da9aeb159e94eaa453,https://open.spotify.com/track/7BKLCZ1jbUBVqRi2FVlTVw
157,2018-05-03,158,Down,Sorry Not Sorry,Demi Lovato,668722,https://i.scdn.co/image/ab67616d00004851ec9c72308e30e7aa1d22b37d,https://open.spotify.com/track/3m660poUr1chesgkkjQM7P
158,2018-05-03,159,Down,For You (Fifty Shades Freed) (& Rita Ora),Liam Payne,668414,https://i.scdn.co/image/ab67616d00004851ddc8bbc60fa930446a2b5718,https://open.spotify.com/track/5hM6sP0Gh1jD57drszNueC
159,2018-05-03,160,Down,The Nights,Avicii,661300,https://i.scdn.co/image/4e9d930cefe9c1c9f5163b3806ce3c6b3ab31a53,https://open.spotify.com/track/0ct6r3EGTcMLPtrXHDvVjc
160,2018-05-03,161,Up,Anywhere,Rita Ora,660462,https://i.scdn.co/image/ab67616d000048517a642f7a662f4c94683ac038,https://open.spotify.com/track/7EI6Iki24tBHAMxtb4xQN2
161,2018-05-03,162,Down,Chasing Fire,Lauv,658026,https://i.scdn.co/image/ab67616d00004851484795cd955d7423df2ab692,https://open.spotify.com/track/1xy4apMFecGGkgBeaHFZ2M
162,2018-05-03,163,Up,Bartier Cardi (feat. 21 Savage),Cardi B,652288,https://i.scdn.co/image/ab67616d00004851a0caffda54afd0a65995bbab,https://open.spotify.com/track/0dIoGTQXDh1wVnhIiSyYEa
163,2018-05-03,164,Down,1942,G-Eazy,651263,https://i.scdn.co/image/ab67616d000048517868acf99b7887149bb1ec6f,https://open.spotify.com/track/794QVQtFNy7hvtjQP1keQd
164,2018-05-03,165,Up,Me Rehúso,Danny Ocean,650905,https://i.scdn.co/image/ab67616d00004851a75bd33684083600569dd3bf,https://open.spotify.com/track/6De0lHrwBfPfrhorm9q1Xl
165,2018-05-03,166,Down,Drink About,Seeb,649378,https://i.scdn.co/image/ab67616d000048518e23855a5d79f4a4f15b1292,https://open.spotify.com/track/2GGGm4MLQynB3I4E4ycIYC
166,2018-05-03,167,Down,Hey Brother,Avicii,647658,https://i.scdn.co/image/ab67616d00004851d20bacc84d203cc330a5df75,https://open.spotify.com/track/3zKST4nk4QJE77oLjUZ0Ng
167,2018-05-03,168,Up,Bank Account,21 Savage,646823,https://i.scdn.co/image/ab67616d00004851ac3c0aecec76cd7b5a54795e,https://open.spotify.com/track/2fQrGHiQOvpL9UgPvtYy6G
168,2018-05-03,169,Up,Esperándote,Manuel Turizo,646222,https://i.scdn.co/image/ab67616d00004851fa2960f06e1f2ed9cedb6d12,https://open.spotify.com/track/1nfyE13arjOuO54HH0zmqj
169,2018-05-03,170,Down,Fuck Love (feat. Trippie Redd),XXXTENTACION,642186,https://i.scdn.co/image/ab67616d00004851203c89bd4391468eea4cc3f5,https://open.spotify.com/track/7AQim7LbvFVZJE3O8TYgf2
170,2018-05-03,171,Down,Ye vs. the People (starring TI as the People),Kanye West,642167,https://i.scdn.co/image/af559deda559a8f643881c10c8a6d25ade6e46db,https://open.spotify.com/track/69b0SDYOymaqYwm3la237H
171,2018-05-03,172,Up,Done For Me (feat. Kehlani),Charlie Puth,641664,https://i.scdn.co/image/ab67616d000048510c6e2199db8c3710f7e0a520,https://open.spotify.com/track/76S09sHj7GGMJAtOLjmVQ2
172,2018-05-03,173,Down,Red Roses (feat. Landon Cube),Lil Skies,641101,https://i.scdn.co/image/ab67616d00004851c56dcd1015c1ffb8c56d2988,https://open.spotify.com/track/3ZhTT6yjZwpPph5MIJ53XY
173,2018-05-03,174,Down,BUTTERFLY EFFECT,Travis Scott,634726,https://i.scdn.co/image/ab67616d00004851b5e9358d0d07114609d9afab,https://open.spotify.com/track/1yxgsra98r3qAtxqiGZPiX
174,2018-05-03,175,Down,Plain Jane,A$AP Ferg,625814,https://i.scdn.co/image/ab67616d00004851d79cfa3155b50beb5dbeeb9a,https://open.spotify.com/track/4dVpf9jZjcORqGTLUaeYj9
175,2018-05-03,176,Up,Betrayed,Lil Xan,615760,https://i.scdn.co/image/b1b4ff855ea6766f8271cf8a27c8f00586380964,https://open.spotify.com/track/4vaxvNDaLSoD36iZX515ug
176,2018-05-03,177,Up,Nena Maldicion (feat. Lenny Tavarez),Paulo Londra,610688,https://i.scdn.co/image/ab67616d000048510959fcbf5c812109ed07124d,https://open.spotify.com/track/3TnhQSRwT3AVMdXw5JPq0x
177,2018-05-03,178,Down,Photograph,Ed Sheeran,609531,https://i.scdn.co/image/ab67616d00004851d08209944468440145f01524,https://open.spotify.com/track/6fxVffaTuwjgEk5h9QyRjy
178,2018-05-03,179,Down,Thinking out Loud,Ed Sheeran,607715,https://i.scdn.co/image/ab67616d00004851d08209944468440145f01524,https://open.spotify.com/track/1Slwb6dOYkBlWal1PGtnNg
179,2018-05-03,180,Down,Heaven,Julia Michaels,602552,https://i.scdn.co/image/ab67616d000048518dfd94df32e91d9f384df1fb,https://open.spotify.com/track/4QfNOZN7vrQCQKK1ZJ3XPb
180,2018-05-03,181,Up,Mi Gente,J Balvin,599526,https://i.scdn.co/image/ab67616d00004851996bd1ea86bd3815eedfeef5,https://open.spotify.com/track/2rb5MvYT7ZIxbKW5hfcHx8
181,2018-05-03,182,Up,That's What I Like,Bruno Mars,597795,https://i.scdn.co/image/ab67616d00004851232711f7d66a1e19e89e28c5,https://open.spotify.com/track/0KKkJNfGyhkQ5aFogxQAPU
182,2018-05-03,183,Down,I'm Yours,Jason Mraz,595822,https://i.scdn.co/image/ab67616d000048513f911caa42c2ef00253efb70,https://open.spotify.com/track/3S0OXQeoh0w6AY8WQVckRW
183,2018-05-03,184,Up,GOTTI,6ix9ine,594506,https://i.scdn.co/image/10a2d3c572ea0d36621f94bb72fbdc5b05023320,https://open.spotify.com/track/27oFpFktCq9JIXjJQRuv7a
184,2018-05-03,185,Up,Despacito - Remix,Luis Fonsi,592813,https://i.scdn.co/image/ab67616d00004851d8559d0280ffe2a2af6dacdf,https://open.spotify.com/track/5CtI0qwDJkDQGwXD1H1cLb
185,2018-05-03,186,Up,Wonderwall - Remastered,Oasis,592543,https://i.scdn.co/image/ab67616d0000485185e5dcc05cc216a10f141480,https://open.spotify.com/track/5qqabIl2vWzo9ApSC317sa
186,2018-05-03,187,Up,There's Nothing Holdin' Me Back,Shawn Mendes,592371,https://i.scdn.co/image/ab67616d00004851f9cbd0c07513a7232cd6b9a7,https://open.spotify.com/track/79cuOz3SPQTuFrp8WgftAu
187,2018-05-03,188,Down,Paradise,George Ezra,591169,https://i.scdn.co/image/ab67616d00004851103045cd1c29dd16a469f808,https://open.spotify.com/track/38zwkK6TtTjIW9tpYBfZ3D
188,2018-05-03,189,Down,How Long,Charlie Puth,589439,https://i.scdn.co/image/ab67616d00004851872353e715cccea67fe3de91,https://open.spotify.com/track/32DGGj6KlNuBr6WaqRxpxi
189,2018-05-03,190,Down,Nowadays (feat. Landon Cube),Lil Skies,589289,https://i.scdn.co/image/ab67616d00004851c56dcd1015c1ffb8c56d2988,https://open.spotify.com/track/2u7mxWSeoqTXndK5e08jMp
190,2018-05-03,191,Down,Barking,Ramz,585960,https://i.scdn.co/image/ab67616d0000485137a4c7a7325191433f3c2679,https://open.spotify.com/track/7amMgNDcObIDkIXv4xcvc2
191,2018-05-03,192,Down,Symphony (feat. Zara Larsson),Clean Bandit,584964,https://i.scdn.co/image/ab67616d000048515b1130d050c4cd2295999d85,https://open.spotify.com/track/1x5sYLZiu9r5E43kMlt9f8
192,2018-05-03,193,Down,I Do (feat. SZA),Cardi B,584456,https://i.scdn.co/image/ab67616d00004851a0caffda54afd0a65995bbab,https://open.spotify.com/track/1f5PNhkNgUpvDEeZfcIlO1
193,2018-05-03,194,Down,Capital Letters,Hailee Steinfeld,580285,https://i.scdn.co/image/ab67616d00004851f6630162a999e1cf78afbbae,https://open.spotify.com/track/3towKHKVOXCCcL1fHv6xFO
194,2018-05-03,195,Up,Se Preparó,Ozuna,580106,https://i.scdn.co/image/ab67616d00004851b0a875d7f1bfe4ec4aaffa48,https://open.spotify.com/track/1m69ELEgE6k5ZWsap40ozt
195,2018-05-03,196,New,Lost In Japan,Shawn Mendes,579036,https://i.scdn.co/image/ab67616d0000485103312590ee9819db3f2d094d,https://open.spotify.com/track/7wvYmO5QscgIDDT0eNwbYX
196,2018-05-03,197,Flat,No Limit,G-Eazy,578929,https://i.scdn.co/image/ab67616d00004851046527a9c176f7c2916f3530,https://open.spotify.com/track/2DQ1ITjI0YoLFzuADN1ZBW
197,2018-05-03,198,Up,Africa,TOTO,576062,https://i.scdn.co/image/ab67616d00004851673d6a2831f72e48745ea80d,https://open.spotify.com/track/2374M0fQpWi3dLnB54qaLX
198,2018-05-03,199,Down,All Falls Down (feat. Juliander),Alan Walker,575774,https://i.scdn.co/image/ab67616d00004851206fdebc66bd04d9913f035d,https://open.spotify.com/track/5yFSF6qQA1rcLsQRnBsZgb
199,2018-05-03,200,New,Por Perro,Sebastian Yatra,568142,https://i.scdn.co/image/ab67616d00004851fbb456b7d2ed4fbe818cb401,https://open.spotify.com/track/1XM5PgxjpYcF0JuE9nfUbS
