,Date,Position,Trend,Title,Artist,Streams,Icon_URL,Spotify_URL
0,2018-05-16,1,Flat,This Is America,Childish Gambino,4788153,https://i.scdn.co/image/ab67616d000048513504664c17b7b99a3cb7d116,https://open.spotify.com/track/0b9oOr2ZgvyQu88wzixux9
1,2018-05-16,2,Flat,Better Now,Post Malone,4610452,https://i.scdn.co/image/4eeab79394ac6dd1d58132e9cecc5d6ba61b9ca1,https://open.spotify.com/track/7dt6x5M1jzdTEt8oCbisTK
2,2018-05-16,3,Flat,One Kiss (with Dua Lipa),Calvin Harris,4135702,https://i.scdn.co/image/ab67616d00004851d09f96d82310d4d77c14c108,https://open.spotify.com/track/7ef4DlsgrMEH11cDZd32M6
3,2018-05-16,4,Flat,Nice For What,Drake,4075039,https://i.scdn.co/image/ab67616d00004851648ee7f5b11d8703447e372f,https://open.spotify.com/track/1cTZMwcBJT0Ka3UJPXOeeN
4,2018-05-16,5,Flat,no tears left to cry,Ariana Grande,3688757,https://i.scdn.co/image/ab67616d0000485165d28ba9f50b2eba46ffc55c,https://open.spotify.com/track/5SxkdsY1ufZzoq9iXceLw9
5,2018-05-16,6,Flat,God's Plan,Drake,3503857,https://i.scdn.co/image/ab67616d000048515e8f046078b784e6f8502008,https://open.spotify.com/track/2XW4DbS6NddZxRPm5rMCeY
6,2018-05-16,7,Flat,Psycho (feat. Ty Dolla $ign),Post Malone,3259119,https://i.scdn.co/image/4eeab79394ac6dd1d58132e9cecc5d6ba61b9ca1,https://open.spotify.com/track/3swc6WTsr7rl9DqQKQA55C
7,2018-05-16,8,Flat,FRIENDS,Marshmello,2971567,https://i.scdn.co/image/ab67616d00004851569f64493ca55cd96fdee412,https://open.spotify.com/track/08bNPGLD8AhKpnnERrAc6G
8,2018-05-16,9,Flat,X,Nicky Jam,2774488,https://i.scdn.co/image/ab67616d0000485126ddcc42228a649e5fbe4350,https://open.spotify.com/track/39N9RPD9MRb5WmoLzNzPeA
9,2018-05-16,10,Flat,I Like It,Cardi B,2686465,https://i.scdn.co/image/ab67616d00004851a0caffda54afd0a65995bbab,https://open.spotify.com/track/58q2HKrzhC3ozto2nDdN4z
10,2018-05-16,11,Flat,Te Boté - Remix,Nio Garcia,2553382,https://i.scdn.co/image/ab67616d00004851a5779a2f04a513fac2fd1d15,https://open.spotify.com/track/3V8UKqhEK5zBkBb6d6ub8i
11,2018-05-16,12,Flat,rockstar (feat. 21 Savage),Post Malone,2475002,https://i.scdn.co/image/4eeab79394ac6dd1d58132e9cecc5d6ba61b9ca1,https://open.spotify.com/track/0e7ipj03S05BNilyu5bRzt
12,2018-05-16,13,Flat,The Middle,Zedd,2456740,https://i.scdn.co/image/ab67616d00004851247b73f96ede946a7fa0af12,https://open.spotify.com/track/2ARqIya5NAuvFVHSN3bL0m
13,2018-05-16,14,Flat,Love Lies (with Normani),Khalid,2321760,https://i.scdn.co/image/ab67616d00004851dd7eaf261543814a6d715d67,https://open.spotify.com/track/45Egmo7icyopuzJN0oMEdk
14,2018-05-16,15,Flat,Freaky Friday (feat. Chris Brown),Lil Dicky,2209164,https://i.scdn.co/image/ab67616d00004851f1115552efd25fa498ec923a,https://open.spotify.com/track/10Igtw8bSDyyFs7KIsKngZ
15,2018-05-16,16,Up,Look Alive (feat. Drake),BlocBoy JB,2126439,https://i.scdn.co/image/ab67616d0000485155cad990bc1ce5808367fa0e,https://open.spotify.com/track/4qKcDkK6siZ7Jp1Jb4m0aL
16,2018-05-16,17,Up,Back To You - From 13 Reasons Why – Season 2 Soundtrack,Selena Gomez,2114842,https://i.scdn.co/image/2807fb7caa569df8137314265f74e0575acdb454,https://open.spotify.com/track/4hQ6UGyWQIGJmHSo0J88JW
17,2018-05-16,18,Down,Call Out My Name,The Weeknd,2113491,https://i.scdn.co/image/ab67616d00004851bb9b84cecfc41da3b8c7d74b,https://open.spotify.com/track/1gm616Plq4ScqNi7TVkZ5N
18,2018-05-16,19,Down,Paranoid,Post Malone,2112503,https://i.scdn.co/image/4eeab79394ac6dd1d58132e9cecc5d6ba61b9ca1,https://open.spotify.com/track/3fpVWegR6YOS1Yk5HSMYIq
19,2018-05-16,20,Down,Nevermind,Dennis Lloyd,2068301,https://i.scdn.co/image/ab67616d000048514dbdd4d3c69bec0d471fc479,https://open.spotify.com/track/63SevszngYpZOwf63o61K4
20,2018-05-16,21,Flat,IDGAF,Dua Lipa,1957536,https://i.scdn.co/image/ab67616d000048516b915e407b70e121e06fe979,https://open.spotify.com/track/76cy1WJvNGJTj78UqeA5zr
21,2018-05-16,22,Up,Flames,David Guetta,1887422,https://i.scdn.co/image/ab67616d00004851d0e5bf44bdbe8a824e921eae,https://open.spotify.com/track/33IOhptvC2Qoy2UhjiHXLV
22,2018-05-16,23,Flat,OTW,Khalid,1878990,https://i.scdn.co/image/ab67616d000048519766f79668e76238a1c13e2c,https://open.spotify.com/track/6Hgh47WXVKtXN5zGOu0hjI
23,2018-05-16,24,Down,These Days,Rudimental,1878216,https://i.scdn.co/image/ab67616d00004851e9f49a29f00d42d7857794a5,https://open.spotify.com/track/5CLGzJsGqhCEECcpnFQA8x
24,2018-05-16,25,Up,Yes Indeed,Lil Baby,1811247,https://i.scdn.co/image/ab67616d0000485180216aa2f866a038045776b0,https://open.spotify.com/track/1wsf1YFQSYND45y0GzJmf7
25,2018-05-16,26,Flat,Remind Me to Forget,Kygo,1737371,https://i.scdn.co/image/ab67616d00004851238d888f4282893ed8f83f2a,https://open.spotify.com/track/6xTU6B6nFwKKTSZ9ySXS80
26,2018-05-16,27,Down,In My Blood,Shawn Mendes,1730272,https://i.scdn.co/image/ab67616d0000485188da297b53e5785d8ae195ab,https://open.spotify.com/track/79jX8RM5CgPqDKdGEKNW9K
27,2018-05-16,28,Up,Youngblood,5 Seconds of Summer,1724977,https://i.scdn.co/image/ab67616d00004851240353172d4b7f2feb8a3e2c,https://open.spotify.com/track/55S2PQgSMYAhgoTCcGCDfw
28,2018-05-16,29,Flat,SAD!,XXXTENTACION,1659444,https://i.scdn.co/image/f0443f8ad743f6052c813c593f1ad0fc161965a2,https://open.spotify.com/track/3ee8Jmje8o58CHK66QrVC2
29,2018-05-16,30,Up,Meant to Be (feat. Florida Georgia Line),Bebe Rexha,1628712,https://i.scdn.co/image/ab67616d000048511ba5682505dd6e2592b16e41,https://open.spotify.com/track/7iDa6hUg2VgEL1o1HjmfBn
30,2018-05-16,31,Down,Stay,Post Malone,1626154,https://i.scdn.co/image/4eeab79394ac6dd1d58132e9cecc5d6ba61b9ca1,https://open.spotify.com/track/4H7WNRErSbONkM06blBoGc
31,2018-05-16,32,Down,Spoil My Night (feat. Swae Lee),Post Malone,1622492,https://i.scdn.co/image/4eeab79394ac6dd1d58132e9cecc5d6ba61b9ca1,https://open.spotify.com/track/5VuxWXbt7XENQCtE9TzpTv
32,2018-05-16,33,Down,Me Niego (feat. Ozuna & Wisin),Reik,1614651,https://i.scdn.co/image/ab67616d00004851395857179e6679826a8fa497,https://open.spotify.com/track/6jA8JUuPCGYjFcgw0AoM5T
33,2018-05-16,34,Flat,Youth (feat. Khalid),Shawn Mendes,1583790,https://i.scdn.co/image/ab67616d00004851d8906e2b4b8918d36ebec5c9,https://open.spotify.com/track/3Wf2YGdYT8xVdNsQSoRKk9
34,2018-05-16,35,Flat,Playinwitme (feat. Kehlani),KYLE,1582978,https://i.scdn.co/image/ab67616d00004851fa7b2b60e85950ee93dcdc04,https://open.spotify.com/track/43cFjTTCD9Cni4aSL0sORz
35,2018-05-16,36,Down,All The Stars (with SZA),Kendrick Lamar,1574680,https://i.scdn.co/image/28e755c12683e1038efd53a902601e7f7ed4dbc5,https://open.spotify.com/track/3GCdLUSnKSMJhs4Tj6CV3s
36,2018-05-16,37,Flat,Walk It Talk It,Migos,1545915,https://i.scdn.co/image/36f1a1c6bddf8a4c0b9e6c7612a9b25048904344,https://open.spotify.com/track/6n4U3TlzUGhdSFbUUhTvLP
37,2018-05-16,38,Up,Mine,Bazzi,1511713,https://i.scdn.co/image/ab67616d00004851f9f2d43ff44bdfbe8c556f8d,https://open.spotify.com/track/7uzmGiiJyRfuViKKK3lVmR
38,2018-05-16,39,Down,Ball For Me (feat. Nicki Minaj),Post Malone,1503781,https://i.scdn.co/image/4eeab79394ac6dd1d58132e9cecc5d6ba61b9ca1,https://open.spotify.com/track/6IaieqiCVvsNvEt6Y7yOFa
39,2018-05-16,40,Down,Rich & Sad,Post Malone,1486479,https://i.scdn.co/image/4eeab79394ac6dd1d58132e9cecc5d6ba61b9ca1,https://open.spotify.com/track/2VdT56BGpdqNHUgOe1j5vc
40,2018-05-16,41,Down,Plug Walk,Rich The Kid,1483959,https://i.scdn.co/image/ab67616d000048513b6640e727df86d20ddac316,https://open.spotify.com/track/6mAz8D1TmlTuef90dbNIiZ
41,2018-05-16,42,Down,Watch (feat. Lil Uzi Vert & Kanye West),Travis Scott,1481162,https://i.scdn.co/image/ab67616d00004851ed71124ea2ab3ddc260eb1b6,https://open.spotify.com/track/3DoBTwfr8yi2LN08SBpFkN
42,2018-05-16,43,Flat,2002,Anne-Marie,1462172,https://i.scdn.co/image/ab67616d00004851974b572687bbda042782dd46,https://open.spotify.com/track/6SFStUDQZNaGPKWOx9ZiJB
43,2018-05-16,44,Down,Havana (feat. Young Thug),Camila Cabello,1445790,https://i.scdn.co/image/ab67616d000048516eb0b9e73adcf04e4ed3eca4,https://open.spotify.com/track/1rfofaqEpACxVEHIZBJe6W
44,2018-05-16,45,Down,Like I Do,David Guetta,1382292,https://i.scdn.co/image/ab67616d00004851734eb0ed1bd80aeed903f30b,https://open.spotify.com/track/6RnkFd8Fqqgk1Uni8RgqCQ
45,2018-05-16,46,Down,"1, 2, 3 (feat. Jason Derulo & De La Ghetto)",Sofia Reyes,1377013,https://i.scdn.co/image/ab67616d00004851775d1e288c04237d896e8357,https://open.spotify.com/track/4QtiVmuA88tPQiCOHZuQ5b
46,2018-05-16,47,Down,KOD,J. Cole,1337157,https://i.scdn.co/image/bd919c9fa18e0214f9d16d0e65fa453ce6c60a0c,https://open.spotify.com/track/7yotKA30dwTKNEGomV9ZsI
47,2018-05-16,48,Down,Candy Paint,Post Malone,1314012,https://i.scdn.co/image/4eeab79394ac6dd1d58132e9cecc5d6ba61b9ca1,https://open.spotify.com/track/32lItqlMi4LBhb4k0BaSaC
48,2018-05-16,49,Flat,Shape of You,Ed Sheeran,1305716,https://i.scdn.co/image/ab67616d00004851ba5db46f4b838ef6027e6f96,https://open.spotify.com/track/7qiZfU4dY1lWllzX7mPBI3
49,2018-05-16,50,Up,New Rules,Dua Lipa,1273595,https://i.scdn.co/image/ab67616d000048516b915e407b70e121e06fe979,https://open.spotify.com/track/2ekn2ttSfGqwhhate0LSR0
50,2018-05-16,51,Down,Over Now,Post Malone,1269203,https://i.scdn.co/image/4eeab79394ac6dd1d58132e9cecc5d6ba61b9ca1,https://open.spotify.com/track/09IOPhEh1OMe0HD9b36FJk
51,2018-05-16,52,Flat,Powerglide (feat. Juicy J) - From SR3MM,Rae Sremmurd,1227027,https://i.scdn.co/image/ab67616d00004851ba9015f4504a9dfd7560bfa9,https://open.spotify.com/track/1BuZAIO8WZpavWVbbq3Lci
52,2018-05-16,53,Up,"Girls (feat. Cardi B, Bebe Rexha & Charli XCX)",Rita Ora,1210991,https://i.scdn.co/image/ab67616d00004851a56e99e83f32f654004e8d2a,https://open.spotify.com/track/1YNQscOx6OqBQjxgJVhEeW
53,2018-05-16,54,Down,Ric Flair Drip (& Metro Boomin),Offset,1199180,https://i.scdn.co/image/ab67616d000048510f206fe737d46f2f2d826d83,https://open.spotify.com/track/7sO5G9EABYOXQKNPNiE9NR
54,2018-05-16,55,Flat,Mad Love,Sean Paul,1181474,https://i.scdn.co/image/c7a68b10f61696b28fdf8219a92eb634a820400e,https://open.spotify.com/track/3soOPBuMK8YMdWnV7xpEyf
55,2018-05-16,56,Up,JAPAN,Famous Dex,1168202,https://i.scdn.co/image/ab67616d0000485124ef7429ba82789623ae8b14,https://open.spotify.com/track/5PTG6rrL6EPFD9E2QMI2pl
56,2018-05-16,57,Up,Familiar,Liam Payne,1152888,https://i.scdn.co/image/ab67616d0000485128cb3d8716e3716c395fec77,https://open.spotify.com/track/0Y4hwUppbGc8aIBmiTz30A
57,2018-05-16,58,Down,Dura,Daddy Yankee,1144644,https://i.scdn.co/image/ab67616d00004851407475cb28e657ec856dcbaf,https://open.spotify.com/track/2j2fIJGh4PMdXt9ULI5Tlc
58,2018-05-16,59,Up,Let Me,ZAYN,1105189,https://i.scdn.co/image/ab67616d00004851adeff3f0456c183a0e88edec,https://open.spotify.com/track/7Fg342AJtNsIDdwCfX0paC
59,2018-05-16,60,Up,Somebody,The Chainsmokers,1101420,https://i.scdn.co/image/ab67616d000048519c270aec6b6b968a762b3603,https://open.spotify.com/track/3pWcj8hxj3fsb9TDAcMpEl
60,2018-05-16,61,Up,Dura - Remix,Daddy Yankee,1099737,https://i.scdn.co/image/00b63963f46b69359a4df39ec016a6fe78e46715,https://open.spotify.com/track/6U2NuJILEOEpW2tVCuqKHb
61,2018-05-16,62,Down,Zack And Codeine,Post Malone,1090645,https://i.scdn.co/image/4eeab79394ac6dd1d58132e9cecc5d6ba61b9ca1,https://open.spotify.com/track/5lZZmityu9TAjNvSY6GLhR
62,2018-05-16,63,Up,I Fall Apart,Post Malone,1089731,https://i.scdn.co/image/23bae95100dcb6ac8f88c19fa2a11c50a998a926,https://open.spotify.com/track/75ZvA4QfFiZvzhj2xkaWAh
63,2018-05-16,64,Up,Perfect,Ed Sheeran,1085451,https://i.scdn.co/image/ab67616d00004851ba5db46f4b838ef6027e6f96,https://open.spotify.com/track/0tgVpDi06FyKpA1z0VMD4v
64,2018-05-16,65,Down,92 Explorer,Post Malone,1075425,https://i.scdn.co/image/4eeab79394ac6dd1d58132e9cecc5d6ba61b9ca1,https://open.spotify.com/track/1D2L6MefbXon28PzIk9I3r
65,2018-05-16,66,Down,Échame La Culpa,Luis Fonsi,1068905,https://i.scdn.co/image/ab67616d000048510ac9a58447dfccc5127248e0,https://open.spotify.com/track/1zsG4eaZmkA1dvjDDsAGLK
66,2018-05-16,67,Up,Síguelo Bailando,Ozuna,1066227,https://i.scdn.co/image/ab67616d00004851b0a875d7f1bfe4ec4aaffa48,https://open.spotify.com/track/5Y9fnynLlIvqtM710MHzfz
67,2018-05-16,68,Down,Same Bitches (feat. G-Eazy & YG),Post Malone,1063862,https://i.scdn.co/image/4eeab79394ac6dd1d58132e9cecc5d6ba61b9ca1,https://open.spotify.com/track/688QpQAwqsLdBR6lr13wK1
68,2018-05-16,69,Flat,lovely (with Khalid),Billie Eilish,1035992,https://i.scdn.co/image/9d95ac9d573809e324fff0bedba2fe207770be69,https://open.spotify.com/track/0u2P5u6lvoDfwTYjAADbn4
69,2018-05-16,70,Flat,Takin' Shots,Post Malone,1003635,https://i.scdn.co/image/4eeab79394ac6dd1d58132e9cecc5d6ba61b9ca1,https://open.spotify.com/track/5ffntNJnJOeFv7b7DCd0Bw
70,2018-05-16,71,Flat,Sin Pijama,Becky G,996913,https://i.scdn.co/image/ab67616d000048514661cf765439018ebb7e0009,https://open.spotify.com/track/2ijef6ni2amuunRoKTlgww
71,2018-05-16,72,Up,Shoota (feat. Lil Uzi Vert),Playboi Carti,978190,https://i.scdn.co/image/e47516f210ed9404634f7e8055775973b3f75dd6,https://open.spotify.com/track/2BJSMvOGABRxokHKB0OI8i
72,2018-05-16,73,Flat,El Préstamo,Maluma,977633,https://i.scdn.co/image/ab67616d00004851530b91ed48d536028e8ac26f,https://open.spotify.com/track/0QS5rZpm5zN9wV9lJgjyUE
73,2018-05-16,74,Up,La player (Bandolera),Zion & Lennox,976110,https://i.scdn.co/image/ab67616d00004851300e1b3b6b6904d84e76bb14,https://open.spotify.com/track/0VKkyBKCXyR99navhVRqcP
74,2018-05-16,75,Down,Déjala que vuelva (feat. Manuel Turizo),Piso 21,962329,https://i.scdn.co/image/ab67616d000048518cf2d98b8cee7a46488a3c25,https://open.spotify.com/track/1j6xOGusnyXq3l6IryKF3G
75,2018-05-16,76,Flat,1950,King Princess,956819,https://i.scdn.co/image/ab67616d00004851580625d3d07c5b16238c2e69,https://open.spotify.com/track/0CZ8lquoTX2Dkg7Ak2inwA
76,2018-05-16,77,Up,I Wanna Know (feat. Bea Miller),NOTD,952590,https://i.scdn.co/image/ab67616d00004851aba940d3db8ff59443876bc4,https://open.spotify.com/track/18W92Zm1KjLCbUIszOhpkD
77,2018-05-16,78,Down,Delicate,Taylor Swift,949901,https://i.scdn.co/image/c2e6423b9624845f6dd57aef8ce00fa53aedcef7,https://open.spotify.com/track/6NFyWDv5CjfwuzoCkw47Xf
78,2018-05-16,79,Up,Wolves,Selena Gomez,938179,https://i.scdn.co/image/ab67616d0000485110368f28dac3b838770f985c,https://open.spotify.com/track/7EmGUiUaOSGDnUUQUDrOXC
79,2018-05-16,80,Up,Believer,Imagine Dragons,938118,https://i.scdn.co/image/ab67616d00004851ee138477bb382419f3f165c5,https://open.spotify.com/track/7Izh7zLJGw1Nscd62Exxj4
80,2018-05-16,81,Down,XO Tour Llif3,Lil Uzi Vert,935095,https://i.scdn.co/image/ab67616d0000485141b41e6f7924e530a9b00f9c,https://open.spotify.com/track/7GX5flRQZVHRAGd6B4TmDO
81,2018-05-16,82,Up,Thunder,Imagine Dragons,934912,https://i.scdn.co/image/ab67616d00004851ee138477bb382419f3f165c5,https://open.spotify.com/track/26gceVsA1ybT8qsX3aYLEn
82,2018-05-16,83,Down,Wake Me Up - Radio Edit,Avicii,931058,https://i.scdn.co/image/ab67616d00004851d20bacc84d203cc330a5df75,https://open.spotify.com/track/6g1NlCpW7fgqDnWbCCDrHl
83,2018-05-16,84,Flat,Never Be the Same,Camila Cabello,927649,https://i.scdn.co/image/ab67616d000048516eb0b9e73adcf04e4ed3eca4,https://open.spotify.com/track/4eWQlBRaTjPPUlzacqEeoQ
84,2018-05-16,85,Flat,Genius,Sia,926238,https://i.scdn.co/image/ab67616d00004851f347c65ab0a4d85e7c547cee,https://open.spotify.com/track/73F87Sqh6jQWucOOvz1WFx
85,2018-05-16,86,Flat,Say Something,Justin Timberlake,904263,https://i.scdn.co/image/ab67616d000048514626ff0fee963da605f6aa06,https://open.spotify.com/track/1LhMopPAallLeaeNutqbgS
86,2018-05-16,87,Up,"King's Dead (with Kendrick Lamar, Future & James Blake)",Jay Rock,901052,https://i.scdn.co/image/ab67616d00004851c3de572921cabde540d4880a,https://open.spotify.com/track/51rXHuKN8Loc4sUlKPODgH
87,2018-05-16,88,Down,Otherside,Post Malone,894456,https://i.scdn.co/image/4eeab79394ac6dd1d58132e9cecc5d6ba61b9ca1,https://open.spotify.com/track/4qWCFTuNnmGNdY4egtb4ZY
88,2018-05-16,89,Up,Criminal,Natti Natasha,885817,https://i.scdn.co/image/ab67616d000048515f3f4af0d3e662247a7d8cff,https://open.spotify.com/track/6Za3190Sbw39BBC77WSS1C
89,2018-05-16,90,Down,Chun-Li,Nicki Minaj,873092,https://i.scdn.co/image/ab67616d00004851a942539d8ac2bcf84f82d94d,https://open.spotify.com/track/2gTYVoQCUh0QNUaFix01ld
90,2018-05-16,91,Flat,Te Amo,Piso 21,862639,https://i.scdn.co/image/ab67616d00004851bc80625f6bd474fa01f8bd5e,https://open.spotify.com/track/2RVrdr062uLFxXwIxwdXPH
91,2018-05-16,92,Down,Four Out Of Five,Arctic Monkeys,858131,https://i.scdn.co/image/ab67616d00004851f7017fd086b1f27d90993175,https://open.spotify.com/track/5Z5nbOXhsSbySVC7WUc6y9
92,2018-05-16,93,Up,Done for Me,Charlie Puth,853239,https://i.scdn.co/image/ab67616d00004851897f73256b9128a9d70eaf66,https://open.spotify.com/track/1lsBTdE6MGsKeZCD6llNu7
93,2018-05-16,94,Up,Feel It Still,Portugal. The Man,852782,https://i.scdn.co/image/ab67616d00004851af52c228c9619ff6298b08cd,https://open.spotify.com/track/6QgjcU0zLnzq5OrUoSZ3OK
94,2018-05-16,95,Down,Too Good At Goodbyes,Sam Smith,851689,https://i.scdn.co/image/eb645ad7342e0f34817e16d9d4061c3b5e374d4c,https://open.spotify.com/track/1mXVgsBdtIVeCLJnSnmtdV
95,2018-05-16,96,Up,Be Careful,Cardi B,851364,https://i.scdn.co/image/ab67616d00004851a0caffda54afd0a65995bbab,https://open.spotify.com/track/2Yl4OmDby9iitgNWZPwxkd
96,2018-05-16,97,Up,Esskeetit,Lil Pump,845649,https://i.scdn.co/image/ab67616d00004851ba96802a5cc38a5be31892c3,https://open.spotify.com/track/44KKhCyI0BGS6LvVyDqJtH
97,2018-05-16,98,Down,Without You (feat. Sandro Cavazza),Avicii,842051,https://i.scdn.co/image/ab67616d0000485130800bfbfff51ddb031d9bd7,https://open.spotify.com/track/6WbADFqMvR8N5u0BvtsWQE
98,2018-05-16,99,Down,Bella,Wolfine,841691,https://i.scdn.co/image/ab67616d0000485100f3f20aca8bce07b5e68af8,https://open.spotify.com/track/3xcCix7Jv1Rp90YVmgo35D
99,2018-05-16,100,Up,HUMBLE.,Kendrick Lamar,840722,https://i.scdn.co/image/ae1f239b41e9604a66eb900834c6887cd2f62ff1,https://open.spotify.com/track/7KXjTSCq5nL1LoYtL7XAwS
100,2018-05-16,101,Down,Finesse - Remix; feat. Cardi B,Bruno Mars,840702,https://i.scdn.co/image/ab67616d0000485147e522adf030a78615cdea06,https://open.spotify.com/track/3Vo4wInECJQuz9BIBMOu8i
101,2018-05-16,102,Up,I'll Be There,Jess Glynne,839255,https://i.scdn.co/image/ab67616d0000485177179b6ddeb4b4f4757e7a10,https://open.spotify.com/track/083Qf6hn6sFL6xiOHlZUyn
102,2018-05-16,103,Down,Pray For Me (with Kendrick Lamar),The Weeknd,836429,https://i.scdn.co/image/ab67616d000048518ac2a58fbcab6a775e790b15,https://open.spotify.com/track/4ofvoCdXq99vpMZO4Cfp8x
103,2018-05-16,104,Down,Moonlight,XXXTENTACION,834748,https://i.scdn.co/image/f0443f8ad743f6052c813c593f1ad0fc161965a2,https://open.spotify.com/track/0JP9xo3adEtGSdUEISiszL
104,2018-05-16,105,Flat,Happier,Ed Sheeran,831777,https://i.scdn.co/image/ab67616d00004851ba5db46f4b838ef6027e6f96,https://open.spotify.com/track/2RttW7RAu5nOAfq6YFvApB
105,2018-05-16,106,Up,Silence,Marshmello,830624,https://i.scdn.co/image/ab67616d00004851f33ba583059dc2f7d08bf2b8,https://open.spotify.com/track/7vGuf3Y35N4wmASOKLUVVU
106,2018-05-16,107,Flat,Dembow,Danny Ocean,825655,https://i.scdn.co/image/ab67616d00004851418acc3f747c7a42f91c72c6,https://open.spotify.com/track/2EzRdhuoPyNJDlep7lnNf2
107,2018-05-16,108,Up,Madura (feat. Bad Bunny),Cosculluela,823871,https://i.scdn.co/image/ab67616d000048518224652a5fd5d3c207e41e11,https://open.spotify.com/track/0r9d60ZYPAlFHq8qnUtkXN
108,2018-05-16,109,Down,Congratulations,Post Malone,823231,https://i.scdn.co/image/23bae95100dcb6ac8f88c19fa2a11c50a998a926,https://open.spotify.com/track/3a1lNhkSLSkpJE4MSHpDu9
109,2018-05-16,110,Up,Lucid Dreams,Juice WRLD,818524,https://i.scdn.co/image/ab67616d000048515eb0085f2770818792c3c970,https://open.spotify.com/track/32iYwQ4OYiurnGnOfJ1aEh
110,2018-05-16,111,Down,Blame It On Me,Post Malone,811318,https://i.scdn.co/image/4eeab79394ac6dd1d58132e9cecc5d6ba61b9ca1,https://open.spotify.com/track/1ZemPoaj7LBj1RAQrb89EC
111,2018-05-16,112,Down,Jocelyn Flores,XXXTENTACION,803075,https://i.scdn.co/image/ab67616d00004851203c89bd4391468eea4cc3f5,https://open.spotify.com/track/7m9OqQk4RVRkw9JJdeAw96
112,2018-05-16,113,Down,Corazón,Maluma,800079,https://i.scdn.co/image/ab67616d000048516876ec811b26ba2094565b34,https://open.spotify.com/track/4lESS6vuruP6a79KWRaQou
113,2018-05-16,114,Down,Young Dumb & Broke,Khalid,794639,https://i.scdn.co/image/ab67616d00004851988ede5e1276e758b5f9e577,https://open.spotify.com/track/5Z3GHaZ6ec9bsiI5BenrbY
114,2018-05-16,115,Up,Attention,Charlie Puth,785598,https://i.scdn.co/image/ab67616d00004851897f73256b9128a9d70eaf66,https://open.spotify.com/track/5cF0dROlMOK5uNZtivgu50
115,2018-05-16,116,Down,Answerphone (feat. Yxng Bane),Banx & Ranx,785540,https://i.scdn.co/image/ab67616d000048511aead9238a3ec947f46b7176,https://open.spotify.com/track/1HagMz5nWk1HmevNCBOxF3
116,2018-05-16,117,Up,All Girls Are The Same,Juice WRLD,768745,https://i.scdn.co/image/ab67616d000048512aef795d72e890dccc946724,https://open.spotify.com/track/1dNyRyz1QBN9kO1etUs1PI
117,2018-05-16,118,Up,Say You Won't Let Go,James Arthur,761246,https://i.scdn.co/image/ab67616d0000485120beb61f61fcbeb33b10a9ab,https://open.spotify.com/track/5uCax9HTNlzGybIStD3vDh
118,2018-05-16,119,Up,Let You Down,NF,758531,https://i.scdn.co/image/ab67616d0000485139e85b6ae069d1e25bbc89df,https://open.spotify.com/track/6mrKP2jyIQmM0rw6fQryjr
119,2018-05-16,120,Down,Amorfoda,Bad Bunny,756233,https://i.scdn.co/image/ab67616d00004851ffde74831eadc3cdccc02188,https://open.spotify.com/track/3ITvHA9zhZZdBJsOsAUegF
120,2018-05-16,121,Up,Downtown,Anitta,755315,https://i.scdn.co/image/ab67616d000048518c6b830c36c7b4ac43c3cee8,https://open.spotify.com/track/3Ga6eKrUFf12ouh9Yw3v2D
121,2018-05-16,122,Down,Toy,Netta,752252,https://i.scdn.co/image/ab67616d00004851fbe1b75fc0ea7d8fb7e96f19,https://open.spotify.com/track/7vuTcvFnvlqWlWb4u60nvY
122,2018-05-16,123,Up,Por Perro,Sebastian Yatra,746901,https://i.scdn.co/image/ab67616d00004851fbb456b7d2ed4fbe818cb401,https://open.spotify.com/track/1XM5PgxjpYcF0JuE9nfUbS
123,2018-05-16,124,Up,Audio,Sia,745525,https://i.scdn.co/image/ab67616d00004851e31305a4f129226f8f594000,https://open.spotify.com/track/7boPPE857KEqCIHNwFkDop
124,2018-05-16,125,Down,Redbone,Childish Gambino,745240,https://i.scdn.co/image/ab67616d000048510b97e56ffad7c6211aa848f8,https://open.spotify.com/track/3kxfsdsCpFgN412fpnW85Y
125,2018-05-16,126,Down,Stir Fry,Migos,740325,https://i.scdn.co/image/36f1a1c6bddf8a4c0b9e6c7612a9b25048904344,https://open.spotify.com/track/2UVbBKQOdFAekPTRsnkzcf
126,2018-05-16,127,Down,River (feat. Ed Sheeran),Eminem,737706,https://i.scdn.co/image/ab67616d00004851255191ed87a907d362b43f19,https://open.spotify.com/track/5UEnHoDYpsxlfzWLZIc7LD
127,2018-05-16,128,Down,Sugar Wraith,Post Malone,733447,https://i.scdn.co/image/4eeab79394ac6dd1d58132e9cecc5d6ba61b9ca1,https://open.spotify.com/track/0MrRAUcB8AZiB9ue2VOBYe
128,2018-05-16,129,Up,Dusk Till Dawn - Radio Edit,ZAYN,726309,https://i.scdn.co/image/ab67616d0000485123852b7ef0ecfe29d38d97ee,https://open.spotify.com/track/1j4kHkkpqZRBwE0A4CN4Yv
129,2018-05-16,130,Up,Unforgettable,French Montana,723850,https://i.scdn.co/image/ab67616d000048518a31195a371b2233456f6c07,https://open.spotify.com/track/3B54sVLJ402zGa6Xm4YGNe
130,2018-05-16,131,Up,What Lovers Do (feat. SZA),Maroon 5,716760,https://i.scdn.co/image/ab67616d000048519ccf08d3f74b36b7880522b5,https://open.spotify.com/track/3hBBKuWJfxlIlnd9QFoC8k
131,2018-05-16,132,Down,Sensualidad,Bad Bunny,712008,https://i.scdn.co/image/ab67616d00004851c0ca1263b2966ddff794d3bb,https://open.spotify.com/track/5hcisvFMidkMJlElTO9Qmw
132,2018-05-16,133,Up,Lonely Together (feat. Rita Ora),Avicii,710351,https://i.scdn.co/image/241ee98f30f1a0066a26890586952e393a473b0d,https://open.spotify.com/track/2OALaHcDdKkjYEpAr0Qzab
133,2018-05-16,134,Up,Bella - Remix,Wolfine,710218,https://i.scdn.co/image/ab67616d000048513eeda507c84ffc5066e5cae4,https://open.spotify.com/track/0SaYeGhSXN0dDWstyNTQ56
134,2018-05-16,135,Down,Everyday,Logic,709051,https://i.scdn.co/image/048f72adcf19156266fbe080c1d4a782f6affdfd,https://open.spotify.com/track/4EAV2cKiqKP5UPZmY6dejk
135,2018-05-16,136,Up,"Let Me Go (with Alesso, Florida Georgia Line & watt)",Hailee Steinfeld,706758,https://i.scdn.co/image/ab67616d00004851dbdc892395413def043e0655,https://open.spotify.com/track/5AEtlRudpgdT5FtNiuly6Y
136,2018-05-16,137,Down,One Dance,Drake,703327,https://i.scdn.co/image/ab67616d00004851726abca207567d5e41cb9667,https://open.spotify.com/track/1xznGGDReH1oQq0xzbwXa3
137,2018-05-16,138,Up,I Miss You (feat. Julia Michaels),Clean Bandit,697983,https://i.scdn.co/image/ab67616d000048518341ce7a7a1f4ab4182823d5,https://open.spotify.com/track/2xmrfQpmS2iJExTlklLoAL
138,2018-05-16,139,Up,Something Just Like This,The Chainsmokers,695596,https://i.scdn.co/image/ab67616d000048510c13d3d5a503c84fcc60ae94,https://open.spotify.com/track/6RUKPb4LETWmmr3iAEQktW
139,2018-05-16,140,Up,This Is Me,Keala Settle,695247,https://i.scdn.co/image/ab67616d00004851b33c769adce9e164764a7ca0,https://open.spotify.com/track/2xGjteMU3E1tkEPVFBO08U
140,2018-05-16,141,Down,Kevin’s Heart,J. Cole,688968,https://i.scdn.co/image/bd919c9fa18e0214f9d16d0e65fa453ce6c60a0c,https://open.spotify.com/track/6tZ3b7ik1QDXFAZlXib0YZ
141,2018-05-16,142,Up,goosebumps,Travis Scott,688744,https://i.scdn.co/image/ab67616d00004851f54b99bf27cda88f4a7403ce,https://open.spotify.com/track/6gBFPUFcJLzWGx4lenP6h2
142,2018-05-16,143,Up,Rewrite The Stars,Zac Efron,688706,https://i.scdn.co/image/ab67616d00004851d44e723b677380dfbc899bcd,https://open.spotify.com/track/630sXRhIcfwr2e4RdNtjKN
143,2018-05-16,144,Down,How Long,Charlie Puth,687317,https://i.scdn.co/image/ab67616d00004851897f73256b9128a9d70eaf66,https://open.spotify.com/track/6wmAHw1szh5RCKSRjiXhPe
144,2018-05-16,145,Down,Breathe,Jax Jones,683527,https://i.scdn.co/image/ab67616d00004851242e97b0767265f5c3cf0277,https://open.spotify.com/track/6tvQzeCPwOytDlBYCIOY0n
145,2018-05-16,146,Down,Perfect Duet (Ed Sheeran & Beyoncé),Ed Sheeran,682470,https://i.scdn.co/image/ab67616d00004851af6b2fca3b6e24612a5fe5d8,https://open.spotify.com/track/1bhUWB0zJMIKr9yVPrkEuI
146,2018-05-16,147,Up,PICK IT UP (feat. A$AP Rocky),Famous Dex,669700,https://i.scdn.co/image/ab67616d0000485124ef7429ba82789623ae8b14,https://open.spotify.com/track/0dSIrRkA4PadGll16TgbnV
147,2018-05-16,148,Up,Guatemala - From Swaecation,Rae Sremmurd,664628,https://i.scdn.co/image/ab67616d00004851ba9015f4504a9dfd7560bfa9,https://open.spotify.com/track/0TCnOEVeLQMXOUrpPlM7uY
148,2018-05-16,149,Up,I Like Me Better,Lauv,663971,https://i.scdn.co/image/ab67616d00004851fab48816b625e2a77a732400,https://open.spotify.com/track/1wjzFQodRWrPcQ0AnYnvQ9
149,2018-05-16,150,Down,Solita,Ozuna,661768,https://i.scdn.co/image/ab67616d00004851bc739e4f39cb4d5c253fcb64,https://open.spotify.com/track/7rwX0O3RlxqqIjQM8evm5E
150,2018-05-16,151,Up,Whatever It Takes,Imagine Dragons,661105,https://i.scdn.co/image/ab67616d00004851ee138477bb382419f3f165c5,https://open.spotify.com/track/7F3uo3304R2CTvOseU3H7u
151,2018-05-16,152,Up,changes,XXXTENTACION,660791,https://i.scdn.co/image/f0443f8ad743f6052c813c593f1ad0fc161965a2,https://open.spotify.com/track/7AFASza1mXqntmGtbxXprO
152,2018-05-16,153,Up,1-800-273-8255,Logic,657023,https://i.scdn.co/image/08f9ccb7875a87c07c79c1ccd5319263786c55ea,https://open.spotify.com/track/5tz69p7tJuGPeMGwNTxYuV
153,2018-05-16,154,Down,ATM,J. Cole,655368,https://i.scdn.co/image/bd919c9fa18e0214f9d16d0e65fa453ce6c60a0c,https://open.spotify.com/track/2UciqgwVDwro0fev3MFbxJ
154,2018-05-16,155,Up,Ahora,J Balvin,654644,https://i.scdn.co/image/ab67616d00004851cfdb7f30980eb9b1ab3356de,https://open.spotify.com/track/54OB85nuxYGfl7qRQXuz7c
155,2018-05-16,156,Down,Location,Khalid,654607,https://i.scdn.co/image/ab67616d00004851988ede5e1276e758b5f9e577,https://open.spotify.com/track/152lZdxL1OR0ZMW6KquMif
156,2018-05-16,157,Up,More Than You Know,Axwell /\ Ingrosso,650528,https://i.scdn.co/image/ab67616d00004851a1944d8afb76a8fd03ed8c0f,https://open.spotify.com/track/71bBFbfn2OBK5QwUJSLS44
157,2018-05-16,158,Up,Sorry Not Sorry,Demi Lovato,649858,https://i.scdn.co/image/ab67616d00004851ec9c72308e30e7aa1d22b37d,https://open.spotify.com/track/3m660poUr1chesgkkjQM7P
158,2018-05-16,159,Up,New Light,John Mayer,644528,https://i.scdn.co/image/ab67616d0000485121f02a52720857a42bba5417,https://open.spotify.com/track/3bH4HzoZZFq8UpZmI2AMgV
159,2018-05-16,160,Up,EL BAÑO,Enrique Iglesias,643932,https://i.scdn.co/image/ab67616d000048517a201c3a7e4677711df31e57,https://open.spotify.com/track/2vvdTrdryjsl8DmPIMDWZU
160,2018-05-16,161,Up,Bank Account,21 Savage,642624,https://i.scdn.co/image/ab67616d00004851ac3c0aecec76cd7b5a54795e,https://open.spotify.com/track/2fQrGHiQOvpL9UgPvtYy6G
161,2018-05-16,162,Down,Closer,The Chainsmokers,641212,https://i.scdn.co/image/ab67616d00004851495ce6da9aeb159e94eaa453,https://open.spotify.com/track/7BKLCZ1jbUBVqRi2FVlTVw
162,2018-05-16,163,Down,Fuego,Eleni Foureira,640095,https://i.scdn.co/image/ab67616d00004851f7b9fe5a3d13da0d62fd9679,https://open.spotify.com/track/22ppznuzVF9LKamaaqMMqu
163,2018-05-16,164,Up,Bodak Yellow,Cardi B,630923,https://i.scdn.co/image/ab67616d00004851a0caffda54afd0a65995bbab,https://open.spotify.com/track/6KBYefIoo7KydImq1uUQlL
164,2018-05-16,165,Up,Drink About,Seeb,626103,https://i.scdn.co/image/ab67616d000048518e23855a5d79f4a4f15b1292,https://open.spotify.com/track/2GGGm4MLQynB3I4E4ycIYC
165,2018-05-16,166,Flat,La Cintura,Alvaro Soler,623777,https://i.scdn.co/image/ab67616d000048518711724c45634c46c313b775,https://open.spotify.com/track/19MBk3PbNFE36wqIqkMq9H
166,2018-05-16,167,Down,El Farsante - Remix,Ozuna,621524,https://i.scdn.co/image/ab67616d000048519730f9b901c4ca652c0fd21b,https://open.spotify.com/track/7uYgVgRSgqluZclLS7wpp4
167,2018-05-16,168,Up,Culpable O No - Miénteme Como Siempre,Luis Miguel,618682,https://i.scdn.co/image/ab67616d0000485184fe22dc0e9d864fd44ff9f8,https://open.spotify.com/track/7BwxbmYFy0l3ROHDjV2c14
168,2018-05-16,169,Down,Mi Gente,J Balvin,616093,https://i.scdn.co/image/ab67616d00004851996bd1ea86bd3815eedfeef5,https://open.spotify.com/track/2rb5MvYT7ZIxbKW5hfcHx8
169,2018-05-16,170,Up,Him & I (with Halsey),G-Eazy,612860,https://i.scdn.co/image/ab67616d00004851046527a9c176f7c2916f3530,https://open.spotify.com/track/5k38wzpLb15YgncyWdTZE4
170,2018-05-16,171,Up,Africa,TOTO,606887,https://i.scdn.co/image/ab67616d00004851673d6a2831f72e48745ea80d,https://open.spotify.com/track/2374M0fQpWi3dLnB54qaLX
171,2018-05-16,172,Down,Star Treatment,Arctic Monkeys,605690,https://i.scdn.co/image/ab67616d00004851f7017fd086b1f27d90993175,https://open.spotify.com/track/0b93tWwuoAC0nXe1CfR30I
172,2018-05-16,173,Up,Anywhere,Rita Ora,605294,https://i.scdn.co/image/ab67616d000048517a642f7a662f4c94683ac038,https://open.spotify.com/track/7EI6Iki24tBHAMxtb4xQN2
173,2018-05-16,174,New,Bohemian Rhapsody - Remastered 2011,Queen,602848,https://i.scdn.co/image/ab67616d00004851a461aa96bd9a8fcd0a492aee,https://open.spotify.com/track/1AhDOtG9vPSOmsWgNW0BEY
174,2018-05-16,175,Up,For You (Fifty Shades Freed) (& Rita Ora),Liam Payne,601072,https://i.scdn.co/image/ab67616d00004851ddc8bbc60fa930446a2b5718,https://open.spotify.com/track/5hM6sP0Gh1jD57drszNueC
175,2018-05-16,176,Up,Thinking out Loud,Ed Sheeran,599675,https://i.scdn.co/image/ab67616d00004851d08209944468440145f01524,https://open.spotify.com/track/1Slwb6dOYkBlWal1PGtnNg
176,2018-05-16,177,Down,Nena Maldicion (feat. Lenny Tavarez),Paulo Londra,598204,https://i.scdn.co/image/ab67616d000048510959fcbf5c812109ed07124d,https://open.spotify.com/track/3TnhQSRwT3AVMdXw5JPq0x
177,2018-05-16,178,Flat,Esperándote,Manuel Turizo,597926,https://i.scdn.co/image/ab67616d00004851fa2960f06e1f2ed9cedb6d12,https://open.spotify.com/track/1nfyE13arjOuO54HH0zmqj
178,2018-05-16,179,Down,Me Rehúso,Danny Ocean,595483,https://i.scdn.co/image/ab67616d00004851a75bd33684083600569dd3bf,https://open.spotify.com/track/6De0lHrwBfPfrhorm9q1Xl
179,2018-05-16,180,Down,I'm Yours,Jason Mraz,594044,https://i.scdn.co/image/ab67616d000048513f911caa42c2ef00253efb70,https://open.spotify.com/track/3S0OXQeoh0w6AY8WQVckRW
180,2018-05-16,181,Up,BUTTERFLY EFFECT,Travis Scott,591482,https://i.scdn.co/image/ab67616d00004851b5e9358d0d07114609d9afab,https://open.spotify.com/track/1yxgsra98r3qAtxqiGZPiX
181,2018-05-16,182,Down,1942,G-Eazy,588572,https://i.scdn.co/image/ab67616d000048517868acf99b7887149bb1ec6f,https://open.spotify.com/track/794QVQtFNy7hvtjQP1keQd
182,2018-05-16,183,Up,Red Roses (feat. Landon Cube),Lil Skies,585451,https://i.scdn.co/image/ab67616d00004851c56dcd1015c1ffb8c56d2988,https://open.spotify.com/track/3ZhTT6yjZwpPph5MIJ53XY
183,2018-05-16,184,Up,Photograph,Ed Sheeran,585041,https://i.scdn.co/image/ab67616d00004851d08209944468440145f01524,https://open.spotify.com/track/6fxVffaTuwjgEk5h9QyRjy
184,2018-05-16,185,Up,Fuck Love (feat. Trippie Redd),XXXTENTACION,584083,https://i.scdn.co/image/ab67616d00004851203c89bd4391468eea4cc3f5,https://open.spotify.com/track/7AQim7LbvFVZJE3O8TYgf2
185,2018-05-16,186,Up,Betrayed,Lil Xan,578599,https://i.scdn.co/image/b1b4ff855ea6766f8271cf8a27c8f00586380964,https://open.spotify.com/track/4vaxvNDaLSoD36iZX515ug
186,2018-05-16,187,Down,Motiv8,J. Cole,577844,https://i.scdn.co/image/bd919c9fa18e0214f9d16d0e65fa453ce6c60a0c,https://open.spotify.com/track/1AT4xjNarTswd0UZ5FlmKF
187,2018-05-16,188,New,If You're Over Me,Years & Years,577802,https://i.scdn.co/image/ab67616d00004851bdee2903ac46df0b47cd0086,https://open.spotify.com/track/01k24g94i1JvkFLQmVEdCd
188,2018-05-16,189,Up,To My Love - Tainy Remix,Bomba Estéreo,577402,https://i.scdn.co/image/ab67616d000048516e10d0e1258943b836560e6c,https://open.spotify.com/track/5LciLoxa1gK70yIUeoHgRx
189,2018-05-16,190,Down,You Can Cry,Marshmello,576640,https://i.scdn.co/image/ab67616d00004851c5e91db1b0034862260bf945,https://open.spotify.com/track/3ZbJMlEL4Kcme0ONRO7Slx
190,2018-05-16,191,Down,Beautiful,Bazzi,575703,https://i.scdn.co/image/ab67616d00004851f9f2d43ff44bdfbe8c556f8d,https://open.spotify.com/track/5TVirkSwFEXF1nLJEebe2I
191,2018-05-16,192,Up,Duro y Suave,Leslie Grace,573919,https://i.scdn.co/image/ab67616d00004851632c32a8edcfffecabcc7ab2,https://open.spotify.com/track/31M5m42C3EGlbydf9XB5to
192,2018-05-16,193,Down,Jettski Grizzley (feat. Lil Pump),Tee Grizzley,573908,https://i.scdn.co/image/ab67616d00004851d5785624d8bd5b5b98076541,https://open.spotify.com/track/2VKf0WEOpq06JE5PTNr9wa
193,2018-05-16,194,Up,There's Nothing Holdin' Me Back,Shawn Mendes,571806,https://i.scdn.co/image/ab67616d00004851f9cbd0c07513a7232cd6b9a7,https://open.spotify.com/track/79cuOz3SPQTuFrp8WgftAu
194,2018-05-16,195,Down,Lie to Me,Mikolas Josef,571268,https://i.scdn.co/image/ab67616d0000485141d33a9ea79736306e902589,https://open.spotify.com/track/6zBdVVksaTQeAzwfszbovz
195,2018-05-16,196,New,Plain Jane,A$AP Ferg,570409,https://i.scdn.co/image/ab67616d00004851d79cfa3155b50beb5dbeeb9a,https://open.spotify.com/track/4dVpf9jZjcORqGTLUaeYj9
196,2018-05-16,197,New,Barking,Ramz,568085,https://i.scdn.co/image/ab67616d0000485137a4c7a7325191433f3c2679,https://open.spotify.com/track/7amMgNDcObIDkIXv4xcvc2
197,2018-05-16,198,Down,Despacito - Remix,Luis Fonsi,567996,https://i.scdn.co/image/ab67616d00004851d8559d0280ffe2a2af6dacdf,https://open.spotify.com/track/5CtI0qwDJkDQGwXD1H1cLb
198,2018-05-16,199,New,Symphony (feat. Zara Larsson),Clean Bandit,566648,https://i.scdn.co/image/ab67616d000048515b1130d050c4cd2295999d85,https://open.spotify.com/track/1x5sYLZiu9r5E43kMlt9f8
199,2018-05-16,200,New,Nowadays (feat. Landon Cube),Lil Skies,565357,https://i.scdn.co/image/ab67616d00004851c56dcd1015c1ffb8c56d2988,https://open.spotify.com/track/2u7mxWSeoqTXndK5e08jMp
