,Date,Position,Trend,Title,Artist,Streams,Icon_URL,Spotify_URL
0,2017-03-29,1,Flat,Shape of You,Ed Sheeran,6670212,https://i.scdn.co/image/ab67616d00004851ba5db46f4b838ef6027e6f96,https://open.spotify.com/track/7qiZfU4dY1lWllzX7mPBI3
1,2017-03-29,2,Flat,Passionfruit,Drake,4453513,https://i.scdn.co/image/ab67616d000048515ea859dc94365abd9fd84fd6,https://open.spotify.com/track/7hDc8b7IXETo14hHIHdnhd
2,2017-03-29,3,Flat,It Ain't Me (with Selena Gomez),Kygo,4101841,https://i.scdn.co/image/ab67616d0000485141f289940f2e6a0d51988d77,https://open.spotify.com/track/3eR23VReFzcdmS7TYCrhCe
3,2017-03-29,4,Flat,Something Just Like This,The Chainsmokers,3864901,https://i.scdn.co/image/ab67616d000048510c13d3d5a503c84fcc60ae94,https://open.spotify.com/track/6RUKPb4LETWmmr3iAEQktW
4,2017-03-29,5,Up,Stay (with Alessia Cara),Zedd,3340396,https://i.scdn.co/image/ab67616d0000485191a70f95efc3400f696e89cc,https://open.spotify.com/track/0dA2Mk56wEzDgegdC6R17g
5,2017-03-29,6,Down,Galway Girl,Ed Sheeran,3297845,https://i.scdn.co/image/ab67616d00004851ba5db46f4b838ef6027e6f96,https://open.spotify.com/track/0afhq8XCExXpqazXczTSve
6,2017-03-29,7,Flat,That's What I Like,Bruno Mars,3290404,https://i.scdn.co/image/ab67616d00004851232711f7d66a1e19e89e28c5,https://open.spotify.com/track/0KKkJNfGyhkQ5aFogxQAPU
7,2017-03-29,8,Flat,Despacito (Featuring Daddy Yankee),Luis Fonsi,3200522,https://i.scdn.co/image/ab67616d00004851a5971936e3b8d91f8b616b17,https://open.spotify.com/track/4aWmUDTfIPGksMNLV2rQP2
8,2017-03-29,9,Flat,Mask Off,Future,2989720,https://i.scdn.co/image/ab67616d00004851356884f85665ebdd79223fdf,https://open.spotify.com/track/3rOSwuTsUlJp0Pu0MkN8r8
9,2017-03-29,10,Flat,Paris,The Chainsmokers,2809919,https://i.scdn.co/image/ab67616d000048510c13d3d5a503c84fcc60ae94,https://open.spotify.com/track/72jbDTw1piOOj770jWNeaG
10,2017-03-29,11,Flat,"I Don’t Wanna Live Forever (Fifty Shades Darker) - From ""Fifty Shades Darker (Original Motion Picture Soundtrack)""",ZAYN,2702477,https://i.scdn.co/image/ab67616d000048512ae921f082ae5db4d3da818f,https://open.spotify.com/track/3NdDpSvN911VPGivFlV5d0
11,2017-03-29,12,Up,Symphony (feat. Zara Larsson),Clean Bandit,2623148,https://i.scdn.co/image/ab67616d000048515b1130d050c4cd2295999d85,https://open.spotify.com/track/1x5sYLZiu9r5E43kMlt9f8
12,2017-03-29,13,Down,Scared to Be Lonely,Martin Garrix,2613302,https://i.scdn.co/image/ab67616d0000485164f8a309aa3c0a66a31fc374,https://open.spotify.com/track/3ebXMykcMXOcLeJ9xZ17XH
13,2017-03-29,14,Down,Slide,Calvin Harris,2595011,https://i.scdn.co/image/ab67616d000048514d3fa5ce7ba599f4fd7803ef,https://open.spotify.com/track/7tr2za8SQg2CI8EDgrdtNl
14,2017-03-29,15,Flat,Issues,Julia Michaels,2478946,https://i.scdn.co/image/ab67616d000048519615e35e0e9e4b2c3dccb520,https://open.spotify.com/track/1sXUWdKx03aP9Gmzft58rt
15,2017-03-29,16,Flat,Castle on the Hill,Ed Sheeran,2347718,https://i.scdn.co/image/ab67616d00004851ba5db46f4b838ef6027e6f96,https://open.spotify.com/track/6PCUP3dWmTjcTtXY02oFdT
16,2017-03-29,17,Flat,Portland,Drake,2255040,https://i.scdn.co/image/6dfd956b9331fa9ea1f47ebb95311951ed72b3db,https://open.spotify.com/track/2bjwRfXMk4uRgOD9IBYl9h
17,2017-03-29,18,Flat,Chained To The Rhythm,Katy Perry,2170038,https://i.scdn.co/image/ab67616d000048511487979a7e0181a5d0406d1a,https://open.spotify.com/track/6520aj0B4FSKGVuKNsOCOi
18,2017-03-29,19,Up,Believer,Imagine Dragons,2145777,https://i.scdn.co/image/ab67616d000048517956bd9a3d7a15e4c2e37cc6,https://open.spotify.com/track/0CcQNd8CINkwQfe1RDtGV6
19,2017-03-29,20,Up,Cold,Maroon 5,2136204,https://i.scdn.co/image/ab67616d000048514727f9e79c338683c5bf8921,https://open.spotify.com/track/5NNlUMcOEOdoOIwwaWXv0k
20,2017-03-29,21,Up,Rockabye (feat. Sean Paul & Anne-Marie),Clean Bandit,2127964,https://i.scdn.co/image/ab67616d000048511431c3bdf16aa99f71799d95,https://open.spotify.com/track/5knuzwU65gJK7IF5yJsuaW
21,2017-03-29,22,Up,You Don't Know Me - Radio Edit,Jax Jones,2100267,https://i.scdn.co/image/ab67616d00004851dd05a1716e2f07a07b8ccfe3,https://open.spotify.com/track/00lNx0OcTJrS3MKHcB80HY
22,2017-03-29,23,Down,Blem,Drake,2059089,https://i.scdn.co/image/6dfd956b9331fa9ea1f47ebb95311951ed72b3db,https://open.spotify.com/track/2XlHu0HcujBCkWMdIAvrqt
23,2017-03-29,24,Up,Happier,Ed Sheeran,1963814,https://i.scdn.co/image/ab67616d00004851ba5db46f4b838ef6027e6f96,https://open.spotify.com/track/2RttW7RAu5nOAfq6YFvApB
24,2017-03-29,25,Down,iSpy (feat. Lil Yachty),KYLE,1950971,https://i.scdn.co/image/ab67616d0000485132e373f2988bc6596a542d1c,https://open.spotify.com/track/2EEeOnHehOozLq4aS0n6SL
25,2017-03-29,26,Flat,I Feel It Coming,The Weeknd,1919227,https://i.scdn.co/image/b3683184efeb899b2d1a02f4957d0c630dc10b0b,https://open.spotify.com/track/5GXAXm5YOmYT0kL5jHvYBt
26,2017-03-29,27,Flat,Perfect,Ed Sheeran,1823261,https://i.scdn.co/image/ab67616d00004851ba5db46f4b838ef6027e6f96,https://open.spotify.com/track/0tgVpDi06FyKpA1z0VMD4v
27,2017-03-29,28,Flat,Call On Me - Ryan Riback Extended Remix,Starley,1794680,https://i.scdn.co/image/ab67616d000048519d4079afc73664f86f055400,https://open.spotify.com/track/78rIJddV4X0HkNAInEcYde
28,2017-03-29,29,Up,Swalla (feat. Nicki Minaj & Ty Dolla $ign),Jason Derulo,1769978,https://i.scdn.co/image/ab67616d000048519d6522bee68370fa5592301d,https://open.spotify.com/track/6kex4EBAj0WHXDKZMEJaaF
29,2017-03-29,30,Up,Green Light,Lorde,1730432,https://i.scdn.co/image/ab67616d0000485128e1139fd3a34626351b9004,https://open.spotify.com/track/0gbBzIqrECJOEPvQJIBFs5
30,2017-03-29,31,Down,Fake Love,Drake,1725915,https://i.scdn.co/image/6dfd956b9331fa9ea1f47ebb95311951ed72b3db,https://open.spotify.com/track/343YBumqHu19cGoGARUTsd
31,2017-03-29,32,Down,Closer,The Chainsmokers,1711383,https://i.scdn.co/image/ab67616d00004851495ce6da9aeb159e94eaa453,https://open.spotify.com/track/7BKLCZ1jbUBVqRi2FVlTVw
32,2017-03-29,33,Flat,Say You Won't Let Go,James Arthur,1697548,https://i.scdn.co/image/ab67616d0000485120beb61f61fcbeb33b10a9ab,https://open.spotify.com/track/5uCax9HTNlzGybIStD3vDh
33,2017-03-29,34,Up,Solo Dance,Martin Jensen,1662022,https://i.scdn.co/image/ab67616d00004851950d67dbe3f31f1d9a5d06a2,https://open.spotify.com/track/6HUnnBwYZqcED1eQztxMBN
34,2017-03-29,35,Down,Gyalchester,Drake,1652807,https://i.scdn.co/image/6dfd956b9331fa9ea1f47ebb95311951ed72b3db,https://open.spotify.com/track/6UjfByV1lDLW0SOVQA4NAi
35,2017-03-29,36,Flat,"How Far I'll Go - From ""Moana""",Alessia Cara,1618492,https://i.scdn.co/image/ab67616d00004851fb128b1eda22335050f584fe,https://open.spotify.com/track/5hYTyyh2odQKphUbMqc5gN
36,2017-03-29,37,Flat,Starboy,The Weeknd,1592535,https://i.scdn.co/image/ab67616d000048510c8599cbde51245c128bcea9,https://open.spotify.com/track/5aAx2yezTd8zXrkmtKl66Z
37,2017-03-29,38,Flat,SUBEME LA RADIO,Enrique Iglesias,1578984,https://i.scdn.co/image/ab67616d000048515366ff028970205a29d558ed,https://open.spotify.com/track/7nKBxz47S9SD79N086fuhn
38,2017-03-29,39,Up,Run Up (feat. PARTYNEXTDOOR & Nicki Minaj),Major Lazer,1553955,https://i.scdn.co/image/ab67616d000048518036d7402a6a76aed04f1f98,https://open.spotify.com/track/0fg8CqpjdojMyXLNzM2PaJ
39,2017-03-29,40,Up,Still Got Time,ZAYN,1546192,https://i.scdn.co/image/ab67616d000048513bfd914f72da2ed8822a634f,https://open.spotify.com/track/000xQL6tZNLJzIrtIgxqSl
40,2017-03-29,41,Up,Congratulations,Post Malone,1512312,https://i.scdn.co/image/23bae95100dcb6ac8f88c19fa2a11c50a998a926,https://open.spotify.com/track/3a1lNhkSLSkpJE4MSHpDu9
41,2017-03-29,42,Up,Chantaje (feat. Maluma),Shakira,1472849,https://i.scdn.co/image/ab67616d00004851d05d3aad30c5fb7614893cf5,https://open.spotify.com/track/6mICuAdrwEjh6Y6lroV2Kg
42,2017-03-29,43,Up,Location,Khalid,1455513,https://i.scdn.co/image/ab67616d00004851988ede5e1276e758b5f9e577,https://open.spotify.com/track/152lZdxL1OR0ZMW6KquMif
43,2017-03-29,44,Down,Free Smoke,Drake,1444585,https://i.scdn.co/image/6dfd956b9331fa9ea1f47ebb95311951ed72b3db,https://open.spotify.com/track/05KOgYg8PGeJyyWBPi5ja8
44,2017-03-29,45,Up,Selfish (feat. Rihanna),Future,1411586,https://i.scdn.co/image/ab67616d00004851968822b495da180d0792a437,https://open.spotify.com/track/2Ce5IyMlVRVvN997ZJjJJA
45,2017-03-29,46,Up,El Amante,Nicky Jam,1396878,https://i.scdn.co/image/ab67616d00004851d77dbcd4dbd37cdfa61771fa,https://open.spotify.com/track/3umS4y3uQDkqekNjVpiRUs
46,2017-03-29,47,Down,Get It Together,Drake,1389347,https://i.scdn.co/image/6dfd956b9331fa9ea1f47ebb95311951ed72b3db,https://open.spotify.com/track/7y6c07pgjZvtHI9kuMVqk1
47,2017-03-29,48,Down,Dive,Ed Sheeran,1387708,https://i.scdn.co/image/ab67616d00004851ba5db46f4b838ef6027e6f96,https://open.spotify.com/track/51ChrwmUPDJvedPQnIU8Ls
48,2017-03-29,49,Up,Weak,AJR,1309772,https://i.scdn.co/image/ab67616d00004851c5f3ca405ff6ed13dc554b94,https://open.spotify.com/track/3E2Zh20GDCR9B1EYjfXWyv
49,2017-03-29,50,Up,Tunnel Vision,Kodak Black,1302844,https://i.scdn.co/image/ab67616d000048511541a676423805fc68ff3e66,https://open.spotify.com/track/4Q3N4Ct4zCuIHuZ65E3BD4
50,2017-03-29,51,Down,Teenage Fever,Drake,1297854,https://i.scdn.co/image/6dfd956b9331fa9ea1f47ebb95311951ed72b3db,https://open.spotify.com/track/6n3HGiq4v35D6eFOSwqYuo
51,2017-03-29,52,Down,The Heart Part 4,Kendrick Lamar,1270665,https://i.scdn.co/image/ab67616d00004851b276b47f7d919215a26f1d6a,https://open.spotify.com/track/1zayuwd1YLZsYDArkruHdL
52,2017-03-29,53,Up,Bad and Boujee (feat. Lil Uzi Vert),Migos,1249539,https://i.scdn.co/image/ab67616d0000485199a8ab6da9d593939302828a,https://open.spotify.com/track/4Km5HrUvYTaSUfiSGPJeQR
53,2017-03-29,54,Up,Me Rehúso,Danny Ocean,1241170,https://i.scdn.co/image/ab67616d00004851a75bd33684083600569dd3bf,https://open.spotify.com/track/6De0lHrwBfPfrhorm9q1Xl
54,2017-03-29,55,Up,September Song,JP Cooper,1223500,https://i.scdn.co/image/ab67616d000048511400ec742ee0935608e30700,https://open.spotify.com/track/0FuTx2s3YH1ppmtiM6l0zI
55,2017-03-29,56,Up,Let Me Love You,DJ Snake,1156109,https://i.scdn.co/image/ab67616d000048515045de6786e0af096de73ed4,https://open.spotify.com/track/4pdPtRcBmOSQDlJ3Fk945m
56,2017-03-29,57,Up,New Man,Ed Sheeran,1151807,https://i.scdn.co/image/ab67616d00004851ba5db46f4b838ef6027e6f96,https://open.spotify.com/track/5HDPtsnyb3maFmPL8LLUTG
57,2017-03-29,58,Flat,All Night,The Vamps,1150483,https://i.scdn.co/image/ab67616d00004851f03c9779c27137669304ea20,https://open.spotify.com/track/1yNyoWWWikbLhwIGWjZuDW
58,2017-03-29,59,Up,Bounce Back,Big Sean,1135913,https://i.scdn.co/image/695d0c097d8463ccc2c2b9855fe44e3e9e7bc267,https://open.spotify.com/track/0SGkqnVQo9KPytSri1H6cF
59,2017-03-29,60,Down,Madiba Riddim,Drake,1131776,https://i.scdn.co/image/6dfd956b9331fa9ea1f47ebb95311951ed72b3db,https://open.spotify.com/track/76gUmNLXGQVOsGhfcshkFP
60,2017-03-29,61,Up,XO TOUR Llif3,Lil Uzi Vert,1128179,https://i.scdn.co/image/ab67616d0000485115531ec8568373f631db9786,https://open.spotify.com/track/2eMwDehkIC1j68U6FA3Eiq
61,2017-03-29,62,Down,One Dance,Drake,1127107,https://i.scdn.co/image/ab67616d00004851726abca207567d5e41cb9667,https://open.spotify.com/track/1xznGGDReH1oQq0xzbwXa3
62,2017-03-29,63,Up,What Do I Know?,Ed Sheeran,1115166,https://i.scdn.co/image/ab67616d00004851ba5db46f4b838ef6027e6f96,https://open.spotify.com/track/2pJZ1v8HezrAoZ0Fhzby92
63,2017-03-29,64,Down,No Long Talk,Drake,1104274,https://i.scdn.co/image/6dfd956b9331fa9ea1f47ebb95311951ed72b3db,https://open.spotify.com/track/6CfrYuD3YRDYdYvH9jNtXY
64,2017-03-29,65,Up,24K Magic,Bruno Mars,1069145,https://i.scdn.co/image/ab67616d00004851232711f7d66a1e19e89e28c5,https://open.spotify.com/track/6b8Be6ljOzmkOmFslEb23P
65,2017-03-29,66,Down,Sacrifices,Drake,1038738,https://i.scdn.co/image/6dfd956b9331fa9ea1f47ebb95311951ed72b3db,https://open.spotify.com/track/0xl1w2q4VLojeXp4JfazPL
66,2017-03-29,67,Up,Reggaetón Lento (Bailemos),CNCO,1038552,https://i.scdn.co/image/ab67616d000048517db0f7ac4c612cce26ccacf9,https://open.spotify.com/track/3AEZUABDXNtecAOSC1qTfo
67,2017-03-29,68,Down,KMT,Drake,1028266,https://i.scdn.co/image/6dfd956b9331fa9ea1f47ebb95311951ed72b3db,https://open.spotify.com/track/2jTujnt0y344ai1rNOywgr
68,2017-03-29,69,Down,4422,Drake,1013181,https://i.scdn.co/image/6dfd956b9331fa9ea1f47ebb95311951ed72b3db,https://open.spotify.com/track/2fkeWbM6iqTw7oGHTYm2lw
69,2017-03-29,70,Up,Don't Wanna Know,Maroon 5,993278,https://i.scdn.co/image/ab67616d00004851eec1912bbc2ff74b8203fe5f,https://open.spotify.com/track/5MFzQMkrl1FOOng9tq6R9r
70,2017-03-29,71,Up,T-Shirt,Migos,990663,https://i.scdn.co/image/ab67616d0000485199a8ab6da9d593939302828a,https://open.spotify.com/track/7KOlJ92bu51cltsD9KU5I7
71,2017-03-29,72,Flat,All Time Low,Jon Bellion,976938,https://i.scdn.co/image/ff06a4138a99d272c24d2f6da9b5ea6067c054db,https://open.spotify.com/track/1CnPYaKxTVb4LWOtiGOm0m
72,2017-03-29,73,Up,Don't Leave,Snakehips,975718,https://i.scdn.co/image/ab67616d00004851b72a28b6f92b180a8a423e29,https://open.spotify.com/track/0Zx8khUcEfCFK2AEoIhC92
73,2017-03-29,74,Up,Starving,Hailee Steinfeld,965942,https://i.scdn.co/image/ab67616d00004851612495ee5769c99125031be2,https://open.spotify.com/track/1qOLh0tI7trd1zdDKxYZTe
74,2017-03-29,75,Down,Love On The Brain,Rihanna,961580,https://i.scdn.co/image/ddc285ca9817c96c7719b3f2a759e108787db021,https://open.spotify.com/track/2aksifNn5ph8igDOkPBA02
75,2017-03-29,76,Up,Body Like A Back Road,Sam Hunt,947745,https://i.scdn.co/image/ab67616d000048519eccbdab1110afc4d5a186a8,https://open.spotify.com/track/7mldq42yDuxiUNn08nvzHO
76,2017-03-29,77,Down,Jorja Interlude,Drake,945593,https://i.scdn.co/image/6dfd956b9331fa9ea1f47ebb95311951ed72b3db,https://open.spotify.com/track/13e6f8t7RKXuxZ0JdaaJRG
77,2017-03-29,78,Up,Otra vez (feat. J Balvin),Zion & Lennox,943493,https://i.scdn.co/image/ab67616d0000485182eabf564ddc57325a84dd50,https://open.spotify.com/track/3QwBODjSEzelZyVjxPOHdq
78,2017-03-29,79,Down,Supermarket Flowers,Ed Sheeran,921797,https://i.scdn.co/image/ab67616d00004851ba5db46f4b838ef6027e6f96,https://open.spotify.com/track/4VuS959DSpr82t3qBqCrWG
79,2017-03-29,80,Down,Barcelona,Ed Sheeran,909330,https://i.scdn.co/image/ab67616d00004851ba5db46f4b838ef6027e6f96,https://open.spotify.com/track/3Lfiu5sZ4M4B6JaKMBc0FU
80,2017-03-29,81,Up,I Got You,Bebe Rexha,883853,https://i.scdn.co/image/ab67616d00004851809adcbcfe88c94fd2a706c1,https://open.spotify.com/track/1FUViuNSldssMIawrOXF2i
81,2017-03-29,82,Up,Just Hold On,Steve Aoki,876808,https://i.scdn.co/image/ab67616d0000485122e2ce2de8bad6d67ee69b48,https://open.spotify.com/track/3EmmCZoqpWOTY1g2GBwJoR
82,2017-03-29,83,Up,Swang,Rae Sremmurd,871679,https://i.scdn.co/image/16293ab3b4f9301aeb5f41810fd7056d463db55e,https://open.spotify.com/track/6mapJIPnQ23RTAevUoE0DL
83,2017-03-29,84,Down,How Would You Feel (Paean),Ed Sheeran,850986,https://i.scdn.co/image/ab67616d00004851ba5db46f4b838ef6027e6f96,https://open.spotify.com/track/6PJ8FF6UR8FZXfEvpHkIVN
84,2017-03-29,85,Up,Hear Me Now,Alok,848409,https://i.scdn.co/image/e308bad29e4cf6dc8aa5cd97449ef71bbb893d40,https://open.spotify.com/track/1a5Yu5L18qNxVhXx38njON
85,2017-03-29,86,Up,Everyday,Ariana Grande,841449,https://i.scdn.co/image/ab67616d000048517227f5854239a059af211d5b,https://open.spotify.com/track/3FiE2d325mIOc4YjkSLVJR
86,2017-03-29,87,Up,La Rompe Corazones,Daddy Yankee,840539,https://i.scdn.co/image/ab67616d00004851b84a36483e43bfbcb931fcde,https://open.spotify.com/track/4okba5wu9mMLXx79DXLKi3
87,2017-03-29,88,Down,Do Not Disturb,Drake,833727,https://i.scdn.co/image/6dfd956b9331fa9ea1f47ebb95311951ed72b3db,https://open.spotify.com/track/2KvHC9z14GSl4YpkNMX384
88,2017-03-29,89,Up,Tuesday,Burak Yeter,831092,https://i.scdn.co/image/069b0b8dc1285ba4d2bd7f2536abfce84598d130,https://open.spotify.com/track/7abpmGpF7PGep2rDU68GBR
89,2017-03-29,90,Up,Cold Water (feat. Justin Bieber & MØ),Major Lazer,826353,https://i.scdn.co/image/ab67616d000048512e8f1cca2bc8c9d55930523b,https://open.spotify.com/track/6DNtNfH8hXkqOX1sjqmI7p
90,2017-03-29,91,Up,Sigo Extrañándote,J Balvin,810814,https://i.scdn.co/image/ab67616d00004851338ffc4c72a192f06070546b,https://open.spotify.com/track/6qDF4wWL49CAVbgT7yuHl8
91,2017-03-29,92,Up,In the Name of Love,Martin Garrix,808239,https://i.scdn.co/image/ab67616d00004851923db3f255cd48a6d5783ebf,https://open.spotify.com/track/04DwTuZ2VBdJCCC5TROn7L
92,2017-03-29,93,Up,Touch,Little Mix,806754,https://i.scdn.co/image/ab67616d000048512318bbb0586903290db2b270,https://open.spotify.com/track/5Ua3GXyHwiSfpNTMjq6m2z
93,2017-03-29,94,Up,Don't Let Me Down,The Chainsmokers,798000,https://i.scdn.co/image/ab67616d0000485108d87fb54859bc9038f7e5e0,https://open.spotify.com/track/0QsvXIfqM0zZoerQfsI9lm
94,2017-03-29,95,Flat,History,Olivia Holt,797909,https://i.scdn.co/image/ab67616d000048519e21eab426152ef9078d6b94,https://open.spotify.com/track/0WCEaydwN65cvwaW8aqptF
95,2017-03-29,96,Down,Nancy Mulligan,Ed Sheeran,791689,https://i.scdn.co/image/ab67616d00004851ba5db46f4b838ef6027e6f96,https://open.spotify.com/track/35QZaWQRkmnAVqBF1TLCxQ
96,2017-03-29,97,Up,"CAN'T STOP THE FEELING! (Original Song from DreamWorks Animation's ""TROLLS"")",Justin Timberlake,783538,https://i.scdn.co/image/ab67616d00004851ef37416970812293c08e8a78,https://open.spotify.com/track/6JV2JOEocMgcZxYSZelKcc
97,2017-03-29,98,Up,Look At Me!,XXXTENTACION,779920,https://i.scdn.co/image/ab67616d0000485125b5901b8bcf902f54d466d9,https://open.spotify.com/track/4ARPvK8DHLwt4oX65ZAFMw
98,2017-03-29,99,Up,Side To Side,Ariana Grande,779394,https://i.scdn.co/image/ab67616d000048517227f5854239a059af211d5b,https://open.spotify.com/track/4pLwZjInHj3SimIyN9SnOz
99,2017-03-29,100,Down,Ice Melts,Drake,770264,https://i.scdn.co/image/6dfd956b9331fa9ea1f47ebb95311951ed72b3db,https://open.spotify.com/track/7bJ4mu7MHa3rHiNyKjOoSl
100,2017-03-29,101,Up,"Sola (Remix) [feat. Daddy Yankee, Wisin, Farruko, Zion & Lennox]",Anuel AA,758536,https://i.scdn.co/image/ab67616d00004851a66def7d649149464edc8f1e,https://open.spotify.com/track/5q2JbCNi4FcnglgPfxcV65
101,2017-03-29,102,Down,Skepta Interlude,Drake,757638,https://i.scdn.co/image/6dfd956b9331fa9ea1f47ebb95311951ed72b3db,https://open.spotify.com/track/2dfqS3MRtbLZSZA1IL8xY5
102,2017-03-29,103,Up,Bad Things (with Camila Cabello),Machine Gun Kelly,745064,https://i.scdn.co/image/d5f976093a4dcbc5ea9d4c04b414207f8bdce469,https://open.spotify.com/track/1PSBzsahR2AKwLJgx8ehBj
103,2017-03-29,104,Down,Hearts Don't Break Around Here,Ed Sheeran,743427,https://i.scdn.co/image/ab67616d00004851ba5db46f4b838ef6027e6f96,https://open.spotify.com/track/2dfHh7ECGxfNqZTQno09Vk
104,2017-03-29,105,Up,All Night (feat. Knox Fortune),Chance the Rapper,740003,https://i.scdn.co/image/ab67616d00004851e71dd15fc5bdefd5bff70452,https://open.spotify.com/track/60xaS8mYBKUW4VQQ666N0T
105,2017-03-29,106,Up,Treat You Better,Shawn Mendes,735390,https://i.scdn.co/image/ab67616d00004851188e6332f32088921ab1eaf8,https://open.spotify.com/track/4Hf7WnR761jpxPr5D46Bcd
106,2017-03-29,107,Up,Hey Ma (with Pitbull & J Balvin feat. Camila Cabello) - Spanish Version,Pitbull,727426,https://i.scdn.co/image/ab67616d000048513e40b472d708ea3c6bd86670,https://open.spotify.com/track/2Vdub5mY4lad7w64bFPUez
107,2017-03-29,108,Down,Can't Have Everything,Drake,722534,https://i.scdn.co/image/6dfd956b9331fa9ea1f47ebb95311951ed72b3db,https://open.spotify.com/track/5f5r2N4Lp9WoULWPH9zp2W
108,2017-03-29,109,Up,My Way,Calvin Harris,714423,https://i.scdn.co/image/ab67616d000048518d12bc5e3ea5c9f4a967de32,https://open.spotify.com/track/1vvNmPOiUuyCbgWmtc6yfm
109,2017-03-29,110,Up,Me Llamas (feat. Maluma) - Remix,Piso 21,714294,https://i.scdn.co/image/ab67616d000048511e1eafb5d2bb1ca39d26f092,https://open.spotify.com/track/5hEM0JchdVzQ5PwvSfITeX
110,2017-03-29,111,Up,Safari,J Balvin,710679,https://i.scdn.co/image/ab67616d00004851338ffc4c72a192f06070546b,https://open.spotify.com/track/6rQSrBHf7HlZjtcMZ4S4bO
111,2017-03-29,112,Up,Mercy,Shawn Mendes,700252,https://i.scdn.co/image/ab67616d00004851188e6332f32088921ab1eaf8,https://open.spotify.com/track/4TZy1wLyHec06pwgFYDh1a
112,2017-03-29,113,Up,Heathens,Twenty One Pilots,698799,https://i.scdn.co/image/ab67616d000048512ca3ba8f334ca5a5f0312efb,https://open.spotify.com/track/6i0V12jOa3mr6uu4WYhUBr
113,2017-03-29,114,Up,goosebumps,Travis Scott,697516,https://i.scdn.co/image/ab67616d00004851f54b99bf27cda88f4a7403ce,https://open.spotify.com/track/6gBFPUFcJLzWGx4lenP6h2
114,2017-03-29,115,Up,I Took A Pill In Ibiza - Seeb Remix,Mike Posner,695659,https://i.scdn.co/image/ab67616d0000485140512e02a594e3378c0256e6,https://open.spotify.com/track/17Fd6Yb7mSbinKG8LoWfFl
115,2017-03-29,116,Up,At My Best (feat. Hailee Steinfeld),Machine Gun Kelly,693100,https://i.scdn.co/image/d5f976093a4dcbc5ea9d4c04b414207f8bdce469,https://open.spotify.com/track/77lGafvlU68CeHgB2pkHC9
116,2017-03-29,117,Up,Black Beatles,Rae Sremmurd,690865,https://i.scdn.co/image/16293ab3b4f9301aeb5f41810fd7056d463db55e,https://open.spotify.com/track/6fujklziTHa8uoM5OQSfIo
117,2017-03-29,118,Down,Eraser,Ed Sheeran,687391,https://i.scdn.co/image/ab67616d00004851ba5db46f4b838ef6027e6f96,https://open.spotify.com/track/7oolFzHipTMg2nL7shhdz2
118,2017-03-29,119,Up,"Ay Mi Dios (feat. Pitbull, Yandel & Chacal)",IAmChino,685618,https://i.scdn.co/image/ab67616d000048511568fbc07414eb185c58ef62,https://open.spotify.com/track/6stYbAJgTszHAHZMPxWWCY
119,2017-03-29,120,Up,Vente Pa' Ca,Ricky Martin,678786,https://i.scdn.co/image/ab67616d000048513d90f5938459be40b7b6652a,https://open.spotify.com/track/7DM4BPaS7uofFul3ywMe46
120,2017-03-29,121,Down,Nothings Into Somethings,Drake,676103,https://i.scdn.co/image/6dfd956b9331fa9ea1f47ebb95311951ed72b3db,https://open.spotify.com/track/6MbH1QiphMCPTqVEVC7UYi
121,2017-03-29,122,Up,Shed a Light,Robin Schulz,672632,https://i.scdn.co/image/ab67616d000048517be189f322bc8155c103d6c9,https://open.spotify.com/track/1cG0umU5TKStygKsPFZ9pY
122,2017-03-29,123,Up,We Don't Talk Anymore,Charlie Puth,671022,https://i.scdn.co/image/ab67616d00004851c0e28105f0533c52717c46c2,https://open.spotify.com/track/68EMU2RD1ECNeOeJ5qAXCV
123,2017-03-29,124,Down,Photograph,Ed Sheeran,668515,https://i.scdn.co/image/ab67616d00004851d08209944468440145f01524,https://open.spotify.com/track/6fxVffaTuwjgEk5h9QyRjy
124,2017-03-29,125,Up,Light My Body Up (feat. Nicki Minaj & Lil Wayne),David Guetta,667734,https://i.scdn.co/image/ab67616d0000485169aef1f4d4877a43c7370db1,https://open.spotify.com/track/3vgNmjuRDnGLxUFGCLkwpm
125,2017-03-29,126,Down,Glow,Drake,663505,https://i.scdn.co/image/6dfd956b9331fa9ea1f47ebb95311951ed72b3db,https://open.spotify.com/track/28irpKCCK9nn9DZSik2zEx
126,2017-03-29,127,Up,Redbone,Childish Gambino,662815,https://i.scdn.co/image/ab67616d000048510b97e56ffad7c6211aa848f8,https://open.spotify.com/track/3kxfsdsCpFgN412fpnW85Y
127,2017-03-29,128,Up,Be the One,Dua Lipa,651517,https://i.scdn.co/image/ab67616d000048516b915e407b70e121e06fe979,https://open.spotify.com/track/7FCfMXYTIiQ9b4hDYs4Iol
128,2017-03-29,129,Up,Scars To Your Beautiful,Alessia Cara,648731,https://i.scdn.co/image/5b9e5bd34ec840f07c8530e43a76b1b5e08d8b77,https://open.spotify.com/track/0prNGof3XqfTvNDxHonvdK
129,2017-03-29,130,Down,Bibia Be Ye Ye,Ed Sheeran,648458,https://i.scdn.co/image/ab67616d00004851ba5db46f4b838ef6027e6f96,https://open.spotify.com/track/6SznMYPQJHzr3IwsAHLId2
130,2017-03-29,131,Down,Lose You,Drake,647720,https://i.scdn.co/image/6dfd956b9331fa9ea1f47ebb95311951ed72b3db,https://open.spotify.com/track/2Na0z2gfN67Rzf0vp74Wi3
131,2017-03-29,132,Up,Human,Rag'n'Bone Man,644029,https://i.scdn.co/image/ab67616d0000485190a788beadaad34ff684d3ec,https://open.spotify.com/track/58zsLZPvfflaiIbNWoA22O
132,2017-03-29,133,Down,Sunset Lover,Petit Biscuit,641105,https://i.scdn.co/image/ab67616d00004851014080d39d56c94c0b285362,https://open.spotify.com/track/0hNduWmlWmEmuwEFcYvRu1
133,2017-03-29,134,Up,All We Know,The Chainsmokers,639957,https://i.scdn.co/image/ab67616d00004851ff8d8c5662a96d41433e9ee1,https://open.spotify.com/track/2rizacJSyD9S1IQUxUxnsK
134,2017-03-29,135,Up,The Other,Lauv,639035,https://i.scdn.co/image/ab67616d000048513c6e07056b26bb9804a596da,https://open.spotify.com/track/1lntL1cI2UIWlxjL5QiN8g
135,2017-03-29,136,Up,Thinking out Loud,Ed Sheeran,637796,https://i.scdn.co/image/ab67616d00004851d08209944468440145f01524,https://open.spotify.com/track/1Slwb6dOYkBlWal1PGtnNg
136,2017-03-29,137,Down,Sooner Or Later,Aaron Carter,636348,https://i.scdn.co/image/ab67616d000048511f7d1e684ec89fe11a4fdc37,https://open.spotify.com/track/6wV12xIUb8oFY7lBy4KuQe
137,2017-03-29,138,Down,Rolex,Ayo & Teo,633289,https://i.scdn.co/image/ab67616d0000485179dbd95fbdf6b0d617bd32dd,https://open.spotify.com/track/0pSBuHjILhNEo55xK1zrRt
138,2017-03-29,139,Up,Skin,Rag'n'Bone Man,630530,https://i.scdn.co/image/ab67616d0000485190a788beadaad34ff684d3ec,https://open.spotify.com/track/6y2Kaz9QI01XBKJ8mTb7Pf
139,2017-03-29,140,Flat,Down,Marian Hill,626627,https://i.scdn.co/image/ab67616d00004851c989c526b15cacc1a579a9c7,https://open.spotify.com/track/2dqLk7ezV15LEJEwUmEbXB
140,2017-03-29,141,Down,The One,The Chainsmokers,621847,https://i.scdn.co/image/ab67616d000048510c13d3d5a503c84fcc60ae94,https://open.spotify.com/track/0wfbD5rAksdXUzRvMfM3x5
141,2017-03-29,142,Up,Party Monster,The Weeknd,621058,https://i.scdn.co/image/6aeaaebcbd861c8369b14366e8e0eca2fe96055d,https://open.spotify.com/track/4F7A0DXBrmUAkp32uenhZt
142,2017-03-29,143,Up,Stressed Out,Twenty One Pilots,617974,https://i.scdn.co/image/ab67616d00004851de03bfc2991fd5bcfde65ba3,https://open.spotify.com/track/3CRDbSIZ4r5MsZ0YwxuEkn
143,2017-03-29,144,Up,Cheap Thrills,Sia,616897,https://i.scdn.co/image/ab67616d0000485149e0134c686547c28b7c999f,https://open.spotify.com/track/27SdWb2rFzO6GWiYDBTD9j
144,2017-03-29,145,Down,美女と野獣,Ariana Grande,615780,https://i.scdn.co/image/ab67616d00004851d5a45b435ecafffdede5fd28,https://open.spotify.com/track/1KT0xdIjm7t053xByACrrg
145,2017-03-29,146,Up,Water Under the Bridge,Adele,615631,https://i.scdn.co/image/ab67616d000048514c3bbcff5e7248e415548f12,https://open.spotify.com/track/4vb4mFvYsr2h6enhjJsq9Y
146,2017-03-29,147,Flat,Cake - Challenge Version,Flo Rida,607736,https://i.scdn.co/image/ab67616d00004851b765afdf5f6a2bc83eb5f378,https://open.spotify.com/track/6t2ubAB4iSYOuIpRAOGd4t
147,2017-03-29,148,Down,Save Myself,Ed Sheeran,606129,https://i.scdn.co/image/ab67616d00004851ba5db46f4b838ef6027e6f96,https://open.spotify.com/track/6TIU9Ehmi6dMzZK73Ym4yj
148,2017-03-29,149,Down,Caroline,Aminé,604655,https://i.scdn.co/image/ab67616d00004851a7f01ef25974c10cdbbd566e,https://open.spotify.com/track/5GFDrUTLGJix84sNhjCG0g
149,2017-03-29,150,Up,Broccoli (feat. Lil Yachty),DRAM,602619,https://i.scdn.co/image/ab67616d00004851f02a1575a59bd05998826351,https://open.spotify.com/track/7yyRTcZmCiyzzJlNzGC9Ol
150,2017-03-29,151,Up,Love Yourself,Justin Bieber,599882,https://i.scdn.co/image/ab67616d00004851b6d9a4fbb0bd49f0f034aead,https://open.spotify.com/track/3hB5DgAiMAQ4DzYbsMq1IT
151,2017-03-29,152,Down,Moves,Big Sean,596279,https://i.scdn.co/image/695d0c097d8463ccc2c2b9855fe44e3e9e7bc267,https://open.spotify.com/track/0Fv5N0cHBsl4bzCbollCAS
152,2017-03-29,153,Up,Ride,Twenty One Pilots,593832,https://i.scdn.co/image/ab67616d00004851de03bfc2991fd5bcfde65ba3,https://open.spotify.com/track/2Z8WuEywRWYTKe1NybPQEW
153,2017-03-29,154,Up,Perfect Strangers,Jonas Blue,593154,https://i.scdn.co/image/ab67616d0000485179882e87678a76bc1d895e94,https://open.spotify.com/track/1CUVN2kn7mW5FjkqXTR2W1
154,2017-03-29,155,Down,Thumbs,Sabrina Carpenter,592310,https://i.scdn.co/image/ab67616d00004851b13cc7b6ba13bcd75cae73a1,https://open.spotify.com/track/3UjJP4ludb74a29P5EHEIo
155,2017-03-29,156,Up,Faded,Alan Walker,586891,https://i.scdn.co/image/ab67616d00004851c4d00cac55ae1b4598c9bc90,https://open.spotify.com/track/7gHs73wELdeycvS48JfIos
156,2017-03-29,157,Up,Vacaciones,Wisin,584063,https://i.scdn.co/image/ab67616d00004851c85f0d16973e9dae6f8a786c,https://open.spotify.com/track/3dQDid3IUNhZy1OehIfYfE
157,2017-03-29,158,Up,Work from Home (feat. Ty Dolla $ign),Fifth Harmony,582925,https://i.scdn.co/image/ab67616d00004851d03fa6f4e758282b7920b5c8,https://open.spotify.com/track/4tCtwWceOPWzenK2HAIJSb
158,2017-03-29,159,Down,Since Way Back,Drake,580748,https://i.scdn.co/image/6dfd956b9331fa9ea1f47ebb95311951ed72b3db,https://open.spotify.com/track/5JUu0unA8VwhTZ9LkMWUVI
159,2017-03-29,160,Up,This Is What You Came For,Calvin Harris,577133,https://i.scdn.co/image/ab67616d00004851d9aa52355e062f5de060adbf,https://open.spotify.com/track/0azC730Exh71aQlOt9Zj3y
160,2017-03-29,161,Flat,Versace on the Floor,Bruno Mars,576447,https://i.scdn.co/image/ab67616d00004851232711f7d66a1e19e89e28c5,https://open.spotify.com/track/0kN8xEmgMW9mh7UmDYHlJP
161,2017-03-29,162,Up,Alone,Alan Walker,571219,https://i.scdn.co/image/ab67616d00004851f00ade2f88d8223521bc7f76,https://open.spotify.com/track/0JiVRyTJcJnmlwCZ854K4p
162,2017-03-29,163,Up,Alguien Robo,Sebastian Yatra,563550,https://i.scdn.co/image/ab67616d0000485135e1cf8c70c60dc416956c17,https://open.spotify.com/track/5i50gKdLAjjIr7UxRT5IVy
163,2017-03-29,164,Up,Te Quiero Pa´Mi,Don Omar,560979,https://i.scdn.co/image/ab67616d00004851d0cb2a58e3bf5d7ac5ece16f,https://open.spotify.com/track/3BY2mafsbsoKGqS380Xnuz
164,2017-03-29,165,Up,Sorry,Justin Bieber,552654,https://i.scdn.co/image/ab67616d00004851b6d9a4fbb0bd49f0f034aead,https://open.spotify.com/track/69bp2EbF7Q2rqc5N3ylezZ
165,2017-03-29,166,Up,By Your Side,Jonas Blue,552000,https://i.scdn.co/image/ab67616d00004851bd4b658f3aead04637924c28,https://open.spotify.com/track/1D3ODoXHBLpdxolZRHWV1j
166,2017-03-29,167,Down,Saturnz Barz (feat. Popcaan),Gorillaz,549723,https://i.scdn.co/image/ab67616d00004851a5952c0e2e649f588603b743,https://open.spotify.com/track/7l9CE3wmEGOUYw1j4ETjnL
167,2017-03-29,168,Down,I Would Like,Zara Larsson,541086,https://i.scdn.co/image/ab67616d000048519e1683774b22648f4f178ed3,https://open.spotify.com/track/4Q4jmPHwu0wrJvqrld0FQ6
168,2017-03-29,169,Flat,Traicionera,Sebastian Yatra,540723,https://i.scdn.co/image/ab67616d00004851dbe5e9f934a9be5db8884c52,https://open.spotify.com/track/5J1c3M4EldCfNxXwrwt8mT
169,2017-03-29,170,Flat,Lights Down Low,MAX,534929,https://i.scdn.co/image/ab67616d00004851cefb1bcf9304bf454bae7f8d,https://open.spotify.com/track/1sYSP7gKa5kdKIfhANfori
170,2017-03-29,171,Up,Panda,Desiigner,529878,https://i.scdn.co/image/ab67616d000048513df69bfb7713d8262820612b,https://open.spotify.com/track/5OOkp4U9P9oL23maHFHL1h
171,2017-03-29,172,Up,Gyal You A Party Animal - Remix,Charly Black,528252,https://i.scdn.co/image/ab67616d0000485131a026a9d39e08006ddfb138,https://open.spotify.com/track/1AkTW13ysu0AJrwuM6UY0I
172,2017-03-29,173,Down,I Love You,Axwell /\ Ingrosso,524715,https://i.scdn.co/image/ab67616d00004851c9565af11453132958687a20,https://open.spotify.com/track/11Fo4dAH31K7UZHGqCkCmE
173,2017-03-29,174,Up,Ciao Adios,Anne-Marie,522063,https://i.scdn.co/image/ab67616d0000485119f06fd0fc43d3ebed4f041d,https://open.spotify.com/track/3EfugazgSddQvzZpkof5I4
174,2017-03-29,175,New,Good Life (with G-Eazy & Kehlani),G-Eazy,520506,https://i.scdn.co/image/ab67616d00004851fcc36f9c0515e6e7faa2030b,https://open.spotify.com/track/1Eck97uRMlprKOOJN9oO1E
175,2017-03-29,176,Up,Love,Lana Del Rey,517994,https://i.scdn.co/image/ab67616d000048519d0210162981930e44092e52,https://open.spotify.com/track/0n2bvWvMwr0gbjcuTm92eW
176,2017-03-29,177,Flat,No Frauds,Nicki Minaj,516305,https://i.scdn.co/image/f6eb2f1e1a5ea603f4cee5b8f082ff6ebbc8c0ff,https://open.spotify.com/track/7KcGEssn7BnJdTgildK5y0
177,2017-03-29,178,Down,Lush Life,Zara Larsson,515233,https://i.scdn.co/image/ab67616d000048519e1683774b22648f4f178ed3,https://open.spotify.com/track/1rIKgCH4H52lrvDcz50hS8
178,2017-03-29,179,Down,No Lie,Sean Paul,513270,https://i.scdn.co/image/ab67616d000048514782809e4cd19cefc99048f7,https://open.spotify.com/track/3cFsmM51N5zMAuu1nNY4Tw
179,2017-03-29,180,Down,"Sucker For Pain (with Wiz Khalifa, Imagine Dragons, Logic & Ty Dolla $ign feat. X Ambassadors)",Lil Wayne,513058,https://i.scdn.co/image/ab67616d000048517d8dfcfd507069d7f2062caf,https://open.spotify.com/track/4dASQiO1Eoo3RJvt74FtXB
180,2017-03-29,181,Up,"i hate u, i love u (feat. olivia o'brien)",gnash,510830,https://i.scdn.co/image/ab67616d0000485108862f843ea27f44f8e8cbd8,https://open.spotify.com/track/7vRriwrloYVaoAe3a9wJHe
181,2017-03-29,182,Up,Cake By The Ocean,DNCE,508814,https://i.scdn.co/image/ab67616d00004851a19a2912e1618ada66b2e6e8,https://open.spotify.com/track/2aFiaMXmWsM3Vj72F9ksBl
182,2017-03-29,183,Down,Deja vu,Prince Royce,506387,https://i.scdn.co/image/ab67616d000048516c1180ae683cc09d840a9163,https://open.spotify.com/track/46HdsiK0uR26B2dY9QPzda
183,2017-03-29,184,Flat,Million Reasons,Lady Gaga,504674,https://i.scdn.co/image/ab67616d00004851dd0b256c733c96b653ab5cde,https://open.spotify.com/track/50PWlIBU7PlGGwzgN8TiFJ
184,2017-03-29,185,Up,This Girl (Kungs Vs. Cookin' On 3 Burners) - Kungs Vs. Cookin' On 3 Burners,Kungs,502931,https://i.scdn.co/image/ab67616d00004851f504cc56f3bd99bc61929272,https://open.spotify.com/track/0tICYNayWWhH9GPeFrfjfD
185,2017-03-29,186,Down,No Problem (feat. Lil Wayne & 2 Chainz),Chance the Rapper,500938,https://i.scdn.co/image/ab67616d00004851e71dd15fc5bdefd5bff70452,https://open.spotify.com/track/0v9Wz8o0BT8DU38R4ddjeH
186,2017-03-29,187,Up,La Bicicleta,Carlos Vives,499287,https://i.scdn.co/image/ab67616d00004851d05d3aad30c5fb7614893cf5,https://open.spotify.com/track/0sXvAOmXgjR2QUqLK1MltU
187,2017-03-29,188,Down,Too Good,Drake,495457,https://i.scdn.co/image/ab67616d00004851726abca207567d5e41cb9667,https://open.spotify.com/track/11KJSRSgaDxqydKYiD2Jew
188,2017-03-29,189,Down,Both (feat. Drake),Gucci Mane,495182,https://i.scdn.co/image/ab67616d000048518c75413c7f38b3f512a75b35,https://open.spotify.com/track/5tFep7dXGd7vEJ668wTPux
189,2017-03-29,190,Down,Now and Later,Sage The Gemini,494115,https://i.scdn.co/image/ab67616d0000485182d22e1d83fc1045ad33444a,https://open.spotify.com/track/43jBqV3j3Xi1g6wO0bhIMd
190,2017-03-29,191,Down,7 Years,Lukas Graham,492718,https://i.scdn.co/image/ab67616d0000485104d59cefa11f0eee9f1877a5,https://open.spotify.com/track/7129iqBafaphfc3WPCGC0L
191,2017-03-29,192,Up,Dile Que Tu Me Quieres,Ozuna,492488,https://i.scdn.co/image/ab67616d0000485133bbd31551e01896f58d688f,https://open.spotify.com/track/20ZAJdsKB5IGbGj4ilRt2o
192,2017-03-29,193,Up,X (feat. Future),21 Savage,490707,https://i.scdn.co/image/ab67616d000048512dd1ac4a61495080ef8f78ca,https://open.spotify.com/track/6fwdbPMwP1zVStm8FybmkO
193,2017-03-29,194,Down,Lean On (feat. MØ & DJ Snake),Major Lazer,486041,https://i.scdn.co/image/ab67616d000048519f55dad3a63f72f1bc8d6f59,https://open.spotify.com/track/4WjH9Bzt3kx7z8kl0awxh4
194,2017-03-29,195,Up,Love Me Now,John Legend,485009,https://i.scdn.co/image/ab67616d00004851fa2ba77d93b08258827bd2d2,https://open.spotify.com/track/6nxQdXa1uAL0rY72wPZu89
195,2017-03-29,196,Down,Andromeda (feat. DRAM),Gorillaz,484291,https://i.scdn.co/image/ab67616d00004851a5952c0e2e649f588603b743,https://open.spotify.com/track/2C0KFbb4v9CNWR5c9jWcKC
196,2017-03-29,197,Down,Controlla,Drake,483443,https://i.scdn.co/image/ab67616d00004851726abca207567d5e41cb9667,https://open.spotify.com/track/6F609ICg9Spjrw1epsAnpa
197,2017-03-29,198,Up,White Iverson,Post Malone,467866,https://i.scdn.co/image/23bae95100dcb6ac8f88c19fa2a11c50a998a926,https://open.spotify.com/track/6eT7xZZlB2mwyzJ2sUKG6w
198,2017-03-29,199,Down,It's Gotta Be You,Isaiah,463065,https://i.scdn.co/image/ab67616d00004851d43b5e86edff2089b91357e6,https://open.spotify.com/track/6cAKeFFYW2aClZSUyvqAEW
199,2017-03-29,200,Down,Lot to Learn,Luke Christopher,462647,https://i.scdn.co/image/ab67616d000048513f0bd8f231c9b6433be929b1,https://open.spotify.com/track/3TRFq09DUgYj1mug6RRqJW
