,Date,Position,Trend,Title,Artist,Streams,Icon_URL,Spotify_URL
0,2017-03-20,1,Flat,Shape of You,Ed Sheeran,6990435,https://i.scdn.co/image/ab67616d00004851ba5db46f4b838ef6027e6f96,https://open.spotify.com/track/7qiZfU4dY1lWllzX7mPBI3
1,2017-03-20,2,Flat,Passionfruit,Drake,5355750,https://i.scdn.co/image/ab67616d000048515ea859dc94365abd9fd84fd6,https://open.spotify.com/track/7hDc8b7IXETo14hHIHdnhd
2,2017-03-20,3,Up,Portland,Drake,3986739,https://i.scdn.co/image/6dfd956b9331fa9ea1f47ebb95311951ed72b3db,https://open.spotify.com/track/2bjwRfXMk4uRgOD9IBYl9h
3,2017-03-20,4,Flat,It Ain't Me (with Selena Gomez),Kygo,3911503,https://i.scdn.co/image/ab67616d0000485141f289940f2e6a0d51988d77,https://open.spotify.com/track/3eR23VReFzcdmS7TYCrhCe
4,2017-03-20,5,Down,Free Smoke,Drake,3860281,https://i.scdn.co/image/6dfd956b9331fa9ea1f47ebb95311951ed72b3db,https://open.spotify.com/track/05KOgYg8PGeJyyWBPi5ja8
5,2017-03-20,6,Up,Something Just Like This,The Chainsmokers,3745702,https://i.scdn.co/image/ab67616d000048510c13d3d5a503c84fcc60ae94,https://open.spotify.com/track/6RUKPb4LETWmmr3iAEQktW
6,2017-03-20,7,Up,Galway Girl,Ed Sheeran,3648641,https://i.scdn.co/image/ab67616d00004851ba5db46f4b838ef6027e6f96,https://open.spotify.com/track/0afhq8XCExXpqazXczTSve
7,2017-03-20,8,Up,Blem,Drake,3477090,https://i.scdn.co/image/6dfd956b9331fa9ea1f47ebb95311951ed72b3db,https://open.spotify.com/track/2XlHu0HcujBCkWMdIAvrqt
8,2017-03-20,9,Down,No Long Talk,Drake,3379264,https://i.scdn.co/image/6dfd956b9331fa9ea1f47ebb95311951ed72b3db,https://open.spotify.com/track/6CfrYuD3YRDYdYvH9jNtXY
9,2017-03-20,10,Up,Gyalchester,Drake,3328701,https://i.scdn.co/image/6dfd956b9331fa9ea1f47ebb95311951ed72b3db,https://open.spotify.com/track/6UjfByV1lDLW0SOVQA4NAi
10,2017-03-20,11,Flat,Get It Together,Drake,3211125,https://i.scdn.co/image/6dfd956b9331fa9ea1f47ebb95311951ed72b3db,https://open.spotify.com/track/7y6c07pgjZvtHI9kuMVqk1
11,2017-03-20,12,Down,Despacito (Featuring Daddy Yankee),Luis Fonsi,3135748,https://i.scdn.co/image/ab67616d00004851a5971936e3b8d91f8b616b17,https://open.spotify.com/track/4aWmUDTfIPGksMNLV2rQP2
12,2017-03-20,13,Up,Madiba Riddim,Drake,2965315,https://i.scdn.co/image/6dfd956b9331fa9ea1f47ebb95311951ed72b3db,https://open.spotify.com/track/76gUmNLXGQVOsGhfcshkFP
13,2017-03-20,14,Up,Stay (with Alessia Cara),Zedd,2963060,https://i.scdn.co/image/ab67616d0000485191a70f95efc3400f696e89cc,https://open.spotify.com/track/0dA2Mk56wEzDgegdC6R17g
14,2017-03-20,15,Up,Sacrifices,Drake,2946837,https://i.scdn.co/image/6dfd956b9331fa9ea1f47ebb95311951ed72b3db,https://open.spotify.com/track/0xl1w2q4VLojeXp4JfazPL
15,2017-03-20,16,Down,"I Don’t Wanna Live Forever (Fifty Shades Darker) - From ""Fifty Shades Darker (Original Motion Picture Soundtrack)""",ZAYN,2945830,https://i.scdn.co/image/ab67616d000048512ae921f082ae5db4d3da818f,https://open.spotify.com/track/3NdDpSvN911VPGivFlV5d0
16,2017-03-20,17,Up,KMT,Drake,2940699,https://i.scdn.co/image/6dfd956b9331fa9ea1f47ebb95311951ed72b3db,https://open.spotify.com/track/2jTujnt0y344ai1rNOywgr
17,2017-03-20,18,Down,That's What I Like,Bruno Mars,2926556,https://i.scdn.co/image/ab67616d00004851232711f7d66a1e19e89e28c5,https://open.spotify.com/track/0KKkJNfGyhkQ5aFogxQAPU
18,2017-03-20,19,Down,Jorja Interlude,Drake,2911671,https://i.scdn.co/image/6dfd956b9331fa9ea1f47ebb95311951ed72b3db,https://open.spotify.com/track/13e6f8t7RKXuxZ0JdaaJRG
19,2017-03-20,20,Up,4422,Drake,2829553,https://i.scdn.co/image/6dfd956b9331fa9ea1f47ebb95311951ed72b3db,https://open.spotify.com/track/2fkeWbM6iqTw7oGHTYm2lw
20,2017-03-20,21,Down,Paris,The Chainsmokers,2822835,https://i.scdn.co/image/ab67616d000048510c13d3d5a503c84fcc60ae94,https://open.spotify.com/track/72jbDTw1piOOj770jWNeaG
21,2017-03-20,22,Up,Teenage Fever,Drake,2820927,https://i.scdn.co/image/6dfd956b9331fa9ea1f47ebb95311951ed72b3db,https://open.spotify.com/track/6n3HGiq4v35D6eFOSwqYuo
22,2017-03-20,23,Down,Castle on the Hill,Ed Sheeran,2755146,https://i.scdn.co/image/ab67616d00004851ba5db46f4b838ef6027e6f96,https://open.spotify.com/track/6PCUP3dWmTjcTtXY02oFdT
23,2017-03-20,24,Flat,Fake Love,Drake,2586917,https://i.scdn.co/image/6dfd956b9331fa9ea1f47ebb95311951ed72b3db,https://open.spotify.com/track/343YBumqHu19cGoGARUTsd
24,2017-03-20,25,Flat,Scared to Be Lonely,Martin Garrix,2498736,https://i.scdn.co/image/ab67616d0000485164f8a309aa3c0a66a31fc374,https://open.spotify.com/track/3ebXMykcMXOcLeJ9xZ17XH
25,2017-03-20,26,Up,Issues,Julia Michaels,2470616,https://i.scdn.co/image/ab67616d000048519615e35e0e9e4b2c3dccb520,https://open.spotify.com/track/1sXUWdKx03aP9Gmzft58rt
26,2017-03-20,27,Up,Skepta Interlude,Drake,2396317,https://i.scdn.co/image/6dfd956b9331fa9ea1f47ebb95311951ed72b3db,https://open.spotify.com/track/2dfqS3MRtbLZSZA1IL8xY5
27,2017-03-20,28,Down,Glow,Drake,2383166,https://i.scdn.co/image/6dfd956b9331fa9ea1f47ebb95311951ed72b3db,https://open.spotify.com/track/28irpKCCK9nn9DZSik2zEx
28,2017-03-20,29,Up,Slide,Calvin Harris,2298416,https://i.scdn.co/image/ab67616d000048514d3fa5ce7ba599f4fd7803ef,https://open.spotify.com/track/7tr2za8SQg2CI8EDgrdtNl
29,2017-03-20,30,Flat,Lose You,Drake,2278625,https://i.scdn.co/image/6dfd956b9331fa9ea1f47ebb95311951ed72b3db,https://open.spotify.com/track/2Na0z2gfN67Rzf0vp74Wi3
30,2017-03-20,31,Down,Nothings Into Somethings,Drake,2271021,https://i.scdn.co/image/6dfd956b9331fa9ea1f47ebb95311951ed72b3db,https://open.spotify.com/track/6MbH1QiphMCPTqVEVC7UYi
31,2017-03-20,32,Down,Chained To The Rhythm,Katy Perry,2269503,https://i.scdn.co/image/ab67616d000048511487979a7e0181a5d0406d1a,https://open.spotify.com/track/6520aj0B4FSKGVuKNsOCOi
32,2017-03-20,33,Down,Can't Have Everything,Drake,2262139,https://i.scdn.co/image/6dfd956b9331fa9ea1f47ebb95311951ed72b3db,https://open.spotify.com/track/5f5r2N4Lp9WoULWPH9zp2W
33,2017-03-20,34,Down,Mask Off,Future,2230926,https://i.scdn.co/image/ab67616d00004851356884f85665ebdd79223fdf,https://open.spotify.com/track/3rOSwuTsUlJp0Pu0MkN8r8
34,2017-03-20,35,Up,Do Not Disturb,Drake,2161789,https://i.scdn.co/image/6dfd956b9331fa9ea1f47ebb95311951ed72b3db,https://open.spotify.com/track/2KvHC9z14GSl4YpkNMX384
35,2017-03-20,36,Up,Perfect,Ed Sheeran,2111175,https://i.scdn.co/image/ab67616d00004851ba5db46f4b838ef6027e6f96,https://open.spotify.com/track/0tgVpDi06FyKpA1z0VMD4v
36,2017-03-20,37,Up,Cold,Maroon 5,2053882,https://i.scdn.co/image/ab67616d000048514727f9e79c338683c5bf8921,https://open.spotify.com/track/5NNlUMcOEOdoOIwwaWXv0k
37,2017-03-20,38,Up,Believer,Imagine Dragons,2051975,https://i.scdn.co/image/ab67616d000048517956bd9a3d7a15e4c2e37cc6,https://open.spotify.com/track/0CcQNd8CINkwQfe1RDtGV6
38,2017-03-20,39,Down,I Feel It Coming,The Weeknd,2048367,https://i.scdn.co/image/b3683184efeb899b2d1a02f4957d0c630dc10b0b,https://open.spotify.com/track/5GXAXm5YOmYT0kL5jHvYBt
39,2017-03-20,40,Down,Rockabye (feat. Sean Paul & Anne-Marie),Clean Bandit,2027860,https://i.scdn.co/image/ab67616d000048511431c3bdf16aa99f71799d95,https://open.spotify.com/track/5knuzwU65gJK7IF5yJsuaW
40,2017-03-20,41,Flat,Ice Melts,Drake,2011387,https://i.scdn.co/image/6dfd956b9331fa9ea1f47ebb95311951ed72b3db,https://open.spotify.com/track/7bJ4mu7MHa3rHiNyKjOoSl
41,2017-03-20,42,Down,Since Way Back,Drake,2006246,https://i.scdn.co/image/6dfd956b9331fa9ea1f47ebb95311951ed72b3db,https://open.spotify.com/track/5JUu0unA8VwhTZ9LkMWUVI
42,2017-03-20,43,Flat,Happier,Ed Sheeran,1952553,https://i.scdn.co/image/ab67616d00004851ba5db46f4b838ef6027e6f96,https://open.spotify.com/track/2RttW7RAu5nOAfq6YFvApB
43,2017-03-20,44,Flat,Say You Won't Let Go,James Arthur,1891840,https://i.scdn.co/image/ab67616d0000485120beb61f61fcbeb33b10a9ab,https://open.spotify.com/track/5uCax9HTNlzGybIStD3vDh
44,2017-03-20,45,Up,You Don't Know Me - Radio Edit,Jax Jones,1854610,https://i.scdn.co/image/ab67616d00004851dd05a1716e2f07a07b8ccfe3,https://open.spotify.com/track/00lNx0OcTJrS3MKHcB80HY
45,2017-03-20,46,Flat,Call On Me - Ryan Riback Extended Remix,Starley,1782017,https://i.scdn.co/image/ab67616d000048519d4079afc73664f86f055400,https://open.spotify.com/track/78rIJddV4X0HkNAInEcYde
46,2017-03-20,47,Down,iSpy (feat. Lil Yachty),KYLE,1774478,https://i.scdn.co/image/ab67616d0000485132e373f2988bc6596a542d1c,https://open.spotify.com/track/2EEeOnHehOozLq4aS0n6SL
47,2017-03-20,48,Up,Dive,Ed Sheeran,1737018,https://i.scdn.co/image/ab67616d00004851ba5db46f4b838ef6027e6f96,https://open.spotify.com/track/51ChrwmUPDJvedPQnIU8Ls
48,2017-03-20,49,Down,Closer,The Chainsmokers,1730553,https://i.scdn.co/image/ab67616d00004851495ce6da9aeb159e94eaa453,https://open.spotify.com/track/7BKLCZ1jbUBVqRi2FVlTVw
49,2017-03-20,50,Flat,Green Light,Lorde,1719530,https://i.scdn.co/image/ab67616d0000485128e1139fd3a34626351b9004,https://open.spotify.com/track/0gbBzIqrECJOEPvQJIBFs5
50,2017-03-20,51,Flat,Starboy,The Weeknd,1598810,https://i.scdn.co/image/ab67616d000048510c8599cbde51245c128bcea9,https://open.spotify.com/track/5aAx2yezTd8zXrkmtKl66Z
51,2017-03-20,52,Flat,"How Far I'll Go - From ""Moana""",Alessia Cara,1583507,https://i.scdn.co/image/ab67616d00004851fb128b1eda22335050f584fe,https://open.spotify.com/track/5hYTyyh2odQKphUbMqc5gN
52,2017-03-20,53,Flat,New Man,Ed Sheeran,1514312,https://i.scdn.co/image/ab67616d00004851ba5db46f4b838ef6027e6f96,https://open.spotify.com/track/5HDPtsnyb3maFmPL8LLUTG
53,2017-03-20,54,Up,Symphony (feat. Zara Larsson),Clean Bandit,1498811,https://i.scdn.co/image/ab67616d000048515b1130d050c4cd2295999d85,https://open.spotify.com/track/1x5sYLZiu9r5E43kMlt9f8
54,2017-03-20,55,Down,Run Up (feat. PARTYNEXTDOOR & Nicki Minaj),Major Lazer,1483536,https://i.scdn.co/image/ab67616d000048518036d7402a6a76aed04f1f98,https://open.spotify.com/track/0fg8CqpjdojMyXLNzM2PaJ
55,2017-03-20,56,Down,Solo Dance,Martin Jensen,1472617,https://i.scdn.co/image/ab67616d00004851950d67dbe3f31f1d9a5d06a2,https://open.spotify.com/track/6HUnnBwYZqcED1eQztxMBN
56,2017-03-20,57,Flat,What Do I Know?,Ed Sheeran,1436122,https://i.scdn.co/image/ab67616d00004851ba5db46f4b838ef6027e6f96,https://open.spotify.com/track/2pJZ1v8HezrAoZ0Fhzby92
57,2017-03-20,58,Down,Chantaje (feat. Maluma),Shakira,1389004,https://i.scdn.co/image/ab67616d00004851d05d3aad30c5fb7614893cf5,https://open.spotify.com/track/6mICuAdrwEjh6Y6lroV2Kg
58,2017-03-20,59,Flat,SUBEME LA RADIO,Enrique Iglesias,1374502,https://i.scdn.co/image/ab67616d000048515366ff028970205a29d558ed,https://open.spotify.com/track/7nKBxz47S9SD79N086fuhn
59,2017-03-20,60,Up,Weak,AJR,1346878,https://i.scdn.co/image/ab67616d00004851c5f3ca405ff6ed13dc554b94,https://open.spotify.com/track/3E2Zh20GDCR9B1EYjfXWyv
60,2017-03-20,61,Down,All Time Low,Jon Bellion,1344110,https://i.scdn.co/image/ff06a4138a99d272c24d2f6da9b5ea6067c054db,https://open.spotify.com/track/1CnPYaKxTVb4LWOtiGOm0m
61,2017-03-20,62,Up,Congratulations,Post Malone,1339103,https://i.scdn.co/image/23bae95100dcb6ac8f88c19fa2a11c50a998a926,https://open.spotify.com/track/3a1lNhkSLSkpJE4MSHpDu9
62,2017-03-20,63,Down,Bad and Boujee (feat. Lil Uzi Vert),Migos,1311451,https://i.scdn.co/image/ab67616d0000485199a8ab6da9d593939302828a,https://open.spotify.com/track/4Km5HrUvYTaSUfiSGPJeQR
63,2017-03-20,64,Down,All Night,The Vamps,1301842,https://i.scdn.co/image/ab67616d00004851f03c9779c27137669304ea20,https://open.spotify.com/track/1yNyoWWWikbLhwIGWjZuDW
64,2017-03-20,65,Down,El Amante,Nicky Jam,1278762,https://i.scdn.co/image/ab67616d00004851d77dbcd4dbd37cdfa61771fa,https://open.spotify.com/track/3umS4y3uQDkqekNjVpiRUs
65,2017-03-20,66,Down,Tunnel Vision,Kodak Black,1239385,https://i.scdn.co/image/ab67616d000048511541a676423805fc68ff3e66,https://open.spotify.com/track/4Q3N4Ct4zCuIHuZ65E3BD4
66,2017-03-20,67,Flat,Supermarket Flowers,Ed Sheeran,1231551,https://i.scdn.co/image/ab67616d00004851ba5db46f4b838ef6027e6f96,https://open.spotify.com/track/4VuS959DSpr82t3qBqCrWG
67,2017-03-20,68,Flat,Barcelona,Ed Sheeran,1218595,https://i.scdn.co/image/ab67616d00004851ba5db46f4b838ef6027e6f96,https://open.spotify.com/track/3Lfiu5sZ4M4B6JaKMBc0FU
68,2017-03-20,69,Up,One Dance,Drake,1194783,https://i.scdn.co/image/ab67616d00004851726abca207567d5e41cb9667,https://open.spotify.com/track/1xznGGDReH1oQq0xzbwXa3
69,2017-03-20,70,Down,Let Me Love You,DJ Snake,1194437,https://i.scdn.co/image/ab67616d000048515045de6786e0af096de73ed4,https://open.spotify.com/track/4pdPtRcBmOSQDlJ3Fk945m
70,2017-03-20,71,Down,Bounce Back,Big Sean,1186692,https://i.scdn.co/image/695d0c097d8463ccc2c2b9855fe44e3e9e7bc267,https://open.spotify.com/track/0SGkqnVQo9KPytSri1H6cF
71,2017-03-20,72,Down,How Would You Feel (Paean),Ed Sheeran,1179961,https://i.scdn.co/image/ab67616d00004851ba5db46f4b838ef6027e6f96,https://open.spotify.com/track/6PJ8FF6UR8FZXfEvpHkIVN
72,2017-03-20,73,Up,Swalla (feat. Nicki Minaj & Ty Dolla $ign),Jason Derulo,1178971,https://i.scdn.co/image/ab67616d000048519d6522bee68370fa5592301d,https://open.spotify.com/track/6kex4EBAj0WHXDKZMEJaaF
73,2017-03-20,74,Down,Just Hold On,Steve Aoki,1156793,https://i.scdn.co/image/ab67616d0000485122e2ce2de8bad6d67ee69b48,https://open.spotify.com/track/3EmmCZoqpWOTY1g2GBwJoR
74,2017-03-20,75,Up,September Song,JP Cooper,1119691,https://i.scdn.co/image/ab67616d000048511400ec742ee0935608e30700,https://open.spotify.com/track/0FuTx2s3YH1ppmtiM6l0zI
75,2017-03-20,76,Down,24K Magic,Bruno Mars,1117427,https://i.scdn.co/image/ab67616d00004851232711f7d66a1e19e89e28c5,https://open.spotify.com/track/6b8Be6ljOzmkOmFslEb23P
76,2017-03-20,77,Up,Selfish (feat. Rihanna),Future,1108145,https://i.scdn.co/image/ab67616d00004851968822b495da180d0792a437,https://open.spotify.com/track/2Ce5IyMlVRVvN997ZJjJJA
77,2017-03-20,78,Up,Location,Khalid,1093271,https://i.scdn.co/image/ab67616d00004851988ede5e1276e758b5f9e577,https://open.spotify.com/track/152lZdxL1OR0ZMW6KquMif
78,2017-03-20,79,Up,Me Rehúso,Danny Ocean,1066342,https://i.scdn.co/image/ab67616d00004851a75bd33684083600569dd3bf,https://open.spotify.com/track/6De0lHrwBfPfrhorm9q1Xl
79,2017-03-20,80,Down,Nancy Mulligan,Ed Sheeran,1059924,https://i.scdn.co/image/ab67616d00004851ba5db46f4b838ef6027e6f96,https://open.spotify.com/track/35QZaWQRkmnAVqBF1TLCxQ
80,2017-03-20,81,Down,Reggaetón Lento (Bailemos),CNCO,1012398,https://i.scdn.co/image/ab67616d000048517db0f7ac4c612cce26ccacf9,https://open.spotify.com/track/3AEZUABDXNtecAOSC1qTfo
81,2017-03-20,82,Flat,Don't Wanna Know,Maroon 5,1000482,https://i.scdn.co/image/ab67616d00004851eec1912bbc2ff74b8203fe5f,https://open.spotify.com/track/5MFzQMkrl1FOOng9tq6R9r
82,2017-03-20,83,Flat,Hearts Don't Break Around Here,Ed Sheeran,1000175,https://i.scdn.co/image/ab67616d00004851ba5db46f4b838ef6027e6f96,https://open.spotify.com/track/2dfHh7ECGxfNqZTQno09Vk
83,2017-03-20,84,Up,Don't Leave,Snakehips,964826,https://i.scdn.co/image/ab67616d00004851b72a28b6f92b180a8a423e29,https://open.spotify.com/track/0Zx8khUcEfCFK2AEoIhC92
84,2017-03-20,85,Down,T-Shirt,Migos,951815,https://i.scdn.co/image/ab67616d0000485199a8ab6da9d593939302828a,https://open.spotify.com/track/7KOlJ92bu51cltsD9KU5I7
85,2017-03-20,86,Down,Eraser,Ed Sheeran,951326,https://i.scdn.co/image/ab67616d00004851ba5db46f4b838ef6027e6f96,https://open.spotify.com/track/7oolFzHipTMg2nL7shhdz2
86,2017-03-20,87,Flat,Starving,Hailee Steinfeld,948741,https://i.scdn.co/image/ab67616d00004851612495ee5769c99125031be2,https://open.spotify.com/track/1qOLh0tI7trd1zdDKxYZTe
87,2017-03-20,88,Flat,Love On The Brain,Rihanna,946428,https://i.scdn.co/image/ddc285ca9817c96c7719b3f2a759e108787db021,https://open.spotify.com/track/2aksifNn5ph8igDOkPBA02
88,2017-03-20,89,Flat,Otra vez (feat. J Balvin),Zion & Lennox,871002,https://i.scdn.co/image/ab67616d0000485182eabf564ddc57325a84dd50,https://open.spotify.com/track/3QwBODjSEzelZyVjxPOHdq
89,2017-03-20,90,Flat,Bibia Be Ye Ye,Ed Sheeran,870715,https://i.scdn.co/image/ab67616d00004851ba5db46f4b838ef6027e6f96,https://open.spotify.com/track/6SznMYPQJHzr3IwsAHLId2
90,2017-03-20,91,Flat,I Got You,Bebe Rexha,860037,https://i.scdn.co/image/ab67616d00004851809adcbcfe88c94fd2a706c1,https://open.spotify.com/track/1FUViuNSldssMIawrOXF2i
91,2017-03-20,92,Up,Body Like A Back Road,Sam Hunt,855406,https://i.scdn.co/image/ab67616d000048519eccbdab1110afc4d5a186a8,https://open.spotify.com/track/7mldq42yDuxiUNn08nvzHO
92,2017-03-20,93,Down,Save Myself,Ed Sheeran,840820,https://i.scdn.co/image/ab67616d00004851ba5db46f4b838ef6027e6f96,https://open.spotify.com/track/6TIU9Ehmi6dMzZK73Ym4yj
93,2017-03-20,94,Flat,Bad Things (with Camila Cabello),Machine Gun Kelly,821172,https://i.scdn.co/image/d5f976093a4dcbc5ea9d4c04b414207f8bdce469,https://open.spotify.com/track/1PSBzsahR2AKwLJgx8ehBj
94,2017-03-20,95,Up,Hear Me Now,Alok,818850,https://i.scdn.co/image/e308bad29e4cf6dc8aa5cd97449ef71bbb893d40,https://open.spotify.com/track/1a5Yu5L18qNxVhXx38njON
95,2017-03-20,96,Up,Sunset Lover,Petit Biscuit,807198,https://i.scdn.co/image/ab67616d00004851014080d39d56c94c0b285362,https://open.spotify.com/track/0hNduWmlWmEmuwEFcYvRu1
96,2017-03-20,97,Down,In the Name of Love,Martin Garrix,806392,https://i.scdn.co/image/ab67616d00004851923db3f255cd48a6d5783ebf,https://open.spotify.com/track/04DwTuZ2VBdJCCC5TROn7L
97,2017-03-20,98,Down,Cold Water (feat. Justin Bieber & MØ),Major Lazer,798659,https://i.scdn.co/image/ab67616d000048512e8f1cca2bc8c9d55930523b,https://open.spotify.com/track/6DNtNfH8hXkqOX1sjqmI7p
98,2017-03-20,99,Down,Swang,Rae Sremmurd,794295,https://i.scdn.co/image/16293ab3b4f9301aeb5f41810fd7056d463db55e,https://open.spotify.com/track/6mapJIPnQ23RTAevUoE0DL
99,2017-03-20,100,Up,Touch,Little Mix,779669,https://i.scdn.co/image/ab67616d000048512318bbb0586903290db2b270,https://open.spotify.com/track/5Ua3GXyHwiSfpNTMjq6m2z
100,2017-03-20,101,Up,Side To Side,Ariana Grande,765843,https://i.scdn.co/image/ab67616d000048517227f5854239a059af211d5b,https://open.spotify.com/track/4pLwZjInHj3SimIyN9SnOz
101,2017-03-20,102,Down,La Rompe Corazones,Daddy Yankee,765061,https://i.scdn.co/image/ab67616d00004851b84a36483e43bfbcb931fcde,https://open.spotify.com/track/4okba5wu9mMLXx79DXLKi3
102,2017-03-20,103,Up,My Way,Calvin Harris,749092,https://i.scdn.co/image/ab67616d000048518d12bc5e3ea5c9f4a967de32,https://open.spotify.com/track/1vvNmPOiUuyCbgWmtc6yfm
103,2017-03-20,104,Up,美女と野獣,Ariana Grande,744864,https://i.scdn.co/image/ab67616d00004851d5a45b435ecafffdede5fd28,https://open.spotify.com/track/1KT0xdIjm7t053xByACrrg
104,2017-03-20,105,Down,"CAN'T STOP THE FEELING! (Original Song from DreamWorks Animation's ""TROLLS"")",Justin Timberlake,744131,https://i.scdn.co/image/ab67616d00004851ef37416970812293c08e8a78,https://open.spotify.com/track/6JV2JOEocMgcZxYSZelKcc
105,2017-03-20,106,Down,Don't Let Me Down,The Chainsmokers,742963,https://i.scdn.co/image/ab67616d0000485108d87fb54859bc9038f7e5e0,https://open.spotify.com/track/0QsvXIfqM0zZoerQfsI9lm
106,2017-03-20,107,Down,Treat You Better,Shawn Mendes,723150,https://i.scdn.co/image/ab67616d00004851188e6332f32088921ab1eaf8,https://open.spotify.com/track/4Hf7WnR761jpxPr5D46Bcd
107,2017-03-20,108,Down,Black Beatles,Rae Sremmurd,720067,https://i.scdn.co/image/16293ab3b4f9301aeb5f41810fd7056d463db55e,https://open.spotify.com/track/6fujklziTHa8uoM5OQSfIo
108,2017-03-20,109,Up,Mercy,Shawn Mendes,712262,https://i.scdn.co/image/ab67616d00004851188e6332f32088921ab1eaf8,https://open.spotify.com/track/4TZy1wLyHec06pwgFYDh1a
109,2017-03-20,110,Up,History,Olivia Holt,712255,https://i.scdn.co/image/ab67616d000048519e21eab426152ef9078d6b94,https://open.spotify.com/track/0WCEaydwN65cvwaW8aqptF
110,2017-03-20,111,Down,Tuesday,Burak Yeter,710785,https://i.scdn.co/image/069b0b8dc1285ba4d2bd7f2536abfce84598d130,https://open.spotify.com/track/7abpmGpF7PGep2rDU68GBR
111,2017-03-20,112,Up,Shed a Light,Robin Schulz,699712,https://i.scdn.co/image/ab67616d000048517be189f322bc8155c103d6c9,https://open.spotify.com/track/1cG0umU5TKStygKsPFZ9pY
112,2017-03-20,113,Down,Heathens,Twenty One Pilots,691218,https://i.scdn.co/image/ab67616d000048512ca3ba8f334ca5a5f0312efb,https://open.spotify.com/track/6i0V12jOa3mr6uu4WYhUBr
113,2017-03-20,114,Down,"Sola (Remix) [feat. Daddy Yankee, Wisin, Farruko, Zion & Lennox]",Anuel AA,689091,https://i.scdn.co/image/ab67616d00004851a66def7d649149464edc8f1e,https://open.spotify.com/track/5q2JbCNi4FcnglgPfxcV65
114,2017-03-20,115,Down,Safari,J Balvin,683680,https://i.scdn.co/image/ab67616d00004851338ffc4c72a192f06070546b,https://open.spotify.com/track/6rQSrBHf7HlZjtcMZ4S4bO
115,2017-03-20,116,Up,No Frauds,Nicki Minaj,675420,https://i.scdn.co/image/f6eb2f1e1a5ea603f4cee5b8f082ff6ebbc8c0ff,https://open.spotify.com/track/7KcGEssn7BnJdTgildK5y0
116,2017-03-20,117,Up,Sigo Extrañándote,J Balvin,673712,https://i.scdn.co/image/ab67616d00004851338ffc4c72a192f06070546b,https://open.spotify.com/track/6qDF4wWL49CAVbgT7yuHl8
117,2017-03-20,118,Down,Rolex,Ayo & Teo,670912,https://i.scdn.co/image/ab67616d0000485179dbd95fbdf6b0d617bd32dd,https://open.spotify.com/track/0pSBuHjILhNEo55xK1zrRt
118,2017-03-20,119,Down,Controlla,Drake,670785,https://i.scdn.co/image/ab67616d00004851726abca207567d5e41cb9667,https://open.spotify.com/track/6F609ICg9Spjrw1epsAnpa
119,2017-03-20,120,Up,Photograph,Ed Sheeran,669274,https://i.scdn.co/image/ab67616d00004851d08209944468440145f01524,https://open.spotify.com/track/6fxVffaTuwjgEk5h9QyRjy
120,2017-03-20,121,Up,Look At Me!,XXXTENTACION,660630,https://i.scdn.co/image/ab67616d0000485125b5901b8bcf902f54d466d9,https://open.spotify.com/track/4ARPvK8DHLwt4oX65ZAFMw
121,2017-03-20,122,Flat,Me Llamas (feat. Maluma) - Remix,Piso 21,656483,https://i.scdn.co/image/ab67616d000048511e1eafb5d2bb1ca39d26f092,https://open.spotify.com/track/5hEM0JchdVzQ5PwvSfITeX
122,2017-03-20,123,Down,I Took A Pill In Ibiza - Seeb Remix,Mike Posner,653577,https://i.scdn.co/image/ab67616d0000485140512e02a594e3378c0256e6,https://open.spotify.com/track/17Fd6Yb7mSbinKG8LoWfFl
123,2017-03-20,124,Down,Vente Pa' Ca,Ricky Martin,652897,https://i.scdn.co/image/ab67616d000048513d90f5938459be40b7b6652a,https://open.spotify.com/track/7DM4BPaS7uofFul3ywMe46
124,2017-03-20,125,Down,"Ay Mi Dios (feat. Pitbull, Yandel & Chacal)",IAmChino,650152,https://i.scdn.co/image/ab67616d000048511568fbc07414eb185c58ef62,https://open.spotify.com/track/6stYbAJgTszHAHZMPxWWCY
125,2017-03-20,126,Up,We Don't Talk Anymore,Charlie Puth,644052,https://i.scdn.co/image/ab67616d00004851c0e28105f0533c52717c46c2,https://open.spotify.com/track/68EMU2RD1ECNeOeJ5qAXCV
126,2017-03-20,127,Down,Human,Rag'n'Bone Man,636492,https://i.scdn.co/image/ab67616d0000485190a788beadaad34ff684d3ec,https://open.spotify.com/track/58zsLZPvfflaiIbNWoA22O
127,2017-03-20,128,Up,Redbone,Childish Gambino,633108,https://i.scdn.co/image/ab67616d000048510b97e56ffad7c6211aa848f8,https://open.spotify.com/track/3kxfsdsCpFgN412fpnW85Y
128,2017-03-20,129,Up,Thinking out Loud,Ed Sheeran,630750,https://i.scdn.co/image/ab67616d00004851d08209944468440145f01524,https://open.spotify.com/track/1Slwb6dOYkBlWal1PGtnNg
129,2017-03-20,130,Up,goosebumps,Travis Scott,629883,https://i.scdn.co/image/ab67616d00004851f54b99bf27cda88f4a7403ce,https://open.spotify.com/track/6gBFPUFcJLzWGx4lenP6h2
130,2017-03-20,131,Up,Down,Marian Hill,628457,https://i.scdn.co/image/ab67616d00004851c989c526b15cacc1a579a9c7,https://open.spotify.com/track/2dqLk7ezV15LEJEwUmEbXB
131,2017-03-20,132,Up,Moves,Big Sean,628164,https://i.scdn.co/image/695d0c097d8463ccc2c2b9855fe44e3e9e7bc267,https://open.spotify.com/track/0Fv5N0cHBsl4bzCbollCAS
132,2017-03-20,133,Up,Chanel,Frank Ocean,625833,https://i.scdn.co/image/ab67616d00004851a0b780c23fc3c19bd412b234,https://open.spotify.com/track/6Nle9hKrkL1wQpwNfEkxjh
133,2017-03-20,134,Up,Scars To Your Beautiful,Alessia Cara,625370,https://i.scdn.co/image/5b9e5bd34ec840f07c8530e43a76b1b5e08d8b77,https://open.spotify.com/track/0prNGof3XqfTvNDxHonvdK
134,2017-03-20,135,Down,I Would Like,Zara Larsson,621950,https://i.scdn.co/image/ab67616d000048519e1683774b22648f4f178ed3,https://open.spotify.com/track/4Q4jmPHwu0wrJvqrld0FQ6
135,2017-03-20,136,Up,The Other,Lauv,616825,https://i.scdn.co/image/ab67616d000048513c6e07056b26bb9804a596da,https://open.spotify.com/track/1lntL1cI2UIWlxjL5QiN8g
136,2017-03-20,137,Up,Hey Ma (with Pitbull & J Balvin feat. Camila Cabello) - Spanish Version,Pitbull,616646,https://i.scdn.co/image/ab67616d000048513e40b472d708ea3c6bd86670,https://open.spotify.com/track/2Vdub5mY4lad7w64bFPUez
137,2017-03-20,138,Down,Broccoli (feat. Lil Yachty),DRAM,614951,https://i.scdn.co/image/ab67616d00004851f02a1575a59bd05998826351,https://open.spotify.com/track/7yyRTcZmCiyzzJlNzGC9Ol
138,2017-03-20,139,Up,All We Know,The Chainsmokers,613246,https://i.scdn.co/image/ab67616d00004851ff8d8c5662a96d41433e9ee1,https://open.spotify.com/track/2rizacJSyD9S1IQUxUxnsK
139,2017-03-20,140,Down,Caroline,Aminé,610119,https://i.scdn.co/image/ab67616d00004851a7f01ef25974c10cdbbd566e,https://open.spotify.com/track/5GFDrUTLGJix84sNhjCG0g
140,2017-03-20,141,Down,Too Good,Drake,610060,https://i.scdn.co/image/ab67616d00004851726abca207567d5e41cb9667,https://open.spotify.com/track/11KJSRSgaDxqydKYiD2Jew
141,2017-03-20,142,Up,Lush Life,Zara Larsson,596884,https://i.scdn.co/image/ab67616d000048519e1683774b22648f4f178ed3,https://open.spotify.com/track/1rIKgCH4H52lrvDcz50hS8
142,2017-03-20,143,Flat,Versace on the Floor,Bruno Mars,595604,https://i.scdn.co/image/ab67616d00004851232711f7d66a1e19e89e28c5,https://open.spotify.com/track/0kN8xEmgMW9mh7UmDYHlJP
143,2017-03-20,144,Up,Water Under the Bridge,Adele,593346,https://i.scdn.co/image/ab67616d000048514c3bbcff5e7248e415548f12,https://open.spotify.com/track/4vb4mFvYsr2h6enhjJsq9Y
144,2017-03-20,145,Down,Alone,Alan Walker,593275,https://i.scdn.co/image/ab67616d00004851f00ade2f88d8223521bc7f76,https://open.spotify.com/track/0JiVRyTJcJnmlwCZ854K4p
145,2017-03-20,146,Down,Stressed Out,Twenty One Pilots,590705,https://i.scdn.co/image/ab67616d00004851de03bfc2991fd5bcfde65ba3,https://open.spotify.com/track/3CRDbSIZ4r5MsZ0YwxuEkn
146,2017-03-20,147,Down,Party Monster,The Weeknd,590578,https://i.scdn.co/image/6aeaaebcbd861c8369b14366e8e0eca2fe96055d,https://open.spotify.com/track/4F7A0DXBrmUAkp32uenhZt
147,2017-03-20,148,Up,Sooner Or Later,Aaron Carter,587285,https://i.scdn.co/image/ab67616d000048511f7d1e684ec89fe11a4fdc37,https://open.spotify.com/track/6wV12xIUb8oFY7lBy4KuQe
148,2017-03-20,149,Flat,Cheap Thrills,Sia,587078,https://i.scdn.co/image/ab67616d0000485149e0134c686547c28b7c999f,https://open.spotify.com/track/27SdWb2rFzO6GWiYDBTD9j
149,2017-03-20,150,Up,Cake - Challenge Version,Flo Rida,577818,https://i.scdn.co/image/ab67616d00004851b765afdf5f6a2bc83eb5f378,https://open.spotify.com/track/6t2ubAB4iSYOuIpRAOGd4t
150,2017-03-20,151,Up,Perfect Strangers,Jonas Blue,574158,https://i.scdn.co/image/ab67616d0000485179882e87678a76bc1d895e94,https://open.spotify.com/track/1CUVN2kn7mW5FjkqXTR2W1
151,2017-03-20,152,Down,Skin,Rag'n'Bone Man,573661,https://i.scdn.co/image/ab67616d0000485190a788beadaad34ff684d3ec,https://open.spotify.com/track/6y2Kaz9QI01XBKJ8mTb7Pf
152,2017-03-20,153,Up,Now and Later,Sage The Gemini,572935,https://i.scdn.co/image/ab67616d0000485182d22e1d83fc1045ad33444a,https://open.spotify.com/track/43jBqV3j3Xi1g6wO0bhIMd
153,2017-03-20,154,Down,Oceans Away,A R I Z O N A,572384,https://i.scdn.co/image/ab67616d0000485150a25f1cb71018982b81ca2b,https://open.spotify.com/track/6A8dnC0xkiuWN4BshmTB2I
154,2017-03-20,155,Up,Everyday,Ariana Grande,572302,https://i.scdn.co/image/ab67616d000048517227f5854239a059af211d5b,https://open.spotify.com/track/3FiE2d325mIOc4YjkSLVJR
155,2017-03-20,156,Down,Ride,Twenty One Pilots,571544,https://i.scdn.co/image/ab67616d00004851de03bfc2991fd5bcfde65ba3,https://open.spotify.com/track/2Z8WuEywRWYTKe1NybPQEW
156,2017-03-20,157,Down,Sneakin’,Drake,570447,https://i.scdn.co/image/8b1f6991ae1192e214374d14d918140d04dbd8a7,https://open.spotify.com/track/4ckuS4Nj4FZ7i3Def3Br8W
157,2017-03-20,158,Down,Faded,Alan Walker,568961,https://i.scdn.co/image/ab67616d00004851c4d00cac55ae1b4598c9bc90,https://open.spotify.com/track/7gHs73wELdeycvS48JfIos
158,2017-03-20,159,Down,Be the One,Dua Lipa,568592,https://i.scdn.co/image/ab67616d000048516b915e407b70e121e06fe979,https://open.spotify.com/track/7FCfMXYTIiQ9b4hDYs4Iol
159,2017-03-20,160,Up,All Night (feat. Knox Fortune),Chance the Rapper,567685,https://i.scdn.co/image/ab67616d00004851e71dd15fc5bdefd5bff70452,https://open.spotify.com/track/60xaS8mYBKUW4VQQ666N0T
160,2017-03-20,161,Down,No Lie,Sean Paul,566556,https://i.scdn.co/image/ab67616d000048514782809e4cd19cefc99048f7,https://open.spotify.com/track/3cFsmM51N5zMAuu1nNY4Tw
161,2017-03-20,162,Down,Love Yourself,Justin Bieber,560493,https://i.scdn.co/image/ab67616d00004851b6d9a4fbb0bd49f0f034aead,https://open.spotify.com/track/3hB5DgAiMAQ4DzYbsMq1IT
162,2017-03-20,163,Down,Vacaciones,Wisin,555352,https://i.scdn.co/image/ab67616d00004851c85f0d16973e9dae6f8a786c,https://open.spotify.com/track/3dQDid3IUNhZy1OehIfYfE
163,2017-03-20,164,Up,By Your Side,Jonas Blue,547919,https://i.scdn.co/image/ab67616d00004851bd4b658f3aead04637924c28,https://open.spotify.com/track/1D3ODoXHBLpdxolZRHWV1j
164,2017-03-20,165,Down,Work from Home (feat. Ty Dolla $ign),Fifth Harmony,547260,https://i.scdn.co/image/ab67616d00004851d03fa6f4e758282b7920b5c8,https://open.spotify.com/track/4tCtwWceOPWzenK2HAIJSb
165,2017-03-20,166,Down,This Is What You Came For,Calvin Harris,543572,https://i.scdn.co/image/ab67616d00004851d9aa52355e062f5de060adbf,https://open.spotify.com/track/0azC730Exh71aQlOt9Zj3y
166,2017-03-20,167,Up,Thumbs,Sabrina Carpenter,538285,https://i.scdn.co/image/ab67616d00004851b13cc7b6ba13bcd75cae73a1,https://open.spotify.com/track/3UjJP4ludb74a29P5EHEIo
167,2017-03-20,168,Flat,Te Quiero Pa´Mi,Don Omar,518847,https://i.scdn.co/image/ab67616d00004851d0cb2a58e3bf5d7ac5ece16f,https://open.spotify.com/track/3BY2mafsbsoKGqS380Xnuz
168,2017-03-20,169,Down,Sorry,Justin Bieber,517113,https://i.scdn.co/image/ab67616d00004851b6d9a4fbb0bd49f0f034aead,https://open.spotify.com/track/69bp2EbF7Q2rqc5N3ylezZ
169,2017-03-20,170,Down,"Sucker For Pain (with Wiz Khalifa, Imagine Dragons, Logic & Ty Dolla $ign feat. X Ambassadors)",Lil Wayne,515195,https://i.scdn.co/image/ab67616d000048517d8dfcfd507069d7f2062caf,https://open.spotify.com/track/4dASQiO1Eoo3RJvt74FtXB
170,2017-03-20,171,Up,Liability,Lorde,511747,https://i.scdn.co/image/ab67616d0000485128e1139fd3a34626351b9004,https://open.spotify.com/track/0or0gNaKAXYYCsOrpvRzAu
171,2017-03-20,172,Up,Love,Lana Del Rey,511539,https://i.scdn.co/image/ab67616d000048519d0210162981930e44092e52,https://open.spotify.com/track/0n2bvWvMwr0gbjcuTm92eW
172,2017-03-20,173,Up,Alguien Robo,Sebastian Yatra,510137,https://i.scdn.co/image/ab67616d0000485135e1cf8c70c60dc416956c17,https://open.spotify.com/track/5i50gKdLAjjIr7UxRT5IVy
173,2017-03-20,174,New,I Love You,Axwell /\ Ingrosso,504940,https://i.scdn.co/image/ab67616d00004851c9565af11453132958687a20,https://open.spotify.com/track/11Fo4dAH31K7UZHGqCkCmE
174,2017-03-20,175,Down,Traicionera,Sebastian Yatra,500657,https://i.scdn.co/image/ab67616d00004851dbe5e9f934a9be5db8884c52,https://open.spotify.com/track/5J1c3M4EldCfNxXwrwt8mT
175,2017-03-20,176,Down,Gyal You A Party Animal - Remix,Charly Black,497379,https://i.scdn.co/image/ab67616d0000485131a026a9d39e08006ddfb138,https://open.spotify.com/track/1AkTW13ysu0AJrwuM6UY0I
176,2017-03-20,177,Down,Panda,Desiigner,497095,https://i.scdn.co/image/ab67616d000048513df69bfb7713d8262820612b,https://open.spotify.com/track/5OOkp4U9P9oL23maHFHL1h
177,2017-03-20,178,Flat,Jumpman,Drake,496511,https://i.scdn.co/image/d4b8cf869e0b9fa7aea9a3dc569a935edb78840c,https://open.spotify.com/track/27GmP9AWRs744SzKcpJsTZ
178,2017-03-20,179,Up,Love Me Now,John Legend,493977,https://i.scdn.co/image/ab67616d00004851fa2ba77d93b08258827bd2d2,https://open.spotify.com/track/6nxQdXa1uAL0rY72wPZu89
179,2017-03-20,180,Down,No Problem (feat. Lil Wayne & 2 Chainz),Chance the Rapper,493738,https://i.scdn.co/image/ab67616d00004851e71dd15fc5bdefd5bff70452,https://open.spotify.com/track/0v9Wz8o0BT8DU38R4ddjeH
180,2017-03-20,181,Up,Million Reasons,Lady Gaga,493278,https://i.scdn.co/image/ab67616d00004851dd0b256c733c96b653ab5cde,https://open.spotify.com/track/50PWlIBU7PlGGwzgN8TiFJ
181,2017-03-20,182,Down,"i hate u, i love u (feat. olivia o'brien)",gnash,486473,https://i.scdn.co/image/ab67616d0000485108862f843ea27f44f8e8cbd8,https://open.spotify.com/track/7vRriwrloYVaoAe3a9wJHe
182,2017-03-20,183,Down,X (feat. Future),21 Savage,483507,https://i.scdn.co/image/ab67616d000048512dd1ac4a61495080ef8f78ca,https://open.spotify.com/track/6fwdbPMwP1zVStm8FybmkO
183,2017-03-20,184,New,Habiba,Boef,480889,https://i.scdn.co/image/ab67616d00004851df5aca9420d3529a4d016a9b,https://open.spotify.com/track/6G41AeVgQkpvEbTxN5fNkW
184,2017-03-20,185,Down,7 Years,Lukas Graham,475586,https://i.scdn.co/image/ab67616d0000485104d59cefa11f0eee9f1877a5,https://open.spotify.com/track/7129iqBafaphfc3WPCGC0L
185,2017-03-20,186,Down,Hotline Bling,Drake,473427,https://i.scdn.co/image/ab67616d00004851726abca207567d5e41cb9667,https://open.spotify.com/track/2FBUoWkIuQXwayw2RNo5l6
186,2017-03-20,187,Up,It's Gotta Be You,Isaiah,472488,https://i.scdn.co/image/ab67616d00004851d43b5e86edff2089b91357e6,https://open.spotify.com/track/6cAKeFFYW2aClZSUyvqAEW
187,2017-03-20,188,Down,Shooting Stars,Bag Raiders,470705,https://i.scdn.co/image/ab67616d0000485150ccaac1c3e79c92d08b822f,https://open.spotify.com/track/0UeYCHOETPfai02uskjJ3x
188,2017-03-20,189,Down,Both (feat. Drake),Gucci Mane,465982,https://i.scdn.co/image/ab67616d000048518c75413c7f38b3f512a75b35,https://open.spotify.com/track/5tFep7dXGd7vEJ668wTPux
189,2017-03-20,190,Up,The Greatest,Sia,465378,https://i.scdn.co/image/ab67616d00004851754b2fddebe7039fdb912837,https://open.spotify.com/track/7xHWNBFm6ObGEQPaUxHuKO
190,2017-03-20,191,Up,Lot to Learn,Luke Christopher,463165,https://i.scdn.co/image/ab67616d000048513f0bd8f231c9b6433be929b1,https://open.spotify.com/track/3TRFq09DUgYj1mug6RRqJW
191,2017-03-20,192,Down,Cake By The Ocean,DNCE,463016,https://i.scdn.co/image/ab67616d00004851a19a2912e1618ada66b2e6e8,https://open.spotify.com/track/2aFiaMXmWsM3Vj72F9ksBl
192,2017-03-20,193,Up,Lights Down Low,MAX,462954,https://i.scdn.co/image/ab67616d00004851cefb1bcf9304bf454bae7f8d,https://open.spotify.com/track/1sYSP7gKa5kdKIfhANfori
193,2017-03-20,194,Down,La Bicicleta,Carlos Vives,461264,https://i.scdn.co/image/ab67616d00004851d05d3aad30c5fb7614893cf5,https://open.spotify.com/track/0sXvAOmXgjR2QUqLK1MltU
194,2017-03-20,195,New,Waterfall,Stargate,457518,https://i.scdn.co/image/ab67616d0000485154c089210c98bb4c1f4e12ac,https://open.spotify.com/track/7pYFPMeK0TnaTGdS6qOtEr
195,2017-03-20,196,Down,This Girl (Kungs Vs. Cookin' On 3 Burners) - Kungs Vs. Cookin' On 3 Burners,Kungs,455530,https://i.scdn.co/image/ab67616d00004851f504cc56f3bd99bc61929272,https://open.spotify.com/track/0tICYNayWWhH9GPeFrfjfD
196,2017-03-20,197,New,Comin Out Strong (feat. The Weeknd),Future,453284,https://i.scdn.co/image/ab67616d00004851968822b495da180d0792a437,https://open.spotify.com/track/3mRcWCyteY2133a7xVMrYw
197,2017-03-20,198,New,Light It Up (feat. Nyla & Fuse ODG) - Remix,Major Lazer,450850,https://i.scdn.co/image/ab67616d00004851751a2e5da4333e86814026ba,https://open.spotify.com/track/0L7loeTIg6akW84aEQZpCT
198,2017-03-20,199,New,Fresh Eyes,Andy Grammer,450149,https://i.scdn.co/image/ab67616d0000485158dd2ff215d3baa7d4bd194f,https://open.spotify.com/track/4nMlau89VAjmV7agkl7OY3
199,2017-03-20,200,Down,Dile Que Tu Me Quieres,Ozuna,448346,https://i.scdn.co/image/ab67616d0000485133bbd31551e01896f58d688f,https://open.spotify.com/track/20ZAJdsKB5IGbGj4ilRt2o
