,Date,Position,Trend,Title,Artist,Streams,Icon_URL,Spotify_URL
0,2017-03-14,1,Flat,Shape of You,Ed Sheeran,7721959,https://i.scdn.co/image/ab67616d00004851ba5db46f4b838ef6027e6f96,https://open.spotify.com/track/7qiZfU4dY1lWllzX7mPBI3
1,2017-03-14,2,Up,It Ain't Me (with Selena Gomez),Kygo,4224010,https://i.scdn.co/image/ab67616d0000485141f289940f2e6a0d51988d77,https://open.spotify.com/track/3eR23VReFzcdmS7TYCrhCe
2,2017-03-14,3,Down,Galway Girl,Ed Sheeran,4171588,https://i.scdn.co/image/ab67616d00004851ba5db46f4b838ef6027e6f96,https://open.spotify.com/track/0afhq8XCExXpqazXczTSve
3,2017-03-14,4,Flat,Something Just Like This,The Chainsmokers,4022323,https://i.scdn.co/image/ab67616d000048510c13d3d5a503c84fcc60ae94,https://open.spotify.com/track/6RUKPb4LETWmmr3iAEQktW
4,2017-03-14,5,Flat,Castle on the Hill,Ed Sheeran,3350758,https://i.scdn.co/image/ab67616d00004851ba5db46f4b838ef6027e6f96,https://open.spotify.com/track/6PCUP3dWmTjcTtXY02oFdT
5,2017-03-14,6,Flat,"I Don’t Wanna Live Forever (Fifty Shades Darker) - From ""Fifty Shades Darker (Original Motion Picture Soundtrack)""",ZAYN,3298190,https://i.scdn.co/image/ab67616d000048512ae921f082ae5db4d3da818f,https://open.spotify.com/track/3NdDpSvN911VPGivFlV5d0
6,2017-03-14,7,Up,Despacito (Featuring Daddy Yankee),Luis Fonsi,3269897,https://i.scdn.co/image/ab67616d00004851a5971936e3b8d91f8b616b17,https://open.spotify.com/track/4aWmUDTfIPGksMNLV2rQP2
7,2017-03-14,8,Down,Paris,The Chainsmokers,3213508,https://i.scdn.co/image/ab67616d000048510c13d3d5a503c84fcc60ae94,https://open.spotify.com/track/72jbDTw1piOOj770jWNeaG
8,2017-03-14,9,Flat,That's What I Like,Bruno Mars,3010366,https://i.scdn.co/image/ab67616d00004851232711f7d66a1e19e89e28c5,https://open.spotify.com/track/0KKkJNfGyhkQ5aFogxQAPU
9,2017-03-14,10,Flat,Stay (with Alessia Cara),Zedd,2942473,https://i.scdn.co/image/ab67616d0000485191a70f95efc3400f696e89cc,https://open.spotify.com/track/0dA2Mk56wEzDgegdC6R17g
10,2017-03-14,11,Flat,Scared to Be Lonely,Martin Garrix,2845473,https://i.scdn.co/image/ab67616d0000485164f8a309aa3c0a66a31fc374,https://open.spotify.com/track/3ebXMykcMXOcLeJ9xZ17XH
11,2017-03-14,12,Up,Chained To The Rhythm,Katy Perry,2647731,https://i.scdn.co/image/ab67616d000048511487979a7e0181a5d0406d1a,https://open.spotify.com/track/6520aj0B4FSKGVuKNsOCOi
12,2017-03-14,13,Up,Issues,Julia Michaels,2637634,https://i.scdn.co/image/ab67616d000048519615e35e0e9e4b2c3dccb520,https://open.spotify.com/track/1sXUWdKx03aP9Gmzft58rt
13,2017-03-14,14,Down,Perfect,Ed Sheeran,2605624,https://i.scdn.co/image/ab67616d00004851ba5db46f4b838ef6027e6f96,https://open.spotify.com/track/0tgVpDi06FyKpA1z0VMD4v
14,2017-03-14,15,Flat,Happier,Ed Sheeran,2444505,https://i.scdn.co/image/ab67616d00004851ba5db46f4b838ef6027e6f96,https://open.spotify.com/track/2RttW7RAu5nOAfq6YFvApB
15,2017-03-14,16,Up,Slide,Calvin Harris,2340004,https://i.scdn.co/image/ab67616d000048514d3fa5ce7ba599f4fd7803ef,https://open.spotify.com/track/7tr2za8SQg2CI8EDgrdtNl
16,2017-03-14,17,Up,I Feel It Coming,The Weeknd,2274037,https://i.scdn.co/image/b3683184efeb899b2d1a02f4957d0c630dc10b0b,https://open.spotify.com/track/5GXAXm5YOmYT0kL5jHvYBt
17,2017-03-14,18,Flat,Mask Off,Future,2272152,https://i.scdn.co/image/ab67616d00004851356884f85665ebdd79223fdf,https://open.spotify.com/track/3rOSwuTsUlJp0Pu0MkN8r8
18,2017-03-14,19,Up,Cold,Maroon 5,2216696,https://i.scdn.co/image/ab67616d000048514727f9e79c338683c5bf8921,https://open.spotify.com/track/5NNlUMcOEOdoOIwwaWXv0k
19,2017-03-14,20,Down,Dive,Ed Sheeran,2199789,https://i.scdn.co/image/ab67616d00004851ba5db46f4b838ef6027e6f96,https://open.spotify.com/track/51ChrwmUPDJvedPQnIU8Ls
20,2017-03-14,21,Up,Believer,Imagine Dragons,2191564,https://i.scdn.co/image/ab67616d000048517956bd9a3d7a15e4c2e37cc6,https://open.spotify.com/track/0CcQNd8CINkwQfe1RDtGV6
21,2017-03-14,22,Up,Rockabye (feat. Sean Paul & Anne-Marie),Clean Bandit,2162436,https://i.scdn.co/image/ab67616d000048511431c3bdf16aa99f71799d95,https://open.spotify.com/track/5knuzwU65gJK7IF5yJsuaW
22,2017-03-14,23,Down,New Man,Ed Sheeran,2092724,https://i.scdn.co/image/ab67616d00004851ba5db46f4b838ef6027e6f96,https://open.spotify.com/track/5HDPtsnyb3maFmPL8LLUTG
23,2017-03-14,24,Flat,Green Light,Lorde,2074446,https://i.scdn.co/image/ab67616d0000485128e1139fd3a34626351b9004,https://open.spotify.com/track/0gbBzIqrECJOEPvQJIBFs5
24,2017-03-14,25,Up,Say You Won't Let Go,James Arthur,2068156,https://i.scdn.co/image/ab67616d0000485120beb61f61fcbeb33b10a9ab,https://open.spotify.com/track/5uCax9HTNlzGybIStD3vDh
25,2017-03-14,26,Up,Call On Me - Ryan Riback Extended Remix,Starley,1993573,https://i.scdn.co/image/ab67616d000048519d4079afc73664f86f055400,https://open.spotify.com/track/78rIJddV4X0HkNAInEcYde
26,2017-03-14,27,Down,What Do I Know?,Ed Sheeran,1937121,https://i.scdn.co/image/ab67616d00004851ba5db46f4b838ef6027e6f96,https://open.spotify.com/track/2pJZ1v8HezrAoZ0Fhzby92
27,2017-03-14,28,Flat,iSpy (feat. Lil Yachty),KYLE,1935283,https://i.scdn.co/image/ab67616d0000485132e373f2988bc6596a542d1c,https://open.spotify.com/track/2EEeOnHehOozLq4aS0n6SL
28,2017-03-14,29,Flat,Closer,The Chainsmokers,1891949,https://i.scdn.co/image/ab67616d00004851495ce6da9aeb159e94eaa453,https://open.spotify.com/track/7BKLCZ1jbUBVqRi2FVlTVw
29,2017-03-14,30,Flat,Starboy,The Weeknd,1825810,https://i.scdn.co/image/ab67616d000048510c8599cbde51245c128bcea9,https://open.spotify.com/track/5aAx2yezTd8zXrkmtKl66Z
30,2017-03-14,31,Up,"How Far I'll Go - From ""Moana""",Alessia Cara,1745973,https://i.scdn.co/image/ab67616d00004851fb128b1eda22335050f584fe,https://open.spotify.com/track/5hYTyyh2odQKphUbMqc5gN
31,2017-03-14,32,Flat,Run Up (feat. PARTYNEXTDOOR & Nicki Minaj),Major Lazer,1738527,https://i.scdn.co/image/ab67616d000048518036d7402a6a76aed04f1f98,https://open.spotify.com/track/0fg8CqpjdojMyXLNzM2PaJ
32,2017-03-14,33,Down,Supermarket Flowers,Ed Sheeran,1653743,https://i.scdn.co/image/ab67616d00004851ba5db46f4b838ef6027e6f96,https://open.spotify.com/track/4VuS959DSpr82t3qBqCrWG
33,2017-03-14,34,Flat,Barcelona,Ed Sheeran,1641619,https://i.scdn.co/image/ab67616d00004851ba5db46f4b838ef6027e6f96,https://open.spotify.com/track/3Lfiu5sZ4M4B6JaKMBc0FU
34,2017-03-14,35,Up,Solo Dance,Martin Jensen,1620420,https://i.scdn.co/image/ab67616d00004851950d67dbe3f31f1d9a5d06a2,https://open.spotify.com/track/6HUnnBwYZqcED1eQztxMBN
35,2017-03-14,36,Down,How Would You Feel (Paean),Ed Sheeran,1617475,https://i.scdn.co/image/ab67616d00004851ba5db46f4b838ef6027e6f96,https://open.spotify.com/track/6PJ8FF6UR8FZXfEvpHkIVN
36,2017-03-14,37,Up,Bad and Boujee (feat. Lil Uzi Vert),Migos,1594510,https://i.scdn.co/image/ab67616d0000485199a8ab6da9d593939302828a,https://open.spotify.com/track/4Km5HrUvYTaSUfiSGPJeQR
37,2017-03-14,38,Up,You Don't Know Me - Radio Edit,Jax Jones,1551799,https://i.scdn.co/image/ab67616d00004851dd05a1716e2f07a07b8ccfe3,https://open.spotify.com/track/00lNx0OcTJrS3MKHcB80HY
38,2017-03-14,39,Up,Chantaje (feat. Maluma),Shakira,1540061,https://i.scdn.co/image/ab67616d00004851d05d3aad30c5fb7614893cf5,https://open.spotify.com/track/6mICuAdrwEjh6Y6lroV2Kg
39,2017-03-14,40,Down,All Time Low,Jon Bellion,1522961,https://i.scdn.co/image/ff06a4138a99d272c24d2f6da9b5ea6067c054db,https://open.spotify.com/track/1CnPYaKxTVb4LWOtiGOm0m
40,2017-03-14,41,Up,All Night,The Vamps,1489955,https://i.scdn.co/image/ab67616d00004851f03c9779c27137669304ea20,https://open.spotify.com/track/1yNyoWWWikbLhwIGWjZuDW
41,2017-03-14,42,Up,Congratulations,Post Malone,1484926,https://i.scdn.co/image/23bae95100dcb6ac8f88c19fa2a11c50a998a926,https://open.spotify.com/track/3a1lNhkSLSkpJE4MSHpDu9
42,2017-03-14,43,Up,Weak,AJR,1469081,https://i.scdn.co/image/ab67616d00004851c5f3ca405ff6ed13dc554b94,https://open.spotify.com/track/3E2Zh20GDCR9B1EYjfXWyv
43,2017-03-14,44,Down,Nancy Mulligan,Ed Sheeran,1466285,https://i.scdn.co/image/ab67616d00004851ba5db46f4b838ef6027e6f96,https://open.spotify.com/track/35QZaWQRkmnAVqBF1TLCxQ
44,2017-03-14,45,Up,SUBEME LA RADIO,Enrique Iglesias,1432756,https://i.scdn.co/image/ab67616d000048515366ff028970205a29d558ed,https://open.spotify.com/track/7nKBxz47S9SD79N086fuhn
45,2017-03-14,46,Up,El Amante,Nicky Jam,1419355,https://i.scdn.co/image/ab67616d00004851d77dbcd4dbd37cdfa61771fa,https://open.spotify.com/track/3umS4y3uQDkqekNjVpiRUs
46,2017-03-14,47,Down,Hearts Don't Break Around Here,Ed Sheeran,1412752,https://i.scdn.co/image/ab67616d00004851ba5db46f4b838ef6027e6f96,https://open.spotify.com/track/2dfHh7ECGxfNqZTQno09Vk
47,2017-03-14,48,Down,Just Hold On,Steve Aoki,1399062,https://i.scdn.co/image/ab67616d0000485122e2ce2de8bad6d67ee69b48,https://open.spotify.com/track/3EmmCZoqpWOTY1g2GBwJoR
48,2017-03-14,49,Up,Bounce Back,Big Sean,1388251,https://i.scdn.co/image/695d0c097d8463ccc2c2b9855fe44e3e9e7bc267,https://open.spotify.com/track/0SGkqnVQo9KPytSri1H6cF
49,2017-03-14,50,Down,Eraser,Ed Sheeran,1370722,https://i.scdn.co/image/ab67616d00004851ba5db46f4b838ef6027e6f96,https://open.spotify.com/track/7oolFzHipTMg2nL7shhdz2
50,2017-03-14,51,Flat,Tunnel Vision,Kodak Black,1309508,https://i.scdn.co/image/ab67616d000048511541a676423805fc68ff3e66,https://open.spotify.com/track/4Q3N4Ct4zCuIHuZ65E3BD4
51,2017-03-14,52,Up,Let Me Love You,DJ Snake,1268022,https://i.scdn.co/image/ab67616d000048515045de6786e0af096de73ed4,https://open.spotify.com/track/4pdPtRcBmOSQDlJ3Fk945m
52,2017-03-14,53,Up,Fake Love,Drake,1172399,https://i.scdn.co/image/6dfd956b9331fa9ea1f47ebb95311951ed72b3db,https://open.spotify.com/track/343YBumqHu19cGoGARUTsd
53,2017-03-14,54,Up,24K Magic,Bruno Mars,1161752,https://i.scdn.co/image/ab67616d00004851232711f7d66a1e19e89e28c5,https://open.spotify.com/track/6b8Be6ljOzmkOmFslEb23P
54,2017-03-14,55,Down,Bibia Be Ye Ye,Ed Sheeran,1154887,https://i.scdn.co/image/ab67616d00004851ba5db46f4b838ef6027e6f96,https://open.spotify.com/track/6SznMYPQJHzr3IwsAHLId2
55,2017-03-14,56,Flat,September Song,JP Cooper,1136230,https://i.scdn.co/image/ab67616d000048511400ec742ee0935608e30700,https://open.spotify.com/track/0FuTx2s3YH1ppmtiM6l0zI
56,2017-03-14,57,Up,Selfish (feat. Rihanna),Future,1124071,https://i.scdn.co/image/ab67616d00004851968822b495da180d0792a437,https://open.spotify.com/track/2Ce5IyMlVRVvN997ZJjJJA
57,2017-03-14,58,Down,Save Myself,Ed Sheeran,1116382,https://i.scdn.co/image/ab67616d00004851ba5db46f4b838ef6027e6f96,https://open.spotify.com/track/6TIU9Ehmi6dMzZK73Ym4yj
58,2017-03-14,59,Up,Don't Wanna Know,Maroon 5,1100443,https://i.scdn.co/image/ab67616d00004851eec1912bbc2ff74b8203fe5f,https://open.spotify.com/track/5MFzQMkrl1FOOng9tq6R9r
59,2017-03-14,60,Up,One Dance,Drake,1091192,https://i.scdn.co/image/ab67616d00004851726abca207567d5e41cb9667,https://open.spotify.com/track/1xznGGDReH1oQq0xzbwXa3
60,2017-03-14,61,Up,Reggaetón Lento (Bailemos),CNCO,1073048,https://i.scdn.co/image/ab67616d000048517db0f7ac4c612cce26ccacf9,https://open.spotify.com/track/3AEZUABDXNtecAOSC1qTfo
61,2017-03-14,62,Flat,Location,Khalid,1059252,https://i.scdn.co/image/ab67616d00004851988ede5e1276e758b5f9e577,https://open.spotify.com/track/152lZdxL1OR0ZMW6KquMif
62,2017-03-14,63,Up,T-Shirt,Migos,1054599,https://i.scdn.co/image/ab67616d0000485199a8ab6da9d593939302828a,https://open.spotify.com/track/7KOlJ92bu51cltsD9KU5I7
63,2017-03-14,64,Down,Don't Leave,Snakehips,1036958,https://i.scdn.co/image/ab67616d00004851b72a28b6f92b180a8a423e29,https://open.spotify.com/track/0Zx8khUcEfCFK2AEoIhC92
64,2017-03-14,65,Up,Me Rehúso,Danny Ocean,1026603,https://i.scdn.co/image/ab67616d00004851a75bd33684083600569dd3bf,https://open.spotify.com/track/6De0lHrwBfPfrhorm9q1Xl
65,2017-03-14,66,Up,Swalla (feat. Nicki Minaj & Ty Dolla $ign),Jason Derulo,1002237,https://i.scdn.co/image/ab67616d000048519d6522bee68370fa5592301d,https://open.spotify.com/track/6kex4EBAj0WHXDKZMEJaaF
66,2017-03-14,67,Flat,Love On The Brain,Rihanna,998909,https://i.scdn.co/image/ddc285ca9817c96c7719b3f2a759e108787db021,https://open.spotify.com/track/2aksifNn5ph8igDOkPBA02
67,2017-03-14,68,Down,No Frauds,Nicki Minaj,986688,https://i.scdn.co/image/f6eb2f1e1a5ea603f4cee5b8f082ff6ebbc8c0ff,https://open.spotify.com/track/7KcGEssn7BnJdTgildK5y0
68,2017-03-14,69,Flat,I Got You,Bebe Rexha,959394,https://i.scdn.co/image/ab67616d00004851809adcbcfe88c94fd2a706c1,https://open.spotify.com/track/1FUViuNSldssMIawrOXF2i
69,2017-03-14,70,Up,Starving,Hailee Steinfeld,953688,https://i.scdn.co/image/ab67616d00004851612495ee5769c99125031be2,https://open.spotify.com/track/1qOLh0tI7trd1zdDKxYZTe
70,2017-03-14,71,Up,Bad Things (with Camila Cabello),Machine Gun Kelly,914024,https://i.scdn.co/image/d5f976093a4dcbc5ea9d4c04b414207f8bdce469,https://open.spotify.com/track/1PSBzsahR2AKwLJgx8ehBj
71,2017-03-14,72,Up,Hear Me Now,Alok,910654,https://i.scdn.co/image/e308bad29e4cf6dc8aa5cd97449ef71bbb893d40,https://open.spotify.com/track/1a5Yu5L18qNxVhXx38njON
72,2017-03-14,73,Up,Otra vez (feat. J Balvin),Zion & Lennox,908510,https://i.scdn.co/image/ab67616d0000485182eabf564ddc57325a84dd50,https://open.spotify.com/track/3QwBODjSEzelZyVjxPOHdq
73,2017-03-14,74,Up,In the Name of Love,Martin Garrix,901643,https://i.scdn.co/image/ab67616d00004851923db3f255cd48a6d5783ebf,https://open.spotify.com/track/04DwTuZ2VBdJCCC5TROn7L
74,2017-03-14,75,Down,Water Under the Bridge,Adele,881775,https://i.scdn.co/image/ab67616d000048514c3bbcff5e7248e415548f12,https://open.spotify.com/track/4vb4mFvYsr2h6enhjJsq9Y
75,2017-03-14,76,Up,Touch,Little Mix,874629,https://i.scdn.co/image/ab67616d000048512318bbb0586903290db2b270,https://open.spotify.com/track/5Ua3GXyHwiSfpNTMjq6m2z
76,2017-03-14,77,Up,Sunset Lover,Petit Biscuit,870881,https://i.scdn.co/image/ab67616d00004851014080d39d56c94c0b285362,https://open.spotify.com/track/0hNduWmlWmEmuwEFcYvRu1
77,2017-03-14,78,Up,Swang,Rae Sremmurd,868603,https://i.scdn.co/image/16293ab3b4f9301aeb5f41810fd7056d463db55e,https://open.spotify.com/track/6mapJIPnQ23RTAevUoE0DL
78,2017-03-14,79,Up,Cold Water (feat. Justin Bieber & MØ),Major Lazer,863869,https://i.scdn.co/image/ab67616d000048512e8f1cca2bc8c9d55930523b,https://open.spotify.com/track/6DNtNfH8hXkqOX1sjqmI7p
79,2017-03-14,80,Down,Chanel,Frank Ocean,851587,https://i.scdn.co/image/ab67616d00004851a0b780c23fc3c19bd412b234,https://open.spotify.com/track/6Nle9hKrkL1wQpwNfEkxjh
80,2017-03-14,81,Down,Body Like A Back Road,Sam Hunt,841455,https://i.scdn.co/image/ab67616d000048519eccbdab1110afc4d5a186a8,https://open.spotify.com/track/7mldq42yDuxiUNn08nvzHO
81,2017-03-14,82,Flat,Side To Side,Ariana Grande,824211,https://i.scdn.co/image/ab67616d000048517227f5854239a059af211d5b,https://open.spotify.com/track/4pLwZjInHj3SimIyN9SnOz
82,2017-03-14,83,Up,Shed a Light,Robin Schulz,810763,https://i.scdn.co/image/ab67616d000048517be189f322bc8155c103d6c9,https://open.spotify.com/track/1cG0umU5TKStygKsPFZ9pY
83,2017-03-14,84,Up,La Rompe Corazones,Daddy Yankee,808335,https://i.scdn.co/image/ab67616d00004851b84a36483e43bfbcb931fcde,https://open.spotify.com/track/4okba5wu9mMLXx79DXLKi3
84,2017-03-14,85,Flat,"CAN'T STOP THE FEELING! (Original Song from DreamWorks Animation's ""TROLLS"")",Justin Timberlake,805501,https://i.scdn.co/image/ab67616d00004851ef37416970812293c08e8a78,https://open.spotify.com/track/6JV2JOEocMgcZxYSZelKcc
85,2017-03-14,86,Down,Black Beatles,Rae Sremmurd,794055,https://i.scdn.co/image/16293ab3b4f9301aeb5f41810fd7056d463db55e,https://open.spotify.com/track/6fujklziTHa8uoM5OQSfIo
86,2017-03-14,87,Down,My Way,Calvin Harris,764421,https://i.scdn.co/image/ab67616d000048518d12bc5e3ea5c9f4a967de32,https://open.spotify.com/track/1vvNmPOiUuyCbgWmtc6yfm
87,2017-03-14,88,Up,It's Gotta Be You,Isaiah,762192,https://i.scdn.co/image/ab67616d00004851d43b5e86edff2089b91357e6,https://open.spotify.com/track/6cAKeFFYW2aClZSUyvqAEW
88,2017-03-14,89,Up,Don't Let Me Down,The Chainsmokers,760314,https://i.scdn.co/image/ab67616d0000485108d87fb54859bc9038f7e5e0,https://open.spotify.com/track/0QsvXIfqM0zZoerQfsI9lm
89,2017-03-14,90,Up,Mercy,Shawn Mendes,754528,https://i.scdn.co/image/ab67616d00004851188e6332f32088921ab1eaf8,https://open.spotify.com/track/4TZy1wLyHec06pwgFYDh1a
90,2017-03-14,91,Up,Treat You Better,Shawn Mendes,753580,https://i.scdn.co/image/ab67616d00004851188e6332f32088921ab1eaf8,https://open.spotify.com/track/4Hf7WnR761jpxPr5D46Bcd
91,2017-03-14,92,Up,Safari,J Balvin,753229,https://i.scdn.co/image/ab67616d00004851338ffc4c72a192f06070546b,https://open.spotify.com/track/6rQSrBHf7HlZjtcMZ4S4bO
92,2017-03-14,93,Down,Photograph,Ed Sheeran,751409,https://i.scdn.co/image/ab67616d00004851d08209944468440145f01524,https://open.spotify.com/track/6fxVffaTuwjgEk5h9QyRjy
93,2017-03-14,94,Down,History,Olivia Holt,746456,https://i.scdn.co/image/ab67616d000048519e21eab426152ef9078d6b94,https://open.spotify.com/track/0WCEaydwN65cvwaW8aqptF
94,2017-03-14,95,Up,Rolex,Ayo & Teo,740315,https://i.scdn.co/image/ab67616d0000485179dbd95fbdf6b0d617bd32dd,https://open.spotify.com/track/0pSBuHjILhNEo55xK1zrRt
95,2017-03-14,96,Up,Heathens,Twenty One Pilots,734461,https://i.scdn.co/image/ab67616d000048512ca3ba8f334ca5a5f0312efb,https://open.spotify.com/track/6i0V12jOa3mr6uu4WYhUBr
96,2017-03-14,97,Up,Tuesday,Burak Yeter,731030,https://i.scdn.co/image/069b0b8dc1285ba4d2bd7f2536abfce84598d130,https://open.spotify.com/track/7abpmGpF7PGep2rDU68GBR
97,2017-03-14,98,Down,Redbone,Childish Gambino,729299,https://i.scdn.co/image/ab67616d000048510b97e56ffad7c6211aa848f8,https://open.spotify.com/track/3kxfsdsCpFgN412fpnW85Y
98,2017-03-14,99,Up,"Sola (Remix) [feat. Daddy Yankee, Wisin, Farruko, Zion & Lennox]",Anuel AA,718390,https://i.scdn.co/image/ab67616d00004851a66def7d649149464edc8f1e,https://open.spotify.com/track/5q2JbCNi4FcnglgPfxcV65
99,2017-03-14,100,Down,Human,Rag'n'Bone Man,702175,https://i.scdn.co/image/ab67616d0000485190a788beadaad34ff684d3ec,https://open.spotify.com/track/58zsLZPvfflaiIbNWoA22O
100,2017-03-14,101,Up,Look At Me!,XXXTENTACION,696674,https://i.scdn.co/image/ab67616d0000485125b5901b8bcf902f54d466d9,https://open.spotify.com/track/4ARPvK8DHLwt4oX65ZAFMw
101,2017-03-14,102,Flat,Thinking out Loud,Ed Sheeran,696467,https://i.scdn.co/image/ab67616d00004851d08209944468440145f01524,https://open.spotify.com/track/1Slwb6dOYkBlWal1PGtnNg
102,2017-03-14,103,Up,Me Llamas (feat. Maluma) - Remix,Piso 21,696122,https://i.scdn.co/image/ab67616d000048511e1eafb5d2bb1ca39d26f092,https://open.spotify.com/track/5hEM0JchdVzQ5PwvSfITeX
103,2017-03-14,104,Up,Vente Pa' Ca,Ricky Martin,688955,https://i.scdn.co/image/ab67616d000048513d90f5938459be40b7b6652a,https://open.spotify.com/track/7DM4BPaS7uofFul3ywMe46
104,2017-03-14,105,Up,We Don't Talk Anymore,Charlie Puth,688275,https://i.scdn.co/image/ab67616d00004851c0e28105f0533c52717c46c2,https://open.spotify.com/track/68EMU2RD1ECNeOeJ5qAXCV
105,2017-03-14,106,Down,Caroline,Aminé,687721,https://i.scdn.co/image/ab67616d00004851a7f01ef25974c10cdbbd566e,https://open.spotify.com/track/5GFDrUTLGJix84sNhjCG0g
106,2017-03-14,107,Down,Party Monster,The Weeknd,685670,https://i.scdn.co/image/6aeaaebcbd861c8369b14366e8e0eca2fe96055d,https://open.spotify.com/track/4F7A0DXBrmUAkp32uenhZt
107,2017-03-14,108,Up,Scars To Your Beautiful,Alessia Cara,673288,https://i.scdn.co/image/5b9e5bd34ec840f07c8530e43a76b1b5e08d8b77,https://open.spotify.com/track/0prNGof3XqfTvNDxHonvdK
108,2017-03-14,109,Flat,goosebumps,Travis Scott,672306,https://i.scdn.co/image/ab67616d00004851f54b99bf27cda88f4a7403ce,https://open.spotify.com/track/6gBFPUFcJLzWGx4lenP6h2
109,2017-03-14,110,Up,Moves,Big Sean,669319,https://i.scdn.co/image/695d0c097d8463ccc2c2b9855fe44e3e9e7bc267,https://open.spotify.com/track/0Fv5N0cHBsl4bzCbollCAS
110,2017-03-14,111,Down,Liability,Lorde,665265,https://i.scdn.co/image/ab67616d0000485128e1139fd3a34626351b9004,https://open.spotify.com/track/0or0gNaKAXYYCsOrpvRzAu
111,2017-03-14,112,Up,Oceans Away,A R I Z O N A,663202,https://i.scdn.co/image/ab67616d0000485150a25f1cb71018982b81ca2b,https://open.spotify.com/track/6A8dnC0xkiuWN4BshmTB2I
112,2017-03-14,113,Up,Broccoli (feat. Lil Yachty),DRAM,660976,https://i.scdn.co/image/ab67616d00004851f02a1575a59bd05998826351,https://open.spotify.com/track/7yyRTcZmCiyzzJlNzGC9Ol
113,2017-03-14,114,Down,All We Know,The Chainsmokers,659327,https://i.scdn.co/image/ab67616d00004851ff8d8c5662a96d41433e9ee1,https://open.spotify.com/track/2rizacJSyD9S1IQUxUxnsK
114,2017-03-14,115,Up,I Took A Pill In Ibiza - Seeb Remix,Mike Posner,658075,https://i.scdn.co/image/ab67616d0000485140512e02a594e3378c0256e6,https://open.spotify.com/track/17Fd6Yb7mSbinKG8LoWfFl
115,2017-03-14,116,Up,Sigo Extrañándote,J Balvin,655178,https://i.scdn.co/image/ab67616d00004851338ffc4c72a192f06070546b,https://open.spotify.com/track/6qDF4wWL49CAVbgT7yuHl8
116,2017-03-14,117,Down,Now and Later,Sage The Gemini,654941,https://i.scdn.co/image/ab67616d0000485182d22e1d83fc1045ad33444a,https://open.spotify.com/track/43jBqV3j3Xi1g6wO0bhIMd
117,2017-03-14,118,Up,Down,Marian Hill,653464,https://i.scdn.co/image/ab67616d00004851c989c526b15cacc1a579a9c7,https://open.spotify.com/track/2dqLk7ezV15LEJEwUmEbXB
118,2017-03-14,119,Down,Alone,Alan Walker,646317,https://i.scdn.co/image/ab67616d00004851f00ade2f88d8223521bc7f76,https://open.spotify.com/track/0JiVRyTJcJnmlwCZ854K4p
119,2017-03-14,120,Down,No Lie,Sean Paul,642582,https://i.scdn.co/image/ab67616d000048514782809e4cd19cefc99048f7,https://open.spotify.com/track/3cFsmM51N5zMAuu1nNY4Tw
120,2017-03-14,121,Down,The Other,Lauv,639601,https://i.scdn.co/image/ab67616d000048513c6e07056b26bb9804a596da,https://open.spotify.com/track/1lntL1cI2UIWlxjL5QiN8g
121,2017-03-14,122,Down,Sooner Or Later,Aaron Carter,638404,https://i.scdn.co/image/ab67616d000048511f7d1e684ec89fe11a4fdc37,https://open.spotify.com/track/6wV12xIUb8oFY7lBy4KuQe
122,2017-03-14,123,Up,Make Me (Cry),Noah Cyrus,638305,https://i.scdn.co/image/ab67616d00004851bf2ec8b87525fbd01fb0111f,https://open.spotify.com/track/2BrzlUj1u1CtvaJDGIKpsP
123,2017-03-14,124,Down,Versace on the Floor,Bruno Mars,634753,https://i.scdn.co/image/ab67616d00004851232711f7d66a1e19e89e28c5,https://open.spotify.com/track/0kN8xEmgMW9mh7UmDYHlJP
124,2017-03-14,125,Down,Skin,Rag'n'Bone Man,632767,https://i.scdn.co/image/ab67616d0000485190a788beadaad34ff684d3ec,https://open.spotify.com/track/6y2Kaz9QI01XBKJ8mTb7Pf
125,2017-03-14,126,Down,Be the One,Dua Lipa,631299,https://i.scdn.co/image/ab67616d000048516b915e407b70e121e06fe979,https://open.spotify.com/track/7FCfMXYTIiQ9b4hDYs4Iol
126,2017-03-14,127,Up,Stressed Out,Twenty One Pilots,628047,https://i.scdn.co/image/ab67616d00004851de03bfc2991fd5bcfde65ba3,https://open.spotify.com/track/3CRDbSIZ4r5MsZ0YwxuEkn
127,2017-03-14,128,Up,Cheap Thrills,Sia,623101,https://i.scdn.co/image/ab67616d0000485149e0134c686547c28b7c999f,https://open.spotify.com/track/27SdWb2rFzO6GWiYDBTD9j
128,2017-03-14,129,Down,Cake - Challenge Version,Flo Rida,619695,https://i.scdn.co/image/ab67616d00004851b765afdf5f6a2bc83eb5f378,https://open.spotify.com/track/6t2ubAB4iSYOuIpRAOGd4t
129,2017-03-14,130,Up,Perfect Strangers,Jonas Blue,608943,https://i.scdn.co/image/ab67616d0000485179882e87678a76bc1d895e94,https://open.spotify.com/track/1CUVN2kn7mW5FjkqXTR2W1
130,2017-03-14,131,Up,Vacaciones,Wisin,604514,https://i.scdn.co/image/ab67616d00004851c85f0d16973e9dae6f8a786c,https://open.spotify.com/track/3dQDid3IUNhZy1OehIfYfE
131,2017-03-14,132,Down,I Would Like,Zara Larsson,602035,https://i.scdn.co/image/ab67616d000048519e1683774b22648f4f178ed3,https://open.spotify.com/track/4Q4jmPHwu0wrJvqrld0FQ6
132,2017-03-14,133,Up,Love Yourself,Justin Bieber,594800,https://i.scdn.co/image/ab67616d00004851b6d9a4fbb0bd49f0f034aead,https://open.spotify.com/track/3hB5DgAiMAQ4DzYbsMq1IT
133,2017-03-14,134,Up,Ride,Twenty One Pilots,592873,https://i.scdn.co/image/ab67616d00004851de03bfc2991fd5bcfde65ba3,https://open.spotify.com/track/2Z8WuEywRWYTKe1NybPQEW
134,2017-03-14,135,Up,Love,Lana Del Rey,592423,https://i.scdn.co/image/ab67616d000048519d0210162981930e44092e52,https://open.spotify.com/track/0n2bvWvMwr0gbjcuTm92eW
135,2017-03-14,136,Down,Comin Out Strong (feat. The Weeknd),Future,590873,https://i.scdn.co/image/ab67616d00004851968822b495da180d0792a437,https://open.spotify.com/track/3mRcWCyteY2133a7xVMrYw
136,2017-03-14,137,Down,Romantic - NOTD Remix,Stanaj,583952,https://i.scdn.co/image/ab67616d000048517861e14b4da5cfac6fb0c65b,https://open.spotify.com/track/3SGWp9fJCzgK0WcpcKSQdy
137,2017-03-14,138,Up,By Your Side,Jonas Blue,583217,https://i.scdn.co/image/ab67616d00004851bd4b658f3aead04637924c28,https://open.spotify.com/track/1D3ODoXHBLpdxolZRHWV1j
138,2017-03-14,139,Flat,Faded,Alan Walker,578867,https://i.scdn.co/image/ab67616d00004851c4d00cac55ae1b4598c9bc90,https://open.spotify.com/track/7gHs73wELdeycvS48JfIos
139,2017-03-14,140,Down,This Is What You Came For,Calvin Harris,578493,https://i.scdn.co/image/ab67616d00004851d9aa52355e062f5de060adbf,https://open.spotify.com/track/0azC730Exh71aQlOt9Zj3y
140,2017-03-14,141,Up,Work from Home (feat. Ty Dolla $ign),Fifth Harmony,574399,https://i.scdn.co/image/ab67616d00004851d03fa6f4e758282b7920b5c8,https://open.spotify.com/track/4tCtwWceOPWzenK2HAIJSb
141,2017-03-14,142,Up,Sorry,Justin Bieber,560790,https://i.scdn.co/image/ab67616d00004851b6d9a4fbb0bd49f0f034aead,https://open.spotify.com/track/69bp2EbF7Q2rqc5N3ylezZ
142,2017-03-14,143,Up,"Ay Mi Dios (feat. Pitbull, Yandel & Chacal)",IAmChino,551711,https://i.scdn.co/image/ab67616d000048511568fbc07414eb185c58ef62,https://open.spotify.com/track/6stYbAJgTszHAHZMPxWWCY
143,2017-03-14,144,Down,Shooting Stars,Bag Raiders,550976,https://i.scdn.co/image/ab67616d0000485150ccaac1c3e79c92d08b822f,https://open.spotify.com/track/0UeYCHOETPfai02uskjJ3x
144,2017-03-14,145,Up,Te Quiero Pa´Mi,Don Omar,548963,https://i.scdn.co/image/ab67616d00004851d0cb2a58e3bf5d7ac5ece16f,https://open.spotify.com/track/3BY2mafsbsoKGqS380Xnuz
145,2017-03-14,146,Up,Gyal You A Party Animal - Remix,Charly Black,537100,https://i.scdn.co/image/ab67616d0000485131a026a9d39e08006ddfb138,https://open.spotify.com/track/1AkTW13ysu0AJrwuM6UY0I
146,2017-03-14,147,Down,No Problem (feat. Lil Wayne & 2 Chainz),Chance the Rapper,536169,https://i.scdn.co/image/ab67616d00004851e71dd15fc5bdefd5bff70452,https://open.spotify.com/track/0v9Wz8o0BT8DU38R4ddjeH
147,2017-03-14,148,Up,Panda,Desiigner,535459,https://i.scdn.co/image/ab67616d000048513df69bfb7713d8262820612b,https://open.spotify.com/track/5OOkp4U9P9oL23maHFHL1h
148,2017-03-14,149,Down,Million Reasons,Lady Gaga,534909,https://i.scdn.co/image/ab67616d00004851dd0b256c733c96b653ab5cde,https://open.spotify.com/track/50PWlIBU7PlGGwzgN8TiFJ
149,2017-03-14,150,Down,Too Good,Drake,533361,https://i.scdn.co/image/ab67616d00004851726abca207567d5e41cb9667,https://open.spotify.com/track/11KJSRSgaDxqydKYiD2Jew
150,2017-03-14,151,Up,"Sucker For Pain (with Wiz Khalifa, Imagine Dragons, Logic & Ty Dolla $ign feat. X Ambassadors)",Lil Wayne,530789,https://i.scdn.co/image/ab67616d000048517d8dfcfd507069d7f2062caf,https://open.spotify.com/track/4dASQiO1Eoo3RJvt74FtXB
151,2017-03-14,152,Up,Traicionera,Sebastian Yatra,527967,https://i.scdn.co/image/ab67616d00004851dbe5e9f934a9be5db8884c52,https://open.spotify.com/track/5J1c3M4EldCfNxXwrwt8mT
152,2017-03-14,153,Down,Love Me Now,John Legend,525432,https://i.scdn.co/image/ab67616d00004851fa2ba77d93b08258827bd2d2,https://open.spotify.com/track/6nxQdXa1uAL0rY72wPZu89
153,2017-03-14,154,Down,Everyday,Ariana Grande,517223,https://i.scdn.co/image/ab67616d000048517227f5854239a059af211d5b,https://open.spotify.com/track/3FiE2d325mIOc4YjkSLVJR
154,2017-03-14,155,Down,I Love You,Axwell /\ Ingrosso,513084,https://i.scdn.co/image/ab67616d00004851c9565af11453132958687a20,https://open.spotify.com/track/11Fo4dAH31K7UZHGqCkCmE
155,2017-03-14,156,Up,"i hate u, i love u (feat. olivia o'brien)",gnash,509301,https://i.scdn.co/image/ab67616d0000485108862f843ea27f44f8e8cbd8,https://open.spotify.com/track/7vRriwrloYVaoAe3a9wJHe
156,2017-03-14,157,Up,Alguien Robo,Sebastian Yatra,508462,https://i.scdn.co/image/ab67616d0000485135e1cf8c70c60dc416956c17,https://open.spotify.com/track/5i50gKdLAjjIr7UxRT5IVy
157,2017-03-14,158,Down,Reminder,The Weeknd,506141,https://i.scdn.co/image/6aeaaebcbd861c8369b14366e8e0eca2fe96055d,https://open.spotify.com/track/37F0uwRSrdzkBiuj0D5UHI
158,2017-03-14,159,Flat,Lot to Learn,Luke Christopher,505065,https://i.scdn.co/image/ab67616d000048513f0bd8f231c9b6433be929b1,https://open.spotify.com/track/3TRFq09DUgYj1mug6RRqJW
159,2017-03-14,160,Down,X (feat. Future),21 Savage,503287,https://i.scdn.co/image/ab67616d000048512dd1ac4a61495080ef8f78ca,https://open.spotify.com/track/6fwdbPMwP1zVStm8FybmkO
160,2017-03-14,161,Up,La Bicicleta,Carlos Vives,500794,https://i.scdn.co/image/ab67616d00004851d05d3aad30c5fb7614893cf5,https://open.spotify.com/track/0sXvAOmXgjR2QUqLK1MltU
161,2017-03-14,162,Down,Thumbs,Sabrina Carpenter,497836,https://i.scdn.co/image/ab67616d00004851b13cc7b6ba13bcd75cae73a1,https://open.spotify.com/track/3UjJP4ludb74a29P5EHEIo
162,2017-03-14,163,Up,Waterfall,Stargate,491122,https://i.scdn.co/image/ab67616d0000485154c089210c98bb4c1f4e12ac,https://open.spotify.com/track/7pYFPMeK0TnaTGdS6qOtEr
163,2017-03-14,164,Up,7 Years,Lukas Graham,490710,https://i.scdn.co/image/ab67616d0000485104d59cefa11f0eee9f1877a5,https://open.spotify.com/track/7129iqBafaphfc3WPCGC0L
164,2017-03-14,165,Down,No Heart,21 Savage,489969,https://i.scdn.co/image/ab67616d000048512dd1ac4a61495080ef8f78ca,https://open.spotify.com/track/4gmmRb6bZJffOOiww1JGTO
165,2017-03-14,166,Down,美女と野獣,Ariana Grande,489454,https://i.scdn.co/image/ab67616d00004851d5a45b435ecafffdede5fd28,https://open.spotify.com/track/1KT0xdIjm7t053xByACrrg
166,2017-03-14,167,Up,Dile Que Tu Me Quieres,Ozuna,489388,https://i.scdn.co/image/ab67616d0000485133bbd31551e01896f58d688f,https://open.spotify.com/track/20ZAJdsKB5IGbGj4ilRt2o
167,2017-03-14,168,Down,Way Down We Go,KALEO,489282,https://i.scdn.co/image/ab67616d00004851f793a842c1642b09a768a63b,https://open.spotify.com/track/0y1QJc3SJVPKJ1OvFmFqe6
168,2017-03-14,169,Down,Sexual,NEIKED,487332,https://i.scdn.co/image/ab67616d000048519c5e27aff6792af94e972af9,https://open.spotify.com/track/3AsAuGTaDQzavZZThyYlop
169,2017-03-14,170,Down,The Greatest,Sia,485177,https://i.scdn.co/image/ab67616d00004851754b2fddebe7039fdb912837,https://open.spotify.com/track/7xHWNBFm6ObGEQPaUxHuKO
170,2017-03-14,171,Flat,Sneakin’,Drake,484820,https://i.scdn.co/image/8b1f6991ae1192e214374d14d918140d04dbd8a7,https://open.spotify.com/track/4ckuS4Nj4FZ7i3Def3Br8W
171,2017-03-14,172,Up,This Girl (Kungs Vs. Cookin' On 3 Burners) - Kungs Vs. Cookin' On 3 Burners,Kungs,481703,https://i.scdn.co/image/ab67616d00004851f504cc56f3bd99bc61929272,https://open.spotify.com/track/0tICYNayWWhH9GPeFrfjfD
172,2017-03-14,173,Up,Cake By The Ocean,DNCE,481204,https://i.scdn.co/image/ab67616d00004851a19a2912e1618ada66b2e6e8,https://open.spotify.com/track/2aFiaMXmWsM3Vj72F9ksBl
173,2017-03-14,174,Down,White Iverson,Post Malone,479637,https://i.scdn.co/image/23bae95100dcb6ac8f88c19fa2a11c50a998a926,https://open.spotify.com/track/6eT7xZZlB2mwyzJ2sUKG6w
174,2017-03-14,175,Down,Low Life,Future,474996,https://i.scdn.co/image/ab67616d00004851626745b3aa04899001a924ad,https://open.spotify.com/track/7EiZI6JVHllARrX9PUvAdX
175,2017-03-14,176,Up,Andas En Mi Cabeza,Chino & Nacho,474476,https://i.scdn.co/image/ab67616d0000485166dad4487da6fc0dced2d0c6,https://open.spotify.com/track/5mey7CLLuFToM2P68Qu1gF
176,2017-03-14,177,Down,Controlla,Drake,473291,https://i.scdn.co/image/ab67616d00004851726abca207567d5e41cb9667,https://open.spotify.com/track/6F609ICg9Spjrw1epsAnpa
177,2017-03-14,178,Up,Into You,Ariana Grande,473283,https://i.scdn.co/image/ab67616d000048517227f5854239a059af211d5b,https://open.spotify.com/track/7yHEDfrJNd0zWOfXwydNH0
178,2017-03-14,179,Down,Lush Life,Zara Larsson,471722,https://i.scdn.co/image/ab67616d000048519e1683774b22648f4f178ed3,https://open.spotify.com/track/1rIKgCH4H52lrvDcz50hS8
179,2017-03-14,180,Up,Lean On (feat. MØ & DJ Snake),Major Lazer,468740,https://i.scdn.co/image/ab67616d000048519f55dad3a63f72f1bc8d6f59,https://open.spotify.com/track/4WjH9Bzt3kx7z8kl0awxh4
180,2017-03-14,181,Up,Work,Rihanna,468301,https://i.scdn.co/image/ab67616d000048510ed05634a469e5cf4789b0a7,https://open.spotify.com/track/14WWzenpaEgQZlqPq2nk4v
181,2017-03-14,182,Flat,Capsize,FRENSHIP,466281,https://i.scdn.co/image/ab67616d00004851670048174db73ef55039c7bf,https://open.spotify.com/track/2XMTqoHHSH0lvuXrvIEdco
182,2017-03-14,183,Flat,Fresh Eyes,Andy Grammer,465900,https://i.scdn.co/image/ab67616d0000485158dd2ff215d3baa7d4bd194f,https://open.spotify.com/track/4nMlau89VAjmV7agkl7OY3
183,2017-03-14,184,Up,Let It Go,James Bay,465233,https://i.scdn.co/image/abcbe01d6557c60388e976c9a535f26f73fcbf09,https://open.spotify.com/track/13HVjjWUZFaWilh2QUJKsP
184,2017-03-14,185,Down,Both (feat. Drake),Gucci Mane,464931,https://i.scdn.co/image/ab67616d000048518c75413c7f38b3f512a75b35,https://open.spotify.com/track/5tFep7dXGd7vEJ668wTPux
185,2017-03-14,186,Up,PILLOWTALK,ZAYN,464786,https://i.scdn.co/image/ab67616d00004851a15e26d05b7ce776b566579d,https://open.spotify.com/track/0PDUDa38GO8lMxLCRc4lL1
186,2017-03-14,187,Down,Hey Ma (with Pitbull & J Balvin feat. Camila Cabello) - Spanish Version,Pitbull,463050,https://i.scdn.co/image/ab67616d000048513e40b472d708ea3c6bd86670,https://open.spotify.com/track/2Vdub5mY4lad7w64bFPUez
187,2017-03-14,188,Down,Lights Down Low,MAX,461621,https://i.scdn.co/image/ab67616d00004851cefb1bcf9304bf454bae7f8d,https://open.spotify.com/track/1sYSP7gKa5kdKIfhANfori
188,2017-03-14,189,Flat,Needed Me,Rihanna,458906,https://i.scdn.co/image/ddc285ca9817c96c7719b3f2a759e108787db021,https://open.spotify.com/track/1Tt4sE4pXi57mTD1GCzsqm
189,2017-03-14,190,Up,"Lose Yourself - From ""8 Mile"" Soundtrack",Eminem,457047,https://i.scdn.co/image/36440dfd440d23086573d62a32def35ecc42f111,https://open.spotify.com/track/5Z01UMMf7V1o0MzF86s6WJ
190,2017-03-14,191,Up,Stitches,Shawn Mendes,456837,https://i.scdn.co/image/ab67616d0000485147710f5e89677e4d048e744c,https://open.spotify.com/track/1WP1r7fuvRqZRnUaTi2I1Q
191,2017-03-14,192,Flat,pick up the phone,Young Thug,456426,https://i.scdn.co/image/ab67616d00004851f54b99bf27cda88f4a7403ce,https://open.spotify.com/track/20dP2DaMHIAmwWAbp7peSr
192,2017-03-14,193,Down,Breathe,Astrid S,455795,https://i.scdn.co/image/ab67616d0000485102c00bc1bc2cc2b5ece290db,https://open.spotify.com/track/4fhVodXZARPX0oTuQh8V9l
193,2017-03-14,194,Down,Send My Love (To Your New Lover),Adele,453558,https://i.scdn.co/image/ab67616d000048514c3bbcff5e7248e415548f12,https://open.spotify.com/track/4BHzQ9C00ceJxfG16AlNWb
194,2017-03-14,195,Up,Stay With Me,Sam Smith,450539,https://i.scdn.co/image/ab67616d000048514fb7193968e58e51c3db3ef4,https://open.spotify.com/track/5Db9VIdDsN5yu3Eu7CT0i4
195,2017-03-14,196,Up,Ciao Adios,Anne-Marie,447822,https://i.scdn.co/image/ab67616d0000485119f06fd0fc43d3ebed4f041d,https://open.spotify.com/track/3EfugazgSddQvzZpkof5I4
196,2017-03-14,197,Down,Light It Up (feat. Nyla & Fuse ODG) - Remix,Major Lazer,446994,https://i.scdn.co/image/ab67616d00004851751a2e5da4333e86814026ba,https://open.spotify.com/track/0L7loeTIg6akW84aEQZpCT
197,2017-03-14,198,Flat,Chill Bill,Rob $tone,443512,https://i.scdn.co/image/ab67616d000048516f3e9696889a2425338e0836,https://open.spotify.com/track/5uDASfU19gDxSjW8cnCaBp
198,2017-03-14,199,Down,Hello,Adele,443061,https://i.scdn.co/image/ab67616d000048514c3bbcff5e7248e415548f12,https://open.spotify.com/track/4sPmO7WMQUAf45kwMOtONw
199,2017-03-14,200,New,Let Her Go,Passenger,433234,https://i.scdn.co/image/ab67616d000048514566e671e5c947cba3a38436,https://open.spotify.com/track/2jyjhRf6DVbMPU5zxagN2h
