,Date,Position,Trend,Title,Artist,Streams,Icon_URL,Spotify_URL
0,2017-03-27,1,Flat,Shape of You,Ed Sheeran,6668249,https://i.scdn.co/image/ab67616d00004851ba5db46f4b838ef6027e6f96,https://open.spotify.com/track/7qiZfU4dY1lWllzX7mPBI3
1,2017-03-27,2,Flat,Passionfruit,Drake,4568554,https://i.scdn.co/image/ab67616d000048515ea859dc94365abd9fd84fd6,https://open.spotify.com/track/7hDc8b7IXETo14hHIHdnhd
2,2017-03-27,3,Flat,It Ain't Me (with Selena Gomez),Kygo,3975366,https://i.scdn.co/image/ab67616d0000485141f289940f2e6a0d51988d77,https://open.spotify.com/track/3eR23VReFzcdmS7TYCrhCe
3,2017-03-27,4,Flat,Something Just Like This,The Chainsmokers,3737358,https://i.scdn.co/image/ab67616d000048510c13d3d5a503c84fcc60ae94,https://open.spotify.com/track/6RUKPb4LETWmmr3iAEQktW
4,2017-03-27,5,Flat,Galway Girl,Ed Sheeran,3354527,https://i.scdn.co/image/ab67616d00004851ba5db46f4b838ef6027e6f96,https://open.spotify.com/track/0afhq8XCExXpqazXczTSve
5,2017-03-27,6,Up,Stay (with Alessia Cara),Zedd,3178265,https://i.scdn.co/image/ab67616d0000485191a70f95efc3400f696e89cc,https://open.spotify.com/track/0dA2Mk56wEzDgegdC6R17g
6,2017-03-27,7,Flat,That's What I Like,Bruno Mars,3127745,https://i.scdn.co/image/ab67616d00004851232711f7d66a1e19e89e28c5,https://open.spotify.com/track/0KKkJNfGyhkQ5aFogxQAPU
7,2017-03-27,8,Down,Despacito (Featuring Daddy Yankee),Luis Fonsi,3070771,https://i.scdn.co/image/ab67616d00004851a5971936e3b8d91f8b616b17,https://open.spotify.com/track/4aWmUDTfIPGksMNLV2rQP2
8,2017-03-27,9,Up,Mask Off,Future,2784592,https://i.scdn.co/image/ab67616d00004851356884f85665ebdd79223fdf,https://open.spotify.com/track/3rOSwuTsUlJp0Pu0MkN8r8
9,2017-03-27,10,Down,Paris,The Chainsmokers,2745591,https://i.scdn.co/image/ab67616d000048510c13d3d5a503c84fcc60ae94,https://open.spotify.com/track/72jbDTw1piOOj770jWNeaG
10,2017-03-27,11,Flat,"I Don’t Wanna Live Forever (Fifty Shades Darker) - From ""Fifty Shades Darker (Original Motion Picture Soundtrack)""",ZAYN,2632660,https://i.scdn.co/image/ab67616d000048512ae921f082ae5db4d3da818f,https://open.spotify.com/track/3NdDpSvN911VPGivFlV5d0
11,2017-03-27,12,Up,Scared to Be Lonely,Martin Garrix,2503600,https://i.scdn.co/image/ab67616d0000485164f8a309aa3c0a66a31fc374,https://open.spotify.com/track/3ebXMykcMXOcLeJ9xZ17XH
12,2017-03-27,13,Up,Slide,Calvin Harris,2468403,https://i.scdn.co/image/ab67616d000048514d3fa5ce7ba599f4fd7803ef,https://open.spotify.com/track/7tr2za8SQg2CI8EDgrdtNl
13,2017-03-27,14,Down,Castle on the Hill,Ed Sheeran,2458463,https://i.scdn.co/image/ab67616d00004851ba5db46f4b838ef6027e6f96,https://open.spotify.com/track/6PCUP3dWmTjcTtXY02oFdT
14,2017-03-27,15,Up,Symphony (feat. Zara Larsson),Clean Bandit,2410441,https://i.scdn.co/image/ab67616d000048515b1130d050c4cd2295999d85,https://open.spotify.com/track/1x5sYLZiu9r5E43kMlt9f8
15,2017-03-27,16,Flat,Portland,Drake,2399172,https://i.scdn.co/image/6dfd956b9331fa9ea1f47ebb95311951ed72b3db,https://open.spotify.com/track/2bjwRfXMk4uRgOD9IBYl9h
16,2017-03-27,17,Down,Issues,Julia Michaels,2394792,https://i.scdn.co/image/ab67616d000048519615e35e0e9e4b2c3dccb520,https://open.spotify.com/track/1sXUWdKx03aP9Gmzft58rt
17,2017-03-27,18,Up,Blem,Drake,2168707,https://i.scdn.co/image/6dfd956b9331fa9ea1f47ebb95311951ed72b3db,https://open.spotify.com/track/2XlHu0HcujBCkWMdIAvrqt
18,2017-03-27,19,Down,Chained To The Rhythm,Katy Perry,2123542,https://i.scdn.co/image/ab67616d000048511487979a7e0181a5d0406d1a,https://open.spotify.com/track/6520aj0B4FSKGVuKNsOCOi
19,2017-03-27,20,Up,You Don't Know Me - Radio Edit,Jax Jones,2052440,https://i.scdn.co/image/ab67616d00004851dd05a1716e2f07a07b8ccfe3,https://open.spotify.com/track/00lNx0OcTJrS3MKHcB80HY
20,2017-03-27,21,Up,Believer,Imagine Dragons,2047460,https://i.scdn.co/image/ab67616d000048517956bd9a3d7a15e4c2e37cc6,https://open.spotify.com/track/0CcQNd8CINkwQfe1RDtGV6
21,2017-03-27,22,Down,Rockabye (feat. Sean Paul & Anne-Marie),Clean Bandit,2038464,https://i.scdn.co/image/ab67616d000048511431c3bdf16aa99f71799d95,https://open.spotify.com/track/5knuzwU65gJK7IF5yJsuaW
22,2017-03-27,23,Down,Cold,Maroon 5,2028258,https://i.scdn.co/image/ab67616d000048514727f9e79c338683c5bf8921,https://open.spotify.com/track/5NNlUMcOEOdoOIwwaWXv0k
23,2017-03-27,24,Down,I Feel It Coming,The Weeknd,1908382,https://i.scdn.co/image/b3683184efeb899b2d1a02f4957d0c630dc10b0b,https://open.spotify.com/track/5GXAXm5YOmYT0kL5jHvYBt
24,2017-03-27,25,Flat,iSpy (feat. Lil Yachty),KYLE,1870202,https://i.scdn.co/image/ab67616d0000485132e373f2988bc6596a542d1c,https://open.spotify.com/track/2EEeOnHehOozLq4aS0n6SL
25,2017-03-27,26,Flat,Perfect,Ed Sheeran,1863996,https://i.scdn.co/image/ab67616d00004851ba5db46f4b838ef6027e6f96,https://open.spotify.com/track/0tgVpDi06FyKpA1z0VMD4v
26,2017-03-27,27,Up,Gyalchester,Drake,1782667,https://i.scdn.co/image/6dfd956b9331fa9ea1f47ebb95311951ed72b3db,https://open.spotify.com/track/6UjfByV1lDLW0SOVQA4NAi
27,2017-03-27,28,Flat,Fake Love,Drake,1773071,https://i.scdn.co/image/6dfd956b9331fa9ea1f47ebb95311951ed72b3db,https://open.spotify.com/track/343YBumqHu19cGoGARUTsd
28,2017-03-27,29,Up,Happier,Ed Sheeran,1740349,https://i.scdn.co/image/ab67616d00004851ba5db46f4b838ef6027e6f96,https://open.spotify.com/track/2RttW7RAu5nOAfq6YFvApB
29,2017-03-27,30,Down,Call On Me - Ryan Riback Extended Remix,Starley,1711537,https://i.scdn.co/image/ab67616d000048519d4079afc73664f86f055400,https://open.spotify.com/track/78rIJddV4X0HkNAInEcYde
30,2017-03-27,31,Up,Closer,The Chainsmokers,1689053,https://i.scdn.co/image/ab67616d00004851495ce6da9aeb159e94eaa453,https://open.spotify.com/track/7BKLCZ1jbUBVqRi2FVlTVw
31,2017-03-27,32,Down,Say You Won't Let Go,James Arthur,1677270,https://i.scdn.co/image/ab67616d0000485120beb61f61fcbeb33b10a9ab,https://open.spotify.com/track/5uCax9HTNlzGybIStD3vDh
32,2017-03-27,33,Flat,Free Smoke,Drake,1652418,https://i.scdn.co/image/6dfd956b9331fa9ea1f47ebb95311951ed72b3db,https://open.spotify.com/track/05KOgYg8PGeJyyWBPi5ja8
33,2017-03-27,34,Up,Green Light,Lorde,1600505,https://i.scdn.co/image/ab67616d0000485128e1139fd3a34626351b9004,https://open.spotify.com/track/0gbBzIqrECJOEPvQJIBFs5
34,2017-03-27,35,Flat,Get It Together,Drake,1593245,https://i.scdn.co/image/6dfd956b9331fa9ea1f47ebb95311951ed72b3db,https://open.spotify.com/track/7y6c07pgjZvtHI9kuMVqk1
35,2017-03-27,36,Down,"How Far I'll Go - From ""Moana""",Alessia Cara,1579245,https://i.scdn.co/image/ab67616d00004851fb128b1eda22335050f584fe,https://open.spotify.com/track/5hYTyyh2odQKphUbMqc5gN
36,2017-03-27,37,Up,Solo Dance,Martin Jensen,1570958,https://i.scdn.co/image/ab67616d00004851950d67dbe3f31f1d9a5d06a2,https://open.spotify.com/track/6HUnnBwYZqcED1eQztxMBN
37,2017-03-27,38,Up,Swalla (feat. Nicki Minaj & Ty Dolla $ign),Jason Derulo,1552652,https://i.scdn.co/image/ab67616d000048519d6522bee68370fa5592301d,https://open.spotify.com/track/6kex4EBAj0WHXDKZMEJaaF
38,2017-03-27,39,Flat,Starboy,The Weeknd,1544075,https://i.scdn.co/image/ab67616d000048510c8599cbde51245c128bcea9,https://open.spotify.com/track/5aAx2yezTd8zXrkmtKl66Z
39,2017-03-27,40,Up,Run Up (feat. PARTYNEXTDOOR & Nicki Minaj),Major Lazer,1496683,https://i.scdn.co/image/ab67616d000048518036d7402a6a76aed04f1f98,https://open.spotify.com/track/0fg8CqpjdojMyXLNzM2PaJ
40,2017-03-27,41,Down,SUBEME LA RADIO,Enrique Iglesias,1495517,https://i.scdn.co/image/ab67616d000048515366ff028970205a29d558ed,https://open.spotify.com/track/7nKBxz47S9SD79N086fuhn
41,2017-03-27,42,Up,The Heart Part 4,Kendrick Lamar,1457635,https://i.scdn.co/image/ab67616d00004851b276b47f7d919215a26f1d6a,https://open.spotify.com/track/1zayuwd1YLZsYDArkruHdL
42,2017-03-27,43,Up,Teenage Fever,Drake,1442912,https://i.scdn.co/image/6dfd956b9331fa9ea1f47ebb95311951ed72b3db,https://open.spotify.com/track/6n3HGiq4v35D6eFOSwqYuo
43,2017-03-27,44,Down,Dive,Ed Sheeran,1432838,https://i.scdn.co/image/ab67616d00004851ba5db46f4b838ef6027e6f96,https://open.spotify.com/track/51ChrwmUPDJvedPQnIU8Ls
44,2017-03-27,45,Up,Congratulations,Post Malone,1418494,https://i.scdn.co/image/23bae95100dcb6ac8f88c19fa2a11c50a998a926,https://open.spotify.com/track/3a1lNhkSLSkpJE4MSHpDu9
45,2017-03-27,46,Down,Chantaje (feat. Maluma),Shakira,1410833,https://i.scdn.co/image/ab67616d00004851d05d3aad30c5fb7614893cf5,https://open.spotify.com/track/6mICuAdrwEjh6Y6lroV2Kg
46,2017-03-27,47,Up,Madiba Riddim,Drake,1354987,https://i.scdn.co/image/6dfd956b9331fa9ea1f47ebb95311951ed72b3db,https://open.spotify.com/track/76gUmNLXGQVOsGhfcshkFP
47,2017-03-27,48,Up,Still Got Time,ZAYN,1320836,https://i.scdn.co/image/ab67616d000048513bfd914f72da2ed8822a634f,https://open.spotify.com/track/000xQL6tZNLJzIrtIgxqSl
48,2017-03-27,49,Down,El Amante,Nicky Jam,1320622,https://i.scdn.co/image/ab67616d00004851d77dbcd4dbd37cdfa61771fa,https://open.spotify.com/track/3umS4y3uQDkqekNjVpiRUs
49,2017-03-27,50,Flat,No Long Talk,Drake,1304375,https://i.scdn.co/image/6dfd956b9331fa9ea1f47ebb95311951ed72b3db,https://open.spotify.com/track/6CfrYuD3YRDYdYvH9jNtXY
50,2017-03-27,51,Up,Location,Khalid,1301244,https://i.scdn.co/image/ab67616d00004851988ede5e1276e758b5f9e577,https://open.spotify.com/track/152lZdxL1OR0ZMW6KquMif
51,2017-03-27,52,Down,Bad and Boujee (feat. Lil Uzi Vert),Migos,1292938,https://i.scdn.co/image/ab67616d0000485199a8ab6da9d593939302828a,https://open.spotify.com/track/4Km5HrUvYTaSUfiSGPJeQR
52,2017-03-27,53,Flat,Weak,AJR,1265820,https://i.scdn.co/image/ab67616d00004851c5f3ca405ff6ed13dc554b94,https://open.spotify.com/track/3E2Zh20GDCR9B1EYjfXWyv
53,2017-03-27,54,Down,Tunnel Vision,Kodak Black,1224789,https://i.scdn.co/image/ab67616d000048511541a676423805fc68ff3e66,https://open.spotify.com/track/4Q3N4Ct4zCuIHuZ65E3BD4
54,2017-03-27,55,Up,Selfish (feat. Rihanna),Future,1224529,https://i.scdn.co/image/ab67616d00004851968822b495da180d0792a437,https://open.spotify.com/track/2Ce5IyMlVRVvN997ZJjJJA
55,2017-03-27,56,Down,Sacrifices,Drake,1210390,https://i.scdn.co/image/6dfd956b9331fa9ea1f47ebb95311951ed72b3db,https://open.spotify.com/track/0xl1w2q4VLojeXp4JfazPL
56,2017-03-27,57,Down,New Man,Ed Sheeran,1209853,https://i.scdn.co/image/ab67616d00004851ba5db46f4b838ef6027e6f96,https://open.spotify.com/track/5HDPtsnyb3maFmPL8LLUTG
57,2017-03-27,58,Flat,KMT,Drake,1187609,https://i.scdn.co/image/6dfd956b9331fa9ea1f47ebb95311951ed72b3db,https://open.spotify.com/track/2jTujnt0y344ai1rNOywgr
58,2017-03-27,59,Down,4422,Drake,1180388,https://i.scdn.co/image/6dfd956b9331fa9ea1f47ebb95311951ed72b3db,https://open.spotify.com/track/2fkeWbM6iqTw7oGHTYm2lw
59,2017-03-27,60,Up,September Song,JP Cooper,1178299,https://i.scdn.co/image/ab67616d000048511400ec742ee0935608e30700,https://open.spotify.com/track/0FuTx2s3YH1ppmtiM6l0zI
60,2017-03-27,61,Down,Me Rehúso,Danny Ocean,1177758,https://i.scdn.co/image/ab67616d00004851a75bd33684083600569dd3bf,https://open.spotify.com/track/6De0lHrwBfPfrhorm9q1Xl
61,2017-03-27,62,Down,All Night,The Vamps,1165708,https://i.scdn.co/image/ab67616d00004851f03c9779c27137669304ea20,https://open.spotify.com/track/1yNyoWWWikbLhwIGWjZuDW
62,2017-03-27,63,Flat,What Do I Know?,Ed Sheeran,1139862,https://i.scdn.co/image/ab67616d00004851ba5db46f4b838ef6027e6f96,https://open.spotify.com/track/2pJZ1v8HezrAoZ0Fhzby92
63,2017-03-27,64,Down,Let Me Love You,DJ Snake,1126295,https://i.scdn.co/image/ab67616d000048515045de6786e0af096de73ed4,https://open.spotify.com/track/4pdPtRcBmOSQDlJ3Fk945m
64,2017-03-27,65,Flat,Jorja Interlude,Drake,1110236,https://i.scdn.co/image/6dfd956b9331fa9ea1f47ebb95311951ed72b3db,https://open.spotify.com/track/13e6f8t7RKXuxZ0JdaaJRG
65,2017-03-27,66,Down,Bounce Back,Big Sean,1107111,https://i.scdn.co/image/695d0c097d8463ccc2c2b9855fe44e3e9e7bc267,https://open.spotify.com/track/0SGkqnVQo9KPytSri1H6cF
66,2017-03-27,67,Down,One Dance,Drake,1089069,https://i.scdn.co/image/ab67616d00004851726abca207567d5e41cb9667,https://open.spotify.com/track/1xznGGDReH1oQq0xzbwXa3
67,2017-03-27,68,Flat,24K Magic,Bruno Mars,1036949,https://i.scdn.co/image/ab67616d00004851232711f7d66a1e19e89e28c5,https://open.spotify.com/track/6b8Be6ljOzmkOmFslEb23P
68,2017-03-27,69,Flat,Reggaetón Lento (Bailemos),CNCO,986135,https://i.scdn.co/image/ab67616d000048517db0f7ac4c612cce26ccacf9,https://open.spotify.com/track/3AEZUABDXNtecAOSC1qTfo
69,2017-03-27,70,Flat,All Time Low,Jon Bellion,980304,https://i.scdn.co/image/ff06a4138a99d272c24d2f6da9b5ea6067c054db,https://open.spotify.com/track/1CnPYaKxTVb4LWOtiGOm0m
70,2017-03-27,71,Up,Supermarket Flowers,Ed Sheeran,966042,https://i.scdn.co/image/ab67616d00004851ba5db46f4b838ef6027e6f96,https://open.spotify.com/track/4VuS959DSpr82t3qBqCrWG
71,2017-03-27,72,Up,Don't Wanna Know,Maroon 5,962497,https://i.scdn.co/image/ab67616d00004851eec1912bbc2ff74b8203fe5f,https://open.spotify.com/track/5MFzQMkrl1FOOng9tq6R9r
72,2017-03-27,73,Flat,Barcelona,Ed Sheeran,960192,https://i.scdn.co/image/ab67616d00004851ba5db46f4b838ef6027e6f96,https://open.spotify.com/track/3Lfiu5sZ4M4B6JaKMBc0FU
73,2017-03-27,74,Up,Do Not Disturb,Drake,951967,https://i.scdn.co/image/6dfd956b9331fa9ea1f47ebb95311951ed72b3db,https://open.spotify.com/track/2KvHC9z14GSl4YpkNMX384
74,2017-03-27,75,Down,T-Shirt,Migos,950490,https://i.scdn.co/image/ab67616d0000485199a8ab6da9d593939302828a,https://open.spotify.com/track/7KOlJ92bu51cltsD9KU5I7
75,2017-03-27,76,Up,Don't Leave,Snakehips,938087,https://i.scdn.co/image/ab67616d00004851b72a28b6f92b180a8a423e29,https://open.spotify.com/track/0Zx8khUcEfCFK2AEoIhC92
76,2017-03-27,77,Up,Love On The Brain,Rihanna,923169,https://i.scdn.co/image/ddc285ca9817c96c7719b3f2a759e108787db021,https://open.spotify.com/track/2aksifNn5ph8igDOkPBA02
77,2017-03-27,78,Up,Starving,Hailee Steinfeld,922266,https://i.scdn.co/image/ab67616d00004851612495ee5769c99125031be2,https://open.spotify.com/track/1qOLh0tI7trd1zdDKxYZTe
78,2017-03-27,79,Down,How Would You Feel (Paean),Ed Sheeran,910462,https://i.scdn.co/image/ab67616d00004851ba5db46f4b838ef6027e6f96,https://open.spotify.com/track/6PJ8FF6UR8FZXfEvpHkIVN
79,2017-03-27,80,Up,Body Like A Back Road,Sam Hunt,905036,https://i.scdn.co/image/ab67616d000048519eccbdab1110afc4d5a186a8,https://open.spotify.com/track/7mldq42yDuxiUNn08nvzHO
80,2017-03-27,81,Flat,Skepta Interlude,Drake,889242,https://i.scdn.co/image/6dfd956b9331fa9ea1f47ebb95311951ed72b3db,https://open.spotify.com/track/2dfqS3MRtbLZSZA1IL8xY5
81,2017-03-27,82,Down,Otra vez (feat. J Balvin),Zion & Lennox,884337,https://i.scdn.co/image/ab67616d0000485182eabf564ddc57325a84dd50,https://open.spotify.com/track/3QwBODjSEzelZyVjxPOHdq
82,2017-03-27,83,Up,Ice Melts,Drake,865323,https://i.scdn.co/image/6dfd956b9331fa9ea1f47ebb95311951ed72b3db,https://open.spotify.com/track/7bJ4mu7MHa3rHiNyKjOoSl
83,2017-03-27,84,Down,Just Hold On,Steve Aoki,850431,https://i.scdn.co/image/ab67616d0000485122e2ce2de8bad6d67ee69b48,https://open.spotify.com/track/3EmmCZoqpWOTY1g2GBwJoR
84,2017-03-27,85,Up,Can't Have Everything,Drake,835180,https://i.scdn.co/image/6dfd956b9331fa9ea1f47ebb95311951ed72b3db,https://open.spotify.com/track/5f5r2N4Lp9WoULWPH9zp2W
85,2017-03-27,86,Down,Swang,Rae Sremmurd,834540,https://i.scdn.co/image/16293ab3b4f9301aeb5f41810fd7056d463db55e,https://open.spotify.com/track/6mapJIPnQ23RTAevUoE0DL
86,2017-03-27,87,Down,Nancy Mulligan,Ed Sheeran,833621,https://i.scdn.co/image/ab67616d00004851ba5db46f4b838ef6027e6f96,https://open.spotify.com/track/35QZaWQRkmnAVqBF1TLCxQ
87,2017-03-27,88,Up,I Got You,Bebe Rexha,832553,https://i.scdn.co/image/ab67616d00004851809adcbcfe88c94fd2a706c1,https://open.spotify.com/track/1FUViuNSldssMIawrOXF2i
88,2017-03-27,89,Up,Hear Me Now,Alok,820663,https://i.scdn.co/image/e308bad29e4cf6dc8aa5cd97449ef71bbb893d40,https://open.spotify.com/track/1a5Yu5L18qNxVhXx38njON
89,2017-03-27,90,Up,Tuesday,Burak Yeter,802380,https://i.scdn.co/image/069b0b8dc1285ba4d2bd7f2536abfce84598d130,https://open.spotify.com/track/7abpmGpF7PGep2rDU68GBR
90,2017-03-27,91,Up,Nothings Into Somethings,Drake,801361,https://i.scdn.co/image/6dfd956b9331fa9ea1f47ebb95311951ed72b3db,https://open.spotify.com/track/6MbH1QiphMCPTqVEVC7UYi
91,2017-03-27,92,Up,Sunset Lover,Petit Biscuit,799541,https://i.scdn.co/image/ab67616d00004851014080d39d56c94c0b285362,https://open.spotify.com/track/0hNduWmlWmEmuwEFcYvRu1
92,2017-03-27,93,Up,Hearts Don't Break Around Here,Ed Sheeran,799448,https://i.scdn.co/image/ab67616d00004851ba5db46f4b838ef6027e6f96,https://open.spotify.com/track/2dfHh7ECGxfNqZTQno09Vk
93,2017-03-27,94,Down,Cold Water (feat. Justin Bieber & MØ),Major Lazer,797151,https://i.scdn.co/image/ab67616d000048512e8f1cca2bc8c9d55930523b,https://open.spotify.com/track/6DNtNfH8hXkqOX1sjqmI7p
94,2017-03-27,95,Down,La Rompe Corazones,Daddy Yankee,793065,https://i.scdn.co/image/ab67616d00004851b84a36483e43bfbcb931fcde,https://open.spotify.com/track/4okba5wu9mMLXx79DXLKi3
95,2017-03-27,96,Up,Glow,Drake,791733,https://i.scdn.co/image/6dfd956b9331fa9ea1f47ebb95311951ed72b3db,https://open.spotify.com/track/28irpKCCK9nn9DZSik2zEx
96,2017-03-27,97,Up,XO TOUR Llif3,Lil Uzi Vert,786312,https://i.scdn.co/image/ab67616d0000485115531ec8568373f631db9786,https://open.spotify.com/track/2eMwDehkIC1j68U6FA3Eiq
97,2017-03-27,98,Down,In the Name of Love,Martin Garrix,786079,https://i.scdn.co/image/ab67616d00004851923db3f255cd48a6d5783ebf,https://open.spotify.com/track/04DwTuZ2VBdJCCC5TROn7L
98,2017-03-27,99,Down,Touch,Little Mix,783105,https://i.scdn.co/image/ab67616d000048512318bbb0586903290db2b270,https://open.spotify.com/track/5Ua3GXyHwiSfpNTMjq6m2z
99,2017-03-27,100,Up,Lose You,Drake,773650,https://i.scdn.co/image/6dfd956b9331fa9ea1f47ebb95311951ed72b3db,https://open.spotify.com/track/2Na0z2gfN67Rzf0vp74Wi3
100,2017-03-27,101,Up,Everyday,Ariana Grande,768476,https://i.scdn.co/image/ab67616d000048517227f5854239a059af211d5b,https://open.spotify.com/track/3FiE2d325mIOc4YjkSLVJR
101,2017-03-27,102,Down,Sigo Extrañándote,J Balvin,763746,https://i.scdn.co/image/ab67616d00004851338ffc4c72a192f06070546b,https://open.spotify.com/track/6qDF4wWL49CAVbgT7yuHl8
102,2017-03-27,103,Down,Don't Let Me Down,The Chainsmokers,760582,https://i.scdn.co/image/ab67616d0000485108d87fb54859bc9038f7e5e0,https://open.spotify.com/track/0QsvXIfqM0zZoerQfsI9lm
103,2017-03-27,104,Down,"CAN'T STOP THE FEELING! (Original Song from DreamWorks Animation's ""TROLLS"")",Justin Timberlake,744356,https://i.scdn.co/image/ab67616d00004851ef37416970812293c08e8a78,https://open.spotify.com/track/6JV2JOEocMgcZxYSZelKcc
104,2017-03-27,105,Flat,Eraser,Ed Sheeran,742553,https://i.scdn.co/image/ab67616d00004851ba5db46f4b838ef6027e6f96,https://open.spotify.com/track/7oolFzHipTMg2nL7shhdz2
105,2017-03-27,106,Flat,Bad Things (with Camila Cabello),Machine Gun Kelly,737200,https://i.scdn.co/image/d5f976093a4dcbc5ea9d4c04b414207f8bdce469,https://open.spotify.com/track/1PSBzsahR2AKwLJgx8ehBj
106,2017-03-27,107,Down,Side To Side,Ariana Grande,734004,https://i.scdn.co/image/ab67616d000048517227f5854239a059af211d5b,https://open.spotify.com/track/4pLwZjInHj3SimIyN9SnOz
107,2017-03-27,108,Up,My Way,Calvin Harris,724001,https://i.scdn.co/image/ab67616d000048518d12bc5e3ea5c9f4a967de32,https://open.spotify.com/track/1vvNmPOiUuyCbgWmtc6yfm
108,2017-03-27,109,Up,Look At Me!,XXXTENTACION,722026,https://i.scdn.co/image/ab67616d0000485125b5901b8bcf902f54d466d9,https://open.spotify.com/track/4ARPvK8DHLwt4oX65ZAFMw
109,2017-03-27,110,Up,History,Olivia Holt,719021,https://i.scdn.co/image/ab67616d000048519e21eab426152ef9078d6b94,https://open.spotify.com/track/0WCEaydwN65cvwaW8aqptF
110,2017-03-27,111,Down,"Sola (Remix) [feat. Daddy Yankee, Wisin, Farruko, Zion & Lennox]",Anuel AA,717828,https://i.scdn.co/image/ab67616d00004851a66def7d649149464edc8f1e,https://open.spotify.com/track/5q2JbCNi4FcnglgPfxcV65
111,2017-03-27,112,Down,Bibia Be Ye Ye,Ed Sheeran,700808,https://i.scdn.co/image/ab67616d00004851ba5db46f4b838ef6027e6f96,https://open.spotify.com/track/6SznMYPQJHzr3IwsAHLId2
112,2017-03-27,113,Down,Treat You Better,Shawn Mendes,695115,https://i.scdn.co/image/ab67616d00004851188e6332f32088921ab1eaf8,https://open.spotify.com/track/4Hf7WnR761jpxPr5D46Bcd
113,2017-03-27,114,Up,Hey Ma (with Pitbull & J Balvin feat. Camila Cabello) - Spanish Version,Pitbull,687661,https://i.scdn.co/image/ab67616d000048513e40b472d708ea3c6bd86670,https://open.spotify.com/track/2Vdub5mY4lad7w64bFPUez
114,2017-03-27,115,Up,Saturnz Barz (feat. Popcaan),Gorillaz,685649,https://i.scdn.co/image/ab67616d00004851a5952c0e2e649f588603b743,https://open.spotify.com/track/7l9CE3wmEGOUYw1j4ETjnL
115,2017-03-27,116,Up,Since Way Back,Drake,680473,https://i.scdn.co/image/6dfd956b9331fa9ea1f47ebb95311951ed72b3db,https://open.spotify.com/track/5JUu0unA8VwhTZ9LkMWUVI
116,2017-03-27,117,Down,Me Llamas (feat. Maluma) - Remix,Piso 21,676905,https://i.scdn.co/image/ab67616d000048511e1eafb5d2bb1ca39d26f092,https://open.spotify.com/track/5hEM0JchdVzQ5PwvSfITeX
117,2017-03-27,118,Down,Safari,J Balvin,675546,https://i.scdn.co/image/ab67616d00004851338ffc4c72a192f06070546b,https://open.spotify.com/track/6rQSrBHf7HlZjtcMZ4S4bO
118,2017-03-27,119,Up,At My Best (feat. Hailee Steinfeld),Machine Gun Kelly,673299,https://i.scdn.co/image/d5f976093a4dcbc5ea9d4c04b414207f8bdce469,https://open.spotify.com/track/77lGafvlU68CeHgB2pkHC9
119,2017-03-27,120,Up,All Night (feat. Knox Fortune),Chance the Rapper,672307,https://i.scdn.co/image/ab67616d00004851e71dd15fc5bdefd5bff70452,https://open.spotify.com/track/60xaS8mYBKUW4VQQ666N0T
120,2017-03-27,121,Down,Heathens,Twenty One Pilots,671708,https://i.scdn.co/image/ab67616d000048512ca3ba8f334ca5a5f0312efb,https://open.spotify.com/track/6i0V12jOa3mr6uu4WYhUBr
121,2017-03-27,122,Down,Mercy,Shawn Mendes,662673,https://i.scdn.co/image/ab67616d00004851188e6332f32088921ab1eaf8,https://open.spotify.com/track/4TZy1wLyHec06pwgFYDh1a
122,2017-03-27,123,Up,Save Myself,Ed Sheeran,662091,https://i.scdn.co/image/ab67616d00004851ba5db46f4b838ef6027e6f96,https://open.spotify.com/track/6TIU9Ehmi6dMzZK73Ym4yj
123,2017-03-27,124,Down,Black Beatles,Rae Sremmurd,660798,https://i.scdn.co/image/16293ab3b4f9301aeb5f41810fd7056d463db55e,https://open.spotify.com/track/6fujklziTHa8uoM5OQSfIo
124,2017-03-27,125,Up,Redbone,Childish Gambino,658224,https://i.scdn.co/image/ab67616d000048510b97e56ffad7c6211aa848f8,https://open.spotify.com/track/3kxfsdsCpFgN412fpnW85Y
125,2017-03-27,126,Down,美女と野獣,Ariana Grande,657973,https://i.scdn.co/image/ab67616d00004851d5a45b435ecafffdede5fd28,https://open.spotify.com/track/1KT0xdIjm7t053xByACrrg
126,2017-03-27,127,Up,Photograph,Ed Sheeran,655248,https://i.scdn.co/image/ab67616d00004851d08209944468440145f01524,https://open.spotify.com/track/6fxVffaTuwjgEk5h9QyRjy
127,2017-03-27,128,Up,Shed a Light,Robin Schulz,653739,https://i.scdn.co/image/ab67616d000048517be189f322bc8155c103d6c9,https://open.spotify.com/track/1cG0umU5TKStygKsPFZ9pY
128,2017-03-27,129,Up,goosebumps,Travis Scott,652986,https://i.scdn.co/image/ab67616d00004851f54b99bf27cda88f4a7403ce,https://open.spotify.com/track/6gBFPUFcJLzWGx4lenP6h2
129,2017-03-27,130,Down,I Took A Pill In Ibiza - Seeb Remix,Mike Posner,651005,https://i.scdn.co/image/ab67616d0000485140512e02a594e3378c0256e6,https://open.spotify.com/track/17Fd6Yb7mSbinKG8LoWfFl
130,2017-03-27,131,Down,"Ay Mi Dios (feat. Pitbull, Yandel & Chacal)",IAmChino,650617,https://i.scdn.co/image/ab67616d000048511568fbc07414eb185c58ef62,https://open.spotify.com/track/6stYbAJgTszHAHZMPxWWCY
131,2017-03-27,132,Down,Vente Pa' Ca,Ricky Martin,645806,https://i.scdn.co/image/ab67616d000048513d90f5938459be40b7b6652a,https://open.spotify.com/track/7DM4BPaS7uofFul3ywMe46
132,2017-03-27,133,Down,Rolex,Ayo & Teo,643602,https://i.scdn.co/image/ab67616d0000485179dbd95fbdf6b0d617bd32dd,https://open.spotify.com/track/0pSBuHjILhNEo55xK1zrRt
133,2017-03-27,134,Down,Human,Rag'n'Bone Man,642078,https://i.scdn.co/image/ab67616d0000485190a788beadaad34ff684d3ec,https://open.spotify.com/track/58zsLZPvfflaiIbNWoA22O
134,2017-03-27,135,Down,We Don't Talk Anymore,Charlie Puth,636344,https://i.scdn.co/image/ab67616d00004851c0e28105f0533c52717c46c2,https://open.spotify.com/track/68EMU2RD1ECNeOeJ5qAXCV
135,2017-03-27,136,Up,Party Monster,The Weeknd,621473,https://i.scdn.co/image/6aeaaebcbd861c8369b14366e8e0eca2fe96055d,https://open.spotify.com/track/4F7A0DXBrmUAkp32uenhZt
136,2017-03-27,137,Flat,Down,Marian Hill,616588,https://i.scdn.co/image/ab67616d00004851c989c526b15cacc1a579a9c7,https://open.spotify.com/track/2dqLk7ezV15LEJEwUmEbXB
137,2017-03-27,138,Up,Be the One,Dua Lipa,613924,https://i.scdn.co/image/ab67616d000048516b915e407b70e121e06fe979,https://open.spotify.com/track/7FCfMXYTIiQ9b4hDYs4Iol
138,2017-03-27,139,Up,Thinking out Loud,Ed Sheeran,611964,https://i.scdn.co/image/ab67616d00004851d08209944468440145f01524,https://open.spotify.com/track/1Slwb6dOYkBlWal1PGtnNg
139,2017-03-27,140,Up,All We Know,The Chainsmokers,608918,https://i.scdn.co/image/ab67616d00004851ff8d8c5662a96d41433e9ee1,https://open.spotify.com/track/2rizacJSyD9S1IQUxUxnsK
140,2017-03-27,141,Up,The Other,Lauv,608314,https://i.scdn.co/image/ab67616d000048513c6e07056b26bb9804a596da,https://open.spotify.com/track/1lntL1cI2UIWlxjL5QiN8g
141,2017-03-27,142,Up,Sooner Or Later,Aaron Carter,606955,https://i.scdn.co/image/ab67616d000048511f7d1e684ec89fe11a4fdc37,https://open.spotify.com/track/6wV12xIUb8oFY7lBy4KuQe
142,2017-03-27,143,Down,Scars To Your Beautiful,Alessia Cara,604804,https://i.scdn.co/image/5b9e5bd34ec840f07c8530e43a76b1b5e08d8b77,https://open.spotify.com/track/0prNGof3XqfTvNDxHonvdK
143,2017-03-27,144,Up,Andromeda (feat. DRAM),Gorillaz,603316,https://i.scdn.co/image/ab67616d00004851a5952c0e2e649f588603b743,https://open.spotify.com/track/2C0KFbb4v9CNWR5c9jWcKC
144,2017-03-27,145,Down,Caroline,Aminé,596365,https://i.scdn.co/image/ab67616d00004851a7f01ef25974c10cdbbd566e,https://open.spotify.com/track/5GFDrUTLGJix84sNhjCG0g
145,2017-03-27,146,Up,Cheap Thrills,Sia,594945,https://i.scdn.co/image/ab67616d0000485149e0134c686547c28b7c999f,https://open.spotify.com/track/27SdWb2rFzO6GWiYDBTD9j
146,2017-03-27,147,Down,Water Under the Bridge,Adele,592209,https://i.scdn.co/image/ab67616d000048514c3bbcff5e7248e415548f12,https://open.spotify.com/track/4vb4mFvYsr2h6enhjJsq9Y
147,2017-03-27,148,Down,Stressed Out,Twenty One Pilots,592179,https://i.scdn.co/image/ab67616d00004851de03bfc2991fd5bcfde65ba3,https://open.spotify.com/track/3CRDbSIZ4r5MsZ0YwxuEkn
148,2017-03-27,149,Up,Light My Body Up (feat. Nicki Minaj & Lil Wayne),David Guetta,589053,https://i.scdn.co/image/ab67616d0000485169aef1f4d4877a43c7370db1,https://open.spotify.com/track/3vgNmjuRDnGLxUFGCLkwpm
149,2017-03-27,150,Up,Cake - Challenge Version,Flo Rida,588763,https://i.scdn.co/image/ab67616d00004851b765afdf5f6a2bc83eb5f378,https://open.spotify.com/track/6t2ubAB4iSYOuIpRAOGd4t
150,2017-03-27,151,Down,Skin,Rag'n'Bone Man,584252,https://i.scdn.co/image/ab67616d0000485190a788beadaad34ff684d3ec,https://open.spotify.com/track/6y2Kaz9QI01XBKJ8mTb7Pf
151,2017-03-27,152,Up,Moves,Big Sean,576049,https://i.scdn.co/image/695d0c097d8463ccc2c2b9855fe44e3e9e7bc267,https://open.spotify.com/track/0Fv5N0cHBsl4bzCbollCAS
152,2017-03-27,153,Down,Broccoli (feat. Lil Yachty),DRAM,573908,https://i.scdn.co/image/ab67616d00004851f02a1575a59bd05998826351,https://open.spotify.com/track/7yyRTcZmCiyzzJlNzGC9Ol
153,2017-03-27,154,Down,Ride,Twenty One Pilots,572737,https://i.scdn.co/image/ab67616d00004851de03bfc2991fd5bcfde65ba3,https://open.spotify.com/track/2Z8WuEywRWYTKe1NybPQEW
154,2017-03-27,155,Down,Versace on the Floor,Bruno Mars,571872,https://i.scdn.co/image/ab67616d00004851232711f7d66a1e19e89e28c5,https://open.spotify.com/track/0kN8xEmgMW9mh7UmDYHlJP
155,2017-03-27,156,Flat,Perfect Strangers,Jonas Blue,569292,https://i.scdn.co/image/ab67616d0000485179882e87678a76bc1d895e94,https://open.spotify.com/track/1CUVN2kn7mW5FjkqXTR2W1
156,2017-03-27,157,Up,Thumbs,Sabrina Carpenter,568670,https://i.scdn.co/image/ab67616d00004851b13cc7b6ba13bcd75cae73a1,https://open.spotify.com/track/3UjJP4ludb74a29P5EHEIo
157,2017-03-27,158,Down,Faded,Alan Walker,566190,https://i.scdn.co/image/ab67616d00004851c4d00cac55ae1b4598c9bc90,https://open.spotify.com/track/7gHs73wELdeycvS48JfIos
158,2017-03-27,159,Down,Love Yourself,Justin Bieber,563422,https://i.scdn.co/image/ab67616d00004851b6d9a4fbb0bd49f0f034aead,https://open.spotify.com/track/3hB5DgAiMAQ4DzYbsMq1IT
159,2017-03-27,160,Down,Alone,Alan Walker,553358,https://i.scdn.co/image/ab67616d00004851f00ade2f88d8223521bc7f76,https://open.spotify.com/track/0JiVRyTJcJnmlwCZ854K4p
160,2017-03-27,161,Down,Vacaciones,Wisin,552829,https://i.scdn.co/image/ab67616d00004851c85f0d16973e9dae6f8a786c,https://open.spotify.com/track/3dQDid3IUNhZy1OehIfYfE
161,2017-03-27,162,Up,Lush Life,Zara Larsson,552292,https://i.scdn.co/image/ab67616d000048519e1683774b22648f4f178ed3,https://open.spotify.com/track/1rIKgCH4H52lrvDcz50hS8
162,2017-03-27,163,Down,Work from Home (feat. Ty Dolla $ign),Fifth Harmony,548738,https://i.scdn.co/image/ab67616d00004851d03fa6f4e758282b7920b5c8,https://open.spotify.com/track/4tCtwWceOPWzenK2HAIJSb
163,2017-03-27,164,Down,This Is What You Came For,Calvin Harris,545923,https://i.scdn.co/image/ab67616d00004851d9aa52355e062f5de060adbf,https://open.spotify.com/track/0azC730Exh71aQlOt9Zj3y
164,2017-03-27,165,Up,No Lie,Sean Paul,540475,https://i.scdn.co/image/ab67616d000048514782809e4cd19cefc99048f7,https://open.spotify.com/track/3cFsmM51N5zMAuu1nNY4Tw
165,2017-03-27,166,Down,Now and Later,Sage The Gemini,531051,https://i.scdn.co/image/ab67616d0000485182d22e1d83fc1045ad33444a,https://open.spotify.com/track/43jBqV3j3Xi1g6wO0bhIMd
166,2017-03-27,167,Flat,By Your Side,Jonas Blue,529385,https://i.scdn.co/image/ab67616d00004851bd4b658f3aead04637924c28,https://open.spotify.com/track/1D3ODoXHBLpdxolZRHWV1j
167,2017-03-27,168,Flat,I Would Like,Zara Larsson,527292,https://i.scdn.co/image/ab67616d000048519e1683774b22648f4f178ed3,https://open.spotify.com/track/4Q4jmPHwu0wrJvqrld0FQ6
168,2017-03-27,169,Down,Te Quiero Pa´Mi,Don Omar,527235,https://i.scdn.co/image/ab67616d00004851d0cb2a58e3bf5d7ac5ece16f,https://open.spotify.com/track/3BY2mafsbsoKGqS380Xnuz
169,2017-03-27,170,Flat,Alguien Robo,Sebastian Yatra,525949,https://i.scdn.co/image/ab67616d0000485135e1cf8c70c60dc416956c17,https://open.spotify.com/track/5i50gKdLAjjIr7UxRT5IVy
170,2017-03-27,171,Down,Sorry,Justin Bieber,518060,https://i.scdn.co/image/ab67616d00004851b6d9a4fbb0bd49f0f034aead,https://open.spotify.com/track/69bp2EbF7Q2rqc5N3ylezZ
171,2017-03-27,172,Down,Traicionera,Sebastian Yatra,507617,https://i.scdn.co/image/ab67616d00004851dbe5e9f934a9be5db8884c52,https://open.spotify.com/track/5J1c3M4EldCfNxXwrwt8mT
172,2017-03-27,173,Up,No Frauds,Nicki Minaj,501101,https://i.scdn.co/image/f6eb2f1e1a5ea603f4cee5b8f082ff6ebbc8c0ff,https://open.spotify.com/track/7KcGEssn7BnJdTgildK5y0
173,2017-03-27,174,Up,I Love You,Axwell /\ Ingrosso,500619,https://i.scdn.co/image/ab67616d00004851c9565af11453132958687a20,https://open.spotify.com/track/11Fo4dAH31K7UZHGqCkCmE
174,2017-03-27,175,Down,Panda,Desiigner,496273,https://i.scdn.co/image/ab67616d000048513df69bfb7713d8262820612b,https://open.spotify.com/track/5OOkp4U9P9oL23maHFHL1h
175,2017-03-27,176,Down,Gyal You A Party Animal - Remix,Charly Black,495663,https://i.scdn.co/image/ab67616d0000485131a026a9d39e08006ddfb138,https://open.spotify.com/track/1AkTW13ysu0AJrwuM6UY0I
176,2017-03-27,177,Down,"Sucker For Pain (with Wiz Khalifa, Imagine Dragons, Logic & Ty Dolla $ign feat. X Ambassadors)",Lil Wayne,493727,https://i.scdn.co/image/ab67616d000048517d8dfcfd507069d7f2062caf,https://open.spotify.com/track/4dASQiO1Eoo3RJvt74FtXB
177,2017-03-27,178,Up,"i hate u, i love u (feat. olivia o'brien)",gnash,492724,https://i.scdn.co/image/ab67616d0000485108862f843ea27f44f8e8cbd8,https://open.spotify.com/track/7vRriwrloYVaoAe3a9wJHe
178,2017-03-27,179,Up,Lights Down Low,MAX,490592,https://i.scdn.co/image/ab67616d00004851cefb1bcf9304bf454bae7f8d,https://open.spotify.com/track/1sYSP7gKa5kdKIfhANfori
179,2017-03-27,180,Down,Too Good,Drake,489942,https://i.scdn.co/image/ab67616d00004851726abca207567d5e41cb9667,https://open.spotify.com/track/11KJSRSgaDxqydKYiD2Jew
180,2017-03-27,181,Up,Ascension (feat. Vince Staples),Gorillaz,487339,https://i.scdn.co/image/ab67616d00004851a5952c0e2e649f588603b743,https://open.spotify.com/track/2bBMODHVTXGwE2aZYfbgCt
181,2017-03-27,182,Down,No Problem (feat. Lil Wayne & 2 Chainz),Chance the Rapper,485357,https://i.scdn.co/image/ab67616d00004851e71dd15fc5bdefd5bff70452,https://open.spotify.com/track/0v9Wz8o0BT8DU38R4ddjeH
182,2017-03-27,183,Up,Million Reasons,Lady Gaga,479779,https://i.scdn.co/image/ab67616d00004851dd0b256c733c96b653ab5cde,https://open.spotify.com/track/50PWlIBU7PlGGwzgN8TiFJ
183,2017-03-27,184,Down,Controlla,Drake,478333,https://i.scdn.co/image/ab67616d00004851726abca207567d5e41cb9667,https://open.spotify.com/track/6F609ICg9Spjrw1epsAnpa
184,2017-03-27,185,Up,Both (feat. Drake),Gucci Mane,477171,https://i.scdn.co/image/ab67616d000048518c75413c7f38b3f512a75b35,https://open.spotify.com/track/5tFep7dXGd7vEJ668wTPux
185,2017-03-27,186,Down,7 Years,Lukas Graham,475605,https://i.scdn.co/image/ab67616d0000485104d59cefa11f0eee9f1877a5,https://open.spotify.com/track/7129iqBafaphfc3WPCGC0L
186,2017-03-27,187,Down,This Girl (Kungs Vs. Cookin' On 3 Burners) - Kungs Vs. Cookin' On 3 Burners,Kungs,471552,https://i.scdn.co/image/ab67616d00004851f504cc56f3bd99bc61929272,https://open.spotify.com/track/0tICYNayWWhH9GPeFrfjfD
187,2017-03-27,188,New,Love,Lana Del Rey,470414,https://i.scdn.co/image/ab67616d000048519d0210162981930e44092e52,https://open.spotify.com/track/0n2bvWvMwr0gbjcuTm92eW
188,2017-03-27,189,Down,Cake By The Ocean,DNCE,467905,https://i.scdn.co/image/ab67616d00004851a19a2912e1618ada66b2e6e8,https://open.spotify.com/track/2aFiaMXmWsM3Vj72F9ksBl
189,2017-03-27,190,Down,La Bicicleta,Carlos Vives,466496,https://i.scdn.co/image/ab67616d00004851d05d3aad30c5fb7614893cf5,https://open.spotify.com/track/0sXvAOmXgjR2QUqLK1MltU
190,2017-03-27,191,New,Deja vu,Prince Royce,465188,https://i.scdn.co/image/ab67616d000048516c1180ae683cc09d840a9163,https://open.spotify.com/track/46HdsiK0uR26B2dY9QPzda
191,2017-03-27,192,New,Light It Up (feat. Nyla & Fuse ODG) - Remix,Major Lazer,465064,https://i.scdn.co/image/ab67616d00004851751a2e5da4333e86814026ba,https://open.spotify.com/track/0L7loeTIg6akW84aEQZpCT
192,2017-03-27,193,New,Chanel,Frank Ocean,464860,https://i.scdn.co/image/ab67616d00004851a0b780c23fc3c19bd412b234,https://open.spotify.com/track/6Nle9hKrkL1wQpwNfEkxjh
193,2017-03-27,194,Down,Dile Que Tu Me Quieres,Ozuna,464095,https://i.scdn.co/image/ab67616d0000485133bbd31551e01896f58d688f,https://open.spotify.com/track/20ZAJdsKB5IGbGj4ilRt2o
194,2017-03-27,195,Down,Love Me Now,John Legend,461670,https://i.scdn.co/image/ab67616d00004851fa2ba77d93b08258827bd2d2,https://open.spotify.com/track/6nxQdXa1uAL0rY72wPZu89
195,2017-03-27,196,Up,Ciao Adios,Anne-Marie,461649,https://i.scdn.co/image/ab67616d0000485119f06fd0fc43d3ebed4f041d,https://open.spotify.com/track/3EfugazgSddQvzZpkof5I4
196,2017-03-27,197,Down,X (feat. Future),21 Savage,461293,https://i.scdn.co/image/ab67616d000048512dd1ac4a61495080ef8f78ca,https://open.spotify.com/track/6fwdbPMwP1zVStm8FybmkO
197,2017-03-27,198,Down,It's Gotta Be You,Isaiah,460893,https://i.scdn.co/image/ab67616d00004851d43b5e86edff2089b91357e6,https://open.spotify.com/track/6cAKeFFYW2aClZSUyvqAEW
198,2017-03-27,199,Down,Lean On (feat. MØ & DJ Snake),Major Lazer,460855,https://i.scdn.co/image/ab67616d000048519f55dad3a63f72f1bc8d6f59,https://open.spotify.com/track/4WjH9Bzt3kx7z8kl0awxh4
199,2017-03-27,200,New,Lot to Learn,Luke Christopher,453904,https://i.scdn.co/image/ab67616d000048513f0bd8f231c9b6433be929b1,https://open.spotify.com/track/3TRFq09DUgYj1mug6RRqJW
