,Date,Position,Trend,Title,Artist,Streams,Icon_URL,Spotify_URL
0,2017-03-08,1,Flat,Shape of You,Ed Sheeran,8738426,https://i.scdn.co/image/ab67616d00004851ba5db46f4b838ef6027e6f96,https://open.spotify.com/track/7qiZfU4dY1lWllzX7mPBI3
1,2017-03-08,2,Flat,Galway Girl,Ed Sheeran,4670824,https://i.scdn.co/image/ab67616d00004851ba5db46f4b838ef6027e6f96,https://open.spotify.com/track/0afhq8XCExXpqazXczTSve
2,2017-03-08,3,Up,It Ain't Me (with Selena Gomez),Kygo,4355526,https://i.scdn.co/image/ab67616d0000485141f289940f2e6a0d51988d77,https://open.spotify.com/track/3eR23VReFzcdmS7TYCrhCe
3,2017-03-08,4,Down,Castle on the Hill,Ed Sheeran,4229766,https://i.scdn.co/image/ab67616d00004851ba5db46f4b838ef6027e6f96,https://open.spotify.com/track/6PCUP3dWmTjcTtXY02oFdT
4,2017-03-08,5,Flat,Something Just Like This,The Chainsmokers,4190621,https://i.scdn.co/image/ab67616d000048510c13d3d5a503c84fcc60ae94,https://open.spotify.com/track/6RUKPb4LETWmmr3iAEQktW
5,2017-03-08,6,Up,"I Don’t Wanna Live Forever (Fifty Shades Darker) - From ""Fifty Shades Darker (Original Motion Picture Soundtrack)""",ZAYN,3555972,https://i.scdn.co/image/ab67616d000048512ae921f082ae5db4d3da818f,https://open.spotify.com/track/3NdDpSvN911VPGivFlV5d0
6,2017-03-08,7,Down,Perfect,Ed Sheeran,3467458,https://i.scdn.co/image/ab67616d00004851ba5db46f4b838ef6027e6f96,https://open.spotify.com/track/0tgVpDi06FyKpA1z0VMD4v
7,2017-03-08,8,Up,Paris,The Chainsmokers,3352779,https://i.scdn.co/image/ab67616d000048510c13d3d5a503c84fcc60ae94,https://open.spotify.com/track/72jbDTw1piOOj770jWNeaG
8,2017-03-08,9,Down,Happier,Ed Sheeran,3307967,https://i.scdn.co/image/ab67616d00004851ba5db46f4b838ef6027e6f96,https://open.spotify.com/track/2RttW7RAu5nOAfq6YFvApB
9,2017-03-08,10,Flat,Despacito (Featuring Daddy Yankee),Luis Fonsi,3245142,https://i.scdn.co/image/ab67616d00004851a5971936e3b8d91f8b616b17,https://open.spotify.com/track/4aWmUDTfIPGksMNLV2rQP2
10,2017-03-08,11,Flat,Dive,Ed Sheeran,3037322,https://i.scdn.co/image/ab67616d00004851ba5db46f4b838ef6027e6f96,https://open.spotify.com/track/51ChrwmUPDJvedPQnIU8Ls
11,2017-03-08,12,Flat,New Man,Ed Sheeran,2980231,https://i.scdn.co/image/ab67616d00004851ba5db46f4b838ef6027e6f96,https://open.spotify.com/track/5HDPtsnyb3maFmPL8LLUTG
12,2017-03-08,13,Up,Scared to Be Lonely,Martin Garrix,2880295,https://i.scdn.co/image/ab67616d0000485164f8a309aa3c0a66a31fc374,https://open.spotify.com/track/3ebXMykcMXOcLeJ9xZ17XH
13,2017-03-08,14,Up,That's What I Like,Bruno Mars,2815958,https://i.scdn.co/image/ab67616d00004851232711f7d66a1e19e89e28c5,https://open.spotify.com/track/0KKkJNfGyhkQ5aFogxQAPU
14,2017-03-08,15,Up,Chained To The Rhythm,Katy Perry,2787873,https://i.scdn.co/image/ab67616d000048511487979a7e0181a5d0406d1a,https://open.spotify.com/track/6520aj0B4FSKGVuKNsOCOi
15,2017-03-08,16,Down,What Do I Know?,Ed Sheeran,2726544,https://i.scdn.co/image/ab67616d00004851ba5db46f4b838ef6027e6f96,https://open.spotify.com/track/2pJZ1v8HezrAoZ0Fhzby92
16,2017-03-08,17,Up,Stay (with Alessia Cara),Zedd,2677303,https://i.scdn.co/image/ab67616d0000485191a70f95efc3400f696e89cc,https://open.spotify.com/track/0dA2Mk56wEzDgegdC6R17g
17,2017-03-08,18,Up,Issues,Julia Michaels,2669981,https://i.scdn.co/image/ab67616d000048519615e35e0e9e4b2c3dccb520,https://open.spotify.com/track/1sXUWdKx03aP9Gmzft58rt
18,2017-03-08,19,Down,How Would You Feel (Paean),Ed Sheeran,2521749,https://i.scdn.co/image/ab67616d00004851ba5db46f4b838ef6027e6f96,https://open.spotify.com/track/6PJ8FF6UR8FZXfEvpHkIVN
19,2017-03-08,20,Flat,Supermarket Flowers,Ed Sheeran,2368419,https://i.scdn.co/image/ab67616d00004851ba5db46f4b838ef6027e6f96,https://open.spotify.com/track/4VuS959DSpr82t3qBqCrWG
20,2017-03-08,21,Flat,Barcelona,Ed Sheeran,2341115,https://i.scdn.co/image/ab67616d00004851ba5db46f4b838ef6027e6f96,https://open.spotify.com/track/3Lfiu5sZ4M4B6JaKMBc0FU
21,2017-03-08,22,Up,Rockabye (feat. Sean Paul & Anne-Marie),Clean Bandit,2279361,https://i.scdn.co/image/ab67616d000048511431c3bdf16aa99f71799d95,https://open.spotify.com/track/5knuzwU65gJK7IF5yJsuaW
22,2017-03-08,23,Up,Slide,Calvin Harris,2254583,https://i.scdn.co/image/ab67616d000048514d3fa5ce7ba599f4fd7803ef,https://open.spotify.com/track/7tr2za8SQg2CI8EDgrdtNl
23,2017-03-08,24,Down,Hearts Don't Break Around Here,Ed Sheeran,2202765,https://i.scdn.co/image/ab67616d00004851ba5db46f4b838ef6027e6f96,https://open.spotify.com/track/2dfHh7ECGxfNqZTQno09Vk
24,2017-03-08,25,Up,Cold,Maroon 5,2193991,https://i.scdn.co/image/ab67616d000048514727f9e79c338683c5bf8921,https://open.spotify.com/track/5NNlUMcOEOdoOIwwaWXv0k
25,2017-03-08,26,Up,Green Light,Lorde,2180123,https://i.scdn.co/image/ab67616d0000485128e1139fd3a34626351b9004,https://open.spotify.com/track/0gbBzIqrECJOEPvQJIBFs5
26,2017-03-08,27,Up,I Feel It Coming,The Weeknd,2167257,https://i.scdn.co/image/b3683184efeb899b2d1a02f4957d0c630dc10b0b,https://open.spotify.com/track/5GXAXm5YOmYT0kL5jHvYBt
27,2017-03-08,28,Up,Say You Won't Let Go,James Arthur,2163482,https://i.scdn.co/image/ab67616d0000485120beb61f61fcbeb33b10a9ab,https://open.spotify.com/track/5uCax9HTNlzGybIStD3vDh
28,2017-03-08,29,Down,Nancy Mulligan,Ed Sheeran,2157585,https://i.scdn.co/image/ab67616d00004851ba5db46f4b838ef6027e6f96,https://open.spotify.com/track/35QZaWQRkmnAVqBF1TLCxQ
29,2017-03-08,30,Up,Believer,Imagine Dragons,2150976,https://i.scdn.co/image/ab67616d000048517956bd9a3d7a15e4c2e37cc6,https://open.spotify.com/track/0CcQNd8CINkwQfe1RDtGV6
30,2017-03-08,31,Down,Eraser,Ed Sheeran,2142927,https://i.scdn.co/image/ab67616d00004851ba5db46f4b838ef6027e6f96,https://open.spotify.com/track/7oolFzHipTMg2nL7shhdz2
31,2017-03-08,32,Up,Closer,The Chainsmokers,1998471,https://i.scdn.co/image/ab67616d00004851495ce6da9aeb159e94eaa453,https://open.spotify.com/track/7BKLCZ1jbUBVqRi2FVlTVw
32,2017-03-08,33,Up,Call On Me - Ryan Riback Extended Remix,Starley,1997774,https://i.scdn.co/image/ab67616d000048519d4079afc73664f86f055400,https://open.spotify.com/track/78rIJddV4X0HkNAInEcYde
33,2017-03-08,34,Flat,iSpy (feat. Lil Yachty),KYLE,1982199,https://i.scdn.co/image/ab67616d0000485132e373f2988bc6596a542d1c,https://open.spotify.com/track/2EEeOnHehOozLq4aS0n6SL
34,2017-03-08,35,Down,Bibia Be Ye Ye,Ed Sheeran,1917807,https://i.scdn.co/image/ab67616d00004851ba5db46f4b838ef6027e6f96,https://open.spotify.com/track/6SznMYPQJHzr3IwsAHLId2
35,2017-03-08,36,Up,Starboy,The Weeknd,1904710,https://i.scdn.co/image/ab67616d000048510c8599cbde51245c128bcea9,https://open.spotify.com/track/5aAx2yezTd8zXrkmtKl66Z
36,2017-03-08,37,Up,Mask Off,Future,1862131,https://i.scdn.co/image/ab67616d00004851356884f85665ebdd79223fdf,https://open.spotify.com/track/3rOSwuTsUlJp0Pu0MkN8r8
37,2017-03-08,38,Down,Save Myself,Ed Sheeran,1793469,https://i.scdn.co/image/ab67616d00004851ba5db46f4b838ef6027e6f96,https://open.spotify.com/track/6TIU9Ehmi6dMzZK73Ym4yj
38,2017-03-08,39,Down,Run Up (feat. PARTYNEXTDOOR & Nicki Minaj),Major Lazer,1780358,https://i.scdn.co/image/ab67616d000048518036d7402a6a76aed04f1f98,https://open.spotify.com/track/0fg8CqpjdojMyXLNzM2PaJ
39,2017-03-08,40,Down,Bad and Boujee (feat. Lil Uzi Vert),Migos,1731181,https://i.scdn.co/image/ab67616d0000485199a8ab6da9d593939302828a,https://open.spotify.com/track/4Km5HrUvYTaSUfiSGPJeQR
40,2017-03-08,41,Down,"How Far I'll Go - From ""Moana""",Alessia Cara,1718629,https://i.scdn.co/image/ab67616d00004851fb128b1eda22335050f584fe,https://open.spotify.com/track/5hYTyyh2odQKphUbMqc5gN
41,2017-03-08,42,Flat,Chantaje (feat. Maluma),Shakira,1666723,https://i.scdn.co/image/ab67616d00004851d05d3aad30c5fb7614893cf5,https://open.spotify.com/track/6mICuAdrwEjh6Y6lroV2Kg
42,2017-03-08,43,Flat,Solo Dance,Martin Jensen,1606278,https://i.scdn.co/image/ab67616d00004851950d67dbe3f31f1d9a5d06a2,https://open.spotify.com/track/6HUnnBwYZqcED1eQztxMBN
43,2017-03-08,44,Up,All Night,The Vamps,1523065,https://i.scdn.co/image/ab67616d00004851f03c9779c27137669304ea20,https://open.spotify.com/track/1yNyoWWWikbLhwIGWjZuDW
44,2017-03-08,45,Down,Weak,AJR,1517925,https://i.scdn.co/image/ab67616d00004851c5f3ca405ff6ed13dc554b94,https://open.spotify.com/track/3E2Zh20GDCR9B1EYjfXWyv
45,2017-03-08,46,Down,Just Hold On,Steve Aoki,1508953,https://i.scdn.co/image/ab67616d0000485122e2ce2de8bad6d67ee69b48,https://open.spotify.com/track/3EmmCZoqpWOTY1g2GBwJoR
46,2017-03-08,47,Down,All Time Low,Jon Bellion,1491013,https://i.scdn.co/image/ff06a4138a99d272c24d2f6da9b5ea6067c054db,https://open.spotify.com/track/1CnPYaKxTVb4LWOtiGOm0m
47,2017-03-08,48,Flat,El Amante,Nicky Jam,1459216,https://i.scdn.co/image/ab67616d00004851d77dbcd4dbd37cdfa61771fa,https://open.spotify.com/track/3umS4y3uQDkqekNjVpiRUs
48,2017-03-08,49,Flat,Bounce Back,Big Sean,1458148,https://i.scdn.co/image/695d0c097d8463ccc2c2b9855fe44e3e9e7bc267,https://open.spotify.com/track/0SGkqnVQo9KPytSri1H6cF
49,2017-03-08,50,Up,Congratulations,Post Malone,1410467,https://i.scdn.co/image/23bae95100dcb6ac8f88c19fa2a11c50a998a926,https://open.spotify.com/track/3a1lNhkSLSkpJE4MSHpDu9
50,2017-03-08,51,Down,Bad Things (with Camila Cabello),Machine Gun Kelly,1350825,https://i.scdn.co/image/d5f976093a4dcbc5ea9d4c04b414207f8bdce469,https://open.spotify.com/track/1PSBzsahR2AKwLJgx8ehBj
51,2017-03-08,52,Flat,Let Me Love You,DJ Snake,1333518,https://i.scdn.co/image/ab67616d000048515045de6786e0af096de73ed4,https://open.spotify.com/track/4pdPtRcBmOSQDlJ3Fk945m
52,2017-03-08,53,Up,You Don't Know Me - Radio Edit,Jax Jones,1294042,https://i.scdn.co/image/ab67616d00004851dd05a1716e2f07a07b8ccfe3,https://open.spotify.com/track/00lNx0OcTJrS3MKHcB80HY
53,2017-03-08,54,Down,Fake Love,Drake,1277143,https://i.scdn.co/image/6dfd956b9331fa9ea1f47ebb95311951ed72b3db,https://open.spotify.com/track/343YBumqHu19cGoGARUTsd
54,2017-03-08,55,Down,Tunnel Vision,Kodak Black,1266539,https://i.scdn.co/image/ab67616d000048511541a676423805fc68ff3e66,https://open.spotify.com/track/4Q3N4Ct4zCuIHuZ65E3BD4
55,2017-03-08,56,Up,SUBEME LA RADIO,Enrique Iglesias,1264669,https://i.scdn.co/image/ab67616d000048515366ff028970205a29d558ed,https://open.spotify.com/track/7nKBxz47S9SD79N086fuhn
56,2017-03-08,57,Down,24K Magic,Bruno Mars,1241004,https://i.scdn.co/image/ab67616d00004851232711f7d66a1e19e89e28c5,https://open.spotify.com/track/6b8Be6ljOzmkOmFslEb23P
57,2017-03-08,58,Flat,Don't Wanna Know,Maroon 5,1213123,https://i.scdn.co/image/ab67616d00004851eec1912bbc2ff74b8203fe5f,https://open.spotify.com/track/5MFzQMkrl1FOOng9tq6R9r
58,2017-03-08,59,Flat,One Dance,Drake,1144547,https://i.scdn.co/image/ab67616d00004851726abca207567d5e41cb9667,https://open.spotify.com/track/1xznGGDReH1oQq0xzbwXa3
59,2017-03-08,60,Flat,Reggaetón Lento (Bailemos),CNCO,1135304,https://i.scdn.co/image/ab67616d000048517db0f7ac4c612cce26ccacf9,https://open.spotify.com/track/3AEZUABDXNtecAOSC1qTfo
60,2017-03-08,61,Up,September Song,JP Cooper,1097888,https://i.scdn.co/image/ab67616d000048511400ec742ee0935608e30700,https://open.spotify.com/track/0FuTx2s3YH1ppmtiM6l0zI
61,2017-03-08,62,Down,Don't Leave,Snakehips,1089695,https://i.scdn.co/image/ab67616d00004851b72a28b6f92b180a8a423e29,https://open.spotify.com/track/0Zx8khUcEfCFK2AEoIhC92
62,2017-03-08,63,Down,Shed a Light,Robin Schulz,1057099,https://i.scdn.co/image/ab67616d000048517be189f322bc8155c103d6c9,https://open.spotify.com/track/1cG0umU5TKStygKsPFZ9pY
63,2017-03-08,64,Flat,T-Shirt,Migos,1042389,https://i.scdn.co/image/ab67616d0000485199a8ab6da9d593939302828a,https://open.spotify.com/track/7KOlJ92bu51cltsD9KU5I7
64,2017-03-08,65,Flat,Selfish (feat. Rihanna),Future,1041780,https://i.scdn.co/image/ab67616d00004851968822b495da180d0792a437,https://open.spotify.com/track/2Ce5IyMlVRVvN997ZJjJJA
65,2017-03-08,66,Up,Love On The Brain,Rihanna,1019145,https://i.scdn.co/image/ddc285ca9817c96c7719b3f2a759e108787db021,https://open.spotify.com/track/2aksifNn5ph8igDOkPBA02
66,2017-03-08,67,Up,I Got You,Bebe Rexha,1016325,https://i.scdn.co/image/ab67616d00004851809adcbcfe88c94fd2a706c1,https://open.spotify.com/track/1FUViuNSldssMIawrOXF2i
67,2017-03-08,68,Down,Starving,Hailee Steinfeld,1006437,https://i.scdn.co/image/ab67616d00004851612495ee5769c99125031be2,https://open.spotify.com/track/1qOLh0tI7trd1zdDKxYZTe
68,2017-03-08,69,Up,Side To Side,Ariana Grande,996303,https://i.scdn.co/image/ab67616d000048517227f5854239a059af211d5b,https://open.spotify.com/track/4pLwZjInHj3SimIyN9SnOz
69,2017-03-08,70,Up,Water Under the Bridge,Adele,963784,https://i.scdn.co/image/ab67616d000048514c3bbcff5e7248e415548f12,https://open.spotify.com/track/4vb4mFvYsr2h6enhjJsq9Y
70,2017-03-08,71,Down,In the Name of Love,Martin Garrix,963273,https://i.scdn.co/image/ab67616d00004851923db3f255cd48a6d5783ebf,https://open.spotify.com/track/04DwTuZ2VBdJCCC5TROn7L
71,2017-03-08,72,Down,Otra vez (feat. J Balvin),Zion & Lennox,940036,https://i.scdn.co/image/ab67616d0000485182eabf564ddc57325a84dd50,https://open.spotify.com/track/3QwBODjSEzelZyVjxPOHdq
72,2017-03-08,73,Down,Hear Me Now,Alok,929658,https://i.scdn.co/image/e308bad29e4cf6dc8aa5cd97449ef71bbb893d40,https://open.spotify.com/track/1a5Yu5L18qNxVhXx38njON
73,2017-03-08,74,Down,Cold Water (feat. Justin Bieber & MØ),Major Lazer,912857,https://i.scdn.co/image/ab67616d000048512e8f1cca2bc8c9d55930523b,https://open.spotify.com/track/6DNtNfH8hXkqOX1sjqmI7p
74,2017-03-08,75,Up,Sunset Lover,Petit Biscuit,909810,https://i.scdn.co/image/ab67616d00004851014080d39d56c94c0b285362,https://open.spotify.com/track/0hNduWmlWmEmuwEFcYvRu1
75,2017-03-08,76,Down,Photograph,Ed Sheeran,907643,https://i.scdn.co/image/ab67616d00004851d08209944468440145f01524,https://open.spotify.com/track/6fxVffaTuwjgEk5h9QyRjy
76,2017-03-08,77,Down,Body Like A Back Road,Sam Hunt,906042,https://i.scdn.co/image/ab67616d000048519eccbdab1110afc4d5a186a8,https://open.spotify.com/track/7mldq42yDuxiUNn08nvzHO
77,2017-03-08,78,Flat,Location,Khalid,903866,https://i.scdn.co/image/ab67616d00004851988ede5e1276e758b5f9e577,https://open.spotify.com/track/152lZdxL1OR0ZMW6KquMif
78,2017-03-08,79,Up,Swang,Rae Sremmurd,869275,https://i.scdn.co/image/16293ab3b4f9301aeb5f41810fd7056d463db55e,https://open.spotify.com/track/6mapJIPnQ23RTAevUoE0DL
79,2017-03-08,80,Up,Touch,Little Mix,852964,https://i.scdn.co/image/ab67616d000048512318bbb0586903290db2b270,https://open.spotify.com/track/5Ua3GXyHwiSfpNTMjq6m2z
80,2017-03-08,81,Down,Thinking out Loud,Ed Sheeran,851506,https://i.scdn.co/image/ab67616d00004851d08209944468440145f01524,https://open.spotify.com/track/1Slwb6dOYkBlWal1PGtnNg
81,2017-03-08,82,Up,Black Beatles,Rae Sremmurd,830114,https://i.scdn.co/image/16293ab3b4f9301aeb5f41810fd7056d463db55e,https://open.spotify.com/track/6fujklziTHa8uoM5OQSfIo
82,2017-03-08,83,Down,Me Rehúso,Danny Ocean,826829,https://i.scdn.co/image/ab67616d00004851a75bd33684083600569dd3bf,https://open.spotify.com/track/6De0lHrwBfPfrhorm9q1Xl
83,2017-03-08,84,Down,"CAN'T STOP THE FEELING! (Original Song from DreamWorks Animation's ""TROLLS"")",Justin Timberlake,818571,https://i.scdn.co/image/ab67616d00004851ef37416970812293c08e8a78,https://open.spotify.com/track/6JV2JOEocMgcZxYSZelKcc
84,2017-03-08,85,Down,It's Gotta Be You,Isaiah,810712,https://i.scdn.co/image/ab67616d00004851d43b5e86edff2089b91357e6,https://open.spotify.com/track/6cAKeFFYW2aClZSUyvqAEW
85,2017-03-08,86,Up,History,Olivia Holt,806604,https://i.scdn.co/image/ab67616d000048519e21eab426152ef9078d6b94,https://open.spotify.com/track/0WCEaydwN65cvwaW8aqptF
86,2017-03-08,87,Down,Safari,J Balvin,802717,https://i.scdn.co/image/ab67616d00004851338ffc4c72a192f06070546b,https://open.spotify.com/track/6rQSrBHf7HlZjtcMZ4S4bO
87,2017-03-08,88,Down,My Way,Calvin Harris,795422,https://i.scdn.co/image/ab67616d000048518d12bc5e3ea5c9f4a967de32,https://open.spotify.com/track/1vvNmPOiUuyCbgWmtc6yfm
88,2017-03-08,89,Down,Mercy,Shawn Mendes,794553,https://i.scdn.co/image/ab67616d00004851188e6332f32088921ab1eaf8,https://open.spotify.com/track/4TZy1wLyHec06pwgFYDh1a
89,2017-03-08,90,Flat,La Rompe Corazones,Daddy Yankee,792155,https://i.scdn.co/image/ab67616d00004851b84a36483e43bfbcb931fcde,https://open.spotify.com/track/4okba5wu9mMLXx79DXLKi3
90,2017-03-08,91,Down,Don't Let Me Down,The Chainsmokers,789359,https://i.scdn.co/image/ab67616d0000485108d87fb54859bc9038f7e5e0,https://open.spotify.com/track/0QsvXIfqM0zZoerQfsI9lm
91,2017-03-08,92,Flat,Treat You Better,Shawn Mendes,782893,https://i.scdn.co/image/ab67616d00004851188e6332f32088921ab1eaf8,https://open.spotify.com/track/4Hf7WnR761jpxPr5D46Bcd
92,2017-03-08,93,Up,Scars To Your Beautiful,Alessia Cara,779943,https://i.scdn.co/image/5b9e5bd34ec840f07c8530e43a76b1b5e08d8b77,https://open.spotify.com/track/0prNGof3XqfTvNDxHonvdK
93,2017-03-08,94,Down,Heathens,Twenty One Pilots,764437,https://i.scdn.co/image/ab67616d000048512ca3ba8f334ca5a5f0312efb,https://open.spotify.com/track/6i0V12jOa3mr6uu4WYhUBr
94,2017-03-08,95,Down,Human,Rag'n'Bone Man,750968,https://i.scdn.co/image/ab67616d0000485190a788beadaad34ff684d3ec,https://open.spotify.com/track/58zsLZPvfflaiIbNWoA22O
95,2017-03-08,96,Up,Redbone,Childish Gambino,727455,https://i.scdn.co/image/ab67616d000048510b97e56ffad7c6211aa848f8,https://open.spotify.com/track/3kxfsdsCpFgN412fpnW85Y
96,2017-03-08,97,Down,Party Monster,The Weeknd,722444,https://i.scdn.co/image/6aeaaebcbd861c8369b14366e8e0eca2fe96055d,https://open.spotify.com/track/4F7A0DXBrmUAkp32uenhZt
97,2017-03-08,98,Up,Caroline,Aminé,722101,https://i.scdn.co/image/ab67616d00004851a7f01ef25974c10cdbbd566e,https://open.spotify.com/track/5GFDrUTLGJix84sNhjCG0g
98,2017-03-08,99,Up,Make Me (Cry),Noah Cyrus,721195,https://i.scdn.co/image/ab67616d00004851bf2ec8b87525fbd01fb0111f,https://open.spotify.com/track/2BrzlUj1u1CtvaJDGIKpsP
99,2017-03-08,100,Down,Vente Pa' Ca,Ricky Martin,719390,https://i.scdn.co/image/ab67616d000048513d90f5938459be40b7b6652a,https://open.spotify.com/track/7DM4BPaS7uofFul3ywMe46
100,2017-03-08,101,Flat,We Don't Talk Anymore,Charlie Puth,711499,https://i.scdn.co/image/ab67616d00004851c0e28105f0533c52717c46c2,https://open.spotify.com/track/68EMU2RD1ECNeOeJ5qAXCV
101,2017-03-08,102,Down,Now and Later,Sage The Gemini,710042,https://i.scdn.co/image/ab67616d0000485182d22e1d83fc1045ad33444a,https://open.spotify.com/track/43jBqV3j3Xi1g6wO0bhIMd
102,2017-03-08,103,Down,Alone,Alan Walker,709832,https://i.scdn.co/image/ab67616d00004851f00ade2f88d8223521bc7f76,https://open.spotify.com/track/0JiVRyTJcJnmlwCZ854K4p
103,2017-03-08,104,Up,Swalla (feat. Nicki Minaj & Ty Dolla $ign),Jason Derulo,707411,https://i.scdn.co/image/ab67616d000048519d6522bee68370fa5592301d,https://open.spotify.com/track/6kex4EBAj0WHXDKZMEJaaF
104,2017-03-08,105,Up,All We Know,The Chainsmokers,707203,https://i.scdn.co/image/ab67616d00004851ff8d8c5662a96d41433e9ee1,https://open.spotify.com/track/2rizacJSyD9S1IQUxUxnsK
105,2017-03-08,106,Down,"Sola (Remix) [feat. Daddy Yankee, Wisin, Farruko, Zion & Lennox]",Anuel AA,701026,https://i.scdn.co/image/ab67616d00004851a66def7d649149464edc8f1e,https://open.spotify.com/track/5q2JbCNi4FcnglgPfxcV65
106,2017-03-08,107,Down,"Ay Mi Dios (feat. Pitbull, Yandel & Chacal)",IAmChino,698902,https://i.scdn.co/image/ab67616d000048511568fbc07414eb185c58ef62,https://open.spotify.com/track/6stYbAJgTszHAHZMPxWWCY
107,2017-03-08,108,Down,Look At Me!,XXXTENTACION,698053,https://i.scdn.co/image/ab67616d0000485125b5901b8bcf902f54d466d9,https://open.spotify.com/track/4ARPvK8DHLwt4oX65ZAFMw
108,2017-03-08,109,Down,Me Llamas (feat. Maluma) - Remix,Piso 21,694369,https://i.scdn.co/image/ab67616d000048511e1eafb5d2bb1ca39d26f092,https://open.spotify.com/track/5hEM0JchdVzQ5PwvSfITeX
109,2017-03-08,110,Flat,Vacaciones,Wisin,692065,https://i.scdn.co/image/ab67616d00004851c85f0d16973e9dae6f8a786c,https://open.spotify.com/track/3dQDid3IUNhZy1OehIfYfE
110,2017-03-08,111,Up,The Other,Lauv,691067,https://i.scdn.co/image/ab67616d000048513c6e07056b26bb9804a596da,https://open.spotify.com/track/1lntL1cI2UIWlxjL5QiN8g
111,2017-03-08,112,Down,Comin Out Strong (feat. The Weeknd),Future,687664,https://i.scdn.co/image/ab67616d00004851968822b495da180d0792a437,https://open.spotify.com/track/3mRcWCyteY2133a7xVMrYw
112,2017-03-08,113,Flat,Moves,Big Sean,685586,https://i.scdn.co/image/695d0c097d8463ccc2c2b9855fe44e3e9e7bc267,https://open.spotify.com/track/0Fv5N0cHBsl4bzCbollCAS
113,2017-03-08,114,Up,Cheap Thrills,Sia,678669,https://i.scdn.co/image/ab67616d0000485149e0134c686547c28b7c999f,https://open.spotify.com/track/27SdWb2rFzO6GWiYDBTD9j
114,2017-03-08,115,Up,Sooner Or Later,Aaron Carter,672656,https://i.scdn.co/image/ab67616d000048511f7d1e684ec89fe11a4fdc37,https://open.spotify.com/track/6wV12xIUb8oFY7lBy4KuQe
115,2017-03-08,116,Flat,Down,Marian Hill,671214,https://i.scdn.co/image/ab67616d00004851c989c526b15cacc1a579a9c7,https://open.spotify.com/track/2dqLk7ezV15LEJEwUmEbXB
116,2017-03-08,117,Down,Versace on the Floor,Bruno Mars,670494,https://i.scdn.co/image/ab67616d00004851232711f7d66a1e19e89e28c5,https://open.spotify.com/track/0kN8xEmgMW9mh7UmDYHlJP
117,2017-03-08,118,Down,Oceans Away,A R I Z O N A,667889,https://i.scdn.co/image/ab67616d0000485150a25f1cb71018982b81ca2b,https://open.spotify.com/track/6A8dnC0xkiuWN4BshmTB2I
118,2017-03-08,119,Up,I Took A Pill In Ibiza - Seeb Remix,Mike Posner,663803,https://i.scdn.co/image/ab67616d0000485140512e02a594e3378c0256e6,https://open.spotify.com/track/17Fd6Yb7mSbinKG8LoWfFl
119,2017-03-08,120,Down,Love,Lana Del Rey,661939,https://i.scdn.co/image/ab67616d000048519d0210162981930e44092e52,https://open.spotify.com/track/0n2bvWvMwr0gbjcuTm92eW
120,2017-03-08,121,Up,Broccoli (feat. Lil Yachty),DRAM,658234,https://i.scdn.co/image/ab67616d00004851f02a1575a59bd05998826351,https://open.spotify.com/track/7yyRTcZmCiyzzJlNzGC9Ol
121,2017-03-08,122,Up,goosebumps,Travis Scott,654099,https://i.scdn.co/image/ab67616d00004851f54b99bf27cda88f4a7403ce,https://open.spotify.com/track/6gBFPUFcJLzWGx4lenP6h2
122,2017-03-08,123,Down,I Would Like,Zara Larsson,653913,https://i.scdn.co/image/ab67616d000048519e1683774b22648f4f178ed3,https://open.spotify.com/track/4Q4jmPHwu0wrJvqrld0FQ6
123,2017-03-08,124,Down,Romantic - NOTD Remix,Stanaj,650216,https://i.scdn.co/image/ab67616d000048517861e14b4da5cfac6fb0c65b,https://open.spotify.com/track/3SGWp9fJCzgK0WcpcKSQdy
124,2017-03-08,125,Down,Cake - Challenge Version,Flo Rida,648085,https://i.scdn.co/image/ab67616d00004851b765afdf5f6a2bc83eb5f378,https://open.spotify.com/track/6t2ubAB4iSYOuIpRAOGd4t
125,2017-03-08,126,Up,By Your Side,Jonas Blue,647103,https://i.scdn.co/image/ab67616d00004851bd4b658f3aead04637924c28,https://open.spotify.com/track/1D3ODoXHBLpdxolZRHWV1j
126,2017-03-08,127,Up,Million Reasons,Lady Gaga,645170,https://i.scdn.co/image/ab67616d00004851dd0b256c733c96b653ab5cde,https://open.spotify.com/track/50PWlIBU7PlGGwzgN8TiFJ
127,2017-03-08,128,Down,Stressed Out,Twenty One Pilots,639302,https://i.scdn.co/image/ab67616d00004851de03bfc2991fd5bcfde65ba3,https://open.spotify.com/track/3CRDbSIZ4r5MsZ0YwxuEkn
128,2017-03-08,129,Down,Skin,Rag'n'Bone Man,636483,https://i.scdn.co/image/ab67616d0000485190a788beadaad34ff684d3ec,https://open.spotify.com/track/6y2Kaz9QI01XBKJ8mTb7Pf
129,2017-03-08,130,Down,Be the One,Dua Lipa,626567,https://i.scdn.co/image/ab67616d000048516b915e407b70e121e06fe979,https://open.spotify.com/track/7FCfMXYTIiQ9b4hDYs4Iol
130,2017-03-08,131,Down,Tuesday,Burak Yeter,625175,https://i.scdn.co/image/069b0b8dc1285ba4d2bd7f2536abfce84598d130,https://open.spotify.com/track/7abpmGpF7PGep2rDU68GBR
131,2017-03-08,132,Down,No Lie,Sean Paul,625039,https://i.scdn.co/image/ab67616d000048514782809e4cd19cefc99048f7,https://open.spotify.com/track/3cFsmM51N5zMAuu1nNY4Tw
132,2017-03-08,133,Flat,Perfect Strangers,Jonas Blue,616734,https://i.scdn.co/image/ab67616d0000485179882e87678a76bc1d895e94,https://open.spotify.com/track/1CUVN2kn7mW5FjkqXTR2W1
133,2017-03-08,134,Down,Ride,Twenty One Pilots,610453,https://i.scdn.co/image/ab67616d00004851de03bfc2991fd5bcfde65ba3,https://open.spotify.com/track/2Z8WuEywRWYTKe1NybPQEW
134,2017-03-08,135,Down,Love Me Now,John Legend,607280,https://i.scdn.co/image/ab67616d00004851fa2ba77d93b08258827bd2d2,https://open.spotify.com/track/6nxQdXa1uAL0rY72wPZu89
135,2017-03-08,136,Flat,Love Yourself,Justin Bieber,598811,https://i.scdn.co/image/ab67616d00004851b6d9a4fbb0bd49f0f034aead,https://open.spotify.com/track/3hB5DgAiMAQ4DzYbsMq1IT
136,2017-03-08,137,Up,This Is What You Came For,Calvin Harris,598471,https://i.scdn.co/image/ab67616d00004851d9aa52355e062f5de060adbf,https://open.spotify.com/track/0azC730Exh71aQlOt9Zj3y
137,2017-03-08,138,Down,Faded,Alan Walker,594422,https://i.scdn.co/image/ab67616d00004851c4d00cac55ae1b4598c9bc90,https://open.spotify.com/track/7gHs73wELdeycvS48JfIos
138,2017-03-08,139,Flat,Work from Home (feat. Ty Dolla $ign),Fifth Harmony,586145,https://i.scdn.co/image/ab67616d00004851d03fa6f4e758282b7920b5c8,https://open.spotify.com/track/4tCtwWceOPWzenK2HAIJSb
139,2017-03-08,140,Down,Shooting Stars,Bag Raiders,586140,https://i.scdn.co/image/ab67616d0000485150ccaac1c3e79c92d08b822f,https://open.spotify.com/track/0UeYCHOETPfai02uskjJ3x
140,2017-03-08,141,Down,No Problem (feat. Lil Wayne & 2 Chainz),Chance the Rapper,580771,https://i.scdn.co/image/ab67616d00004851e71dd15fc5bdefd5bff70452,https://open.spotify.com/track/0v9Wz8o0BT8DU38R4ddjeH
141,2017-03-08,142,Down,Dile Que Tu Me Quieres,Ozuna,580030,https://i.scdn.co/image/ab67616d0000485133bbd31551e01896f58d688f,https://open.spotify.com/track/20ZAJdsKB5IGbGj4ilRt2o
142,2017-03-08,143,Down,Sorry,Justin Bieber,570090,https://i.scdn.co/image/ab67616d00004851b6d9a4fbb0bd49f0f034aead,https://open.spotify.com/track/69bp2EbF7Q2rqc5N3ylezZ
143,2017-03-08,144,Up,Sigo Extrañándote,J Balvin,570072,https://i.scdn.co/image/ab67616d00004851338ffc4c72a192f06070546b,https://open.spotify.com/track/6qDF4wWL49CAVbgT7yuHl8
144,2017-03-08,145,Down,Rolex,Ayo & Teo,564957,https://i.scdn.co/image/ab67616d0000485179dbd95fbdf6b0d617bd32dd,https://open.spotify.com/track/0pSBuHjILhNEo55xK1zrRt
145,2017-03-08,146,Down,Gyal You A Party Animal - Remix,Charly Black,563424,https://i.scdn.co/image/ab67616d0000485131a026a9d39e08006ddfb138,https://open.spotify.com/track/1AkTW13ysu0AJrwuM6UY0I
146,2017-03-08,147,Flat,Too Good,Drake,560788,https://i.scdn.co/image/ab67616d00004851726abca207567d5e41cb9667,https://open.spotify.com/track/11KJSRSgaDxqydKYiD2Jew
147,2017-03-08,148,Flat,Panda,Desiigner,555989,https://i.scdn.co/image/ab67616d000048513df69bfb7713d8262820612b,https://open.spotify.com/track/5OOkp4U9P9oL23maHFHL1h
148,2017-03-08,149,Up,Te Quiero Pa´Mi,Don Omar,553525,https://i.scdn.co/image/ab67616d00004851d0cb2a58e3bf5d7ac5ece16f,https://open.spotify.com/track/3BY2mafsbsoKGqS380Xnuz
149,2017-03-08,150,Up,X (feat. Future),21 Savage,553077,https://i.scdn.co/image/ab67616d000048512dd1ac4a61495080ef8f78ca,https://open.spotify.com/track/6fwdbPMwP1zVStm8FybmkO
150,2017-03-08,151,Down,Traicionera,Sebastian Yatra,552745,https://i.scdn.co/image/ab67616d00004851dbe5e9f934a9be5db8884c52,https://open.spotify.com/track/5J1c3M4EldCfNxXwrwt8mT
151,2017-03-08,152,Down,La Bicicleta,Carlos Vives,540693,https://i.scdn.co/image/ab67616d00004851d05d3aad30c5fb7614893cf5,https://open.spotify.com/track/0sXvAOmXgjR2QUqLK1MltU
152,2017-03-08,153,Up,No Heart,21 Savage,538215,https://i.scdn.co/image/ab67616d000048512dd1ac4a61495080ef8f78ca,https://open.spotify.com/track/4gmmRb6bZJffOOiww1JGTO
153,2017-03-08,154,Up,"Sucker For Pain (with Wiz Khalifa, Imagine Dragons, Logic & Ty Dolla $ign feat. X Ambassadors)",Lil Wayne,534518,https://i.scdn.co/image/ab67616d000048517d8dfcfd507069d7f2062caf,https://open.spotify.com/track/4dASQiO1Eoo3RJvt74FtXB
154,2017-03-08,155,Down,The Greatest,Sia,530752,https://i.scdn.co/image/ab67616d00004851754b2fddebe7039fdb912837,https://open.spotify.com/track/7xHWNBFm6ObGEQPaUxHuKO
155,2017-03-08,156,Down,Reminder,The Weeknd,530014,https://i.scdn.co/image/6aeaaebcbd861c8369b14366e8e0eca2fe96055d,https://open.spotify.com/track/37F0uwRSrdzkBiuj0D5UHI
156,2017-03-08,157,Up,Everyday,Ariana Grande,525602,https://i.scdn.co/image/ab67616d000048517227f5854239a059af211d5b,https://open.spotify.com/track/3FiE2d325mIOc4YjkSLVJR
157,2017-03-08,158,Flat,"i hate u, i love u (feat. olivia o'brien)",gnash,524562,https://i.scdn.co/image/ab67616d0000485108862f843ea27f44f8e8cbd8,https://open.spotify.com/track/7vRriwrloYVaoAe3a9wJHe
158,2017-03-08,159,Up,Sexual,NEIKED,518177,https://i.scdn.co/image/ab67616d000048519c5e27aff6792af94e972af9,https://open.spotify.com/track/3AsAuGTaDQzavZZThyYlop
159,2017-03-08,160,Down,Lot to Learn,Luke Christopher,517888,https://i.scdn.co/image/ab67616d000048513f0bd8f231c9b6433be929b1,https://open.spotify.com/track/3TRFq09DUgYj1mug6RRqJW
160,2017-03-08,161,Down,Deja Vu,J. Cole,510769,https://i.scdn.co/image/fff50a2874dae97e76d3a78e55771d7c59719928,https://open.spotify.com/track/6I6NX6tjGsxFAsIfGzY9lJ
161,2017-03-08,162,Up,Work,Rihanna,508351,https://i.scdn.co/image/ab67616d000048510ed05634a469e5cf4789b0a7,https://open.spotify.com/track/14WWzenpaEgQZlqPq2nk4v
162,2017-03-08,163,Up,Low Life,Future,507390,https://i.scdn.co/image/ab67616d00004851626745b3aa04899001a924ad,https://open.spotify.com/track/7EiZI6JVHllARrX9PUvAdX
163,2017-03-08,164,Down,Both (feat. Drake),Gucci Mane,505712,https://i.scdn.co/image/ab67616d000048518c75413c7f38b3f512a75b35,https://open.spotify.com/track/5tFep7dXGd7vEJ668wTPux
164,2017-03-08,165,Up,7 Years,Lukas Graham,503012,https://i.scdn.co/image/ab67616d0000485104d59cefa11f0eee9f1877a5,https://open.spotify.com/track/7129iqBafaphfc3WPCGC0L
165,2017-03-08,166,Down,Capsize,FRENSHIP,498699,https://i.scdn.co/image/ab67616d00004851670048174db73ef55039c7bf,https://open.spotify.com/track/2XMTqoHHSH0lvuXrvIEdco
166,2017-03-08,167,Up,Controlla,Drake,495788,https://i.scdn.co/image/ab67616d00004851726abca207567d5e41cb9667,https://open.spotify.com/track/6F609ICg9Spjrw1epsAnpa
167,2017-03-08,168,Up,Thumbs,Sabrina Carpenter,494083,https://i.scdn.co/image/ab67616d00004851b13cc7b6ba13bcd75cae73a1,https://open.spotify.com/track/3UjJP4ludb74a29P5EHEIo
168,2017-03-08,169,Up,Needed Me,Rihanna,493196,https://i.scdn.co/image/ddc285ca9817c96c7719b3f2a759e108787db021,https://open.spotify.com/track/1Tt4sE4pXi57mTD1GCzsqm
169,2017-03-08,170,Down,This Girl (Kungs Vs. Cookin' On 3 Burners) - Kungs Vs. Cookin' On 3 Burners,Kungs,492562,https://i.scdn.co/image/ab67616d00004851f504cc56f3bd99bc61929272,https://open.spotify.com/track/0tICYNayWWhH9GPeFrfjfD
170,2017-03-08,171,Down,Let It Go,James Bay,490537,https://i.scdn.co/image/abcbe01d6557c60388e976c9a535f26f73fcbf09,https://open.spotify.com/track/13HVjjWUZFaWilh2QUJKsP
171,2017-03-08,172,Up,White Iverson,Post Malone,488841,https://i.scdn.co/image/23bae95100dcb6ac8f88c19fa2a11c50a998a926,https://open.spotify.com/track/6eT7xZZlB2mwyzJ2sUKG6w
172,2017-03-08,173,Up,Into You,Ariana Grande,481997,https://i.scdn.co/image/ab67616d000048517227f5854239a059af211d5b,https://open.spotify.com/track/7yHEDfrJNd0zWOfXwydNH0
173,2017-03-08,174,Up,pick up the phone,Young Thug,480974,https://i.scdn.co/image/ab67616d00004851f54b99bf27cda88f4a7403ce,https://open.spotify.com/track/20dP2DaMHIAmwWAbp7peSr
174,2017-03-08,175,Up,Lush Life,Zara Larsson,480650,https://i.scdn.co/image/ab67616d000048519e1683774b22648f4f178ed3,https://open.spotify.com/track/1rIKgCH4H52lrvDcz50hS8
175,2017-03-08,176,Up,Andas En Mi Cabeza,Chino & Nacho,479933,https://i.scdn.co/image/ab67616d0000485166dad4487da6fc0dced2d0c6,https://open.spotify.com/track/5mey7CLLuFToM2P68Qu1gF
176,2017-03-08,177,Up,PILLOWTALK,ZAYN,478237,https://i.scdn.co/image/ab67616d00004851a15e26d05b7ce776b566579d,https://open.spotify.com/track/0PDUDa38GO8lMxLCRc4lL1
177,2017-03-08,178,Up,Lean On (feat. MØ & DJ Snake),Major Lazer,476291,https://i.scdn.co/image/ab67616d000048519f55dad3a63f72f1bc8d6f59,https://open.spotify.com/track/4WjH9Bzt3kx7z8kl0awxh4
178,2017-03-08,179,Down,Sneakin’,Drake,475266,https://i.scdn.co/image/8b1f6991ae1192e214374d14d918140d04dbd8a7,https://open.spotify.com/track/4ckuS4Nj4FZ7i3Def3Br8W
179,2017-03-08,180,Down,"Lose Yourself - From ""8 Mile"" Soundtrack",Eminem,474042,https://i.scdn.co/image/36440dfd440d23086573d62a32def35ecc42f111,https://open.spotify.com/track/5Z01UMMf7V1o0MzF86s6WJ
180,2017-03-08,181,Up,Hello,Adele,473207,https://i.scdn.co/image/ab67616d000048514c3bbcff5e7248e415548f12,https://open.spotify.com/track/4sPmO7WMQUAf45kwMOtONw
181,2017-03-08,182,Down,Send My Love (To Your New Lover),Adele,473059,https://i.scdn.co/image/ab67616d000048514c3bbcff5e7248e415548f12,https://open.spotify.com/track/4BHzQ9C00ceJxfG16AlNWb
182,2017-03-08,183,Up,I Love You,Axwell /\ Ingrosso,472544,https://i.scdn.co/image/ab67616d00004851c9565af11453132958687a20,https://open.spotify.com/track/11Fo4dAH31K7UZHGqCkCmE
183,2017-03-08,184,Down,Fresh Eyes,Andy Grammer,472275,https://i.scdn.co/image/ab67616d0000485158dd2ff215d3baa7d4bd194f,https://open.spotify.com/track/4nMlau89VAjmV7agkl7OY3
184,2017-03-08,185,Down,Big For Your Boots,Stormzy,472272,https://i.scdn.co/image/ab67616d000048519536e13edd9e2e08d2dae94b,https://open.spotify.com/track/3uMB82o0qa7erhiZBW9KQC
185,2017-03-08,186,Down,Cake By The Ocean,DNCE,471056,https://i.scdn.co/image/ab67616d00004851a19a2912e1618ada66b2e6e8,https://open.spotify.com/track/2aFiaMXmWsM3Vj72F9ksBl
186,2017-03-08,187,Up,Chill Bill,Rob $tone,464126,https://i.scdn.co/image/ab67616d000048516f3e9696889a2425338e0836,https://open.spotify.com/track/5uDASfU19gDxSjW8cnCaBp
187,2017-03-08,188,Flat,Stitches,Shawn Mendes,463556,https://i.scdn.co/image/ab67616d0000485147710f5e89677e4d048e744c,https://open.spotify.com/track/1WP1r7fuvRqZRnUaTi2I1Q
188,2017-03-08,189,New,Fast Car,Jonas Blue,463356,https://i.scdn.co/image/ab67616d000048515cf78b9932b45387375528eb,https://open.spotify.com/track/6OZh916QF8XNunWaP97WEZ
189,2017-03-08,190,Down,Shape of You - Stormzy Remix,Ed Sheeran,463224,https://i.scdn.co/image/ab67616d000048513dd66389d087a6a4f93f6140,https://open.spotify.com/track/2NHSYwGkAvPHzCinY0KwXo
190,2017-03-08,191,Down,No Favors,Big Sean,461907,https://i.scdn.co/image/695d0c097d8463ccc2c2b9855fe44e3e9e7bc267,https://open.spotify.com/track/1MksGqIztTT6M9R1ErKVs8
191,2017-03-08,192,Flat,Way Down We Go,KALEO,459406,https://i.scdn.co/image/ab67616d00004851f793a842c1642b09a768a63b,https://open.spotify.com/track/0y1QJc3SJVPKJ1OvFmFqe6
192,2017-03-08,193,Up,Alguien Robo,Sebastian Yatra,457872,https://i.scdn.co/image/ab67616d0000485135e1cf8c70c60dc416956c17,https://open.spotify.com/track/5i50gKdLAjjIr7UxRT5IVy
193,2017-03-08,194,Down,Stay With Me,Sam Smith,455880,https://i.scdn.co/image/ab67616d000048514fb7193968e58e51c3db3ef4,https://open.spotify.com/track/5Db9VIdDsN5yu3Eu7CT0i4
194,2017-03-08,195,Down,Lights Down Low,MAX,454041,https://i.scdn.co/image/ab67616d00004851cefb1bcf9304bf454bae7f8d,https://open.spotify.com/track/1sYSP7gKa5kdKIfhANfori
195,2017-03-08,196,Down,"Helium - From ""Fifty Shades Darker (Original Motion Picture Soundtrack)""",Sia,453914,https://i.scdn.co/image/ab67616d000048511eb4b6d94e58873f4c775dc8,https://open.spotify.com/track/5fc6rQgAKiLutfUYWQ6QnJ
196,2017-03-08,197,Down,Some Way,NAV,444425,https://i.scdn.co/image/d62c91b4a909cdac115e068d943554b0d96c0003,https://open.spotify.com/track/7zxRMhXxJMQCeDDg0rKAVo
197,2017-03-08,198,Flat,Shaky Shaky,Daddy Yankee,442674,https://i.scdn.co/image/ab67616d00004851f0b25154a0858db46415fbe7,https://open.spotify.com/track/58IL315gMSTD37DOZPJ2hf
198,2017-03-08,199,Flat,Slippery (feat. Gucci Mane),Migos,442512,https://i.scdn.co/image/ab67616d0000485199a8ab6da9d593939302828a,https://open.spotify.com/track/6p8NuHm8uCGnn2Dtbtf7zE
199,2017-03-08,200,New,Light It Up (feat. Nyla & Fuse ODG) - Remix,Major Lazer,442246,https://i.scdn.co/image/ab67616d00004851751a2e5da4333e86814026ba,https://open.spotify.com/track/0L7loeTIg6akW84aEQZpCT
