,Date,Position,Trend,Title,Artist,Streams,Icon_URL,Spotify_URL
0,2017-03-23,1,Flat,Shape of You,Ed Sheeran,7042985,https://i.scdn.co/image/ab67616d00004851ba5db46f4b838ef6027e6f96,https://open.spotify.com/track/7qiZfU4dY1lWllzX7mPBI3
1,2017-03-23,2,Flat,Passionfruit,Drake,5163364,https://i.scdn.co/image/ab67616d000048515ea859dc94365abd9fd84fd6,https://open.spotify.com/track/7hDc8b7IXETo14hHIHdnhd
2,2017-03-23,3,Flat,It Ain't Me (with Selena Gomez),Kygo,4039993,https://i.scdn.co/image/ab67616d0000485141f289940f2e6a0d51988d77,https://open.spotify.com/track/3eR23VReFzcdmS7TYCrhCe
3,2017-03-23,4,Flat,Something Just Like This,The Chainsmokers,3845747,https://i.scdn.co/image/ab67616d000048510c13d3d5a503c84fcc60ae94,https://open.spotify.com/track/6RUKPb4LETWmmr3iAEQktW
4,2017-03-23,5,Flat,Galway Girl,Ed Sheeran,3544711,https://i.scdn.co/image/ab67616d00004851ba5db46f4b838ef6027e6f96,https://open.spotify.com/track/0afhq8XCExXpqazXczTSve
5,2017-03-23,6,Flat,Portland,Drake,3191239,https://i.scdn.co/image/6dfd956b9331fa9ea1f47ebb95311951ed72b3db,https://open.spotify.com/track/2bjwRfXMk4uRgOD9IBYl9h
6,2017-03-23,7,Flat,Despacito (Featuring Daddy Yankee),Luis Fonsi,3179335,https://i.scdn.co/image/ab67616d00004851a5971936e3b8d91f8b616b17,https://open.spotify.com/track/4aWmUDTfIPGksMNLV2rQP2
7,2017-03-23,8,Flat,Stay (with Alessia Cara),Zedd,3130690,https://i.scdn.co/image/ab67616d0000485191a70f95efc3400f696e89cc,https://open.spotify.com/track/0dA2Mk56wEzDgegdC6R17g
8,2017-03-23,9,Flat,That's What I Like,Bruno Mars,3029396,https://i.scdn.co/image/ab67616d00004851232711f7d66a1e19e89e28c5,https://open.spotify.com/track/0KKkJNfGyhkQ5aFogxQAPU
9,2017-03-23,10,Up,"I Don’t Wanna Live Forever (Fifty Shades Darker) - From ""Fifty Shades Darker (Original Motion Picture Soundtrack)""",ZAYN,2889672,https://i.scdn.co/image/ab67616d000048512ae921f082ae5db4d3da818f,https://open.spotify.com/track/3NdDpSvN911VPGivFlV5d0
10,2017-03-23,11,Up,Paris,The Chainsmokers,2812878,https://i.scdn.co/image/ab67616d000048510c13d3d5a503c84fcc60ae94,https://open.spotify.com/track/72jbDTw1piOOj770jWNeaG
11,2017-03-23,12,Down,Blem,Drake,2680698,https://i.scdn.co/image/6dfd956b9331fa9ea1f47ebb95311951ed72b3db,https://open.spotify.com/track/2XlHu0HcujBCkWMdIAvrqt
12,2017-03-23,13,Up,Castle on the Hill,Ed Sheeran,2612529,https://i.scdn.co/image/ab67616d00004851ba5db46f4b838ef6027e6f96,https://open.spotify.com/track/6PCUP3dWmTjcTtXY02oFdT
13,2017-03-23,14,Up,Mask Off,Future,2590544,https://i.scdn.co/image/ab67616d00004851356884f85665ebdd79223fdf,https://open.spotify.com/track/3rOSwuTsUlJp0Pu0MkN8r8
14,2017-03-23,15,Down,Free Smoke,Drake,2568504,https://i.scdn.co/image/6dfd956b9331fa9ea1f47ebb95311951ed72b3db,https://open.spotify.com/track/05KOgYg8PGeJyyWBPi5ja8
15,2017-03-23,16,Up,Scared to Be Lonely,Martin Garrix,2566449,https://i.scdn.co/image/ab67616d0000485164f8a309aa3c0a66a31fc374,https://open.spotify.com/track/3ebXMykcMXOcLeJ9xZ17XH
16,2017-03-23,17,Up,Issues,Julia Michaels,2507254,https://i.scdn.co/image/ab67616d000048519615e35e0e9e4b2c3dccb520,https://open.spotify.com/track/1sXUWdKx03aP9Gmzft58rt
17,2017-03-23,18,Down,Gyalchester,Drake,2503119,https://i.scdn.co/image/6dfd956b9331fa9ea1f47ebb95311951ed72b3db,https://open.spotify.com/track/6UjfByV1lDLW0SOVQA4NAi
18,2017-03-23,19,Up,Slide,Calvin Harris,2409618,https://i.scdn.co/image/ab67616d000048514d3fa5ce7ba599f4fd7803ef,https://open.spotify.com/track/7tr2za8SQg2CI8EDgrdtNl
19,2017-03-23,20,Down,Get It Together,Drake,2334902,https://i.scdn.co/image/6dfd956b9331fa9ea1f47ebb95311951ed72b3db,https://open.spotify.com/track/7y6c07pgjZvtHI9kuMVqk1
20,2017-03-23,21,Up,Chained To The Rhythm,Katy Perry,2253558,https://i.scdn.co/image/ab67616d000048511487979a7e0181a5d0406d1a,https://open.spotify.com/track/6520aj0B4FSKGVuKNsOCOi
21,2017-03-23,22,Flat,Fake Love,Drake,2238291,https://i.scdn.co/image/6dfd956b9331fa9ea1f47ebb95311951ed72b3db,https://open.spotify.com/track/343YBumqHu19cGoGARUTsd
22,2017-03-23,23,Down,No Long Talk,Drake,2124621,https://i.scdn.co/image/6dfd956b9331fa9ea1f47ebb95311951ed72b3db,https://open.spotify.com/track/6CfrYuD3YRDYdYvH9jNtXY
23,2017-03-23,24,Up,Believer,Imagine Dragons,2121337,https://i.scdn.co/image/ab67616d000048517956bd9a3d7a15e4c2e37cc6,https://open.spotify.com/track/0CcQNd8CINkwQfe1RDtGV6
24,2017-03-23,25,Up,Cold,Maroon 5,2120900,https://i.scdn.co/image/ab67616d000048514727f9e79c338683c5bf8921,https://open.spotify.com/track/5NNlUMcOEOdoOIwwaWXv0k
25,2017-03-23,26,Up,I Feel It Coming,The Weeknd,2096933,https://i.scdn.co/image/b3683184efeb899b2d1a02f4957d0c630dc10b0b,https://open.spotify.com/track/5GXAXm5YOmYT0kL5jHvYBt
26,2017-03-23,27,Up,Rockabye (feat. Sean Paul & Anne-Marie),Clean Bandit,2093458,https://i.scdn.co/image/ab67616d000048511431c3bdf16aa99f71799d95,https://open.spotify.com/track/5knuzwU65gJK7IF5yJsuaW
27,2017-03-23,28,Down,Teenage Fever,Drake,2088112,https://i.scdn.co/image/6dfd956b9331fa9ea1f47ebb95311951ed72b3db,https://open.spotify.com/track/6n3HGiq4v35D6eFOSwqYuo
28,2017-03-23,29,Down,Madiba Riddim,Drake,2074966,https://i.scdn.co/image/6dfd956b9331fa9ea1f47ebb95311951ed72b3db,https://open.spotify.com/track/76gUmNLXGQVOsGhfcshkFP
29,2017-03-23,30,Down,Sacrifices,Drake,1983406,https://i.scdn.co/image/6dfd956b9331fa9ea1f47ebb95311951ed72b3db,https://open.spotify.com/track/0xl1w2q4VLojeXp4JfazPL
30,2017-03-23,31,Down,KMT,Drake,1947059,https://i.scdn.co/image/6dfd956b9331fa9ea1f47ebb95311951ed72b3db,https://open.spotify.com/track/2jTujnt0y344ai1rNOywgr
31,2017-03-23,32,Up,You Don't Know Me - Radio Edit,Jax Jones,1944755,https://i.scdn.co/image/ab67616d00004851dd05a1716e2f07a07b8ccfe3,https://open.spotify.com/track/00lNx0OcTJrS3MKHcB80HY
32,2017-03-23,33,Up,Perfect,Ed Sheeran,1941416,https://i.scdn.co/image/ab67616d00004851ba5db46f4b838ef6027e6f96,https://open.spotify.com/track/0tgVpDi06FyKpA1z0VMD4v
33,2017-03-23,34,Down,4422,Drake,1934233,https://i.scdn.co/image/6dfd956b9331fa9ea1f47ebb95311951ed72b3db,https://open.spotify.com/track/2fkeWbM6iqTw7oGHTYm2lw
34,2017-03-23,35,Down,Jorja Interlude,Drake,1904666,https://i.scdn.co/image/6dfd956b9331fa9ea1f47ebb95311951ed72b3db,https://open.spotify.com/track/13e6f8t7RKXuxZ0JdaaJRG
35,2017-03-23,36,Down,Say You Won't Let Go,James Arthur,1899136,https://i.scdn.co/image/ab67616d0000485120beb61f61fcbeb33b10a9ab,https://open.spotify.com/track/5uCax9HTNlzGybIStD3vDh
36,2017-03-23,37,Up,Symphony (feat. Zara Larsson),Clean Bandit,1840948,https://i.scdn.co/image/ab67616d000048515b1130d050c4cd2295999d85,https://open.spotify.com/track/1x5sYLZiu9r5E43kMlt9f8
37,2017-03-23,38,Flat,iSpy (feat. Lil Yachty),KYLE,1837532,https://i.scdn.co/image/ab67616d0000485132e373f2988bc6596a542d1c,https://open.spotify.com/track/2EEeOnHehOozLq4aS0n6SL
38,2017-03-23,39,Down,Happier,Ed Sheeran,1812006,https://i.scdn.co/image/ab67616d00004851ba5db46f4b838ef6027e6f96,https://open.spotify.com/track/2RttW7RAu5nOAfq6YFvApB
39,2017-03-23,40,Down,Call On Me - Ryan Riback Extended Remix,Starley,1773082,https://i.scdn.co/image/ab67616d000048519d4079afc73664f86f055400,https://open.spotify.com/track/78rIJddV4X0HkNAInEcYde
40,2017-03-23,41,Flat,Green Light,Lorde,1758475,https://i.scdn.co/image/ab67616d0000485128e1139fd3a34626351b9004,https://open.spotify.com/track/0gbBzIqrECJOEPvQJIBFs5
41,2017-03-23,42,Up,Closer,The Chainsmokers,1700828,https://i.scdn.co/image/ab67616d00004851495ce6da9aeb159e94eaa453,https://open.spotify.com/track/7BKLCZ1jbUBVqRi2FVlTVw
42,2017-03-23,43,Up,Dive,Ed Sheeran,1581449,https://i.scdn.co/image/ab67616d00004851ba5db46f4b838ef6027e6f96,https://open.spotify.com/track/51ChrwmUPDJvedPQnIU8Ls
43,2017-03-23,44,Up,"How Far I'll Go - From ""Moana""",Alessia Cara,1570972,https://i.scdn.co/image/ab67616d00004851fb128b1eda22335050f584fe,https://open.spotify.com/track/5hYTyyh2odQKphUbMqc5gN
44,2017-03-23,45,Down,Skepta Interlude,Drake,1551908,https://i.scdn.co/image/6dfd956b9331fa9ea1f47ebb95311951ed72b3db,https://open.spotify.com/track/2dfqS3MRtbLZSZA1IL8xY5
45,2017-03-23,46,Up,Starboy,The Weeknd,1545782,https://i.scdn.co/image/ab67616d000048510c8599cbde51245c128bcea9,https://open.spotify.com/track/5aAx2yezTd8zXrkmtKl66Z
46,2017-03-23,47,Down,Do Not Disturb,Drake,1539840,https://i.scdn.co/image/6dfd956b9331fa9ea1f47ebb95311951ed72b3db,https://open.spotify.com/track/2KvHC9z14GSl4YpkNMX384
47,2017-03-23,48,Up,Solo Dance,Martin Jensen,1494549,https://i.scdn.co/image/ab67616d00004851950d67dbe3f31f1d9a5d06a2,https://open.spotify.com/track/6HUnnBwYZqcED1eQztxMBN
48,2017-03-23,49,Up,Run Up (feat. PARTYNEXTDOOR & Nicki Minaj),Major Lazer,1475090,https://i.scdn.co/image/ab67616d000048518036d7402a6a76aed04f1f98,https://open.spotify.com/track/0fg8CqpjdojMyXLNzM2PaJ
49,2017-03-23,50,Down,Can't Have Everything,Drake,1474339,https://i.scdn.co/image/6dfd956b9331fa9ea1f47ebb95311951ed72b3db,https://open.spotify.com/track/5f5r2N4Lp9WoULWPH9zp2W
50,2017-03-23,51,Up,SUBEME LA RADIO,Enrique Iglesias,1466656,https://i.scdn.co/image/ab67616d000048515366ff028970205a29d558ed,https://open.spotify.com/track/7nKBxz47S9SD79N086fuhn
51,2017-03-23,52,Down,Glow,Drake,1452665,https://i.scdn.co/image/6dfd956b9331fa9ea1f47ebb95311951ed72b3db,https://open.spotify.com/track/28irpKCCK9nn9DZSik2zEx
52,2017-03-23,53,Down,Nothings Into Somethings,Drake,1427751,https://i.scdn.co/image/6dfd956b9331fa9ea1f47ebb95311951ed72b3db,https://open.spotify.com/track/6MbH1QiphMCPTqVEVC7UYi
53,2017-03-23,54,Down,Lose You,Drake,1424136,https://i.scdn.co/image/6dfd956b9331fa9ea1f47ebb95311951ed72b3db,https://open.spotify.com/track/2Na0z2gfN67Rzf0vp74Wi3
54,2017-03-23,55,Down,Ice Melts,Drake,1412548,https://i.scdn.co/image/6dfd956b9331fa9ea1f47ebb95311951ed72b3db,https://open.spotify.com/track/7bJ4mu7MHa3rHiNyKjOoSl
55,2017-03-23,56,Up,Chantaje (feat. Maluma),Shakira,1406317,https://i.scdn.co/image/ab67616d00004851d05d3aad30c5fb7614893cf5,https://open.spotify.com/track/6mICuAdrwEjh6Y6lroV2Kg
56,2017-03-23,57,Up,Congratulations,Post Malone,1387584,https://i.scdn.co/image/23bae95100dcb6ac8f88c19fa2a11c50a998a926,https://open.spotify.com/track/3a1lNhkSLSkpJE4MSHpDu9
57,2017-03-23,58,Up,Swalla (feat. Nicki Minaj & Ty Dolla $ign),Jason Derulo,1352083,https://i.scdn.co/image/ab67616d000048519d6522bee68370fa5592301d,https://open.spotify.com/track/6kex4EBAj0WHXDKZMEJaaF
58,2017-03-23,59,Up,Weak,AJR,1344957,https://i.scdn.co/image/ab67616d00004851c5f3ca405ff6ed13dc554b94,https://open.spotify.com/track/3E2Zh20GDCR9B1EYjfXWyv
59,2017-03-23,60,Down,New Man,Ed Sheeran,1339203,https://i.scdn.co/image/ab67616d00004851ba5db46f4b838ef6027e6f96,https://open.spotify.com/track/5HDPtsnyb3maFmPL8LLUTG
60,2017-03-23,61,Up,El Amante,Nicky Jam,1322643,https://i.scdn.co/image/ab67616d00004851d77dbcd4dbd37cdfa61771fa,https://open.spotify.com/track/3umS4y3uQDkqekNjVpiRUs
61,2017-03-23,62,Down,Bad and Boujee (feat. Lil Uzi Vert),Migos,1303356,https://i.scdn.co/image/ab67616d0000485199a8ab6da9d593939302828a,https://open.spotify.com/track/4Km5HrUvYTaSUfiSGPJeQR
62,2017-03-23,63,Up,Tunnel Vision,Kodak Black,1269803,https://i.scdn.co/image/ab67616d000048511541a676423805fc68ff3e66,https://open.spotify.com/track/4Q3N4Ct4zCuIHuZ65E3BD4
63,2017-03-23,64,Up,Selfish (feat. Rihanna),Future,1266984,https://i.scdn.co/image/ab67616d00004851968822b495da180d0792a437,https://open.spotify.com/track/2Ce5IyMlVRVvN997ZJjJJA
64,2017-03-23,65,Down,All Night,The Vamps,1264366,https://i.scdn.co/image/ab67616d00004851f03c9779c27137669304ea20,https://open.spotify.com/track/1yNyoWWWikbLhwIGWjZuDW
65,2017-03-23,66,Flat,What Do I Know?,Ed Sheeran,1248607,https://i.scdn.co/image/ab67616d00004851ba5db46f4b838ef6027e6f96,https://open.spotify.com/track/2pJZ1v8HezrAoZ0Fhzby92
66,2017-03-23,67,Up,Location,Khalid,1245534,https://i.scdn.co/image/ab67616d00004851988ede5e1276e758b5f9e577,https://open.spotify.com/track/152lZdxL1OR0ZMW6KquMif
67,2017-03-23,68,Up,Let Me Love You,DJ Snake,1237406,https://i.scdn.co/image/ab67616d000048515045de6786e0af096de73ed4,https://open.spotify.com/track/4pdPtRcBmOSQDlJ3Fk945m
68,2017-03-23,69,Up,Bounce Back,Big Sean,1234771,https://i.scdn.co/image/695d0c097d8463ccc2c2b9855fe44e3e9e7bc267,https://open.spotify.com/track/0SGkqnVQo9KPytSri1H6cF
69,2017-03-23,70,Down,Since Way Back,Drake,1232993,https://i.scdn.co/image/6dfd956b9331fa9ea1f47ebb95311951ed72b3db,https://open.spotify.com/track/5JUu0unA8VwhTZ9LkMWUVI
70,2017-03-23,71,Down,One Dance,Drake,1232201,https://i.scdn.co/image/ab67616d00004851726abca207567d5e41cb9667,https://open.spotify.com/track/1xznGGDReH1oQq0xzbwXa3
71,2017-03-23,72,Up,Me Rehúso,Danny Ocean,1182769,https://i.scdn.co/image/ab67616d00004851a75bd33684083600569dd3bf,https://open.spotify.com/track/6De0lHrwBfPfrhorm9q1Xl
72,2017-03-23,73,Down,All Time Low,Jon Bellion,1169314,https://i.scdn.co/image/ff06a4138a99d272c24d2f6da9b5ea6067c054db,https://open.spotify.com/track/1CnPYaKxTVb4LWOtiGOm0m
73,2017-03-23,74,Flat,September Song,JP Cooper,1153718,https://i.scdn.co/image/ab67616d000048511400ec742ee0935608e30700,https://open.spotify.com/track/0FuTx2s3YH1ppmtiM6l0zI
74,2017-03-23,75,Flat,24K Magic,Bruno Mars,1121172,https://i.scdn.co/image/ab67616d00004851232711f7d66a1e19e89e28c5,https://open.spotify.com/track/6b8Be6ljOzmkOmFslEb23P
75,2017-03-23,76,Up,Barcelona,Ed Sheeran,1069616,https://i.scdn.co/image/ab67616d00004851ba5db46f4b838ef6027e6f96,https://open.spotify.com/track/3Lfiu5sZ4M4B6JaKMBc0FU
76,2017-03-23,77,Up,Reggaetón Lento (Bailemos),CNCO,1067861,https://i.scdn.co/image/ab67616d000048517db0f7ac4c612cce26ccacf9,https://open.spotify.com/track/3AEZUABDXNtecAOSC1qTfo
77,2017-03-23,78,Down,Supermarket Flowers,Ed Sheeran,1064519,https://i.scdn.co/image/ab67616d00004851ba5db46f4b838ef6027e6f96,https://open.spotify.com/track/4VuS959DSpr82t3qBqCrWG
78,2017-03-23,79,Flat,Don't Wanna Know,Maroon 5,1044538,https://i.scdn.co/image/ab67616d00004851eec1912bbc2ff74b8203fe5f,https://open.spotify.com/track/5MFzQMkrl1FOOng9tq6R9r
79,2017-03-23,80,Up,T-Shirt,Migos,1018637,https://i.scdn.co/image/ab67616d0000485199a8ab6da9d593939302828a,https://open.spotify.com/track/7KOlJ92bu51cltsD9KU5I7
80,2017-03-23,81,Down,How Would You Feel (Paean),Ed Sheeran,1014927,https://i.scdn.co/image/ab67616d00004851ba5db46f4b838ef6027e6f96,https://open.spotify.com/track/6PJ8FF6UR8FZXfEvpHkIVN
81,2017-03-23,82,Up,Don't Leave,Snakehips,1007336,https://i.scdn.co/image/ab67616d00004851b72a28b6f92b180a8a423e29,https://open.spotify.com/track/0Zx8khUcEfCFK2AEoIhC92
82,2017-03-23,83,Down,Just Hold On,Steve Aoki,996290,https://i.scdn.co/image/ab67616d0000485122e2ce2de8bad6d67ee69b48,https://open.spotify.com/track/3EmmCZoqpWOTY1g2GBwJoR
83,2017-03-23,84,Down,Starving,Hailee Steinfeld,994648,https://i.scdn.co/image/ab67616d00004851612495ee5769c99125031be2,https://open.spotify.com/track/1qOLh0tI7trd1zdDKxYZTe
84,2017-03-23,85,Flat,Love On The Brain,Rihanna,967618,https://i.scdn.co/image/ddc285ca9817c96c7719b3f2a759e108787db021,https://open.spotify.com/track/2aksifNn5ph8igDOkPBA02
85,2017-03-23,86,Up,Otra vez (feat. J Balvin),Zion & Lennox,943262,https://i.scdn.co/image/ab67616d0000485182eabf564ddc57325a84dd50,https://open.spotify.com/track/3QwBODjSEzelZyVjxPOHdq
86,2017-03-23,87,Down,Nancy Mulligan,Ed Sheeran,929415,https://i.scdn.co/image/ab67616d00004851ba5db46f4b838ef6027e6f96,https://open.spotify.com/track/35QZaWQRkmnAVqBF1TLCxQ
87,2017-03-23,88,Down,I Got You,Bebe Rexha,905098,https://i.scdn.co/image/ab67616d00004851809adcbcfe88c94fd2a706c1,https://open.spotify.com/track/1FUViuNSldssMIawrOXF2i
88,2017-03-23,89,Up,Body Like A Back Road,Sam Hunt,899283,https://i.scdn.co/image/ab67616d000048519eccbdab1110afc4d5a186a8,https://open.spotify.com/track/7mldq42yDuxiUNn08nvzHO
89,2017-03-23,90,Down,Hearts Don't Break Around Here,Ed Sheeran,891848,https://i.scdn.co/image/ab67616d00004851ba5db46f4b838ef6027e6f96,https://open.spotify.com/track/2dfHh7ECGxfNqZTQno09Vk
90,2017-03-23,91,Up,Swang,Rae Sremmurd,878179,https://i.scdn.co/image/16293ab3b4f9301aeb5f41810fd7056d463db55e,https://open.spotify.com/track/6mapJIPnQ23RTAevUoE0DL
91,2017-03-23,92,Flat,Hear Me Now,Alok,865873,https://i.scdn.co/image/e308bad29e4cf6dc8aa5cd97449ef71bbb893d40,https://open.spotify.com/track/1a5Yu5L18qNxVhXx38njON
92,2017-03-23,93,Up,In the Name of Love,Martin Garrix,852482,https://i.scdn.co/image/ab67616d00004851923db3f255cd48a6d5783ebf,https://open.spotify.com/track/04DwTuZ2VBdJCCC5TROn7L
93,2017-03-23,94,Up,Sunset Lover,Petit Biscuit,847587,https://i.scdn.co/image/ab67616d00004851014080d39d56c94c0b285362,https://open.spotify.com/track/0hNduWmlWmEmuwEFcYvRu1
94,2017-03-23,95,Down,Eraser,Ed Sheeran,843469,https://i.scdn.co/image/ab67616d00004851ba5db46f4b838ef6027e6f96,https://open.spotify.com/track/7oolFzHipTMg2nL7shhdz2
95,2017-03-23,96,Flat,Cold Water (feat. Justin Bieber & MØ),Major Lazer,837071,https://i.scdn.co/image/ab67616d000048512e8f1cca2bc8c9d55930523b,https://open.spotify.com/track/6DNtNfH8hXkqOX1sjqmI7p
96,2017-03-23,97,Up,La Rompe Corazones,Daddy Yankee,829706,https://i.scdn.co/image/ab67616d00004851b84a36483e43bfbcb931fcde,https://open.spotify.com/track/4okba5wu9mMLXx79DXLKi3
97,2017-03-23,98,Up,Side To Side,Ariana Grande,817273,https://i.scdn.co/image/ab67616d000048517227f5854239a059af211d5b,https://open.spotify.com/track/4pLwZjInHj3SimIyN9SnOz
98,2017-03-23,99,Down,Bad Things (with Camila Cabello),Machine Gun Kelly,814066,https://i.scdn.co/image/d5f976093a4dcbc5ea9d4c04b414207f8bdce469,https://open.spotify.com/track/1PSBzsahR2AKwLJgx8ehBj
99,2017-03-23,100,Up,"CAN'T STOP THE FEELING! (Original Song from DreamWorks Animation's ""TROLLS"")",Justin Timberlake,796714,https://i.scdn.co/image/ab67616d00004851ef37416970812293c08e8a78,https://open.spotify.com/track/6JV2JOEocMgcZxYSZelKcc
100,2017-03-23,101,Flat,Touch,Little Mix,786990,https://i.scdn.co/image/ab67616d000048512318bbb0586903290db2b270,https://open.spotify.com/track/5Ua3GXyHwiSfpNTMjq6m2z
101,2017-03-23,102,Down,Bibia Be Ye Ye,Ed Sheeran,781108,https://i.scdn.co/image/ab67616d00004851ba5db46f4b838ef6027e6f96,https://open.spotify.com/track/6SznMYPQJHzr3IwsAHLId2
102,2017-03-23,103,Flat,Tuesday,Burak Yeter,780222,https://i.scdn.co/image/069b0b8dc1285ba4d2bd7f2536abfce84598d130,https://open.spotify.com/track/7abpmGpF7PGep2rDU68GBR
103,2017-03-23,104,Up,Everyday,Ariana Grande,771802,https://i.scdn.co/image/ab67616d000048517227f5854239a059af211d5b,https://open.spotify.com/track/3FiE2d325mIOc4YjkSLVJR
104,2017-03-23,105,Down,Don't Let Me Down,The Chainsmokers,771214,https://i.scdn.co/image/ab67616d0000485108d87fb54859bc9038f7e5e0,https://open.spotify.com/track/0QsvXIfqM0zZoerQfsI9lm
105,2017-03-23,106,Up,History,Olivia Holt,759819,https://i.scdn.co/image/ab67616d000048519e21eab426152ef9078d6b94,https://open.spotify.com/track/0WCEaydwN65cvwaW8aqptF
106,2017-03-23,107,Flat,Treat You Better,Shawn Mendes,758550,https://i.scdn.co/image/ab67616d00004851188e6332f32088921ab1eaf8,https://open.spotify.com/track/4Hf7WnR761jpxPr5D46Bcd
107,2017-03-23,108,Up,Sigo Extrañándote,J Balvin,749713,https://i.scdn.co/image/ab67616d00004851338ffc4c72a192f06070546b,https://open.spotify.com/track/6qDF4wWL49CAVbgT7yuHl8
108,2017-03-23,109,Flat,Black Beatles,Rae Sremmurd,748897,https://i.scdn.co/image/16293ab3b4f9301aeb5f41810fd7056d463db55e,https://open.spotify.com/track/6fujklziTHa8uoM5OQSfIo
109,2017-03-23,110,Up,"Sola (Remix) [feat. Daddy Yankee, Wisin, Farruko, Zion & Lennox]",Anuel AA,743355,https://i.scdn.co/image/ab67616d00004851a66def7d649149464edc8f1e,https://open.spotify.com/track/5q2JbCNi4FcnglgPfxcV65
110,2017-03-23,111,Down,Save Myself,Ed Sheeran,731915,https://i.scdn.co/image/ab67616d00004851ba5db46f4b838ef6027e6f96,https://open.spotify.com/track/6TIU9Ehmi6dMzZK73Ym4yj
111,2017-03-23,112,Down,My Way,Calvin Harris,731092,https://i.scdn.co/image/ab67616d000048518d12bc5e3ea5c9f4a967de32,https://open.spotify.com/track/1vvNmPOiUuyCbgWmtc6yfm
112,2017-03-23,113,Up,Safari,J Balvin,727515,https://i.scdn.co/image/ab67616d00004851338ffc4c72a192f06070546b,https://open.spotify.com/track/6rQSrBHf7HlZjtcMZ4S4bO
113,2017-03-23,114,Flat,Shed a Light,Robin Schulz,721658,https://i.scdn.co/image/ab67616d000048517be189f322bc8155c103d6c9,https://open.spotify.com/track/1cG0umU5TKStygKsPFZ9pY
114,2017-03-23,115,Down,Mercy,Shawn Mendes,719254,https://i.scdn.co/image/ab67616d00004851188e6332f32088921ab1eaf8,https://open.spotify.com/track/4TZy1wLyHec06pwgFYDh1a
115,2017-03-23,116,Up,Me Llamas (feat. Maluma) - Remix,Piso 21,716931,https://i.scdn.co/image/ab67616d000048511e1eafb5d2bb1ca39d26f092,https://open.spotify.com/track/5hEM0JchdVzQ5PwvSfITeX
116,2017-03-23,117,Down,Heathens,Twenty One Pilots,713964,https://i.scdn.co/image/ab67616d000048512ca3ba8f334ca5a5f0312efb,https://open.spotify.com/track/6i0V12jOa3mr6uu4WYhUBr
117,2017-03-23,118,Up,All Night (feat. Knox Fortune),Chance the Rapper,705346,https://i.scdn.co/image/ab67616d00004851e71dd15fc5bdefd5bff70452,https://open.spotify.com/track/60xaS8mYBKUW4VQQ666N0T
118,2017-03-23,119,Up,Look At Me!,XXXTENTACION,704354,https://i.scdn.co/image/ab67616d0000485125b5901b8bcf902f54d466d9,https://open.spotify.com/track/4ARPvK8DHLwt4oX65ZAFMw
119,2017-03-23,120,Down,I Took A Pill In Ibiza - Seeb Remix,Mike Posner,696900,https://i.scdn.co/image/ab67616d0000485140512e02a594e3378c0256e6,https://open.spotify.com/track/17Fd6Yb7mSbinKG8LoWfFl
120,2017-03-23,121,Up,Vente Pa' Ca,Ricky Martin,691333,https://i.scdn.co/image/ab67616d000048513d90f5938459be40b7b6652a,https://open.spotify.com/track/7DM4BPaS7uofFul3ywMe46
121,2017-03-23,122,Down,美女と野獣,Ariana Grande,688628,https://i.scdn.co/image/ab67616d00004851d5a45b435ecafffdede5fd28,https://open.spotify.com/track/1KT0xdIjm7t053xByACrrg
122,2017-03-23,123,Up,"Ay Mi Dios (feat. Pitbull, Yandel & Chacal)",IAmChino,684088,https://i.scdn.co/image/ab67616d000048511568fbc07414eb185c58ef62,https://open.spotify.com/track/6stYbAJgTszHAHZMPxWWCY
123,2017-03-23,124,Up,Redbone,Childish Gambino,682881,https://i.scdn.co/image/ab67616d000048510b97e56ffad7c6211aa848f8,https://open.spotify.com/track/3kxfsdsCpFgN412fpnW85Y
124,2017-03-23,125,Flat,Hey Ma (with Pitbull & J Balvin feat. Camila Cabello) - Spanish Version,Pitbull,682329,https://i.scdn.co/image/ab67616d000048513e40b472d708ea3c6bd86670,https://open.spotify.com/track/2Vdub5mY4lad7w64bFPUez
125,2017-03-23,126,Down,Photograph,Ed Sheeran,677875,https://i.scdn.co/image/ab67616d00004851d08209944468440145f01524,https://open.spotify.com/track/6fxVffaTuwjgEk5h9QyRjy
126,2017-03-23,127,Down,We Don't Talk Anymore,Charlie Puth,675310,https://i.scdn.co/image/ab67616d00004851c0e28105f0533c52717c46c2,https://open.spotify.com/track/68EMU2RD1ECNeOeJ5qAXCV
127,2017-03-23,128,New,At My Best (feat. Hailee Steinfeld),Machine Gun Kelly,663068,https://i.scdn.co/image/d5f976093a4dcbc5ea9d4c04b414207f8bdce469,https://open.spotify.com/track/77lGafvlU68CeHgB2pkHC9
128,2017-03-23,129,Down,Human,Rag'n'Bone Man,660607,https://i.scdn.co/image/ab67616d0000485190a788beadaad34ff684d3ec,https://open.spotify.com/track/58zsLZPvfflaiIbNWoA22O
129,2017-03-23,130,Down,Scars To Your Beautiful,Alessia Cara,653474,https://i.scdn.co/image/5b9e5bd34ec840f07c8530e43a76b1b5e08d8b77,https://open.spotify.com/track/0prNGof3XqfTvNDxHonvdK
130,2017-03-23,131,Down,Rolex,Ayo & Teo,652414,https://i.scdn.co/image/ab67616d0000485179dbd95fbdf6b0d617bd32dd,https://open.spotify.com/track/0pSBuHjILhNEo55xK1zrRt
131,2017-03-23,132,Flat,goosebumps,Travis Scott,651886,https://i.scdn.co/image/ab67616d00004851f54b99bf27cda88f4a7403ce,https://open.spotify.com/track/6gBFPUFcJLzWGx4lenP6h2
132,2017-03-23,133,Up,The Other,Lauv,651732,https://i.scdn.co/image/ab67616d000048513c6e07056b26bb9804a596da,https://open.spotify.com/track/1lntL1cI2UIWlxjL5QiN8g
133,2017-03-23,134,Down,Thinking out Loud,Ed Sheeran,650028,https://i.scdn.co/image/ab67616d00004851d08209944468440145f01524,https://open.spotify.com/track/1Slwb6dOYkBlWal1PGtnNg
134,2017-03-23,135,Flat,Sooner Or Later,Aaron Carter,648070,https://i.scdn.co/image/ab67616d000048511f7d1e684ec89fe11a4fdc37,https://open.spotify.com/track/6wV12xIUb8oFY7lBy4KuQe
135,2017-03-23,136,Flat,Broccoli (feat. Lil Yachty),DRAM,646426,https://i.scdn.co/image/ab67616d00004851f02a1575a59bd05998826351,https://open.spotify.com/track/7yyRTcZmCiyzzJlNzGC9Ol
136,2017-03-23,137,Up,Down,Marian Hill,633332,https://i.scdn.co/image/ab67616d00004851c989c526b15cacc1a579a9c7,https://open.spotify.com/track/2dqLk7ezV15LEJEwUmEbXB
137,2017-03-23,138,Up,Caroline,Aminé,629246,https://i.scdn.co/image/ab67616d00004851a7f01ef25974c10cdbbd566e,https://open.spotify.com/track/5GFDrUTLGJix84sNhjCG0g
138,2017-03-23,139,Up,Cheap Thrills,Sia,628002,https://i.scdn.co/image/ab67616d0000485149e0134c686547c28b7c999f,https://open.spotify.com/track/27SdWb2rFzO6GWiYDBTD9j
139,2017-03-23,140,Down,All We Know,The Chainsmokers,626176,https://i.scdn.co/image/ab67616d00004851ff8d8c5662a96d41433e9ee1,https://open.spotify.com/track/2rizacJSyD9S1IQUxUxnsK
140,2017-03-23,141,Down,Controlla,Drake,625888,https://i.scdn.co/image/ab67616d00004851726abca207567d5e41cb9667,https://open.spotify.com/track/6F609ICg9Spjrw1epsAnpa
141,2017-03-23,142,Down,I Would Like,Zara Larsson,624994,https://i.scdn.co/image/ab67616d000048519e1683774b22648f4f178ed3,https://open.spotify.com/track/4Q4jmPHwu0wrJvqrld0FQ6
142,2017-03-23,143,Down,Party Monster,The Weeknd,624004,https://i.scdn.co/image/6aeaaebcbd861c8369b14366e8e0eca2fe96055d,https://open.spotify.com/track/4F7A0DXBrmUAkp32uenhZt
143,2017-03-23,144,Down,Stressed Out,Twenty One Pilots,621138,https://i.scdn.co/image/ab67616d00004851de03bfc2991fd5bcfde65ba3,https://open.spotify.com/track/3CRDbSIZ4r5MsZ0YwxuEkn
144,2017-03-23,145,Down,Moves,Big Sean,617091,https://i.scdn.co/image/695d0c097d8463ccc2c2b9855fe44e3e9e7bc267,https://open.spotify.com/track/0Fv5N0cHBsl4bzCbollCAS
145,2017-03-23,146,Up,Perfect Strangers,Jonas Blue,612644,https://i.scdn.co/image/ab67616d0000485179882e87678a76bc1d895e94,https://open.spotify.com/track/1CUVN2kn7mW5FjkqXTR2W1
146,2017-03-23,147,Down,Water Under the Bridge,Adele,609538,https://i.scdn.co/image/ab67616d000048514c3bbcff5e7248e415548f12,https://open.spotify.com/track/4vb4mFvYsr2h6enhjJsq9Y
147,2017-03-23,148,Up,Cake - Challenge Version,Flo Rida,608123,https://i.scdn.co/image/ab67616d00004851b765afdf5f6a2bc83eb5f378,https://open.spotify.com/track/6t2ubAB4iSYOuIpRAOGd4t
148,2017-03-23,149,Up,Versace on the Floor,Bruno Mars,607140,https://i.scdn.co/image/ab67616d00004851232711f7d66a1e19e89e28c5,https://open.spotify.com/track/0kN8xEmgMW9mh7UmDYHlJP
149,2017-03-23,150,Down,Be the One,Dua Lipa,605751,https://i.scdn.co/image/ab67616d000048516b915e407b70e121e06fe979,https://open.spotify.com/track/7FCfMXYTIiQ9b4hDYs4Iol
150,2017-03-23,151,Up,Skin,Rag'n'Bone Man,603400,https://i.scdn.co/image/ab67616d0000485190a788beadaad34ff684d3ec,https://open.spotify.com/track/6y2Kaz9QI01XBKJ8mTb7Pf
151,2017-03-23,152,Up,Ride,Twenty One Pilots,599573,https://i.scdn.co/image/ab67616d00004851de03bfc2991fd5bcfde65ba3,https://open.spotify.com/track/2Z8WuEywRWYTKe1NybPQEW
152,2017-03-23,153,Down,Alone,Alan Walker,597912,https://i.scdn.co/image/ab67616d00004851f00ade2f88d8223521bc7f76,https://open.spotify.com/track/0JiVRyTJcJnmlwCZ854K4p
153,2017-03-23,154,Flat,Faded,Alan Walker,593357,https://i.scdn.co/image/ab67616d00004851c4d00cac55ae1b4598c9bc90,https://open.spotify.com/track/7gHs73wELdeycvS48JfIos
154,2017-03-23,155,Down,Too Good,Drake,592468,https://i.scdn.co/image/ab67616d00004851726abca207567d5e41cb9667,https://open.spotify.com/track/11KJSRSgaDxqydKYiD2Jew
155,2017-03-23,156,Down,Love Yourself,Justin Bieber,592254,https://i.scdn.co/image/ab67616d00004851b6d9a4fbb0bd49f0f034aead,https://open.spotify.com/track/3hB5DgAiMAQ4DzYbsMq1IT
156,2017-03-23,157,Up,Vacaciones,Wisin,591389,https://i.scdn.co/image/ab67616d00004851c85f0d16973e9dae6f8a786c,https://open.spotify.com/track/3dQDid3IUNhZy1OehIfYfE
157,2017-03-23,158,Up,Work from Home (feat. Ty Dolla $ign),Fifth Harmony,585660,https://i.scdn.co/image/ab67616d00004851d03fa6f4e758282b7920b5c8,https://open.spotify.com/track/4tCtwWceOPWzenK2HAIJSb
158,2017-03-23,159,Up,This Is What You Came For,Calvin Harris,581223,https://i.scdn.co/image/ab67616d00004851d9aa52355e062f5de060adbf,https://open.spotify.com/track/0azC730Exh71aQlOt9Zj3y
159,2017-03-23,160,Up,Thumbs,Sabrina Carpenter,581166,https://i.scdn.co/image/ab67616d00004851b13cc7b6ba13bcd75cae73a1,https://open.spotify.com/track/3UjJP4ludb74a29P5EHEIo
160,2017-03-23,161,Down,By Your Side,Jonas Blue,575644,https://i.scdn.co/image/ab67616d00004851bd4b658f3aead04637924c28,https://open.spotify.com/track/1D3ODoXHBLpdxolZRHWV1j
161,2017-03-23,162,Down,No Frauds,Nicki Minaj,575558,https://i.scdn.co/image/f6eb2f1e1a5ea603f4cee5b8f082ff6ebbc8c0ff,https://open.spotify.com/track/7KcGEssn7BnJdTgildK5y0
162,2017-03-23,163,Flat,Now and Later,Sage The Gemini,574365,https://i.scdn.co/image/ab67616d0000485182d22e1d83fc1045ad33444a,https://open.spotify.com/track/43jBqV3j3Xi1g6wO0bhIMd
163,2017-03-23,164,Down,Chanel,Frank Ocean,568936,https://i.scdn.co/image/ab67616d00004851a0b780c23fc3c19bd412b234,https://open.spotify.com/track/6Nle9hKrkL1wQpwNfEkxjh
164,2017-03-23,165,Down,Lush Life,Zara Larsson,563174,https://i.scdn.co/image/ab67616d000048519e1683774b22648f4f178ed3,https://open.spotify.com/track/1rIKgCH4H52lrvDcz50hS8
165,2017-03-23,166,Up,Te Quiero Pa´Mi,Don Omar,561520,https://i.scdn.co/image/ab67616d00004851d0cb2a58e3bf5d7ac5ece16f,https://open.spotify.com/track/3BY2mafsbsoKGqS380Xnuz
166,2017-03-23,167,Down,Sneakin’,Drake,554774,https://i.scdn.co/image/8b1f6991ae1192e214374d14d918140d04dbd8a7,https://open.spotify.com/track/4ckuS4Nj4FZ7i3Def3Br8W
167,2017-03-23,168,Flat,Sorry,Justin Bieber,553907,https://i.scdn.co/image/ab67616d00004851b6d9a4fbb0bd49f0f034aead,https://open.spotify.com/track/69bp2EbF7Q2rqc5N3ylezZ
168,2017-03-23,169,Flat,Alguien Robo,Sebastian Yatra,552991,https://i.scdn.co/image/ab67616d0000485135e1cf8c70c60dc416956c17,https://open.spotify.com/track/5i50gKdLAjjIr7UxRT5IVy
169,2017-03-23,170,Down,No Lie,Sean Paul,551843,https://i.scdn.co/image/ab67616d000048514782809e4cd19cefc99048f7,https://open.spotify.com/track/3cFsmM51N5zMAuu1nNY4Tw
170,2017-03-23,171,Up,Traicionera,Sebastian Yatra,545990,https://i.scdn.co/image/ab67616d00004851dbe5e9f934a9be5db8884c52,https://open.spotify.com/track/5J1c3M4EldCfNxXwrwt8mT
171,2017-03-23,172,Down,"Sucker For Pain (with Wiz Khalifa, Imagine Dragons, Logic & Ty Dolla $ign feat. X Ambassadors)",Lil Wayne,538839,https://i.scdn.co/image/ab67616d000048517d8dfcfd507069d7f2062caf,https://open.spotify.com/track/4dASQiO1Eoo3RJvt74FtXB
172,2017-03-23,173,Flat,Gyal You A Party Animal - Remix,Charly Black,536967,https://i.scdn.co/image/ab67616d0000485131a026a9d39e08006ddfb138,https://open.spotify.com/track/1AkTW13ysu0AJrwuM6UY0I
173,2017-03-23,174,Down,Panda,Desiigner,534502,https://i.scdn.co/image/ab67616d000048513df69bfb7713d8262820612b,https://open.spotify.com/track/5OOkp4U9P9oL23maHFHL1h
174,2017-03-23,175,Up,Love,Lana Del Rey,531128,https://i.scdn.co/image/ab67616d000048519d0210162981930e44092e52,https://open.spotify.com/track/0n2bvWvMwr0gbjcuTm92eW
175,2017-03-23,176,Up,Lights Down Low,MAX,526652,https://i.scdn.co/image/ab67616d00004851cefb1bcf9304bf454bae7f8d,https://open.spotify.com/track/1sYSP7gKa5kdKIfhANfori
176,2017-03-23,177,Flat,I Love You,Axwell /\ Ingrosso,522109,https://i.scdn.co/image/ab67616d00004851c9565af11453132958687a20,https://open.spotify.com/track/11Fo4dAH31K7UZHGqCkCmE
177,2017-03-23,178,Down,No Problem (feat. Lil Wayne & 2 Chainz),Chance the Rapper,521977,https://i.scdn.co/image/ab67616d00004851e71dd15fc5bdefd5bff70452,https://open.spotify.com/track/0v9Wz8o0BT8DU38R4ddjeH
178,2017-03-23,179,Up,Habiba,Boef,513687,https://i.scdn.co/image/ab67616d00004851df5aca9420d3529a4d016a9b,https://open.spotify.com/track/6G41AeVgQkpvEbTxN5fNkW
179,2017-03-23,180,Down,Million Reasons,Lady Gaga,510381,https://i.scdn.co/image/ab67616d00004851dd0b256c733c96b653ab5cde,https://open.spotify.com/track/50PWlIBU7PlGGwzgN8TiFJ
180,2017-03-23,181,Down,"i hate u, i love u (feat. olivia o'brien)",gnash,507958,https://i.scdn.co/image/ab67616d0000485108862f843ea27f44f8e8cbd8,https://open.spotify.com/track/7vRriwrloYVaoAe3a9wJHe
181,2017-03-23,182,Flat,X (feat. Future),21 Savage,506708,https://i.scdn.co/image/ab67616d000048512dd1ac4a61495080ef8f78ca,https://open.spotify.com/track/6fwdbPMwP1zVStm8FybmkO
182,2017-03-23,183,Up,Both (feat. Drake),Gucci Mane,498031,https://i.scdn.co/image/ab67616d000048518c75413c7f38b3f512a75b35,https://open.spotify.com/track/5tFep7dXGd7vEJ668wTPux
183,2017-03-23,184,Flat,Cake By The Ocean,DNCE,497091,https://i.scdn.co/image/ab67616d00004851a19a2912e1618ada66b2e6e8,https://open.spotify.com/track/2aFiaMXmWsM3Vj72F9ksBl
184,2017-03-23,185,Up,It's Gotta Be You,Isaiah,496771,https://i.scdn.co/image/ab67616d00004851d43b5e86edff2089b91357e6,https://open.spotify.com/track/6cAKeFFYW2aClZSUyvqAEW
185,2017-03-23,186,Down,7 Years,Lukas Graham,496704,https://i.scdn.co/image/ab67616d0000485104d59cefa11f0eee9f1877a5,https://open.spotify.com/track/7129iqBafaphfc3WPCGC0L
186,2017-03-23,187,Up,This Girl (Kungs Vs. Cookin' On 3 Burners) - Kungs Vs. Cookin' On 3 Burners,Kungs,495999,https://i.scdn.co/image/ab67616d00004851f504cc56f3bd99bc61929272,https://open.spotify.com/track/0tICYNayWWhH9GPeFrfjfD
187,2017-03-23,188,Up,La Bicicleta,Carlos Vives,491356,https://i.scdn.co/image/ab67616d00004851d05d3aad30c5fb7614893cf5,https://open.spotify.com/track/0sXvAOmXgjR2QUqLK1MltU
188,2017-03-23,189,Down,Love Me Now,John Legend,489623,https://i.scdn.co/image/ab67616d00004851fa2ba77d93b08258827bd2d2,https://open.spotify.com/track/6nxQdXa1uAL0rY72wPZu89
189,2017-03-23,190,Up,Comin Out Strong (feat. The Weeknd),Future,484318,https://i.scdn.co/image/ab67616d00004851968822b495da180d0792a437,https://open.spotify.com/track/3mRcWCyteY2133a7xVMrYw
190,2017-03-23,191,Up,Oceans Away,A R I Z O N A,482783,https://i.scdn.co/image/ab67616d0000485150a25f1cb71018982b81ca2b,https://open.spotify.com/track/6A8dnC0xkiuWN4BshmTB2I
191,2017-03-23,192,Up,Dile Que Tu Me Quieres,Ozuna,481217,https://i.scdn.co/image/ab67616d0000485133bbd31551e01896f58d688f,https://open.spotify.com/track/20ZAJdsKB5IGbGj4ilRt2o
192,2017-03-23,193,Down,The Greatest,Sia,480674,https://i.scdn.co/image/ab67616d00004851754b2fddebe7039fdb912837,https://open.spotify.com/track/7xHWNBFm6ObGEQPaUxHuKO
193,2017-03-23,194,Up,Lean On (feat. MØ & DJ Snake),Major Lazer,479235,https://i.scdn.co/image/ab67616d000048519f55dad3a63f72f1bc8d6f59,https://open.spotify.com/track/4WjH9Bzt3kx7z8kl0awxh4
194,2017-03-23,195,Down,Jumpman,Drake,479023,https://i.scdn.co/image/d4b8cf869e0b9fa7aea9a3dc569a935edb78840c,https://open.spotify.com/track/27GmP9AWRs744SzKcpJsTZ
195,2017-03-23,196,Up,Work,Rihanna,474969,https://i.scdn.co/image/ab67616d000048510ed05634a469e5cf4789b0a7,https://open.spotify.com/track/14WWzenpaEgQZlqPq2nk4v
196,2017-03-23,197,Flat,White Iverson,Post Malone,471337,https://i.scdn.co/image/23bae95100dcb6ac8f88c19fa2a11c50a998a926,https://open.spotify.com/track/6eT7xZZlB2mwyzJ2sUKG6w
197,2017-03-23,198,Down,Lot to Learn,Luke Christopher,470138,https://i.scdn.co/image/ab67616d000048513f0bd8f231c9b6433be929b1,https://open.spotify.com/track/3TRFq09DUgYj1mug6RRqJW
198,2017-03-23,199,Down,Into You,Ariana Grande,469053,https://i.scdn.co/image/ab67616d000048517227f5854239a059af211d5b,https://open.spotify.com/track/7yHEDfrJNd0zWOfXwydNH0
199,2017-03-23,200,New,Low Life,Future,464573,https://i.scdn.co/image/ab67616d00004851626745b3aa04899001a924ad,https://open.spotify.com/track/7EiZI6JVHllARrX9PUvAdX
