,Date,Position,Trend,Title,Artist,Streams,Icon_URL,Spotify_URL
0,2017-12-23,1,Up,All I Want for Christmas Is You,Mariah Carey,5023033,https://i.scdn.co/image/ab67616d000048514246e3158421f5abb75abc4f,https://open.spotify.com/track/0bYg9bo50gSsH3LtXe2SQn
1,2017-12-23,2,Down,rockstar,Post Malone,4481297,https://i.scdn.co/image/ab67616d00004851345f823b6c1dbd3b4cc7b382,https://open.spotify.com/track/7wGoVu4Dady5GV0Sv4UIsx
2,2017-12-23,3,Up,Last Christmas,Wham!,3899081,https://i.scdn.co/image/ab67616d00004851f2d2adaa21ad616df6241e7d,https://open.spotify.com/track/2FRnf9qhLbvw8fu4IBXx78
3,2017-12-23,4,Flat,Havana,Camila Cabello,3751528,https://i.scdn.co/image/ab67616d00004851d93cf4d07ba50d7b32ca7c44,https://open.spotify.com/track/0ofbQMrRDsUaVKq2mGLEAb
4,2017-12-23,5,Down,River (feat. Ed Sheeran),Eminem,3691982,https://i.scdn.co/image/ab67616d00004851255191ed87a907d362b43f19,https://open.spotify.com/track/5UEnHoDYpsxlfzWLZIc7LD
5,2017-12-23,6,Flat,New Rules,Dua Lipa,2952745,https://i.scdn.co/image/ab67616d000048516b915e407b70e121e06fe979,https://open.spotify.com/track/2ekn2ttSfGqwhhate0LSR0
6,2017-12-23,7,Flat,Wolves,Selena Gomez,2764360,https://i.scdn.co/image/ab67616d0000485110368f28dac3b838770f985c,https://open.spotify.com/track/7EmGUiUaOSGDnUUQUDrOXC
7,2017-12-23,8,Flat,Perfect,Ed Sheeran,2678478,https://i.scdn.co/image/ab67616d00004851ba5db46f4b838ef6027e6f96,https://open.spotify.com/track/0tgVpDi06FyKpA1z0VMD4v
8,2017-12-23,9,Up,Gucci Gang,Lil Pump,2547649,https://i.scdn.co/image/ab67616d00004851d52ef190ae5253eb2c3c764c,https://open.spotify.com/track/43ZyHQITOjhciSUUNPVRHc
9,2017-12-23,10,Up,Échame La Culpa,Luis Fonsi,2507870,https://i.scdn.co/image/ab67616d000048510ac9a58447dfccc5127248e0,https://open.spotify.com/track/1zsG4eaZmkA1dvjDDsAGLK
10,2017-12-23,11,Down,Let You Down,NF,2475097,https://i.scdn.co/image/ab67616d0000485139e85b6ae069d1e25bbc89df,https://open.spotify.com/track/6mrKP2jyIQmM0rw6fQryjr
11,2017-12-23,12,Down,Him & I (with Halsey),G-Eazy,2381759,https://i.scdn.co/image/ab67616d00004851046527a9c176f7c2916f3530,https://open.spotify.com/track/5k38wzpLb15YgncyWdTZE4
12,2017-12-23,13,Up,Do They Know It's Christmas? - 1984 Version,Band Aid,2371954,https://i.scdn.co/image/ab67616d00004851cefe32a94b7ddd9882392cdd,https://open.spotify.com/track/1hvpDAxZPKjKztOc72sv06
13,2017-12-23,14,Down,Perfect Duet (Ed Sheeran & Beyoncé),Ed Sheeran,2332581,https://i.scdn.co/image/ab67616d00004851af6b2fca3b6e24612a5fe5d8,https://open.spotify.com/track/1bhUWB0zJMIKr9yVPrkEuI
14,2017-12-23,15,Up,It's Beginning to Look a Lot like Christmas,Michael Bublé,2328041,https://i.scdn.co/image/ab67616d00004851c08cdc7be557844f3610880d,https://open.spotify.com/track/0lLdorYw7lVrJydTINhWdI
15,2017-12-23,16,Down,What Lovers Do (feat. SZA),Maroon 5,2311872,https://i.scdn.co/image/ab67616d000048519ccf08d3f74b36b7880522b5,https://open.spotify.com/track/3hBBKuWJfxlIlnd9QFoC8k
16,2017-12-23,17,Down,Too Good At Goodbyes,Sam Smith,2255189,https://i.scdn.co/image/eb645ad7342e0f34817e16d9d4061c3b5e374d4c,https://open.spotify.com/track/1mXVgsBdtIVeCLJnSnmtdV
17,2017-12-23,18,Down,Shape of You,Ed Sheeran,2202228,https://i.scdn.co/image/ab67616d00004851ba5db46f4b838ef6027e6f96,https://open.spotify.com/track/7qiZfU4dY1lWllzX7mPBI3
18,2017-12-23,19,Up,Santa Tell Me,Ariana Grande,2139080,https://i.scdn.co/image/ab67616d00004851202a03f8e0f1845194be0a42,https://open.spotify.com/track/1ADjWm8QNhgNV8yCNNgQ1T
19,2017-12-23,20,Down,Silence,Marshmello,2102346,https://i.scdn.co/image/ab67616d00004851f33ba583059dc2f7d08bf2b8,https://open.spotify.com/track/7vGuf3Y35N4wmASOKLUVVU
20,2017-12-23,21,Up,It's the Most Wonderful Time of the Year,Andy Williams,2055724,https://i.scdn.co/image/ab67616d0000485198073965947f92f1641b8356,https://open.spotify.com/track/5hslUAKq9I9CG2bAulFkHN
21,2017-12-23,22,Up,Rockin' Around The Christmas Tree - Single Version,Brenda Lee,2053242,https://i.scdn.co/image/ab67616d000048515ea4a3e529289eb8169d765d,https://open.spotify.com/track/3T7dNA7O8c3Axj5WyDNcH3
22,2017-12-23,23,Up,Happy Xmas (War Is Over) - Remastered,John Lennon,2031602,https://i.scdn.co/image/ab67616d00004851f7659b9e3bc9d7c9f1064b29,https://open.spotify.com/track/3zJw3rugfpVrmBeDDnUYzy
23,2017-12-23,24,Down,I Fall Apart,Post Malone,1982290,https://i.scdn.co/image/23bae95100dcb6ac8f88c19fa2a11c50a998a926,https://open.spotify.com/track/75ZvA4QfFiZvzhj2xkaWAh
24,2017-12-23,25,Up,Driving Home for Christmas,Chris Rea,1979159,https://i.scdn.co/image/ab67616d00004851074c5d0ef113a4c2f64fedeb,https://open.spotify.com/track/0ZoHHROTzwIYeNAHRPedTY
25,2017-12-23,26,Down,Corazón,Maluma,1924241,https://i.scdn.co/image/ab67616d000048516876ec811b26ba2094565b34,https://open.spotify.com/track/4lESS6vuruP6a79KWRaQou
26,2017-12-23,27,Down,Vai malandra (feat. Tropkillaz & DJ Yuri Martins),Anitta,1866191,https://i.scdn.co/image/ab67616d000048512862285a618721193e8fdac6,https://open.spotify.com/track/6u0EAxf1OJTLS7CvInuNd7
27,2017-12-23,28,Down,Sensualidad,Bad Bunny,1857344,https://i.scdn.co/image/ab67616d00004851c0ca1263b2966ddff794d3bb,https://open.spotify.com/track/5hcisvFMidkMJlElTO9Qmw
28,2017-12-23,29,Down,Downtown,Anitta,1856481,https://i.scdn.co/image/ab67616d000048518c6b830c36c7b4ac43c3cee8,https://open.spotify.com/track/3Ga6eKrUFf12ouh9Yw3v2D
29,2017-12-23,30,Down,Dusk Till Dawn - Radio Edit,ZAYN,1837559,https://i.scdn.co/image/ab67616d0000485123852b7ef0ecfe29d38d97ee,https://open.spotify.com/track/1j4kHkkpqZRBwE0A4CN4Yv
30,2017-12-23,31,Down,Criminal,Natti Natasha,1779438,https://i.scdn.co/image/ab67616d000048515f3f4af0d3e662247a7d8cff,https://open.spotify.com/track/6Za3190Sbw39BBC77WSS1C
31,2017-12-23,32,Up,White Christmas,Bing Crosby,1751359,https://i.scdn.co/image/ab67616d00004851a7bf97168afbe03609e98520,https://open.spotify.com/track/4so0Wek9Ig1p6CRCHuINwW
32,2017-12-23,33,Down,"Let Me Go (with Alesso, Florida Georgia Line & watt)",Hailee Steinfeld,1630755,https://i.scdn.co/image/ab67616d00004851dbdc892395413def043e0655,https://open.spotify.com/track/5AEtlRudpgdT5FtNiuly6Y
33,2017-12-23,34,Up,Jingle Bell Rock,BobHelms,1605960,https://i.scdn.co/image/ab67616d00004851d1d4c581bf75c77d481c7420,https://open.spotify.com/track/1cImYkHOQMFE7AZC9aOk4y
34,2017-12-23,35,Up,Let It Snow! Let It Snow! Let It Snow! (with The B. Swanson Quartet),Frank Sinatra,1589120,https://i.scdn.co/image/ab67616d00004851ab635079e314b1b477a39485,https://open.spotify.com/track/7inXu0Eaeg02VsM8kHNvzM
35,2017-12-23,36,Down,No Limit,G-Eazy,1558286,https://i.scdn.co/image/ab67616d00004851046527a9c176f7c2916f3530,https://open.spotify.com/track/2DQ1ITjI0YoLFzuADN1ZBW
36,2017-12-23,37,Down,Thunder,Imagine Dragons,1556164,https://i.scdn.co/image/ab67616d000048517956bd9a3d7a15e4c2e37cc6,https://open.spotify.com/track/0tKcYR2II1VCQWT79i5NrW
37,2017-12-23,38,Down,XO Tour Llif3,Lil Uzi Vert,1547492,https://i.scdn.co/image/ab67616d0000485141b41e6f7924e530a9b00f9c,https://open.spotify.com/track/7GX5flRQZVHRAGd6B4TmDO
38,2017-12-23,39,Up,Mistletoe,Justin Bieber,1534018,https://i.scdn.co/image/ab67616d00004851c89563256ae01ba8d4cbce29,https://open.spotify.com/track/32OWobmyAz8J2qA8iWekyS
39,2017-12-23,40,Up,Se Preparó,Ozuna,1533355,https://i.scdn.co/image/ab67616d00004851b0a875d7f1bfe4ec4aaffa48,https://open.spotify.com/track/1m69ELEgE6k5ZWsap40ozt
40,2017-12-23,41,Down,Candy Paint,Post Malone,1532279,https://i.scdn.co/image/ab67616d00004851bf95d2beddffbdb488310f67,https://open.spotify.com/track/42CeaId2XNlxugDvyqHfDf
41,2017-12-23,42,Down,Young Dumb & Broke,Khalid,1530812,https://i.scdn.co/image/ab67616d00004851988ede5e1276e758b5f9e577,https://open.spotify.com/track/5Z3GHaZ6ec9bsiI5BenrbY
42,2017-12-23,43,Up,Feliz Navidad,José Feliciano,1530553,https://i.scdn.co/image/ab67616d00004851bf203d76f2bea51656862edd,https://open.spotify.com/track/7taXf5odg9xCAZERYfyOkS
43,2017-12-23,44,Down,How Long,Charlie Puth,1506552,https://i.scdn.co/image/ab67616d00004851872353e715cccea67fe3de91,https://open.spotify.com/track/32DGGj6KlNuBr6WaqRxpxi
44,2017-12-23,45,Flat,Mi Gente,J Balvin,1497627,https://i.scdn.co/image/ab67616d00004851996bd1ea86bd3815eedfeef5,https://open.spotify.com/track/2rb5MvYT7ZIxbKW5hfcHx8
45,2017-12-23,46,Down,I Miss You (feat. Julia Michaels),Clean Bandit,1470733,https://i.scdn.co/image/ab67616d000048518341ce7a7a1f4ab4182823d5,https://open.spotify.com/track/2xmrfQpmS2iJExTlklLoAL
46,2017-12-23,47,Flat,Ric Flair Drip (& Metro Boomin),Offset,1460155,https://i.scdn.co/image/ab67616d000048510f206fe737d46f2f2d826d83,https://open.spotify.com/track/7sO5G9EABYOXQKNPNiE9NR
47,2017-12-23,48,Up,Fairytale of New York (feat. Kirsty MacColl),The Pogues,1450374,https://i.scdn.co/image/ab67616d00004851f138705fd2a69f056b83965a,https://open.spotify.com/track/3VTNVsTTu05dmTsVFrmGpK
48,2017-12-23,49,Down,Congratulations,Post Malone,1448535,https://i.scdn.co/image/23bae95100dcb6ac8f88c19fa2a11c50a998a926,https://open.spotify.com/track/3a1lNhkSLSkpJE4MSHpDu9
49,2017-12-23,50,Down,Man's Not Hot,Big Shaq,1443061,https://i.scdn.co/image/ab67616d00004851e297a281788cf46e9094a2ca,https://open.spotify.com/track/2nUJvBO87SkxCViQsLc9Zr
50,2017-12-23,51,Up,Wonderful Christmastime - Remastered 2011 / Edited Version,Paul McCartney,1412844,https://i.scdn.co/image/ab67616d0000485102132dee3c60e9faf44e6869,https://open.spotify.com/track/4gavOCQdZ2g86gkvi17FM7
51,2017-12-23,52,Down,Meant to Be (feat. Florida Georgia Line),Bebe Rexha,1388782,https://i.scdn.co/image/ab67616d000048511ba5682505dd6e2592b16e41,https://open.spotify.com/track/7iDa6hUg2VgEL1o1HjmfBn
52,2017-12-23,53,Up,Mayores,Becky G,1384850,https://i.scdn.co/image/ab67616d00004851b5983d639fd953deb3c99848,https://open.spotify.com/track/7JNh1cfm0eXjqFVOzKLyau
53,2017-12-23,54,Down,1-800-273-8255,Logic,1369960,https://i.scdn.co/image/08f9ccb7875a87c07c79c1ccd5319263786c55ea,https://open.spotify.com/track/5tz69p7tJuGPeMGwNTxYuV
54,2017-12-23,55,Up,The Christmas Song (Merry Christmas To You),Nat King Cole,1349406,https://i.scdn.co/image/2c637072ee8df8f588af156ad04df36ef4dd9f20,https://open.spotify.com/track/5humEOJehpAwMJEJmb0JJ2
55,2017-12-23,56,Down,Me Rehúso,Danny Ocean,1349253,https://i.scdn.co/image/ab67616d00004851a75bd33684083600569dd3bf,https://open.spotify.com/track/6De0lHrwBfPfrhorm9q1Xl
56,2017-12-23,57,Up,Bartier Cardi (feat. 21 Savage),Cardi B,1343866,https://i.scdn.co/image/ab67616d000048518cb4b5d8ae71725b96b8907c,https://open.spotify.com/track/75FDPwaULRdYDn4StFN2rT
57,2017-12-23,58,Up,Have Yourself A Merry Little Christmas,Sam Smith,1312578,https://i.scdn.co/image/ab67616d000048513b45ddc45ed283668eff2705,https://open.spotify.com/track/7Hz6LLOVxrojLPIHJJ1S0E
58,2017-12-23,59,Up,Déjala que vuelva (feat. Manuel Turizo),Piso 21,1289601,https://i.scdn.co/image/ab67616d000048514ed4c2e64f7bf0977aa70b42,https://open.spotify.com/track/33bnxcjePIkcmNjEFTJX0l
59,2017-12-23,60,Down,Unforgettable,French Montana,1273677,https://i.scdn.co/image/ab67616d000048518a31195a371b2233456f6c07,https://open.spotify.com/track/3B54sVLJ402zGa6Xm4YGNe
60,2017-12-23,61,Down,Bank Account,21 Savage,1271112,https://i.scdn.co/image/ab67616d00004851ac3c0aecec76cd7b5a54795e,https://open.spotify.com/track/2fQrGHiQOvpL9UgPvtYy6G
61,2017-12-23,62,Down,HUMBLE.,Kendrick Lamar,1269069,https://i.scdn.co/image/ae1f239b41e9604a66eb900834c6887cd2f62ff1,https://open.spotify.com/track/7KXjTSCq5nL1LoYtL7XAwS
62,2017-12-23,63,Up,Holly Jolly Christmas,Michael Bublé,1212284,https://i.scdn.co/image/ab67616d00004851c08cdc7be557844f3610880d,https://open.spotify.com/track/6tjituizSxwSmBB5vtgHZE
63,2017-12-23,64,Up,Merry Christmas Everyone - Remastered,Shakin' Stevens,1211860,https://i.scdn.co/image/ab67616d00004851b6c4b6e093b6667e5c43773f,https://open.spotify.com/track/2ISl1zekPsc26sUQpVt8UB
64,2017-12-23,65,Up,Blue Christmas,Elvis Presley,1208743,https://i.scdn.co/image/ab67616d00004851aa509be2dd24fb6c753cf292,https://open.spotify.com/track/3QiAAp20rPC3dcAtKtMaqQ
65,2017-12-23,66,Down,Stargazing,Kygo,1204352,https://i.scdn.co/image/ab67616d00004851a333559091297eda04eba27c,https://open.spotify.com/track/0Zbbxnx4SGGHoIow4PpISP
66,2017-12-23,67,Down,Feel It Still,Portugal. The Man,1197362,https://i.scdn.co/image/ab67616d00004851af52c228c9619ff6298b08cd,https://open.spotify.com/track/6QgjcU0zLnzq5OrUoSZ3OK
67,2017-12-23,68,Up,Santa's Coming For Us,Sia,1191013,https://i.scdn.co/image/ab67616d00004851afbd1af8351227e15279d127,https://open.spotify.com/track/3AlpkljBS1AU7HFVPms8K6
68,2017-12-23,69,Up,A Holly Jolly Christmas - Single Version,Burl Ives,1155081,https://i.scdn.co/image/ab67616d0000485158ed46b7e482124982be64f8,https://open.spotify.com/track/65Q2mv3UlVi9eO70OpsmSe
69,2017-12-23,70,Up,Perro Fiel (feat. Nicky Jam),Shakira,1149049,https://i.scdn.co/image/ab67616d00004851d05d3aad30c5fb7614893cf5,https://open.spotify.com/track/70lnL3QaSOIIyMa2X9aVRL
70,2017-12-23,71,Up,Christmas Lights,Coldplay,1130812,https://i.scdn.co/image/ab67616d000048514b3f858e8ace8ca943695ace,https://open.spotify.com/track/4fzyvSu73BhGvi96p2zwjL
71,2017-12-23,72,Down,Modern Slavery,Huncho Jack,1129454,https://i.scdn.co/image/ab67616d00004851c19d99e0cc35ceddaddc639c,https://open.spotify.com/track/7J6bnDDitOwfelaJNixHhL
72,2017-12-23,73,Down,Dubai Shit,Huncho Jack,1093415,https://i.scdn.co/image/ab67616d00004851c19d99e0cc35ceddaddc639c,https://open.spotify.com/track/6urLjX35oXXRYtcH1b3dCh
73,2017-12-23,74,Down,Eye 2 Eye,Huncho Jack,1081637,https://i.scdn.co/image/ab67616d00004851c19d99e0cc35ceddaddc639c,https://open.spotify.com/track/4vwfOiyWxXeEdx4ejAJgdx
74,2017-12-23,75,Up,MotorSport,Migos,1077318,https://i.scdn.co/image/ab67616d000048510dee8dd1f81727cbe7f085a3,https://open.spotify.com/track/1YZfcVLbbJwfizR5cDOp3q
75,2017-12-23,76,Down,Attention,Charlie Puth,1075044,https://i.scdn.co/image/ab67616d00004851db21a273452f0637cdbc35aa,https://open.spotify.com/track/4iLqG9SeJSnt0cSPICSjxv
76,2017-12-23,77,Up,Que Va,Alex Sensation,1069544,https://i.scdn.co/image/ab67616d00004851571f364389a9436e4ff8a362,https://open.spotify.com/track/7ofxPmTNMj2GP07g1VZa0O
77,2017-12-23,78,Down,Anywhere,Rita Ora,1063074,https://i.scdn.co/image/ab67616d000048517a642f7a662f4c94683ac038,https://open.spotify.com/track/7EI6Iki24tBHAMxtb4xQN2
78,2017-12-23,79,Down,Sorry Not Sorry,Demi Lovato,1056223,https://i.scdn.co/image/ab67616d00004851ec9c72308e30e7aa1d22b37d,https://open.spotify.com/track/3m660poUr1chesgkkjQM7P
79,2017-12-23,80,Down,Black & Chinese,Huncho Jack,1047242,https://i.scdn.co/image/ab67616d00004851c19d99e0cc35ceddaddc639c,https://open.spotify.com/track/628Ueb4sRiXApObhcU9iPU
80,2017-12-23,81,Down,Never Be the Same,Camila Cabello,1046473,https://i.scdn.co/image/ab67616d00004851e2fd4f9a7ae81c89a204e26b,https://open.spotify.com/track/6VpQdig9pdpTSIFItgkJV5
81,2017-12-23,82,Down,Something Just Like This,The Chainsmokers,1036470,https://i.scdn.co/image/ab67616d000048510c13d3d5a503c84fcc60ae94,https://open.spotify.com/track/6RUKPb4LETWmmr3iAEQktW
82,2017-12-23,83,Up,Despacito - Remix,Luis Fonsi,1033036,https://i.scdn.co/image/ab67616d00004851d8559d0280ffe2a2af6dacdf,https://open.spotify.com/track/5CtI0qwDJkDQGwXD1H1cLb
83,2017-12-23,84,Down,So Far Away (feat. Jamie Scott & Romy Dya),Martin Garrix,1032927,https://i.scdn.co/image/ab67616d000048512bfb97c135445f83927049ca,https://open.spotify.com/track/0OlnLZY4cmQzT6ZGttvWBM
84,2017-12-23,85,Up,Step Into Christmas,Elton John,1031997,https://i.scdn.co/image/ab67616d00004851fbd8114d833f79d1a8e2bb68,https://open.spotify.com/track/3YQUpKTmtgPJf8u6ooi9KA
85,2017-12-23,86,Up,Santa Baby (with Henri René & His Orchestra),Eartha Kitt,1030145,https://i.scdn.co/image/ab67616d00004851cfbcba7cc35a40e08e5aff67,https://open.spotify.com/track/1foCxQtxBweJtZmdxhEHVO
86,2017-12-23,87,Down,Bodak Yellow,Cardi B,1027216,https://i.scdn.co/image/ab67616d0000485162a2dedc55a38a0fca0a17b0,https://open.spotify.com/track/2771LMNxwf62FTAdpJMQfM
87,2017-12-23,88,Down,Believer,Imagine Dragons,1015658,https://i.scdn.co/image/ab67616d000048517956bd9a3d7a15e4c2e37cc6,https://open.spotify.com/track/0CcQNd8CINkwQfe1RDtGV6
88,2017-12-23,89,Up,Báilame - Remix,Nacho,1005601,https://i.scdn.co/image/ab67616d00004851473f54a79eb118bdfa668aa2,https://open.spotify.com/track/3VClLWqNn80Llv0PJOsKgr
89,2017-12-23,90,Flat,Havana - Remix,Camila Cabello,1004850,https://i.scdn.co/image/ab67616d000048515556fb4dfea9c05e09519c25,https://open.spotify.com/track/3whrwq4DtvucphBPUogRuJ
90,2017-12-23,91,Down,Lonely Together (feat. Rita Ora),Avicii,997948,https://i.scdn.co/image/241ee98f30f1a0066a26890586952e393a473b0d,https://open.spotify.com/track/2OALaHcDdKkjYEpAr0Qzab
91,2017-12-23,92,Down,Tip Toe (feat. French Montana),Jason Derulo,975087,https://i.scdn.co/image/ab67616d000048511ba06755018b46f2a6a2a7ff,https://open.spotify.com/track/2z4pcBLQXF2BXKFvd0BuB6
92,2017-12-23,93,Up,Carol of the Bells,Mykola Dmytrovych Leontovych,973303,https://i.scdn.co/image/ab67616d000048513e47ad24ac24d597d6688b96,https://open.spotify.com/track/4tHqQMWSqmL6YjXwsqthDI
93,2017-12-23,94,Up,Underneath the Tree,Kelly Clarkson,973226,https://i.scdn.co/image/ab67616d000048519fd0d700bdf33c9ebc42f429,https://open.spotify.com/track/3nAp4IvdMPPWEH9uuXFFV5
94,2017-12-23,95,Up,"Home (with Machine Gun Kelly, X Ambassadors & Bebe Rexha)",Machine Gun Kelly,972743,https://i.scdn.co/image/ab67616d000048517a3fbbab0e9fb050a08fa065,https://open.spotify.com/track/0OI7AFifLSoGzpb8bdBLLV
95,2017-12-23,96,Up,Felices los 4,Maluma,971484,https://i.scdn.co/image/ab67616d00004851d9732b592276542ecafa6c6d,https://open.spotify.com/track/0qYTZCo5Bwh1nsUFGZP3zn
96,2017-12-23,97,Up,My Only Wish (This Year),Britney Spears,966830,https://i.scdn.co/image/ab67616d00004851a9d2a4728249d4d9a218e097,https://open.spotify.com/track/7aiVBCp1ibIWE5GeHkbtxr
97,2017-12-23,98,Up,It's Beginning to Look a Lot Like Christmas (with Mitchell Ayres & His Orchestra),Perry Como,966431,https://i.scdn.co/image/ab67616d000048517a5e4ed28aeceac63ae4b043,https://open.spotify.com/track/6IeK3Ap5m3HabwJxgI6eSE
98,2017-12-23,99,Up,White Christmas (with Shania Twain),Michael Bublé,962734,https://i.scdn.co/image/ab67616d00004851c08cdc7be557844f3610880d,https://open.spotify.com/track/2gbCG4Rt9984UZ7Tc0dIFd
99,2017-12-23,100,Down,I Like Me Better,Lauv,958949,https://i.scdn.co/image/ab67616d00004851fab48816b625e2a77a732400,https://open.spotify.com/track/1wjzFQodRWrPcQ0AnYnvQ9
100,2017-12-23,101,Up,Hallelujah,Pentatonix,957427,https://i.scdn.co/image/ab67616d00004851345a0b7e0a608d66bec80d55,https://open.spotify.com/track/550rQQCGkrTzvp4SfpOPzx
101,2017-12-23,102,Up,Suena El Dembow,Joey Montana,948621,https://i.scdn.co/image/ab67616d00004851c8185c654dc0409609c5eb31,https://open.spotify.com/track/5TysCiZtv1HnSWcTcUFusI
102,2017-12-23,103,Up,Escápate Conmigo (feat. Ozuna),Wisin,948427,https://i.scdn.co/image/ab67616d00004851c7524a697e709517b50681b2,https://open.spotify.com/track/1KSqYYJFyfTecXFk9M0prc
103,2017-12-23,104,Down,PICK IT UP (feat. A$AP Rocky),Famous Dex,945916,https://i.scdn.co/image/ab67616d00004851b3c4572395192f7c8d26820b,https://open.spotify.com/track/3ncgNpxLoBQ65ABk4djDyd
104,2017-12-23,105,Down,Friends (with BloodPop®),Justin Bieber,927955,https://i.scdn.co/image/ab67616d00004851302806b2c89a0f7a24b4922c,https://open.spotify.com/track/7nZmah2llfvLDiUjm0kiyz
105,2017-12-23,106,Down,Motorcycle Patches,Huncho Jack,925170,https://i.scdn.co/image/ab67616d00004851c19d99e0cc35ceddaddc639c,https://open.spotify.com/track/7g7raxdQpiLZT7aOlib4S1
106,2017-12-23,107,Down,Plain Jane,A$AP Ferg,910337,https://i.scdn.co/image/ab67616d00004851d79cfa3155b50beb5dbeeb9a,https://open.spotify.com/track/4dVpf9jZjcORqGTLUaeYj9
107,2017-12-23,108,Up,Jingle Bell Rock - Daryl's Version,Daryl Hall & John Oates,909809,https://i.scdn.co/image/ab67616d00004851758f7f6791ee819e6c2999b4,https://open.spotify.com/track/6pVW5LRWgeLaHudxauOTJU
108,2017-12-23,109,Down,All Falls Down (feat. Juliander),Alan Walker,909401,https://i.scdn.co/image/ab67616d00004851206fdebc66bd04d9913f035d,https://open.spotify.com/track/5yFSF6qQA1rcLsQRnBsZgb
109,2017-12-23,110,Down,More Than You Know,Axwell /\ Ingrosso,907624,https://i.scdn.co/image/ab67616d00004851a1944d8afb76a8fd03ed8c0f,https://open.spotify.com/track/71bBFbfn2OBK5QwUJSLS44
110,2017-12-23,111,Up,Winter Wonderland,Bing Crosby,905543,https://i.scdn.co/image/d656fda12607788a5de23c0bfdd0862c04a5bbbd,https://open.spotify.com/track/5VEuraNSVxMTzDTtrmL3lQ
111,2017-12-23,112,Down,Jocelyn Flores,XXXTENTACION,905028,https://i.scdn.co/image/ab67616d00004851203c89bd4391468eea4cc3f5,https://open.spotify.com/track/7m9OqQk4RVRkw9JJdeAw96
112,2017-12-23,113,Down,Robarte un Beso,Carlos Vives,904359,https://i.scdn.co/image/ab67616d00004851575fb66ec11e54fb68d548a5,https://open.spotify.com/track/0JcNysfWVWaMS7R6vzGB2k
113,2017-12-23,114,Down,Bonita,J Balvin,897507,https://i.scdn.co/image/ab67616d0000485148f3fc1d4f0fed414418e041,https://open.spotify.com/track/693iqPOQvhI7PobtR8CC8v
114,2017-12-23,115,Up,I'll Be Home,Meghan Trainor,893300,https://i.scdn.co/image/ab67616d00004851f1b18a6ca4f44bdb89e09aa9,https://open.spotify.com/track/1hy6kKvsPbv7VTcllCuATC
115,2017-12-23,116,Down,End Game,Taylor Swift,889114,https://i.scdn.co/image/c2e6423b9624845f6dd57aef8ce00fa53aedcef7,https://open.spotify.com/track/2x0WlnmfG39ZuDmstl9xfX
116,2017-12-23,117,Up,Christmas Time Is Here - Vocal,Vince Guaraldi Trio,887928,https://i.scdn.co/image/ab67616d00004851ddb2edd907d0205e2f5a8b5c,https://open.spotify.com/track/299lFlaAsNQdgbIZNPmIA0
117,2017-12-23,118,Down,Bum Bum Tam Tam,MC Fioti,882484,https://i.scdn.co/image/ab67616d00004851f45f041104bda8b5737ded73,https://open.spotify.com/track/4zWO4gvuFtw6EJZC5FFGlr
118,2017-12-23,119,Down,Codeine Dreaming (feat. Lil Wayne),Kodak Black,865072,https://i.scdn.co/image/ab67616d000048518e3046e13f253a208519b21a,https://open.spotify.com/track/4DTpngLjoHj5gFxEZFeD3J
119,2017-12-23,120,Down,There's Nothing Holdin' Me Back,Shawn Mendes,862370,https://i.scdn.co/image/ab67616d00004851f9cbd0c07513a7232cd6b9a7,https://open.spotify.com/track/79cuOz3SPQTuFrp8WgftAu
120,2017-12-23,121,Up,Santa Baby,Kylie Minogue,842956,https://i.scdn.co/image/ab67616d0000485196430ca6df667d05cb6c93c6,https://open.spotify.com/track/2SBr3MK1sdMs8IxdRcN6qz
121,2017-12-23,122,Down,Huncho Jack,Huncho Jack,834396,https://i.scdn.co/image/ab67616d00004851c19d99e0cc35ceddaddc639c,https://open.spotify.com/track/5vuiHi3QYbwcm1OKJOYnrf
122,2017-12-23,123,Down,Betrayed,Lil Xan,832252,https://i.scdn.co/image/ab67616d00004851fd53c5b8a4787f283833db4d,https://open.spotify.com/track/6NWl2m8asvH83xjuXVNsuG
123,2017-12-23,124,Down,Sky Walker (feat. Travis Scott),Miguel,831284,https://i.scdn.co/image/ab67616d000048515e9dff10c31ac14c6c6c920d,https://open.spotify.com/track/5WoaF1B5XIEnWfmb5NZikf
124,2017-12-23,125,Up,Despacito (Featuring Daddy Yankee),Luis Fonsi,828571,https://i.scdn.co/image/ab67616d00004851a5971936e3b8d91f8b616b17,https://open.spotify.com/track/4aWmUDTfIPGksMNLV2rQP2
125,2017-12-23,126,Up,Vuelve,Daddy Yankee,826004,https://i.scdn.co/image/ab67616d0000485127fd276f720970c987695b55,https://open.spotify.com/track/0lJCqIx5BhZtf6QtYI2fbv
126,2017-12-23,127,Up,Run Rudolph Run - Single Version,Chuck Berry,825687,https://i.scdn.co/image/ab67616d00004851763a0d434746ad9721cc3a72,https://open.spotify.com/track/2pnPe4pJtq7689i5ydzvJJ
127,2017-12-23,128,Up,LOVE. FEAT. ZACARI.,Kendrick Lamar,819425,https://i.scdn.co/image/ae1f239b41e9604a66eb900834c6887cd2f62ff1,https://open.spotify.com/track/6PGoSes0D9eUDeeAafB2As
128,2017-12-23,129,Up,SUTRA,Sebastian Yatra,818159,https://i.scdn.co/image/ab67616d00004851f215288f120008eb66a16a8b,https://open.spotify.com/track/5TmZYdHW6HJ9gt7Aokuql5
129,2017-12-23,130,Down,Glorious (feat. Skylar Grey),Macklemore,813748,https://i.scdn.co/image/ab67616d000048512e94b668c60b06deb1c3a05c,https://open.spotify.com/track/0CokSRCu5hZgPxcZBaEzVE
130,2017-12-23,131,Up,Jingle Bells (feat. The Puppini Sisters),Michael Bublé,813338,https://i.scdn.co/image/ab67616d00004851c08cdc7be557844f3610880d,https://open.spotify.com/track/4qBejt9FeqLI9blHI1Nq1x
131,2017-12-23,132,Down,Walk On Water (feat. Beyoncé),Eminem,813189,https://i.scdn.co/image/ab67616d00004851255191ed87a907d362b43f19,https://open.spotify.com/track/5PIBgH1cUFwu5IiUk9tnN9
132,2017-12-23,133,Down,MIC Drop (feat. Desiigner) [Steve Aoki Remix],BTS,805550,https://i.scdn.co/image/ab67616d0000485115220cf0d8a63c67c8daaaa6,https://open.spotify.com/track/7Ed6BkggCS2KaKY5YlINaF
133,2017-12-23,134,Down,I Get The Bag (feat. Migos),Gucci Mane,803065,https://i.scdn.co/image/ab67616d00004851af7525e55333b110ff0f4e95,https://open.spotify.com/track/1XRgIKC5TPwo7nWGyKqgG0
134,2017-12-23,135,Up,Sleigh Ride,The Ronettes,802797,https://i.scdn.co/image/ab67616d00004851adad4220d51bd720481d4be4,https://open.spotify.com/track/5ASM6Qjiav2xPe7gRkQMsQ
135,2017-12-23,136,Up,Bella y Sensual,Romeo Santos,801002,https://i.scdn.co/image/ab67616d00004851827d0777f8cccdf5b7481442,https://open.spotify.com/track/0ERbK7qVqveCaBWIiYCrl3
136,2017-12-23,137,Down,BUTTERFLY EFFECT,Travis Scott,799938,https://i.scdn.co/image/ab67616d00004851b5e9358d0d07114609d9afab,https://open.spotify.com/track/1yxgsra98r3qAtxqiGZPiX
137,2017-12-23,138,Down,Galway Girl,Ed Sheeran,794145,https://i.scdn.co/image/ab67616d00004851ba5db46f4b838ef6027e6f96,https://open.spotify.com/track/0afhq8XCExXpqazXczTSve
138,2017-12-23,139,Down,Say You Won't Let Go,James Arthur,793009,https://i.scdn.co/image/ab67616d0000485120beb61f61fcbeb33b10a9ab,https://open.spotify.com/track/5uCax9HTNlzGybIStD3vDh
139,2017-12-23,140,Down,Saint,Huncho Jack,791460,https://i.scdn.co/image/ab67616d00004851c19d99e0cc35ceddaddc639c,https://open.spotify.com/track/7foypmc7KZyU716Yv63BPe
140,2017-12-23,141,Down,goosebumps,Travis Scott,790282,https://i.scdn.co/image/ab67616d00004851f54b99bf27cda88f4a7403ce,https://open.spotify.com/track/6gBFPUFcJLzWGx4lenP6h2
141,2017-12-23,142,Down,"I'm the One (feat. Justin Bieber, Quavo, Chance the Rapper & Lil Wayne)",DJ Khaled,785921,https://i.scdn.co/image/ab67616d00004851dcb6a73da1e7f293b875f69c,https://open.spotify.com/track/3DXncPQOG4VBw3QHh3S817
142,2017-12-23,143,Down,Look What You Made Me Do,Taylor Swift,784650,https://i.scdn.co/image/c2e6423b9624845f6dd57aef8ce00fa53aedcef7,https://open.spotify.com/track/1P17dC1amhFzptugyAO7Il
143,2017-12-23,144,Down,Bad At Love,Halsey,783524,https://i.scdn.co/image/d5bb421dbecbba7c6904eb67672f3cd25cf54c23,https://open.spotify.com/track/7y9iMe8SOB6z3NoHE2OfXl
144,2017-12-23,145,New,Santa Claus Is Coming to Town,Michael Bublé,775120,https://i.scdn.co/image/ab67616d00004851c08cdc7be557844f3610880d,https://open.spotify.com/track/5Ber68jZ7ytegr2UISEdb7
145,2017-12-23,146,Down,Strip That Down,Liam Payne,773170,https://i.scdn.co/image/ab67616d00004851ec1abb2ba5e210e826161111,https://open.spotify.com/track/6EpRaXYhGOB3fj4V2uDkMJ
146,2017-12-23,147,Down,Wanted You (feat. Lil Uzi Vert),NAV,772994,https://i.scdn.co/image/8eebb0096ab97f23172ea197224a4ee0267043eb,https://open.spotify.com/track/790MhTXPFrYkrqCKvpg4t1
147,2017-12-23,148,Down,Feels,Calvin Harris,769507,https://i.scdn.co/image/ab67616d000048514d3fa5ce7ba599f4fd7803ef,https://open.spotify.com/track/5bcTCxgc7xVfSaMV3RuVke
148,2017-12-23,149,Down,Location,Khalid,767148,https://i.scdn.co/image/ab67616d00004851988ede5e1276e758b5f9e577,https://open.spotify.com/track/152lZdxL1OR0ZMW6KquMif
149,2017-12-23,150,Down,Wild Thoughts (feat. Rihanna & Bryson Tiller),DJ Khaled,766180,https://i.scdn.co/image/ab67616d00004851dcb6a73da1e7f293b875f69c,https://open.spotify.com/track/1OAh8uOEOvTDqkKFsKksCi
150,2017-12-23,151,Up,Little Saint Nick - 1991 Remix,The Beach Boys,763050,https://i.scdn.co/image/ab67616d00004851139529eeb73e2cab7aba5f44,https://open.spotify.com/track/5xlS0QkVrSH7ssEbBgBzbM
151,2017-12-23,152,New,Thank God It's Christmas - Non-Album Single,Queen,761682,https://i.scdn.co/image/ab67616d000048516cb222fb74baa50762465044,https://open.spotify.com/track/05X6aMCQR09E6smUmw9qms
152,2017-12-23,153,Up,Una Lady Como Tú,Manuel Turizo,758205,https://i.scdn.co/image/ab67616d00004851f9dc35bc367fcf98e763d27e,https://open.spotify.com/track/7MHN1aCFtLXjownGhvEQlF
153,2017-12-23,154,Down,That's What I Like,Bruno Mars,752815,https://i.scdn.co/image/ab67616d00004851232711f7d66a1e19e89e28c5,https://open.spotify.com/track/0KKkJNfGyhkQ5aFogxQAPU
154,2017-12-23,155,Up,Santa Claus Is Coming To Town,The Jackson 5,742582,https://i.scdn.co/image/ab67616d0000485119d4a4f6856580b45d537f4c,https://open.spotify.com/track/6a1hzBiTkgqTsDA0Xgfh9z
155,2017-12-23,156,New,"Santa Claus Is Comin' to Town - Live at C.W. Post College, Greenvale, NY - December 1975",Bruce Springsteen,738027,https://i.scdn.co/image/ab67616d000048516a68798b2ac41fde44823eb5,https://open.spotify.com/track/6s2wpWPFPAgKg2LXxi1Oee
156,2017-12-23,157,Down,What About Us,P!nk,726684,https://i.scdn.co/image/ab67616d0000485100164c96548a622d34b39828,https://open.spotify.com/track/0Qh38w01QRXK6KHIv0e3hb
157,2017-12-23,158,Down,Saint Laurent Mask,Huncho Jack,725600,https://i.scdn.co/image/ab67616d00004851c19d99e0cc35ceddaddc639c,https://open.spotify.com/track/7JGyxh8G8QZnu4AMJuCqlj
158,2017-12-23,159,Up,Cold December Night,Michael Bublé,722091,https://i.scdn.co/image/ab67616d00004851c08cdc7be557844f3610880d,https://open.spotify.com/track/4FPrAERfkPKOBKrRoyuxLu
159,2017-12-23,160,Down,Tell Me You Love Me,Demi Lovato,721594,https://i.scdn.co/image/ab67616d00004851921862ba830177affb254106,https://open.spotify.com/track/5Htb1uFQ1KrkFXlefS8oGj
160,2017-12-23,161,Down,Symphony (feat. Zara Larsson),Clean Bandit,721267,https://i.scdn.co/image/ab67616d000048515b1130d050c4cd2295999d85,https://open.spotify.com/track/1x5sYLZiu9r5E43kMlt9f8
161,2017-12-23,162,Down,Naked,James Arthur,719469,https://i.scdn.co/image/ab67616d00004851f13bfa0da7b94ac3272f3152,https://open.spotify.com/track/7krbSH3rd8lhIZvuzTV3Bl
162,2017-12-23,163,Down,Mask Off,Future,718712,https://i.scdn.co/image/ab67616d00004851e0b64c8be3c4e804abcb2696,https://open.spotify.com/track/0VgkVdmE4gld66l8iyGjgx
163,2017-12-23,164,Down,Go Flex,Post Malone,711293,https://i.scdn.co/image/23bae95100dcb6ac8f88c19fa2a11c50a998a926,https://open.spotify.com/track/5yuShbu70mtHXY0yLzCQLQ
164,2017-12-23,165,Down,Real Friends,Camila Cabello,706702,https://i.scdn.co/image/ab67616d00004851b3871041ff516235e4b28126,https://open.spotify.com/track/4V6MRo0CEAC9MwAm7dkPuL
165,2017-12-23,166,New,"Merry Christmas, Happy Holidays",*NSYNC,705819,https://i.scdn.co/image/ab67616d00004851f31d7d1d7bb1e68c793c7449,https://open.spotify.com/track/15coTBAzEN1bOeipoNDZAR
166,2017-12-23,167,Down,Closer,The Chainsmokers,705002,https://i.scdn.co/image/ab67616d00004851495ce6da9aeb159e94eaa453,https://open.spotify.com/track/7BKLCZ1jbUBVqRi2FVlTVw
167,2017-12-23,168,Down,Mama,Jonas Blue,701982,https://i.scdn.co/image/14891cf71e2287163c137e90074783ba5cdd4ff4,https://open.spotify.com/track/0NiXXAI876aGImAd6rTj8w
168,2017-12-23,169,New,Rockin' Around The Christmas Tree - Recorded at Spotify Studios NYC,Miley Cyrus,700536,https://i.scdn.co/image/ab67616d00004851372cd9cefda2a6d3d11428fc,https://open.spotify.com/track/5lyikKk6KFWfWCuDDir9Fx
169,2017-12-23,170,Down,Sober,G-Eazy,690645,https://i.scdn.co/image/ab67616d00004851046527a9c176f7c2916f3530,https://open.spotify.com/track/3qk4wRMDlaeagZGjSYbsOV
170,2017-12-23,171,Down,It Ain't Me (with Selena Gomez),Kygo,688377,https://i.scdn.co/image/ab67616d0000485141f289940f2e6a0d51988d77,https://open.spotify.com/track/3eR23VReFzcdmS7TYCrhCe
171,2017-12-23,172,Down,Swalla (feat. Nicki Minaj & Ty Dolla $ign),Jason Derulo,687064,https://i.scdn.co/image/ab67616d000048519d6522bee68370fa5592301d,https://open.spotify.com/track/6kex4EBAj0WHXDKZMEJaaF
172,2017-12-23,173,Down,Dirty Sexy Money (feat. Charli XCX & French Montana),David Guetta,685021,https://i.scdn.co/image/ab67616d00004851657bb3660936e0d47e785dcd,https://open.spotify.com/track/0tPQPaOKM32WgMSbPCYyRH
173,2017-12-23,174,Down,Ahora Dice,Chris Jeday,684332,https://i.scdn.co/image/ab67616d000048513a142c7e7fc7863dc1a256ed,https://open.spotify.com/track/22eADXu8DfOAUEDw4vU8qy
174,2017-12-23,175,New,Baby It's Cold Outside (duet with Michael Bublé),Idina Menzel,683840,https://i.scdn.co/image/ab67616d00004851b942e9ff43d692b700328ecc,https://open.spotify.com/track/0Ie5uiv54KgCr7P4sYDTHl
175,2017-12-23,176,Down,3 A.M.,Jesse & Joy,682943,https://i.scdn.co/image/ab67616d000048510d747598f6e8df40f5671e0c,https://open.spotify.com/track/0yyZN5ASdrYu0XYWFzfxUu
176,2017-12-23,177,New,Snowman,Sia,681909,https://i.scdn.co/image/ab67616d00004851afbd1af8351227e15279d127,https://open.spotify.com/track/3E6Ydoy1H8ePoigc10Mgsa
177,2017-12-23,178,Down,Whatever It Takes,Imagine Dragons,680554,https://i.scdn.co/image/ab67616d000048517956bd9a3d7a15e4c2e37cc6,https://open.spotify.com/track/4IWAyPf1KMq7JCyGeCjTeH
178,2017-12-23,179,New,Mary's Boy Child / Oh My Lord,Boney M.,680069,https://i.scdn.co/image/ab67616d0000485150aa0f2afd71cc8da311742d,https://open.spotify.com/track/2qqZ5fOGuNvYVzgPFDLQ4l
179,2017-12-23,180,Down,Believe,Eminem,676942,https://i.scdn.co/image/ab67616d00004851255191ed87a907d362b43f19,https://open.spotify.com/track/2XDhuJvvx2wcIROXbfTTYr
180,2017-12-23,181,Down,Photograph,Ed Sheeran,675858,https://i.scdn.co/image/ab67616d00004851d08209944468440145f01524,https://open.spotify.com/track/6fxVffaTuwjgEk5h9QyRjy
181,2017-12-23,182,Down,Go,Huncho Jack,669445,https://i.scdn.co/image/ab67616d00004851c19d99e0cc35ceddaddc639c,https://open.spotify.com/track/4RgoqOBE34Q6zZj8K7RUAx
182,2017-12-23,183,Down,Wait,Maroon 5,661927,https://i.scdn.co/image/ab67616d000048519ccf08d3f74b36b7880522b5,https://open.spotify.com/track/1Qg9jWGDkKAGZXj5v2OG59
183,2017-12-23,184,Down,Chambea,Bad Bunny,661495,https://i.scdn.co/image/ab67616d000048510df928195638edc8d1b7c4c4,https://open.spotify.com/track/6ElmxV9B2mSNscEjP27M7i
184,2017-12-23,185,New,All I Want for Christmas Is You,Michael Bublé,657455,https://i.scdn.co/image/ab67616d00004851c08cdc7be557844f3610880d,https://open.spotify.com/track/0xPaZrF25ltzvz1a2Pm5DQ
185,2017-12-23,186,Flat,Tú Foto,Ozuna,655806,https://i.scdn.co/image/ab67616d00004851b0a875d7f1bfe4ec4aaffa48,https://open.spotify.com/track/5zSOVwaY3sVjnmLhuEfsuf
186,2017-12-23,187,New,"Have Yourself A Merry Little Christmas - ""Meet Me In St. Louis"" Original Cast Recording",Judy Garland,654093,https://i.scdn.co/image/ab67616d00004851cf23dd576f401ce35c8ad60e,https://open.spotify.com/track/4eqne0oIdt9GW2ubiliny0
187,2017-12-23,188,Down,Fuck Love (feat. Trippie Redd),XXXTENTACION,646463,https://i.scdn.co/image/ab67616d00004851203c89bd4391468eea4cc3f5,https://open.spotify.com/track/7AQim7LbvFVZJE3O8TYgf2
188,2017-12-23,189,Down,Ghostface Killers,21 Savage,646134,https://i.scdn.co/image/ab67616d000048510f206fe737d46f2f2d826d83,https://open.spotify.com/track/5u6vkDnOyaf8LsteDAj2ub
189,2017-12-23,190,Down,Moon Rock,Huncho Jack,645696,https://i.scdn.co/image/ab67616d00004851c19d99e0cc35ceddaddc639c,https://open.spotify.com/track/7bTH8LgGSwyNNE4r1k95Zp
190,2017-12-23,191,Down,Explícale (feat. Bad Bunny),Yandel,645438,https://i.scdn.co/image/ab67616d00004851b54d1c695daae20467312eb3,https://open.spotify.com/track/1LszjjoVwDDZcWUQbzeDLG
191,2017-12-23,192,Down,Starboy,The Weeknd,644806,https://i.scdn.co/image/ab67616d000048510c8599cbde51245c128bcea9,https://open.spotify.com/track/5aAx2yezTd8zXrkmtKl66Z
192,2017-12-23,193,Down,"I Don’t Wanna Live Forever (Fifty Shades Darker) - From ""Fifty Shades Darker (Original Motion Picture Soundtrack)""",ZAYN,635331,https://i.scdn.co/image/ab67616d000048512ae921f082ae5db4d3da818f,https://open.spotify.com/track/3NdDpSvN911VPGivFlV5d0
193,2017-12-23,194,Down,Thinking out Loud,Ed Sheeran,631282,https://i.scdn.co/image/ab67616d00004851d08209944468440145f01524,https://open.spotify.com/track/1Slwb6dOYkBlWal1PGtnNg
194,2017-12-23,195,New,One More Sleep,Leona Lewis,630828,https://i.scdn.co/image/ab67616d00004851b9eeb2705c983089c2412a80,https://open.spotify.com/track/78pn8k7RogKo2oxl0DyX6d
195,2017-12-23,196,New,You Make It Feel Like Christmas (feat. Blake Shelton),Gwen Stefani,627112,https://i.scdn.co/image/ab67616d00004851f452d935f9d67bcb05a455f2,https://open.spotify.com/track/6C81GGUCNbEmR8gMIi0CpH
196,2017-12-23,197,Down,White Iverson,Post Malone,626296,https://i.scdn.co/image/23bae95100dcb6ac8f88c19fa2a11c50a998a926,https://open.spotify.com/track/6eT7xZZlB2mwyzJ2sUKG6w
197,2017-12-23,198,Down,Slippery (feat. Gucci Mane),Migos,625256,https://i.scdn.co/image/ab67616d0000485199a8ab6da9d593939302828a,https://open.spotify.com/track/6p8NuHm8uCGnn2Dtbtf7zE
198,2017-12-23,199,Down,How U Feel,Huncho Jack,625210,https://i.scdn.co/image/ab67616d00004851c19d99e0cc35ceddaddc639c,https://open.spotify.com/track/7CWiWkccuRRdrmaW6AjVEf
199,2017-12-23,200,New,Bella,Wolfine,623845,https://i.scdn.co/image/ab67616d00004851b2713d1b35da8d005e8e7e64,https://open.spotify.com/track/1Ft13La2daEGqz5yWJC7lx
