,Date,Position,Trend,Title,Artist,Streams,Icon_URL,Spotify_URL
0,2017-12-27,1,Flat,rockstar,Post Malone,4210231,https://i.scdn.co/image/ab67616d00004851345f823b6c1dbd3b4cc7b382,https://open.spotify.com/track/7wGoVu4Dady5GV0Sv4UIsx
1,2017-12-27,2,Flat,Havana,Camila Cabello,3512580,https://i.scdn.co/image/ab67616d00004851d93cf4d07ba50d7b32ca7c44,https://open.spotify.com/track/0ofbQMrRDsUaVKq2mGLEAb
2,2017-12-27,3,Flat,River (feat. Ed Sheeran),Eminem,3290505,https://i.scdn.co/image/ab67616d00004851255191ed87a907d362b43f19,https://open.spotify.com/track/5UEnHoDYpsxlfzWLZIc7LD
3,2017-12-27,4,Flat,New Rules,Dua Lipa,2888083,https://i.scdn.co/image/ab67616d000048516b915e407b70e121e06fe979,https://open.spotify.com/track/2ekn2ttSfGqwhhate0LSR0
4,2017-12-27,5,Up,Wolves,Selena Gomez,2717327,https://i.scdn.co/image/ab67616d0000485110368f28dac3b838770f985c,https://open.spotify.com/track/7EmGUiUaOSGDnUUQUDrOXC
5,2017-12-27,6,Down,Perfect,Ed Sheeran,2648685,https://i.scdn.co/image/ab67616d00004851ba5db46f4b838ef6027e6f96,https://open.spotify.com/track/0tgVpDi06FyKpA1z0VMD4v
6,2017-12-27,7,Up,Let You Down,NF,2392583,https://i.scdn.co/image/ab67616d0000485139e85b6ae069d1e25bbc89df,https://open.spotify.com/track/6mrKP2jyIQmM0rw6fQryjr
7,2017-12-27,8,Down,Échame La Culpa,Luis Fonsi,2377404,https://i.scdn.co/image/ab67616d000048510ac9a58447dfccc5127248e0,https://open.spotify.com/track/1zsG4eaZmkA1dvjDDsAGLK
8,2017-12-27,9,Down,Gucci Gang,Lil Pump,2293048,https://i.scdn.co/image/ab67616d00004851d52ef190ae5253eb2c3c764c,https://open.spotify.com/track/43ZyHQITOjhciSUUNPVRHc
9,2017-12-27,10,Flat,Too Good At Goodbyes,Sam Smith,2266762,https://i.scdn.co/image/eb645ad7342e0f34817e16d9d4061c3b5e374d4c,https://open.spotify.com/track/1mXVgsBdtIVeCLJnSnmtdV
10,2017-12-27,11,Up,Him & I (with Halsey),G-Eazy,2245893,https://i.scdn.co/image/ab67616d00004851046527a9c176f7c2916f3530,https://open.spotify.com/track/5k38wzpLb15YgncyWdTZE4
11,2017-12-27,12,Flat,What Lovers Do (feat. SZA),Maroon 5,2241194,https://i.scdn.co/image/ab67616d000048519ccf08d3f74b36b7880522b5,https://open.spotify.com/track/3hBBKuWJfxlIlnd9QFoC8k
12,2017-12-27,13,Flat,Shape of You,Ed Sheeran,2203138,https://i.scdn.co/image/ab67616d00004851ba5db46f4b838ef6027e6f96,https://open.spotify.com/track/7qiZfU4dY1lWllzX7mPBI3
13,2017-12-27,14,Down,Perfect Duet (Ed Sheeran & Beyoncé),Ed Sheeran,2198514,https://i.scdn.co/image/ab67616d00004851af6b2fca3b6e24612a5fe5d8,https://open.spotify.com/track/1bhUWB0zJMIKr9yVPrkEuI
14,2017-12-27,15,Up,Silence,Marshmello,2034903,https://i.scdn.co/image/ab67616d00004851f33ba583059dc2f7d08bf2b8,https://open.spotify.com/track/7vGuf3Y35N4wmASOKLUVVU
15,2017-12-27,16,Up,I Fall Apart,Post Malone,1887603,https://i.scdn.co/image/23bae95100dcb6ac8f88c19fa2a11c50a998a926,https://open.spotify.com/track/75ZvA4QfFiZvzhj2xkaWAh
16,2017-12-27,17,Flat,Corazón,Maluma,1838648,https://i.scdn.co/image/ab67616d000048516876ec811b26ba2094565b34,https://open.spotify.com/track/4lESS6vuruP6a79KWRaQou
17,2017-12-27,18,Up,Dusk Till Dawn - Radio Edit,ZAYN,1782466,https://i.scdn.co/image/ab67616d0000485123852b7ef0ecfe29d38d97ee,https://open.spotify.com/track/1j4kHkkpqZRBwE0A4CN4Yv
18,2017-12-27,19,Flat,Sensualidad,Bad Bunny,1711083,https://i.scdn.co/image/ab67616d00004851c0ca1263b2966ddff794d3bb,https://open.spotify.com/track/5hcisvFMidkMJlElTO9Qmw
19,2017-12-27,20,Flat,Downtown,Anitta,1682457,https://i.scdn.co/image/ab67616d000048518c6b830c36c7b4ac43c3cee8,https://open.spotify.com/track/3Ga6eKrUFf12ouh9Yw3v2D
20,2017-12-27,21,Up,"Let Me Go (with Alesso, Florida Georgia Line & watt)",Hailee Steinfeld,1662632,https://i.scdn.co/image/ab67616d00004851dbdc892395413def043e0655,https://open.spotify.com/track/5AEtlRudpgdT5FtNiuly6Y
21,2017-12-27,22,Flat,Criminal,Natti Natasha,1569308,https://i.scdn.co/image/ab67616d000048515f3f4af0d3e662247a7d8cff,https://open.spotify.com/track/6Za3190Sbw39BBC77WSS1C
22,2017-12-27,23,Up,Thunder,Imagine Dragons,1524208,https://i.scdn.co/image/ab67616d000048517956bd9a3d7a15e4c2e37cc6,https://open.spotify.com/track/0tKcYR2II1VCQWT79i5NrW
23,2017-12-27,24,Up,XO Tour Llif3,Lil Uzi Vert,1522427,https://i.scdn.co/image/ab67616d0000485141b41e6f7924e530a9b00f9c,https://open.spotify.com/track/7GX5flRQZVHRAGd6B4TmDO
24,2017-12-27,25,Up,How Long,Charlie Puth,1514557,https://i.scdn.co/image/ab67616d00004851872353e715cccea67fe3de91,https://open.spotify.com/track/32DGGj6KlNuBr6WaqRxpxi
25,2017-12-27,26,Up,Meant to Be (feat. Florida Georgia Line),Bebe Rexha,1494307,https://i.scdn.co/image/ab67616d000048511ba5682505dd6e2592b16e41,https://open.spotify.com/track/7iDa6hUg2VgEL1o1HjmfBn
26,2017-12-27,27,Up,Candy Paint,Post Malone,1468636,https://i.scdn.co/image/ab67616d00004851bf95d2beddffbdb488310f67,https://open.spotify.com/track/42CeaId2XNlxugDvyqHfDf
27,2017-12-27,28,Up,No Limit,G-Eazy,1466492,https://i.scdn.co/image/ab67616d00004851046527a9c176f7c2916f3530,https://open.spotify.com/track/2DQ1ITjI0YoLFzuADN1ZBW
28,2017-12-27,29,Up,Bartier Cardi (feat. 21 Savage),Cardi B,1465860,https://i.scdn.co/image/ab67616d000048518cb4b5d8ae71725b96b8907c,https://open.spotify.com/track/75FDPwaULRdYDn4StFN2rT
29,2017-12-27,30,Flat,Young Dumb & Broke,Khalid,1461740,https://i.scdn.co/image/ab67616d00004851988ede5e1276e758b5f9e577,https://open.spotify.com/track/5Z3GHaZ6ec9bsiI5BenrbY
30,2017-12-27,31,Up,I Miss You (feat. Julia Michaels),Clean Bandit,1444581,https://i.scdn.co/image/ab67616d000048518341ce7a7a1f4ab4182823d5,https://open.spotify.com/track/2xmrfQpmS2iJExTlklLoAL
31,2017-12-27,32,Up,Mi Gente,J Balvin,1418837,https://i.scdn.co/image/ab67616d00004851996bd1ea86bd3815eedfeef5,https://open.spotify.com/track/2rb5MvYT7ZIxbKW5hfcHx8
32,2017-12-27,33,Down,Se Preparó,Ozuna,1375130,https://i.scdn.co/image/ab67616d00004851b0a875d7f1bfe4ec4aaffa48,https://open.spotify.com/track/1m69ELEgE6k5ZWsap40ozt
33,2017-12-27,34,Down,Vai malandra (feat. Tropkillaz & DJ Yuri Martins),Anitta,1369375,https://i.scdn.co/image/ab67616d000048512862285a618721193e8fdac6,https://open.spotify.com/track/6u0EAxf1OJTLS7CvInuNd7
34,2017-12-27,35,Up,Congratulations,Post Malone,1366898,https://i.scdn.co/image/23bae95100dcb6ac8f88c19fa2a11c50a998a926,https://open.spotify.com/track/3a1lNhkSLSkpJE4MSHpDu9
35,2017-12-27,36,Up,1-800-273-8255,Logic,1317147,https://i.scdn.co/image/08f9ccb7875a87c07c79c1ccd5319263786c55ea,https://open.spotify.com/track/5tz69p7tJuGPeMGwNTxYuV
36,2017-12-27,37,Up,Déjala que vuelva (feat. Manuel Turizo),Piso 21,1297375,https://i.scdn.co/image/ab67616d000048514ed4c2e64f7bf0977aa70b42,https://open.spotify.com/track/33bnxcjePIkcmNjEFTJX0l
37,2017-12-27,38,Up,Unforgettable,French Montana,1282901,https://i.scdn.co/image/ab67616d000048518a31195a371b2233456f6c07,https://open.spotify.com/track/3B54sVLJ402zGa6Xm4YGNe
38,2017-12-27,39,Up,HUMBLE.,Kendrick Lamar,1275223,https://i.scdn.co/image/ae1f239b41e9604a66eb900834c6887cd2f62ff1,https://open.spotify.com/track/7KXjTSCq5nL1LoYtL7XAwS
39,2017-12-27,40,Up,Me Rehúso,Danny Ocean,1261641,https://i.scdn.co/image/ab67616d00004851a75bd33684083600569dd3bf,https://open.spotify.com/track/6De0lHrwBfPfrhorm9q1Xl
40,2017-12-27,41,Flat,Ric Flair Drip (& Metro Boomin),Offset,1255870,https://i.scdn.co/image/ab67616d000048510f206fe737d46f2f2d826d83,https://open.spotify.com/track/7sO5G9EABYOXQKNPNiE9NR
41,2017-12-27,42,Down,Mayores,Becky G,1249584,https://i.scdn.co/image/ab67616d00004851b5983d639fd953deb3c99848,https://open.spotify.com/track/7JNh1cfm0eXjqFVOzKLyau
42,2017-12-27,43,Up,Feel It Still,Portugal. The Man,1241244,https://i.scdn.co/image/ab67616d00004851af52c228c9619ff6298b08cd,https://open.spotify.com/track/6QgjcU0zLnzq5OrUoSZ3OK
43,2017-12-27,44,Down,Bank Account,21 Savage,1238578,https://i.scdn.co/image/ab67616d00004851ac3c0aecec76cd7b5a54795e,https://open.spotify.com/track/2fQrGHiQOvpL9UgPvtYy6G
44,2017-12-27,45,Down,Man's Not Hot,Big Shaq,1216502,https://i.scdn.co/image/ab67616d00004851e297a281788cf46e9094a2ca,https://open.spotify.com/track/2nUJvBO87SkxCViQsLc9Zr
45,2017-12-27,46,Up,Stargazing,Kygo,1210774,https://i.scdn.co/image/ab67616d00004851a333559091297eda04eba27c,https://open.spotify.com/track/0Zbbxnx4SGGHoIow4PpISP
46,2017-12-27,47,Up,Attention,Charlie Puth,1204654,https://i.scdn.co/image/ab67616d00004851db21a273452f0637cdbc35aa,https://open.spotify.com/track/4iLqG9SeJSnt0cSPICSjxv
47,2017-12-27,48,Up,Never Be the Same,Camila Cabello,1165362,https://i.scdn.co/image/ab67616d00004851e2fd4f9a7ae81c89a204e26b,https://open.spotify.com/track/6VpQdig9pdpTSIFItgkJV5
48,2017-12-27,49,Up,Something Just Like This,The Chainsmokers,1135699,https://i.scdn.co/image/ab67616d000048510c13d3d5a503c84fcc60ae94,https://open.spotify.com/track/6RUKPb4LETWmmr3iAEQktW
49,2017-12-27,50,Up,So Far Away (feat. Jamie Scott & Romy Dya),Martin Garrix,1132692,https://i.scdn.co/image/ab67616d000048512bfb97c135445f83927049ca,https://open.spotify.com/track/0OlnLZY4cmQzT6ZGttvWBM
50,2017-12-27,51,Up,Despacito - Remix,Luis Fonsi,1101412,https://i.scdn.co/image/ab67616d00004851d8559d0280ffe2a2af6dacdf,https://open.spotify.com/track/5CtI0qwDJkDQGwXD1H1cLb
51,2017-12-27,52,Up,Anywhere,Rita Ora,1087534,https://i.scdn.co/image/ab67616d000048517a642f7a662f4c94683ac038,https://open.spotify.com/track/7EI6Iki24tBHAMxtb4xQN2
52,2017-12-27,53,Flat,Sorry Not Sorry,Demi Lovato,1077618,https://i.scdn.co/image/ab67616d00004851ec9c72308e30e7aa1d22b37d,https://open.spotify.com/track/3m660poUr1chesgkkjQM7P
53,2017-12-27,54,Up,Believer,Imagine Dragons,1075142,https://i.scdn.co/image/ab67616d000048517956bd9a3d7a15e4c2e37cc6,https://open.spotify.com/track/0CcQNd8CINkwQfe1RDtGV6
54,2017-12-27,55,Down,Perro Fiel (feat. Nicky Jam),Shakira,1045398,https://i.scdn.co/image/ab67616d00004851d05d3aad30c5fb7614893cf5,https://open.spotify.com/track/70lnL3QaSOIIyMa2X9aVRL
55,2017-12-27,56,Up,"Home (with Machine Gun Kelly, X Ambassadors & Bebe Rexha)",Machine Gun Kelly,1028512,https://i.scdn.co/image/ab67616d000048517a3fbbab0e9fb050a08fa065,https://open.spotify.com/track/0OI7AFifLSoGzpb8bdBLLV
56,2017-12-27,57,Up,MotorSport,Migos,1013230,https://i.scdn.co/image/ab67616d000048510dee8dd1f81727cbe7f085a3,https://open.spotify.com/track/1YZfcVLbbJwfizR5cDOp3q
57,2017-12-27,58,Flat,Havana - Remix,Camila Cabello,1011003,https://i.scdn.co/image/ab67616d000048515556fb4dfea9c05e09519c25,https://open.spotify.com/track/3whrwq4DtvucphBPUogRuJ
58,2017-12-27,59,Up,Lonely Together (feat. Rita Ora),Avicii,1007563,https://i.scdn.co/image/241ee98f30f1a0066a26890586952e393a473b0d,https://open.spotify.com/track/2OALaHcDdKkjYEpAr0Qzab
59,2017-12-27,60,Up,I Like Me Better,Lauv,1004548,https://i.scdn.co/image/ab67616d00004851fab48816b625e2a77a732400,https://open.spotify.com/track/1wjzFQodRWrPcQ0AnYnvQ9
60,2017-12-27,61,Up,All Falls Down (feat. Juliander),Alan Walker,992687,https://i.scdn.co/image/ab67616d00004851206fdebc66bd04d9913f035d,https://open.spotify.com/track/5yFSF6qQA1rcLsQRnBsZgb
61,2017-12-27,62,Down,Que Va,Alex Sensation,973943,https://i.scdn.co/image/ab67616d00004851571f364389a9436e4ff8a362,https://open.spotify.com/track/7ofxPmTNMj2GP07g1VZa0O
62,2017-12-27,63,Up,Tip Toe (feat. French Montana),Jason Derulo,973287,https://i.scdn.co/image/ab67616d000048511ba06755018b46f2a6a2a7ff,https://open.spotify.com/track/2z4pcBLQXF2BXKFvd0BuB6
63,2017-12-27,64,Down,All I Want for Christmas Is You,Mariah Carey,967135,https://i.scdn.co/image/ab67616d000048514246e3158421f5abb75abc4f,https://open.spotify.com/track/0bYg9bo50gSsH3LtXe2SQn
64,2017-12-27,65,Up,There's Nothing Holdin' Me Back,Shawn Mendes,966538,https://i.scdn.co/image/ab67616d00004851f9cbd0c07513a7232cd6b9a7,https://open.spotify.com/track/79cuOz3SPQTuFrp8WgftAu
65,2017-12-27,66,Up,Friends (with BloodPop®),Justin Bieber,965462,https://i.scdn.co/image/ab67616d00004851302806b2c89a0f7a24b4922c,https://open.spotify.com/track/7nZmah2llfvLDiUjm0kiyz
66,2017-12-27,67,Up,Bodak Yellow,Cardi B,930789,https://i.scdn.co/image/ab67616d0000485162a2dedc55a38a0fca0a17b0,https://open.spotify.com/track/2771LMNxwf62FTAdpJMQfM
67,2017-12-27,68,Up,More Than You Know,Axwell /\ Ingrosso,929783,https://i.scdn.co/image/ab67616d00004851a1944d8afb76a8fd03ed8c0f,https://open.spotify.com/track/71bBFbfn2OBK5QwUJSLS44
68,2017-12-27,69,Down,Báilame - Remix,Nacho,925579,https://i.scdn.co/image/ab67616d00004851473f54a79eb118bdfa668aa2,https://open.spotify.com/track/3VClLWqNn80Llv0PJOsKgr
69,2017-12-27,70,Up,PICK IT UP (feat. A$AP Rocky),Famous Dex,919717,https://i.scdn.co/image/ab67616d00004851b3c4572395192f7c8d26820b,https://open.spotify.com/track/3ncgNpxLoBQ65ABk4djDyd
70,2017-12-27,71,Up,Codeine Dreaming (feat. Lil Wayne),Kodak Black,906197,https://i.scdn.co/image/ab67616d000048518e3046e13f253a208519b21a,https://open.spotify.com/track/4DTpngLjoHj5gFxEZFeD3J
71,2017-12-27,72,Up,Say You Won't Let Go,James Arthur,893961,https://i.scdn.co/image/ab67616d0000485120beb61f61fcbeb33b10a9ab,https://open.spotify.com/track/5uCax9HTNlzGybIStD3vDh
72,2017-12-27,73,Up,Tell Me You Love Me,Demi Lovato,893123,https://i.scdn.co/image/ab67616d00004851921862ba830177affb254106,https://open.spotify.com/track/5Htb1uFQ1KrkFXlefS8oGj
73,2017-12-27,74,Down,Felices los 4,Maluma,891893,https://i.scdn.co/image/ab67616d00004851d9732b592276542ecafa6c6d,https://open.spotify.com/track/0qYTZCo5Bwh1nsUFGZP3zn
74,2017-12-27,75,Up,Bum Bum Tam Tam,MC Fioti,878557,https://i.scdn.co/image/ab67616d00004851f45f041104bda8b5737ded73,https://open.spotify.com/track/4zWO4gvuFtw6EJZC5FFGlr
75,2017-12-27,76,Flat,Escápate Conmigo (feat. Ozuna),Wisin,878491,https://i.scdn.co/image/ab67616d00004851c7524a697e709517b50681b2,https://open.spotify.com/track/1KSqYYJFyfTecXFk9M0prc
76,2017-12-27,77,Down,Jocelyn Flores,XXXTENTACION,873700,https://i.scdn.co/image/ab67616d00004851203c89bd4391468eea4cc3f5,https://open.spotify.com/track/7m9OqQk4RVRkw9JJdeAw96
77,2017-12-27,78,Down,Suena El Dembow,Joey Montana,871132,https://i.scdn.co/image/ab67616d00004851c8185c654dc0409609c5eb31,https://open.spotify.com/track/5TysCiZtv1HnSWcTcUFusI
78,2017-12-27,79,Up,Plain Jane,A$AP Ferg,869261,https://i.scdn.co/image/ab67616d00004851d79cfa3155b50beb5dbeeb9a,https://open.spotify.com/track/4dVpf9jZjcORqGTLUaeYj9
79,2017-12-27,80,Up,Galway Girl,Ed Sheeran,850861,https://i.scdn.co/image/ab67616d00004851ba5db46f4b838ef6027e6f96,https://open.spotify.com/track/0afhq8XCExXpqazXczTSve
80,2017-12-27,81,Up,End Game,Taylor Swift,847929,https://i.scdn.co/image/c2e6423b9624845f6dd57aef8ce00fa53aedcef7,https://open.spotify.com/track/2x0WlnmfG39ZuDmstl9xfX
81,2017-12-27,82,Up,"I'm the One (feat. Justin Bieber, Quavo, Chance the Rapper & Lil Wayne)",DJ Khaled,845346,https://i.scdn.co/image/ab67616d00004851dcb6a73da1e7f293b875f69c,https://open.spotify.com/track/3DXncPQOG4VBw3QHh3S817
82,2017-12-27,83,Up,LOVE. FEAT. ZACARI.,Kendrick Lamar,840915,https://i.scdn.co/image/ae1f239b41e9604a66eb900834c6887cd2f62ff1,https://open.spotify.com/track/6PGoSes0D9eUDeeAafB2As
83,2017-12-27,84,Down,Robarte un Beso,Carlos Vives,833279,https://i.scdn.co/image/ab67616d00004851575fb66ec11e54fb68d548a5,https://open.spotify.com/track/0JcNysfWVWaMS7R6vzGB2k
84,2017-12-27,85,Up,Strip That Down,Liam Payne,828513,https://i.scdn.co/image/ab67616d00004851ec1abb2ba5e210e826161111,https://open.spotify.com/track/6EpRaXYhGOB3fj4V2uDkMJ
85,2017-12-27,86,Up,Look What You Made Me Do,Taylor Swift,827098,https://i.scdn.co/image/c2e6423b9624845f6dd57aef8ce00fa53aedcef7,https://open.spotify.com/track/1P17dC1amhFzptugyAO7Il
86,2017-12-27,87,Up,Betrayed,Lil Xan,823711,https://i.scdn.co/image/ab67616d00004851fd53c5b8a4787f283833db4d,https://open.spotify.com/track/6NWl2m8asvH83xjuXVNsuG
87,2017-12-27,88,Up,Feels,Calvin Harris,822843,https://i.scdn.co/image/ab67616d000048514d3fa5ce7ba599f4fd7803ef,https://open.spotify.com/track/5bcTCxgc7xVfSaMV3RuVke
88,2017-12-27,89,Up,BUTTERFLY EFFECT,Travis Scott,822258,https://i.scdn.co/image/ab67616d00004851b5e9358d0d07114609d9afab,https://open.spotify.com/track/1yxgsra98r3qAtxqiGZPiX
89,2017-12-27,90,Up,Location,Khalid,812873,https://i.scdn.co/image/ab67616d00004851988ede5e1276e758b5f9e577,https://open.spotify.com/track/152lZdxL1OR0ZMW6KquMif
90,2017-12-27,91,Up,Sky Walker (feat. Travis Scott),Miguel,811557,https://i.scdn.co/image/ab67616d000048515e9dff10c31ac14c6c6c920d,https://open.spotify.com/track/5WoaF1B5XIEnWfmb5NZikf
91,2017-12-27,92,Up,That's What I Like,Bruno Mars,808134,https://i.scdn.co/image/ab67616d00004851232711f7d66a1e19e89e28c5,https://open.spotify.com/track/0KKkJNfGyhkQ5aFogxQAPU
92,2017-12-27,93,Up,Bad At Love,Halsey,803936,https://i.scdn.co/image/d5bb421dbecbba7c6904eb67672f3cd25cf54c23,https://open.spotify.com/track/7y9iMe8SOB6z3NoHE2OfXl
93,2017-12-27,94,Up,goosebumps,Travis Scott,799089,https://i.scdn.co/image/ab67616d00004851f54b99bf27cda88f4a7403ce,https://open.spotify.com/track/6gBFPUFcJLzWGx4lenP6h2
94,2017-12-27,95,Up,Symphony (feat. Zara Larsson),Clean Bandit,795174,https://i.scdn.co/image/ab67616d000048515b1130d050c4cd2295999d85,https://open.spotify.com/track/1x5sYLZiu9r5E43kMlt9f8
95,2017-12-27,96,Up,Wild Thoughts (feat. Rihanna & Bryson Tiller),DJ Khaled,790836,https://i.scdn.co/image/ab67616d00004851dcb6a73da1e7f293b875f69c,https://open.spotify.com/track/1OAh8uOEOvTDqkKFsKksCi
96,2017-12-27,97,Up,Glorious (feat. Skylar Grey),Macklemore,787719,https://i.scdn.co/image/ab67616d000048512e94b668c60b06deb1c3a05c,https://open.spotify.com/track/0CokSRCu5hZgPxcZBaEzVE
97,2017-12-27,98,Up,Despacito (Featuring Daddy Yankee),Luis Fonsi,781367,https://i.scdn.co/image/ab67616d00004851a5971936e3b8d91f8b616b17,https://open.spotify.com/track/4aWmUDTfIPGksMNLV2rQP2
98,2017-12-27,99,Down,Bonita,J Balvin,780887,https://i.scdn.co/image/ab67616d0000485148f3fc1d4f0fed414418e041,https://open.spotify.com/track/693iqPOQvhI7PobtR8CC8v
99,2017-12-27,100,Down,MIC Drop (feat. Desiigner) [Steve Aoki Remix],BTS,780806,https://i.scdn.co/image/ab67616d0000485115220cf0d8a63c67c8daaaa6,https://open.spotify.com/track/7Ed6BkggCS2KaKY5YlINaF
100,2017-12-27,101,Up,Real Friends,Camila Cabello,780573,https://i.scdn.co/image/ab67616d00004851b3871041ff516235e4b28126,https://open.spotify.com/track/4V6MRo0CEAC9MwAm7dkPuL
101,2017-12-27,102,Down,Vuelve,Daddy Yankee,779020,https://i.scdn.co/image/ab67616d0000485127fd276f720970c987695b55,https://open.spotify.com/track/0lJCqIx5BhZtf6QtYI2fbv
102,2017-12-27,103,Up,Naked,James Arthur,778786,https://i.scdn.co/image/ab67616d00004851f13bfa0da7b94ac3272f3152,https://open.spotify.com/track/7krbSH3rd8lhIZvuzTV3Bl
103,2017-12-27,104,Up,It Ain't Me (with Selena Gomez),Kygo,775712,https://i.scdn.co/image/ab67616d0000485141f289940f2e6a0d51988d77,https://open.spotify.com/track/3eR23VReFzcdmS7TYCrhCe
104,2017-12-27,105,Up,Closer,The Chainsmokers,755516,https://i.scdn.co/image/ab67616d00004851495ce6da9aeb159e94eaa453,https://open.spotify.com/track/7BKLCZ1jbUBVqRi2FVlTVw
105,2017-12-27,106,Up,SUTRA,Sebastian Yatra,755361,https://i.scdn.co/image/ab67616d00004851f215288f120008eb66a16a8b,https://open.spotify.com/track/5TmZYdHW6HJ9gt7Aokuql5
106,2017-12-27,107,Up,I Get The Bag (feat. Migos),Gucci Mane,745578,https://i.scdn.co/image/ab67616d00004851af7525e55333b110ff0f4e95,https://open.spotify.com/track/1XRgIKC5TPwo7nWGyKqgG0
107,2017-12-27,108,Up,Bella y Sensual,Romeo Santos,744741,https://i.scdn.co/image/ab67616d00004851827d0777f8cccdf5b7481442,https://open.spotify.com/track/0ERbK7qVqveCaBWIiYCrl3
108,2017-12-27,109,Up,Mama,Jonas Blue,744654,https://i.scdn.co/image/14891cf71e2287163c137e90074783ba5cdd4ff4,https://open.spotify.com/track/0NiXXAI876aGImAd6rTj8w
109,2017-12-27,110,Up,Wanted You (feat. Lil Uzi Vert),NAV,733827,https://i.scdn.co/image/8eebb0096ab97f23172ea197224a4ee0267043eb,https://open.spotify.com/track/790MhTXPFrYkrqCKvpg4t1
110,2017-12-27,111,Up,Mask Off,Future,733231,https://i.scdn.co/image/ab67616d00004851e0b64c8be3c4e804abcb2696,https://open.spotify.com/track/0VgkVdmE4gld66l8iyGjgx
111,2017-12-27,112,Up,Photograph,Ed Sheeran,721833,https://i.scdn.co/image/ab67616d00004851d08209944468440145f01524,https://open.spotify.com/track/6fxVffaTuwjgEk5h9QyRjy
112,2017-12-27,113,Up,Swalla (feat. Nicki Minaj & Ty Dolla $ign),Jason Derulo,711550,https://i.scdn.co/image/ab67616d000048519d6522bee68370fa5592301d,https://open.spotify.com/track/6kex4EBAj0WHXDKZMEJaaF
113,2017-12-27,114,Up,"I Don’t Wanna Live Forever (Fifty Shades Darker) - From ""Fifty Shades Darker (Original Motion Picture Soundtrack)""",ZAYN,710282,https://i.scdn.co/image/ab67616d000048512ae921f082ae5db4d3da818f,https://open.spotify.com/track/3NdDpSvN911VPGivFlV5d0
114,2017-12-27,115,Up,What About Us,P!nk,709387,https://i.scdn.co/image/ab67616d0000485100164c96548a622d34b39828,https://open.spotify.com/track/0Qh38w01QRXK6KHIv0e3hb
115,2017-12-27,116,Up,Go Flex,Post Malone,704356,https://i.scdn.co/image/23bae95100dcb6ac8f88c19fa2a11c50a998a926,https://open.spotify.com/track/5yuShbu70mtHXY0yLzCQLQ
116,2017-12-27,117,Up,Starboy,The Weeknd,702387,https://i.scdn.co/image/ab67616d000048510c8599cbde51245c128bcea9,https://open.spotify.com/track/5aAx2yezTd8zXrkmtKl66Z
117,2017-12-27,118,Up,Una Lady Como Tú,Manuel Turizo,694146,https://i.scdn.co/image/ab67616d00004851f9dc35bc367fcf98e763d27e,https://open.spotify.com/track/7MHN1aCFtLXjownGhvEQlF
118,2017-12-27,119,Up,Dirty Sexy Money (feat. Charli XCX & French Montana),David Guetta,693785,https://i.scdn.co/image/ab67616d00004851657bb3660936e0d47e785dcd,https://open.spotify.com/track/0tPQPaOKM32WgMSbPCYyRH
119,2017-12-27,120,Up,Walk On Water (feat. Beyoncé),Eminem,693271,https://i.scdn.co/image/ab67616d00004851255191ed87a907d362b43f19,https://open.spotify.com/track/5PIBgH1cUFwu5IiUk9tnN9
120,2017-12-27,121,Down,Last Christmas,Wham!,687126,https://i.scdn.co/image/ab67616d00004851f2d2adaa21ad616df6241e7d,https://open.spotify.com/track/2FRnf9qhLbvw8fu4IBXx78
121,2017-12-27,122,Up,Stay (with Alessia Cara),Zedd,682089,https://i.scdn.co/image/ab67616d0000485191a70f95efc3400f696e89cc,https://open.spotify.com/track/0dA2Mk56wEzDgegdC6R17g
122,2017-12-27,123,Up,Wait,Maroon 5,679202,https://i.scdn.co/image/ab67616d000048519ccf08d3f74b36b7880522b5,https://open.spotify.com/track/1Qg9jWGDkKAGZXj5v2OG59
123,2017-12-27,124,Up,Saint,Huncho Jack,678222,https://i.scdn.co/image/ab67616d00004851c19d99e0cc35ceddaddc639c,https://open.spotify.com/track/7foypmc7KZyU716Yv63BPe
124,2017-12-27,125,Up,Whatever It Takes,Imagine Dragons,677494,https://i.scdn.co/image/ab67616d000048517956bd9a3d7a15e4c2e37cc6,https://open.spotify.com/track/4IWAyPf1KMq7JCyGeCjTeH
125,2017-12-27,126,Up,Sober,G-Eazy,668407,https://i.scdn.co/image/ab67616d00004851046527a9c176f7c2916f3530,https://open.spotify.com/track/3qk4wRMDlaeagZGjSYbsOV
126,2017-12-27,127,Up,Thinking out Loud,Ed Sheeran,668361,https://i.scdn.co/image/ab67616d00004851d08209944468440145f01524,https://open.spotify.com/track/1Slwb6dOYkBlWal1PGtnNg
127,2017-12-27,128,Up,Castle on the Hill,Ed Sheeran,668307,https://i.scdn.co/image/ab67616d00004851ba5db46f4b838ef6027e6f96,https://open.spotify.com/track/6PCUP3dWmTjcTtXY02oFdT
128,2017-12-27,129,Up,3 A.M.,Jesse & Joy,658662,https://i.scdn.co/image/ab67616d000048510d747598f6e8df40f5671e0c,https://open.spotify.com/track/0yyZN5ASdrYu0XYWFzfxUu
129,2017-12-27,130,Up,Issues,Julia Michaels,652778,https://i.scdn.co/image/bed97a5c36c8dda6724f89ecfd8c23497cc897f4,https://open.spotify.com/track/7vu0JkJh0ldukEYbTVcqd0
130,2017-12-27,131,Up,Dubai Shit,Huncho Jack,651622,https://i.scdn.co/image/ab67616d00004851c19d99e0cc35ceddaddc639c,https://open.spotify.com/track/6urLjX35oXXRYtcH1b3dCh
131,2017-12-27,132,Up,Ahora Dice,Chris Jeday,649603,https://i.scdn.co/image/ab67616d000048513a142c7e7fc7863dc1a256ed,https://open.spotify.com/track/22eADXu8DfOAUEDw4vU8qy
132,2017-12-27,133,Up,Bella,Wolfine,645010,https://i.scdn.co/image/ab67616d00004851b2713d1b35da8d005e8e7e64,https://open.spotify.com/track/1Ft13La2daEGqz5yWJC7lx
133,2017-12-27,134,Up,Without You (feat. Sandro Cavazza),Avicii,643359,https://i.scdn.co/image/ab67616d0000485130800bfbfff51ddb031d9bd7,https://open.spotify.com/track/6WbADFqMvR8N5u0BvtsWQE
134,2017-12-27,135,Up,Fuck Love (feat. Trippie Redd),XXXTENTACION,629552,https://i.scdn.co/image/ab67616d00004851203c89bd4391468eea4cc3f5,https://open.spotify.com/track/7AQim7LbvFVZJE3O8TYgf2
135,2017-12-27,136,Up,Back to You (feat. Bebe Rexha & Digital Farm Animals),Louis Tomlinson,626907,https://i.scdn.co/image/ab67616d00004851327d7ffa53a268bf7411c28b,https://open.spotify.com/track/7F9vK8hNFMml4GtHsaXui6
136,2017-12-27,137,Up,2U (feat. Justin Bieber),David Guetta,621835,https://i.scdn.co/image/ab67616d0000485145c5570d4a66346d8f683913,https://open.spotify.com/track/3A7qX2QjDlPnazUsRk5y0M
137,2017-12-27,138,Up,Slow Hands,Niall Horan,619887,https://i.scdn.co/image/ab67616d0000485194fde6afa9cbf073e5b6445a,https://open.spotify.com/track/38yBBH2jacvDxrznF7h08J
138,2017-12-27,139,Up,One Dance,Drake,619151,https://i.scdn.co/image/ab67616d00004851726abca207567d5e41cb9667,https://open.spotify.com/track/1xznGGDReH1oQq0xzbwXa3
139,2017-12-27,140,Up,Too Much To Ask,Niall Horan,617826,https://i.scdn.co/image/ab67616d0000485194fde6afa9cbf073e5b6445a,https://open.spotify.com/track/4v094LQ9eF10k2O2Te2ngK
140,2017-12-27,141,Up,Slippery (feat. Gucci Mane),Migos,616190,https://i.scdn.co/image/ab67616d0000485199a8ab6da9d593939302828a,https://open.spotify.com/track/6p8NuHm8uCGnn2Dtbtf7zE
141,2017-12-27,142,Up,Redbone,Childish Gambino,616038,https://i.scdn.co/image/ab67616d000048510b97e56ffad7c6211aa848f8,https://open.spotify.com/track/3kxfsdsCpFgN412fpnW85Y
142,2017-12-27,143,Up,White Iverson,Post Malone,615541,https://i.scdn.co/image/23bae95100dcb6ac8f88c19fa2a11c50a998a926,https://open.spotify.com/track/6eT7xZZlB2mwyzJ2sUKG6w
143,2017-12-27,144,Up,Roll In Peace (feat. XXXTENTACION),Kodak Black,615287,https://i.scdn.co/image/ab67616d00004851583ce93dc89d84218f233ea7,https://open.spotify.com/track/40oKW22ZNNkEdZLJTScaQI
144,2017-12-27,145,Up,Explícale (feat. Bad Bunny),Yandel,613787,https://i.scdn.co/image/ab67616d00004851b54d1c695daae20467312eb3,https://open.spotify.com/track/1LszjjoVwDDZcWUQbzeDLG
145,2017-12-27,146,Up,Rockabye (feat. Sean Paul & Anne-Marie),Clean Bandit,610718,https://i.scdn.co/image/ab67616d000048511431c3bdf16aa99f71799d95,https://open.spotify.com/track/5knuzwU65gJK7IF5yJsuaW
146,2017-12-27,147,Up,Happier,Ed Sheeran,608880,https://i.scdn.co/image/ab67616d00004851ba5db46f4b838ef6027e6f96,https://open.spotify.com/track/2RttW7RAu5nOAfq6YFvApB
147,2017-12-27,148,Up,Pretty Girl - Cheat Codes X CADE Remix,Maggie Lindemann,608417,https://i.scdn.co/image/ab67616d000048517c7436e1b6273be0e7bc1a84,https://open.spotify.com/track/1NDxZ7cFAo481dtYWdrUnR
148,2017-12-27,149,Up,Scared to Be Lonely,Martin Garrix,605786,https://i.scdn.co/image/ab67616d0000485164f8a309aa3c0a66a31fc374,https://open.spotify.com/track/3ebXMykcMXOcLeJ9xZ17XH
149,2017-12-27,150,Up,Paris,The Chainsmokers,604517,https://i.scdn.co/image/ab67616d000048510c13d3d5a503c84fcc60ae94,https://open.spotify.com/track/72jbDTw1piOOj770jWNeaG
150,2017-12-27,151,Up,DNA.,Kendrick Lamar,603732,https://i.scdn.co/image/ae1f239b41e9604a66eb900834c6887cd2f62ff1,https://open.spotify.com/track/6HZILIRieu8S0iqY8kIKhj
151,2017-12-27,152,Up,Tú Foto,Ozuna,602877,https://i.scdn.co/image/ab67616d00004851b0a875d7f1bfe4ec4aaffa48,https://open.spotify.com/track/5zSOVwaY3sVjnmLhuEfsuf
152,2017-12-27,153,Down,Modern Slavery,Huncho Jack,602441,https://i.scdn.co/image/ab67616d00004851c19d99e0cc35ceddaddc639c,https://open.spotify.com/track/7J6bnDDitOwfelaJNixHhL
153,2017-12-27,154,Up,Ghostface Killers,21 Savage,599293,https://i.scdn.co/image/ab67616d000048510f206fe737d46f2f2d826d83,https://open.spotify.com/track/5u6vkDnOyaf8LsteDAj2ub
154,2017-12-27,155,Up,I Feel It Coming,The Weeknd,589584,https://i.scdn.co/image/b3683184efeb899b2d1a02f4957d0c630dc10b0b,https://open.spotify.com/track/5GXAXm5YOmYT0kL5jHvYBt
155,2017-12-27,156,Up,The Way Life Goes (feat. Oh Wonder),Lil Uzi Vert,580583,https://i.scdn.co/image/ab67616d0000485141b41e6f7924e530a9b00f9c,https://open.spotify.com/track/2eAZfqOm4EnOF9VvN50Tyc
156,2017-12-27,157,Down,Chambea,Bad Bunny,580161,https://i.scdn.co/image/ab67616d000048510df928195638edc8d1b7c4c4,https://open.spotify.com/track/6ElmxV9B2mSNscEjP27M7i
157,2017-12-27,158,Up,Passionfruit,Drake,578628,https://i.scdn.co/image/ab67616d000048515ea859dc94365abd9fd84fd6,https://open.spotify.com/track/7hDc8b7IXETo14hHIHdnhd
158,2017-12-27,159,Up,Black & Chinese,Huncho Jack,576141,https://i.scdn.co/image/ab67616d00004851c19d99e0cc35ceddaddc639c,https://open.spotify.com/track/628Ueb4sRiXApObhcU9iPU
159,2017-12-27,160,Up,A Different Way (with Lauv),DJ Snake,572908,https://i.scdn.co/image/ab67616d00004851506d86a3034de7bc2af6cb84,https://open.spotify.com/track/0Wv5wuenRLI3BcwgT3HPIP
160,2017-12-27,161,Up,...Ready For It?,Taylor Swift,567706,https://i.scdn.co/image/c2e6423b9624845f6dd57aef8ce00fa53aedcef7,https://open.spotify.com/track/2yLa0QULdQr0qAIvVwN6B5
161,2017-12-27,162,Up,No Promises (feat. Demi Lovato),Cheat Codes,566140,https://i.scdn.co/image/ab67616d00004851e74ecdb2f1316c8f026970a8,https://open.spotify.com/track/1louJpMmzEicAn7lzDalPW
162,2017-12-27,163,Up,Your Song,Rita Ora,550309,https://i.scdn.co/image/ab67616d00004851528e7f2b6eda1b2a20ccfb1f,https://open.spotify.com/track/4c2W3VKsOFoIg2SFaO6DY5
163,2017-12-27,164,Up,El Farsante,Ozuna,549656,https://i.scdn.co/image/ab67616d00004851b0a875d7f1bfe4ec4aaffa48,https://open.spotify.com/track/5EId1m4DNwTf3at31w8bPJ
164,2017-12-27,165,Up,Rubbin Off The Paint,YBN Nahmir,545906,https://i.scdn.co/image/ab67616d000048519147510353eec0dd5a6451b8,https://open.spotify.com/track/0taOCiup4HNG9LmbduVlJj
165,2017-12-27,166,Up,Reggaetón Lento (Remix),CNCO,543456,https://i.scdn.co/image/ab67616d00004851c11062d14bee6968fa86008c,https://open.spotify.com/track/5PB8zB1MOZASboLquvinMF
166,2017-12-27,167,Up,Stir Fry,Migos,538871,https://i.scdn.co/image/ab67616d00004851e43e574f285798733979ba66,https://open.spotify.com/track/4fndbjoz1qJyK6JcLdKfzm
167,2017-12-27,168,Up,Sign of the Times,Harry Styles,532560,https://i.scdn.co/image/ab67616d000048516c619c39c853f8b1d67b7859,https://open.spotify.com/track/5Ohxk2dO5COHF1krpoPigN
168,2017-12-27,169,Up,Mi Gente (feat. Beyoncé),J Balvin,531165,https://i.scdn.co/image/ab67616d00004851aa2bdbc1911b520d425af85e,https://open.spotify.com/track/7fwXWKdDNI5IutOMc5OKYw
169,2017-12-27,170,Up,IDGAF,Dua Lipa,530791,https://i.scdn.co/image/ab67616d000048516b915e407b70e121e06fe979,https://open.spotify.com/track/76cy1WJvNGJTj78UqeA5zr
170,2017-12-27,171,Up,Look At Me!,XXXTENTACION,529538,https://i.scdn.co/image/ab67616d000048515485ea186d6971e18fabcc2f,https://open.spotify.com/track/6eYxmK9fdL4hwLnXG2zY3s
171,2017-12-27,172,Up,Good Old Days (feat. Kesha),Macklemore,519858,https://i.scdn.co/image/ab67616d000048512e94b668c60b06deb1c3a05c,https://open.spotify.com/track/2Za1AlJNvksouPPWbXpR2X
172,2017-12-27,173,Up,"Lose Yourself - From ""8 Mile"" Soundtrack",Eminem,518473,https://i.scdn.co/image/ab67616d00004851a8a32ae2a279b9bf03445738,https://open.spotify.com/track/7w9bgPAmPTtrkt2v16QWvQ
173,2017-12-27,174,Up,Bad and Boujee (feat. Lil Uzi Vert),Migos,516033,https://i.scdn.co/image/ab67616d0000485199a8ab6da9d593939302828a,https://open.spotify.com/track/4Km5HrUvYTaSUfiSGPJeQR
174,2017-12-27,175,New,There for You,Martin Garrix,514226,https://i.scdn.co/image/ab67616d0000485172c57da7edfe8e915182cdd4,https://open.spotify.com/track/6jA8HL9i4QGzsj6fjoxp8Y
175,2017-12-27,176,New,Delicate,Taylor Swift,512975,https://i.scdn.co/image/c2e6423b9624845f6dd57aef8ce00fa53aedcef7,https://open.spotify.com/track/6NFyWDv5CjfwuzoCkw47Xf
176,2017-12-27,177,Up,Drowning (feat. Kodak Black),A Boogie Wit da Hoodie,509029,https://i.scdn.co/image/ab67616d00004851cdba7ee22968991250725ce1,https://open.spotify.com/track/1f5cbQtDrykjarZVrShaDI
177,2017-12-27,178,New,24K Magic,Bruno Mars,507860,https://i.scdn.co/image/ab67616d00004851232711f7d66a1e19e89e28c5,https://open.spotify.com/track/6b8Be6ljOzmkOmFslEb23P
178,2017-12-27,179,Up,Como Antes (feat. Wisin),Yandel,506056,https://i.scdn.co/image/ab67616d00004851b54d1c695daae20467312eb3,https://open.spotify.com/track/5YzA563GXTuwQaRq24z1k5
179,2017-12-27,180,Flat,Eye 2 Eye,Huncho Jack,505431,https://i.scdn.co/image/ab67616d00004851c19d99e0cc35ceddaddc639c,https://open.spotify.com/track/4vwfOiyWxXeEdx4ejAJgdx
180,2017-12-27,181,Up,Dive,Ed Sheeran,504933,https://i.scdn.co/image/ab67616d00004851ba5db46f4b838ef6027e6f96,https://open.spotify.com/track/51ChrwmUPDJvedPQnIU8Ls
181,2017-12-27,182,Up,Loco Enamorado,Abraham Mateo,503060,https://i.scdn.co/image/ab67616d00004851c7c9cff204bc6b4a3e36e42d,https://open.spotify.com/track/4N1c5rmWOzRmB9SMacr5wB
182,2017-12-27,183,New,Believe,Eminem,501593,https://i.scdn.co/image/ab67616d00004851255191ed87a907d362b43f19,https://open.spotify.com/track/2XDhuJvvx2wcIROXbfTTYr
183,2017-12-27,184,Up,Quiero Repetir,Ozuna,501289,https://i.scdn.co/image/ab67616d00004851b0a875d7f1bfe4ec4aaffa48,https://open.spotify.com/track/0MIcPSq9n2z5H8TAfEstri
184,2017-12-27,185,New,iSpy (feat. Lil Yachty),KYLE,492690,https://i.scdn.co/image/ab67616d0000485132e373f2988bc6596a542d1c,https://open.spotify.com/track/2EEeOnHehOozLq4aS0n6SL
185,2017-12-27,186,New,Let Me Love You,DJ Snake,490747,https://i.scdn.co/image/ab67616d000048515045de6786e0af096de73ed4,https://open.spotify.com/track/4pdPtRcBmOSQDlJ3Fk945m
186,2017-12-27,187,New,Body Like A Back Road,Sam Hunt,489319,https://i.scdn.co/image/ab67616d000048519eccbdab1110afc4d5a186a8,https://open.spotify.com/track/7mldq42yDuxiUNn08nvzHO
187,2017-12-27,188,New,We Don't Talk Anymore,Charlie Puth,487084,https://i.scdn.co/image/ab67616d00004851c0e28105f0533c52717c46c2,https://open.spotify.com/track/68EMU2RD1ECNeOeJ5qAXCV
188,2017-12-27,189,New,Olha a Explosão,MC Kevinho,486862,https://i.scdn.co/image/ab67616d000048519fa596b2c10e306ea8c213c7,https://open.spotify.com/track/6m2LNopVJKsvBB9l7Z1rwn
189,2017-12-27,190,New,Hey DJ,CNCO,485029,https://i.scdn.co/image/ab67616d000048514358c8856d3acc00ca6c3578,https://open.spotify.com/track/209gZgcfLq2aUuu51vOWBl
190,2017-12-27,191,New,GUMMO,6ix9ine,483538,https://i.scdn.co/image/21baec292a05430415f01af3aece4fb6b51f508a,https://open.spotify.com/track/2vjmyyAnDUzilFYxOlTdO1
191,2017-12-27,192,New,Treat You Better,Shawn Mendes,481849,https://i.scdn.co/image/ab67616d0000485190516133f6344cb3dad263c2,https://open.spotify.com/track/3AFfyUXTfj12PgrOkZiiJo
192,2017-12-27,193,New,Síguelo Bailando,Ozuna,480791,https://i.scdn.co/image/ab67616d00004851b0a875d7f1bfe4ec4aaffa48,https://open.spotify.com/track/5Y9fnynLlIvqtM710MHzfz
193,2017-12-27,194,New,Was du Liebe nennst,Bausa,480560,https://i.scdn.co/image/ab67616d000048514eab5afad0bdfd43418f727b,https://open.spotify.com/track/4hKWUzhQWsOkgT6LnDEASe
194,2017-12-27,195,New,Stranger Things (feat. OneRepublic),Kygo,475617,https://i.scdn.co/image/ab67616d000048513b85dc1c8597abe0b64d65bf,https://open.spotify.com/track/5gIRPQWULwrvIt0F6pY7ph
195,2017-12-27,196,New,Don't Let Me Down,The Chainsmokers,471412,https://i.scdn.co/image/ab67616d0000485108d87fb54859bc9038f7e5e0,https://open.spotify.com/track/0QsvXIfqM0zZoerQfsI9lm
196,2017-12-27,197,New,Everybody Dies In Their Nightmares,XXXTENTACION,470919,https://i.scdn.co/image/ab67616d00004851203c89bd4391468eea4cc3f5,https://open.spotify.com/track/3GVkPk8mqxz0itaAriG1L7
197,2017-12-27,198,New,Slide,Calvin Harris,470684,https://i.scdn.co/image/ab67616d000048514d3fa5ce7ba599f4fd7803ef,https://open.spotify.com/track/7tr2za8SQg2CI8EDgrdtNl
198,2017-12-27,199,New,Ice Tray,Quality Control,468478,https://i.scdn.co/image/fb5d8dfdc29dea2794082f1baf3ef5cc1c6766de,https://open.spotify.com/track/3wdfLVUhmX64lIyWIIEW8s
199,2017-12-27,200,New,La Modelo,Ozuna,468068,https://i.scdn.co/image/ab67616d0000485179b9a937f463259abdb90613,https://open.spotify.com/track/2m2ZGfJcs3lHWNPzhWH3XH
