,Date,Position,Trend,Title,Artist,Streams,Icon_URL,Spotify_URL
0,2017-12-01,1,Flat,rockstar,Post Malone,5528701,https://i.scdn.co/image/ab67616d00004851345f823b6c1dbd3b4cc7b382,https://open.spotify.com/track/7wGoVu4Dady5GV0Sv4UIsx
1,2017-12-01,2,Flat,Havana,Camila Cabello,4359172,https://i.scdn.co/image/ab67616d00004851d93cf4d07ba50d7b32ca7c44,https://open.spotify.com/track/0ofbQMrRDsUaVKq2mGLEAb
2,2017-12-01,3,New,Perfect Duet (Ed Sheeran & Beyoncé),Ed Sheeran,4250965,https://i.scdn.co/image/ab67616d00004851af6b2fca3b6e24612a5fe5d8,https://open.spotify.com/track/1bhUWB0zJMIKr9yVPrkEuI
3,2017-12-01,4,Flat,Wolves,Selena Gomez,3590643,https://i.scdn.co/image/ab67616d0000485110368f28dac3b838770f985c,https://open.spotify.com/track/7EmGUiUaOSGDnUUQUDrOXC
4,2017-12-01,5,Flat,New Rules,Dua Lipa,3543617,https://i.scdn.co/image/ab67616d000048516b915e407b70e121e06fe979,https://open.spotify.com/track/2ekn2ttSfGqwhhate0LSR0
5,2017-12-01,6,Down,Perfect,Ed Sheeran,3451720,https://i.scdn.co/image/ab67616d00004851ba5db46f4b838ef6027e6f96,https://open.spotify.com/track/0tgVpDi06FyKpA1z0VMD4v
6,2017-12-01,7,Flat,Gucci Gang,Lil Pump,3248924,https://i.scdn.co/image/ab67616d00004851d52ef190ae5253eb2c3c764c,https://open.spotify.com/track/43ZyHQITOjhciSUUNPVRHc
7,2017-12-01,8,Flat,What Lovers Do (feat. SZA),Maroon 5,3072433,https://i.scdn.co/image/ab67616d000048519ccf08d3f74b36b7880522b5,https://open.spotify.com/track/3hBBKuWJfxlIlnd9QFoC8k
8,2017-12-01,9,Flat,Let You Down,NF,3032537,https://i.scdn.co/image/ab67616d0000485139e85b6ae069d1e25bbc89df,https://open.spotify.com/track/6mrKP2jyIQmM0rw6fQryjr
9,2017-12-01,10,Down,Too Good At Goodbyes,Sam Smith,3028094,https://i.scdn.co/image/eb645ad7342e0f34817e16d9d4061c3b5e374d4c,https://open.spotify.com/track/1mXVgsBdtIVeCLJnSnmtdV
10,2017-12-01,11,Down,Échame La Culpa,Luis Fonsi,2948993,https://i.scdn.co/image/ab67616d000048510ac9a58447dfccc5127248e0,https://open.spotify.com/track/1zsG4eaZmkA1dvjDDsAGLK
11,2017-12-01,12,Up,All I Want for Christmas Is You,Mariah Carey,2759962,https://i.scdn.co/image/ab67616d000048514246e3158421f5abb75abc4f,https://open.spotify.com/track/0bYg9bo50gSsH3LtXe2SQn
12,2017-12-01,13,Down,Silence,Marshmello,2744994,https://i.scdn.co/image/ab67616d00004851f33ba583059dc2f7d08bf2b8,https://open.spotify.com/track/7vGuf3Y35N4wmASOKLUVVU
13,2017-12-01,14,Down,Dusk Till Dawn - Radio Edit,ZAYN,2643107,https://i.scdn.co/image/ab67616d0000485123852b7ef0ecfe29d38d97ee,https://open.spotify.com/track/1j4kHkkpqZRBwE0A4CN4Yv
14,2017-12-01,15,Down,I Fall Apart,Post Malone,2502201,https://i.scdn.co/image/23bae95100dcb6ac8f88c19fa2a11c50a998a926,https://open.spotify.com/track/75ZvA4QfFiZvzhj2xkaWAh
15,2017-12-01,16,Up,Candy Paint,Post Malone,2260551,https://i.scdn.co/image/ab67616d00004851bf95d2beddffbdb488310f67,https://open.spotify.com/track/42CeaId2XNlxugDvyqHfDf
16,2017-12-01,17,Down,"Let Me Go (with Alesso, Florida Georgia Line & watt)",Hailee Steinfeld,2139897,https://i.scdn.co/image/ab67616d00004851dbdc892395413def043e0655,https://open.spotify.com/track/5AEtlRudpgdT5FtNiuly6Y
17,2017-12-01,18,Down,Young Dumb & Broke,Khalid,2083557,https://i.scdn.co/image/ab67616d00004851988ede5e1276e758b5f9e577,https://open.spotify.com/track/5Z3GHaZ6ec9bsiI5BenrbY
18,2017-12-01,19,Down,How Long,Charlie Puth,2074334,https://i.scdn.co/image/ab67616d00004851872353e715cccea67fe3de91,https://open.spotify.com/track/32DGGj6KlNuBr6WaqRxpxi
19,2017-12-01,20,Down,Shape of You,Ed Sheeran,2049228,https://i.scdn.co/image/ab67616d00004851ba5db46f4b838ef6027e6f96,https://open.spotify.com/track/7qiZfU4dY1lWllzX7mPBI3
20,2017-12-01,21,Down,1-800-273-8255,Logic,1955143,https://i.scdn.co/image/08f9ccb7875a87c07c79c1ccd5319263786c55ea,https://open.spotify.com/track/5tz69p7tJuGPeMGwNTxYuV
21,2017-12-01,22,Flat,I Miss You (feat. Julia Michaels),Clean Bandit,1930636,https://i.scdn.co/image/ab67616d000048518341ce7a7a1f4ab4182823d5,https://open.spotify.com/track/2xmrfQpmS2iJExTlklLoAL
22,2017-12-01,23,Down,Stargazing,Kygo,1900997,https://i.scdn.co/image/ab67616d00004851a333559091297eda04eba27c,https://open.spotify.com/track/0Zbbxnx4SGGHoIow4PpISP
23,2017-12-01,24,Down,Sensualidad,Bad Bunny,1851861,https://i.scdn.co/image/ab67616d00004851c0ca1263b2966ddff794d3bb,https://open.spotify.com/track/5hcisvFMidkMJlElTO9Qmw
24,2017-12-01,25,Up,Last Christmas,Wham!,1830598,https://i.scdn.co/image/ab67616d00004851f2d2adaa21ad616df6241e7d,https://open.spotify.com/track/2FRnf9qhLbvw8fu4IBXx78
25,2017-12-01,26,Down,Criminal,Natti Natasha,1800552,https://i.scdn.co/image/ab67616d000048515f3f4af0d3e662247a7d8cff,https://open.spotify.com/track/6Za3190Sbw39BBC77WSS1C
26,2017-12-01,27,Down,Thunder,Imagine Dragons,1765458,https://i.scdn.co/image/ab67616d000048517956bd9a3d7a15e4c2e37cc6,https://open.spotify.com/track/0tKcYR2II1VCQWT79i5NrW
27,2017-12-01,28,Down,Meant to Be (feat. Florida Georgia Line),Bebe Rexha,1758877,https://i.scdn.co/image/ab67616d000048511ba5682505dd6e2592b16e41,https://open.spotify.com/track/7iDa6hUg2VgEL1o1HjmfBn
28,2017-12-01,29,Down,XO Tour Llif3,Lil Uzi Vert,1734267,https://i.scdn.co/image/ab67616d0000485141b41e6f7924e530a9b00f9c,https://open.spotify.com/track/7GX5flRQZVHRAGd6B4TmDO
29,2017-12-01,30,Down,Bank Account,21 Savage,1714028,https://i.scdn.co/image/ab67616d00004851ac3c0aecec76cd7b5a54795e,https://open.spotify.com/track/2fQrGHiQOvpL9UgPvtYy6G
30,2017-12-01,31,Down,Downtown,Anitta,1708785,https://i.scdn.co/image/ab67616d000048518c6b830c36c7b4ac43c3cee8,https://open.spotify.com/track/3Ga6eKrUFf12ouh9Yw3v2D
31,2017-12-01,32,Down,Unforgettable,French Montana,1689856,https://i.scdn.co/image/ab67616d000048518a31195a371b2233456f6c07,https://open.spotify.com/track/3B54sVLJ402zGa6Xm4YGNe
32,2017-12-01,33,Flat,Ric Flair Drip (& Metro Boomin),Offset,1682554,https://i.scdn.co/image/ab67616d000048510f206fe737d46f2f2d826d83,https://open.spotify.com/track/7sO5G9EABYOXQKNPNiE9NR
33,2017-12-01,34,Down,Congratulations,Post Malone,1663887,https://i.scdn.co/image/23bae95100dcb6ac8f88c19fa2a11c50a998a926,https://open.spotify.com/track/3a1lNhkSLSkpJE4MSHpDu9
34,2017-12-01,35,Down,Lonely Together (feat. Rita Ora),Avicii,1663778,https://i.scdn.co/image/241ee98f30f1a0066a26890586952e393a473b0d,https://open.spotify.com/track/2OALaHcDdKkjYEpAr0Qzab
35,2017-12-01,36,Down,No Limit,G-Eazy,1627114,https://i.scdn.co/image/ab67616d0000485130e1314399055d25579f7ae3,https://open.spotify.com/track/2Xqd0wUttjueBfdcltADOv
36,2017-12-01,37,Down,Mi Gente,J Balvin,1591609,https://i.scdn.co/image/ab67616d00004851996bd1ea86bd3815eedfeef5,https://open.spotify.com/track/2rb5MvYT7ZIxbKW5hfcHx8
37,2017-12-01,38,Flat,Se Preparó,Ozuna,1580578,https://i.scdn.co/image/ab67616d00004851b0a875d7f1bfe4ec4aaffa48,https://open.spotify.com/track/1m69ELEgE6k5ZWsap40ozt
38,2017-12-01,39,Down,Feel It Still,Portugal. The Man,1557105,https://i.scdn.co/image/ab67616d00004851af52c228c9619ff6298b08cd,https://open.spotify.com/track/6QgjcU0zLnzq5OrUoSZ3OK
39,2017-12-01,40,New,Him & I,G-Eazy,1517139,https://i.scdn.co/image/ab67616d00004851213ada56b58bf2dc8fdf28bf,https://open.spotify.com/track/3YU6vJbjYUG0tiJyXf9x5V
40,2017-12-01,41,Down,Sorry Not Sorry,Demi Lovato,1513318,https://i.scdn.co/image/ab67616d00004851ec9c72308e30e7aa1d22b37d,https://open.spotify.com/track/3m660poUr1chesgkkjQM7P
41,2017-12-01,42,Down,Plain Jane,A$AP Ferg,1505637,https://i.scdn.co/image/ab67616d00004851d79cfa3155b50beb5dbeeb9a,https://open.spotify.com/track/4dVpf9jZjcORqGTLUaeYj9
42,2017-12-01,43,Down,Mayores,Becky G,1480027,https://i.scdn.co/image/ab67616d00004851b5983d639fd953deb3c99848,https://open.spotify.com/track/7JNh1cfm0eXjqFVOzKLyau
43,2017-12-01,44,Down,Me Rehúso,Danny Ocean,1465165,https://i.scdn.co/image/ab67616d00004851a75bd33684083600569dd3bf,https://open.spotify.com/track/6De0lHrwBfPfrhorm9q1Xl
44,2017-12-01,45,Flat,Man's Not Hot,Big Shaq,1434786,https://i.scdn.co/image/ab67616d00004851e297a281788cf46e9094a2ca,https://open.spotify.com/track/2nUJvBO87SkxCViQsLc9Zr
45,2017-12-01,46,Down,Anywhere,Rita Ora,1384661,https://i.scdn.co/image/ab67616d000048517a642f7a662f4c94683ac038,https://open.spotify.com/track/7EI6Iki24tBHAMxtb4xQN2
46,2017-12-01,47,Up,Perro Fiel (feat. Nicky Jam),Shakira,1337133,https://i.scdn.co/image/ab67616d00004851d05d3aad30c5fb7614893cf5,https://open.spotify.com/track/70lnL3QaSOIIyMa2X9aVRL
47,2017-12-01,48,Down,I Like Me Better,Lauv,1325788,https://i.scdn.co/image/ab67616d00004851fab48816b625e2a77a732400,https://open.spotify.com/track/1wjzFQodRWrPcQ0AnYnvQ9
48,2017-12-01,49,Down,Attention,Charlie Puth,1319798,https://i.scdn.co/image/ab67616d00004851db21a273452f0637cdbc35aa,https://open.spotify.com/track/4iLqG9SeJSnt0cSPICSjxv
49,2017-12-01,50,Down,MotorSport,Migos,1300275,https://i.scdn.co/image/ab67616d000048510dee8dd1f81727cbe7f085a3,https://open.spotify.com/track/1YZfcVLbbJwfizR5cDOp3q
50,2017-12-01,51,Down,Friends (with BloodPop®),Justin Bieber,1297875,https://i.scdn.co/image/ab67616d00004851302806b2c89a0f7a24b4922c,https://open.spotify.com/track/7nZmah2llfvLDiUjm0kiyz
51,2017-12-01,52,New,So Far Away (feat. Jamie Scott & Romy Dya),Martin Garrix,1288704,https://i.scdn.co/image/ab67616d000048512bfb97c135445f83927049ca,https://open.spotify.com/track/0OlnLZY4cmQzT6ZGttvWBM
52,2017-12-01,53,Up,Havana - Remix,Camila Cabello,1232213,https://i.scdn.co/image/ab67616d000048515556fb4dfea9c05e09519c25,https://open.spotify.com/track/3whrwq4DtvucphBPUogRuJ
53,2017-12-01,54,Down,Glorious (feat. Skylar Grey),Macklemore,1205051,https://i.scdn.co/image/ab67616d000048512e94b668c60b06deb1c3a05c,https://open.spotify.com/track/0CokSRCu5hZgPxcZBaEzVE
54,2017-12-01,55,Down,All Falls Down (feat. Juliander),Alan Walker,1175469,https://i.scdn.co/image/ab67616d00004851206fdebc66bd04d9913f035d,https://open.spotify.com/track/5yFSF6qQA1rcLsQRnBsZgb
55,2017-12-01,56,Down,Corazón,Maluma,1170392,https://i.scdn.co/image/ab67616d000048516876ec811b26ba2094565b34,https://open.spotify.com/track/4lESS6vuruP6a79KWRaQou
56,2017-12-01,57,Down,Walk On Water (feat. Beyoncé),Eminem,1163936,https://i.scdn.co/image/ab67616d00004851a9476a5b95d4faa1545e8d77,https://open.spotify.com/track/5b2QnYcT9rQIkhRWt4HztQ
57,2017-12-01,58,Flat,Tip Toe (feat. French Montana),Jason Derulo,1163373,https://i.scdn.co/image/ab67616d000048511ba06755018b46f2a6a2a7ff,https://open.spotify.com/track/2z4pcBLQXF2BXKFvd0BuB6
58,2017-12-01,59,Down,HUMBLE.,Kendrick Lamar,1159426,https://i.scdn.co/image/ae1f239b41e9604a66eb900834c6887cd2f62ff1,https://open.spotify.com/track/7KXjTSCq5nL1LoYtL7XAwS
59,2017-12-01,60,Up,Betrayed,Lil Xan,1144055,https://i.scdn.co/image/ab67616d00004851fd53c5b8a4787f283833db4d,https://open.spotify.com/track/6NWl2m8asvH83xjuXVNsuG
60,2017-12-01,61,Down,More Than You Know,Axwell /\ Ingrosso,1130032,https://i.scdn.co/image/ab67616d00004851cb442ec337da75fb09cc3981,https://open.spotify.com/track/3PEgB3fkiojxms35ntsTgs
61,2017-12-01,62,Up,Look What You Made Me Do,Taylor Swift,1129838,https://i.scdn.co/image/ab67616d000048512bc33ce6acd39112e88b4c0e,https://open.spotify.com/track/5troof8mcGO3AafoDbk1gc
62,2017-12-01,63,Up,It's Beginning to Look a Lot like Christmas,Michael Bublé,1117987,https://i.scdn.co/image/ab67616d00004851c08cdc7be557844f3610880d,https://open.spotify.com/track/0lLdorYw7lVrJydTINhWdI
63,2017-12-01,64,Down,I Get The Bag (feat. Migos),Gucci Mane,1100636,https://i.scdn.co/image/ab67616d00004851af7525e55333b110ff0f4e95,https://open.spotify.com/track/1XRgIKC5TPwo7nWGyKqgG0
64,2017-12-01,65,Down,Que Va,Alex Sensation,1093001,https://i.scdn.co/image/ab67616d00004851571f364389a9436e4ff8a362,https://open.spotify.com/track/7ofxPmTNMj2GP07g1VZa0O
65,2017-12-01,66,Up,PICK IT UP (feat. A$AP Rocky),Famous Dex,1081375,https://i.scdn.co/image/ab67616d00004851b3c4572395192f7c8d26820b,https://open.spotify.com/track/3ncgNpxLoBQ65ABk4djDyd
66,2017-12-01,67,Down,Mi Gente (feat. Beyoncé),J Balvin,1066977,https://i.scdn.co/image/ab67616d00004851aa2bdbc1911b520d425af85e,https://open.spotify.com/track/7fwXWKdDNI5IutOMc5OKYw
67,2017-12-01,68,Down,Bodak Yellow,Cardi B,1065389,https://i.scdn.co/image/ab67616d0000485162a2dedc55a38a0fca0a17b0,https://open.spotify.com/track/2771LMNxwf62FTAdpJMQfM
68,2017-12-01,69,Down,Jocelyn Flores,XXXTENTACION,1060972,https://i.scdn.co/image/ab67616d00004851203c89bd4391468eea4cc3f5,https://open.spotify.com/track/7m9OqQk4RVRkw9JJdeAw96
69,2017-12-01,70,Up,"Home (with Machine Gun Kelly, X Ambassadors & Bebe Rexha)",Machine Gun Kelly,1045351,https://i.scdn.co/image/ab67616d000048517a3fbbab0e9fb050a08fa065,https://open.spotify.com/track/0OI7AFifLSoGzpb8bdBLLV
70,2017-12-01,71,Down,Báilame - Remix,Nacho,1043996,https://i.scdn.co/image/ab67616d00004851473f54a79eb118bdfa668aa2,https://open.spotify.com/track/3VClLWqNn80Llv0PJOsKgr
71,2017-12-01,72,Down,Something Just Like This,The Chainsmokers,1022859,https://i.scdn.co/image/ab67616d000048510c13d3d5a503c84fcc60ae94,https://open.spotify.com/track/6RUKPb4LETWmmr3iAEQktW
72,2017-12-01,73,Down,Believer,Imagine Dragons,1020368,https://i.scdn.co/image/ab67616d000048517956bd9a3d7a15e4c2e37cc6,https://open.spotify.com/track/0CcQNd8CINkwQfe1RDtGV6
73,2017-12-01,74,Down,Bonita,J Balvin,1016559,https://i.scdn.co/image/ab67616d0000485148f3fc1d4f0fed414418e041,https://open.spotify.com/track/693iqPOQvhI7PobtR8CC8v
74,2017-12-01,75,Down,Ghostface Killers,21 Savage,1008956,https://i.scdn.co/image/ab67616d000048510f206fe737d46f2f2d826d83,https://open.spotify.com/track/5u6vkDnOyaf8LsteDAj2ub
75,2017-12-01,76,New,Miss You,Louis Tomlinson,1006034,https://i.scdn.co/image/ab67616d00004851a36a14b068880028feb21360,https://open.spotify.com/track/3zxrecYFao03IrrcyFiaMU
76,2017-12-01,77,Up,Santa Tell Me,Ariana Grande,999514,https://i.scdn.co/image/ab67616d00004851202a03f8e0f1845194be0a42,https://open.spotify.com/track/1ADjWm8QNhgNV8yCNNgQ1T
77,2017-12-01,78,Up,Mistletoe,Justin Bieber,993954,https://i.scdn.co/image/ab67616d00004851c89563256ae01ba8d4cbce29,https://open.spotify.com/track/32OWobmyAz8J2qA8iWekyS
78,2017-12-01,79,Down,Suena El Dembow,Joey Montana,993461,https://i.scdn.co/image/ab67616d00004851c8185c654dc0409609c5eb31,https://open.spotify.com/track/5TysCiZtv1HnSWcTcUFusI
79,2017-12-01,80,Down,Bad At Love,Halsey,988782,https://i.scdn.co/image/d5bb421dbecbba7c6904eb67672f3cd25cf54c23,https://open.spotify.com/track/7y9iMe8SOB6z3NoHE2OfXl
80,2017-12-01,81,Up,Wait,Maroon 5,988285,https://i.scdn.co/image/ab67616d000048519ccf08d3f74b36b7880522b5,https://open.spotify.com/track/1Qg9jWGDkKAGZXj5v2OG59
81,2017-12-01,82,Down,BUTTERFLY EFFECT,Travis Scott,983678,https://i.scdn.co/image/ab67616d00004851b5e9358d0d07114609d9afab,https://open.spotify.com/track/1yxgsra98r3qAtxqiGZPiX
82,2017-12-01,83,Down,Felices los 4,Maluma,982099,https://i.scdn.co/image/ab67616d00004851d9732b592276542ecafa6c6d,https://open.spotify.com/track/0qYTZCo5Bwh1nsUFGZP3zn
83,2017-12-01,84,Down,Déjala que vuelva (feat. Manuel Turizo),Piso 21,964678,https://i.scdn.co/image/ab67616d000048514ed4c2e64f7bf0977aa70b42,https://open.spotify.com/track/33bnxcjePIkcmNjEFTJX0l
84,2017-12-01,85,Down,Escápate Conmigo (feat. Ozuna),Wisin,955108,https://i.scdn.co/image/ab67616d00004851c7524a697e709517b50681b2,https://open.spotify.com/track/1KSqYYJFyfTecXFk9M0prc
85,2017-12-01,86,Down,goosebumps,Travis Scott,942442,https://i.scdn.co/image/ab67616d00004851f54b99bf27cda88f4a7403ce,https://open.spotify.com/track/6gBFPUFcJLzWGx4lenP6h2
86,2017-12-01,87,Down,Robarte un Beso,Carlos Vives,941246,https://i.scdn.co/image/ab67616d00004851575fb66ec11e54fb68d548a5,https://open.spotify.com/track/0JcNysfWVWaMS7R6vzGB2k
87,2017-12-01,88,Up,...Ready For It?,Taylor Swift,940706,https://i.scdn.co/image/ab67616d000048512bc33ce6acd39112e88b4c0e,https://open.spotify.com/track/4vVb2D6RYL669h7tLYOKwx
88,2017-12-01,89,Up,Do They Know It's Christmas? - 1984 Version,Band Aid,940124,https://i.scdn.co/image/ab67616d00004851cefe32a94b7ddd9882392cdd,https://open.spotify.com/track/1hvpDAxZPKjKztOc72sv06
89,2017-12-01,90,Down,There's Nothing Holdin' Me Back,Shawn Mendes,939009,https://i.scdn.co/image/ab67616d00004851f9cbd0c07513a7232cd6b9a7,https://open.spotify.com/track/79cuOz3SPQTuFrp8WgftAu
90,2017-12-01,91,Down,What About Us,P!nk,938949,https://i.scdn.co/image/ab67616d0000485100164c96548a622d34b39828,https://open.spotify.com/track/0Qh38w01QRXK6KHIv0e3hb
91,2017-12-01,92,Down,Despacito - Remix,Luis Fonsi,937820,https://i.scdn.co/image/ab67616d00004851d8559d0280ffe2a2af6dacdf,https://open.spotify.com/track/5CtI0qwDJkDQGwXD1H1cLb
92,2017-12-01,93,Down,Vuelve,Daddy Yankee,924847,https://i.scdn.co/image/ab67616d0000485127fd276f720970c987695b55,https://open.spotify.com/track/0lJCqIx5BhZtf6QtYI2fbv
93,2017-12-01,94,Up,Rockin' Around The Christmas Tree - Single Version,Brenda Lee,921481,https://i.scdn.co/image/ab67616d000048515ea4a3e529289eb8169d765d,https://open.spotify.com/track/3T7dNA7O8c3Axj5WyDNcH3
94,2017-12-01,95,Down,MIC Drop (feat. Desiigner) [Steve Aoki Remix],BTS,913793,https://i.scdn.co/image/ab67616d0000485115220cf0d8a63c67c8daaaa6,https://open.spotify.com/track/7Ed6BkggCS2KaKY5YlINaF
95,2017-12-01,96,Down,Feels,Calvin Harris,881346,https://i.scdn.co/image/ab67616d000048514d3fa5ce7ba599f4fd7803ef,https://open.spotify.com/track/5bcTCxgc7xVfSaMV3RuVke
96,2017-12-01,97,Down,Location,Khalid,879805,https://i.scdn.co/image/ab67616d00004851988ede5e1276e758b5f9e577,https://open.spotify.com/track/152lZdxL1OR0ZMW6KquMif
97,2017-12-01,98,Up,It's the Most Wonderful Time of the Year,Andy Williams,869855,https://i.scdn.co/image/ab67616d0000485198073965947f92f1641b8356,https://open.spotify.com/track/5hslUAKq9I9CG2bAulFkHN
98,2017-12-01,99,Down,Say You Won't Let Go,James Arthur,869137,https://i.scdn.co/image/ab67616d0000485120beb61f61fcbeb33b10a9ab,https://open.spotify.com/track/5uCax9HTNlzGybIStD3vDh
99,2017-12-01,100,Down,A Different Way (with Lauv),DJ Snake,863801,https://i.scdn.co/image/ab67616d00004851506d86a3034de7bc2af6cb84,https://open.spotify.com/track/0Wv5wuenRLI3BcwgT3HPIP
100,2017-12-01,101,Down,Strip That Down,Liam Payne,855682,https://i.scdn.co/image/ab67616d00004851ec1abb2ba5e210e826161111,https://open.spotify.com/track/6EpRaXYhGOB3fj4V2uDkMJ
101,2017-12-01,102,Down,Wanted You (feat. Lil Uzi Vert),NAV,844335,https://i.scdn.co/image/8eebb0096ab97f23172ea197224a4ee0267043eb,https://open.spotify.com/track/790MhTXPFrYkrqCKvpg4t1
102,2017-12-01,103,Down,Go Flex,Post Malone,842454,https://i.scdn.co/image/23bae95100dcb6ac8f88c19fa2a11c50a998a926,https://open.spotify.com/track/5yuShbu70mtHXY0yLzCQLQ
103,2017-12-01,104,Down,Naked,James Arthur,839340,https://i.scdn.co/image/ab67616d00004851f13bfa0da7b94ac3272f3152,https://open.spotify.com/track/7krbSH3rd8lhIZvuzTV3Bl
104,2017-12-01,105,Down,Without You (feat. Sandro Cavazza),Avicii,834777,https://i.scdn.co/image/ab67616d0000485130800bfbfff51ddb031d9bd7,https://open.spotify.com/track/6WbADFqMvR8N5u0BvtsWQE
105,2017-12-01,106,Down,Roll In Peace (feat. XXXTENTACION),Kodak Black,820930,https://i.scdn.co/image/ab67616d00004851583ce93dc89d84218f233ea7,https://open.spotify.com/track/40oKW22ZNNkEdZLJTScaQI
106,2017-12-01,107,Down,Good Old Days (feat. Kesha),Macklemore,814920,https://i.scdn.co/image/ab67616d000048512e94b668c60b06deb1c3a05c,https://open.spotify.com/track/2Za1AlJNvksouPPWbXpR2X
107,2017-12-01,108,New,Gorgeous,Taylor Swift,813532,https://i.scdn.co/image/ab67616d000048512bc33ce6acd39112e88b4c0e,https://open.spotify.com/track/7ut4Y7gxOFe3d3rLJQ7i5w
108,2017-12-01,109,Down,Wild Thoughts (feat. Rihanna & Bryson Tiller),DJ Khaled,808637,https://i.scdn.co/image/ab67616d00004851dcb6a73da1e7f293b875f69c,https://open.spotify.com/track/1OAh8uOEOvTDqkKFsKksCi
109,2017-12-01,110,Down,Too Much To Ask,Niall Horan,794051,https://i.scdn.co/image/ab67616d0000485194fde6afa9cbf073e5b6445a,https://open.spotify.com/track/4v094LQ9eF10k2O2Te2ngK
110,2017-12-01,111,Down,"I'm the One (feat. Justin Bieber, Quavo, Chance the Rapper & Lil Wayne)",DJ Khaled,791865,https://i.scdn.co/image/ab67616d00004851dcb6a73da1e7f293b875f69c,https://open.spotify.com/track/3DXncPQOG4VBw3QHh3S817
111,2017-12-01,112,Down,Mama,Jonas Blue,791500,https://i.scdn.co/image/14891cf71e2287163c137e90074783ba5cdd4ff4,https://open.spotify.com/track/0NiXXAI876aGImAd6rTj8w
112,2017-12-01,113,Down,Fuck Love (feat. Trippie Redd),XXXTENTACION,790088,https://i.scdn.co/image/ab67616d00004851203c89bd4391468eea4cc3f5,https://open.spotify.com/track/7AQim7LbvFVZJE3O8TYgf2
113,2017-12-01,114,Flat,Galway Girl,Ed Sheeran,789905,https://i.scdn.co/image/ab67616d00004851ba5db46f4b838ef6027e6f96,https://open.spotify.com/track/0afhq8XCExXpqazXczTSve
114,2017-12-01,115,Down,SUTRA,Sebastian Yatra,780166,https://i.scdn.co/image/ab67616d00004851f215288f120008eb66a16a8b,https://open.spotify.com/track/5TmZYdHW6HJ9gt7Aokuql5
115,2017-12-01,116,Down,Codeine Dreaming (feat. Lil Wayne),Kodak Black,779423,https://i.scdn.co/image/ab67616d000048518e3046e13f253a208519b21a,https://open.spotify.com/track/4DTpngLjoHj5gFxEZFeD3J
116,2017-12-01,117,Down,Bella y Sensual,Romeo Santos,767207,https://i.scdn.co/image/ab67616d00004851827d0777f8cccdf5b7481442,https://open.spotify.com/track/0ERbK7qVqveCaBWIiYCrl3
117,2017-12-01,118,Down,Homemade Dynamite - REMIX,Lorde,763066,https://i.scdn.co/image/ab67616d000048516626ef537ceeba28af1a14e7,https://open.spotify.com/track/2rE9TX3VQ0WNt7kziFhKep
118,2017-12-01,119,Down,Una Lady Como Tú,Manuel Turizo,760748,https://i.scdn.co/image/ab67616d00004851f9dc35bc367fcf98e763d27e,https://open.spotify.com/track/7MHN1aCFtLXjownGhvEQlF
119,2017-12-01,120,Down,Symphony (feat. Zara Larsson),Clean Bandit,760529,https://i.scdn.co/image/ab67616d000048515b1130d050c4cd2295999d85,https://open.spotify.com/track/1x5sYLZiu9r5E43kMlt9f8
120,2017-12-01,121,Down,Slippery (feat. Gucci Mane),Migos,757497,https://i.scdn.co/image/ab67616d0000485199a8ab6da9d593939302828a,https://open.spotify.com/track/6p8NuHm8uCGnn2Dtbtf7zE
121,2017-12-01,122,Up,Happy Xmas (War Is Over) - Remastered,John Lennon,754745,https://i.scdn.co/image/ab67616d00004851f7659b9e3bc9d7c9f1064b29,https://open.spotify.com/track/3zJw3rugfpVrmBeDDnUYzy
122,2017-12-01,123,Down,That's What I Like,Bruno Mars,750448,https://i.scdn.co/image/ab67616d00004851232711f7d66a1e19e89e28c5,https://open.spotify.com/track/0KKkJNfGyhkQ5aFogxQAPU
123,2017-12-01,124,Down,Dirty Sexy Money (feat. Charli XCX & French Montana),David Guetta,748492,https://i.scdn.co/image/ab67616d00004851657bb3660936e0d47e785dcd,https://open.spotify.com/track/0tPQPaOKM32WgMSbPCYyRH
124,2017-12-01,125,Up,Jingle Bell Rock,Anita Kerr Singers,740306,https://i.scdn.co/image/ab67616d000048513303a25cbdcc0e3d17e22269,https://open.spotify.com/track/4IdXngKo4g5exqZ0fQTecu
125,2017-12-01,126,Down,LOVE. FEAT. ZACARI.,Kendrick Lamar,736637,https://i.scdn.co/image/ae1f239b41e9604a66eb900834c6887cd2f62ff1,https://open.spotify.com/track/6PGoSes0D9eUDeeAafB2As
126,2017-12-01,127,New,End Game,Taylor Swift,733642,https://i.scdn.co/image/ab67616d000048512bc33ce6acd39112e88b4c0e,https://open.spotify.com/track/3JbSLr2OhsivV46whJyGeb
127,2017-12-01,128,Down,Mask Off,Future,729151,https://i.scdn.co/image/ab67616d00004851e0b64c8be3c4e804abcb2696,https://open.spotify.com/track/0VgkVdmE4gld66l8iyGjgx
128,2017-12-01,129,Down,Ahora Dice,Chris Jeday,726989,https://i.scdn.co/image/ab67616d000048513a142c7e7fc7863dc1a256ed,https://open.spotify.com/track/22eADXu8DfOAUEDw4vU8qy
129,2017-12-01,130,New,Fairytale of New York (feat. Kirsty MacColl),The Pogues,718555,https://i.scdn.co/image/ab67616d00004851f138705fd2a69f056b83965a,https://open.spotify.com/track/3VTNVsTTu05dmTsVFrmGpK
130,2017-12-01,131,Down,Despacito (Featuring Daddy Yankee),Luis Fonsi,718161,https://i.scdn.co/image/ab67616d00004851a5971936e3b8d91f8b616b17,https://open.spotify.com/track/4aWmUDTfIPGksMNLV2rQP2
131,2017-12-01,132,Down,Photograph,Ed Sheeran,715820,https://i.scdn.co/image/ab67616d00004851d08209944468440145f01524,https://open.spotify.com/track/6fxVffaTuwjgEk5h9QyRjy
132,2017-12-01,133,Down,White Iverson,Post Malone,712618,https://i.scdn.co/image/23bae95100dcb6ac8f88c19fa2a11c50a998a926,https://open.spotify.com/track/6eT7xZZlB2mwyzJ2sUKG6w
133,2017-12-01,134,Down,Back to You (feat. Bebe Rexha & Digital Farm Animals),Louis Tomlinson,711717,https://i.scdn.co/image/ab67616d00004851327d7ffa53a268bf7411c28b,https://open.spotify.com/track/7F9vK8hNFMml4GtHsaXui6
134,2017-12-01,135,Up,Sky Walker (feat. Travis Scott),Miguel,709731,https://i.scdn.co/image/ab67616d000048515e9dff10c31ac14c6c6c920d,https://open.spotify.com/track/5WoaF1B5XIEnWfmb5NZikf
135,2017-12-01,136,Down,Slow Hands,Niall Horan,709445,https://i.scdn.co/image/ab67616d0000485194fde6afa9cbf073e5b6445a,https://open.spotify.com/track/38yBBH2jacvDxrznF7h08J
136,2017-12-01,137,Down,Swalla (feat. Nicki Minaj & Ty Dolla $ign),Jason Derulo,708632,https://i.scdn.co/image/ab67616d000048519d6522bee68370fa5592301d,https://open.spotify.com/track/6kex4EBAj0WHXDKZMEJaaF
137,2017-12-01,138,Up,Get It Right (feat. MØ),Diplo,708362,https://i.scdn.co/image/ab67616d000048510cd36a2b4170d242e4cec592,https://open.spotify.com/track/68m6iwhKElLTBaGRG1LLwE
138,2017-12-01,139,Down,3 A.M.,Jesse & Joy,707868,https://i.scdn.co/image/ab67616d000048510d747598f6e8df40f5671e0c,https://open.spotify.com/track/0yyZN5ASdrYu0XYWFzfxUu
139,2017-12-01,140,Up,Let It Snow! Let It Snow! Let It Snow! (with The B. Swanson Quartet),Frank Sinatra,699494,https://i.scdn.co/image/ab67616d00004851ab635079e314b1b477a39485,https://open.spotify.com/track/7inXu0Eaeg02VsM8kHNvzM
140,2017-12-01,141,Down,The Way Life Goes (feat. Oh Wonder),Lil Uzi Vert,690952,https://i.scdn.co/image/ab67616d0000485141b41e6f7924e530a9b00f9c,https://open.spotify.com/track/2eAZfqOm4EnOF9VvN50Tyc
141,2017-12-01,142,Up,White Christmas,Bing Crosby,690463,https://i.scdn.co/image/ab67616d00004851a7bf97168afbe03609e98520,https://open.spotify.com/track/4so0Wek9Ig1p6CRCHuINwW
142,2017-12-01,143,Down,Reggaetón Lento (Remix),CNCO,686570,https://i.scdn.co/image/ab67616d00004851c11062d14bee6968fa86008c,https://open.spotify.com/track/5PB8zB1MOZASboLquvinMF
143,2017-12-01,144,Down,Thinking out Loud,Ed Sheeran,682279,https://i.scdn.co/image/ab67616d00004851d08209944468440145f01524,https://open.spotify.com/track/1Slwb6dOYkBlWal1PGtnNg
144,2017-12-01,145,Down,Closer,The Chainsmokers,681758,https://i.scdn.co/image/ab67616d00004851495ce6da9aeb159e94eaa453,https://open.spotify.com/track/7BKLCZ1jbUBVqRi2FVlTVw
145,2017-12-01,146,New,I Did Something Bad,Taylor Swift,679727,https://i.scdn.co/image/ab67616d000048512bc33ce6acd39112e88b4c0e,https://open.spotify.com/track/3TcMyNevhQZ35yaA8jHSBq
146,2017-12-01,147,Down,Feels Great (feat. Fetty Wap & CVBZ),Cheat Codes,675541,https://i.scdn.co/image/ab67616d00004851418fb4daf285608ca79cd7b7,https://open.spotify.com/track/5uu28fUesZMl89lf9CLrgN
147,2017-12-01,148,Down,Whatever It Takes,Imagine Dragons,673359,https://i.scdn.co/image/ab67616d000048517956bd9a3d7a15e4c2e37cc6,https://open.spotify.com/track/4IWAyPf1KMq7JCyGeCjTeH
148,2017-12-01,149,Down,Explícale (feat. Bad Bunny),Yandel,673343,https://i.scdn.co/image/ab67616d00004851b54d1c695daae20467312eb3,https://open.spotify.com/track/1LszjjoVwDDZcWUQbzeDLG
149,2017-12-01,150,Down,Tú Foto,Ozuna,672185,https://i.scdn.co/image/ab67616d00004851b0a875d7f1bfe4ec4aaffa48,https://open.spotify.com/track/5zSOVwaY3sVjnmLhuEfsuf
150,2017-12-01,151,Down,It Ain't Me (with Selena Gomez),Kygo,671083,https://i.scdn.co/image/ab67616d0000485141f289940f2e6a0d51988d77,https://open.spotify.com/track/3eR23VReFzcdmS7TYCrhCe
151,2017-12-01,152,Up,Was du Liebe nennst,Bausa,670490,https://i.scdn.co/image/ab67616d000048514eab5afad0bdfd43418f727b,https://open.spotify.com/track/4hKWUzhQWsOkgT6LnDEASe
152,2017-12-01,153,Down,Bedroom Floor,Liam Payne,669401,https://i.scdn.co/image/ab67616d00004851cf0dd4aa0fcfdacdb3099a3d,https://open.spotify.com/track/1pZdegOXTZ2ftINo3oUuRZ
153,2017-12-01,154,Down,Your Song,Rita Ora,662539,https://i.scdn.co/image/ab67616d00004851528e7f2b6eda1b2a20ccfb1f,https://open.spotify.com/track/4c2W3VKsOFoIg2SFaO6DY5
154,2017-12-01,155,Down,Redbone,Childish Gambino,658664,https://i.scdn.co/image/ab67616d000048510b97e56ffad7c6211aa848f8,https://open.spotify.com/track/3kxfsdsCpFgN412fpnW85Y
155,2017-12-01,156,New,,,650496,"data:image/png;base64,iVBORw0KGgoAAAANSUhEUgAAAAEAAAABCAQAAAC1HAwCAAAAC0lEQVR42mNkYAAAAAYAAjCB0C8AAAAASUVORK5CYII=",https://open.spotify.com/track/5cjecvX0CmC9gK0Laf5EMQ
156,2017-12-01,157,Down,Questions,Chris Brown,649779,https://i.scdn.co/image/ab67616d00004851af236a3219d347662cb4a284,https://open.spotify.com/track/3ojTJaonfkL96iIWa47SU3
157,2017-12-01,158,Down,Starboy,The Weeknd,646420,https://i.scdn.co/image/ab67616d000048510c8599cbde51245c128bcea9,https://open.spotify.com/track/5aAx2yezTd8zXrkmtKl66Z
158,2017-12-01,159,New,Call It What You Want,Taylor Swift,640866,https://i.scdn.co/image/ab67616d000048512bc33ce6acd39112e88b4c0e,https://open.spotify.com/track/2QD7DklEvkqncYacmhMukq
159,2017-12-01,160,Down,2U (feat. Justin Bieber),David Guetta,638425,https://i.scdn.co/image/ab67616d0000485145c5570d4a66346d8f683913,https://open.spotify.com/track/3A7qX2QjDlPnazUsRk5y0M
160,2017-12-01,161,Down,"I Don’t Wanna Live Forever (Fifty Shades Darker) - From ""Fifty Shades Darker (Original Motion Picture Soundtrack)""",ZAYN,637136,https://i.scdn.co/image/ab67616d000048512ae921f082ae5db4d3da818f,https://open.spotify.com/track/3NdDpSvN911VPGivFlV5d0
161,2017-12-01,162,New,Driving Home for Christmas,Chris Rea,636954,https://i.scdn.co/image/ab67616d00004851074c5d0ef113a4c2f64fedeb,https://open.spotify.com/track/0ZoHHROTzwIYeNAHRPedTY
162,2017-12-01,163,Down,El Farsante,Ozuna,635111,https://i.scdn.co/image/ab67616d00004851b0a875d7f1bfe4ec4aaffa48,https://open.spotify.com/track/5EId1m4DNwTf3at31w8bPJ
163,2017-12-01,164,Down,Pray,Sam Smith,633912,https://i.scdn.co/image/eb645ad7342e0f34817e16d9d4061c3b5e374d4c,https://open.spotify.com/track/7DsX5K72fewVGb47qj7Tbg
164,2017-12-01,165,Down,Drowning (feat. Kodak Black),A Boogie Wit da Hoodie,633641,https://i.scdn.co/image/ab67616d00004851cdba7ee22968991250725ce1,https://open.spotify.com/track/1f5cbQtDrykjarZVrShaDI
165,2017-12-01,166,Down,One Dance,Drake,631916,https://i.scdn.co/image/ab67616d00004851726abca207567d5e41cb9667,https://open.spotify.com/track/1xznGGDReH1oQq0xzbwXa3
166,2017-12-01,167,New,Feliz Navidad,José Feliciano,631358,https://i.scdn.co/image/ab67616d00004851bf203d76f2bea51656862edd,https://open.spotify.com/track/7taXf5odg9xCAZERYfyOkS
167,2017-12-01,168,New,Don’t Blame Me,Taylor Swift,628825,https://i.scdn.co/image/ab67616d000048512bc33ce6acd39112e88b4c0e,https://open.spotify.com/track/0OnfGJsCc1m9utfUYqid6O
168,2017-12-01,169,Down,No Promises (feat. Demi Lovato),Cheat Codes,625676,https://i.scdn.co/image/ab67616d00004851e74ecdb2f1316c8f026970a8,https://open.spotify.com/track/1louJpMmzEicAn7lzDalPW
169,2017-12-01,170,Down,Stay (with Alessia Cara),Zedd,623748,https://i.scdn.co/image/ab67616d0000485191a70f95efc3400f696e89cc,https://open.spotify.com/track/0dA2Mk56wEzDgegdC6R17g
170,2017-12-01,171,Down,Rubbin Off The Paint,YBN Nahmir,623209,https://i.scdn.co/image/ab67616d000048519147510353eec0dd5a6451b8,https://open.spotify.com/track/0taOCiup4HNG9LmbduVlJj
171,2017-12-01,172,Down,Stranger Things (feat. OneRepublic),Kygo,614382,https://i.scdn.co/image/ab67616d000048513b85dc1c8597abe0b64d65bf,https://open.spotify.com/track/5gIRPQWULwrvIt0F6pY7ph
172,2017-12-01,173,Down,New,Daya,610751,https://i.scdn.co/image/ab67616d000048518375d473513aafd2263ef5ef,https://open.spotify.com/track/7y4JznkAv2W3IKw9T1o2VK
173,2017-12-01,174,Down,Pretty Girl - Cheat Codes X CADE Remix,Maggie Lindemann,610085,https://i.scdn.co/image/ab67616d000048517c7436e1b6273be0e7bc1a84,https://open.spotify.com/track/1NDxZ7cFAo481dtYWdrUnR
174,2017-12-01,175,New,Delicate,Taylor Swift,609436,https://i.scdn.co/image/ab67616d000048512bc33ce6acd39112e88b4c0e,https://open.spotify.com/track/7CneiDesUKFJO3Ix01dnfr
175,2017-12-01,176,Down,Happier,Ed Sheeran,606710,https://i.scdn.co/image/ab67616d00004851ba5db46f4b838ef6027e6f96,https://open.spotify.com/track/2RttW7RAu5nOAfq6YFvApB
176,2017-12-01,177,Down,Issues,Julia Michaels,605040,https://i.scdn.co/image/ab67616d00004851eab8691768189c70635820e8,https://open.spotify.com/track/6D0b04NJIKfEMg040WioJQ
177,2017-12-01,178,Down,DNA.,Kendrick Lamar,604655,https://i.scdn.co/image/ae1f239b41e9604a66eb900834c6887cd2f62ff1,https://open.spotify.com/track/6HZILIRieu8S0iqY8kIKhj
178,2017-12-01,179,Down,Como Antes (feat. Wisin),Yandel,602316,https://i.scdn.co/image/ab67616d00004851b54d1c695daae20467312eb3,https://open.spotify.com/track/5YzA563GXTuwQaRq24z1k5
179,2017-12-01,180,Down,Hey DJ,CNCO,596175,https://i.scdn.co/image/ab67616d000048514358c8856d3acc00ca6c3578,https://open.spotify.com/track/209gZgcfLq2aUuu51vOWBl
180,2017-12-01,181,New,,,588738,"data:image/png;base64,iVBORw0KGgoAAAANSUhEUgAAAAEAAAABCAQAAAC1HAwCAAAAC0lEQVR42mNkYAAAAAYAAjCB0C8AAAAASUVORK5CYII=",https://open.spotify.com/track/3ireeOPKD5i6wN6CBp5koM
181,2017-12-01,182,Down,GUMMO,6ix9ine,588103,https://i.scdn.co/image/21baec292a05430415f01af3aece4fb6b51f508a,https://open.spotify.com/track/2vjmyyAnDUzilFYxOlTdO1
182,2017-12-01,183,Down,Save That Shit,Lil Peep,581437,https://i.scdn.co/image/ab67616d0000485123e42a4144ea148068801e8f,https://open.spotify.com/track/6sn8WaooLLVhQvU96wtEAm
183,2017-12-01,184,Down,"Lose Yourself - From ""8 Mile"" Soundtrack",Eminem,581193,https://i.scdn.co/image/ab67616d00004851a8a32ae2a279b9bf03445738,https://open.spotify.com/track/7w9bgPAmPTtrkt2v16QWvQ
184,2017-12-01,185,Down,Scared to Be Lonely,Martin Garrix,580455,https://i.scdn.co/image/ab67616d0000485164f8a309aa3c0a66a31fc374,https://open.spotify.com/track/3ebXMykcMXOcLeJ9xZ17XH
185,2017-12-01,186,Down,Look At Me!,XXXTENTACION,578330,https://i.scdn.co/image/ab67616d0000485171af28545729f60b3eca66f7,https://open.spotify.com/track/7floNISpH8VF4z4459Qo18
186,2017-12-01,187,Down,GPS,Maluma,571869,https://i.scdn.co/image/ab67616d0000485130971acd0afe5b31d3b6d52a,https://open.spotify.com/track/3t6j6WNv2OSn6qm5Vxynub
187,2017-12-01,188,New,Wonderful Christmastime - Remastered 2011 / Edited Version,Paul McCartney,568130,https://i.scdn.co/image/ab67616d0000485102132dee3c60e9faf44e6869,https://open.spotify.com/track/4gavOCQdZ2g86gkvi17FM7
188,2017-12-01,189,Down,Everybody Dies In Their Nightmares,XXXTENTACION,567291,https://i.scdn.co/image/ab67616d00004851203c89bd4391468eea4cc3f5,https://open.spotify.com/track/3GVkPk8mqxz0itaAriG1L7
189,2017-12-01,190,Down,I Feel It Coming,The Weeknd,566472,https://i.scdn.co/image/b3683184efeb899b2d1a02f4957d0c630dc10b0b,https://open.spotify.com/track/5GXAXm5YOmYT0kL5jHvYBt
190,2017-12-01,191,Down,Passionfruit,Drake,566228,https://i.scdn.co/image/ab67616d000048515ea859dc94365abd9fd84fd6,https://open.spotify.com/track/7hDc8b7IXETo14hHIHdnhd
191,2017-12-01,192,New,Merry Christmas Everyone - Remastered,Shakin' Stevens,566053,https://i.scdn.co/image/ab67616d00004851b6c4b6e093b6667e5c43773f,https://open.spotify.com/track/2ISl1zekPsc26sUQpVt8UB
192,2017-12-01,193,Down,Castle on the Hill,Ed Sheeran,564156,https://i.scdn.co/image/ab67616d00004851ba5db46f4b838ef6027e6f96,https://open.spotify.com/track/6PCUP3dWmTjcTtXY02oFdT
193,2017-12-01,194,Down,There for You,Martin Garrix,559350,https://i.scdn.co/image/ab67616d0000485172c57da7edfe8e915182cdd4,https://open.spotify.com/track/6jA8HL9i4QGzsj6fjoxp8Y
194,2017-12-01,195,Down,Lemon,N.E.R.D,555737,https://i.scdn.co/image/ab67616d00004851de957b01b61a40d7c12af030,https://open.spotify.com/track/6tUgfsOa8PLkoede5nOR7D
195,2017-12-01,196,Down,Rockabye (feat. Sean Paul & Anne-Marie),Clean Bandit,552118,https://i.scdn.co/image/ab67616d000048511431c3bdf16aa99f71799d95,https://open.spotify.com/track/5knuzwU65gJK7IF5yJsuaW
196,2017-12-01,197,Down,Rake It Up,Yo Gotti,551576,https://i.scdn.co/image/ab67616d000048512cc72b6f465812679b803638,https://open.spotify.com/track/4knL4iPxPOZjQzTUlELGSY
197,2017-12-01,198,Down,New Freezer (feat. Kendrick Lamar),Rich The Kid,550167,https://i.scdn.co/image/ab67616d0000485166bac14cf011715fbed67e58,https://open.spotify.com/track/4pYZLpX23Vx8rwDpJCpPTA
198,2017-12-01,199,Down,All Night,Steve Aoki,548039,https://i.scdn.co/image/ab67616d00004851904aa5a6f53b2737a9e2df52,https://open.spotify.com/track/5mAxA6Q1SIym6dPNiFLUyd
199,2017-12-01,200,New,113,Booba,546878,https://i.scdn.co/image/ab67616d00004851c45652ffc759734285ea9cc9,https://open.spotify.com/track/6xqAP7kpdgCy8lERQHh29c
