,Date,Position,Trend,Title,Artist,Streams,Icon_URL,Spotify_URL
0,2017-06-04,1,Flat,Despacito - Remix,Luis Fonsi,6503590,https://i.scdn.co/image/ab67616d00004851d8559d0280ffe2a2af6dacdf,https://open.spotify.com/track/5CtI0qwDJkDQGwXD1H1cLb
1,2017-06-04,2,Flat,I'm the One,DJ Khaled,4418367,https://i.scdn.co/image/ab67616d0000485150cae4dacd5b66ee13051f09,https://open.spotify.com/track/72Q0FQQo32KJloivv5xge2
2,2017-06-04,3,Flat,Shape of You,Ed Sheeran,3649191,https://i.scdn.co/image/ab67616d00004851ba5db46f4b838ef6027e6f96,https://open.spotify.com/track/7qiZfU4dY1lWllzX7mPBI3
3,2017-06-04,4,Flat,HUMBLE.,Kendrick Lamar,3157056,https://i.scdn.co/image/ae1f239b41e9604a66eb900834c6887cd2f62ff1,https://open.spotify.com/track/7KXjTSCq5nL1LoYtL7XAwS
4,2017-06-04,5,Up,Attention,Charlie Puth,2768409,https://i.scdn.co/image/ab67616d00004851db21a273452f0637cdbc35aa,https://open.spotify.com/track/4iLqG9SeJSnt0cSPICSjxv
5,2017-06-04,6,Down,Swalla (feat. Nicki Minaj & Ty Dolla $ign),Jason Derulo,2717861,https://i.scdn.co/image/ab67616d000048519d6522bee68370fa5592301d,https://open.spotify.com/track/6kex4EBAj0WHXDKZMEJaaF
6,2017-06-04,7,Flat,Despacito (Featuring Daddy Yankee),Luis Fonsi,2661802,https://i.scdn.co/image/ab67616d00004851a5971936e3b8d91f8b616b17,https://open.spotify.com/track/4aWmUDTfIPGksMNLV2rQP2
7,2017-06-04,8,Flat,There's Nothing Holdin' Me Back,Shawn Mendes,2604486,https://i.scdn.co/image/ab67616d00004851f9cbd0c07513a7232cd6b9a7,https://open.spotify.com/track/79cuOz3SPQTuFrp8WgftAu
8,2017-06-04,9,Flat,Unforgettable,French Montana,2553469,https://i.scdn.co/image/ab67616d00004851482e95a6c610468cddf011da,https://open.spotify.com/track/1F2HXIJrE2Xn81OzT2zZvW
9,2017-06-04,10,Up,XO TOUR Llif3,Lil Uzi Vert,2430257,https://i.scdn.co/image/ab67616d0000485115531ec8568373f631db9786,https://open.spotify.com/track/2eMwDehkIC1j68U6FA3Eiq
10,2017-06-04,11,Down,Stay (with Alessia Cara),Zedd,2373842,https://i.scdn.co/image/ab67616d0000485191a70f95efc3400f696e89cc,https://open.spotify.com/track/0dA2Mk56wEzDgegdC6R17g
11,2017-06-04,12,Flat,Something Just Like This,The Chainsmokers,2334476,https://i.scdn.co/image/ab67616d000048510c13d3d5a503c84fcc60ae94,https://open.spotify.com/track/6RUKPb4LETWmmr3iAEQktW
12,2017-06-04,13,Flat,Mask Off,Future,2295349,https://i.scdn.co/image/ab67616d00004851356884f85665ebdd79223fdf,https://open.spotify.com/track/3rOSwuTsUlJp0Pu0MkN8r8
13,2017-06-04,14,Flat,Symphony (feat. Zara Larsson),Clean Bandit,2267703,https://i.scdn.co/image/ab67616d000048515b1130d050c4cd2295999d85,https://open.spotify.com/track/1x5sYLZiu9r5E43kMlt9f8
14,2017-06-04,15,Flat,That's What I Like,Bruno Mars,2205989,https://i.scdn.co/image/ab67616d00004851232711f7d66a1e19e89e28c5,https://open.spotify.com/track/0KKkJNfGyhkQ5aFogxQAPU
15,2017-06-04,16,Up,Strip That Down,Liam Payne,2182132,https://i.scdn.co/image/ab67616d00004851ec1abb2ba5e210e826161111,https://open.spotify.com/track/6EpRaXYhGOB3fj4V2uDkMJ
16,2017-06-04,17,Down,It Ain't Me (with Selena Gomez),Kygo,2171726,https://i.scdn.co/image/ab67616d0000485141f289940f2e6a0d51988d77,https://open.spotify.com/track/3eR23VReFzcdmS7TYCrhCe
17,2017-06-04,18,Down,Felices los 4,Maluma,2142288,https://i.scdn.co/image/ab67616d00004851d9732b592276542ecafa6c6d,https://open.spotify.com/track/0qYTZCo5Bwh1nsUFGZP3zn
18,2017-06-04,19,Flat,Malibu,Miley Cyrus,2116383,https://i.scdn.co/image/ab67616d000048512fe7eac044c3912f06432f22,https://open.spotify.com/track/2habSXqcJGExM6JJyskY7O
19,2017-06-04,20,Flat,Thunder,Imagine Dragons,2076453,https://i.scdn.co/image/ab67616d00004851ffc368984dacb8a4d8fed5a6,https://open.spotify.com/track/56lBX2WHqfGuoeZxZvUnVj
20,2017-06-04,21,Up,There for You,Martin Garrix,1906372,https://i.scdn.co/image/ab67616d0000485172c57da7edfe8e915182cdd4,https://open.spotify.com/track/6jA8HL9i4QGzsj6fjoxp8Y
21,2017-06-04,22,Down,Mama,Jonas Blue,1891838,https://i.scdn.co/image/ab67616d0000485100cf56c0f52ed7ff598fa971,https://open.spotify.com/track/4xlrALxuaCf9yZBHJeTSG6
22,2017-06-04,23,Down,Pretty Girl - Cheat Codes X CADE Remix,Maggie Lindemann,1840380,https://i.scdn.co/image/ab67616d000048517c7436e1b6273be0e7bc1a84,https://open.spotify.com/track/1NDxZ7cFAo481dtYWdrUnR
23,2017-06-04,24,Flat,First Time,Kygo,1775449,https://i.scdn.co/image/ab67616d00004851b6d86ca196b697ee0f640118,https://open.spotify.com/track/2Gl0FzuLxflY6nPifJp5Dr
24,2017-06-04,25,Up,Congratulations,Post Malone,1757183,https://i.scdn.co/image/23bae95100dcb6ac8f88c19fa2a11c50a998a926,https://open.spotify.com/track/3a1lNhkSLSkpJE4MSHpDu9
25,2017-06-04,26,Flat,Bad Liar,Selena Gomez,1755922,https://i.scdn.co/image/ab67616d00004851f40c5ecb3d327a55e8aa6714,https://open.spotify.com/track/1sCxVKWImDZSZKvG0U9B23
26,2017-06-04,27,Down,SUBEME LA RADIO,Enrique Iglesias,1742238,https://i.scdn.co/image/ab67616d000048515366ff028970205a29d558ed,https://open.spotify.com/track/7nKBxz47S9SD79N086fuhn
27,2017-06-04,28,Down,No Promises (feat. Demi Lovato),Cheat Codes,1740337,https://i.scdn.co/image/ab67616d00004851e74ecdb2f1316c8f026970a8,https://open.spotify.com/track/1louJpMmzEicAn7lzDalPW
28,2017-06-04,29,Flat,Sign of the Times,Harry Styles,1707671,https://i.scdn.co/image/ab67616d000048516c619c39c853f8b1d67b7859,https://open.spotify.com/track/5Ohxk2dO5COHF1krpoPigN
29,2017-06-04,30,Up,Now Or Never,Halsey,1670788,https://i.scdn.co/image/ab67616d000048519357ea2dbe932b47fe8149d6,https://open.spotify.com/track/0Nhu3zSYbEz32IYiobV75e
30,2017-06-04,31,Down,Passionfruit,Drake,1647390,https://i.scdn.co/image/ab67616d000048515ea859dc94365abd9fd84fd6,https://open.spotify.com/track/7hDc8b7IXETo14hHIHdnhd
31,2017-06-04,32,Down,Me Rehúso,Danny Ocean,1637083,https://i.scdn.co/image/ab67616d000048517d46593471038b38e40d59a7,https://open.spotify.com/track/6Zosz8w6CmdGMZM6p4JlbQ
32,2017-06-04,33,Down,Slide (feat. Frank Ocean & Migos),Calvin Harris,1588535,https://i.scdn.co/image/ab67616d000048511e439ac0ed08d612808f7122,https://open.spotify.com/track/6gpcs5eMhJwax4mIfKDYQk
33,2017-06-04,34,Flat,Galway Girl,Ed Sheeran,1529361,https://i.scdn.co/image/ab67616d00004851ba5db46f4b838ef6027e6f96,https://open.spotify.com/track/0afhq8XCExXpqazXczTSve
34,2017-06-04,35,Up,1-800-273-8255,Logic,1456815,https://i.scdn.co/image/08f9ccb7875a87c07c79c1ccd5319263786c55ea,https://open.spotify.com/track/5tz69p7tJuGPeMGwNTxYuV
35,2017-06-04,36,Down,Issues,Julia Michaels,1435089,https://i.scdn.co/image/ab67616d000048519615e35e0e9e4b2c3dccb520,https://open.spotify.com/track/1sXUWdKx03aP9Gmzft58rt
36,2017-06-04,37,Down,DNA.,Kendrick Lamar,1430472,https://i.scdn.co/image/ae1f239b41e9604a66eb900834c6887cd2f62ff1,https://open.spotify.com/track/6HZILIRieu8S0iqY8kIKhj
37,2017-06-04,38,Up,Slow Hands,Niall Horan,1394075,https://i.scdn.co/image/ab67616d00004851805efe949d48d6f50e604919,https://open.spotify.com/track/167NczpNbRF7oWakJaY3Hh
38,2017-06-04,39,Up,Location,Khalid,1358695,https://i.scdn.co/image/ab67616d00004851988ede5e1276e758b5f9e577,https://open.spotify.com/track/152lZdxL1OR0ZMW6KquMif
39,2017-06-04,40,Down,Scared to Be Lonely,Martin Garrix,1358031,https://i.scdn.co/image/ab67616d0000485164f8a309aa3c0a66a31fc374,https://open.spotify.com/track/3ebXMykcMXOcLeJ9xZ17XH
40,2017-06-04,41,Down,"Know No Better (feat. Travis Scott, Camila Cabello & Quavo)",Major Lazer,1315793,https://i.scdn.co/image/ab67616d00004851de1e9558f85913eb0b47f623,https://open.spotify.com/track/3Ytr1SUCUi6J3L9dRFx5iH
41,2017-06-04,42,Flat,Crying in the Club,Camila Cabello,1307894,https://i.scdn.co/image/ab67616d00004851cec62b81146fe4d116fbb2fa,https://open.spotify.com/track/1SJtlNRJDeYHioymcvsqev
42,2017-06-04,43,Up,iSpy (feat. Lil Yachty),KYLE,1294751,https://i.scdn.co/image/ab67616d0000485132e373f2988bc6596a542d1c,https://open.spotify.com/track/2EEeOnHehOozLq4aS0n6SL
43,2017-06-04,44,Flat,Believer,Imagine Dragons,1283435,https://i.scdn.co/image/ab67616d00004851156aeddf54ed40b1d9d30c9f,https://open.spotify.com/track/6VRghJeP6I0w1KxkdWFfIh
44,2017-06-04,45,Down,Escápate Conmigo,Wisin,1261435,https://i.scdn.co/image/ab67616d000048512b02904e5404ad6069c16a4f,https://open.spotify.com/track/2cnKEkpVUSV4wnjQiTWfH6
45,2017-06-04,46,Up,Redbone,Childish Gambino,1238378,https://i.scdn.co/image/ab67616d000048510b97e56ffad7c6211aa848f8,https://open.spotify.com/track/3kxfsdsCpFgN412fpnW85Y
46,2017-06-04,47,Down,The Cure,Lady Gaga,1212883,https://i.scdn.co/image/ab67616d000048514a9be9e8223db02a37e1e8fe,https://open.spotify.com/track/51PIvodunv6NmX5250zxAh
47,2017-06-04,48,Flat,Good Life (with G-Eazy & Kehlani),G-Eazy,1190895,https://i.scdn.co/image/ab67616d00004851fcc36f9c0515e6e7faa2030b,https://open.spotify.com/track/1Eck97uRMlprKOOJN9oO1E
48,2017-06-04,49,Down,Rockabye (feat. Sean Paul & Anne-Marie),Clean Bandit,1182297,https://i.scdn.co/image/ab67616d000048511431c3bdf16aa99f71799d95,https://open.spotify.com/track/5knuzwU65gJK7IF5yJsuaW
49,2017-06-04,50,Flat,Ahora Dice,Chris Jeday,1168761,https://i.scdn.co/image/ab67616d000048513a142c7e7fc7863dc1a256ed,https://open.spotify.com/track/22eADXu8DfOAUEDw4vU8qy
50,2017-06-04,51,Down,Rollin (feat. Future & Khalid),Calvin Harris,1146643,https://i.scdn.co/image/ab67616d0000485191971f372a4499c52f4ebc1c,https://open.spotify.com/track/3FDrI0FLKzrYQiWxPhqV2W
51,2017-06-04,52,Flat,El Amante,Nicky Jam,1044313,https://i.scdn.co/image/ab67616d00004851d77dbcd4dbd37cdfa61771fa,https://open.spotify.com/track/3umS4y3uQDkqekNjVpiRUs
52,2017-06-04,53,Up,Your Song,Rita Ora,1019018,https://i.scdn.co/image/ab67616d00004851528e7f2b6eda1b2a20ccfb1f,https://open.spotify.com/track/4c2W3VKsOFoIg2SFaO6DY5
53,2017-06-04,54,Up,Most Girls,Hailee Steinfeld,999522,https://i.scdn.co/image/ab67616d000048519e1b81dc79bd5055417b1e5a,https://open.spotify.com/track/2mfUa8bLs2s5N4VaqJZ4lZ
54,2017-06-04,55,Flat,Paris,The Chainsmokers,985771,https://i.scdn.co/image/ab67616d000048510c13d3d5a503c84fcc60ae94,https://open.spotify.com/track/72jbDTw1piOOj770jWNeaG
55,2017-06-04,56,Up,"I Don’t Wanna Live Forever (Fifty Shades Darker) - From ""Fifty Shades Darker (Original Motion Picture Soundtrack)""",ZAYN,984787,https://i.scdn.co/image/ab67616d000048512ae921f082ae5db4d3da818f,https://open.spotify.com/track/3NdDpSvN911VPGivFlV5d0
56,2017-06-04,57,Up,Say You Won't Let Go,James Arthur,970600,https://i.scdn.co/image/ab67616d0000485120beb61f61fcbeb33b10a9ab,https://open.spotify.com/track/5uCax9HTNlzGybIStD3vDh
57,2017-06-04,58,Up,goosebumps,Travis Scott,961751,https://i.scdn.co/image/ab67616d00004851f54b99bf27cda88f4a7403ce,https://open.spotify.com/track/6gBFPUFcJLzWGx4lenP6h2
58,2017-06-04,59,Down,Hey DJ,CNCO,956396,https://i.scdn.co/image/ab67616d000048514358c8856d3acc00ca6c3578,https://open.spotify.com/track/209gZgcfLq2aUuu51vOWBl
59,2017-06-04,60,Down,I Feel It Coming,The Weeknd,945559,https://i.scdn.co/image/b3683184efeb899b2d1a02f4957d0c630dc10b0b,https://open.spotify.com/track/5GXAXm5YOmYT0kL5jHvYBt
60,2017-06-04,61,Down,Down,Fifth Harmony,944049,https://i.scdn.co/image/ab67616d00004851aa8f5611964dc75eebbecbba,https://open.spotify.com/track/7LEydI5NfjY6mZfKwYIptZ
61,2017-06-04,62,Up,Closer,The Chainsmokers,935096,https://i.scdn.co/image/ab67616d00004851495ce6da9aeb159e94eaa453,https://open.spotify.com/track/7BKLCZ1jbUBVqRi2FVlTVw
62,2017-06-04,63,Down,Hey Ma (with Pitbull & J Balvin feat. Camila Cabello) - Spanish Version,Pitbull,929496,https://i.scdn.co/image/ab67616d000048513e40b472d708ea3c6bd86670,https://open.spotify.com/track/2Vdub5mY4lad7w64bFPUez
63,2017-06-04,64,Down,Tuesday,Burak Yeter,912482,https://i.scdn.co/image/ab67616d00004851904a3a2bc1c517f3b2b077b9,https://open.spotify.com/track/5c4tB0saSkNHX5CyDosuF7
64,2017-06-04,65,Down,You Don't Know Me - Radio Edit,Jax Jones,900716,https://i.scdn.co/image/ab67616d00004851bbbcc7a8bd483f8bc949f9ba,https://open.spotify.com/track/4WrS6vezaPwOafKJmHqMEU
65,2017-06-04,66,Up,Portland,Drake,893905,https://i.scdn.co/image/6dfd956b9331fa9ea1f47ebb95311951ed72b3db,https://open.spotify.com/track/2bjwRfXMk4uRgOD9IBYl9h
66,2017-06-04,67,Flat,No Vacancy,OneRepublic,892722,https://i.scdn.co/image/ab67616d000048518eadf2a91387dd890653afbe,https://open.spotify.com/track/6XOYVSmNDjKUNMXooU4s4z
67,2017-06-04,68,Up,LOVE. FEAT. ZACARI.,Kendrick Lamar,883687,https://i.scdn.co/image/ae1f239b41e9604a66eb900834c6887cd2f62ff1,https://open.spotify.com/track/6PGoSes0D9eUDeeAafB2As
68,2017-06-04,69,Down,Swish Swish,Katy Perry,883343,https://i.scdn.co/image/ab67616d00004851848921f387d27842fcafc62f,https://open.spotify.com/track/3VRk65lHSwqd90TAkQqhvB
69,2017-06-04,70,Up,More Than You Know,Axwell /\ Ingrosso,856075,https://i.scdn.co/image/ab67616d000048518f24ce68154603cffe698779,https://open.spotify.com/track/4q8PHoRsPUB52LFylX8Ulz
70,2017-06-04,71,Down,Solo Dance,Martin Jensen,854104,https://i.scdn.co/image/ab67616d00004851950d67dbe3f31f1d9a5d06a2,https://open.spotify.com/track/6HUnnBwYZqcED1eQztxMBN
71,2017-06-04,72,Up,Starboy,The Weeknd,846860,https://i.scdn.co/image/ab67616d000048510c8599cbde51245c128bcea9,https://open.spotify.com/track/5aAx2yezTd8zXrkmtKl66Z
72,2017-06-04,73,Down,OK - Spotify Version,Robin Schulz,845621,https://i.scdn.co/image/ab67616d000048517fd57367322c558ca19c9ed8,https://open.spotify.com/track/3bWAqKDWg6u1davspr5IkS
73,2017-06-04,74,Down,Chantaje (feat. Maluma),Shakira,840534,https://i.scdn.co/image/ab67616d00004851d05d3aad30c5fb7614893cf5,https://open.spotify.com/track/6mICuAdrwEjh6Y6lroV2Kg
74,2017-06-04,75,Up,Call On Me - Ryan Riback Extended Remix,Starley,830694,https://i.scdn.co/image/ab67616d000048519d4079afc73664f86f055400,https://open.spotify.com/track/78rIJddV4X0HkNAInEcYde
75,2017-06-04,76,Flat,Sigo Extrañándote,J Balvin,822654,https://i.scdn.co/image/ab67616d00004851338ffc4c72a192f06070546b,https://open.spotify.com/track/6qDF4wWL49CAVbgT7yuHl8
76,2017-06-04,77,Down,Me Enamoré,Shakira,815737,https://i.scdn.co/image/ab67616d00004851d05d3aad30c5fb7614893cf5,https://open.spotify.com/track/4qknM1pQz53QOyfDVTjcM9
77,2017-06-04,78,Flat,One Dance,Drake,814330,https://i.scdn.co/image/ab67616d00004851726abca207567d5e41cb9667,https://open.spotify.com/track/1xznGGDReH1oQq0xzbwXa3
78,2017-06-04,79,Flat,Castle on the Hill,Ed Sheeran,813704,https://i.scdn.co/image/ab67616d00004851ba5db46f4b838ef6027e6f96,https://open.spotify.com/track/6PCUP3dWmTjcTtXY02oFdT
79,2017-06-04,80,Up,Magnolia,Playboi Carti,799101,https://i.scdn.co/image/cbfa858a49a59efbca64c6f7078068cf07731bd0,https://open.spotify.com/track/1e1JKLEDKP7hEQzJfNAgPl
80,2017-06-04,81,Up,Body Like A Back Road,Sam Hunt,796510,https://i.scdn.co/image/ab67616d000048519eccbdab1110afc4d5a186a8,https://open.spotify.com/track/7mldq42yDuxiUNn08nvzHO
81,2017-06-04,82,Up,The Night We Met,Lord Huron,783843,https://i.scdn.co/image/ab67616d00004851ee6611c95f868e465c98a0b2,https://open.spotify.com/track/6mORGLOz79w6VsCRLWYYuK
82,2017-06-04,83,Down,Tu Foto,Ozuna,780057,https://i.scdn.co/image/ab67616d000048515a0467b3a49a461da243c362,https://open.spotify.com/track/0Szp49tpFasIjX04Mcsydp
83,2017-06-04,84,Down,Bon Appétit,Katy Perry,769014,https://i.scdn.co/image/ab67616d00004851dc92399392fe6271229995f8,https://open.spotify.com/track/14oOKFGuXu8DqvOe1W8vao
84,2017-06-04,85,Down,Slippery (feat. Gucci Mane),Migos,763029,https://i.scdn.co/image/ab67616d0000485199a8ab6da9d593939302828a,https://open.spotify.com/track/6p8NuHm8uCGnn2Dtbtf7zE
85,2017-06-04,86,Down,LOYALTY. FEAT. RIHANNA.,Kendrick Lamar,758543,https://i.scdn.co/image/ae1f239b41e9604a66eb900834c6887cd2f62ff1,https://open.spotify.com/track/6SwRhMLwNqEi6alNPVG00n
86,2017-06-04,87,Down,La Rompe Corazones,Daddy Yankee,734898,https://i.scdn.co/image/ab67616d00004851b84a36483e43bfbcb931fcde,https://open.spotify.com/track/4okba5wu9mMLXx79DXLKi3
87,2017-06-04,88,Up,Bad and Boujee (feat. Lil Uzi Vert),Migos,733176,https://i.scdn.co/image/ab67616d0000485199a8ab6da9d593939302828a,https://open.spotify.com/track/4Km5HrUvYTaSUfiSGPJeQR
88,2017-06-04,89,Down,Cold,Maroon 5,731234,https://i.scdn.co/image/ab67616d000048514727f9e79c338683c5bf8921,https://open.spotify.com/track/5NNlUMcOEOdoOIwwaWXv0k
89,2017-06-04,90,Up,Drowning (feat. Kodak Black),A Boogie Wit da Hoodie,729388,https://i.scdn.co/image/ab67616d00004851422289e2c09a3b210aa425b5,https://open.spotify.com/track/3LnOF5n1GOs01siYZXzS3p
90,2017-06-04,91,Up,Tunnel Vision,Kodak Black,726742,https://i.scdn.co/image/ab67616d000048511541a676423805fc68ff3e66,https://open.spotify.com/track/4Q3N4Ct4zCuIHuZ65E3BD4
91,2017-06-04,92,Up,Bounce Back,Big Sean,713820,https://i.scdn.co/image/695d0c097d8463ccc2c2b9855fe44e3e9e7bc267,https://open.spotify.com/track/0SGkqnVQo9KPytSri1H6cF
92,2017-06-04,93,Down,Otra vez (feat. J Balvin),Zion & Lennox,709361,https://i.scdn.co/image/ab67616d0000485182eabf564ddc57325a84dd50,https://open.spotify.com/track/3QwBODjSEzelZyVjxPOHdq
93,2017-06-04,94,Up,Quit (feat. Ariana Grande),Cashmere Cat,703554,https://i.scdn.co/image/ab67616d00004851e53443feca656fafbbbae361,https://open.spotify.com/track/4Q5yMlwAfAoitqg4r9oZHN
94,2017-06-04,95,Down,Mask Off - Remix,Future,702780,https://i.scdn.co/image/ab67616d000048510cf32251bdb54d0131f2eade,https://open.spotify.com/track/6DB2KOEwHnjkgEnBt5SdeJ
95,2017-06-04,96,Up,do re mi,blackbear,698808,https://i.scdn.co/image/ab67616d000048518b41182625f5b10d7f0ccc0b,https://open.spotify.com/track/6CUBgX8bXC5YQCkdgRHqyg
96,2017-06-04,97,Down,Let Me Love You,DJ Snake,698768,https://i.scdn.co/image/ab67616d000048515045de6786e0af096de73ed4,https://open.spotify.com/track/4pdPtRcBmOSQDlJ3Fk945m
97,2017-06-04,98,Down,24K Magic,Bruno Mars,696490,https://i.scdn.co/image/ab67616d00004851232711f7d66a1e19e89e28c5,https://open.spotify.com/track/6b8Be6ljOzmkOmFslEb23P
98,2017-06-04,99,Up,Look At Me!,XXXTENTACION,691862,https://i.scdn.co/image/ab67616d0000485125b5901b8bcf902f54d466d9,https://open.spotify.com/track/4ARPvK8DHLwt4oX65ZAFMw
99,2017-06-04,100,Up,Perfect,Ed Sheeran,686217,https://i.scdn.co/image/ab67616d00004851ba5db46f4b838ef6027e6f96,https://open.spotify.com/track/0tgVpDi06FyKpA1z0VMD4v
100,2017-06-04,101,Down,Selfish (feat. Rihanna),Future,679672,https://i.scdn.co/image/ab67616d00004851968822b495da180d0792a437,https://open.spotify.com/track/2Ce5IyMlVRVvN997ZJjJJA
101,2017-06-04,102,Up,Gyalchester,Drake,675239,https://i.scdn.co/image/6dfd956b9331fa9ea1f47ebb95311951ed72b3db,https://open.spotify.com/track/6UjfByV1lDLW0SOVQA4NAi
102,2017-06-04,103,Up,Fake Love,Drake,673058,https://i.scdn.co/image/6dfd956b9331fa9ea1f47ebb95311951ed72b3db,https://open.spotify.com/track/343YBumqHu19cGoGARUTsd
103,2017-06-04,104,Down,Strangers,Halsey,669443,https://i.scdn.co/image/ab67616d000048519357ea2dbe932b47fe8149d6,https://open.spotify.com/track/0C7RxcoJUdt0EDtQLuOFc6
104,2017-06-04,105,Down,"Sola (Remix) [feat. Daddy Yankee, Wisin, Farruko, Zion & Lennox]",Anuel AA,666246,https://i.scdn.co/image/ab67616d00004851a66def7d649149464edc8f1e,https://open.spotify.com/track/5q2JbCNi4FcnglgPfxcV65
105,2017-06-04,106,Down,Reggaetón Lento (Bailemos),CNCO,642941,https://i.scdn.co/image/ab67616d000048517db0f7ac4c612cce26ccacf9,https://open.spotify.com/track/3AEZUABDXNtecAOSC1qTfo
106,2017-06-04,107,Up,T-Shirt,Migos,639158,https://i.scdn.co/image/ab67616d0000485199a8ab6da9d593939302828a,https://open.spotify.com/track/7KOlJ92bu51cltsD9KU5I7
107,2017-06-04,108,Up,The One,The Chainsmokers,635820,https://i.scdn.co/image/ab67616d000048510c13d3d5a503c84fcc60ae94,https://open.spotify.com/track/0wfbD5rAksdXUzRvMfM3x5
108,2017-06-04,109,Up,Starving,Hailee Steinfeld,631373,https://i.scdn.co/image/ab67616d00004851612495ee5769c99125031be2,https://open.spotify.com/track/1qOLh0tI7trd1zdDKxYZTe
109,2017-06-04,110,Down,Chained To The Rhythm,Katy Perry,619881,https://i.scdn.co/image/ab67616d00004851edab7220994d4e9629b5e7c3,https://open.spotify.com/track/5ndfVSDyPq90jaIUhNPeby
110,2017-06-04,111,Up,Don't Let Me Down,The Chainsmokers,617854,https://i.scdn.co/image/ab67616d0000485108d87fb54859bc9038f7e5e0,https://open.spotify.com/track/0QsvXIfqM0zZoerQfsI9lm
111,2017-06-04,112,Up,Whatever It Takes,Imagine Dragons,615843,https://i.scdn.co/image/ab67616d000048518dd89a06b0f31e24bc2d5cbf,https://open.spotify.com/track/4izg6Hydc6XGErWW6nbdsV
112,2017-06-04,113,Down,Still Got Time,ZAYN,605584,https://i.scdn.co/image/ab67616d000048513bfd914f72da2ed8822a634f,https://open.spotify.com/track/000xQL6tZNLJzIrtIgxqSl
113,2017-06-04,114,Down,Me Llamas (feat. Maluma) - Remix,Piso 21,605059,https://i.scdn.co/image/ab67616d000048511e1eafb5d2bb1ca39d26f092,https://open.spotify.com/track/5hEM0JchdVzQ5PwvSfITeX
114,2017-06-04,115,Down,Ciao Adios,Anne-Marie,598562,https://i.scdn.co/image/ab67616d0000485119f06fd0fc43d3ebed4f041d,https://open.spotify.com/track/3EfugazgSddQvzZpkof5I4
115,2017-06-04,116,Up,Side To Side,Ariana Grande,594730,https://i.scdn.co/image/ab67616d000048517227f5854239a059af211d5b,https://open.spotify.com/track/4pLwZjInHj3SimIyN9SnOz
116,2017-06-04,117,Up,Weak,AJR,588892,https://i.scdn.co/image/ab67616d000048513e51f8eb405846373fe30f93,https://open.spotify.com/track/6OuV4vfyb8v3vGGGksqyKf
117,2017-06-04,118,Up,Photograph,Ed Sheeran,586369,https://i.scdn.co/image/ab67616d00004851d08209944468440145f01524,https://open.spotify.com/track/6fxVffaTuwjgEk5h9QyRjy
118,2017-06-04,119,Up,Swang,Rae Sremmurd,583997,https://i.scdn.co/image/16293ab3b4f9301aeb5f41810fd7056d463db55e,https://open.spotify.com/track/6mapJIPnQ23RTAevUoE0DL
119,2017-06-04,120,Up,Nights With You,MØ,583140,https://i.scdn.co/image/ab67616d00004851bd58d7394f4103d9810c8edf,https://open.spotify.com/track/5q5gzmbBS5yQzos2BvVr1t
120,2017-06-04,121,Down,Tired,Alan Walker,574859,https://i.scdn.co/image/ab67616d00004851c311619d7b02d5c4a6c167f2,https://open.spotify.com/track/3b5Li4QKDVBx1x7fQuu54a
121,2017-06-04,122,Down,Whippin (feat. Felix Snow),Kiiara,569226,https://i.scdn.co/image/ab67616d00004851203e94bd36a9b9c984225d9b,https://open.spotify.com/track/3QWjljChcOMkRDYSzF33Qr
122,2017-06-04,123,Down,"CAN'T STOP THE FEELING! (Original Song from DreamWorks Animation's ""TROLLS"")",Justin Timberlake,568449,https://i.scdn.co/image/ab67616d00004851ef37416970812293c08e8a78,https://open.spotify.com/track/6JV2JOEocMgcZxYSZelKcc
123,2017-06-04,124,Up,In the Name of Love,Martin Garrix,567234,https://i.scdn.co/image/ab67616d00004851923db3f255cd48a6d5783ebf,https://open.spotify.com/track/04DwTuZ2VBdJCCC5TROn7L
124,2017-06-04,125,Down,Vente Pa' Ca,Ricky Martin,565205,https://i.scdn.co/image/ab67616d000048513d90f5938459be40b7b6652a,https://open.spotify.com/track/7DM4BPaS7uofFul3ywMe46
125,2017-06-04,126,Down,Green Light,Lorde,563001,https://i.scdn.co/image/ab67616d00004851cd594642c6384231664ccc7a,https://open.spotify.com/track/1WC5UN1U79gJlxGLYDGIO7
126,2017-06-04,127,Up,We Don't Talk Anymore,Charlie Puth,552560,https://i.scdn.co/image/ab67616d00004851c0e28105f0533c52717c46c2,https://open.spotify.com/track/68EMU2RD1ECNeOeJ5qAXCV
127,2017-06-04,128,Up,Treat You Better,Shawn Mendes,545283,https://i.scdn.co/image/ab67616d00004851188e6332f32088921ab1eaf8,https://open.spotify.com/track/4Hf7WnR761jpxPr5D46Bcd
128,2017-06-04,129,Up,Reminding Me,Shawn Hook,543777,https://i.scdn.co/image/ab67616d00004851419fcf8e8c7f0c8eeae8a9ae,https://open.spotify.com/track/7DQXiMeLqiQsy1uqHSk0xc
129,2017-06-04,130,Up,I Took A Pill In Ibiza - Seeb Remix,Mike Posner,541937,https://i.scdn.co/image/ab67616d0000485140512e02a594e3378c0256e6,https://open.spotify.com/track/17Fd6Yb7mSbinKG8LoWfFl
130,2017-06-04,131,Down,ELEMENT.,Kendrick Lamar,541800,https://i.scdn.co/image/ae1f239b41e9604a66eb900834c6887cd2f62ff1,https://open.spotify.com/track/1EaKU4dMbesXXd3BrLCtYG
131,2017-06-04,132,Down,Báilame,Nacho,541436,https://i.scdn.co/image/ab67616d000048514b2089fbced0d870deb3e9f2,https://open.spotify.com/track/7lRsNbdOGykkMAgsqs4R1C
132,2017-06-04,133,Down,Hear Me Now,Alok,537407,https://i.scdn.co/image/e308bad29e4cf6dc8aa5cd97449ef71bbb893d40,https://open.spotify.com/track/1a5Yu5L18qNxVhXx38njON
133,2017-06-04,134,Up,Cold Water (feat. Justin Bieber & MØ),Major Lazer,536582,https://i.scdn.co/image/ab67616d000048512e8f1cca2bc8c9d55930523b,https://open.spotify.com/track/6DNtNfH8hXkqOX1sjqmI7p
134,2017-06-04,135,Up,Rolex,Ayo & Teo,534191,https://i.scdn.co/image/ab67616d0000485179dbd95fbdf6b0d617bd32dd,https://open.spotify.com/track/0pSBuHjILhNEo55xK1zrRt
135,2017-06-04,136,Up,Happier,Ed Sheeran,530953,https://i.scdn.co/image/ab67616d00004851ba5db46f4b838ef6027e6f96,https://open.spotify.com/track/2RttW7RAu5nOAfq6YFvApB
136,2017-06-04,137,Down,BUTTERFLY EFFECT,Travis Scott,527765,https://i.scdn.co/image/ab67616d00004851b5e9358d0d07114609d9afab,https://open.spotify.com/track/1yxgsra98r3qAtxqiGZPiX
137,2017-06-04,138,Down,Hunter,Galantis,513680,https://i.scdn.co/image/ab67616d00004851c57e7df0eb72981d8aafd57d,https://open.spotify.com/track/3caMfJGFp53NAH2TuigdNj
138,2017-06-04,139,Up,Thinking out Loud,Ed Sheeran,510287,https://i.scdn.co/image/ab67616d00004851d08209944468440145f01524,https://open.spotify.com/track/1Slwb6dOYkBlWal1PGtnNg
139,2017-06-04,140,Flat,September Song,JP Cooper,509155,https://i.scdn.co/image/ab67616d000048511400ec742ee0935608e30700,https://open.spotify.com/track/0FuTx2s3YH1ppmtiM6l0zI
140,2017-06-04,141,Down,Alguien Robo,Sebastian Yatra,497022,https://i.scdn.co/image/ab67616d0000485135e1cf8c70c60dc416956c17,https://open.spotify.com/track/5i50gKdLAjjIr7UxRT5IVy
141,2017-06-04,142,Down,Paradinha,Anitta,496549,https://i.scdn.co/image/ab67616d00004851060ef674248ad011af09f6e6,https://open.spotify.com/track/05rJdH2MRLJ3sQoEUO78qs
142,2017-06-04,143,Up,Love Yourself,Justin Bieber,493863,https://i.scdn.co/image/ab67616d00004851b6d9a4fbb0bd49f0f034aead,https://open.spotify.com/track/3hB5DgAiMAQ4DzYbsMq1IT
143,2017-06-04,144,Up,"How Far I'll Go - From ""Moana""",Alessia Cara,492982,https://i.scdn.co/image/ab67616d00004851fb128b1eda22335050f584fe,https://open.spotify.com/track/5hYTyyh2odQKphUbMqc5gN
144,2017-06-04,145,Down,Don't Wanna Know,Maroon 5,491270,https://i.scdn.co/image/ab67616d00004851eec1912bbc2ff74b8203fe5f,https://open.spotify.com/track/5MFzQMkrl1FOOng9tq6R9r
145,2017-06-04,146,Up,Broccoli (feat. Lil Yachty),DRAM,487192,https://i.scdn.co/image/ab67616d00004851f02a1575a59bd05998826351,https://open.spotify.com/track/7yyRTcZmCiyzzJlNzGC9Ol
146,2017-06-04,147,Down,Safari,J Balvin,487010,https://i.scdn.co/image/ab67616d00004851338ffc4c72a192f06070546b,https://open.spotify.com/track/6rQSrBHf7HlZjtcMZ4S4bO
147,2017-06-04,148,Up,Mercy,Shawn Mendes,482026,https://i.scdn.co/image/ab67616d00004851188e6332f32088921ab1eaf8,https://open.spotify.com/track/4TZy1wLyHec06pwgFYDh1a
148,2017-06-04,149,Up,Heathens,Twenty One Pilots,481468,https://i.scdn.co/image/ab67616d000048512ca3ba8f334ca5a5f0312efb,https://open.spotify.com/track/6i0V12jOa3mr6uu4WYhUBr
149,2017-06-04,150,Down,4 AM,2 Chainz,480350,https://i.scdn.co/image/ab67616d00004851738132f1d6414a8c586b2d06,https://open.spotify.com/track/4r4PJQBHAE0bIKCjunhTgd
150,2017-06-04,151,Down,Touch,Little Mix,476066,https://i.scdn.co/image/ab67616d000048512318bbb0586903290db2b270,https://open.spotify.com/track/5Ua3GXyHwiSfpNTMjq6m2z
151,2017-06-04,152,Down,Si Tú La Ves (feat. Wisin),Nicky Jam,469422,https://i.scdn.co/image/ab67616d00004851d77dbcd4dbd37cdfa61771fa,https://open.spotify.com/track/4yN6xPLopmTLvc27pO9LIE
152,2017-06-04,153,Down,Run Up (feat. PARTYNEXTDOOR & Nicki Minaj),Major Lazer,467506,https://i.scdn.co/image/ab67616d000048518036d7402a6a76aed04f1f98,https://open.spotify.com/track/0fg8CqpjdojMyXLNzM2PaJ
153,2017-06-04,154,Up,Faded,Alan Walker,466634,https://i.scdn.co/image/ab67616d00004851c4d00cac55ae1b4598c9bc90,https://open.spotify.com/track/7gHs73wELdeycvS48JfIos
154,2017-06-04,155,Up,White Iverson,Post Malone,463292,https://i.scdn.co/image/23bae95100dcb6ac8f88c19fa2a11c50a998a926,https://open.spotify.com/track/6eT7xZZlB2mwyzJ2sUKG6w
155,2017-06-04,156,Down,"Ay Mi Dios (feat. Pitbull, Yandel & Chacal)",IAmChino,461909,https://i.scdn.co/image/ab67616d000048511568fbc07414eb185c58ef62,https://open.spotify.com/track/6stYbAJgTszHAHZMPxWWCY
156,2017-06-04,157,Up,Dive,Ed Sheeran,461365,https://i.scdn.co/image/ab67616d00004851ba5db46f4b838ef6027e6f96,https://open.spotify.com/track/51ChrwmUPDJvedPQnIU8Ls
157,2017-06-04,158,Up,Sweet Creature,Harry Styles,461347,https://i.scdn.co/image/ab67616d000048516c619c39c853f8b1d67b7859,https://open.spotify.com/track/5kRPPEWFJIMox5qIkQkiz5
158,2017-06-04,159,New,One Last Time,Ariana Grande,461190,https://i.scdn.co/image/ab67616d000048511254a60895a75d37796045c8,https://open.spotify.com/track/7bJwvubZZaoGE1AGEfu8Fi
159,2017-06-04,160,Down,Te Quiero Pa´Mi,Don Omar,461091,https://i.scdn.co/image/ab67616d00004851d0cb2a58e3bf5d7ac5ece16f,https://open.spotify.com/track/3BY2mafsbsoKGqS380Xnuz
160,2017-06-04,161,Down,Work from Home (feat. Ty Dolla $ign),Fifth Harmony,455920,https://i.scdn.co/image/ab67616d00004851d03fa6f4e758282b7920b5c8,https://open.spotify.com/track/4tCtwWceOPWzenK2HAIJSb
161,2017-06-04,162,Down,Traicionera,Sebastian Yatra,455773,https://i.scdn.co/image/ab67616d00004851dbe5e9f934a9be5db8884c52,https://open.spotify.com/track/5J1c3M4EldCfNxXwrwt8mT
162,2017-06-04,163,Down,Cheap Thrills,Sia,455729,https://i.scdn.co/image/ab67616d0000485149e0134c686547c28b7c999f,https://open.spotify.com/track/27SdWb2rFzO6GWiYDBTD9j
163,2017-06-04,164,Up,The Way I Are (Dance with Somebody) (feat. Lil Wayne) - Spotify Version,Bebe Rexha,454655,https://i.scdn.co/image/ab67616d000048513831dd29f86a00e0df26df4a,https://open.spotify.com/track/6Pw3Gvw4wNMZfTYZa6IQal
164,2017-06-04,165,Down,Vacaciones,Wisin,450293,https://i.scdn.co/image/ab67616d00004851c85f0d16973e9dae6f8a786c,https://open.spotify.com/track/3dQDid3IUNhZy1OehIfYfE
165,2017-06-04,166,Down,Sorry,Justin Bieber,450231,https://i.scdn.co/image/ab67616d00004851b6d9a4fbb0bd49f0f034aead,https://open.spotify.com/track/69bp2EbF7Q2rqc5N3ylezZ
166,2017-06-04,167,Up,wokeuplikethis*,Playboi Carti,449741,https://i.scdn.co/image/cbfa858a49a59efbca64c6f7078068cf07731bd0,https://open.spotify.com/track/59J5nzL1KniFHnU120dQzt
167,2017-06-04,168,Flat,All Night,The Vamps,449432,https://i.scdn.co/image/ab67616d00004851f03c9779c27137669304ea20,https://open.spotify.com/track/1yNyoWWWikbLhwIGWjZuDW
168,2017-06-04,169,Up,Black Beatles,Rae Sremmurd,444451,https://i.scdn.co/image/16293ab3b4f9301aeb5f41810fd7056d463db55e,https://open.spotify.com/track/6fujklziTHa8uoM5OQSfIo
169,2017-06-04,170,Up,Stressed Out,Twenty One Pilots,441106,https://i.scdn.co/image/ab67616d00004851de03bfc2991fd5bcfde65ba3,https://open.spotify.com/track/3CRDbSIZ4r5MsZ0YwxuEkn
170,2017-06-04,171,New,Bad At Love,Halsey,439083,https://i.scdn.co/image/ab67616d000048519357ea2dbe932b47fe8149d6,https://open.spotify.com/track/2TBQoW7s6iwKcg139ssqie
171,2017-06-04,172,Down,La Bicicleta,Carlos Vives,438016,https://i.scdn.co/image/ab67616d00004851d05d3aad30c5fb7614893cf5,https://open.spotify.com/track/0sXvAOmXgjR2QUqLK1MltU
172,2017-06-04,173,Down,Perfect Places,Lorde,437369,https://i.scdn.co/image/ab67616d000048517b609c6ae68444af193f1c1e,https://open.spotify.com/track/0PGQFIxe8kC5IAdNfAOtEM
173,2017-06-04,174,Down,Be Mine,Ofenbach,433844,https://i.scdn.co/image/ab67616d00004851e819b286432a124e510dc87b,https://open.spotify.com/track/2KklXplRtxMsBYo474Es0w
174,2017-06-04,175,Down,Hot2Touch,Felix Jaehn,431591,https://i.scdn.co/image/ab67616d00004851767ba597ba12ee255719cbd4,https://open.spotify.com/track/1sBhJGPUKrdRycgKxve70v
175,2017-06-04,176,Up,Ride,Twenty One Pilots,424852,https://i.scdn.co/image/ab67616d00004851de03bfc2991fd5bcfde65ba3,https://open.spotify.com/track/2Z8WuEywRWYTKe1NybPQEW
176,2017-06-04,177,Up,All Time Low,Jon Bellion,424802,https://i.scdn.co/image/ff06a4138a99d272c24d2f6da9b5ea6067c054db,https://open.spotify.com/track/1CnPYaKxTVb4LWOtiGOm0m
177,2017-06-04,178,Down,My Way,Calvin Harris,422695,https://i.scdn.co/image/ab67616d000048518d12bc5e3ea5c9f4a967de32,https://open.spotify.com/track/1vvNmPOiUuyCbgWmtc6yfm
178,2017-06-04,179,Down,Besándote,Piso 21,422387,https://i.scdn.co/image/ab67616d000048512cd0b690a37d7bb6e2aa5de4,https://open.spotify.com/track/13X0XdLMOdtbXVtAj2ox4h
179,2017-06-04,180,Down,This Is What You Came For,Calvin Harris,422158,https://i.scdn.co/image/ab67616d00004851d9aa52355e062f5de060adbf,https://open.spotify.com/track/0azC730Exh71aQlOt9Zj3y
180,2017-06-04,181,Down,Uh Huh,Julia Michaels,422152,https://i.scdn.co/image/ab67616d000048518063463ecd95ea953eddef07,https://open.spotify.com/track/0ZExP2I5Ej92PsnG4G1jVG
181,2017-06-04,182,Down,Love On The Brain,Rihanna,421531,https://i.scdn.co/image/ddc285ca9817c96c7719b3f2a759e108787db021,https://open.spotify.com/track/2aksifNn5ph8igDOkPBA02
182,2017-06-04,183,Down,Perfect Strangers,Jonas Blue,421208,https://i.scdn.co/image/ab67616d0000485179882e87678a76bc1d895e94,https://open.spotify.com/track/1CUVN2kn7mW5FjkqXTR2W1
183,2017-06-04,184,Down,Panda,Desiigner,417294,https://i.scdn.co/image/ab67616d000048513df69bfb7713d8262820612b,https://open.spotify.com/track/5OOkp4U9P9oL23maHFHL1h
184,2017-06-04,185,Down,What Do I Know?,Ed Sheeran,410550,https://i.scdn.co/image/ab67616d00004851ba5db46f4b838ef6027e6f96,https://open.spotify.com/track/2pJZ1v8HezrAoZ0Fhzby92
185,2017-06-04,186,New,Into You,Ariana Grande,406959,https://i.scdn.co/image/ab67616d000048517227f5854239a059af211d5b,https://open.spotify.com/track/7yHEDfrJNd0zWOfXwydNH0
186,2017-06-04,187,Up,Human,Rag'n'Bone Man,405546,https://i.scdn.co/image/ab67616d0000485190a788beadaad34ff684d3ec,https://open.spotify.com/track/58zsLZPvfflaiIbNWoA22O
187,2017-06-04,188,Up,Scars To Your Beautiful,Alessia Cara,404612,https://i.scdn.co/image/5b9e5bd34ec840f07c8530e43a76b1b5e08d8b77,https://open.spotify.com/track/0prNGof3XqfTvNDxHonvdK
188,2017-06-04,189,Up,"Sucker For Pain (with Wiz Khalifa, Imagine Dragons, Logic & Ty Dolla $ign feat. X Ambassadors)",Lil Wayne,401643,https://i.scdn.co/image/ab67616d000048517d8dfcfd507069d7f2062caf,https://open.spotify.com/track/4dASQiO1Eoo3RJvt74FtXB
189,2017-06-04,190,Down,Lumbra,Cali Y El Dandee,400744,https://i.scdn.co/image/ab67616d000048511b871ef4de91bd38cac024d1,https://open.spotify.com/track/6VHdcVbiKLYYOcMbIqBcuK
190,2017-06-04,191,Up,I Got You,Bebe Rexha,399669,https://i.scdn.co/image/ab67616d00004851809adcbcfe88c94fd2a706c1,https://open.spotify.com/track/1FUViuNSldssMIawrOXF2i
191,2017-06-04,192,New,Eyes Closed,Halsey,399645,https://i.scdn.co/image/ab67616d000048519357ea2dbe932b47fe8149d6,https://open.spotify.com/track/4UqlViBXM2Aqn4yGHMmRGv
192,2017-06-04,193,Down,Just Hold On,Steve Aoki,398439,https://i.scdn.co/image/ab67616d0000485122e2ce2de8bad6d67ee69b48,https://open.spotify.com/track/3EmmCZoqpWOTY1g2GBwJoR
193,2017-06-04,194,New,7 Years,Lukas Graham,397467,https://i.scdn.co/image/ab67616d0000485104d59cefa11f0eee9f1877a5,https://open.spotify.com/track/7129iqBafaphfc3WPCGC0L
194,2017-06-04,195,New,Go Flex,Post Malone,395196,https://i.scdn.co/image/23bae95100dcb6ac8f88c19fa2a11c50a998a926,https://open.spotify.com/track/5yuShbu70mtHXY0yLzCQLQ
195,2017-06-04,196,Down,Lean On (feat. MØ & DJ Snake),Major Lazer,394657,https://i.scdn.co/image/ab67616d000048519f55dad3a63f72f1bc8d6f59,https://open.spotify.com/track/4WjH9Bzt3kx7z8kl0awxh4
196,2017-06-04,197,Down,Run Me Dry,Bryson Tiller,392000,https://i.scdn.co/image/ab67616d00004851202e628665f6ae3789c998c1,https://open.spotify.com/track/5GG3knKdxKWrNboRijxeKF
197,2017-06-04,198,New,pick up the phone,Young Thug,389747,https://i.scdn.co/image/ab67616d00004851f54b99bf27cda88f4a7403ce,https://open.spotify.com/track/20dP2DaMHIAmwWAbp7peSr
198,2017-06-04,199,New,Get Right Witcha,Migos,389092,https://i.scdn.co/image/ab67616d0000485199a8ab6da9d593939302828a,https://open.spotify.com/track/76Y0gxtTxN0FyDCYh5qYQj
199,2017-06-04,200,New,"Lose Yourself - From ""8 Mile"" Soundtrack",Eminem,388642,https://i.scdn.co/image/36440dfd440d23086573d62a32def35ecc42f111,https://open.spotify.com/track/5Z01UMMf7V1o0MzF86s6WJ
