,Date,Position,Trend,Title,Artist,Streams,Icon_URL,Spotify_URL
0,2017-06-25,1,Flat,Despacito - Remix,Luis Fonsi,5726052,https://i.scdn.co/image/ab67616d00004851d8559d0280ffe2a2af6dacdf,https://open.spotify.com/track/5CtI0qwDJkDQGwXD1H1cLb
1,2017-06-25,2,Flat,"I'm the One (feat. Justin Bieber, Quavo, Chance the Rapper & Lil Wayne)",DJ Khaled,4071490,https://i.scdn.co/image/ab67616d00004851dcb6a73da1e7f293b875f69c,https://open.spotify.com/track/3DXncPQOG4VBw3QHh3S817
2,2017-06-25,3,Flat,Wild Thoughts (feat. Rihanna & Bryson Tiller),DJ Khaled,3928763,https://i.scdn.co/image/ab67616d00004851dcb6a73da1e7f293b875f69c,https://open.spotify.com/track/1OAh8uOEOvTDqkKFsKksCi
3,2017-06-25,4,Flat,2U (feat. Justin Bieber),David Guetta,3435414,https://i.scdn.co/image/ab67616d0000485145c5570d4a66346d8f683913,https://open.spotify.com/track/3A7qX2QjDlPnazUsRk5y0M
4,2017-06-25,5,Flat,Shape of You,Ed Sheeran,3235343,https://i.scdn.co/image/ab67616d00004851ba5db46f4b838ef6027e6f96,https://open.spotify.com/track/7qiZfU4dY1lWllzX7mPBI3
5,2017-06-25,6,Flat,Unforgettable,French Montana,2848472,https://i.scdn.co/image/ab67616d000048518a31195a371b2233456f6c07,https://open.spotify.com/track/3B54sVLJ402zGa6Xm4YGNe
6,2017-06-25,7,Up,Attention,Charlie Puth,2661009,https://i.scdn.co/image/ab67616d00004851db21a273452f0637cdbc35aa,https://open.spotify.com/track/4iLqG9SeJSnt0cSPICSjxv
7,2017-06-25,8,Up,Strip That Down,Liam Payne,2514714,https://i.scdn.co/image/ab67616d00004851ec1abb2ba5e210e826161111,https://open.spotify.com/track/6EpRaXYhGOB3fj4V2uDkMJ
8,2017-06-25,9,Down,Thunder,Imagine Dragons,2507175,https://i.scdn.co/image/ab67616d000048517956bd9a3d7a15e4c2e37cc6,https://open.spotify.com/track/0tKcYR2II1VCQWT79i5NrW
9,2017-06-25,10,Flat,Despacito (Featuring Daddy Yankee),Luis Fonsi,2439578,https://i.scdn.co/image/ab67616d00004851a5971936e3b8d91f8b616b17,https://open.spotify.com/track/4aWmUDTfIPGksMNLV2rQP2
10,2017-06-25,11,Up,HUMBLE.,Kendrick Lamar,2400391,https://i.scdn.co/image/ae1f239b41e9604a66eb900834c6887cd2f62ff1,https://open.spotify.com/track/7KXjTSCq5nL1LoYtL7XAwS
11,2017-06-25,12,Down,There's Nothing Holdin' Me Back,Shawn Mendes,2370180,https://i.scdn.co/image/ab67616d00004851f9cbd0c07513a7232cd6b9a7,https://open.spotify.com/track/79cuOz3SPQTuFrp8WgftAu
12,2017-06-25,13,Up,XO TOUR Llif3,Lil Uzi Vert,2324146,https://i.scdn.co/image/ab67616d0000485115531ec8568373f631db9786,https://open.spotify.com/track/2eMwDehkIC1j68U6FA3Eiq
13,2017-06-25,14,Flat,Mama,Jonas Blue,2265856,https://i.scdn.co/image/14891cf71e2287163c137e90074783ba5cdd4ff4,https://open.spotify.com/track/0NiXXAI876aGImAd6rTj8w
14,2017-06-25,15,Down,Swalla (feat. Nicki Minaj & Ty Dolla $ign),Jason Derulo,2234910,https://i.scdn.co/image/ab67616d000048519d6522bee68370fa5592301d,https://open.spotify.com/track/6kex4EBAj0WHXDKZMEJaaF
15,2017-06-25,16,Up,Something Just Like This,The Chainsmokers,2124728,https://i.scdn.co/image/ab67616d000048510c13d3d5a503c84fcc60ae94,https://open.spotify.com/track/6RUKPb4LETWmmr3iAEQktW
16,2017-06-25,17,Up,There for You,Martin Garrix,1994944,https://i.scdn.co/image/ab67616d0000485172c57da7edfe8e915182cdd4,https://open.spotify.com/track/6jA8HL9i4QGzsj6fjoxp8Y
17,2017-06-25,18,Down,Believer,Imagine Dragons,1968906,https://i.scdn.co/image/ab67616d000048517956bd9a3d7a15e4c2e37cc6,https://open.spotify.com/track/0CcQNd8CINkwQfe1RDtGV6
18,2017-06-25,19,Flat,Stay (with Alessia Cara),Zedd,1951154,https://i.scdn.co/image/ab67616d0000485191a70f95efc3400f696e89cc,https://open.spotify.com/track/0dA2Mk56wEzDgegdC6R17g
19,2017-06-25,20,Flat,Felices los 4,Maluma,1884185,https://i.scdn.co/image/ab67616d00004851d9732b592276542ecafa6c6d,https://open.spotify.com/track/0qYTZCo5Bwh1nsUFGZP3zn
20,2017-06-25,21,Up,Congratulations,Post Malone,1853363,https://i.scdn.co/image/23bae95100dcb6ac8f88c19fa2a11c50a998a926,https://open.spotify.com/track/3a1lNhkSLSkpJE4MSHpDu9
21,2017-06-25,22,Down,That's What I Like,Bruno Mars,1822988,https://i.scdn.co/image/ab67616d00004851232711f7d66a1e19e89e28c5,https://open.spotify.com/track/0KKkJNfGyhkQ5aFogxQAPU
22,2017-06-25,23,Up,Signs,Drake,1795746,https://i.scdn.co/image/ab67616d000048514d37373eef5fcb26802d8c18,https://open.spotify.com/track/5EnYT6F7wEcdege6mDHEfO
23,2017-06-25,24,Down,Symphony (feat. Zara Larsson),Clean Bandit,1784868,https://i.scdn.co/image/ab67616d000048515b1130d050c4cd2295999d85,https://open.spotify.com/track/1x5sYLZiu9r5E43kMlt9f8
24,2017-06-25,25,Flat,Mask Off,Future,1769039,https://i.scdn.co/image/ab67616d00004851356884f85665ebdd79223fdf,https://open.spotify.com/track/3rOSwuTsUlJp0Pu0MkN8r8
25,2017-06-25,26,Down,Pretty Girl - Cheat Codes X CADE Remix,Maggie Lindemann,1757788,https://i.scdn.co/image/ab67616d000048517c7436e1b6273be0e7bc1a84,https://open.spotify.com/track/1NDxZ7cFAo481dtYWdrUnR
26,2017-06-25,27,Down,It Ain't Me (with Selena Gomez),Kygo,1710827,https://i.scdn.co/image/ab67616d0000485141f289940f2e6a0d51988d77,https://open.spotify.com/track/3eR23VReFzcdmS7TYCrhCe
27,2017-06-25,28,Flat,Bad Liar,Selena Gomez,1701706,https://i.scdn.co/image/ab67616d00004851f40c5ecb3d327a55e8aa6714,https://open.spotify.com/track/1sCxVKWImDZSZKvG0U9B23
28,2017-06-25,29,Down,Me Rehúso,Danny Ocean,1695514,https://i.scdn.co/image/ab67616d00004851a75bd33684083600569dd3bf,https://open.spotify.com/track/6De0lHrwBfPfrhorm9q1Xl
29,2017-06-25,30,Down,Feels,Calvin Harris,1653225,https://i.scdn.co/image/ab67616d000048514d3fa5ce7ba599f4fd7803ef,https://open.spotify.com/track/5bcTCxgc7xVfSaMV3RuVke
30,2017-06-25,31,Down,Malibu,Miley Cyrus,1639331,https://i.scdn.co/image/ab67616d000048512fe7eac044c3912f06432f22,https://open.spotify.com/track/2habSXqcJGExM6JJyskY7O
31,2017-06-25,32,Flat,More Than You Know,Axwell /\ Ingrosso,1533471,https://i.scdn.co/image/ab67616d00004851cb442ec337da75fb09cc3981,https://open.spotify.com/track/3PEgB3fkiojxms35ntsTgs
32,2017-06-25,33,Up,Slow Hands,Niall Horan,1523122,https://i.scdn.co/image/ab67616d00004851805efe949d48d6f50e604919,https://open.spotify.com/track/167NczpNbRF7oWakJaY3Hh
33,2017-06-25,34,Down,"Know No Better (feat. Travis Scott, Camila Cabello & Quavo)",Major Lazer,1491392,https://i.scdn.co/image/ab67616d00004851de1e9558f85913eb0b47f623,https://open.spotify.com/track/3Ytr1SUCUi6J3L9dRFx5iH
34,2017-06-25,35,Down,SUBEME LA RADIO,Enrique Iglesias,1487891,https://i.scdn.co/image/ab67616d000048515366ff028970205a29d558ed,https://open.spotify.com/track/7nKBxz47S9SD79N086fuhn
35,2017-06-25,36,Up,Redbone,Childish Gambino,1484847,https://i.scdn.co/image/ab67616d000048510b97e56ffad7c6211aa848f8,https://open.spotify.com/track/3kxfsdsCpFgN412fpnW85Y
36,2017-06-25,37,Down,Crying in the Club,Camila Cabello,1456866,https://i.scdn.co/image/ab67616d00004851cec62b81146fe4d116fbb2fa,https://open.spotify.com/track/1SJtlNRJDeYHioymcvsqev
37,2017-06-25,38,Up,Slide,Calvin Harris,1393045,https://i.scdn.co/image/ab67616d000048514d3fa5ce7ba599f4fd7803ef,https://open.spotify.com/track/7tr2za8SQg2CI8EDgrdtNl
38,2017-06-25,39,Flat,Your Song,Rita Ora,1392346,https://i.scdn.co/image/ab67616d00004851528e7f2b6eda1b2a20ccfb1f,https://open.spotify.com/track/4c2W3VKsOFoIg2SFaO6DY5
39,2017-06-25,40,Down,First Time,Kygo,1392222,https://i.scdn.co/image/ab67616d00004851b6d86ca196b697ee0f640118,https://open.spotify.com/track/2Gl0FzuLxflY6nPifJp5Dr
40,2017-06-25,41,Flat,No Promises (feat. Demi Lovato),Cheat Codes,1357284,https://i.scdn.co/image/ab67616d00004851e74ecdb2f1316c8f026970a8,https://open.spotify.com/track/1louJpMmzEicAn7lzDalPW
41,2017-06-25,42,Flat,Passionfruit,Drake,1336414,https://i.scdn.co/image/ab67616d000048515ea859dc94365abd9fd84fd6,https://open.spotify.com/track/7hDc8b7IXETo14hHIHdnhd
42,2017-06-25,43,Flat,Galway Girl,Ed Sheeran,1332968,https://i.scdn.co/image/ab67616d00004851ba5db46f4b838ef6027e6f96,https://open.spotify.com/track/0afhq8XCExXpqazXczTSve
43,2017-06-25,44,Up,Now Or Never,Halsey,1306871,https://i.scdn.co/image/d5bb421dbecbba7c6904eb67672f3cd25cf54c23,https://open.spotify.com/track/7i2DJ88J7jQ8K7zqFX2fW8
44,2017-06-25,45,Up,Location,Khalid,1274576,https://i.scdn.co/image/ab67616d00004851988ede5e1276e758b5f9e577,https://open.spotify.com/track/152lZdxL1OR0ZMW6KquMif
45,2017-06-25,46,Down,Escápate Conmigo,Wisin,1264722,https://i.scdn.co/image/ab67616d000048512b02904e5404ad6069c16a4f,https://open.spotify.com/track/2cnKEkpVUSV4wnjQiTWfH6
46,2017-06-25,47,Up,1-800-273-8255,Logic,1237641,https://i.scdn.co/image/08f9ccb7875a87c07c79c1ccd5319263786c55ea,https://open.spotify.com/track/5tz69p7tJuGPeMGwNTxYuV
47,2017-06-25,48,Up,Sign of the Times,Harry Styles,1154115,https://i.scdn.co/image/ab67616d000048516c619c39c853f8b1d67b7859,https://open.spotify.com/track/5Ohxk2dO5COHF1krpoPigN
48,2017-06-25,49,Flat,Swish Swish,Katy Perry,1129803,https://i.scdn.co/image/ab67616d000048511487979a7e0181a5d0406d1a,https://open.spotify.com/track/2kVHAQKVtczchKctctzbtK
49,2017-06-25,50,Up,DNA.,Kendrick Lamar,1125832,https://i.scdn.co/image/ae1f239b41e9604a66eb900834c6887cd2f62ff1,https://open.spotify.com/track/6HZILIRieu8S0iqY8kIKhj
50,2017-06-25,51,Up,Issues,Julia Michaels,1096215,https://i.scdn.co/image/ab67616d00004851eab8691768189c70635820e8,https://open.spotify.com/track/6D0b04NJIKfEMg040WioJQ
51,2017-06-25,52,Down,Whatever It Takes,Imagine Dragons,1078797,https://i.scdn.co/image/ab67616d000048517956bd9a3d7a15e4c2e37cc6,https://open.spotify.com/track/4IWAyPf1KMq7JCyGeCjTeH
52,2017-06-25,53,Flat,Ahora Dice,Chris Jeday,1066439,https://i.scdn.co/image/ab67616d000048513a142c7e7fc7863dc1a256ed,https://open.spotify.com/track/22eADXu8DfOAUEDw4vU8qy
53,2017-06-25,54,Up,Hey DJ,CNCO,1007001,https://i.scdn.co/image/ab67616d000048514358c8856d3acc00ca6c3578,https://open.spotify.com/track/209gZgcfLq2aUuu51vOWBl
54,2017-06-25,55,Up,Rockabye (feat. Sean Paul & Anne-Marie),Clean Bandit,944212,https://i.scdn.co/image/ab67616d000048511431c3bdf16aa99f71799d95,https://open.spotify.com/track/5knuzwU65gJK7IF5yJsuaW
55,2017-06-25,56,Down,Don't Quit (feat. Travis Scott & Jeremih),DJ Khaled,938195,https://i.scdn.co/image/ab67616d00004851dcb6a73da1e7f293b875f69c,https://open.spotify.com/track/4vv1KjUzPwrtDbozizSfQc
56,2017-06-25,57,Up,iSpy (feat. Lil Yachty),KYLE,937154,https://i.scdn.co/image/ab67616d0000485132e373f2988bc6596a542d1c,https://open.spotify.com/track/2EEeOnHehOozLq4aS0n6SL
57,2017-06-25,58,Down,El Amante,Nicky Jam,931740,https://i.scdn.co/image/ab67616d00004851d77dbcd4dbd37cdfa61771fa,https://open.spotify.com/track/3umS4y3uQDkqekNjVpiRUs
58,2017-06-25,59,Up,goosebumps,Travis Scott,928369,https://i.scdn.co/image/ab67616d00004851f54b99bf27cda88f4a7403ce,https://open.spotify.com/track/6gBFPUFcJLzWGx4lenP6h2
59,2017-06-25,60,Down,Most Girls,Hailee Steinfeld,927714,https://i.scdn.co/image/ab67616d000048519e1b81dc79bd5055417b1e5a,https://open.spotify.com/track/2mfUa8bLs2s5N4VaqJZ4lZ
60,2017-06-25,61,Down,Rollin,Calvin Harris,914529,https://i.scdn.co/image/ab67616d000048514d3fa5ce7ba599f4fd7803ef,https://open.spotify.com/track/0lMbuWUpfTWhEmOKxppEau
61,2017-06-25,62,Down,OK - Spotify Version,Robin Schulz,912084,https://i.scdn.co/image/ab67616d000048517fd57367322c558ca19c9ed8,https://open.spotify.com/track/3bWAqKDWg6u1davspr5IkS
62,2017-06-25,63,Up,BUTTERFLY EFFECT,Travis Scott,908887,https://i.scdn.co/image/ab67616d00004851b5e9358d0d07114609d9afab,https://open.spotify.com/track/1yxgsra98r3qAtxqiGZPiX
63,2017-06-25,64,Up,Magnolia,Playboi Carti,903273,https://i.scdn.co/image/cbfa858a49a59efbca64c6f7078068cf07731bd0,https://open.spotify.com/track/1e1JKLEDKP7hEQzJfNAgPl
64,2017-06-25,65,Flat,Closer,The Chainsmokers,888293,https://i.scdn.co/image/ab67616d00004851495ce6da9aeb159e94eaa453,https://open.spotify.com/track/7BKLCZ1jbUBVqRi2FVlTVw
65,2017-06-25,66,Up,Say You Won't Let Go,James Arthur,873564,https://i.scdn.co/image/ab67616d0000485120beb61f61fcbeb33b10a9ab,https://open.spotify.com/track/5uCax9HTNlzGybIStD3vDh
66,2017-06-25,67,Up,Body Like A Back Road,Sam Hunt,859288,https://i.scdn.co/image/ab67616d000048519eccbdab1110afc4d5a186a8,https://open.spotify.com/track/7mldq42yDuxiUNn08nvzHO
67,2017-06-25,68,Down,Hey Ma (with Pitbull & J Balvin feat. Camila Cabello) - Spanish Version,Pitbull,846840,https://i.scdn.co/image/ab67616d000048513e40b472d708ea3c6bd86670,https://open.spotify.com/track/2Vdub5mY4lad7w64bFPUez
68,2017-06-25,69,Down,Down,Fifth Harmony,835780,https://i.scdn.co/image/ab67616d00004851aa8f5611964dc75eebbecbba,https://open.spotify.com/track/7LEydI5NfjY6mZfKwYIptZ
69,2017-06-25,70,Up,Slippery (feat. Gucci Mane),Migos,832530,https://i.scdn.co/image/ab67616d0000485199a8ab6da9d593939302828a,https://open.spotify.com/track/6p8NuHm8uCGnn2Dtbtf7zE
70,2017-06-25,71,Down,Scared to Be Lonely,Martin Garrix,832355,https://i.scdn.co/image/ab67616d0000485164f8a309aa3c0a66a31fc374,https://open.spotify.com/track/3ebXMykcMXOcLeJ9xZ17XH
71,2017-06-25,72,Up,I Feel It Coming,The Weeknd,802707,https://i.scdn.co/image/b3683184efeb899b2d1a02f4957d0c630dc10b0b,https://open.spotify.com/track/5GXAXm5YOmYT0kL5jHvYBt
72,2017-06-25,73,Up,"I Don’t Wanna Live Forever (Fifty Shades Darker) - From ""Fifty Shades Darker (Original Motion Picture Soundtrack)""",ZAYN,795054,https://i.scdn.co/image/ab67616d000048512ae921f082ae5db4d3da818f,https://open.spotify.com/track/3NdDpSvN911VPGivFlV5d0
73,2017-06-25,74,Down,Me Enamoré,Shakira,792400,https://i.scdn.co/image/ab67616d00004851d05d3aad30c5fb7614893cf5,https://open.spotify.com/track/4qknM1pQz53QOyfDVTjcM9
74,2017-06-25,75,Down,Tu Foto,Ozuna,787980,https://i.scdn.co/image/ab67616d000048515a0467b3a49a461da243c362,https://open.spotify.com/track/0Szp49tpFasIjX04Mcsydp
75,2017-06-25,76,Up,No Complaints,Metro Boomin,769478,https://i.scdn.co/image/f8fd3bfa4e9e48ade26b0b788301332e736220a4,https://open.spotify.com/track/6kig1UFggPUyZBCvXD3Wod
76,2017-06-25,77,Down,One Dance,Drake,767165,https://i.scdn.co/image/ab67616d00004851726abca207567d5e41cb9667,https://open.spotify.com/track/1xznGGDReH1oQq0xzbwXa3
77,2017-06-25,78,Up,Castle on the Hill,Ed Sheeran,754025,https://i.scdn.co/image/ab67616d00004851ba5db46f4b838ef6027e6f96,https://open.spotify.com/track/6PCUP3dWmTjcTtXY02oFdT
78,2017-06-25,79,Up,Paris,The Chainsmokers,752201,https://i.scdn.co/image/ab67616d000048510c13d3d5a503c84fcc60ae94,https://open.spotify.com/track/72jbDTw1piOOj770jWNeaG
79,2017-06-25,80,Down,La Rompe Corazones,Daddy Yankee,747412,https://i.scdn.co/image/ab67616d00004851b84a36483e43bfbcb931fcde,https://open.spotify.com/track/4okba5wu9mMLXx79DXLKi3
80,2017-06-25,81,Down,Tuesday,Burak Yeter,746428,https://i.scdn.co/image/069b0b8dc1285ba4d2bd7f2536abfce84598d130,https://open.spotify.com/track/7abpmGpF7PGep2rDU68GBR
81,2017-06-25,82,Up,I Like Me Better,Lauv,743880,https://i.scdn.co/image/ab67616d00004851fab48816b625e2a77a732400,https://open.spotify.com/track/1wjzFQodRWrPcQ0AnYnvQ9
82,2017-06-25,83,Up,LOVE. FEAT. ZACARI.,Kendrick Lamar,742904,https://i.scdn.co/image/ae1f239b41e9604a66eb900834c6887cd2f62ff1,https://open.spotify.com/track/6PGoSes0D9eUDeeAafB2As
83,2017-06-25,84,Up,Starboy,The Weeknd,740253,https://i.scdn.co/image/ab67616d000048510c8599cbde51245c128bcea9,https://open.spotify.com/track/5aAx2yezTd8zXrkmtKl66Z
84,2017-06-25,85,Down,Sigo Extrañándote,J Balvin,739740,https://i.scdn.co/image/ab67616d00004851338ffc4c72a192f06070546b,https://open.spotify.com/track/6qDF4wWL49CAVbgT7yuHl8
85,2017-06-25,86,Down,Bonita,J Balvin,730221,https://i.scdn.co/image/ab67616d0000485148f3fc1d4f0fed414418e041,https://open.spotify.com/track/693iqPOQvhI7PobtR8CC8v
86,2017-06-25,87,Down,Chantaje (feat. Maluma),Shakira,721247,https://i.scdn.co/image/ab67616d00004851d05d3aad30c5fb7614893cf5,https://open.spotify.com/track/6mICuAdrwEjh6Y6lroV2Kg
87,2017-06-25,88,Up,4 AM,2 Chainz,719322,https://i.scdn.co/image/179288654e273e14d827a4aa76cf37115e139ca0,https://open.spotify.com/track/1nX9KhK3Fff27SnrIor2Yb
88,2017-06-25,89,Up,Portland,Drake,708304,https://i.scdn.co/image/6dfd956b9331fa9ea1f47ebb95311951ed72b3db,https://open.spotify.com/track/2bjwRfXMk4uRgOD9IBYl9h
89,2017-06-25,90,Up,No Vacancy,OneRepublic,702039,https://i.scdn.co/image/ab67616d000048518eadf2a91387dd890653afbe,https://open.spotify.com/track/6XOYVSmNDjKUNMXooU4s4z
90,2017-06-25,91,Down,You Don't Know Me - Radio Edit,Jax Jones,699937,https://i.scdn.co/image/ab67616d00004851dd05a1716e2f07a07b8ccfe3,https://open.spotify.com/track/00lNx0OcTJrS3MKHcB80HY
91,2017-06-25,92,Down,Solo Dance,Martin Jensen,695431,https://i.scdn.co/image/ab67616d00004851950d67dbe3f31f1d9a5d06a2,https://open.spotify.com/track/6HUnnBwYZqcED1eQztxMBN
92,2017-06-25,93,Up,Una Lady Como Tú,Manuel Turizo,687168,https://i.scdn.co/image/ab67616d00004851f9dc35bc367fcf98e763d27e,https://open.spotify.com/track/7MHN1aCFtLXjownGhvEQlF
93,2017-06-25,94,Down,Otra vez (feat. J Balvin),Zion & Lennox,681111,https://i.scdn.co/image/ab67616d0000485182eabf564ddc57325a84dd50,https://open.spotify.com/track/3QwBODjSEzelZyVjxPOHdq
94,2017-06-25,95,Flat,Call On Me - Ryan Riback Extended Remix,Starley,677369,https://i.scdn.co/image/ab67616d000048519d4079afc73664f86f055400,https://open.spotify.com/track/78rIJddV4X0HkNAInEcYde
95,2017-06-25,96,Up,The Cure,Lady Gaga,676361,https://i.scdn.co/image/ab67616d000048514a9be9e8223db02a37e1e8fe,https://open.spotify.com/track/51PIvodunv6NmX5250zxAh
96,2017-06-25,97,Up,Drowning (feat. Kodak Black),A Boogie Wit da Hoodie,669680,https://i.scdn.co/image/ab67616d0000485131d8918139b720e4141adeec,https://open.spotify.com/track/6Q2FftbUG530lCtBI74bMH
97,2017-06-25,98,Up,Let Me Love You,DJ Snake,649421,https://i.scdn.co/image/ab67616d000048515045de6786e0af096de73ed4,https://open.spotify.com/track/4pdPtRcBmOSQDlJ3Fk945m
98,2017-06-25,99,Down,I Don’t Know Why,Imagine Dragons,647782,https://i.scdn.co/image/ab67616d000048517956bd9a3d7a15e4c2e37cc6,https://open.spotify.com/track/15dnkAHcHC0vrIUlbiPiqU
99,2017-06-25,100,Up,Perfect,Ed Sheeran,642695,https://i.scdn.co/image/ab67616d00004851ba5db46f4b838ef6027e6f96,https://open.spotify.com/track/0tgVpDi06FyKpA1z0VMD4v
100,2017-06-25,101,Down,"Sola (Remix) [feat. Daddy Yankee, Wisin, Farruko, Zion & Lennox]",Anuel AA,642256,https://i.scdn.co/image/ab67616d00004851a66def7d649149464edc8f1e,https://open.spotify.com/track/5q2JbCNi4FcnglgPfxcV65
101,2017-06-25,102,Up,LOYALTY. FEAT. RIHANNA.,Kendrick Lamar,636891,https://i.scdn.co/image/ae1f239b41e9604a66eb900834c6887cd2f62ff1,https://open.spotify.com/track/6SwRhMLwNqEi6alNPVG00n
102,2017-06-25,103,Down,24K Magic,Bruno Mars,621972,https://i.scdn.co/image/ab67616d00004851232711f7d66a1e19e89e28c5,https://open.spotify.com/track/6b8Be6ljOzmkOmFslEb23P
103,2017-06-25,104,Up,Green Light,Lorde,615976,https://i.scdn.co/image/ab67616d0000485128e1139fd3a34626351b9004,https://open.spotify.com/track/0gbBzIqrECJOEPvQJIBFs5
104,2017-06-25,105,Up,Homemade Dynamite,Lorde,612519,https://i.scdn.co/image/ab67616d0000485128e1139fd3a34626351b9004,https://open.spotify.com/track/12o6dxWGk29uIAP3OWY0pM
105,2017-06-25,106,Down,Walking The Wire,Imagine Dragons,609861,https://i.scdn.co/image/ab67616d000048517956bd9a3d7a15e4c2e37cc6,https://open.spotify.com/track/6jmngk8Fwup05JZ6kgXEGX
106,2017-06-25,107,Down,Reggaetón Lento (Bailemos),CNCO,601192,https://i.scdn.co/image/ab67616d000048517db0f7ac4c612cce26ccacf9,https://open.spotify.com/track/3AEZUABDXNtecAOSC1qTfo
107,2017-06-25,108,Up,Don't Let Me Down,The Chainsmokers,598616,https://i.scdn.co/image/ab67616d0000485108d87fb54859bc9038f7e5e0,https://open.spotify.com/track/0QsvXIfqM0zZoerQfsI9lm
108,2017-06-25,109,Up,Fake Love,Drake,595287,https://i.scdn.co/image/6dfd956b9331fa9ea1f47ebb95311951ed72b3db,https://open.spotify.com/track/343YBumqHu19cGoGARUTsd
109,2017-06-25,110,Up,Bad and Boujee (feat. Lil Uzi Vert),Migos,589611,https://i.scdn.co/image/ab67616d0000485199a8ab6da9d593939302828a,https://open.spotify.com/track/4Km5HrUvYTaSUfiSGPJeQR
110,2017-06-25,111,Up,Tunnel Vision,Kodak Black,584294,https://i.scdn.co/image/ab67616d000048511541a676423805fc68ff3e66,https://open.spotify.com/track/4Q3N4Ct4zCuIHuZ65E3BD4
111,2017-06-25,112,Down,Came Here for Love,Sigala,578355,https://i.scdn.co/image/ab67616d000048513769e2973131468513fc59cd,https://open.spotify.com/track/3kGfazcbVvVkuZunzlLgTD
112,2017-06-25,113,Down,Bon appétit,Katy Perry,576497,https://i.scdn.co/image/ab67616d000048511487979a7e0181a5d0406d1a,https://open.spotify.com/track/61WbtB6ujkpNAsAf5LjF4b
113,2017-06-25,114,Down,Hunter,Galantis,570682,https://i.scdn.co/image/ab67616d00004851c57e7df0eb72981d8aafd57d,https://open.spotify.com/track/3caMfJGFp53NAH2TuigdNj
114,2017-06-25,115,Up,Photograph,Ed Sheeran,569033,https://i.scdn.co/image/ab67616d00004851d08209944468440145f01524,https://open.spotify.com/track/6fxVffaTuwjgEk5h9QyRjy
115,2017-06-25,116,Down,Báilame,Nacho,567551,https://i.scdn.co/image/ab67616d000048514b2089fbced0d870deb3e9f2,https://open.spotify.com/track/7lRsNbdOGykkMAgsqs4R1C
116,2017-06-25,117,Up,Look At Me!,XXXTENTACION,566740,https://i.scdn.co/image/ab67616d0000485125b5901b8bcf902f54d466d9,https://open.spotify.com/track/4ARPvK8DHLwt4oX65ZAFMw
117,2017-06-25,118,Down,Me Llamas (feat. Maluma) - Remix,Piso 21,566392,https://i.scdn.co/image/ab67616d000048511e1eafb5d2bb1ca39d26f092,https://open.spotify.com/track/5hEM0JchdVzQ5PwvSfITeX
118,2017-06-25,119,Down,"CAN'T STOP THE FEELING! (Original Song from DreamWorks Animation's ""TROLLS"")",Justin Timberlake,563744,https://i.scdn.co/image/ab67616d00004851ef37416970812293c08e8a78,https://open.spotify.com/track/6JV2JOEocMgcZxYSZelKcc
119,2017-06-25,120,Up,Gyalchester,Drake,561507,https://i.scdn.co/image/6dfd956b9331fa9ea1f47ebb95311951ed72b3db,https://open.spotify.com/track/6UjfByV1lDLW0SOVQA4NAi
120,2017-06-25,121,Down,Good Life (with G-Eazy & Kehlani),G-Eazy,560890,https://i.scdn.co/image/ab67616d00004851fcc36f9c0515e6e7faa2030b,https://open.spotify.com/track/1Eck97uRMlprKOOJN9oO1E
121,2017-06-25,122,Up,Starving,Hailee Steinfeld,560404,https://i.scdn.co/image/ab67616d00004851612495ee5769c99125031be2,https://open.spotify.com/track/1qOLh0tI7trd1zdDKxYZTe
122,2017-06-25,123,Up,Treat You Better,Shawn Mendes,560290,https://i.scdn.co/image/ab67616d00004851188e6332f32088921ab1eaf8,https://open.spotify.com/track/4Hf7WnR761jpxPr5D46Bcd
123,2017-06-25,124,Up,Bounce Back,Big Sean,557833,https://i.scdn.co/image/695d0c097d8463ccc2c2b9855fe44e3e9e7bc267,https://open.spotify.com/track/0SGkqnVQo9KPytSri1H6cF
124,2017-06-25,125,Up,Reminding Me,Shawn Hook,550140,https://i.scdn.co/image/ab67616d00004851ee62a1ed1ea8a3fe4f4e1d78,https://open.spotify.com/track/4gqMQftUs22F8pOGVn5Acr
125,2017-06-25,126,Down,Cold,Maroon 5,542732,https://i.scdn.co/image/ab67616d000048514727f9e79c338683c5bf8921,https://open.spotify.com/track/5NNlUMcOEOdoOIwwaWXv0k
126,2017-06-25,127,Down,Chained To The Rhythm,Katy Perry,540302,https://i.scdn.co/image/ab67616d000048511487979a7e0181a5d0406d1a,https://open.spotify.com/track/6520aj0B4FSKGVuKNsOCOi
127,2017-06-25,128,Up,It's A Vibe,2 Chainz,537771,https://i.scdn.co/image/179288654e273e14d827a4aa76cf37115e139ca0,https://open.spotify.com/track/6H0AwSQ20mo62jGlPGB8S6
128,2017-06-25,129,Up,Cold Water (feat. Justin Bieber & MØ),Major Lazer,537731,https://i.scdn.co/image/ab67616d000048512e8f1cca2bc8c9d55930523b,https://open.spotify.com/track/6DNtNfH8hXkqOX1sjqmI7p
129,2017-06-25,130,Up,We Don't Talk Anymore,Charlie Puth,528672,https://i.scdn.co/image/ab67616d00004851c0e28105f0533c52717c46c2,https://open.spotify.com/track/68EMU2RD1ECNeOeJ5qAXCV
130,2017-06-25,131,Up,Weak,AJR,528451,https://i.scdn.co/image/ab67616d00004851c5f3ca405ff6ed13dc554b94,https://open.spotify.com/track/3E2Zh20GDCR9B1EYjfXWyv
131,2017-06-25,132,Down,Side To Side,Ariana Grande,525302,https://i.scdn.co/image/ab67616d000048517227f5854239a059af211d5b,https://open.spotify.com/track/4pLwZjInHj3SimIyN9SnOz
132,2017-06-25,133,Up,Nights With You,MØ,522382,https://i.scdn.co/image/ab67616d00004851bd58d7394f4103d9810c8edf,https://open.spotify.com/track/5q5gzmbBS5yQzos2BvVr1t
133,2017-06-25,134,Up,Swang,Rae Sremmurd,522293,https://i.scdn.co/image/16293ab3b4f9301aeb5f41810fd7056d463db55e,https://open.spotify.com/track/6mapJIPnQ23RTAevUoE0DL
134,2017-06-25,135,Down,Paradinha,Anitta,520467,https://i.scdn.co/image/ab67616d00004851060ef674248ad011af09f6e6,https://open.spotify.com/track/05rJdH2MRLJ3sQoEUO78qs
135,2017-06-25,136,Down,One Last Time,Ariana Grande,517721,https://i.scdn.co/image/ab67616d000048511254a60895a75d37796045c8,https://open.spotify.com/track/7bJwvubZZaoGE1AGEfu8Fi
136,2017-06-25,137,Up,Thinking out Loud,Ed Sheeran,511411,https://i.scdn.co/image/ab67616d00004851d08209944468440145f01524,https://open.spotify.com/track/1Slwb6dOYkBlWal1PGtnNg
137,2017-06-25,138,Up,In the Name of Love,Martin Garrix,509403,https://i.scdn.co/image/ab67616d00004851923db3f255cd48a6d5783ebf,https://open.spotify.com/track/04DwTuZ2VBdJCCC5TROn7L
138,2017-06-25,139,Up,Rolex,Ayo & Teo,506130,https://i.scdn.co/image/ab67616d0000485179dbd95fbdf6b0d617bd32dd,https://open.spotify.com/track/0pSBuHjILhNEo55xK1zrRt
139,2017-06-25,140,Up,Tired,Alan Walker,504547,https://i.scdn.co/image/ab67616d00004851c311619d7b02d5c4a6c167f2,https://open.spotify.com/track/3b5Li4QKDVBx1x7fQuu54a
140,2017-06-25,141,Down,Vente Pa' Ca,Ricky Martin,504345,https://i.scdn.co/image/ab67616d000048513d90f5938459be40b7b6652a,https://open.spotify.com/track/7DM4BPaS7uofFul3ywMe46
141,2017-06-25,142,Flat,I Took A Pill In Ibiza - Seeb Remix,Mike Posner,503334,https://i.scdn.co/image/ab67616d0000485140512e02a594e3378c0256e6,https://open.spotify.com/track/17Fd6Yb7mSbinKG8LoWfFl
142,2017-06-25,143,Up,Happier,Ed Sheeran,497977,https://i.scdn.co/image/ab67616d00004851ba5db46f4b838ef6027e6f96,https://open.spotify.com/track/2RttW7RAu5nOAfq6YFvApB
143,2017-06-25,144,Down,Rise Up,Imagine Dragons,497323,https://i.scdn.co/image/ab67616d000048517956bd9a3d7a15e4c2e37cc6,https://open.spotify.com/track/7vAXN57IQ0sj049wZGIboE
144,2017-06-25,145,Down,Si Tú La Ves (feat. Wisin),Nicky Jam,496182,https://i.scdn.co/image/ab67616d00004851d77dbcd4dbd37cdfa61771fa,https://open.spotify.com/track/4yN6xPLopmTLvc27pO9LIE
145,2017-06-25,146,Down,Hear Me Now,Alok,483989,https://i.scdn.co/image/e308bad29e4cf6dc8aa5cd97449ef71bbb893d40,https://open.spotify.com/track/1a5Yu5L18qNxVhXx38njON
146,2017-06-25,147,Up,The Night We Met,Lord Huron,481487,https://i.scdn.co/image/ab67616d00004851ee6611c95f868e465c98a0b2,https://open.spotify.com/track/6mORGLOz79w6VsCRLWYYuK
147,2017-06-25,148,Down,Besándote,Piso 21,479104,https://i.scdn.co/image/ab67616d000048512cd0b690a37d7bb6e2aa5de4,https://open.spotify.com/track/13X0XdLMOdtbXVtAj2ox4h
148,2017-06-25,149,Up,Love Yourself,Justin Bieber,475856,https://i.scdn.co/image/ab67616d00004851b6d9a4fbb0bd49f0f034aead,https://open.spotify.com/track/3hB5DgAiMAQ4DzYbsMq1IT
149,2017-06-25,150,Up,T-Shirt,Migos,474608,https://i.scdn.co/image/ab67616d0000485199a8ab6da9d593939302828a,https://open.spotify.com/track/7KOlJ92bu51cltsD9KU5I7
150,2017-06-25,151,Down,I’ll Make It Up To You,Imagine Dragons,471590,https://i.scdn.co/image/ab67616d000048517956bd9a3d7a15e4c2e37cc6,https://open.spotify.com/track/54h8xHewdRPnYzmbEHBhOO
151,2017-06-25,152,Down,Alguien Robo,Sebastian Yatra,471087,https://i.scdn.co/image/ab67616d0000485135e1cf8c70c60dc416956c17,https://open.spotify.com/track/5i50gKdLAjjIr7UxRT5IVy
152,2017-06-25,153,Up,Young Dumb & Broke,Khalid,469242,https://i.scdn.co/image/ab67616d00004851988ede5e1276e758b5f9e577,https://open.spotify.com/track/5Z3GHaZ6ec9bsiI5BenrbY
153,2017-06-25,154,Up,Quit (feat. Ariana Grande),Cashmere Cat,466398,https://i.scdn.co/image/ab67616d00004851e53443feca656fafbbbae361,https://open.spotify.com/track/4Q5yMlwAfAoitqg4r9oZHN
154,2017-06-25,155,Up,"How Far I'll Go - From ""Moana""",Alessia Cara,463728,https://i.scdn.co/image/ab67616d00004851fb128b1eda22335050f584fe,https://open.spotify.com/track/5hYTyyh2odQKphUbMqc5gN
155,2017-06-25,156,Down,Cheap Thrills,Sia,461685,https://i.scdn.co/image/ab67616d0000485149e0134c686547c28b7c999f,https://open.spotify.com/track/27SdWb2rFzO6GWiYDBTD9j
156,2017-06-25,157,Up,Mercy,Shawn Mendes,460558,https://i.scdn.co/image/ab67616d00004851188e6332f32088921ab1eaf8,https://open.spotify.com/track/4TZy1wLyHec06pwgFYDh1a
157,2017-06-25,158,Down,Be Mine,Ofenbach,454567,https://i.scdn.co/image/ab67616d00004851e819b286432a124e510dc87b,https://open.spotify.com/track/2KklXplRtxMsBYo474Es0w
158,2017-06-25,159,Up,The Way I Are (Dance with Somebody) (feat. Lil Wayne) - Spotify Version,Bebe Rexha,452652,https://i.scdn.co/image/ab67616d000048513831dd29f86a00e0df26df4a,https://open.spotify.com/track/6Pw3Gvw4wNMZfTYZa6IQal
159,2017-06-25,160,Up,Heathens,Twenty One Pilots,450869,https://i.scdn.co/image/ab67616d000048512ca3ba8f334ca5a5f0312efb,https://open.spotify.com/track/6i0V12jOa3mr6uu4WYhUBr
160,2017-06-25,161,Down,Perfect Places,Lorde,450327,https://i.scdn.co/image/ab67616d0000485128e1139fd3a34626351b9004,https://open.spotify.com/track/1wC93sZRGcTgKLN2UWRSwW
161,2017-06-25,162,Up,do re mi,blackbear,448179,https://i.scdn.co/image/25560e082d8ff78217dd6594d18f827a4049cc63,https://open.spotify.com/track/3Q3myFA7q4Op95DOpHplaY
162,2017-06-25,163,Up,Broccoli (feat. Lil Yachty),DRAM,447206,https://i.scdn.co/image/ab67616d00004851f02a1575a59bd05998826351,https://open.spotify.com/track/7yyRTcZmCiyzzJlNzGC9Ol
163,2017-06-25,164,Up,Can I Be Him,James Arthur,445283,https://i.scdn.co/image/ab67616d0000485120beb61f61fcbeb33b10a9ab,https://open.spotify.com/track/0VhgEqMTNZwYL1ARDLLNCX
164,2017-06-25,165,Down,Summer Air,ItaloBrothers,442518,https://i.scdn.co/image/ab67616d000048516cc9441f366f82803e48ae5c,https://open.spotify.com/track/3GPI7hYiqD6enLRobhkBm8
165,2017-06-25,166,Down,Hot2Touch,Felix Jaehn,442255,https://i.scdn.co/image/ab67616d00004851767ba597ba12ee255719cbd4,https://open.spotify.com/track/1sBhJGPUKrdRycgKxve70v
166,2017-06-25,167,Up,Faded,Alan Walker,439961,https://i.scdn.co/image/ab67616d00004851c4d00cac55ae1b4598c9bc90,https://open.spotify.com/track/7gHs73wELdeycvS48JfIos
167,2017-06-25,168,Down,Traicionera,Sebastian Yatra,439918,https://i.scdn.co/image/ab67616d00004851dbe5e9f934a9be5db8884c52,https://open.spotify.com/track/5J1c3M4EldCfNxXwrwt8mT
168,2017-06-25,169,Up,wokeuplikethis*,Playboi Carti,436637,https://i.scdn.co/image/cbfa858a49a59efbca64c6f7078068cf07731bd0,https://open.spotify.com/track/59J5nzL1KniFHnU120dQzt
169,2017-06-25,170,Down,Don't Wanna Know,Maroon 5,429752,https://i.scdn.co/image/ab67616d00004851eec1912bbc2ff74b8203fe5f,https://open.spotify.com/track/5MFzQMkrl1FOOng9tq6R9r
170,2017-06-25,171,Down,Safari,J Balvin,429206,https://i.scdn.co/image/ab67616d00004851338ffc4c72a192f06070546b,https://open.spotify.com/track/6rQSrBHf7HlZjtcMZ4S4bO
171,2017-06-25,172,Up,Ride,Twenty One Pilots,428335,https://i.scdn.co/image/ab67616d00004851de03bfc2991fd5bcfde65ba3,https://open.spotify.com/track/2Z8WuEywRWYTKe1NybPQEW
172,2017-06-25,173,Flat,Sorry,Justin Bieber,427657,https://i.scdn.co/image/ab67616d00004851b6d9a4fbb0bd49f0f034aead,https://open.spotify.com/track/69bp2EbF7Q2rqc5N3ylezZ
173,2017-06-25,174,Down,"Ay Mi Dios (feat. Pitbull, Yandel & Chacal)",IAmChino,426766,https://i.scdn.co/image/ab67616d000048511568fbc07414eb185c58ef62,https://open.spotify.com/track/6stYbAJgTszHAHZMPxWWCY
174,2017-06-25,175,Up,White Iverson,Post Malone,426239,https://i.scdn.co/image/23bae95100dcb6ac8f88c19fa2a11c50a998a926,https://open.spotify.com/track/6eT7xZZlB2mwyzJ2sUKG6w
175,2017-06-25,176,Up,Stressed Out,Twenty One Pilots,426182,https://i.scdn.co/image/ab67616d00004851de03bfc2991fd5bcfde65ba3,https://open.spotify.com/track/3CRDbSIZ4r5MsZ0YwxuEkn
176,2017-06-25,177,Up,Dive,Ed Sheeran,424021,https://i.scdn.co/image/ab67616d00004851ba5db46f4b838ef6027e6f96,https://open.spotify.com/track/51ChrwmUPDJvedPQnIU8Ls
177,2017-06-25,178,Flat,Still Got Time,ZAYN,423564,https://i.scdn.co/image/ab67616d000048513bfd914f72da2ed8822a634f,https://open.spotify.com/track/000xQL6tZNLJzIrtIgxqSl
178,2017-06-25,179,Down,This Is What You Came For,Calvin Harris,419311,https://i.scdn.co/image/ab67616d00004851d9aa52355e062f5de060adbf,https://open.spotify.com/track/0azC730Exh71aQlOt9Zj3y
179,2017-06-25,180,Down,Work from Home (feat. Ty Dolla $ign),Fifth Harmony,416185,https://i.scdn.co/image/ab67616d00004851d03fa6f4e758282b7920b5c8,https://open.spotify.com/track/4tCtwWceOPWzenK2HAIJSb
180,2017-06-25,181,Down,Te Quiero Pa´Mi,Don Omar,415584,https://i.scdn.co/image/ab67616d00004851d0cb2a58e3bf5d7ac5ece16f,https://open.spotify.com/track/3BY2mafsbsoKGqS380Xnuz
181,2017-06-25,182,New,The Scientist,Coldplay,412222,https://i.scdn.co/image/ab67616d00004851ad6f442ecac8735b9285a923,https://open.spotify.com/track/75JFxkI2RXiU7L9VXzMkle
182,2017-06-25,183,Down,Ciao Adios,Anne-Marie,411023,https://i.scdn.co/image/ab67616d0000485119f06fd0fc43d3ebed4f041d,https://open.spotify.com/track/3EfugazgSddQvzZpkof5I4
183,2017-06-25,184,Down,Lean On (feat. MØ & DJ Snake),Major Lazer,410150,https://i.scdn.co/image/ab67616d000048519f55dad3a63f72f1bc8d6f59,https://open.spotify.com/track/4WjH9Bzt3kx7z8kl0awxh4
184,2017-06-25,185,Up,Black Beatles,Rae Sremmurd,407043,https://i.scdn.co/image/16293ab3b4f9301aeb5f41810fd7056d463db55e,https://open.spotify.com/track/6fujklziTHa8uoM5OQSfIo
185,2017-06-25,186,Up,Panda,Desiigner,404457,https://i.scdn.co/image/ab67616d000048513df69bfb7713d8262820612b,https://open.spotify.com/track/5OOkp4U9P9oL23maHFHL1h
186,2017-06-25,187,Up,Love On The Brain,Rihanna,404076,https://i.scdn.co/image/ddc285ca9817c96c7719b3f2a759e108787db021,https://open.spotify.com/track/2aksifNn5ph8igDOkPBA02
187,2017-06-25,188,Down,Vacaciones,Wisin,403215,https://i.scdn.co/image/ab67616d00004851c85f0d16973e9dae6f8a786c,https://open.spotify.com/track/3dQDid3IUNhZy1OehIfYfE
188,2017-06-25,189,Down,Shining (feat. Beyoncé & Jay-Z),DJ Khaled,402394,https://i.scdn.co/image/ab67616d00004851dcb6a73da1e7f293b875f69c,https://open.spotify.com/track/3OoZagIW3YK8vjt0ws6NOI
189,2017-06-25,190,Down,Start Over,Imagine Dragons,401030,https://i.scdn.co/image/ab67616d000048517956bd9a3d7a15e4c2e37cc6,https://open.spotify.com/track/6Q9ue1D2FU489FD4Uln3SX
190,2017-06-25,191,Up,Perfect Strangers,Jonas Blue,400507,https://i.scdn.co/image/14891cf71e2287163c137e90074783ba5cdd4ff4,https://open.spotify.com/track/5bZtRlMBU76vHuDOb1GM5u
191,2017-06-25,192,New,ELEMENT.,Kendrick Lamar,400401,https://i.scdn.co/image/ae1f239b41e9604a66eb900834c6887cd2f62ff1,https://open.spotify.com/track/1EaKU4dMbesXXd3BrLCtYG
192,2017-06-25,193,New,Selfish (feat. Rihanna),Future,399085,https://i.scdn.co/image/ab67616d00004851968822b495da180d0792a437,https://open.spotify.com/track/2Ce5IyMlVRVvN997ZJjJJA
193,2017-06-25,194,New,Two High,Moon Taxi,392487,https://i.scdn.co/image/ab67616d000048513aba4c031c2a1b7941063ef0,https://open.spotify.com/track/3sJHkcxojoJD2Ytbo1yLLF
194,2017-06-25,195,Down,No Lie,Sean Paul,388808,https://i.scdn.co/image/ab67616d000048514782809e4cd19cefc99048f7,https://open.spotify.com/track/3cFsmM51N5zMAuu1nNY4Tw
195,2017-06-25,196,Up,Touch,Little Mix,388675,https://i.scdn.co/image/ab67616d000048512318bbb0586903290db2b270,https://open.spotify.com/track/5Ua3GXyHwiSfpNTMjq6m2z
196,2017-06-25,197,Down,Lumbra,Cali Y El Dandee,388261,https://i.scdn.co/image/ab67616d000048511b871ef4de91bd38cac024d1,https://open.spotify.com/track/6VHdcVbiKLYYOcMbIqBcuK
197,2017-06-25,198,Up,Human,Rag'n'Bone Man,387157,https://i.scdn.co/image/ab67616d0000485190a788beadaad34ff684d3ec,https://open.spotify.com/track/58zsLZPvfflaiIbNWoA22O
198,2017-06-25,199,New,Love Galore (feat. Travis Scott),SZA,384575,https://i.scdn.co/image/ab67616d000048514c79d5ec52a6d0302f3add25,https://open.spotify.com/track/0q75NwOoFiARAVp4EXU4Bs
199,2017-06-25,200,New,September Song,JP Cooper,383467,https://i.scdn.co/image/ab67616d000048511400ec742ee0935608e30700,https://open.spotify.com/track/0FuTx2s3YH1ppmtiM6l0zI
