,Date,Position,Trend,Title,Artist,Streams,Icon_URL,Spotify_URL
0,2017-06-23,1,Flat,Despacito - Remix,Luis Fonsi,6970476,https://i.scdn.co/image/ab67616d00004851d8559d0280ffe2a2af6dacdf,https://open.spotify.com/track/5CtI0qwDJkDQGwXD1H1cLb
1,2017-06-23,2,Flat,"I'm the One (feat. Justin Bieber, Quavo, Chance the Rapper & Lil Wayne)",DJ Khaled,4909171,https://i.scdn.co/image/ab67616d00004851dcb6a73da1e7f293b875f69c,https://open.spotify.com/track/3DXncPQOG4VBw3QHh3S817
2,2017-06-23,3,Flat,Wild Thoughts (feat. Rihanna & Bryson Tiller),DJ Khaled,4837605,https://i.scdn.co/image/ab67616d00004851dcb6a73da1e7f293b875f69c,https://open.spotify.com/track/1OAh8uOEOvTDqkKFsKksCi
3,2017-06-23,4,Flat,2U (feat. Justin Bieber),David Guetta,4307822,https://i.scdn.co/image/ab67616d0000485145c5570d4a66346d8f683913,https://open.spotify.com/track/3A7qX2QjDlPnazUsRk5y0M
4,2017-06-23,5,Flat,Shape of You,Ed Sheeran,3898574,https://i.scdn.co/image/ab67616d00004851ba5db46f4b838ef6027e6f96,https://open.spotify.com/track/7qiZfU4dY1lWllzX7mPBI3
5,2017-06-23,6,Flat,Unforgettable,French Montana,3383107,https://i.scdn.co/image/ab67616d000048518a31195a371b2233456f6c07,https://open.spotify.com/track/3B54sVLJ402zGa6Xm4YGNe
6,2017-06-23,7,Flat,Attention,Charlie Puth,3247752,https://i.scdn.co/image/ab67616d00004851db21a273452f0637cdbc35aa,https://open.spotify.com/track/4iLqG9SeJSnt0cSPICSjxv
7,2017-06-23,8,Up,Thunder,Imagine Dragons,3222673,https://i.scdn.co/image/ab67616d000048517956bd9a3d7a15e4c2e37cc6,https://open.spotify.com/track/0tKcYR2II1VCQWT79i5NrW
8,2017-06-23,9,Down,Strip That Down,Liam Payne,3007115,https://i.scdn.co/image/ab67616d00004851ec1abb2ba5e210e826161111,https://open.spotify.com/track/6EpRaXYhGOB3fj4V2uDkMJ
9,2017-06-23,10,Up,Swalla (feat. Nicki Minaj & Ty Dolla $ign),Jason Derulo,2923503,https://i.scdn.co/image/ab67616d000048519d6522bee68370fa5592301d,https://open.spotify.com/track/6kex4EBAj0WHXDKZMEJaaF
10,2017-06-23,11,Down,HUMBLE.,Kendrick Lamar,2896306,https://i.scdn.co/image/ae1f239b41e9604a66eb900834c6887cd2f62ff1,https://open.spotify.com/track/7KXjTSCq5nL1LoYtL7XAwS
11,2017-06-23,12,Up,Despacito (Featuring Daddy Yankee),Luis Fonsi,2889683,https://i.scdn.co/image/ab67616d00004851a5971936e3b8d91f8b616b17,https://open.spotify.com/track/4aWmUDTfIPGksMNLV2rQP2
12,2017-06-23,13,Down,There's Nothing Holdin' Me Back,Shawn Mendes,2885459,https://i.scdn.co/image/ab67616d00004851f9cbd0c07513a7232cd6b9a7,https://open.spotify.com/track/79cuOz3SPQTuFrp8WgftAu
13,2017-06-23,14,Down,Mama,Jonas Blue,2754818,https://i.scdn.co/image/14891cf71e2287163c137e90074783ba5cdd4ff4,https://open.spotify.com/track/0NiXXAI876aGImAd6rTj8w
14,2017-06-23,15,Down,XO TOUR Llif3,Lil Uzi Vert,2672747,https://i.scdn.co/image/ab67616d0000485115531ec8568373f631db9786,https://open.spotify.com/track/2eMwDehkIC1j68U6FA3Eiq
15,2017-06-23,16,Flat,Something Just Like This,The Chainsmokers,2613153,https://i.scdn.co/image/ab67616d000048510c13d3d5a503c84fcc60ae94,https://open.spotify.com/track/6RUKPb4LETWmmr3iAEQktW
16,2017-06-23,17,Up,Believer,Imagine Dragons,2575461,https://i.scdn.co/image/ab67616d000048517956bd9a3d7a15e4c2e37cc6,https://open.spotify.com/track/0CcQNd8CINkwQfe1RDtGV6
17,2017-06-23,18,Down,There for You,Martin Garrix,2450265,https://i.scdn.co/image/ab67616d0000485172c57da7edfe8e915182cdd4,https://open.spotify.com/track/6jA8HL9i4QGzsj6fjoxp8Y
18,2017-06-23,19,Down,Stay (with Alessia Cara),Zedd,2407469,https://i.scdn.co/image/ab67616d0000485191a70f95efc3400f696e89cc,https://open.spotify.com/track/0dA2Mk56wEzDgegdC6R17g
19,2017-06-23,20,Down,Symphony (feat. Zara Larsson),Clean Bandit,2342508,https://i.scdn.co/image/ab67616d000048515b1130d050c4cd2295999d85,https://open.spotify.com/track/1x5sYLZiu9r5E43kMlt9f8
20,2017-06-23,21,Up,Felices los 4,Maluma,2219284,https://i.scdn.co/image/ab67616d00004851d9732b592276542ecafa6c6d,https://open.spotify.com/track/0qYTZCo5Bwh1nsUFGZP3zn
21,2017-06-23,22,Up,That's What I Like,Bruno Mars,2170806,https://i.scdn.co/image/ab67616d00004851232711f7d66a1e19e89e28c5,https://open.spotify.com/track/0KKkJNfGyhkQ5aFogxQAPU
22,2017-06-23,23,Down,Feels,Calvin Harris,2159250,https://i.scdn.co/image/ab67616d000048514d3fa5ce7ba599f4fd7803ef,https://open.spotify.com/track/5bcTCxgc7xVfSaMV3RuVke
23,2017-06-23,24,Down,Pretty Girl - Cheat Codes X CADE Remix,Maggie Lindemann,2157292,https://i.scdn.co/image/ab67616d000048517c7436e1b6273be0e7bc1a84,https://open.spotify.com/track/1NDxZ7cFAo481dtYWdrUnR
24,2017-06-23,25,Up,It Ain't Me (with Selena Gomez),Kygo,2146069,https://i.scdn.co/image/ab67616d0000485141f289940f2e6a0d51988d77,https://open.spotify.com/track/3eR23VReFzcdmS7TYCrhCe
25,2017-06-23,26,Down,Congratulations,Post Malone,2138468,https://i.scdn.co/image/23bae95100dcb6ac8f88c19fa2a11c50a998a926,https://open.spotify.com/track/3a1lNhkSLSkpJE4MSHpDu9
26,2017-06-23,27,Flat,Mask Off,Future,2108208,https://i.scdn.co/image/ab67616d00004851356884f85665ebdd79223fdf,https://open.spotify.com/track/3rOSwuTsUlJp0Pu0MkN8r8
27,2017-06-23,28,Down,Bad Liar,Selena Gomez,2105109,https://i.scdn.co/image/ab67616d00004851f40c5ecb3d327a55e8aa6714,https://open.spotify.com/track/1sCxVKWImDZSZKvG0U9B23
28,2017-06-23,29,Down,Malibu,Miley Cyrus,2065313,https://i.scdn.co/image/ab67616d000048512fe7eac044c3912f06432f22,https://open.spotify.com/track/2habSXqcJGExM6JJyskY7O
29,2017-06-23,30,Up,Me Rehúso,Danny Ocean,2008517,https://i.scdn.co/image/ab67616d00004851a75bd33684083600569dd3bf,https://open.spotify.com/track/6De0lHrwBfPfrhorm9q1Xl
30,2017-06-23,31,Down,More Than You Know,Axwell /\ Ingrosso,1989783,https://i.scdn.co/image/ab67616d00004851cb442ec337da75fb09cc3981,https://open.spotify.com/track/3PEgB3fkiojxms35ntsTgs
31,2017-06-23,32,Down,"Know No Better (feat. Travis Scott, Camila Cabello & Quavo)",Major Lazer,1870289,https://i.scdn.co/image/ab67616d00004851de1e9558f85913eb0b47f623,https://open.spotify.com/track/3Ytr1SUCUi6J3L9dRFx5iH
32,2017-06-23,33,Up,SUBEME LA RADIO,Enrique Iglesias,1865138,https://i.scdn.co/image/ab67616d000048515366ff028970205a29d558ed,https://open.spotify.com/track/7nKBxz47S9SD79N086fuhn
33,2017-06-23,34,Down,Slow Hands,Niall Horan,1795046,https://i.scdn.co/image/ab67616d00004851805efe949d48d6f50e604919,https://open.spotify.com/track/167NczpNbRF7oWakJaY3Hh
34,2017-06-23,35,Down,First Time,Kygo,1770951,https://i.scdn.co/image/ab67616d00004851b6d86ca196b697ee0f640118,https://open.spotify.com/track/2Gl0FzuLxflY6nPifJp5Dr
35,2017-06-23,36,Down,No Promises (feat. Demi Lovato),Cheat Codes,1749755,https://i.scdn.co/image/ab67616d00004851e74ecdb2f1316c8f026970a8,https://open.spotify.com/track/1louJpMmzEicAn7lzDalPW
36,2017-06-23,37,Down,Your Song,Rita Ora,1738250,https://i.scdn.co/image/ab67616d00004851528e7f2b6eda1b2a20ccfb1f,https://open.spotify.com/track/4c2W3VKsOFoIg2SFaO6DY5
37,2017-06-23,38,Flat,Crying in the Club,Camila Cabello,1716665,https://i.scdn.co/image/ab67616d00004851cec62b81146fe4d116fbb2fa,https://open.spotify.com/track/1SJtlNRJDeYHioymcvsqev
38,2017-06-23,39,Flat,Redbone,Childish Gambino,1708098,https://i.scdn.co/image/ab67616d000048510b97e56ffad7c6211aa848f8,https://open.spotify.com/track/3kxfsdsCpFgN412fpnW85Y
39,2017-06-23,40,Flat,Slide,Calvin Harris,1666284,https://i.scdn.co/image/ab67616d000048514d3fa5ce7ba599f4fd7803ef,https://open.spotify.com/track/7tr2za8SQg2CI8EDgrdtNl
40,2017-06-23,41,Flat,Now Or Never,Halsey,1596755,https://i.scdn.co/image/d5bb421dbecbba7c6904eb67672f3cd25cf54c23,https://open.spotify.com/track/7i2DJ88J7jQ8K7zqFX2fW8
41,2017-06-23,42,Flat,Galway Girl,Ed Sheeran,1591238,https://i.scdn.co/image/ab67616d00004851ba5db46f4b838ef6027e6f96,https://open.spotify.com/track/0afhq8XCExXpqazXczTSve
42,2017-06-23,43,Up,Passionfruit,Drake,1552303,https://i.scdn.co/image/ab67616d000048515ea859dc94365abd9fd84fd6,https://open.spotify.com/track/7hDc8b7IXETo14hHIHdnhd
43,2017-06-23,44,Up,Escápate Conmigo,Wisin,1527728,https://i.scdn.co/image/ab67616d000048512b02904e5404ad6069c16a4f,https://open.spotify.com/track/2cnKEkpVUSV4wnjQiTWfH6
44,2017-06-23,45,Flat,Location,Khalid,1475374,https://i.scdn.co/image/ab67616d00004851988ede5e1276e758b5f9e577,https://open.spotify.com/track/152lZdxL1OR0ZMW6KquMif
45,2017-06-23,46,Down,1-800-273-8255,Logic,1463659,https://i.scdn.co/image/08f9ccb7875a87c07c79c1ccd5319263786c55ea,https://open.spotify.com/track/5tz69p7tJuGPeMGwNTxYuV
46,2017-06-23,47,Down,Swish Swish,Katy Perry,1455834,https://i.scdn.co/image/ab67616d000048511487979a7e0181a5d0406d1a,https://open.spotify.com/track/2kVHAQKVtczchKctctzbtK
47,2017-06-23,48,Up,Whatever It Takes,Imagine Dragons,1453197,https://i.scdn.co/image/ab67616d000048517956bd9a3d7a15e4c2e37cc6,https://open.spotify.com/track/4IWAyPf1KMq7JCyGeCjTeH
48,2017-06-23,49,Down,Sign of the Times,Harry Styles,1409123,https://i.scdn.co/image/ab67616d000048516c619c39c853f8b1d67b7859,https://open.spotify.com/track/5Ohxk2dO5COHF1krpoPigN
49,2017-06-23,50,Down,Issues,Julia Michaels,1402762,https://i.scdn.co/image/ab67616d00004851eab8691768189c70635820e8,https://open.spotify.com/track/6D0b04NJIKfEMg040WioJQ
50,2017-06-23,51,Down,DNA.,Kendrick Lamar,1389566,https://i.scdn.co/image/ae1f239b41e9604a66eb900834c6887cd2f62ff1,https://open.spotify.com/track/6HZILIRieu8S0iqY8kIKhj
51,2017-06-23,52,New,Don't Quit (feat. Travis Scott & Jeremih),DJ Khaled,1361523,https://i.scdn.co/image/ab67616d00004851dcb6a73da1e7f293b875f69c,https://open.spotify.com/track/4vv1KjUzPwrtDbozizSfQc
52,2017-06-23,53,Down,Ahora Dice,Chris Jeday,1281104,https://i.scdn.co/image/ab67616d000048513a142c7e7fc7863dc1a256ed,https://open.spotify.com/track/22eADXu8DfOAUEDw4vU8qy
53,2017-06-23,54,New,I Don’t Know Why,Imagine Dragons,1247935,https://i.scdn.co/image/ab67616d000048517956bd9a3d7a15e4c2e37cc6,https://open.spotify.com/track/15dnkAHcHC0vrIUlbiPiqU
54,2017-06-23,55,Up,Hey DJ,CNCO,1195048,https://i.scdn.co/image/ab67616d000048514358c8856d3acc00ca6c3578,https://open.spotify.com/track/209gZgcfLq2aUuu51vOWBl
55,2017-06-23,56,Down,OK - Spotify Version,Robin Schulz,1170358,https://i.scdn.co/image/ab67616d000048517fd57367322c558ca19c9ed8,https://open.spotify.com/track/3bWAqKDWg6u1davspr5IkS
56,2017-06-23,57,Down,Rockabye (feat. Sean Paul & Anne-Marie),Clean Bandit,1163527,https://i.scdn.co/image/ab67616d000048511431c3bdf16aa99f71799d95,https://open.spotify.com/track/5knuzwU65gJK7IF5yJsuaW
57,2017-06-23,58,Up,El Amante,Nicky Jam,1126042,https://i.scdn.co/image/ab67616d00004851d77dbcd4dbd37cdfa61771fa,https://open.spotify.com/track/3umS4y3uQDkqekNjVpiRUs
58,2017-06-23,59,Down,Most Girls,Hailee Steinfeld,1093885,https://i.scdn.co/image/ab67616d000048519e1b81dc79bd5055417b1e5a,https://open.spotify.com/track/2mfUa8bLs2s5N4VaqJZ4lZ
59,2017-06-23,60,Down,Rollin,Calvin Harris,1091221,https://i.scdn.co/image/ab67616d000048514d3fa5ce7ba599f4fd7803ef,https://open.spotify.com/track/0lMbuWUpfTWhEmOKxppEau
60,2017-06-23,61,Up,Walking The Wire,Imagine Dragons,1078037,https://i.scdn.co/image/ab67616d000048517956bd9a3d7a15e4c2e37cc6,https://open.spotify.com/track/6jmngk8Fwup05JZ6kgXEGX
61,2017-06-23,62,Up,Hey Ma (with Pitbull & J Balvin feat. Camila Cabello) - Spanish Version,Pitbull,1063364,https://i.scdn.co/image/ab67616d000048513e40b472d708ea3c6bd86670,https://open.spotify.com/track/2Vdub5mY4lad7w64bFPUez
62,2017-06-23,63,Down,iSpy (feat. Lil Yachty),KYLE,1059329,https://i.scdn.co/image/ab67616d0000485132e373f2988bc6596a542d1c,https://open.spotify.com/track/2EEeOnHehOozLq4aS0n6SL
63,2017-06-23,64,Down,goosebumps,Travis Scott,1052086,https://i.scdn.co/image/ab67616d00004851f54b99bf27cda88f4a7403ce,https://open.spotify.com/track/6gBFPUFcJLzWGx4lenP6h2
64,2017-06-23,65,Down,Scared to Be Lonely,Martin Garrix,1047282,https://i.scdn.co/image/ab67616d0000485164f8a309aa3c0a66a31fc374,https://open.spotify.com/track/3ebXMykcMXOcLeJ9xZ17XH
65,2017-06-23,66,Down,Down,Fifth Harmony,1045604,https://i.scdn.co/image/ab67616d00004851aa8f5611964dc75eebbecbba,https://open.spotify.com/track/7LEydI5NfjY6mZfKwYIptZ
66,2017-06-23,67,Down,Closer,The Chainsmokers,1038571,https://i.scdn.co/image/ab67616d00004851495ce6da9aeb159e94eaa453,https://open.spotify.com/track/7BKLCZ1jbUBVqRi2FVlTVw
67,2017-06-23,68,Down,Magnolia,Playboi Carti,1038245,https://i.scdn.co/image/cbfa858a49a59efbca64c6f7078068cf07731bd0,https://open.spotify.com/track/1e1JKLEDKP7hEQzJfNAgPl
68,2017-06-23,69,Down,Tuesday,Burak Yeter,1020174,https://i.scdn.co/image/069b0b8dc1285ba4d2bd7f2536abfce84598d130,https://open.spotify.com/track/7abpmGpF7PGep2rDU68GBR
69,2017-06-23,70,Down,BUTTERFLY EFFECT,Travis Scott,1002211,https://i.scdn.co/image/ab67616d00004851b5e9358d0d07114609d9afab,https://open.spotify.com/track/1yxgsra98r3qAtxqiGZPiX
70,2017-06-23,71,Down,Say You Won't Let Go,James Arthur,1000623,https://i.scdn.co/image/ab67616d0000485120beb61f61fcbeb33b10a9ab,https://open.spotify.com/track/5uCax9HTNlzGybIStD3vDh
71,2017-06-23,72,New,I’ll Make It Up To You,Imagine Dragons,984019,https://i.scdn.co/image/ab67616d000048517956bd9a3d7a15e4c2e37cc6,https://open.spotify.com/track/54h8xHewdRPnYzmbEHBhOO
72,2017-06-23,73,Up,Me Enamoré,Shakira,978203,https://i.scdn.co/image/ab67616d00004851d05d3aad30c5fb7614893cf5,https://open.spotify.com/track/4qknM1pQz53QOyfDVTjcM9
73,2017-06-23,74,Down,"I Don’t Wanna Live Forever (Fifty Shades Darker) - From ""Fifty Shades Darker (Original Motion Picture Soundtrack)""",ZAYN,966299,https://i.scdn.co/image/ab67616d000048512ae921f082ae5db4d3da818f,https://open.spotify.com/track/3NdDpSvN911VPGivFlV5d0
74,2017-06-23,75,Down,I Feel It Coming,The Weeknd,965285,https://i.scdn.co/image/b3683184efeb899b2d1a02f4957d0c630dc10b0b,https://open.spotify.com/track/5GXAXm5YOmYT0kL5jHvYBt
75,2017-06-23,76,Down,The Cure,Lady Gaga,958542,https://i.scdn.co/image/ab67616d000048514a9be9e8223db02a37e1e8fe,https://open.spotify.com/track/51PIvodunv6NmX5250zxAh
76,2017-06-23,77,Down,Slippery (feat. Gucci Mane),Migos,942676,https://i.scdn.co/image/ab67616d0000485199a8ab6da9d593939302828a,https://open.spotify.com/track/6p8NuHm8uCGnn2Dtbtf7zE
77,2017-06-23,78,Down,Body Like A Back Road,Sam Hunt,941979,https://i.scdn.co/image/ab67616d000048519eccbdab1110afc4d5a186a8,https://open.spotify.com/track/7mldq42yDuxiUNn08nvzHO
78,2017-06-23,79,Up,Tu Foto,Ozuna,927238,https://i.scdn.co/image/ab67616d000048515a0467b3a49a461da243c362,https://open.spotify.com/track/0Szp49tpFasIjX04Mcsydp
79,2017-06-23,80,Up,La Rompe Corazones,Daddy Yankee,907152,https://i.scdn.co/image/ab67616d00004851b84a36483e43bfbcb931fcde,https://open.spotify.com/track/4okba5wu9mMLXx79DXLKi3
80,2017-06-23,81,Down,Paris,The Chainsmokers,905384,https://i.scdn.co/image/ab67616d000048510c13d3d5a503c84fcc60ae94,https://open.spotify.com/track/72jbDTw1piOOj770jWNeaG
81,2017-06-23,82,Down,Solo Dance,Martin Jensen,903230,https://i.scdn.co/image/ab67616d00004851950d67dbe3f31f1d9a5d06a2,https://open.spotify.com/track/6HUnnBwYZqcED1eQztxMBN
82,2017-06-23,83,Down,One Dance,Drake,903227,https://i.scdn.co/image/ab67616d00004851726abca207567d5e41cb9667,https://open.spotify.com/track/1xznGGDReH1oQq0xzbwXa3
83,2017-06-23,84,Up,Sigo Extrañándote,J Balvin,901783,https://i.scdn.co/image/ab67616d00004851338ffc4c72a192f06070546b,https://open.spotify.com/track/6qDF4wWL49CAVbgT7yuHl8
84,2017-06-23,85,Down,Starboy,The Weeknd,890192,https://i.scdn.co/image/ab67616d000048510c8599cbde51245c128bcea9,https://open.spotify.com/track/5aAx2yezTd8zXrkmtKl66Z
85,2017-06-23,86,Up,Chantaje (feat. Maluma),Shakira,880534,https://i.scdn.co/image/ab67616d00004851d05d3aad30c5fb7614893cf5,https://open.spotify.com/track/6mICuAdrwEjh6Y6lroV2Kg
86,2017-06-23,87,Flat,You Don't Know Me - Radio Edit,Jax Jones,879375,https://i.scdn.co/image/ab67616d00004851dd05a1716e2f07a07b8ccfe3,https://open.spotify.com/track/00lNx0OcTJrS3MKHcB80HY
87,2017-06-23,88,Down,I Like Me Better,Lauv,876622,https://i.scdn.co/image/ab67616d00004851fab48816b625e2a77a732400,https://open.spotify.com/track/1wjzFQodRWrPcQ0AnYnvQ9
88,2017-06-23,89,Up,Bonita,J Balvin,873482,https://i.scdn.co/image/ab67616d0000485148f3fc1d4f0fed414418e041,https://open.spotify.com/track/693iqPOQvhI7PobtR8CC8v
89,2017-06-23,90,Down,No Vacancy,OneRepublic,868528,https://i.scdn.co/image/ab67616d000048518eadf2a91387dd890653afbe,https://open.spotify.com/track/6XOYVSmNDjKUNMXooU4s4z
90,2017-06-23,91,Down,Call On Me - Ryan Riback Extended Remix,Starley,857134,https://i.scdn.co/image/ab67616d000048519d4079afc73664f86f055400,https://open.spotify.com/track/78rIJddV4X0HkNAInEcYde
91,2017-06-23,92,Down,Castle on the Hill,Ed Sheeran,854356,https://i.scdn.co/image/ab67616d00004851ba5db46f4b838ef6027e6f96,https://open.spotify.com/track/6PCUP3dWmTjcTtXY02oFdT
92,2017-06-23,93,Down,LOVE. FEAT. ZACARI.,Kendrick Lamar,849723,https://i.scdn.co/image/ae1f239b41e9604a66eb900834c6887cd2f62ff1,https://open.spotify.com/track/6PGoSes0D9eUDeeAafB2As
93,2017-06-23,94,Down,4 AM,2 Chainz,841894,https://i.scdn.co/image/179288654e273e14d827a4aa76cf37115e139ca0,https://open.spotify.com/track/1nX9KhK3Fff27SnrIor2Yb
94,2017-06-23,95,Flat,Otra vez (feat. J Balvin),Zion & Lennox,827116,https://i.scdn.co/image/ab67616d0000485182eabf564ddc57325a84dd50,https://open.spotify.com/track/3QwBODjSEzelZyVjxPOHdq
95,2017-06-23,96,New,Rise Up,Imagine Dragons,816089,https://i.scdn.co/image/ab67616d000048517956bd9a3d7a15e4c2e37cc6,https://open.spotify.com/track/7vAXN57IQ0sj049wZGIboE
96,2017-06-23,97,Down,Portland,Drake,806116,https://i.scdn.co/image/6dfd956b9331fa9ea1f47ebb95311951ed72b3db,https://open.spotify.com/track/2bjwRfXMk4uRgOD9IBYl9h
97,2017-06-23,98,New,Start Over,Imagine Dragons,805095,https://i.scdn.co/image/ab67616d000048517956bd9a3d7a15e4c2e37cc6,https://open.spotify.com/track/6Q9ue1D2FU489FD4Uln3SX
98,2017-06-23,99,Down,Una Lady Como Tú,Manuel Turizo,796141,https://i.scdn.co/image/ab67616d00004851f9dc35bc367fcf98e763d27e,https://open.spotify.com/track/7MHN1aCFtLXjownGhvEQlF
99,2017-06-23,100,Down,Green Light,Lorde,781803,https://i.scdn.co/image/ab67616d0000485128e1139fd3a34626351b9004,https://open.spotify.com/track/0gbBzIqrECJOEPvQJIBFs5
100,2017-06-23,101,Down,"Sola (Remix) [feat. Daddy Yankee, Wisin, Farruko, Zion & Lennox]",Anuel AA,779104,https://i.scdn.co/image/ab67616d00004851a66def7d649149464edc8f1e,https://open.spotify.com/track/5q2JbCNi4FcnglgPfxcV65
101,2017-06-23,102,Down,Let Me Love You,DJ Snake,772668,https://i.scdn.co/image/ab67616d000048515045de6786e0af096de73ed4,https://open.spotify.com/track/4pdPtRcBmOSQDlJ3Fk945m
102,2017-06-23,103,Down,Homemade Dynamite,Lorde,770203,https://i.scdn.co/image/ab67616d0000485128e1139fd3a34626351b9004,https://open.spotify.com/track/12o6dxWGk29uIAP3OWY0pM
103,2017-06-23,104,Down,Drowning (feat. Kodak Black),A Boogie Wit da Hoodie,758560,https://i.scdn.co/image/ab67616d0000485131d8918139b720e4141adeec,https://open.spotify.com/track/6Q2FftbUG530lCtBI74bMH
104,2017-06-23,105,Down,LOYALTY. FEAT. RIHANNA.,Kendrick Lamar,744480,https://i.scdn.co/image/ae1f239b41e9604a66eb900834c6887cd2f62ff1,https://open.spotify.com/track/6SwRhMLwNqEi6alNPVG00n
105,2017-06-23,106,Down,24K Magic,Bruno Mars,739396,https://i.scdn.co/image/ab67616d00004851232711f7d66a1e19e89e28c5,https://open.spotify.com/track/6b8Be6ljOzmkOmFslEb23P
106,2017-06-23,107,Down,Bon appétit,Katy Perry,734954,https://i.scdn.co/image/ab67616d000048511487979a7e0181a5d0406d1a,https://open.spotify.com/track/61WbtB6ujkpNAsAf5LjF4b
107,2017-06-23,108,Up,Reggaetón Lento (Bailemos),CNCO,721652,https://i.scdn.co/image/ab67616d000048517db0f7ac4c612cce26ccacf9,https://open.spotify.com/track/3AEZUABDXNtecAOSC1qTfo
108,2017-06-23,109,Down,Perfect,Ed Sheeran,720322,https://i.scdn.co/image/ab67616d00004851ba5db46f4b838ef6027e6f96,https://open.spotify.com/track/0tgVpDi06FyKpA1z0VMD4v
109,2017-06-23,110,Down,Came Here for Love,Sigala,718531,https://i.scdn.co/image/ab67616d000048513769e2973131468513fc59cd,https://open.spotify.com/track/3kGfazcbVvVkuZunzlLgTD
110,2017-06-23,111,Down,Hunter,Galantis,717390,https://i.scdn.co/image/ab67616d00004851c57e7df0eb72981d8aafd57d,https://open.spotify.com/track/3caMfJGFp53NAH2TuigdNj
111,2017-06-23,112,Down,Don't Let Me Down,The Chainsmokers,703344,https://i.scdn.co/image/ab67616d0000485108d87fb54859bc9038f7e5e0,https://open.spotify.com/track/0QsvXIfqM0zZoerQfsI9lm
112,2017-06-23,113,Up,Báilame,Nacho,700038,https://i.scdn.co/image/ab67616d000048514b2089fbced0d870deb3e9f2,https://open.spotify.com/track/7lRsNbdOGykkMAgsqs4R1C
113,2017-06-23,114,Up,Me Llamas (feat. Maluma) - Remix,Piso 21,693755,https://i.scdn.co/image/ab67616d000048511e1eafb5d2bb1ca39d26f092,https://open.spotify.com/track/5hEM0JchdVzQ5PwvSfITeX
114,2017-06-23,115,Up,"CAN'T STOP THE FEELING! (Original Song from DreamWorks Animation's ""TROLLS"")",Justin Timberlake,690318,https://i.scdn.co/image/ab67616d00004851ef37416970812293c08e8a78,https://open.spotify.com/track/6JV2JOEocMgcZxYSZelKcc
115,2017-06-23,116,Down,Gyalchester,Drake,688810,https://i.scdn.co/image/6dfd956b9331fa9ea1f47ebb95311951ed72b3db,https://open.spotify.com/track/6UjfByV1lDLW0SOVQA4NAi
116,2017-06-23,117,Down,Chained To The Rhythm,Katy Perry,685997,https://i.scdn.co/image/ab67616d000048511487979a7e0181a5d0406d1a,https://open.spotify.com/track/6520aj0B4FSKGVuKNsOCOi
117,2017-06-23,118,Down,Good Life (with G-Eazy & Kehlani),G-Eazy,684478,https://i.scdn.co/image/ab67616d00004851fcc36f9c0515e6e7faa2030b,https://open.spotify.com/track/1Eck97uRMlprKOOJN9oO1E
118,2017-06-23,119,Down,Cold,Maroon 5,680639,https://i.scdn.co/image/ab67616d000048514727f9e79c338683c5bf8921,https://open.spotify.com/track/5NNlUMcOEOdoOIwwaWXv0k
119,2017-06-23,120,Down,Bad and Boujee (feat. Lil Uzi Vert),Migos,675220,https://i.scdn.co/image/ab67616d0000485199a8ab6da9d593939302828a,https://open.spotify.com/track/4Km5HrUvYTaSUfiSGPJeQR
120,2017-06-23,121,New,"On Everything (feat. Travis Scott, Rick Ross & Big Sean)",DJ Khaled,674294,https://i.scdn.co/image/ab67616d000048517b219c19829e83a86cc9786c,https://open.spotify.com/track/7lxZbmtC6SkUc2yXBgDOdO
121,2017-06-23,122,New,Shining (feat. Beyoncé & Jay-Z),DJ Khaled,671990,https://i.scdn.co/image/ab67616d00004851dcb6a73da1e7f293b875f69c,https://open.spotify.com/track/3OoZagIW3YK8vjt0ws6NOI
122,2017-06-23,123,Down,Bounce Back,Big Sean,671961,https://i.scdn.co/image/695d0c097d8463ccc2c2b9855fe44e3e9e7bc267,https://open.spotify.com/track/0SGkqnVQo9KPytSri1H6cF
123,2017-06-23,124,Down,Starving,Hailee Steinfeld,666260,https://i.scdn.co/image/ab67616d00004851612495ee5769c99125031be2,https://open.spotify.com/track/1qOLh0tI7trd1zdDKxYZTe
124,2017-06-23,125,Down,Tunnel Vision,Kodak Black,662171,https://i.scdn.co/image/ab67616d000048511541a676423805fc68ff3e66,https://open.spotify.com/track/4Q3N4Ct4zCuIHuZ65E3BD4
125,2017-06-23,126,New,I Love You so Much (feat. Chance the Rapper),DJ Khaled,656527,https://i.scdn.co/image/ab67616d000048517b219c19829e83a86cc9786c,https://open.spotify.com/track/6DxqrwlrHERRkUw9yXIGjd
126,2017-06-23,127,Up,Paradinha,Anitta,653117,https://i.scdn.co/image/ab67616d00004851060ef674248ad011af09f6e6,https://open.spotify.com/track/05rJdH2MRLJ3sQoEUO78qs
127,2017-06-23,128,Down,Reminding Me,Shawn Hook,652957,https://i.scdn.co/image/ab67616d00004851ee62a1ed1ea8a3fe4f4e1d78,https://open.spotify.com/track/4gqMQftUs22F8pOGVn5Acr
128,2017-06-23,129,Down,Fake Love,Drake,648769,https://i.scdn.co/image/6dfd956b9331fa9ea1f47ebb95311951ed72b3db,https://open.spotify.com/track/343YBumqHu19cGoGARUTsd
129,2017-06-23,130,Down,It's A Vibe,2 Chainz,643071,https://i.scdn.co/image/179288654e273e14d827a4aa76cf37115e139ca0,https://open.spotify.com/track/6H0AwSQ20mo62jGlPGB8S6
130,2017-06-23,131,Down,Treat You Better,Shawn Mendes,642914,https://i.scdn.co/image/ab67616d00004851188e6332f32088921ab1eaf8,https://open.spotify.com/track/4Hf7WnR761jpxPr5D46Bcd
131,2017-06-23,132,Down,Tired,Alan Walker,640097,https://i.scdn.co/image/ab67616d00004851c311619d7b02d5c4a6c167f2,https://open.spotify.com/track/3b5Li4QKDVBx1x7fQuu54a
132,2017-06-23,133,Down,Photograph,Ed Sheeran,638429,https://i.scdn.co/image/ab67616d00004851d08209944468440145f01524,https://open.spotify.com/track/6fxVffaTuwjgEk5h9QyRjy
133,2017-06-23,134,Down,Side To Side,Ariana Grande,636838,https://i.scdn.co/image/ab67616d000048517227f5854239a059af211d5b,https://open.spotify.com/track/4pLwZjInHj3SimIyN9SnOz
134,2017-06-23,135,Down,Look At Me!,XXXTENTACION,633370,https://i.scdn.co/image/ab67616d0000485125b5901b8bcf902f54d466d9,https://open.spotify.com/track/4ARPvK8DHLwt4oX65ZAFMw
135,2017-06-23,136,Down,Cold Water (feat. Justin Bieber & MØ),Major Lazer,631260,https://i.scdn.co/image/ab67616d000048512e8f1cca2bc8c9d55930523b,https://open.spotify.com/track/6DNtNfH8hXkqOX1sjqmI7p
136,2017-06-23,137,New,Mouth Of The River,Imagine Dragons,630140,https://i.scdn.co/image/ab67616d000048517956bd9a3d7a15e4c2e37cc6,https://open.spotify.com/track/6dSKDp21S6I5UOhDqjw4kB
137,2017-06-23,138,Down,We Don't Talk Anymore,Charlie Puth,630014,https://i.scdn.co/image/ab67616d00004851c0e28105f0533c52717c46c2,https://open.spotify.com/track/68EMU2RD1ECNeOeJ5qAXCV
138,2017-06-23,139,Down,Nights With You,MØ,628731,https://i.scdn.co/image/ab67616d00004851bd58d7394f4103d9810c8edf,https://open.spotify.com/track/5q5gzmbBS5yQzos2BvVr1t
139,2017-06-23,140,Down,Perfect Places,Lorde,622727,https://i.scdn.co/image/ab67616d0000485128e1139fd3a34626351b9004,https://open.spotify.com/track/1wC93sZRGcTgKLN2UWRSwW
140,2017-06-23,141,New,Yesterday,Imagine Dragons,622269,https://i.scdn.co/image/ab67616d000048517956bd9a3d7a15e4c2e37cc6,https://open.spotify.com/track/7nXk8UzwYn0bKNH8NVz6xO
141,2017-06-23,142,Down,Weak,AJR,617250,https://i.scdn.co/image/ab67616d00004851c5f3ca405ff6ed13dc554b94,https://open.spotify.com/track/3E2Zh20GDCR9B1EYjfXWyv
142,2017-06-23,143,Down,Vente Pa' Ca,Ricky Martin,613770,https://i.scdn.co/image/ab67616d000048513d90f5938459be40b7b6652a,https://open.spotify.com/track/7DM4BPaS7uofFul3ywMe46
143,2017-06-23,144,Down,I Took A Pill In Ibiza - Seeb Remix,Mike Posner,609508,https://i.scdn.co/image/ab67616d0000485140512e02a594e3378c0256e6,https://open.spotify.com/track/17Fd6Yb7mSbinKG8LoWfFl
144,2017-06-23,145,Down,One Last Time,Ariana Grande,608485,https://i.scdn.co/image/ab67616d000048511254a60895a75d37796045c8,https://open.spotify.com/track/7bJwvubZZaoGE1AGEfu8Fi
145,2017-06-23,146,Down,Si Tú La Ves (feat. Wisin),Nicky Jam,606465,https://i.scdn.co/image/ab67616d00004851d77dbcd4dbd37cdfa61771fa,https://open.spotify.com/track/4yN6xPLopmTLvc27pO9LIE
146,2017-06-23,147,Down,Summer Air,ItaloBrothers,602328,https://i.scdn.co/image/ab67616d000048516cc9441f366f82803e48ae5c,https://open.spotify.com/track/3GPI7hYiqD6enLRobhkBm8
147,2017-06-23,148,Down,Hear Me Now,Alok,601679,https://i.scdn.co/image/e308bad29e4cf6dc8aa5cd97449ef71bbb893d40,https://open.spotify.com/track/1a5Yu5L18qNxVhXx38njON
148,2017-06-23,149,Down,In the Name of Love,Martin Garrix,598747,https://i.scdn.co/image/ab67616d00004851923db3f255cd48a6d5783ebf,https://open.spotify.com/track/04DwTuZ2VBdJCCC5TROn7L
149,2017-06-23,150,Down,Alguien Robo,Sebastian Yatra,598319,https://i.scdn.co/image/ab67616d0000485135e1cf8c70c60dc416956c17,https://open.spotify.com/track/5i50gKdLAjjIr7UxRT5IVy
150,2017-06-23,151,Flat,Besándote,Piso 21,596736,https://i.scdn.co/image/ab67616d000048512cd0b690a37d7bb6e2aa5de4,https://open.spotify.com/track/13X0XdLMOdtbXVtAj2ox4h
151,2017-06-23,152,Down,Swang,Rae Sremmurd,592719,https://i.scdn.co/image/16293ab3b4f9301aeb5f41810fd7056d463db55e,https://open.spotify.com/track/6mapJIPnQ23RTAevUoE0DL
152,2017-06-23,153,Flat,Be Mine,Ofenbach,590352,https://i.scdn.co/image/ab67616d00004851e819b286432a124e510dc87b,https://open.spotify.com/track/2KklXplRtxMsBYo474Es0w
153,2017-06-23,154,Down,Cheap Thrills,Sia,587913,https://i.scdn.co/image/ab67616d0000485149e0134c686547c28b7c999f,https://open.spotify.com/track/27SdWb2rFzO6GWiYDBTD9j
154,2017-06-23,155,Down,Thinking out Loud,Ed Sheeran,581991,https://i.scdn.co/image/ab67616d00004851d08209944468440145f01524,https://open.spotify.com/track/1Slwb6dOYkBlWal1PGtnNg
155,2017-06-23,156,Down,Quit (feat. Ariana Grande),Cashmere Cat,564772,https://i.scdn.co/image/ab67616d00004851e53443feca656fafbbbae361,https://open.spotify.com/track/4Q5yMlwAfAoitqg4r9oZHN
156,2017-06-23,157,Down,Bad At Love,Halsey,563479,https://i.scdn.co/image/d5bb421dbecbba7c6904eb67672f3cd25cf54c23,https://open.spotify.com/track/7y9iMe8SOB6z3NoHE2OfXl
157,2017-06-23,158,New,"Iced Out My Arms (feat. Future, Migos, 21 Savage & T.I.)",DJ Khaled,556838,https://i.scdn.co/image/ab67616d000048517b219c19829e83a86cc9786c,https://open.spotify.com/track/2ClE3QfsNx9p0zjPKxmUYq
158,2017-06-23,159,Down,Rolex,Ayo & Teo,556572,https://i.scdn.co/image/ab67616d0000485179dbd95fbdf6b0d617bd32dd,https://open.spotify.com/track/0pSBuHjILhNEo55xK1zrRt
159,2017-06-23,160,Down,Hot2Touch,Felix Jaehn,555555,https://i.scdn.co/image/ab67616d00004851767ba597ba12ee255719cbd4,https://open.spotify.com/track/1sBhJGPUKrdRycgKxve70v
160,2017-06-23,161,Down,Love Yourself,Justin Bieber,553426,https://i.scdn.co/image/ab67616d00004851b6d9a4fbb0bd49f0f034aead,https://open.spotify.com/track/3hB5DgAiMAQ4DzYbsMq1IT
161,2017-06-23,162,Down,The Way I Are (Dance with Somebody) (feat. Lil Wayne) - Spotify Version,Bebe Rexha,552052,https://i.scdn.co/image/ab67616d000048513831dd29f86a00e0df26df4a,https://open.spotify.com/track/6Pw3Gvw4wNMZfTYZa6IQal
162,2017-06-23,163,New,Dancing In The Dark,Imagine Dragons,548947,https://i.scdn.co/image/ab67616d000048517956bd9a3d7a15e4c2e37cc6,https://open.spotify.com/track/5HvtbJxOYLSACcPuhf62wT
163,2017-06-23,164,New,Champion,Fall Out Boy,544380,https://i.scdn.co/image/ab67616d000048514890504565e2ef515c39bbd8,https://open.spotify.com/track/3IEHJ5lWMxExmrn2zlhcVu
164,2017-06-23,165,Down,T-Shirt,Migos,541233,https://i.scdn.co/image/ab67616d0000485199a8ab6da9d593939302828a,https://open.spotify.com/track/7KOlJ92bu51cltsD9KU5I7
165,2017-06-23,166,Down,Happier,Ed Sheeran,538310,https://i.scdn.co/image/ab67616d00004851ba5db46f4b838ef6027e6f96,https://open.spotify.com/track/2RttW7RAu5nOAfq6YFvApB
166,2017-06-23,167,Up,Traicionera,Sebastian Yatra,528438,https://i.scdn.co/image/ab67616d00004851dbe5e9f934a9be5db8884c52,https://open.spotify.com/track/5J1c3M4EldCfNxXwrwt8mT
167,2017-06-23,168,Down,Still Got Time,ZAYN,525446,https://i.scdn.co/image/ab67616d000048513bfd914f72da2ed8822a634f,https://open.spotify.com/track/000xQL6tZNLJzIrtIgxqSl
168,2017-06-23,169,Down,Mercy,Shawn Mendes,523363,https://i.scdn.co/image/ab67616d00004851188e6332f32088921ab1eaf8,https://open.spotify.com/track/4TZy1wLyHec06pwgFYDh1a
169,2017-06-23,170,Down,This Is What You Came For,Calvin Harris,522477,https://i.scdn.co/image/ab67616d00004851d9aa52355e062f5de060adbf,https://open.spotify.com/track/0azC730Exh71aQlOt9Zj3y
170,2017-06-23,171,Down,"How Far I'll Go - From ""Moana""",Alessia Cara,522417,https://i.scdn.co/image/ab67616d00004851fb128b1eda22335050f584fe,https://open.spotify.com/track/5hYTyyh2odQKphUbMqc5gN
171,2017-06-23,172,New,It's Secured (feat. Nas & Travis Scott),DJ Khaled,521610,https://i.scdn.co/image/ab67616d000048517b219c19829e83a86cc9786c,https://open.spotify.com/track/56uTIyBsxLQIYgF765A2aM
172,2017-06-23,173,Up,Te Quiero Pa´Mi,Don Omar,520938,https://i.scdn.co/image/ab67616d00004851d0cb2a58e3bf5d7ac5ece16f,https://open.spotify.com/track/3BY2mafsbsoKGqS380Xnuz
173,2017-06-23,174,Down,Heathens,Twenty One Pilots,518115,https://i.scdn.co/image/ab67616d000048512ca3ba8f334ca5a5f0312efb,https://open.spotify.com/track/6i0V12jOa3mr6uu4WYhUBr
174,2017-06-23,175,Down,Faded,Alan Walker,517926,https://i.scdn.co/image/ab67616d00004851c4d00cac55ae1b4598c9bc90,https://open.spotify.com/track/7gHs73wELdeycvS48JfIos
175,2017-06-23,176,Up,Safari,J Balvin,517596,https://i.scdn.co/image/ab67616d00004851338ffc4c72a192f06070546b,https://open.spotify.com/track/6rQSrBHf7HlZjtcMZ4S4bO
176,2017-06-23,177,Down,Don't Wanna Know,Maroon 5,516652,https://i.scdn.co/image/ab67616d00004851eec1912bbc2ff74b8203fe5f,https://open.spotify.com/track/5MFzQMkrl1FOOng9tq6R9r
177,2017-06-23,178,Up,Lean On (feat. MØ & DJ Snake),Major Lazer,516228,https://i.scdn.co/image/ab67616d000048519f55dad3a63f72f1bc8d6f59,https://open.spotify.com/track/4WjH9Bzt3kx7z8kl0awxh4
178,2017-06-23,179,Down,Ciao Adios,Anne-Marie,515715,https://i.scdn.co/image/ab67616d0000485119f06fd0fc43d3ebed4f041d,https://open.spotify.com/track/3EfugazgSddQvzZpkof5I4
179,2017-06-23,180,New,To the Max,DJ Khaled,511595,https://i.scdn.co/image/ab67616d000048517b219c19829e83a86cc9786c,https://open.spotify.com/track/2of5xn0GU0TdFneR1saRLH
180,2017-06-23,181,Up,"Ay Mi Dios (feat. Pitbull, Yandel & Chacal)",IAmChino,511003,https://i.scdn.co/image/ab67616d000048511568fbc07414eb185c58ef62,https://open.spotify.com/track/6stYbAJgTszHAHZMPxWWCY
181,2017-06-23,182,Down,Can I Be Him,James Arthur,510864,https://i.scdn.co/image/ab67616d0000485120beb61f61fcbeb33b10a9ab,https://open.spotify.com/track/0VhgEqMTNZwYL1ARDLLNCX
182,2017-06-23,183,Down,Work from Home (feat. Ty Dolla $ign),Fifth Harmony,510522,https://i.scdn.co/image/ab67616d00004851d03fa6f4e758282b7920b5c8,https://open.spotify.com/track/4tCtwWceOPWzenK2HAIJSb
183,2017-06-23,184,Down,The Night We Met,Lord Huron,509822,https://i.scdn.co/image/ab67616d00004851ee6611c95f868e465c98a0b2,https://open.spotify.com/track/6mORGLOz79w6VsCRLWYYuK
184,2017-06-23,185,New,I Can't Even Lie (feat. Future & Nicki Minaj),DJ Khaled,508920,https://i.scdn.co/image/ab67616d000048517b219c19829e83a86cc9786c,https://open.spotify.com/track/2G60ShHRZZhqxSKbZTWdOh
185,2017-06-23,186,New,"Down for Life (feat. PARTYNEXTDOOR, Future, Travis Scott, Rick Ross & Kodak Black)",DJ Khaled,506247,https://i.scdn.co/image/ab67616d000048517b219c19829e83a86cc9786c,https://open.spotify.com/track/6CwTHNCzgkq41m11iPpzsf
186,2017-06-23,187,Down,do re mi,blackbear,505885,https://i.scdn.co/image/25560e082d8ff78217dd6594d18f827a4049cc63,https://open.spotify.com/track/3Q3myFA7q4Op95DOpHplaY
187,2017-06-23,188,Down,Sorry,Justin Bieber,505587,https://i.scdn.co/image/ab67616d00004851b6d9a4fbb0bd49f0f034aead,https://open.spotify.com/track/69bp2EbF7Q2rqc5N3ylezZ
188,2017-06-23,189,Up,Lumbra,Cali Y El Dandee,500002,https://i.scdn.co/image/ab67616d000048511b871ef4de91bd38cac024d1,https://open.spotify.com/track/6VHdcVbiKLYYOcMbIqBcuK
189,2017-06-23,190,Down,Broccoli (feat. Lil Yachty),DRAM,494219,https://i.scdn.co/image/ab67616d00004851f02a1575a59bd05998826351,https://open.spotify.com/track/7yyRTcZmCiyzzJlNzGC9Ol
190,2017-06-23,191,Down,Love On The Brain,Rihanna,489320,https://i.scdn.co/image/ddc285ca9817c96c7719b3f2a759e108787db021,https://open.spotify.com/track/2aksifNn5ph8igDOkPBA02
191,2017-06-23,192,Down,Ride,Twenty One Pilots,489054,https://i.scdn.co/image/ab67616d00004851de03bfc2991fd5bcfde65ba3,https://open.spotify.com/track/2Z8WuEywRWYTKe1NybPQEW
192,2017-06-23,193,Down,Stressed Out,Twenty One Pilots,488830,https://i.scdn.co/image/ab67616d00004851de03bfc2991fd5bcfde65ba3,https://open.spotify.com/track/3CRDbSIZ4r5MsZ0YwxuEkn
193,2017-06-23,194,New,Jag trodde änglarna fanns,Kamferdrops,488393,https://i.scdn.co/image/ab67616d00004851bdeced0f7c3a91c0a79a557c,https://open.spotify.com/track/3qy7P1Vr6eGIwHP9DCUHwK
194,2017-06-23,195,Down,White Iverson,Post Malone,484558,https://i.scdn.co/image/23bae95100dcb6ac8f88c19fa2a11c50a998a926,https://open.spotify.com/track/6eT7xZZlB2mwyzJ2sUKG6w
195,2017-06-23,196,Down,Shed a Light,Robin Schulz,483619,https://i.scdn.co/image/ab67616d000048517be189f322bc8155c103d6c9,https://open.spotify.com/track/1cG0umU5TKStygKsPFZ9pY
196,2017-06-23,197,Up,Vacaciones,Wisin,483388,https://i.scdn.co/image/ab67616d00004851c85f0d16973e9dae6f8a786c,https://open.spotify.com/track/3dQDid3IUNhZy1OehIfYfE
197,2017-06-23,198,Down,wokeuplikethis*,Playboi Carti,482359,https://i.scdn.co/image/cbfa858a49a59efbca64c6f7078068cf07731bd0,https://open.spotify.com/track/59J5nzL1KniFHnU120dQzt
198,2017-06-23,199,New,Sua Cara (feat. Anitta & Pabllo Vittar),Major Lazer,482317,https://i.scdn.co/image/ab67616d00004851bc58139391263a975045c17d,https://open.spotify.com/track/5gUFvcHTgDNthj7DmZl2L7
199,2017-06-23,200,Down,Run Up (feat. PARTYNEXTDOOR & Nicki Minaj),Major Lazer,481413,https://i.scdn.co/image/ab67616d000048518036d7402a6a76aed04f1f98,https://open.spotify.com/track/0fg8CqpjdojMyXLNzM2PaJ
