,Date,Position,Trend,Title,Artist,Streams,Icon_URL,Spotify_URL
0,2017-06-11,1,Flat,Despacito - Remix,Luis Fonsi,6423910,https://i.scdn.co/image/ab67616d00004851d8559d0280ffe2a2af6dacdf,https://open.spotify.com/track/5CtI0qwDJkDQGwXD1H1cLb
1,2017-06-11,2,Flat,"I'm the One (feat. Justin Bieber, Quavo, Chance the Rapper & Lil Wayne)",DJ Khaled,4321334,https://i.scdn.co/image/ab67616d00004851dcb6a73da1e7f293b875f69c,https://open.spotify.com/track/3DXncPQOG4VBw3QHh3S817
2,2017-06-11,3,Up,2U (feat. Justin Bieber),David Guetta,3698417,https://i.scdn.co/image/ab67616d0000485145c5570d4a66346d8f683913,https://open.spotify.com/track/3A7qX2QjDlPnazUsRk5y0M
3,2017-06-11,4,Down,Shape of You,Ed Sheeran,3607954,https://i.scdn.co/image/ab67616d00004851ba5db46f4b838ef6027e6f96,https://open.spotify.com/track/7qiZfU4dY1lWllzX7mPBI3
4,2017-06-11,5,Flat,HUMBLE.,Kendrick Lamar,3087812,https://i.scdn.co/image/ae1f239b41e9604a66eb900834c6887cd2f62ff1,https://open.spotify.com/track/7KXjTSCq5nL1LoYtL7XAwS
5,2017-06-11,6,Flat,Attention,Charlie Puth,2935208,https://i.scdn.co/image/ab67616d00004851db21a273452f0637cdbc35aa,https://open.spotify.com/track/4iLqG9SeJSnt0cSPICSjxv
6,2017-06-11,7,Flat,Unforgettable,French Montana,2826244,https://i.scdn.co/image/ab67616d000048518a31195a371b2233456f6c07,https://open.spotify.com/track/3B54sVLJ402zGa6Xm4YGNe
7,2017-06-11,8,Flat,Swalla (feat. Nicki Minaj & Ty Dolla $ign),Jason Derulo,2659265,https://i.scdn.co/image/ab67616d000048519d6522bee68370fa5592301d,https://open.spotify.com/track/6kex4EBAj0WHXDKZMEJaaF
8,2017-06-11,9,Flat,Despacito (Featuring Daddy Yankee),Luis Fonsi,2614287,https://i.scdn.co/image/ab67616d00004851a5971936e3b8d91f8b616b17,https://open.spotify.com/track/4aWmUDTfIPGksMNLV2rQP2
9,2017-06-11,10,Up,XO TOUR Llif3,Lil Uzi Vert,2539793,https://i.scdn.co/image/ab67616d0000485115531ec8568373f631db9786,https://open.spotify.com/track/2eMwDehkIC1j68U6FA3Eiq
10,2017-06-11,11,Flat,Strip That Down,Liam Payne,2522495,https://i.scdn.co/image/ab67616d00004851ec1abb2ba5e210e826161111,https://open.spotify.com/track/6EpRaXYhGOB3fj4V2uDkMJ
11,2017-06-11,12,Down,There's Nothing Holdin' Me Back,Shawn Mendes,2519200,https://i.scdn.co/image/ab67616d00004851f9cbd0c07513a7232cd6b9a7,https://open.spotify.com/track/79cuOz3SPQTuFrp8WgftAu
12,2017-06-11,13,Flat,Something Just Like This,The Chainsmokers,2329884,https://i.scdn.co/image/ab67616d000048510c13d3d5a503c84fcc60ae94,https://open.spotify.com/track/6RUKPb4LETWmmr3iAEQktW
13,2017-06-11,14,Flat,Mask Off,Future,2305339,https://i.scdn.co/image/ab67616d00004851356884f85665ebdd79223fdf,https://open.spotify.com/track/3rOSwuTsUlJp0Pu0MkN8r8
14,2017-06-11,15,Flat,Stay (with Alessia Cara),Zedd,2234727,https://i.scdn.co/image/ab67616d0000485191a70f95efc3400f696e89cc,https://open.spotify.com/track/0dA2Mk56wEzDgegdC6R17g
15,2017-06-11,16,Up,Symphony (feat. Zara Larsson),Clean Bandit,2171758,https://i.scdn.co/image/ab67616d000048515b1130d050c4cd2295999d85,https://open.spotify.com/track/1x5sYLZiu9r5E43kMlt9f8
16,2017-06-11,17,Down,Felices los 4,Maluma,2132452,https://i.scdn.co/image/ab67616d00004851d9732b592276542ecafa6c6d,https://open.spotify.com/track/0qYTZCo5Bwh1nsUFGZP3zn
17,2017-06-11,18,Flat,Thunder,Imagine Dragons,2127018,https://i.scdn.co/image/ab67616d000048517956bd9a3d7a15e4c2e37cc6,https://open.spotify.com/track/0tKcYR2II1VCQWT79i5NrW
18,2017-06-11,19,Flat,That's What I Like,Bruno Mars,2097060,https://i.scdn.co/image/ab67616d00004851232711f7d66a1e19e89e28c5,https://open.spotify.com/track/0KKkJNfGyhkQ5aFogxQAPU
19,2017-06-11,20,Up,Mama,Jonas Blue,2048413,https://i.scdn.co/image/14891cf71e2287163c137e90074783ba5cdd4ff4,https://open.spotify.com/track/0NiXXAI876aGImAd6rTj8w
20,2017-06-11,21,Flat,There for You,Martin Garrix,2041530,https://i.scdn.co/image/ab67616d0000485172c57da7edfe8e915182cdd4,https://open.spotify.com/track/6jA8HL9i4QGzsj6fjoxp8Y
21,2017-06-11,22,Up,Congratulations,Post Malone,2041050,https://i.scdn.co/image/23bae95100dcb6ac8f88c19fa2a11c50a998a926,https://open.spotify.com/track/3a1lNhkSLSkpJE4MSHpDu9
22,2017-06-11,23,Down,It Ain't Me (with Selena Gomez),Kygo,2040360,https://i.scdn.co/image/ab67616d0000485141f289940f2e6a0d51988d77,https://open.spotify.com/track/3eR23VReFzcdmS7TYCrhCe
23,2017-06-11,24,Down,Malibu,Miley Cyrus,1993582,https://i.scdn.co/image/ab67616d000048512fe7eac044c3912f06432f22,https://open.spotify.com/track/2habSXqcJGExM6JJyskY7O
24,2017-06-11,25,Flat,Pretty Girl - Cheat Codes X CADE Remix,Maggie Lindemann,1865586,https://i.scdn.co/image/ab67616d000048517c7436e1b6273be0e7bc1a84,https://open.spotify.com/track/1NDxZ7cFAo481dtYWdrUnR
25,2017-06-11,26,Flat,Me Rehúso,Danny Ocean,1711609,https://i.scdn.co/image/ab67616d00004851a75bd33684083600569dd3bf,https://open.spotify.com/track/6De0lHrwBfPfrhorm9q1Xl
26,2017-06-11,27,Up,Bad Liar,Selena Gomez,1670091,https://i.scdn.co/image/ab67616d00004851f40c5ecb3d327a55e8aa6714,https://open.spotify.com/track/1sCxVKWImDZSZKvG0U9B23
27,2017-06-11,28,Up,No Promises (feat. Demi Lovato),Cheat Codes,1663395,https://i.scdn.co/image/ab67616d00004851e74ecdb2f1316c8f026970a8,https://open.spotify.com/track/1louJpMmzEicAn7lzDalPW
28,2017-06-11,29,Down,SUBEME LA RADIO,Enrique Iglesias,1662696,https://i.scdn.co/image/ab67616d000048515366ff028970205a29d558ed,https://open.spotify.com/track/7nKBxz47S9SD79N086fuhn
29,2017-06-11,30,Down,First Time,Kygo,1658434,https://i.scdn.co/image/ab67616d00004851b6d86ca196b697ee0f640118,https://open.spotify.com/track/2Gl0FzuLxflY6nPifJp5Dr
30,2017-06-11,31,Flat,Sign of the Times,Harry Styles,1619188,https://i.scdn.co/image/ab67616d000048516c619c39c853f8b1d67b7859,https://open.spotify.com/track/5Ohxk2dO5COHF1krpoPigN
31,2017-06-11,32,Up,Passionfruit,Drake,1557169,https://i.scdn.co/image/ab67616d000048515ea859dc94365abd9fd84fd6,https://open.spotify.com/track/7hDc8b7IXETo14hHIHdnhd
32,2017-06-11,33,Up,Slow Hands,Niall Horan,1549623,https://i.scdn.co/image/ab67616d00004851805efe949d48d6f50e604919,https://open.spotify.com/track/167NczpNbRF7oWakJaY3Hh
33,2017-06-11,34,Down,"Know No Better (feat. Travis Scott, Camila Cabello & Quavo)",Major Lazer,1538651,https://i.scdn.co/image/ab67616d00004851de1e9558f85913eb0b47f623,https://open.spotify.com/track/3Ytr1SUCUi6J3L9dRFx5iH
34,2017-06-11,35,Flat,Slide,Calvin Harris,1514342,https://i.scdn.co/image/ab67616d000048514d3fa5ce7ba599f4fd7803ef,https://open.spotify.com/track/7tr2za8SQg2CI8EDgrdtNl
35,2017-06-11,36,Down,Galway Girl,Ed Sheeran,1512536,https://i.scdn.co/image/ab67616d00004851ba5db46f4b838ef6027e6f96,https://open.spotify.com/track/0afhq8XCExXpqazXczTSve
36,2017-06-11,37,Flat,Now Or Never,Halsey,1505732,https://i.scdn.co/image/d5bb421dbecbba7c6904eb67672f3cd25cf54c23,https://open.spotify.com/track/7i2DJ88J7jQ8K7zqFX2fW8
37,2017-06-11,38,Flat,Redbone,Childish Gambino,1503412,https://i.scdn.co/image/ab67616d000048510b97e56ffad7c6211aa848f8,https://open.spotify.com/track/3kxfsdsCpFgN412fpnW85Y
38,2017-06-11,39,Flat,1-800-273-8255,Logic,1455617,https://i.scdn.co/image/08f9ccb7875a87c07c79c1ccd5319263786c55ea,https://open.spotify.com/track/5tz69p7tJuGPeMGwNTxYuV
39,2017-06-11,40,Up,Crying in the Club,Camila Cabello,1391520,https://i.scdn.co/image/ab67616d00004851cec62b81146fe4d116fbb2fa,https://open.spotify.com/track/1SJtlNRJDeYHioymcvsqev
40,2017-06-11,41,Flat,DNA.,Kendrick Lamar,1384310,https://i.scdn.co/image/ae1f239b41e9604a66eb900834c6887cd2f62ff1,https://open.spotify.com/track/6HZILIRieu8S0iqY8kIKhj
41,2017-06-11,42,Flat,Swish Swish,Katy Perry,1373990,https://i.scdn.co/image/ab67616d000048511487979a7e0181a5d0406d1a,https://open.spotify.com/track/2kVHAQKVtczchKctctzbtK
42,2017-06-11,43,Up,Location,Khalid,1357663,https://i.scdn.co/image/ab67616d00004851988ede5e1276e758b5f9e577,https://open.spotify.com/track/152lZdxL1OR0ZMW6KquMif
43,2017-06-11,44,Down,Escápate Conmigo,Wisin,1324708,https://i.scdn.co/image/ab67616d000048512b02904e5404ad6069c16a4f,https://open.spotify.com/track/2cnKEkpVUSV4wnjQiTWfH6
44,2017-06-11,45,Up,Your Song,Rita Ora,1309462,https://i.scdn.co/image/ab67616d00004851528e7f2b6eda1b2a20ccfb1f,https://open.spotify.com/track/4c2W3VKsOFoIg2SFaO6DY5
45,2017-06-11,46,Down,Issues,Julia Michaels,1307109,https://i.scdn.co/image/ab67616d00004851eab8691768189c70635820e8,https://open.spotify.com/track/6D0b04NJIKfEMg040WioJQ
46,2017-06-11,47,Flat,Believer,Imagine Dragons,1255317,https://i.scdn.co/image/ab67616d000048517956bd9a3d7a15e4c2e37cc6,https://open.spotify.com/track/0CcQNd8CINkwQfe1RDtGV6
47,2017-06-11,48,Up,iSpy (feat. Lil Yachty),KYLE,1234275,https://i.scdn.co/image/ab67616d0000485132e373f2988bc6596a542d1c,https://open.spotify.com/track/2EEeOnHehOozLq4aS0n6SL
48,2017-06-11,49,Down,Ahora Dice,Chris Jeday,1223104,https://i.scdn.co/image/ab67616d000048513a142c7e7fc7863dc1a256ed,https://open.spotify.com/track/22eADXu8DfOAUEDw4vU8qy
49,2017-06-11,50,Down,Scared to Be Lonely,Martin Garrix,1187633,https://i.scdn.co/image/ab67616d0000485164f8a309aa3c0a66a31fc374,https://open.spotify.com/track/3ebXMykcMXOcLeJ9xZ17XH
50,2017-06-11,51,Flat,Rockabye (feat. Sean Paul & Anne-Marie),Clean Bandit,1054922,https://i.scdn.co/image/ab67616d000048511431c3bdf16aa99f71799d95,https://open.spotify.com/track/5knuzwU65gJK7IF5yJsuaW
51,2017-06-11,52,Flat,El Amante,Nicky Jam,1051059,https://i.scdn.co/image/ab67616d00004851d77dbcd4dbd37cdfa61771fa,https://open.spotify.com/track/3umS4y3uQDkqekNjVpiRUs
52,2017-06-11,53,Up,More Than You Know,Axwell /\ Ingrosso,1046593,https://i.scdn.co/image/ab67616d00004851cb442ec337da75fb09cc3981,https://open.spotify.com/track/3PEgB3fkiojxms35ntsTgs
53,2017-06-11,54,Flat,The Cure,Lady Gaga,1035185,https://i.scdn.co/image/ab67616d000048514a9be9e8223db02a37e1e8fe,https://open.spotify.com/track/51PIvodunv6NmX5250zxAh
54,2017-06-11,55,Up,Hey DJ,CNCO,1020502,https://i.scdn.co/image/ab67616d000048514358c8856d3acc00ca6c3578,https://open.spotify.com/track/209gZgcfLq2aUuu51vOWBl
55,2017-06-11,56,Up,Rollin,Calvin Harris,1008982,https://i.scdn.co/image/ab67616d000048514d3fa5ce7ba599f4fd7803ef,https://open.spotify.com/track/0lMbuWUpfTWhEmOKxppEau
56,2017-06-11,57,Up,"I Don’t Wanna Live Forever (Fifty Shades Darker) - From ""Fifty Shades Darker (Original Motion Picture Soundtrack)""",ZAYN,984230,https://i.scdn.co/image/ab67616d000048512ae921f082ae5db4d3da818f,https://open.spotify.com/track/3NdDpSvN911VPGivFlV5d0
57,2017-06-11,58,Down,To the Max,DJ Khaled,981827,https://i.scdn.co/image/ab67616d000048517b219c19829e83a86cc9786c,https://open.spotify.com/track/2of5xn0GU0TdFneR1saRLH
58,2017-06-11,59,Up,Most Girls,Hailee Steinfeld,979746,https://i.scdn.co/image/ab67616d000048519e1b81dc79bd5055417b1e5a,https://open.spotify.com/track/2mfUa8bLs2s5N4VaqJZ4lZ
59,2017-06-11,60,Up,Magnolia,Playboi Carti,977904,https://i.scdn.co/image/cbfa858a49a59efbca64c6f7078068cf07731bd0,https://open.spotify.com/track/1e1JKLEDKP7hEQzJfNAgPl
60,2017-06-11,61,Up,Down,Fifth Harmony,952657,https://i.scdn.co/image/ab67616d00004851aa8f5611964dc75eebbecbba,https://open.spotify.com/track/7LEydI5NfjY6mZfKwYIptZ
61,2017-06-11,62,Up,goosebumps,Travis Scott,939763,https://i.scdn.co/image/ab67616d00004851f54b99bf27cda88f4a7403ce,https://open.spotify.com/track/6gBFPUFcJLzWGx4lenP6h2
62,2017-06-11,63,Up,Closer,The Chainsmokers,935901,https://i.scdn.co/image/ab67616d00004851495ce6da9aeb159e94eaa453,https://open.spotify.com/track/7BKLCZ1jbUBVqRi2FVlTVw
63,2017-06-11,64,Up,Say You Won't Let Go,James Arthur,933686,https://i.scdn.co/image/ab67616d0000485120beb61f61fcbeb33b10a9ab,https://open.spotify.com/track/5uCax9HTNlzGybIStD3vDh
64,2017-06-11,65,Down,Hey Ma (with Pitbull & J Balvin feat. Camila Cabello) - Spanish Version,Pitbull,930961,https://i.scdn.co/image/ab67616d000048513e40b472d708ea3c6bd86670,https://open.spotify.com/track/2Vdub5mY4lad7w64bFPUez
65,2017-06-11,66,Down,Bon appétit,Katy Perry,915468,https://i.scdn.co/image/ab67616d000048511487979a7e0181a5d0406d1a,https://open.spotify.com/track/61WbtB6ujkpNAsAf5LjF4b
66,2017-06-11,67,Up,Paris,The Chainsmokers,905269,https://i.scdn.co/image/ab67616d000048510c13d3d5a503c84fcc60ae94,https://open.spotify.com/track/72jbDTw1piOOj770jWNeaG
67,2017-06-11,68,Down,OK - Spotify Version,Robin Schulz,896827,https://i.scdn.co/image/ab67616d000048517fd57367322c558ca19c9ed8,https://open.spotify.com/track/3bWAqKDWg6u1davspr5IkS
68,2017-06-11,69,Down,I Feel It Coming,The Weeknd,888008,https://i.scdn.co/image/b3683184efeb899b2d1a02f4957d0c630dc10b0b,https://open.spotify.com/track/5GXAXm5YOmYT0kL5jHvYBt
69,2017-06-11,70,Up,Castle on the Hill,Ed Sheeran,855329,https://i.scdn.co/image/ab67616d00004851ba5db46f4b838ef6027e6f96,https://open.spotify.com/track/6PCUP3dWmTjcTtXY02oFdT
70,2017-06-11,71,Down,Me Enamoré,Shakira,850919,https://i.scdn.co/image/ab67616d00004851d05d3aad30c5fb7614893cf5,https://open.spotify.com/track/4qknM1pQz53QOyfDVTjcM9
71,2017-06-11,72,Up,Body Like A Back Road,Sam Hunt,845377,https://i.scdn.co/image/ab67616d000048519eccbdab1110afc4d5a186a8,https://open.spotify.com/track/7mldq42yDuxiUNn08nvzHO
72,2017-06-11,73,Up,LOVE. FEAT. ZACARI.,Kendrick Lamar,844342,https://i.scdn.co/image/ae1f239b41e9604a66eb900834c6887cd2f62ff1,https://open.spotify.com/track/6PGoSes0D9eUDeeAafB2As
73,2017-06-11,74,Down,Tuesday,Burak Yeter,838709,https://i.scdn.co/image/069b0b8dc1285ba4d2bd7f2536abfce84598d130,https://open.spotify.com/track/7abpmGpF7PGep2rDU68GBR
74,2017-06-11,75,Up,One Dance,Drake,835812,https://i.scdn.co/image/ab67616d00004851726abca207567d5e41cb9667,https://open.spotify.com/track/1xznGGDReH1oQq0xzbwXa3
75,2017-06-11,76,Down,Sigo Extrañándote,J Balvin,830328,https://i.scdn.co/image/ab67616d00004851338ffc4c72a192f06070546b,https://open.spotify.com/track/6qDF4wWL49CAVbgT7yuHl8
76,2017-06-11,77,Up,Slippery (feat. Gucci Mane),Migos,829004,https://i.scdn.co/image/ab67616d0000485199a8ab6da9d593939302828a,https://open.spotify.com/track/6p8NuHm8uCGnn2Dtbtf7zE
77,2017-06-11,78,Down,Tu Foto,Ozuna,828028,https://i.scdn.co/image/ab67616d000048515a0467b3a49a461da243c362,https://open.spotify.com/track/0Szp49tpFasIjX04Mcsydp
78,2017-06-11,79,Down,Chantaje (feat. Maluma),Shakira,825458,https://i.scdn.co/image/ab67616d00004851d05d3aad30c5fb7614893cf5,https://open.spotify.com/track/6mICuAdrwEjh6Y6lroV2Kg
79,2017-06-11,80,Up,Portland,Drake,819060,https://i.scdn.co/image/6dfd956b9331fa9ea1f47ebb95311951ed72b3db,https://open.spotify.com/track/2bjwRfXMk4uRgOD9IBYl9h
80,2017-06-11,81,Down,You Don't Know Me - Radio Edit,Jax Jones,818720,https://i.scdn.co/image/ab67616d00004851dd05a1716e2f07a07b8ccfe3,https://open.spotify.com/track/00lNx0OcTJrS3MKHcB80HY
81,2017-06-11,82,Up,No Vacancy,OneRepublic,812513,https://i.scdn.co/image/ab67616d000048518eadf2a91387dd890653afbe,https://open.spotify.com/track/6XOYVSmNDjKUNMXooU4s4z
82,2017-06-11,83,Down,Starboy,The Weeknd,805530,https://i.scdn.co/image/ab67616d000048510c8599cbde51245c128bcea9,https://open.spotify.com/track/5aAx2yezTd8zXrkmtKl66Z
83,2017-06-11,84,Down,Good Life (with G-Eazy & Kehlani),G-Eazy,797944,https://i.scdn.co/image/ab67616d00004851fcc36f9c0515e6e7faa2030b,https://open.spotify.com/track/1Eck97uRMlprKOOJN9oO1E
84,2017-06-11,85,Down,La Rompe Corazones,Daddy Yankee,792318,https://i.scdn.co/image/ab67616d00004851b84a36483e43bfbcb931fcde,https://open.spotify.com/track/4okba5wu9mMLXx79DXLKi3
85,2017-06-11,86,Down,Solo Dance,Martin Jensen,788028,https://i.scdn.co/image/ab67616d00004851950d67dbe3f31f1d9a5d06a2,https://open.spotify.com/track/6HUnnBwYZqcED1eQztxMBN
86,2017-06-11,87,Up,LOYALTY. FEAT. RIHANNA.,Kendrick Lamar,740842,https://i.scdn.co/image/ae1f239b41e9604a66eb900834c6887cd2f62ff1,https://open.spotify.com/track/6SwRhMLwNqEi6alNPVG00n
87,2017-06-11,88,Flat,Call On Me - Ryan Riback Extended Remix,Starley,740227,https://i.scdn.co/image/ab67616d000048519d4079afc73664f86f055400,https://open.spotify.com/track/78rIJddV4X0HkNAInEcYde
88,2017-06-11,89,Flat,Otra vez (feat. J Balvin),Zion & Lennox,731710,https://i.scdn.co/image/ab67616d0000485182eabf564ddc57325a84dd50,https://open.spotify.com/track/3QwBODjSEzelZyVjxPOHdq
89,2017-06-11,90,Down,Chained To The Rhythm,Katy Perry,725559,https://i.scdn.co/image/ab67616d000048511487979a7e0181a5d0406d1a,https://open.spotify.com/track/6520aj0B4FSKGVuKNsOCOi
90,2017-06-11,91,Up,Drowning (feat. Kodak Black),A Boogie Wit da Hoodie,718625,https://i.scdn.co/image/ab67616d0000485131d8918139b720e4141adeec,https://open.spotify.com/track/6Q2FftbUG530lCtBI74bMH
91,2017-06-11,92,Up,Perfect,Ed Sheeran,709038,https://i.scdn.co/image/ab67616d00004851ba5db46f4b838ef6027e6f96,https://open.spotify.com/track/0tgVpDi06FyKpA1z0VMD4v
92,2017-06-11,93,Up,Gyalchester,Drake,704289,https://i.scdn.co/image/6dfd956b9331fa9ea1f47ebb95311951ed72b3db,https://open.spotify.com/track/6UjfByV1lDLW0SOVQA4NAi
93,2017-06-11,94,Down,Let Me Love You,DJ Snake,693542,https://i.scdn.co/image/ab67616d000048515045de6786e0af096de73ed4,https://open.spotify.com/track/4pdPtRcBmOSQDlJ3Fk945m
94,2017-06-11,95,Down,"Sola (Remix) [feat. Daddy Yankee, Wisin, Farruko, Zion & Lennox]",Anuel AA,686628,https://i.scdn.co/image/ab67616d00004851a66def7d649149464edc8f1e,https://open.spotify.com/track/5q2JbCNi4FcnglgPfxcV65
95,2017-06-11,96,Up,Tunnel Vision,Kodak Black,683282,https://i.scdn.co/image/ab67616d000048511541a676423805fc68ff3e66,https://open.spotify.com/track/4Q3N4Ct4zCuIHuZ65E3BD4
96,2017-06-11,97,Up,Bounce Back,Big Sean,675459,https://i.scdn.co/image/695d0c097d8463ccc2c2b9855fe44e3e9e7bc267,https://open.spotify.com/track/0SGkqnVQo9KPytSri1H6cF
97,2017-06-11,98,Up,Bad and Boujee (feat. Lil Uzi Vert),Migos,674948,https://i.scdn.co/image/ab67616d0000485199a8ab6da9d593939302828a,https://open.spotify.com/track/4Km5HrUvYTaSUfiSGPJeQR
98,2017-06-11,99,Down,24K Magic,Bruno Mars,674474,https://i.scdn.co/image/ab67616d00004851232711f7d66a1e19e89e28c5,https://open.spotify.com/track/6b8Be6ljOzmkOmFslEb23P
99,2017-06-11,100,Up,BUTTERFLY EFFECT,Travis Scott,668634,https://i.scdn.co/image/ab67616d00004851b5e9358d0d07114609d9afab,https://open.spotify.com/track/1yxgsra98r3qAtxqiGZPiX
100,2017-06-11,101,Down,Cold,Maroon 5,666750,https://i.scdn.co/image/ab67616d000048514727f9e79c338683c5bf8921,https://open.spotify.com/track/5NNlUMcOEOdoOIwwaWXv0k
101,2017-06-11,102,Up,Look At Me!,XXXTENTACION,662361,https://i.scdn.co/image/ab67616d0000485125b5901b8bcf902f54d466d9,https://open.spotify.com/track/4ARPvK8DHLwt4oX65ZAFMw
102,2017-06-11,103,Up,Quit (feat. Ariana Grande),Cashmere Cat,652466,https://i.scdn.co/image/ab67616d00004851e53443feca656fafbbbae361,https://open.spotify.com/track/4Q5yMlwAfAoitqg4r9oZHN
103,2017-06-11,104,Down,Reggaetón Lento (Bailemos),CNCO,647265,https://i.scdn.co/image/ab67616d000048517db0f7ac4c612cce26ccacf9,https://open.spotify.com/track/3AEZUABDXNtecAOSC1qTfo
104,2017-06-11,105,Down,One Last Time,Ariana Grande,647220,https://i.scdn.co/image/ab67616d000048511254a60895a75d37796045c8,https://open.spotify.com/track/7bJwvubZZaoGE1AGEfu8Fi
105,2017-06-11,106,Up,Fake Love,Drake,642434,https://i.scdn.co/image/6dfd956b9331fa9ea1f47ebb95311951ed72b3db,https://open.spotify.com/track/343YBumqHu19cGoGARUTsd
106,2017-06-11,107,Flat,Don't Let Me Down,The Chainsmokers,636573,https://i.scdn.co/image/ab67616d0000485108d87fb54859bc9038f7e5e0,https://open.spotify.com/track/0QsvXIfqM0zZoerQfsI9lm
107,2017-06-11,108,Down,Me Llamas (feat. Maluma) - Remix,Piso 21,619848,https://i.scdn.co/image/ab67616d000048511e1eafb5d2bb1ca39d26f092,https://open.spotify.com/track/5hEM0JchdVzQ5PwvSfITeX
108,2017-06-11,109,Up,Starving,Hailee Steinfeld,613052,https://i.scdn.co/image/ab67616d00004851612495ee5769c99125031be2,https://open.spotify.com/track/1qOLh0tI7trd1zdDKxYZTe
109,2017-06-11,110,Down,Side To Side,Ariana Grande,601723,https://i.scdn.co/image/ab67616d000048517227f5854239a059af211d5b,https://open.spotify.com/track/4pLwZjInHj3SimIyN9SnOz
110,2017-06-11,111,Up,Reminding Me,Shawn Hook,601577,https://i.scdn.co/image/ab67616d00004851ee62a1ed1ea8a3fe4f4e1d78,https://open.spotify.com/track/4gqMQftUs22F8pOGVn5Acr
111,2017-06-11,112,Up,Photograph,Ed Sheeran,600524,https://i.scdn.co/image/ab67616d00004851d08209944468440145f01524,https://open.spotify.com/track/6fxVffaTuwjgEk5h9QyRjy
112,2017-06-11,113,Up,T-Shirt,Migos,598886,https://i.scdn.co/image/ab67616d0000485199a8ab6da9d593939302828a,https://open.spotify.com/track/7KOlJ92bu51cltsD9KU5I7
113,2017-06-11,114,Up,I Like Me Better,Lauv,597802,https://i.scdn.co/image/ab67616d00004851fab48816b625e2a77a732400,https://open.spotify.com/track/1wjzFQodRWrPcQ0AnYnvQ9
114,2017-06-11,115,Down,Tired,Alan Walker,593141,https://i.scdn.co/image/ab67616d00004851c311619d7b02d5c4a6c167f2,https://open.spotify.com/track/3b5Li4QKDVBx1x7fQuu54a
115,2017-06-11,116,Down,"CAN'T STOP THE FEELING! (Original Song from DreamWorks Animation's ""TROLLS"")",Justin Timberlake,587129,https://i.scdn.co/image/ab67616d00004851ef37416970812293c08e8a78,https://open.spotify.com/track/6JV2JOEocMgcZxYSZelKcc
116,2017-06-11,117,Flat,Cold Water (feat. Justin Bieber & MØ),Major Lazer,585778,https://i.scdn.co/image/ab67616d000048512e8f1cca2bc8c9d55930523b,https://open.spotify.com/track/6DNtNfH8hXkqOX1sjqmI7p
117,2017-06-11,118,Up,Whatever It Takes,Imagine Dragons,585511,https://i.scdn.co/image/ab67616d000048517956bd9a3d7a15e4c2e37cc6,https://open.spotify.com/track/4IWAyPf1KMq7JCyGeCjTeH
118,2017-06-11,119,Up,Swang,Rae Sremmurd,574630,https://i.scdn.co/image/16293ab3b4f9301aeb5f41810fd7056d463db55e,https://open.spotify.com/track/6mapJIPnQ23RTAevUoE0DL
119,2017-06-11,120,Down,Vente Pa' Ca,Ricky Martin,573436,https://i.scdn.co/image/ab67616d000048513d90f5938459be40b7b6652a,https://open.spotify.com/track/7DM4BPaS7uofFul3ywMe46
120,2017-06-11,121,Up,Treat You Better,Shawn Mendes,571129,https://i.scdn.co/image/ab67616d00004851188e6332f32088921ab1eaf8,https://open.spotify.com/track/4Hf7WnR761jpxPr5D46Bcd
121,2017-06-11,122,Down,Still Got Time,ZAYN,571095,https://i.scdn.co/image/ab67616d000048513bfd914f72da2ed8822a634f,https://open.spotify.com/track/000xQL6tZNLJzIrtIgxqSl
122,2017-06-11,123,Down,Báilame,Nacho,571058,https://i.scdn.co/image/ab67616d000048514b2089fbced0d870deb3e9f2,https://open.spotify.com/track/7lRsNbdOGykkMAgsqs4R1C
123,2017-06-11,124,Down,Weak,AJR,570067,https://i.scdn.co/image/ab67616d00004851c5f3ca405ff6ed13dc554b94,https://open.spotify.com/track/3E2Zh20GDCR9B1EYjfXWyv
124,2017-06-11,125,Up,We Don't Talk Anymore,Charlie Puth,559932,https://i.scdn.co/image/ab67616d00004851c0e28105f0533c52717c46c2,https://open.spotify.com/track/68EMU2RD1ECNeOeJ5qAXCV
125,2017-06-11,126,Up,Nights With You,MØ,557117,https://i.scdn.co/image/ab67616d00004851bd58d7394f4103d9810c8edf,https://open.spotify.com/track/5q5gzmbBS5yQzos2BvVr1t
126,2017-06-11,127,Up,In the Name of Love,Martin Garrix,550006,https://i.scdn.co/image/ab67616d00004851923db3f255cd48a6d5783ebf,https://open.spotify.com/track/04DwTuZ2VBdJCCC5TROn7L
127,2017-06-11,128,Down,Hear Me Now,Alok,549949,https://i.scdn.co/image/e308bad29e4cf6dc8aa5cd97449ef71bbb893d40,https://open.spotify.com/track/1a5Yu5L18qNxVhXx38njON
128,2017-06-11,129,Up,Happier,Ed Sheeran,548798,https://i.scdn.co/image/ab67616d00004851ba5db46f4b838ef6027e6f96,https://open.spotify.com/track/2RttW7RAu5nOAfq6YFvApB
129,2017-06-11,130,Up,The Night We Met,Lord Huron,542064,https://i.scdn.co/image/ab67616d00004851ee6611c95f868e465c98a0b2,https://open.spotify.com/track/6mORGLOz79w6VsCRLWYYuK
130,2017-06-11,131,Up,Thinking out Loud,Ed Sheeran,538473,https://i.scdn.co/image/ab67616d00004851d08209944468440145f01524,https://open.spotify.com/track/1Slwb6dOYkBlWal1PGtnNg
131,2017-06-11,132,Down,I Took A Pill In Ibiza - Seeb Remix,Mike Posner,538367,https://i.scdn.co/image/ab67616d0000485140512e02a594e3378c0256e6,https://open.spotify.com/track/17Fd6Yb7mSbinKG8LoWfFl
132,2017-06-11,133,Up,Mask Off - Remix,Future,530795,https://i.scdn.co/image/ab67616d00004851e0b64c8be3c4e804abcb2696,https://open.spotify.com/track/6dVZCbi9CYtD9LjAHXRjIG
133,2017-06-11,134,Down,Hunter,Galantis,528870,https://i.scdn.co/image/ab67616d00004851c57e7df0eb72981d8aafd57d,https://open.spotify.com/track/3caMfJGFp53NAH2TuigdNj
134,2017-06-11,135,Down,Ciao Adios,Anne-Marie,527433,https://i.scdn.co/image/ab67616d0000485119f06fd0fc43d3ebed4f041d,https://open.spotify.com/track/3EfugazgSddQvzZpkof5I4
135,2017-06-11,136,Up,Rolex,Ayo & Teo,526017,https://i.scdn.co/image/ab67616d0000485179dbd95fbdf6b0d617bd32dd,https://open.spotify.com/track/0pSBuHjILhNEo55xK1zrRt
136,2017-06-11,137,Up,Love Yourself,Justin Bieber,519675,https://i.scdn.co/image/ab67616d00004851b6d9a4fbb0bd49f0f034aead,https://open.spotify.com/track/3hB5DgAiMAQ4DzYbsMq1IT
137,2017-06-11,138,Up,Bad At Love,Halsey,513724,https://i.scdn.co/image/d5bb421dbecbba7c6904eb67672f3cd25cf54c23,https://open.spotify.com/track/7y9iMe8SOB6z3NoHE2OfXl
138,2017-06-11,139,Down,Bonita,J Balvin,507490,https://i.scdn.co/image/ab67616d0000485148f3fc1d4f0fed414418e041,https://open.spotify.com/track/693iqPOQvhI7PobtR8CC8v
139,2017-06-11,140,Down,Alguien Robo,Sebastian Yatra,504363,https://i.scdn.co/image/ab67616d0000485135e1cf8c70c60dc416956c17,https://open.spotify.com/track/5i50gKdLAjjIr7UxRT5IVy
140,2017-06-11,141,Down,Safari,J Balvin,501477,https://i.scdn.co/image/ab67616d00004851338ffc4c72a192f06070546b,https://open.spotify.com/track/6rQSrBHf7HlZjtcMZ4S4bO
141,2017-06-11,142,Down,Blank Space,Taylor Swift,501255,https://i.scdn.co/image/bb167bd3e7bf47170a13c76021172e598576cb03,https://open.spotify.com/track/1u8c2t2Cy7UBoG4ArRcF5g
142,2017-06-11,143,Down,Green Light,Lorde,497848,https://i.scdn.co/image/ab67616d0000485128e1139fd3a34626351b9004,https://open.spotify.com/track/0gbBzIqrECJOEPvQJIBFs5
143,2017-06-11,144,Up,The Way I Are (Dance with Somebody) (feat. Lil Wayne) - Spotify Version,Bebe Rexha,493376,https://i.scdn.co/image/ab67616d000048513831dd29f86a00e0df26df4a,https://open.spotify.com/track/6Pw3Gvw4wNMZfTYZa6IQal
144,2017-06-11,145,Flat,Una Lady Como Tú,Manuel Turizo,492082,https://i.scdn.co/image/ab67616d00004851f9dc35bc367fcf98e763d27e,https://open.spotify.com/track/7MHN1aCFtLXjownGhvEQlF
145,2017-06-11,146,Up,Selfish (feat. Rihanna),Future,489437,https://i.scdn.co/image/ab67616d00004851968822b495da180d0792a437,https://open.spotify.com/track/2Ce5IyMlVRVvN997ZJjJJA
146,2017-06-11,147,Up,do re mi,blackbear,489432,https://i.scdn.co/image/25560e082d8ff78217dd6594d18f827a4049cc63,https://open.spotify.com/track/3Q3myFA7q4Op95DOpHplaY
147,2017-06-11,148,Down,Si Tú La Ves (feat. Wisin),Nicky Jam,487285,https://i.scdn.co/image/ab67616d00004851d77dbcd4dbd37cdfa61771fa,https://open.spotify.com/track/4yN6xPLopmTLvc27pO9LIE
148,2017-06-11,149,Up,ELEMENT.,Kendrick Lamar,487157,https://i.scdn.co/image/ae1f239b41e9604a66eb900834c6887cd2f62ff1,https://open.spotify.com/track/1EaKU4dMbesXXd3BrLCtYG
149,2017-06-11,150,Down,Shake It Off,Taylor Swift,485329,https://i.scdn.co/image/bb167bd3e7bf47170a13c76021172e598576cb03,https://open.spotify.com/track/0cqRj7pUJDkTCEsJkx8snD
150,2017-06-11,151,Down,Cheap Thrills,Sia,479573,https://i.scdn.co/image/ab67616d0000485149e0134c686547c28b7c999f,https://open.spotify.com/track/27SdWb2rFzO6GWiYDBTD9j
151,2017-06-11,152,Up,4 AM,2 Chainz,479533,https://i.scdn.co/image/179288654e273e14d827a4aa76cf37115e139ca0,https://open.spotify.com/track/1nX9KhK3Fff27SnrIor2Yb
152,2017-06-11,153,Up,September Song,JP Cooper,475169,https://i.scdn.co/image/ab67616d000048511400ec742ee0935608e30700,https://open.spotify.com/track/0FuTx2s3YH1ppmtiM6l0zI
153,2017-06-11,154,Up,Mercy,Shawn Mendes,475111,https://i.scdn.co/image/ab67616d00004851188e6332f32088921ab1eaf8,https://open.spotify.com/track/4TZy1wLyHec06pwgFYDh1a
154,2017-06-11,155,Up,Heathens,Twenty One Pilots,474637,https://i.scdn.co/image/ab67616d000048512ca3ba8f334ca5a5f0312efb,https://open.spotify.com/track/6i0V12jOa3mr6uu4WYhUBr
155,2017-06-11,156,Up,Dive,Ed Sheeran,473995,https://i.scdn.co/image/ab67616d00004851ba5db46f4b838ef6027e6f96,https://open.spotify.com/track/51ChrwmUPDJvedPQnIU8Ls
156,2017-06-11,157,Up,Broccoli (feat. Lil Yachty),DRAM,472066,https://i.scdn.co/image/ab67616d00004851f02a1575a59bd05998826351,https://open.spotify.com/track/7yyRTcZmCiyzzJlNzGC9Ol
157,2017-06-11,158,Down,Hot2Touch,Felix Jaehn,471675,https://i.scdn.co/image/ab67616d00004851767ba597ba12ee255719cbd4,https://open.spotify.com/track/1sBhJGPUKrdRycgKxve70v
158,2017-06-11,159,Up,"How Far I'll Go - From ""Moana""",Alessia Cara,470473,https://i.scdn.co/image/ab67616d00004851fb128b1eda22335050f584fe,https://open.spotify.com/track/5hYTyyh2odQKphUbMqc5gN
159,2017-06-11,160,Up,Touch,Little Mix,468929,https://i.scdn.co/image/ab67616d000048512318bbb0586903290db2b270,https://open.spotify.com/track/5Ua3GXyHwiSfpNTMjq6m2z
160,2017-06-11,161,Down,Traicionera,Sebastian Yatra,468365,https://i.scdn.co/image/ab67616d00004851dbe5e9f934a9be5db8884c52,https://open.spotify.com/track/5J1c3M4EldCfNxXwrwt8mT
161,2017-06-11,162,Down,Don't Wanna Know,Maroon 5,465526,https://i.scdn.co/image/ab67616d00004851eec1912bbc2ff74b8203fe5f,https://open.spotify.com/track/5MFzQMkrl1FOOng9tq6R9r
162,2017-06-11,163,Up,Faded,Alan Walker,463048,https://i.scdn.co/image/ab67616d00004851c4d00cac55ae1b4598c9bc90,https://open.spotify.com/track/7gHs73wELdeycvS48JfIos
163,2017-06-11,164,Down,Vacaciones,Wisin,461625,https://i.scdn.co/image/ab67616d00004851c85f0d16973e9dae6f8a786c,https://open.spotify.com/track/3dQDid3IUNhZy1OehIfYfE
164,2017-06-11,165,Down,Te Quiero Pa´Mi,Don Omar,461231,https://i.scdn.co/image/ab67616d00004851d0cb2a58e3bf5d7ac5ece16f,https://open.spotify.com/track/3BY2mafsbsoKGqS380Xnuz
165,2017-06-11,166,Down,Sorry,Justin Bieber,460735,https://i.scdn.co/image/ab67616d00004851b6d9a4fbb0bd49f0f034aead,https://open.spotify.com/track/69bp2EbF7Q2rqc5N3ylezZ
166,2017-06-11,167,Up,White Iverson,Post Malone,459080,https://i.scdn.co/image/23bae95100dcb6ac8f88c19fa2a11c50a998a926,https://open.spotify.com/track/6eT7xZZlB2mwyzJ2sUKG6w
167,2017-06-11,168,Up,Love Galore (feat. Travis Scott),SZA,457981,https://i.scdn.co/image/ab67616d000048514c79d5ec52a6d0302f3add25,https://open.spotify.com/track/0q75NwOoFiARAVp4EXU4Bs
168,2017-06-11,169,Down,Be Mine,Ofenbach,456901,https://i.scdn.co/image/ab67616d00004851e819b286432a124e510dc87b,https://open.spotify.com/track/2KklXplRtxMsBYo474Es0w
169,2017-06-11,170,Up,wokeuplikethis*,Playboi Carti,455752,https://i.scdn.co/image/cbfa858a49a59efbca64c6f7078068cf07731bd0,https://open.spotify.com/track/59J5nzL1KniFHnU120dQzt
170,2017-06-11,171,Down,Work from Home (feat. Ty Dolla $ign),Fifth Harmony,453617,https://i.scdn.co/image/ab67616d00004851d03fa6f4e758282b7920b5c8,https://open.spotify.com/track/4tCtwWceOPWzenK2HAIJSb
171,2017-06-11,172,Down,"Ay Mi Dios (feat. Pitbull, Yandel & Chacal)",IAmChino,453244,https://i.scdn.co/image/ab67616d000048511568fbc07414eb185c58ef62,https://open.spotify.com/track/6stYbAJgTszHAHZMPxWWCY
172,2017-06-11,173,Up,Can I Be Him,James Arthur,451807,https://i.scdn.co/image/ab67616d0000485120beb61f61fcbeb33b10a9ab,https://open.spotify.com/track/0VhgEqMTNZwYL1ARDLLNCX
173,2017-06-11,174,Down,Besándote,Piso 21,450412,https://i.scdn.co/image/ab67616d000048512cd0b690a37d7bb6e2aa5de4,https://open.spotify.com/track/13X0XdLMOdtbXVtAj2ox4h
174,2017-06-11,175,Down,Paradinha,Anitta,447250,https://i.scdn.co/image/ab67616d00004851060ef674248ad011af09f6e6,https://open.spotify.com/track/05rJdH2MRLJ3sQoEUO78qs
175,2017-06-11,176,Up,Ride,Twenty One Pilots,442392,https://i.scdn.co/image/ab67616d00004851de03bfc2991fd5bcfde65ba3,https://open.spotify.com/track/2Z8WuEywRWYTKe1NybPQEW
176,2017-06-11,177,Up,Stressed Out,Twenty One Pilots,439268,https://i.scdn.co/image/ab67616d00004851de03bfc2991fd5bcfde65ba3,https://open.spotify.com/track/3CRDbSIZ4r5MsZ0YwxuEkn
177,2017-06-11,178,Up,Black Beatles,Rae Sremmurd,434588,https://i.scdn.co/image/16293ab3b4f9301aeb5f41810fd7056d463db55e,https://open.spotify.com/track/6fujklziTHa8uoM5OQSfIo
178,2017-06-11,179,Down,This Is What You Came For,Calvin Harris,432417,https://i.scdn.co/image/ab67616d00004851d9aa52355e062f5de060adbf,https://open.spotify.com/track/0azC730Exh71aQlOt9Zj3y
179,2017-06-11,180,Up,Perfect Strangers,Jonas Blue,431324,https://i.scdn.co/image/14891cf71e2287163c137e90074783ba5cdd4ff4,https://open.spotify.com/track/5bZtRlMBU76vHuDOb1GM5u
180,2017-06-11,181,Up,Met Gala (feat. Offset),Gucci Mane,428916,https://i.scdn.co/image/ab67616d000048518d9c4bc6eaea79df13321cfb,https://open.spotify.com/track/2XaInsPPUkZRkY4uFJ3AHK
181,2017-06-11,182,New,Sweet Creature,Harry Styles,427573,https://i.scdn.co/image/ab67616d000048516c619c39c853f8b1d67b7859,https://open.spotify.com/track/5kRPPEWFJIMox5qIkQkiz5
182,2017-06-11,183,Down,Wildest Dreams,Taylor Swift,420807,https://i.scdn.co/image/1fde924fd9611b1f168c04decd6bdda306026177,https://open.spotify.com/track/3fVnlF4pGqWI9flVENcT28
183,2017-06-11,184,Up,All Night,The Vamps,419755,https://i.scdn.co/image/ab67616d000048516d212964f44127ddabdac111,https://open.spotify.com/track/4b4KcovePX8Ke2cLIQTLM0
184,2017-06-11,185,Up,Panda,Desiigner,415759,https://i.scdn.co/image/ab67616d000048513df69bfb7713d8262820612b,https://open.spotify.com/track/5OOkp4U9P9oL23maHFHL1h
185,2017-06-11,186,Down,Run Up (feat. PARTYNEXTDOOR & Nicki Minaj),Major Lazer,415000,https://i.scdn.co/image/ab67616d000048518036d7402a6a76aed04f1f98,https://open.spotify.com/track/0fg8CqpjdojMyXLNzM2PaJ
186,2017-06-11,187,Down,Lumbra,Cali Y El Dandee,414691,https://i.scdn.co/image/ab67616d000048511b871ef4de91bd38cac024d1,https://open.spotify.com/track/6VHdcVbiKLYYOcMbIqBcuK
187,2017-06-11,188,Up,Love On The Brain,Rihanna,413165,https://i.scdn.co/image/ddc285ca9817c96c7719b3f2a759e108787db021,https://open.spotify.com/track/2aksifNn5ph8igDOkPBA02
188,2017-06-11,189,Up,Into You,Ariana Grande,412835,https://i.scdn.co/image/ab67616d000048517227f5854239a059af211d5b,https://open.spotify.com/track/7yHEDfrJNd0zWOfXwydNH0
189,2017-06-11,190,New,The One,The Chainsmokers,412354,https://i.scdn.co/image/ab67616d000048510c13d3d5a503c84fcc60ae94,https://open.spotify.com/track/0wfbD5rAksdXUzRvMfM3x5
190,2017-06-11,191,New,Go Flex,Post Malone,408824,https://i.scdn.co/image/23bae95100dcb6ac8f88c19fa2a11c50a998a926,https://open.spotify.com/track/5yuShbu70mtHXY0yLzCQLQ
191,2017-06-11,192,Down,Summer Air,ItaloBrothers,405570,https://i.scdn.co/image/ab67616d000048516cc9441f366f82803e48ae5c,https://open.spotify.com/track/3GPI7hYiqD6enLRobhkBm8
192,2017-06-11,193,Down,Lean On (feat. MØ & DJ Snake),Major Lazer,404532,https://i.scdn.co/image/ab67616d000048519f55dad3a63f72f1bc8d6f59,https://open.spotify.com/track/4WjH9Bzt3kx7z8kl0awxh4
193,2017-06-11,194,Down,My Way,Calvin Harris,403463,https://i.scdn.co/image/ab67616d000048518d12bc5e3ea5c9f4a967de32,https://open.spotify.com/track/1vvNmPOiUuyCbgWmtc6yfm
194,2017-06-11,195,Down,Style,Taylor Swift,402375,https://i.scdn.co/image/bb167bd3e7bf47170a13c76021172e598576cb03,https://open.spotify.com/track/0ug5NqcwcFR2xrfTkc7k8e
195,2017-06-11,196,New,"Sucker For Pain (with Wiz Khalifa, Imagine Dragons, Logic & Ty Dolla $ign feat. X Ambassadors)",Lil Wayne,401677,https://i.scdn.co/image/ab67616d000048517d8dfcfd507069d7f2062caf,https://open.spotify.com/track/4dASQiO1Eoo3RJvt74FtXB
196,2017-06-11,197,Down,Shed a Light,Robin Schulz,401205,https://i.scdn.co/image/ab67616d000048517be189f322bc8155c103d6c9,https://open.spotify.com/track/1cG0umU5TKStygKsPFZ9pY
197,2017-06-11,198,Down,Si Tu Novio Te Deja Sola,J Balvin,400806,https://i.scdn.co/image/ab67616d00004851d06dc1a3228db7db2a15f1ed,https://open.spotify.com/track/0RFFFGtPn6a58RHY3ccVYX
198,2017-06-11,199,New,7 Years,Lukas Graham,399097,https://i.scdn.co/image/ab67616d0000485104d59cefa11f0eee9f1877a5,https://open.spotify.com/track/7129iqBafaphfc3WPCGC0L
199,2017-06-11,200,Down,Bad Blood,Taylor Swift,398664,https://i.scdn.co/image/1fde924fd9611b1f168c04decd6bdda306026177,https://open.spotify.com/track/0TvQLMecTE8utzoNmvXRbK
