,Date,Position,Trend,Title,Artist,Streams,Icon_URL,Spotify_URL
0,2017-09-14,1,Flat,Too Good At Goodbyes - Edit,Sam Smith,4489244,https://i.scdn.co/image/ab67616d000048510a5b25f2ae0690285b4b1508,https://open.spotify.com/track/0mel2N9Ws9r4yLQn5QE21Y
1,2017-09-14,2,Up,Mi Gente,J Balvin,4044469,https://i.scdn.co/image/ab67616d00004851996bd1ea86bd3815eedfeef5,https://open.spotify.com/track/2rb5MvYT7ZIxbKW5hfcHx8
2,2017-09-14,3,Down,Look What You Made Me Do,Taylor Swift,3976966,https://i.scdn.co/image/ab67616d00004851e3953b884e6b0bd31933d4e0,https://open.spotify.com/track/6uFsE1JgZ20EXyU0JQZbUR
3,2017-09-14,4,Flat,New Rules,Dua Lipa,3748126,https://i.scdn.co/image/ab67616d000048516b915e407b70e121e06fe979,https://open.spotify.com/track/2ekn2ttSfGqwhhate0LSR0
4,2017-09-14,5,Flat,1-800-273-8255,Logic,3363701,https://i.scdn.co/image/08f9ccb7875a87c07c79c1ccd5319263786c55ea,https://open.spotify.com/track/5tz69p7tJuGPeMGwNTxYuV
5,2017-09-14,6,Flat,Dusk Till Dawn - Radio Edit,ZAYN,3181103,https://i.scdn.co/image/ab67616d0000485123852b7ef0ecfe29d38d97ee,https://open.spotify.com/track/1j4kHkkpqZRBwE0A4CN4Yv
6,2017-09-14,7,Flat,Friends (with BloodPop®),Justin Bieber,3097052,https://i.scdn.co/image/ab67616d00004851302806b2c89a0f7a24b4922c,https://open.spotify.com/track/7nZmah2llfvLDiUjm0kiyz
7,2017-09-14,8,Flat,Havana,Camila Cabello,3010743,https://i.scdn.co/image/ab67616d00004851d93cf4d07ba50d7b32ca7c44,https://open.spotify.com/track/0ofbQMrRDsUaVKq2mGLEAb
8,2017-09-14,9,Flat,Unforgettable,French Montana,2928607,https://i.scdn.co/image/ab67616d000048518a31195a371b2233456f6c07,https://open.spotify.com/track/3B54sVLJ402zGa6Xm4YGNe
9,2017-09-14,10,Flat,Silence,Marshmello,2884087,https://i.scdn.co/image/ab67616d00004851f33ba583059dc2f7d08bf2b8,https://open.spotify.com/track/7vGuf3Y35N4wmASOKLUVVU
10,2017-09-14,11,Flat,Feels,Calvin Harris,2751475,https://i.scdn.co/image/ab67616d000048514d3fa5ce7ba599f4fd7803ef,https://open.spotify.com/track/5bcTCxgc7xVfSaMV3RuVke
11,2017-09-14,12,Flat,Sorry Not Sorry,Demi Lovato,2695364,https://i.scdn.co/image/ab67616d0000485110e3276edd7706710560bd4c,https://open.spotify.com/track/25C5CowdsfXld2jJanbiex
12,2017-09-14,13,Up,What Lovers Do (feat. SZA),Maroon 5,2487203,https://i.scdn.co/image/ab67616d000048513c5e0b163d55ef4e27f60689,https://open.spotify.com/track/4mxWSdf71VFO52qFeY0fZt
13,2017-09-14,14,Down,Attention,Charlie Puth,2439428,https://i.scdn.co/image/ab67616d00004851db21a273452f0637cdbc35aa,https://open.spotify.com/track/4iLqG9SeJSnt0cSPICSjxv
14,2017-09-14,15,Flat,Jocelyn Flores,XXXTENTACION,2319999,https://i.scdn.co/image/ab67616d00004851203c89bd4391468eea4cc3f5,https://open.spotify.com/track/7m9OqQk4RVRkw9JJdeAw96
15,2017-09-14,16,Up,Shape of You,Ed Sheeran,2319076,https://i.scdn.co/image/ab67616d00004851ba5db46f4b838ef6027e6f96,https://open.spotify.com/track/7qiZfU4dY1lWllzX7mPBI3
16,2017-09-14,17,Down,...Ready For It?,Taylor Swift,2241189,https://i.scdn.co/image/ab67616d000048516d8d80daf86adc5dcf8a80bc,https://open.spotify.com/track/19WjVVgXjdKXfLXoaDPwTM
17,2017-09-14,18,Up,XO Tour Llif3,Lil Uzi Vert,2235074,https://i.scdn.co/image/ab67616d0000485141b41e6f7924e530a9b00f9c,https://open.spotify.com/track/7GX5flRQZVHRAGd6B4TmDO
18,2017-09-14,19,Up,Thunder,Imagine Dragons,2230116,https://i.scdn.co/image/ab67616d000048517956bd9a3d7a15e4c2e37cc6,https://open.spotify.com/track/0tKcYR2II1VCQWT79i5NrW
19,2017-09-14,20,Down,Back to You (feat. Bebe Rexha & Digital Farm Animals),Louis Tomlinson,2227879,https://i.scdn.co/image/ab67616d00004851327d7ffa53a268bf7411c28b,https://open.spotify.com/track/7F9vK8hNFMml4GtHsaXui6
20,2017-09-14,21,Down,Wild Thoughts (feat. Rihanna & Bryson Tiller),DJ Khaled,2223488,https://i.scdn.co/image/ab67616d00004851dcb6a73da1e7f293b875f69c,https://open.spotify.com/track/1OAh8uOEOvTDqkKFsKksCi
21,2017-09-14,22,Flat,Young Dumb & Broke,Khalid,2218838,https://i.scdn.co/image/ab67616d00004851988ede5e1276e758b5f9e577,https://open.spotify.com/track/5Z3GHaZ6ec9bsiI5BenrbY
22,2017-09-14,23,Flat,More Than You Know,Axwell /\ Ingrosso,2148902,https://i.scdn.co/image/ab67616d00004851cb442ec337da75fb09cc3981,https://open.spotify.com/track/3PEgB3fkiojxms35ntsTgs
23,2017-09-14,24,Flat,Glorious (feat. Skylar Grey),Macklemore,2117254,https://i.scdn.co/image/ab67616d000048512c19c42e316cd3d949c992b0,https://open.spotify.com/track/3HVr6jTVwBHBa2flM0eURR
24,2017-09-14,25,Flat,Strip That Down,Liam Payne,2117066,https://i.scdn.co/image/ab67616d00004851ec1abb2ba5e210e826161111,https://open.spotify.com/track/6EpRaXYhGOB3fj4V2uDkMJ
25,2017-09-14,26,Flat,Despacito - Remix,Luis Fonsi,2093579,https://i.scdn.co/image/ab67616d00004851d8559d0280ffe2a2af6dacdf,https://open.spotify.com/track/5CtI0qwDJkDQGwXD1H1cLb
26,2017-09-14,27,Flat,2U (feat. Justin Bieber),David Guetta,2034156,https://i.scdn.co/image/ab67616d0000485145c5570d4a66346d8f683913,https://open.spotify.com/track/3A7qX2QjDlPnazUsRk5y0M
27,2017-09-14,28,Flat,Without You (feat. Sandro Cavazza),Avicii,1992860,https://i.scdn.co/image/ab67616d0000485130800bfbfff51ddb031d9bd7,https://open.spotify.com/track/6WbADFqMvR8N5u0BvtsWQE
28,2017-09-14,29,Flat,Mama,Jonas Blue,1976508,https://i.scdn.co/image/14891cf71e2287163c137e90074783ba5cdd4ff4,https://open.spotify.com/track/0NiXXAI876aGImAd6rTj8w
29,2017-09-14,30,Flat,Bank Account,21 Savage,1964453,https://i.scdn.co/image/ab67616d0000485163bdcfe76718674e7783df36,https://open.spotify.com/track/5eqK0tbzUPo2SoeZsov04s
30,2017-09-14,31,Flat,I Like Me Better,Lauv,1871485,https://i.scdn.co/image/ab67616d00004851fab48816b625e2a77a732400,https://open.spotify.com/track/1wjzFQodRWrPcQ0AnYnvQ9
31,2017-09-14,32,Up,Me Rehúso,Danny Ocean,1828066,https://i.scdn.co/image/ab67616d00004851a75bd33684083600569dd3bf,https://open.spotify.com/track/6De0lHrwBfPfrhorm9q1Xl
32,2017-09-14,33,Down,Bodak Yellow,Cardi B,1807095,https://i.scdn.co/image/ab67616d0000485162a2dedc55a38a0fca0a17b0,https://open.spotify.com/track/2771LMNxwf62FTAdpJMQfM
33,2017-09-14,34,Flat,What About Us,P!nk,1740309,https://i.scdn.co/image/ab67616d000048511d75bb4aadfc620497c5db0f,https://open.spotify.com/track/31MkGwj0SWgZaTvEt5Hgxv
34,2017-09-14,35,Flat,HUMBLE.,Kendrick Lamar,1731552,https://i.scdn.co/image/ae1f239b41e9604a66eb900834c6887cd2f62ff1,https://open.spotify.com/track/7KXjTSCq5nL1LoYtL7XAwS
35,2017-09-14,36,Up,"I'm the One (feat. Justin Bieber, Quavo, Chance the Rapper & Lil Wayne)",DJ Khaled,1691610,https://i.scdn.co/image/ab67616d00004851dcb6a73da1e7f293b875f69c,https://open.spotify.com/track/3DXncPQOG4VBw3QHh3S817
36,2017-09-14,37,Down,There's Nothing Holdin' Me Back,Shawn Mendes,1687799,https://i.scdn.co/image/ab67616d00004851f9cbd0c07513a7232cd6b9a7,https://open.spotify.com/track/79cuOz3SPQTuFrp8WgftAu
37,2017-09-14,38,Flat,Your Song,Rita Ora,1589063,https://i.scdn.co/image/ab67616d00004851528e7f2b6eda1b2a20ccfb1f,https://open.spotify.com/track/4c2W3VKsOFoIg2SFaO6DY5
38,2017-09-14,39,Flat,Lonely Together (feat. Rita Ora),Avicii,1539952,https://i.scdn.co/image/241ee98f30f1a0066a26890586952e393a473b0d,https://open.spotify.com/track/2OALaHcDdKkjYEpAr0Qzab
39,2017-09-14,40,Flat,Congratulations,Post Malone,1527729,https://i.scdn.co/image/23bae95100dcb6ac8f88c19fa2a11c50a998a926,https://open.spotify.com/track/3a1lNhkSLSkpJE4MSHpDu9
40,2017-09-14,41,Flat,Felices los 4,Maluma,1515570,https://i.scdn.co/image/ab67616d00004851d9732b592276542ecafa6c6d,https://open.spotify.com/track/0qYTZCo5Bwh1nsUFGZP3zn
41,2017-09-14,42,Up,Feel It Still,Portugal. The Man,1429217,https://i.scdn.co/image/ab67616d00004851af52c228c9619ff6298b08cd,https://open.spotify.com/track/6QgjcU0zLnzq5OrUoSZ3OK
42,2017-09-14,43,Down,Fuck Love (feat. Trippie Redd),XXXTENTACION,1407520,https://i.scdn.co/image/ab67616d00004851203c89bd4391468eea4cc3f5,https://open.spotify.com/track/7AQim7LbvFVZJE3O8TYgf2
43,2017-09-14,44,Flat,Something Just Like This,The Chainsmokers,1399797,https://i.scdn.co/image/ab67616d000048510c13d3d5a503c84fcc60ae94,https://open.spotify.com/track/6RUKPb4LETWmmr3iAEQktW
44,2017-09-14,45,Flat,Believer,Imagine Dragons,1392348,https://i.scdn.co/image/ab67616d000048517956bd9a3d7a15e4c2e37cc6,https://open.spotify.com/track/0CcQNd8CINkwQfe1RDtGV6
45,2017-09-14,46,Flat,Swalla (feat. Nicki Minaj & Ty Dolla $ign),Jason Derulo,1384306,https://i.scdn.co/image/ab67616d000048519d6522bee68370fa5592301d,https://open.spotify.com/track/6kex4EBAj0WHXDKZMEJaaF
46,2017-09-14,47,Up,Slow Hands,Niall Horan,1381191,https://i.scdn.co/image/ab67616d00004851805efe949d48d6f50e604919,https://open.spotify.com/track/167NczpNbRF7oWakJaY3Hh
47,2017-09-14,48,Up,Bonita,J Balvin,1359550,https://i.scdn.co/image/ab67616d0000485148f3fc1d4f0fed414418e041,https://open.spotify.com/track/693iqPOQvhI7PobtR8CC8v
48,2017-09-14,49,Up,Una Lady Como Tú,Manuel Turizo,1330739,https://i.scdn.co/image/ab67616d00004851f9dc35bc367fcf98e763d27e,https://open.spotify.com/track/7MHN1aCFtLXjownGhvEQlF
49,2017-09-14,50,Down,BUTTERFLY EFFECT,Travis Scott,1321645,https://i.scdn.co/image/ab67616d00004851b5e9358d0d07114609d9afab,https://open.spotify.com/track/1yxgsra98r3qAtxqiGZPiX
50,2017-09-14,51,Flat,Mayores,Becky G,1199345,https://i.scdn.co/image/ab67616d00004851b5983d639fd953deb3c99848,https://open.spotify.com/track/7JNh1cfm0eXjqFVOzKLyau
51,2017-09-14,52,Up,Escápate Conmigo,Wisin,1177793,https://i.scdn.co/image/ab67616d000048512b02904e5404ad6069c16a4f,https://open.spotify.com/track/2cnKEkpVUSV4wnjQiTWfH6
52,2017-09-14,53,Flat,Rich Love (with Seeb),OneRepublic,1169682,https://i.scdn.co/image/ab67616d000048516f2fa4c6cd6653d8d770a415,https://open.spotify.com/track/7aF09WaavZAmAWuUeYxlYD
53,2017-09-14,54,Flat,There for You,Martin Garrix,1162870,https://i.scdn.co/image/ab67616d0000485172c57da7edfe8e915182cdd4,https://open.spotify.com/track/6jA8HL9i4QGzsj6fjoxp8Y
54,2017-09-14,55,Down,Despacito (Featuring Daddy Yankee),Luis Fonsi,1155408,https://i.scdn.co/image/ab67616d00004851a5971936e3b8d91f8b616b17,https://open.spotify.com/track/4aWmUDTfIPGksMNLV2rQP2
55,2017-09-14,56,Flat,Questions,Chris Brown,1126843,https://i.scdn.co/image/ab67616d00004851df5b4bb2ee00999c60ce05b7,https://open.spotify.com/track/5XQMr19TL7Mfksq9zihbOu
56,2017-09-14,57,Up,The Way Life Goes (feat. Oh Wonder),Lil Uzi Vert,1114728,https://i.scdn.co/image/ab67616d0000485141b41e6f7924e530a9b00f9c,https://open.spotify.com/track/2eAZfqOm4EnOF9VvN50Tyc
57,2017-09-14,58,Down,Location,Khalid,1102535,https://i.scdn.co/image/ab67616d00004851988ede5e1276e758b5f9e577,https://open.spotify.com/track/152lZdxL1OR0ZMW6KquMif
58,2017-09-14,59,Up,"Let Me Go (with Alesso, Florida Georgia Line & watt)",Hailee Steinfeld,1097002,https://i.scdn.co/image/6cddf7ee782fd49ceb0d5b5975505dfc5e6c3483,https://open.spotify.com/track/5Gu0PDLN4YJeW75PpBSg9p
59,2017-09-14,60,Up,Would You Ever,Skrillex,1031924,https://i.scdn.co/image/ab67616d00004851c2896a061e50f35f97337512,https://open.spotify.com/track/57p8CBvPOxrvyCbn6ttl5r
60,2017-09-14,61,Up,Robarte un Beso,Carlos Vives,1012337,https://i.scdn.co/image/ab67616d0000485126f611d8f55ec6cecb29192e,https://open.spotify.com/track/4z3GJkrtH97Bj6fRta983T
61,2017-09-14,62,Down,Pretty Girl - Cheat Codes X CADE Remix,Maggie Lindemann,997822,https://i.scdn.co/image/ab67616d000048517c7436e1b6273be0e7bc1a84,https://open.spotify.com/track/1NDxZ7cFAo481dtYWdrUnR
62,2017-09-14,63,Down,Symphony (feat. Zara Larsson),Clean Bandit,993712,https://i.scdn.co/image/ab67616d000048515b1130d050c4cd2295999d85,https://open.spotify.com/track/1x5sYLZiu9r5E43kMlt9f8
63,2017-09-14,64,Up,Báilame - Remix,Nacho,990758,https://i.scdn.co/image/ab67616d00004851473f54a79eb118bdfa668aa2,https://open.spotify.com/track/3VClLWqNn80Llv0PJOsKgr
64,2017-09-14,65,Down,I Get The Bag (feat. Migos),Gucci Mane,986056,https://i.scdn.co/image/ab67616d00004851a774223eda7c354f45f898a6,https://open.spotify.com/track/1HTtUBEY3tuw2btgwwI2Ja
65,2017-09-14,66,Up,Ahora Dice,Chris Jeday,970723,https://i.scdn.co/image/ab67616d000048513a142c7e7fc7863dc1a256ed,https://open.spotify.com/track/22eADXu8DfOAUEDw4vU8qy
66,2017-09-14,67,Down,goosebumps,Travis Scott,969904,https://i.scdn.co/image/ab67616d00004851f54b99bf27cda88f4a7403ce,https://open.spotify.com/track/6gBFPUFcJLzWGx4lenP6h2
67,2017-09-14,68,Down,Reggaetón Lento (Remix),CNCO,959995,https://i.scdn.co/image/ab67616d00004851c4c45bf90052845efd2a597d,https://open.spotify.com/track/3zoYkqS4y2BsGVShPL2nTE
68,2017-09-14,69,Down,No Promises (feat. Demi Lovato),Cheat Codes,942387,https://i.scdn.co/image/ab67616d00004851e74ecdb2f1316c8f026970a8,https://open.spotify.com/track/1louJpMmzEicAn7lzDalPW
69,2017-09-14,70,Up,Say You Won't Let Go,James Arthur,939462,https://i.scdn.co/image/ab67616d0000485120beb61f61fcbeb33b10a9ab,https://open.spotify.com/track/5uCax9HTNlzGybIStD3vDh
70,2017-09-14,71,Up,That's What I Like,Bruno Mars,938907,https://i.scdn.co/image/ab67616d00004851232711f7d66a1e19e89e28c5,https://open.spotify.com/track/0KKkJNfGyhkQ5aFogxQAPU
71,2017-09-14,72,Down,Fetish (feat. Gucci Mane),Selena Gomez,927692,https://i.scdn.co/image/ab67616d00004851676b024fbd4c52c3fa382dd4,https://open.spotify.com/track/0XLOf9LhyazPX9Ld8jPiUq
72,2017-09-14,73,Down,Everybody Dies In Their Nightmares,XXXTENTACION,921706,https://i.scdn.co/image/ab67616d00004851203c89bd4391468eea4cc3f5,https://open.spotify.com/track/3GVkPk8mqxz0itaAriG1L7
73,2017-09-14,74,Down,Love Galore (feat. Travis Scott),SZA,921255,https://i.scdn.co/image/ab67616d000048514c79d5ec52a6d0302f3add25,https://open.spotify.com/track/0q75NwOoFiARAVp4EXU4Bs
74,2017-09-14,75,Flat,Redbone,Childish Gambino,916036,https://i.scdn.co/image/ab67616d000048510b97e56ffad7c6211aa848f8,https://open.spotify.com/track/3kxfsdsCpFgN412fpnW85Y
75,2017-09-14,76,Flat,Mask Off,Future,905803,https://i.scdn.co/image/ab67616d00004851356884f85665ebdd79223fdf,https://open.spotify.com/track/3rOSwuTsUlJp0Pu0MkN8r8
76,2017-09-14,77,Up,Tú Foto,Ozuna,891240,https://i.scdn.co/image/ab67616d00004851b0a875d7f1bfe4ec4aaffa48,https://open.spotify.com/track/5zSOVwaY3sVjnmLhuEfsuf
77,2017-09-14,78,Down,"Know No Better (feat. Travis Scott, Camila Cabello & Quavo)",Major Lazer,881829,https://i.scdn.co/image/ab67616d00004851de1e9558f85913eb0b47f623,https://open.spotify.com/track/3Ytr1SUCUi6J3L9dRFx5iH
78,2017-09-14,79,Up,It Ain't Me (with Selena Gomez),Kygo,876251,https://i.scdn.co/image/ab67616d0000485141f289940f2e6a0d51988d77,https://open.spotify.com/track/3eR23VReFzcdmS7TYCrhCe
79,2017-09-14,80,Up,Se Preparó,Ozuna,874410,https://i.scdn.co/image/ab67616d00004851b0a875d7f1bfe4ec4aaffa48,https://open.spotify.com/track/1m69ELEgE6k5ZWsap40ozt
80,2017-09-14,81,Down,Stay (with Alessia Cara),Zedd,872258,https://i.scdn.co/image/ab67616d0000485191a70f95efc3400f696e89cc,https://open.spotify.com/track/0dA2Mk56wEzDgegdC6R17g
81,2017-09-14,82,Up,Rake It Up,Yo Gotti,852553,https://i.scdn.co/image/ab67616d00004851dc371ef9c9ad4c33b3fc130a,https://open.spotify.com/track/6c7D34787LOtPm8tzhsLgH
82,2017-09-14,83,Down,Instruction (feat. Demi Lovato & Stefflon Don),Jax Jones,845887,https://i.scdn.co/image/ab67616d00004851785528fd13fc6d63e29542f4,https://open.spotify.com/track/0XfOi87h82i09rQjWYG0Bm
83,2017-09-14,84,Flat,DNA.,Kendrick Lamar,845535,https://i.scdn.co/image/ae1f239b41e9604a66eb900834c6887cd2f62ff1,https://open.spotify.com/track/6HZILIRieu8S0iqY8kIKhj
84,2017-09-14,85,Down,Praying,Kesha,842012,https://i.scdn.co/image/ab67616d0000485155de63b8aaf464fe8146b4f1,https://open.spotify.com/track/0jdny0dhgjUwoIp5GkqEaA
85,2017-09-14,86,Flat,Galway Girl,Ed Sheeran,831534,https://i.scdn.co/image/ab67616d00004851ba5db46f4b838ef6027e6f96,https://open.spotify.com/track/0afhq8XCExXpqazXczTSve
86,2017-09-14,87,Down,"I Don’t Wanna Live Forever (Fifty Shades Darker) - From ""Fifty Shades Darker (Original Motion Picture Soundtrack)""",ZAYN,823247,https://i.scdn.co/image/ab67616d000048512ae921f082ae5db4d3da818f,https://open.spotify.com/track/3NdDpSvN911VPGivFlV5d0
87,2017-09-14,88,Up,If I'm Lucky,Jason Derulo,809141,https://i.scdn.co/image/ab67616d000048513d4b1b9e8a5863294562d76b,https://open.spotify.com/track/6eUncuJutsFi9BGO1JaBHh
88,2017-09-14,89,Up,Magnolia,Playboi Carti,807310,https://i.scdn.co/image/cbfa858a49a59efbca64c6f7078068cf07731bd0,https://open.spotify.com/track/1e1JKLEDKP7hEQzJfNAgPl
89,2017-09-14,90,Up,Krippy Kush,Farruko,807262,https://i.scdn.co/image/ab67616d00004851e2d873eb680063460c94914c,https://open.spotify.com/track/3rgjBiAMVGnxmsTDmUy8vb
90,2017-09-14,91,Up,Hey DJ,CNCO,802675,https://i.scdn.co/image/ab67616d000048514358c8856d3acc00ca6c3578,https://open.spotify.com/track/209gZgcfLq2aUuu51vOWBl
91,2017-09-14,92,Down,OMG,Camila Cabello,801000,https://i.scdn.co/image/ab67616d00004851147a905ba006c3ed794f17fd,https://open.spotify.com/track/4xBjsLUSjcx2h7PcRikpQp
92,2017-09-14,93,Up,Closer,The Chainsmokers,798946,https://i.scdn.co/image/ab67616d00004851495ce6da9aeb159e94eaa453,https://open.spotify.com/track/7BKLCZ1jbUBVqRi2FVlTVw
93,2017-09-14,94,Down,Perfect,Ed Sheeran,791555,https://i.scdn.co/image/ab67616d00004851ba5db46f4b838ef6027e6f96,https://open.spotify.com/track/0tgVpDi06FyKpA1z0VMD4v
94,2017-09-14,95,Up,Slippery (feat. Gucci Mane),Migos,765510,https://i.scdn.co/image/ab67616d0000485199a8ab6da9d593939302828a,https://open.spotify.com/track/6p8NuHm8uCGnn2Dtbtf7zE
95,2017-09-14,96,Up,Que Va,Alex Sensation,764838,https://i.scdn.co/image/ab67616d00004851571f364389a9436e4ff8a362,https://open.spotify.com/track/7ofxPmTNMj2GP07g1VZa0O
96,2017-09-14,97,Down,OK - Spotify Version,Robin Schulz,762491,https://i.scdn.co/image/ab67616d000048517fd57367322c558ca19c9ed8,https://open.spotify.com/track/3bWAqKDWg6u1davspr5IkS
97,2017-09-14,98,Up,Issues,Julia Michaels,759690,https://i.scdn.co/image/bed97a5c36c8dda6724f89ecfd8c23497cc897f4,https://open.spotify.com/track/0xG0SHshCStMEyNbNC5d4k
98,2017-09-14,99,Down,Roll In Peace (feat. XXXTENTACION),Kodak Black,757099,https://i.scdn.co/image/ab67616d00004851583ce93dc89d84218f233ea7,https://open.spotify.com/track/40oKW22ZNNkEdZLJTScaQI
99,2017-09-14,100,Down,Signs,Drake,754891,https://i.scdn.co/image/ab67616d000048514d37373eef5fcb26802d8c18,https://open.spotify.com/track/5EnYT6F7wEcdege6mDHEfO
100,2017-09-14,101,Down,LOYALTY. FEAT. RIHANNA.,Kendrick Lamar,751385,https://i.scdn.co/image/ae1f239b41e9604a66eb900834c6887cd2f62ff1,https://open.spotify.com/track/6SwRhMLwNqEi6alNPVG00n
101,2017-09-14,102,Flat,Unforgettable,Thomas Rhett,741480,https://i.scdn.co/image/2a921a3006fc3c87867a4f8067f085a1ef533ebc,https://open.spotify.com/track/30MM5jWpUmOxtTNd9Ey5LZ
102,2017-09-14,103,Flat,Most Girls,Hailee Steinfeld,731412,https://i.scdn.co/image/ab67616d000048519e1b81dc79bd5055417b1e5a,https://open.spotify.com/track/2mfUa8bLs2s5N4VaqJZ4lZ
103,2017-09-14,104,Up,Passionfruit,Drake,729858,https://i.scdn.co/image/ab67616d000048515ea859dc94365abd9fd84fd6,https://open.spotify.com/track/7hDc8b7IXETo14hHIHdnhd
104,2017-09-14,105,Up,Bella y Sensual,Romeo Santos,721033,https://i.scdn.co/image/ab67616d00004851827d0777f8cccdf5b7481442,https://open.spotify.com/track/0ERbK7qVqveCaBWIiYCrl3
105,2017-09-14,106,Up,El Farsante,Ozuna,720353,https://i.scdn.co/image/ab67616d00004851b0a875d7f1bfe4ec4aaffa48,https://open.spotify.com/track/5EId1m4DNwTf3at31w8bPJ
106,2017-09-14,107,Flat,Slide,Calvin Harris,714883,https://i.scdn.co/image/ab67616d000048514d3fa5ce7ba599f4fd7803ef,https://open.spotify.com/track/7tr2za8SQg2CI8EDgrdtNl
107,2017-09-14,108,Down,Swish Swish,Katy Perry,714489,https://i.scdn.co/image/ab67616d000048511487979a7e0181a5d0406d1a,https://open.spotify.com/track/2kVHAQKVtczchKctctzbtK
108,2017-09-14,109,Up,La Rompe Corazones,Daddy Yankee,704580,https://i.scdn.co/image/ab67616d00004851b84a36483e43bfbcb931fcde,https://open.spotify.com/track/4okba5wu9mMLXx79DXLKi3
109,2017-09-14,110,Up,Starboy,The Weeknd,701808,https://i.scdn.co/image/ab67616d000048510c8599cbde51245c128bcea9,https://open.spotify.com/track/5aAx2yezTd8zXrkmtKl66Z
110,2017-09-14,111,Down,Crying in the Club,Camila Cabello,694598,https://i.scdn.co/image/ab67616d00004851cec62b81146fe4d116fbb2fa,https://open.spotify.com/track/1SJtlNRJDeYHioymcvsqev
111,2017-09-14,112,Up,LOVE. FEAT. ZACARI.,Kendrick Lamar,693667,https://i.scdn.co/image/ae1f239b41e9604a66eb900834c6887cd2f62ff1,https://open.spotify.com/track/6PGoSes0D9eUDeeAafB2As
112,2017-09-14,113,Up,One Dance,Drake,675414,https://i.scdn.co/image/ab67616d00004851726abca207567d5e41cb9667,https://open.spotify.com/track/1xznGGDReH1oQq0xzbwXa3
113,2017-09-14,114,Up,Explícale (feat. Bad Bunny),Yandel,666724,https://i.scdn.co/image/ab67616d00004851b54d1c695daae20467312eb3,https://open.spotify.com/track/1LszjjoVwDDZcWUQbzeDLG
114,2017-09-14,115,Down,Bad Liar,Selena Gomez,666530,https://i.scdn.co/image/ab67616d00004851f40c5ecb3d327a55e8aa6714,https://open.spotify.com/track/1sCxVKWImDZSZKvG0U9B23
115,2017-09-14,116,Up,It's A Vibe,2 Chainz,664744,https://i.scdn.co/image/179288654e273e14d827a4aa76cf37115e139ca0,https://open.spotify.com/track/6H0AwSQ20mo62jGlPGB8S6
116,2017-09-14,117,Flat,I Feel It Coming,The Weeknd,663237,https://i.scdn.co/image/b3683184efeb899b2d1a02f4957d0c630dc10b0b,https://open.spotify.com/track/5GXAXm5YOmYT0kL5jHvYBt
117,2017-09-14,118,Down,Photograph,Ed Sheeran,662076,https://i.scdn.co/image/ab67616d00004851d08209944468440145f01524,https://open.spotify.com/track/6fxVffaTuwjgEk5h9QyRjy
118,2017-09-14,119,Down,Malibu,Miley Cyrus,659167,https://i.scdn.co/image/ab67616d000048512fe7eac044c3912f06432f22,https://open.spotify.com/track/2habSXqcJGExM6JJyskY7O
119,2017-09-14,120,Up,Look At Me!,XXXTENTACION,656036,https://i.scdn.co/image/ab67616d0000485125b5901b8bcf902f54d466d9,https://open.spotify.com/track/4ARPvK8DHLwt4oX65ZAFMw
120,2017-09-14,121,Up,Drowning (feat. Kodak Black),A Boogie Wit da Hoodie,654126,https://i.scdn.co/image/ab67616d0000485131d8918139b720e4141adeec,https://open.spotify.com/track/6Q2FftbUG530lCtBI74bMH
121,2017-09-14,122,Up,Rockabye (feat. Sean Paul & Anne-Marie),Clean Bandit,646908,https://i.scdn.co/image/ab67616d000048511431c3bdf16aa99f71799d95,https://open.spotify.com/track/5knuzwU65gJK7IF5yJsuaW
122,2017-09-14,123,Down,Scared to Be Lonely,Martin Garrix,643404,https://i.scdn.co/image/ab67616d0000485164f8a309aa3c0a66a31fc374,https://open.spotify.com/track/3ebXMykcMXOcLeJ9xZ17XH
123,2017-09-14,124,Down,Super Far,LANY,642501,https://i.scdn.co/image/ab67616d000048514bf52f0d4578b67e362f4672,https://open.spotify.com/track/74ODGXs4byLTRdnKGM4s6E
124,2017-09-14,125,Up,Body Like A Back Road,Sam Hunt,641316,https://i.scdn.co/image/ab67616d000048519eccbdab1110afc4d5a186a8,https://open.spotify.com/track/7mldq42yDuxiUNn08nvzHO
125,2017-09-14,126,Up,Otra vez (feat. J Balvin),Zion & Lennox,639991,https://i.scdn.co/image/ab67616d0000485182eabf564ddc57325a84dd50,https://open.spotify.com/track/3QwBODjSEzelZyVjxPOHdq
126,2017-09-14,127,Down,Get Low (with Liam Payne),Zedd,633242,https://i.scdn.co/image/ab67616d00004851a558887a8b28dcd38ad6e3ef,https://open.spotify.com/track/1CKd1PnqfYx0H12V9MSaIY
127,2017-09-14,128,Down,Sign of the Times,Harry Styles,626600,https://i.scdn.co/image/ab67616d000048516c619c39c853f8b1d67b7859,https://open.spotify.com/track/5Ohxk2dO5COHF1krpoPigN
128,2017-09-14,129,Down,Revenge,XXXTENTACION,624736,https://i.scdn.co/image/ab67616d00004851203c89bd4391468eea4cc3f5,https://open.spotify.com/track/5TXDeTFVRVY7Cvt0Dw4vWW
129,2017-09-14,130,Down,The Race,Tay-K,618210,https://i.scdn.co/image/ab67616d000048510ee2cd0f66c658af53b78ee1,https://open.spotify.com/track/5RCfvwDewu6p2x1mEI6smX
130,2017-09-14,131,Up,Loco Enamorado,Abraham Mateo,616773,https://i.scdn.co/image/ab67616d00004851c7c9cff204bc6b4a3e36e42d,https://open.spotify.com/track/4N1c5rmWOzRmB9SMacr5wB
131,2017-09-14,132,Up,Sigo Extrañándote,J Balvin,611355,https://i.scdn.co/image/ab67616d00004851338ffc4c72a192f06070546b,https://open.spotify.com/track/6qDF4wWL49CAVbgT7yuHl8
132,2017-09-14,133,Up,Transportin',Kodak Black,602820,https://i.scdn.co/image/ab67616d00004851583ce93dc89d84218f233ea7,https://open.spotify.com/track/1WIZiOuNO3woKfdlSK2gNn
133,2017-09-14,134,Up,"Sola (Remix) [feat. Daddy Yankee, Wisin, Farruko, Zion & Lennox]",Anuel AA,602034,https://i.scdn.co/image/ab67616d00004851a66def7d649149464edc8f1e,https://open.spotify.com/track/5q2JbCNi4FcnglgPfxcV65
134,2017-09-14,135,Down,Thinking out Loud,Ed Sheeran,600698,https://i.scdn.co/image/ab67616d00004851d08209944468440145f01524,https://open.spotify.com/track/1Slwb6dOYkBlWal1PGtnNg
135,2017-09-14,136,Down,do re mi (feat. Gucci Mane),blackbear,600638,https://i.scdn.co/image/0204c2af4ad772fd738bbd661b300a4dec113e71,https://open.spotify.com/track/53mrVsi49rLHIaKBiSvElG
136,2017-09-14,137,Flat,Solo Dance,Martin Jensen,595909,https://i.scdn.co/image/ab67616d00004851950d67dbe3f31f1d9a5d06a2,https://open.spotify.com/track/6HUnnBwYZqcED1eQztxMBN
137,2017-09-14,138,Up,Ahora Me Llama,KAROL G,592492,https://i.scdn.co/image/ab67616d000048511f8b5b79339712de8c904d63,https://open.spotify.com/track/61HHDBLqF3AmSvLfHKNGd2
138,2017-09-14,139,Down,Me Enamoré,Shakira,591605,https://i.scdn.co/image/ab67616d00004851d05d3aad30c5fb7614893cf5,https://open.spotify.com/track/4qknM1pQz53QOyfDVTjcM9
139,2017-09-14,140,Flat,Paris,The Chainsmokers,587589,https://i.scdn.co/image/ab67616d000048510c13d3d5a503c84fcc60ae94,https://open.spotify.com/track/72jbDTw1piOOj770jWNeaG
140,2017-09-14,141,Up,Si Tú La Ves (feat. Wisin),Nicky Jam,586418,https://i.scdn.co/image/ab67616d00004851d77dbcd4dbd37cdfa61771fa,https://open.spotify.com/track/4yN6xPLopmTLvc27pO9LIE
141,2017-09-14,142,Down,El Amante,Nicky Jam,584536,https://i.scdn.co/image/ab67616d00004851d77dbcd4dbd37cdfa61771fa,https://open.spotify.com/track/3umS4y3uQDkqekNjVpiRUs
142,2017-09-14,143,Down,Castle on the Hill,Ed Sheeran,583786,https://i.scdn.co/image/ab67616d00004851ba5db46f4b838ef6027e6f96,https://open.spotify.com/track/6PCUP3dWmTjcTtXY02oFdT
143,2017-09-14,144,Down,Now Or Never,Halsey,578002,https://i.scdn.co/image/d5bb421dbecbba7c6904eb67672f3cd25cf54c23,https://open.spotify.com/track/7i2DJ88J7jQ8K7zqFX2fW8
144,2017-09-14,145,Down,iSpy (feat. Lil Yachty),KYLE,576871,https://i.scdn.co/image/ab67616d0000485132e373f2988bc6596a542d1c,https://open.spotify.com/track/2EEeOnHehOozLq4aS0n6SL
145,2017-09-14,146,Flat,Starving,Hailee Steinfeld,565844,https://i.scdn.co/image/6fb734693d989252036e020be580d1eeb37a8f71,https://open.spotify.com/track/6875MeXyCW0wLyT72Eetmo
146,2017-09-14,147,Up,Me Llamas (feat. Maluma) - Remix,Piso 21,565391,https://i.scdn.co/image/ab67616d000048511e1eafb5d2bb1ca39d26f092,https://open.spotify.com/track/5hEM0JchdVzQ5PwvSfITeX
147,2017-09-14,148,Down,Perplexing Pegasus,Rae Sremmurd,564100,https://i.scdn.co/image/ab67616d000048510c4887060da7f88128376220,https://open.spotify.com/track/2nYwV62UABTH0NanrwVIdQ
148,2017-09-14,149,Down,Sauce It Up,Lil Uzi Vert,560268,https://i.scdn.co/image/ab67616d0000485141b41e6f7924e530a9b00f9c,https://open.spotify.com/track/1uL78kFWxhz3umTMWJu8n5
149,2017-09-14,150,Down,We Don't Talk Anymore,Charlie Puth,559621,https://i.scdn.co/image/ab67616d00004851c0e28105f0533c52717c46c2,https://open.spotify.com/track/68EMU2RD1ECNeOeJ5qAXCV
150,2017-09-14,151,Up,Besándote,Piso 21,558236,https://i.scdn.co/image/ab67616d000048512cd0b690a37d7bb6e2aa5de4,https://open.spotify.com/track/13X0XdLMOdtbXVtAj2ox4h
151,2017-09-14,152,New,Bad At Love,Halsey,557900,https://i.scdn.co/image/d5bb421dbecbba7c6904eb67672f3cd25cf54c23,https://open.spotify.com/track/7y9iMe8SOB6z3NoHE2OfXl
152,2017-09-14,153,New,Meant to Be (feat. Florida Georgia Line),Bebe Rexha,557733,https://i.scdn.co/image/ab67616d000048511ba5682505dd6e2592b16e41,https://open.spotify.com/track/7iDa6hUg2VgEL1o1HjmfBn
153,2017-09-14,154,Down,Bad and Boujee (feat. Lil Uzi Vert),Migos,553459,https://i.scdn.co/image/ab67616d0000485199a8ab6da9d593939302828a,https://open.spotify.com/track/4Km5HrUvYTaSUfiSGPJeQR
154,2017-09-14,155,Down,Gucci Gang,Lil Pump,553130,https://i.scdn.co/image/ab67616d00004851818a5456b929b8ba540142d5,https://open.spotify.com/track/6foxplXS0YEq8cO374Lty4
155,2017-09-14,156,Flat,Let Me Love You,DJ Snake,552011,https://i.scdn.co/image/ab67616d000048515045de6786e0af096de73ed4,https://open.spotify.com/track/4pdPtRcBmOSQDlJ3Fk945m
156,2017-09-14,157,Up,Don't Let Me Down,The Chainsmokers,550014,https://i.scdn.co/image/ab67616d0000485108d87fb54859bc9038f7e5e0,https://open.spotify.com/track/0QsvXIfqM0zZoerQfsI9lm
157,2017-09-14,158,Down,SUBEME LA RADIO,Enrique Iglesias,548478,https://i.scdn.co/image/ab67616d000048515366ff028970205a29d558ed,https://open.spotify.com/track/7nKBxz47S9SD79N086fuhn
158,2017-09-14,159,Down,Relationship (feat. Future),Young Thug,544505,https://i.scdn.co/image/ab67616d00004851419cedff7b313b962a93932e,https://open.spotify.com/track/25oOaleife6E2MIKmFkPvg
159,2017-09-14,160,Down,Came Here for Love,Sigala,543345,https://i.scdn.co/image/ab67616d000048513769e2973131468513fc59cd,https://open.spotify.com/track/3kGfazcbVvVkuZunzlLgTD
160,2017-09-14,161,Down,Stay With Me,Sam Smith,543042,https://i.scdn.co/image/ab67616d000048514fb7193968e58e51c3db3ef4,https://open.spotify.com/track/5Db9VIdDsN5yu3Eu7CT0i4
161,2017-09-14,162,Down,Chantaje (feat. Maluma),Shakira,541699,https://i.scdn.co/image/ab67616d00004851d05d3aad30c5fb7614893cf5,https://open.spotify.com/track/6mICuAdrwEjh6Y6lroV2Kg
162,2017-09-14,163,Down,Summer Air,ItaloBrothers,537262,https://i.scdn.co/image/ab67616d00004851c6250f76546119b8fd3d07d1,https://open.spotify.com/track/0V9cosR5jWa4fr2koARmhD
163,2017-09-14,164,Flat,Sua cara (feat. Anitta & Pabllo Vittar),Major Lazer,536354,https://i.scdn.co/image/ab67616d00004851d75f1f9e874ff1362df4a961,https://open.spotify.com/track/3ibRxEv4KkcU9e259eyNJA
164,2017-09-14,165,Down,Treat You Better,Shawn Mendes,536268,https://i.scdn.co/image/ab67616d00004851188e6332f32088921ab1eaf8,https://open.spotify.com/track/4Hf7WnR761jpxPr5D46Bcd
165,2017-09-14,166,Flat,Go Flex,Post Malone,534389,https://i.scdn.co/image/23bae95100dcb6ac8f88c19fa2a11c50a998a926,https://open.spotify.com/track/5yuShbu70mtHXY0yLzCQLQ
166,2017-09-14,167,Down,Complicated (feat. Kiiara),Dimitri Vegas & Like Mike,528292,https://i.scdn.co/image/ab67616d0000485105df880db084244f431803b4,https://open.spotify.com/track/1Sl3njkhhz8nrSPZroDQ82
167,2017-09-14,168,Down,First Time,Kygo,522708,https://i.scdn.co/image/ab67616d00004851b6d86ca196b697ee0f640118,https://open.spotify.com/track/2Gl0FzuLxflY6nPifJp5Dr
168,2017-09-14,169,Flat,Bounce Back,Big Sean,521987,https://i.scdn.co/image/695d0c097d8463ccc2c2b9855fe44e3e9e7bc267,https://open.spotify.com/track/0SGkqnVQo9KPytSri1H6cF
169,2017-09-14,170,Up,Call On Me - Ryan Riback Extended Remix,Starley,521745,https://i.scdn.co/image/ab67616d000048519d4079afc73664f86f055400,https://open.spotify.com/track/78rIJddV4X0HkNAInEcYde
170,2017-09-14,171,Up,No Complaints,Metro Boomin,519809,https://i.scdn.co/image/f8fd3bfa4e9e48ade26b0b788301332e736220a4,https://open.spotify.com/track/6kig1UFggPUyZBCvXD3Wod
171,2017-09-14,172,Down,Rain,The Script,515488,https://i.scdn.co/image/ab67616d000048515409d6da4f0a9aa86edd4ef4,https://open.spotify.com/track/2QWP8NYYplOqEFBYGCcq0S
172,2017-09-14,173,Down,Down,Fifth Harmony,514319,https://i.scdn.co/image/ab67616d00004851bebeaaa955d6ed7f6e25dff9,https://open.spotify.com/track/20H2Hd5AkUcRjB4yL3UQtJ
173,2017-09-14,174,Up,24K Magic,Bruno Mars,510728,https://i.scdn.co/image/ab67616d00004851232711f7d66a1e19e89e28c5,https://open.spotify.com/track/6b8Be6ljOzmkOmFslEb23P
174,2017-09-14,175,Down,"Lose Yourself - From ""8 Mile"" Soundtrack",Eminem,509132,https://i.scdn.co/image/36440dfd440d23086573d62a32def35ecc42f111,https://open.spotify.com/track/5Z01UMMf7V1o0MzF86s6WJ
175,2017-09-14,176,Down,Why,Sabrina Carpenter,503389,https://i.scdn.co/image/ab67616d00004851eacfb091aa2c9ce49381c96e,https://open.spotify.com/track/2jYmK1cb3Uya6FFsocdpzO
176,2017-09-14,177,Up,Side To Side,Ariana Grande,496763,https://i.scdn.co/image/ab67616d000048517227f5854239a059af211d5b,https://open.spotify.com/track/4pLwZjInHj3SimIyN9SnOz
177,2017-09-14,178,Down,Love Yourself,Justin Bieber,495235,https://i.scdn.co/image/ab67616d00004851b6d9a4fbb0bd49f0f034aead,https://open.spotify.com/track/3hB5DgAiMAQ4DzYbsMq1IT
178,2017-09-14,179,Up,White Iverson,Post Malone,494035,https://i.scdn.co/image/23bae95100dcb6ac8f88c19fa2a11c50a998a926,https://open.spotify.com/track/6eT7xZZlB2mwyzJ2sUKG6w
179,2017-09-14,180,Down,The Night We Met,Lord Huron,493274,https://i.scdn.co/image/ab67616d00004851ee6611c95f868e465c98a0b2,https://open.spotify.com/track/6mORGLOz79w6VsCRLWYYuK
180,2017-09-14,181,Down,Happier,Ed Sheeran,489196,https://i.scdn.co/image/ab67616d00004851ba5db46f4b838ef6027e6f96,https://open.spotify.com/track/2RttW7RAu5nOAfq6YFvApB
181,2017-09-14,182,Down,"CAN'T STOP THE FEELING! (Original Song from DreamWorks Animation's ""TROLLS"")",Justin Timberlake,489115,https://i.scdn.co/image/ab67616d00004851ef37416970812293c08e8a78,https://open.spotify.com/track/6JV2JOEocMgcZxYSZelKcc
182,2017-09-14,183,Down,Fake Love,Drake,489040,https://i.scdn.co/image/6dfd956b9331fa9ea1f47ebb95311951ed72b3db,https://open.spotify.com/track/343YBumqHu19cGoGARUTsd
183,2017-09-14,184,Up,Think Before I Talk,Astrid S,482754,https://i.scdn.co/image/ab67616d0000485136939091499ba3b47c0c2b61,https://open.spotify.com/track/0Clb9aiXWa0dvVff5aN4VN
184,2017-09-14,185,Down,Tunnel Vision,Kodak Black,481137,https://i.scdn.co/image/ab67616d000048511541a676423805fc68ff3e66,https://open.spotify.com/track/4Q3N4Ct4zCuIHuZ65E3BD4
185,2017-09-14,186,Up,Hey Ma (with Pitbull & J Balvin feat. Camila Cabello) - Spanish Version,Pitbull,479867,https://i.scdn.co/image/ab67616d000048513e40b472d708ea3c6bd86670,https://open.spotify.com/track/2Vdub5mY4lad7w64bFPUez
186,2017-09-14,187,Down,Depression & Obsession,XXXTENTACION,478959,https://i.scdn.co/image/ab67616d00004851203c89bd4391468eea4cc3f5,https://open.spotify.com/track/2H3wWrnO758y0fPH7Ilerg
187,2017-09-14,188,Up,The Scientist,Coldplay,476459,https://i.scdn.co/image/ab67616d00004851ad6f442ecac8735b9285a923,https://open.spotify.com/track/75JFxkI2RXiU7L9VXzMkle
188,2017-09-14,189,Up,In the Name of Love,Martin Garrix,476171,https://i.scdn.co/image/ab67616d00004851923db3f255cd48a6d5783ebf,https://open.spotify.com/track/04DwTuZ2VBdJCCC5TROn7L
189,2017-09-14,190,Down,Mercy,Shawn Mendes,475637,https://i.scdn.co/image/ab67616d00004851188e6332f32088921ab1eaf8,https://open.spotify.com/track/4TZy1wLyHec06pwgFYDh1a
190,2017-09-14,191,Up,Criminal,Natti Natasha,474217,https://i.scdn.co/image/ab67616d00004851ff16b23d53ff793a64ec2138,https://open.spotify.com/track/2SmgFAhQkQCQPyBiBxR6Te
191,2017-09-14,192,Down,Wonderwall - Remastered,Oasis,473155,https://i.scdn.co/image/ab67616d0000485185e5dcc05cc216a10f141480,https://open.spotify.com/track/5qqabIl2vWzo9ApSC317sa
192,2017-09-14,193,Down,I'm Not The Only One,Sam Smith,473052,https://i.scdn.co/image/ab67616d000048514fb7193968e58e51c3db3ef4,https://open.spotify.com/track/0fioLzGM8ngbD1w6fMmm45
193,2017-09-14,194,New,In the End,Linkin Park,471848,https://i.scdn.co/image/ab67616d00004851e2f039481babe23658fc719a,https://open.spotify.com/track/60a0Rd6pjrkxjPbaKzXjfq
194,2017-09-14,195,Down,Carry On,XXXTENTACION,469432,https://i.scdn.co/image/ab67616d00004851203c89bd4391468eea4cc3f5,https://open.spotify.com/track/2yZax79pOrYuyIFVW2cZY2
195,2017-09-14,196,Down,'Till I Collapse,Eminem,467737,https://i.scdn.co/image/ab67616d00004851ccdb1982626f299b3b1d3efd,https://open.spotify.com/track/6yr8GiTHWvFfi4o6Q5ebdT
196,2017-09-14,197,Up,Loca (feat. Cali y El Dandee),Maite Perroni,466062,https://i.scdn.co/image/ab67616d00004851aff6f2b3368a8bf5bb6eb94d,https://open.spotify.com/track/05ZXXyeZFhZtA6DAP3Aw7x
197,2017-09-14,198,Down,do re mi,blackbear,461826,https://i.scdn.co/image/25560e082d8ff78217dd6594d18f827a4049cc63,https://open.spotify.com/track/3Q3myFA7q4Op95DOpHplaY
198,2017-09-14,199,New,Suena El Dembow,Joey Montana,461239,https://i.scdn.co/image/ab67616d00004851c8185c654dc0409609c5eb31,https://open.spotify.com/track/5TysCiZtv1HnSWcTcUFusI
199,2017-09-14,200,Down,T-Shirt,Migos,461094,https://i.scdn.co/image/ab67616d0000485199a8ab6da9d593939302828a,https://open.spotify.com/track/7KOlJ92bu51cltsD9KU5I7
