,Date,Position,Trend,Title,Artist,Streams,Icon_URL,Spotify_URL
0,2017-09-15,1,Up,Mi Gente,J Balvin,4372920,https://i.scdn.co/image/ab67616d00004851996bd1ea86bd3815eedfeef5,https://open.spotify.com/track/2rb5MvYT7ZIxbKW5hfcHx8
1,2017-09-15,2,Down,Too Good At Goodbyes - Edit,Sam Smith,4261199,https://i.scdn.co/image/ab67616d000048510a5b25f2ae0690285b4b1508,https://open.spotify.com/track/0mel2N9Ws9r4yLQn5QE21Y
2,2017-09-15,3,Flat,Look What You Made Me Do,Taylor Swift,4020237,https://i.scdn.co/image/ab67616d00004851e3953b884e6b0bd31933d4e0,https://open.spotify.com/track/6uFsE1JgZ20EXyU0JQZbUR
3,2017-09-15,4,Flat,New Rules,Dua Lipa,3910208,https://i.scdn.co/image/ab67616d000048516b915e407b70e121e06fe979,https://open.spotify.com/track/2ekn2ttSfGqwhhate0LSR0
4,2017-09-15,5,Flat,1-800-273-8255,Logic,3457993,https://i.scdn.co/image/08f9ccb7875a87c07c79c1ccd5319263786c55ea,https://open.spotify.com/track/5tz69p7tJuGPeMGwNTxYuV
5,2017-09-15,6,Up,Friends (with BloodPop®),Justin Bieber,3188444,https://i.scdn.co/image/ab67616d00004851302806b2c89a0f7a24b4922c,https://open.spotify.com/track/7nZmah2llfvLDiUjm0kiyz
6,2017-09-15,7,Down,Dusk Till Dawn - Radio Edit,ZAYN,3183544,https://i.scdn.co/image/ab67616d0000485123852b7ef0ecfe29d38d97ee,https://open.spotify.com/track/1j4kHkkpqZRBwE0A4CN4Yv
7,2017-09-15,8,Flat,Havana,Camila Cabello,3103172,https://i.scdn.co/image/ab67616d00004851d93cf4d07ba50d7b32ca7c44,https://open.spotify.com/track/0ofbQMrRDsUaVKq2mGLEAb
8,2017-09-15,9,Flat,Unforgettable,French Montana,3047851,https://i.scdn.co/image/ab67616d000048518a31195a371b2233456f6c07,https://open.spotify.com/track/3B54sVLJ402zGa6Xm4YGNe
9,2017-09-15,10,Flat,Silence,Marshmello,2973009,https://i.scdn.co/image/ab67616d00004851f33ba583059dc2f7d08bf2b8,https://open.spotify.com/track/7vGuf3Y35N4wmASOKLUVVU
10,2017-09-15,11,Flat,Feels,Calvin Harris,2866355,https://i.scdn.co/image/ab67616d000048514d3fa5ce7ba599f4fd7803ef,https://open.spotify.com/track/5bcTCxgc7xVfSaMV3RuVke
11,2017-09-15,12,Flat,Sorry Not Sorry,Demi Lovato,2769778,https://i.scdn.co/image/ab67616d0000485110e3276edd7706710560bd4c,https://open.spotify.com/track/25C5CowdsfXld2jJanbiex
12,2017-09-15,13,New,rockstar,Post Malone,2675994,https://i.scdn.co/image/ab67616d00004851345f823b6c1dbd3b4cc7b382,https://open.spotify.com/track/7wGoVu4Dady5GV0Sv4UIsx
13,2017-09-15,14,Down,What Lovers Do (feat. SZA),Maroon 5,2601251,https://i.scdn.co/image/ab67616d000048513c5e0b163d55ef4e27f60689,https://open.spotify.com/track/4mxWSdf71VFO52qFeY0fZt
14,2017-09-15,15,Down,Attention,Charlie Puth,2471958,https://i.scdn.co/image/ab67616d00004851db21a273452f0637cdbc35aa,https://open.spotify.com/track/4iLqG9SeJSnt0cSPICSjxv
15,2017-09-15,16,Flat,Shape of You,Ed Sheeran,2433790,https://i.scdn.co/image/ab67616d00004851ba5db46f4b838ef6027e6f96,https://open.spotify.com/track/7qiZfU4dY1lWllzX7mPBI3
16,2017-09-15,17,Up,XO Tour Llif3,Lil Uzi Vert,2319948,https://i.scdn.co/image/ab67616d0000485141b41e6f7924e530a9b00f9c,https://open.spotify.com/track/7GX5flRQZVHRAGd6B4TmDO
17,2017-09-15,18,Up,Thunder,Imagine Dragons,2315238,https://i.scdn.co/image/ab67616d000048517956bd9a3d7a15e4c2e37cc6,https://open.spotify.com/track/0tKcYR2II1VCQWT79i5NrW
18,2017-09-15,19,Up,Wild Thoughts (feat. Rihanna & Bryson Tiller),DJ Khaled,2308503,https://i.scdn.co/image/ab67616d00004851dcb6a73da1e7f293b875f69c,https://open.spotify.com/track/1OAh8uOEOvTDqkKFsKksCi
19,2017-09-15,20,Up,More Than You Know,Axwell /\ Ingrosso,2299380,https://i.scdn.co/image/ab67616d00004851cb442ec337da75fb09cc3981,https://open.spotify.com/track/3PEgB3fkiojxms35ntsTgs
20,2017-09-15,21,Up,Young Dumb & Broke,Khalid,2278834,https://i.scdn.co/image/ab67616d00004851988ede5e1276e758b5f9e577,https://open.spotify.com/track/5Z3GHaZ6ec9bsiI5BenrbY
21,2017-09-15,22,Down,Jocelyn Flores,XXXTENTACION,2268364,https://i.scdn.co/image/ab67616d00004851203c89bd4391468eea4cc3f5,https://open.spotify.com/track/7m9OqQk4RVRkw9JJdeAw96
22,2017-09-15,23,Down,Back to You (feat. Bebe Rexha & Digital Farm Animals),Louis Tomlinson,2238641,https://i.scdn.co/image/ab67616d00004851327d7ffa53a268bf7411c28b,https://open.spotify.com/track/7F9vK8hNFMml4GtHsaXui6
23,2017-09-15,24,Up,Despacito - Remix,Luis Fonsi,2230769,https://i.scdn.co/image/ab67616d00004851d8559d0280ffe2a2af6dacdf,https://open.spotify.com/track/5CtI0qwDJkDQGwXD1H1cLb
24,2017-09-15,25,Down,...Ready For It?,Taylor Swift,2201880,https://i.scdn.co/image/ab67616d000048516d8d80daf86adc5dcf8a80bc,https://open.spotify.com/track/19WjVVgXjdKXfLXoaDPwTM
25,2017-09-15,26,Down,Glorious (feat. Skylar Grey),Macklemore,2196816,https://i.scdn.co/image/ab67616d000048512c19c42e316cd3d949c992b0,https://open.spotify.com/track/3HVr6jTVwBHBa2flM0eURR
26,2017-09-15,27,Down,Strip That Down,Liam Payne,2174242,https://i.scdn.co/image/ab67616d00004851ec1abb2ba5e210e826161111,https://open.spotify.com/track/6EpRaXYhGOB3fj4V2uDkMJ
27,2017-09-15,28,Flat,Without You (feat. Sandro Cavazza),Avicii,2099601,https://i.scdn.co/image/ab67616d0000485130800bfbfff51ddb031d9bd7,https://open.spotify.com/track/6WbADFqMvR8N5u0BvtsWQE
28,2017-09-15,29,Down,2U (feat. Justin Bieber),David Guetta,2080977,https://i.scdn.co/image/ab67616d0000485145c5570d4a66346d8f683913,https://open.spotify.com/track/3A7qX2QjDlPnazUsRk5y0M
29,2017-09-15,30,Down,Mama,Jonas Blue,2050504,https://i.scdn.co/image/14891cf71e2287163c137e90074783ba5cdd4ff4,https://open.spotify.com/track/0NiXXAI876aGImAd6rTj8w
30,2017-09-15,31,Down,Bank Account,21 Savage,2048700,https://i.scdn.co/image/ab67616d0000485163bdcfe76718674e7783df36,https://open.spotify.com/track/5eqK0tbzUPo2SoeZsov04s
31,2017-09-15,32,Up,Bodak Yellow,Cardi B,1970513,https://i.scdn.co/image/ab67616d0000485162a2dedc55a38a0fca0a17b0,https://open.spotify.com/track/2771LMNxwf62FTAdpJMQfM
32,2017-09-15,33,Down,Me Rehúso,Danny Ocean,1932726,https://i.scdn.co/image/ab67616d00004851a75bd33684083600569dd3bf,https://open.spotify.com/track/6De0lHrwBfPfrhorm9q1Xl
33,2017-09-15,34,Down,I Like Me Better,Lauv,1906874,https://i.scdn.co/image/ab67616d00004851fab48816b625e2a77a732400,https://open.spotify.com/track/1wjzFQodRWrPcQ0AnYnvQ9
34,2017-09-15,35,Flat,HUMBLE.,Kendrick Lamar,1821921,https://i.scdn.co/image/ae1f239b41e9604a66eb900834c6887cd2f62ff1,https://open.spotify.com/track/7KXjTSCq5nL1LoYtL7XAwS
35,2017-09-15,36,Down,What About Us,P!nk,1780005,https://i.scdn.co/image/ab67616d000048511d75bb4aadfc620497c5db0f,https://open.spotify.com/track/31MkGwj0SWgZaTvEt5Hgxv
36,2017-09-15,37,Down,"I'm the One (feat. Justin Bieber, Quavo, Chance the Rapper & Lil Wayne)",DJ Khaled,1748261,https://i.scdn.co/image/ab67616d00004851dcb6a73da1e7f293b875f69c,https://open.spotify.com/track/3DXncPQOG4VBw3QHh3S817
37,2017-09-15,38,Down,There's Nothing Holdin' Me Back,Shawn Mendes,1715006,https://i.scdn.co/image/ab67616d00004851f9cbd0c07513a7232cd6b9a7,https://open.spotify.com/track/79cuOz3SPQTuFrp8WgftAu
38,2017-09-15,39,New,Too Much To Ask,Niall Horan,1697802,https://i.scdn.co/image/ab67616d00004851595d5821c312f9b43cafd575,https://open.spotify.com/track/2NkbRmygVirMQFCjSkyY7Q
39,2017-09-15,40,Flat,Congratulations,Post Malone,1625588,https://i.scdn.co/image/23bae95100dcb6ac8f88c19fa2a11c50a998a926,https://open.spotify.com/track/3a1lNhkSLSkpJE4MSHpDu9
40,2017-09-15,41,Down,Your Song,Rita Ora,1616835,https://i.scdn.co/image/ab67616d00004851528e7f2b6eda1b2a20ccfb1f,https://open.spotify.com/track/4c2W3VKsOFoIg2SFaO6DY5
41,2017-09-15,42,Down,Felices los 4,Maluma,1613281,https://i.scdn.co/image/ab67616d00004851d9732b592276542ecafa6c6d,https://open.spotify.com/track/0qYTZCo5Bwh1nsUFGZP3zn
42,2017-09-15,43,Down,Lonely Together (feat. Rita Ora),Avicii,1572375,https://i.scdn.co/image/241ee98f30f1a0066a26890586952e393a473b0d,https://open.spotify.com/track/2OALaHcDdKkjYEpAr0Qzab
43,2017-09-15,44,Up,Bonita,J Balvin,1463319,https://i.scdn.co/image/ab67616d0000485148f3fc1d4f0fed414418e041,https://open.spotify.com/track/693iqPOQvhI7PobtR8CC8v
44,2017-09-15,45,Down,Something Just Like This,The Chainsmokers,1453999,https://i.scdn.co/image/ab67616d000048510c13d3d5a503c84fcc60ae94,https://open.spotify.com/track/6RUKPb4LETWmmr3iAEQktW
45,2017-09-15,46,Down,Feel It Still,Portugal. The Man,1451381,https://i.scdn.co/image/ab67616d00004851af52c228c9619ff6298b08cd,https://open.spotify.com/track/6QgjcU0zLnzq5OrUoSZ3OK
46,2017-09-15,47,Down,Swalla (feat. Nicki Minaj & Ty Dolla $ign),Jason Derulo,1433770,https://i.scdn.co/image/ab67616d000048519d6522bee68370fa5592301d,https://open.spotify.com/track/6kex4EBAj0WHXDKZMEJaaF
47,2017-09-15,48,Down,Believer,Imagine Dragons,1411654,https://i.scdn.co/image/ab67616d000048517956bd9a3d7a15e4c2e37cc6,https://open.spotify.com/track/0CcQNd8CINkwQfe1RDtGV6
48,2017-09-15,49,Flat,Una Lady Como Tú,Manuel Turizo,1397981,https://i.scdn.co/image/ab67616d00004851f9dc35bc367fcf98e763d27e,https://open.spotify.com/track/7MHN1aCFtLXjownGhvEQlF
49,2017-09-15,50,Down,Slow Hands,Niall Horan,1376560,https://i.scdn.co/image/ab67616d00004851805efe949d48d6f50e604919,https://open.spotify.com/track/167NczpNbRF7oWakJaY3Hh
50,2017-09-15,51,Down,Fuck Love (feat. Trippie Redd),XXXTENTACION,1364735,https://i.scdn.co/image/ab67616d00004851203c89bd4391468eea4cc3f5,https://open.spotify.com/track/7AQim7LbvFVZJE3O8TYgf2
51,2017-09-15,52,Down,BUTTERFLY EFFECT,Travis Scott,1352134,https://i.scdn.co/image/ab67616d00004851b5e9358d0d07114609d9afab,https://open.spotify.com/track/1yxgsra98r3qAtxqiGZPiX
52,2017-09-15,53,Down,Mayores,Becky G,1270330,https://i.scdn.co/image/ab67616d00004851b5983d639fd953deb3c99848,https://open.spotify.com/track/7JNh1cfm0eXjqFVOzKLyau
53,2017-09-15,54,Up,Despacito (Featuring Daddy Yankee),Luis Fonsi,1265510,https://i.scdn.co/image/ab67616d00004851a5971936e3b8d91f8b616b17,https://open.spotify.com/track/4aWmUDTfIPGksMNLV2rQP2
54,2017-09-15,55,Down,Escápate Conmigo,Wisin,1249492,https://i.scdn.co/image/ab67616d000048512b02904e5404ad6069c16a4f,https://open.spotify.com/track/2cnKEkpVUSV4wnjQiTWfH6
55,2017-09-15,56,Down,Rich Love (with Seeb),OneRepublic,1204021,https://i.scdn.co/image/ab67616d000048516f2fa4c6cd6653d8d770a415,https://open.spotify.com/track/7aF09WaavZAmAWuUeYxlYD
56,2017-09-15,57,New,"Homemade Dynamite (Feat. Khalid, Post Malone & SZA) - REMIX",Lorde,1203818,https://i.scdn.co/image/ab67616d00004851bc11b6285e64be105ecccc78,https://open.spotify.com/track/7rdUtXasA973gmrr2Xxh3E
57,2017-09-15,58,Down,Questions,Chris Brown,1149892,https://i.scdn.co/image/ab67616d00004851df5b4bb2ee00999c60ce05b7,https://open.spotify.com/track/5XQMr19TL7Mfksq9zihbOu
58,2017-09-15,59,Down,The Way Life Goes (feat. Oh Wonder),Lil Uzi Vert,1147808,https://i.scdn.co/image/ab67616d0000485141b41e6f7924e530a9b00f9c,https://open.spotify.com/track/2eAZfqOm4EnOF9VvN50Tyc
59,2017-09-15,60,Down,There for You,Martin Garrix,1139425,https://i.scdn.co/image/ab67616d0000485172c57da7edfe8e915182cdd4,https://open.spotify.com/track/6jA8HL9i4QGzsj6fjoxp8Y
60,2017-09-15,61,Down,"Let Me Go (with Alesso, Florida Georgia Line & watt)",Hailee Steinfeld,1134849,https://i.scdn.co/image/6cddf7ee782fd49ceb0d5b5975505dfc5e6c3483,https://open.spotify.com/track/5Gu0PDLN4YJeW75PpBSg9p
61,2017-09-15,62,Down,Location,Khalid,1089569,https://i.scdn.co/image/ab67616d00004851988ede5e1276e758b5f9e577,https://open.spotify.com/track/152lZdxL1OR0ZMW6KquMif
62,2017-09-15,63,Down,Would You Ever,Skrillex,1065779,https://i.scdn.co/image/ab67616d00004851c2896a061e50f35f97337512,https://open.spotify.com/track/57p8CBvPOxrvyCbn6ttl5r
63,2017-09-15,64,Down,Robarte un Beso,Carlos Vives,1057494,https://i.scdn.co/image/ab67616d0000485126f611d8f55ec6cecb29192e,https://open.spotify.com/track/4z3GJkrtH97Bj6fRta983T
64,2017-09-15,65,Down,Báilame - Remix,Nacho,1051387,https://i.scdn.co/image/ab67616d00004851473f54a79eb118bdfa668aa2,https://open.spotify.com/track/3VClLWqNn80Llv0PJOsKgr
65,2017-09-15,66,Down,I Get The Bag (feat. Migos),Gucci Mane,1050756,https://i.scdn.co/image/ab67616d00004851a774223eda7c354f45f898a6,https://open.spotify.com/track/1HTtUBEY3tuw2btgwwI2Ja
66,2017-09-15,67,Down,Symphony (feat. Zara Larsson),Clean Bandit,1027331,https://i.scdn.co/image/ab67616d000048515b1130d050c4cd2295999d85,https://open.spotify.com/track/1x5sYLZiu9r5E43kMlt9f8
67,2017-09-15,68,New,Curve (feat. The Weeknd),Gucci Mane,1021776,https://i.scdn.co/image/ab67616d000048511f90ff3ff9252f0be327582a,https://open.spotify.com/track/1tp1xMJ1uaOktksskS0Fzs
68,2017-09-15,69,Down,goosebumps,Travis Scott,1018931,https://i.scdn.co/image/ab67616d00004851f54b99bf27cda88f4a7403ce,https://open.spotify.com/track/6gBFPUFcJLzWGx4lenP6h2
69,2017-09-15,70,Down,Pretty Girl - Cheat Codes X CADE Remix,Maggie Lindemann,1012616,https://i.scdn.co/image/ab67616d000048517c7436e1b6273be0e7bc1a84,https://open.spotify.com/track/1NDxZ7cFAo481dtYWdrUnR
70,2017-09-15,71,Down,Ahora Dice,Chris Jeday,1011966,https://i.scdn.co/image/ab67616d000048513a142c7e7fc7863dc1a256ed,https://open.spotify.com/track/22eADXu8DfOAUEDw4vU8qy
71,2017-09-15,72,Down,Reggaetón Lento (Remix),CNCO,998989,https://i.scdn.co/image/ab67616d00004851c4c45bf90052845efd2a597d,https://open.spotify.com/track/3zoYkqS4y2BsGVShPL2nTE
72,2017-09-15,73,Up,Se Preparó,Ozuna,989987,https://i.scdn.co/image/ab67616d00004851b0a875d7f1bfe4ec4aaffa48,https://open.spotify.com/track/1m69ELEgE6k5ZWsap40ozt
73,2017-09-15,74,Down,That's What I Like,Bruno Mars,973340,https://i.scdn.co/image/ab67616d00004851232711f7d66a1e19e89e28c5,https://open.spotify.com/track/0KKkJNfGyhkQ5aFogxQAPU
74,2017-09-15,75,Up,Mask Off,Future,960621,https://i.scdn.co/image/ab67616d00004851356884f85665ebdd79223fdf,https://open.spotify.com/track/3rOSwuTsUlJp0Pu0MkN8r8
75,2017-09-15,76,Up,Tú Foto,Ozuna,940152,https://i.scdn.co/image/ab67616d00004851b0a875d7f1bfe4ec4aaffa48,https://open.spotify.com/track/5zSOVwaY3sVjnmLhuEfsuf
76,2017-09-15,77,Down,No Promises (feat. Demi Lovato),Cheat Codes,935654,https://i.scdn.co/image/ab67616d00004851e74ecdb2f1316c8f026970a8,https://open.spotify.com/track/1louJpMmzEicAn7lzDalPW
77,2017-09-15,78,Down,Redbone,Childish Gambino,934261,https://i.scdn.co/image/ab67616d000048510b97e56ffad7c6211aa848f8,https://open.spotify.com/track/3kxfsdsCpFgN412fpnW85Y
78,2017-09-15,79,Down,"Know No Better (feat. Travis Scott, Camila Cabello & Quavo)",Major Lazer,925583,https://i.scdn.co/image/ab67616d00004851de1e9558f85913eb0b47f623,https://open.spotify.com/track/3Ytr1SUCUi6J3L9dRFx5iH
79,2017-09-15,80,Down,Love Galore (feat. Travis Scott),SZA,925550,https://i.scdn.co/image/ab67616d000048514c79d5ec52a6d0302f3add25,https://open.spotify.com/track/0q75NwOoFiARAVp4EXU4Bs
80,2017-09-15,81,Up,Rake It Up,Yo Gotti,921743,https://i.scdn.co/image/ab67616d00004851dc371ef9c9ad4c33b3fc130a,https://open.spotify.com/track/6c7D34787LOtPm8tzhsLgH
81,2017-09-15,82,Down,It Ain't Me (with Selena Gomez),Kygo,903076,https://i.scdn.co/image/ab67616d0000485141f289940f2e6a0d51988d77,https://open.spotify.com/track/3eR23VReFzcdmS7TYCrhCe
82,2017-09-15,83,Down,Say You Won't Let Go,James Arthur,893919,https://i.scdn.co/image/ab67616d0000485120beb61f61fcbeb33b10a9ab,https://open.spotify.com/track/5uCax9HTNlzGybIStD3vDh
83,2017-09-15,84,Down,Instruction (feat. Demi Lovato & Stefflon Don),Jax Jones,891378,https://i.scdn.co/image/ab67616d00004851785528fd13fc6d63e29542f4,https://open.spotify.com/track/0XfOi87h82i09rQjWYG0Bm
84,2017-09-15,85,Down,Fetish (feat. Gucci Mane),Selena Gomez,881406,https://i.scdn.co/image/ab67616d00004851676b024fbd4c52c3fa382dd4,https://open.spotify.com/track/0XLOf9LhyazPX9Ld8jPiUq
85,2017-09-15,86,Down,Everybody Dies In Their Nightmares,XXXTENTACION,878152,https://i.scdn.co/image/ab67616d00004851203c89bd4391468eea4cc3f5,https://open.spotify.com/track/3GVkPk8mqxz0itaAriG1L7
86,2017-09-15,87,Down,Stay (with Alessia Cara),Zedd,875877,https://i.scdn.co/image/ab67616d0000485191a70f95efc3400f696e89cc,https://open.spotify.com/track/0dA2Mk56wEzDgegdC6R17g
87,2017-09-15,88,Up,Krippy Kush,Farruko,873418,https://i.scdn.co/image/ab67616d00004851f5f4d2ea789691a700a66b97,https://open.spotify.com/track/7FfpP3YZ6fOWMdxkIAtud9
88,2017-09-15,89,Down,DNA.,Kendrick Lamar,868019,https://i.scdn.co/image/ae1f239b41e9604a66eb900834c6887cd2f62ff1,https://open.spotify.com/track/6HZILIRieu8S0iqY8kIKhj
89,2017-09-15,90,Down,Galway Girl,Ed Sheeran,856645,https://i.scdn.co/image/ab67616d00004851ba5db46f4b838ef6027e6f96,https://open.spotify.com/track/0afhq8XCExXpqazXczTSve
90,2017-09-15,91,Flat,Hey DJ,CNCO,855322,https://i.scdn.co/image/ab67616d000048514358c8856d3acc00ca6c3578,https://open.spotify.com/track/209gZgcfLq2aUuu51vOWBl
91,2017-09-15,92,Down,Magnolia,Playboi Carti,837955,https://i.scdn.co/image/cbfa858a49a59efbca64c6f7078068cf07731bd0,https://open.spotify.com/track/1e1JKLEDKP7hEQzJfNAgPl
92,2017-09-15,93,Up,OK - Spotify Version,Robin Schulz,833852,https://i.scdn.co/image/ab67616d000048517fd57367322c558ca19c9ed8,https://open.spotify.com/track/3bWAqKDWg6u1davspr5IkS
93,2017-09-15,94,Down,If I'm Lucky,Jason Derulo,830323,https://i.scdn.co/image/ab67616d000048513d4b1b9e8a5863294562d76b,https://open.spotify.com/track/6eUncuJutsFi9BGO1JaBHh
94,2017-09-15,95,Down,"I Don’t Wanna Live Forever (Fifty Shades Darker) - From ""Fifty Shades Darker (Original Motion Picture Soundtrack)""",ZAYN,827458,https://i.scdn.co/image/ab67616d000048512ae921f082ae5db4d3da818f,https://open.spotify.com/track/3NdDpSvN911VPGivFlV5d0
95,2017-09-15,96,Down,Closer,The Chainsmokers,821444,https://i.scdn.co/image/ab67616d00004851495ce6da9aeb159e94eaa453,https://open.spotify.com/track/7BKLCZ1jbUBVqRi2FVlTVw
96,2017-09-15,97,Down,Slippery (feat. Gucci Mane),Migos,818775,https://i.scdn.co/image/ab67616d0000485199a8ab6da9d593939302828a,https://open.spotify.com/track/6p8NuHm8uCGnn2Dtbtf7zE
97,2017-09-15,98,Down,OMG,Camila Cabello,814935,https://i.scdn.co/image/ab67616d00004851147a905ba006c3ed794f17fd,https://open.spotify.com/track/4xBjsLUSjcx2h7PcRikpQp
98,2017-09-15,99,Down,Que Va,Alex Sensation,808230,https://i.scdn.co/image/ab67616d00004851571f364389a9436e4ff8a362,https://open.spotify.com/track/7ofxPmTNMj2GP07g1VZa0O
99,2017-09-15,100,Down,Perfect,Ed Sheeran,797734,https://i.scdn.co/image/ab67616d00004851ba5db46f4b838ef6027e6f96,https://open.spotify.com/track/0tgVpDi06FyKpA1z0VMD4v
100,2017-09-15,101,Down,Roll In Peace (feat. XXXTENTACION),Kodak Black,789344,https://i.scdn.co/image/ab67616d00004851583ce93dc89d84218f233ea7,https://open.spotify.com/track/40oKW22ZNNkEdZLJTScaQI
101,2017-09-15,102,Down,Praying,Kesha,769730,https://i.scdn.co/image/ab67616d0000485155de63b8aaf464fe8146b4f1,https://open.spotify.com/track/0jdny0dhgjUwoIp5GkqEaA
102,2017-09-15,103,New,Arrows,Foo Fighters,765715,https://i.scdn.co/image/ab67616d000048515a1c14ac0fba3e842600d6bd,https://open.spotify.com/track/6JSryEdVJTZq6YBn3wK2sn
103,2017-09-15,104,Up,Bella y Sensual,Romeo Santos,754955,https://i.scdn.co/image/ab67616d00004851827d0777f8cccdf5b7481442,https://open.spotify.com/track/0ERbK7qVqveCaBWIiYCrl3
104,2017-09-15,105,Up,Slide,Calvin Harris,754376,https://i.scdn.co/image/ab67616d000048514d3fa5ce7ba599f4fd7803ef,https://open.spotify.com/track/7tr2za8SQg2CI8EDgrdtNl
105,2017-09-15,106,Up,Swish Swish,Katy Perry,750196,https://i.scdn.co/image/ab67616d000048511487979a7e0181a5d0406d1a,https://open.spotify.com/track/2kVHAQKVtczchKctctzbtK
106,2017-09-15,107,Down,LOYALTY. FEAT. RIHANNA.,Kendrick Lamar,749776,https://i.scdn.co/image/ae1f239b41e9604a66eb900834c6887cd2f62ff1,https://open.spotify.com/track/6SwRhMLwNqEi6alNPVG00n
107,2017-09-15,108,Down,Issues,Julia Michaels,748991,https://i.scdn.co/image/bed97a5c36c8dda6724f89ecfd8c23497cc897f4,https://open.spotify.com/track/0xG0SHshCStMEyNbNC5d4k
108,2017-09-15,109,Down,El Farsante,Ozuna,748151,https://i.scdn.co/image/ab67616d00004851b0a875d7f1bfe4ec4aaffa48,https://open.spotify.com/track/5EId1m4DNwTf3at31w8bPJ
109,2017-09-15,110,Down,Signs,Drake,746254,https://i.scdn.co/image/ab67616d000048514d37373eef5fcb26802d8c18,https://open.spotify.com/track/5EnYT6F7wEcdege6mDHEfO
110,2017-09-15,111,Down,Passionfruit,Drake,745528,https://i.scdn.co/image/ab67616d000048515ea859dc94365abd9fd84fd6,https://open.spotify.com/track/7hDc8b7IXETo14hHIHdnhd
111,2017-09-15,112,Down,Starboy,The Weeknd,739395,https://i.scdn.co/image/ab67616d000048510c8599cbde51245c128bcea9,https://open.spotify.com/track/5aAx2yezTd8zXrkmtKl66Z
112,2017-09-15,113,Down,Unforgettable,Thomas Rhett,723200,https://i.scdn.co/image/2a921a3006fc3c87867a4f8067f085a1ef533ebc,https://open.spotify.com/track/30MM5jWpUmOxtTNd9Ey5LZ
113,2017-09-15,114,Down,Most Girls,Hailee Steinfeld,720411,https://i.scdn.co/image/ab67616d000048519e1b81dc79bd5055417b1e5a,https://open.spotify.com/track/2mfUa8bLs2s5N4VaqJZ4lZ
114,2017-09-15,115,Down,La Rompe Corazones,Daddy Yankee,720176,https://i.scdn.co/image/ab67616d00004851b84a36483e43bfbcb931fcde,https://open.spotify.com/track/4okba5wu9mMLXx79DXLKi3
115,2017-09-15,116,Down,LOVE. FEAT. ZACARI.,Kendrick Lamar,718103,https://i.scdn.co/image/ae1f239b41e9604a66eb900834c6887cd2f62ff1,https://open.spotify.com/track/6PGoSes0D9eUDeeAafB2As
116,2017-09-15,117,New,Run,Foo Fighters,715545,https://i.scdn.co/image/ab67616d000048515a1c14ac0fba3e842600d6bd,https://open.spotify.com/track/1wLQwg0mloy3yXjL0jPE0N
117,2017-09-15,118,Down,One Dance,Drake,715177,https://i.scdn.co/image/ab67616d00004851726abca207567d5e41cb9667,https://open.spotify.com/track/1xznGGDReH1oQq0xzbwXa3
118,2017-09-15,119,Down,Crying in the Club,Camila Cabello,699791,https://i.scdn.co/image/ab67616d00004851cec62b81146fe4d116fbb2fa,https://open.spotify.com/track/1SJtlNRJDeYHioymcvsqev
119,2017-09-15,120,Down,I Feel It Coming,The Weeknd,698845,https://i.scdn.co/image/b3683184efeb899b2d1a02f4957d0c630dc10b0b,https://open.spotify.com/track/5GXAXm5YOmYT0kL5jHvYBt
120,2017-09-15,121,Down,Explícale (feat. Bad Bunny),Yandel,697538,https://i.scdn.co/image/ab67616d00004851b54d1c695daae20467312eb3,https://open.spotify.com/track/1LszjjoVwDDZcWUQbzeDLG
121,2017-09-15,122,New,Find You,Nick Jonas,695461,https://i.scdn.co/image/ab67616d000048516021424e3044de4600d4e80c,https://open.spotify.com/track/6Ll3qUTssdGWMxbwhMud2N
122,2017-09-15,123,New,The Sky Is A Neighborhood,Foo Fighters,687789,https://i.scdn.co/image/ab67616d000048515a1c14ac0fba3e842600d6bd,https://open.spotify.com/track/3kdMzXOcrDIdSWLdONHNK5
123,2017-09-15,124,Down,It's A Vibe,2 Chainz,679887,https://i.scdn.co/image/179288654e273e14d827a4aa76cf37115e139ca0,https://open.spotify.com/track/6H0AwSQ20mo62jGlPGB8S6
124,2017-09-15,125,Down,Look At Me!,XXXTENTACION,679003,https://i.scdn.co/image/ab67616d0000485125b5901b8bcf902f54d466d9,https://open.spotify.com/track/4ARPvK8DHLwt4oX65ZAFMw
125,2017-09-15,126,Down,Drowning (feat. Kodak Black),A Boogie Wit da Hoodie,678112,https://i.scdn.co/image/ab67616d0000485131d8918139b720e4141adeec,https://open.spotify.com/track/6Q2FftbUG530lCtBI74bMH
126,2017-09-15,127,Down,Otra vez (feat. J Balvin),Zion & Lennox,675012,https://i.scdn.co/image/ab67616d0000485182eabf564ddc57325a84dd50,https://open.spotify.com/track/3QwBODjSEzelZyVjxPOHdq
127,2017-09-15,128,Down,Rockabye (feat. Sean Paul & Anne-Marie),Clean Bandit,672496,https://i.scdn.co/image/ab67616d000048511431c3bdf16aa99f71799d95,https://open.spotify.com/track/5knuzwU65gJK7IF5yJsuaW
128,2017-09-15,129,Down,Bad Liar,Selena Gomez,670601,https://i.scdn.co/image/ab67616d00004851f40c5ecb3d327a55e8aa6714,https://open.spotify.com/track/1sCxVKWImDZSZKvG0U9B23
129,2017-09-15,130,Down,Scared to Be Lonely,Martin Garrix,668691,https://i.scdn.co/image/ab67616d0000485164f8a309aa3c0a66a31fc374,https://open.spotify.com/track/3ebXMykcMXOcLeJ9xZ17XH
130,2017-09-15,131,Down,Malibu,Miley Cyrus,663883,https://i.scdn.co/image/ab67616d000048512fe7eac044c3912f06432f22,https://open.spotify.com/track/2habSXqcJGExM6JJyskY7O
131,2017-09-15,132,Down,Body Like A Back Road,Sam Hunt,656101,https://i.scdn.co/image/ab67616d000048519eccbdab1110afc4d5a186a8,https://open.spotify.com/track/7mldq42yDuxiUNn08nvzHO
132,2017-09-15,133,Down,Photograph,Ed Sheeran,655204,https://i.scdn.co/image/ab67616d00004851d08209944468440145f01524,https://open.spotify.com/track/6fxVffaTuwjgEk5h9QyRjy
133,2017-09-15,134,Down,The Race,Tay-K,645461,https://i.scdn.co/image/ab67616d000048510ee2cd0f66c658af53b78ee1,https://open.spotify.com/track/5RCfvwDewu6p2x1mEI6smX
134,2017-09-15,135,Down,Loco Enamorado,Abraham Mateo,643844,https://i.scdn.co/image/ab67616d00004851c7c9cff204bc6b4a3e36e42d,https://open.spotify.com/track/4N1c5rmWOzRmB9SMacr5wB
135,2017-09-15,136,Down,Sigo Extrañándote,J Balvin,641260,https://i.scdn.co/image/ab67616d00004851338ffc4c72a192f06070546b,https://open.spotify.com/track/6qDF4wWL49CAVbgT7yuHl8
136,2017-09-15,137,New,T-Shirt,Foo Fighters,639838,https://i.scdn.co/image/ab67616d000048515a1c14ac0fba3e842600d6bd,https://open.spotify.com/track/3OG5wVO27N3HtdtxPLpPFt
137,2017-09-15,138,Down,Super Far,LANY,635527,https://i.scdn.co/image/ab67616d000048514bf52f0d4578b67e362f4672,https://open.spotify.com/track/74ODGXs4byLTRdnKGM4s6E
138,2017-09-15,139,Down,"Sola (Remix) [feat. Daddy Yankee, Wisin, Farruko, Zion & Lennox]",Anuel AA,629739,https://i.scdn.co/image/ab67616d00004851a66def7d649149464edc8f1e,https://open.spotify.com/track/5q2JbCNi4FcnglgPfxcV65
139,2017-09-15,140,Down,Sign of the Times,Harry Styles,627498,https://i.scdn.co/image/ab67616d000048516c619c39c853f8b1d67b7859,https://open.spotify.com/track/5Ohxk2dO5COHF1krpoPigN
140,2017-09-15,141,Flat,Si Tú La Ves (feat. Wisin),Nicky Jam,621407,https://i.scdn.co/image/ab67616d00004851d77dbcd4dbd37cdfa61771fa,https://open.spotify.com/track/4yN6xPLopmTLvc27pO9LIE
141,2017-09-15,142,Down,Transportin',Kodak Black,617740,https://i.scdn.co/image/ab67616d00004851583ce93dc89d84218f233ea7,https://open.spotify.com/track/1WIZiOuNO3woKfdlSK2gNn
142,2017-09-15,143,Down,El Amante,Nicky Jam,617430,https://i.scdn.co/image/ab67616d00004851d77dbcd4dbd37cdfa61771fa,https://open.spotify.com/track/3umS4y3uQDkqekNjVpiRUs
143,2017-09-15,144,Down,Me Enamoré,Shakira,616672,https://i.scdn.co/image/ab67616d00004851d05d3aad30c5fb7614893cf5,https://open.spotify.com/track/4qknM1pQz53QOyfDVTjcM9
144,2017-09-15,145,Down,do re mi (feat. Gucci Mane),blackbear,616544,https://i.scdn.co/image/0204c2af4ad772fd738bbd661b300a4dec113e71,https://open.spotify.com/track/53mrVsi49rLHIaKBiSvElG
145,2017-09-15,146,Up,Perplexing Pegasus,Rae Sremmurd,616518,https://i.scdn.co/image/ab67616d000048510c4887060da7f88128376220,https://open.spotify.com/track/2nYwV62UABTH0NanrwVIdQ
146,2017-09-15,147,Down,Solo Dance,Martin Jensen,615915,https://i.scdn.co/image/ab67616d00004851950d67dbe3f31f1d9a5d06a2,https://open.spotify.com/track/6HUnnBwYZqcED1eQztxMBN
147,2017-09-15,148,Down,Get Low (with Liam Payne),Zedd,615155,https://i.scdn.co/image/ab67616d00004851a558887a8b28dcd38ad6e3ef,https://open.spotify.com/track/1CKd1PnqfYx0H12V9MSaIY
148,2017-09-15,149,Down,Ahora Me Llama,KAROL G,614458,https://i.scdn.co/image/ab67616d000048511f8b5b79339712de8c904d63,https://open.spotify.com/track/61HHDBLqF3AmSvLfHKNGd2
149,2017-09-15,150,Down,Thinking out Loud,Ed Sheeran,608096,https://i.scdn.co/image/ab67616d00004851d08209944468440145f01524,https://open.spotify.com/track/1Slwb6dOYkBlWal1PGtnNg
150,2017-09-15,151,New,Make It Right,Foo Fighters,607070,https://i.scdn.co/image/ab67616d000048515a1c14ac0fba3e842600d6bd,https://open.spotify.com/track/33OVwHAdsrJELptAp74TqW
151,2017-09-15,152,Down,Castle on the Hill,Ed Sheeran,604020,https://i.scdn.co/image/ab67616d00004851ba5db46f4b838ef6027e6f96,https://open.spotify.com/track/6PCUP3dWmTjcTtXY02oFdT
152,2017-09-15,153,Down,iSpy (feat. Lil Yachty),KYLE,603980,https://i.scdn.co/image/ab67616d0000485132e373f2988bc6596a542d1c,https://open.spotify.com/track/2EEeOnHehOozLq4aS0n6SL
153,2017-09-15,154,Up,SUBEME LA RADIO,Enrique Iglesias,599806,https://i.scdn.co/image/ab67616d000048515366ff028970205a29d558ed,https://open.spotify.com/track/7nKBxz47S9SD79N086fuhn
154,2017-09-15,155,Down,Paris,The Chainsmokers,599470,https://i.scdn.co/image/ab67616d000048510c13d3d5a503c84fcc60ae94,https://open.spotify.com/track/72jbDTw1piOOj770jWNeaG
155,2017-09-15,156,Up,Go Flex,Post Malone,594668,https://i.scdn.co/image/23bae95100dcb6ac8f88c19fa2a11c50a998a926,https://open.spotify.com/track/5yuShbu70mtHXY0yLzCQLQ
156,2017-09-15,157,Down,Bad and Boujee (feat. Lil Uzi Vert),Migos,592347,https://i.scdn.co/image/ab67616d0000485199a8ab6da9d593939302828a,https://open.spotify.com/track/4Km5HrUvYTaSUfiSGPJeQR
157,2017-09-15,158,Down,Me Llamas (feat. Maluma) - Remix,Piso 21,591379,https://i.scdn.co/image/ab67616d000048511e1eafb5d2bb1ca39d26f092,https://open.spotify.com/track/5hEM0JchdVzQ5PwvSfITeX
158,2017-09-15,159,Down,Revenge,XXXTENTACION,588860,https://i.scdn.co/image/ab67616d00004851203c89bd4391468eea4cc3f5,https://open.spotify.com/track/5TXDeTFVRVY7Cvt0Dw4vWW
159,2017-09-15,160,Down,Gucci Gang,Lil Pump,587565,https://i.scdn.co/image/ab67616d00004851818a5456b929b8ba540142d5,https://open.spotify.com/track/6foxplXS0YEq8cO374Lty4
160,2017-09-15,161,Up,Summer Air,ItaloBrothers,584976,https://i.scdn.co/image/ab67616d00004851c6250f76546119b8fd3d07d1,https://open.spotify.com/track/0V9cosR5jWa4fr2koARmhD
161,2017-09-15,162,Down,Meant to Be (feat. Florida Georgia Line),Bebe Rexha,584441,https://i.scdn.co/image/ab67616d000048511ba5682505dd6e2592b16e41,https://open.spotify.com/track/7iDa6hUg2VgEL1o1HjmfBn
162,2017-09-15,163,Down,Bad At Love,Halsey,580730,https://i.scdn.co/image/d5bb421dbecbba7c6904eb67672f3cd25cf54c23,https://open.spotify.com/track/7y9iMe8SOB6z3NoHE2OfXl
163,2017-09-15,164,Down,Chantaje (feat. Maluma),Shakira,577281,https://i.scdn.co/image/ab67616d00004851d05d3aad30c5fb7614893cf5,https://open.spotify.com/track/6mICuAdrwEjh6Y6lroV2Kg
164,2017-09-15,165,Down,Besándote,Piso 21,571838,https://i.scdn.co/image/ab67616d000048512cd0b690a37d7bb6e2aa5de4,https://open.spotify.com/track/13X0XdLMOdtbXVtAj2ox4h
165,2017-09-15,166,Down,Sua cara (feat. Anitta & Pabllo Vittar),Major Lazer,566860,https://i.scdn.co/image/ab67616d00004851d75f1f9e874ff1362df4a961,https://open.spotify.com/track/3ibRxEv4KkcU9e259eyNJA
166,2017-09-15,167,Down,Let Me Love You,DJ Snake,566116,https://i.scdn.co/image/ab67616d000048515045de6786e0af096de73ed4,https://open.spotify.com/track/4pdPtRcBmOSQDlJ3Fk945m
167,2017-09-15,168,Down,Don't Let Me Down,The Chainsmokers,564662,https://i.scdn.co/image/ab67616d0000485108d87fb54859bc9038f7e5e0,https://open.spotify.com/track/0QsvXIfqM0zZoerQfsI9lm
168,2017-09-15,169,Down,We Don't Talk Anymore,Charlie Puth,563301,https://i.scdn.co/image/ab67616d00004851c0e28105f0533c52717c46c2,https://open.spotify.com/track/68EMU2RD1ECNeOeJ5qAXCV
169,2017-09-15,170,Down,Sauce It Up,Lil Uzi Vert,562455,https://i.scdn.co/image/ab67616d0000485141b41e6f7924e530a9b00f9c,https://open.spotify.com/track/1uL78kFWxhz3umTMWJu8n5
170,2017-09-15,171,Down,Came Here for Love,Sigala,561264,https://i.scdn.co/image/ab67616d000048513769e2973131468513fc59cd,https://open.spotify.com/track/3kGfazcbVvVkuZunzlLgTD
171,2017-09-15,172,Down,Now Or Never,Halsey,560510,https://i.scdn.co/image/d5bb421dbecbba7c6904eb67672f3cd25cf54c23,https://open.spotify.com/track/7i2DJ88J7jQ8K7zqFX2fW8
172,2017-09-15,173,Down,Relationship (feat. Future),Young Thug,558780,https://i.scdn.co/image/ab67616d00004851419cedff7b313b962a93932e,https://open.spotify.com/track/25oOaleife6E2MIKmFkPvg
173,2017-09-15,174,Down,Treat You Better,Shawn Mendes,556664,https://i.scdn.co/image/ab67616d00004851188e6332f32088921ab1eaf8,https://open.spotify.com/track/4Hf7WnR761jpxPr5D46Bcd
174,2017-09-15,175,Down,Starving,Hailee Steinfeld,553836,https://i.scdn.co/image/6fb734693d989252036e020be580d1eeb37a8f71,https://open.spotify.com/track/6875MeXyCW0wLyT72Eetmo
175,2017-09-15,176,Up,White Iverson,Post Malone,546786,https://i.scdn.co/image/23bae95100dcb6ac8f88c19fa2a11c50a998a926,https://open.spotify.com/track/6eT7xZZlB2mwyzJ2sUKG6w
176,2017-09-15,177,Down,Call On Me - Ryan Riback Extended Remix,Starley,545143,https://i.scdn.co/image/ab67616d000048519d4079afc73664f86f055400,https://open.spotify.com/track/78rIJddV4X0HkNAInEcYde
177,2017-09-15,178,Down,24K Magic,Bruno Mars,541503,https://i.scdn.co/image/ab67616d00004851232711f7d66a1e19e89e28c5,https://open.spotify.com/track/6b8Be6ljOzmkOmFslEb23P
178,2017-09-15,179,Down,First Time,Kygo,539391,https://i.scdn.co/image/ab67616d00004851b6d86ca196b697ee0f640118,https://open.spotify.com/track/2Gl0FzuLxflY6nPifJp5Dr
179,2017-09-15,180,Down,Bounce Back,Big Sean,538134,https://i.scdn.co/image/695d0c097d8463ccc2c2b9855fe44e3e9e7bc267,https://open.spotify.com/track/0SGkqnVQo9KPytSri1H6cF
180,2017-09-15,181,Down,No Complaints,Metro Boomin,535916,https://i.scdn.co/image/f8fd3bfa4e9e48ade26b0b788301332e736220a4,https://open.spotify.com/track/6kig1UFggPUyZBCvXD3Wod
181,2017-09-15,182,New,La Dee Da,Foo Fighters,534534,https://i.scdn.co/image/ab67616d000048515a1c14ac0fba3e842600d6bd,https://open.spotify.com/track/0MfVTButkC0WU7aUcIskU6
182,2017-09-15,183,Down,Complicated (feat. Kiiara),Dimitri Vegas & Like Mike,533400,https://i.scdn.co/image/ab67616d0000485105df880db084244f431803b4,https://open.spotify.com/track/1Sl3njkhhz8nrSPZroDQ82
183,2017-09-15,184,Down,"Lose Yourself - From ""8 Mile"" Soundtrack",Eminem,528621,https://i.scdn.co/image/36440dfd440d23086573d62a32def35ecc42f111,https://open.spotify.com/track/5Z01UMMf7V1o0MzF86s6WJ
184,2017-09-15,185,Up,Criminal,Natti Natasha,525633,https://i.scdn.co/image/ab67616d00004851ff16b23d53ff793a64ec2138,https://open.spotify.com/track/2SmgFAhQkQCQPyBiBxR6Te
185,2017-09-15,186,Down,"CAN'T STOP THE FEELING! (Original Song from DreamWorks Animation's ""TROLLS"")",Justin Timberlake,522255,https://i.scdn.co/image/ab67616d00004851ef37416970812293c08e8a78,https://open.spotify.com/track/6JV2JOEocMgcZxYSZelKcc
186,2017-09-15,187,Up,Suena El Dembow,Joey Montana,514928,https://i.scdn.co/image/ab67616d00004851c8185c654dc0409609c5eb31,https://open.spotify.com/track/5TysCiZtv1HnSWcTcUFusI
187,2017-09-15,188,Down,Stay With Me,Sam Smith,512949,https://i.scdn.co/image/ab67616d000048514fb7193968e58e51c3db3ef4,https://open.spotify.com/track/5Db9VIdDsN5yu3Eu7CT0i4
188,2017-09-15,189,Down,Love Yourself,Justin Bieber,511922,https://i.scdn.co/image/ab67616d00004851b6d9a4fbb0bd49f0f034aead,https://open.spotify.com/track/3hB5DgAiMAQ4DzYbsMq1IT
189,2017-09-15,190,Down,Rain,The Script,507966,https://i.scdn.co/image/ab67616d000048515409d6da4f0a9aa86edd4ef4,https://open.spotify.com/track/2QWP8NYYplOqEFBYGCcq0S
190,2017-09-15,191,Down,Side To Side,Ariana Grande,505614,https://i.scdn.co/image/ab67616d000048517227f5854239a059af211d5b,https://open.spotify.com/track/4pLwZjInHj3SimIyN9SnOz
191,2017-09-15,192,Down,Fake Love,Drake,505017,https://i.scdn.co/image/6dfd956b9331fa9ea1f47ebb95311951ed72b3db,https://open.spotify.com/track/343YBumqHu19cGoGARUTsd
192,2017-09-15,193,Down,Think Before I Talk,Astrid S,503931,https://i.scdn.co/image/ab67616d0000485136939091499ba3b47c0c2b61,https://open.spotify.com/track/0Clb9aiXWa0dvVff5aN4VN
193,2017-09-15,194,Down,Why,Sabrina Carpenter,503036,https://i.scdn.co/image/ab67616d00004851eacfb091aa2c9ce49381c96e,https://open.spotify.com/track/2jYmK1cb3Uya6FFsocdpzO
194,2017-09-15,195,New,Como Antes (feat. Wisin),Yandel,500192,https://i.scdn.co/image/ab67616d00004851b54d1c695daae20467312eb3,https://open.spotify.com/track/5YzA563GXTuwQaRq24z1k5
195,2017-09-15,196,Down,Tunnel Vision,Kodak Black,500125,https://i.scdn.co/image/ab67616d000048511541a676423805fc68ff3e66,https://open.spotify.com/track/4Q3N4Ct4zCuIHuZ65E3BD4
196,2017-09-15,197,Down,Hey Ma (with Pitbull & J Balvin feat. Camila Cabello) - Spanish Version,Pitbull,499581,https://i.scdn.co/image/ab67616d000048513e40b472d708ea3c6bd86670,https://open.spotify.com/track/2Vdub5mY4lad7w64bFPUez
197,2017-09-15,198,New,Mistakes,Tove Styrke,498105,https://i.scdn.co/image/ab67616d000048518c71e86b3d5d76850059a1c1,https://open.spotify.com/track/0sZfuG1rArPovx9CdZ40vZ
198,2017-09-15,199,New,The Last Of The Real Ones,Fall Out Boy,491454,https://i.scdn.co/image/ab67616d00004851f1bc571a6e333961a1b65810,https://open.spotify.com/track/7cQMJ0wDqVS5iM0JIvP6Ay
199,2017-09-15,200,Down,Down,Fifth Harmony,488414,https://i.scdn.co/image/ab67616d00004851bebeaaa955d6ed7f6e25dff9,https://open.spotify.com/track/20H2Hd5AkUcRjB4yL3UQtJ
