,Date,Position,Trend,Title,Artist,Streams,Icon_URL,Spotify_URL
0,2017-07-29,1,Flat,Despacito - Remix,Luis Fonsi,4715302,https://i.scdn.co/image/ab67616d00004851d8559d0280ffe2a2af6dacdf,https://open.spotify.com/track/5CtI0qwDJkDQGwXD1H1cLb
1,2017-07-29,2,Flat,Mi Gente,J Balvin,4632264,https://i.scdn.co/image/ab67616d00004851996bd1ea86bd3815eedfeef5,https://open.spotify.com/track/2rb5MvYT7ZIxbKW5hfcHx8
2,2017-07-29,3,Flat,Wild Thoughts (feat. Rihanna & Bryson Tiller),DJ Khaled,3979598,https://i.scdn.co/image/ab67616d00004851dcb6a73da1e7f293b875f69c,https://open.spotify.com/track/1OAh8uOEOvTDqkKFsKksCi
3,2017-07-29,4,Flat,Unforgettable,French Montana,3591788,https://i.scdn.co/image/ab67616d000048518a31195a371b2233456f6c07,https://open.spotify.com/track/3B54sVLJ402zGa6Xm4YGNe
4,2017-07-29,5,Flat,2U (feat. Justin Bieber),David Guetta,3330419,https://i.scdn.co/image/ab67616d0000485145c5570d4a66346d8f683913,https://open.spotify.com/track/3A7qX2QjDlPnazUsRk5y0M
5,2017-07-29,6,Flat,Feels,Calvin Harris,3292471,https://i.scdn.co/image/ab67616d000048514d3fa5ce7ba599f4fd7803ef,https://open.spotify.com/track/5bcTCxgc7xVfSaMV3RuVke
6,2017-07-29,7,Flat,"I'm the One (feat. Justin Bieber, Quavo, Chance the Rapper & Lil Wayne)",DJ Khaled,3285617,https://i.scdn.co/image/ab67616d00004851dcb6a73da1e7f293b875f69c,https://open.spotify.com/track/3DXncPQOG4VBw3QHh3S817
7,2017-07-29,8,Flat,Shape of You,Ed Sheeran,3112246,https://i.scdn.co/image/ab67616d00004851ba5db46f4b838ef6027e6f96,https://open.spotify.com/track/7qiZfU4dY1lWllzX7mPBI3
8,2017-07-29,9,Flat,Attention,Charlie Puth,2912708,https://i.scdn.co/image/ab67616d00004851db21a273452f0637cdbc35aa,https://open.spotify.com/track/4iLqG9SeJSnt0cSPICSjxv
9,2017-07-29,10,Flat,Strip That Down,Liam Payne,2766596,https://i.scdn.co/image/ab67616d00004851ec1abb2ba5e210e826161111,https://open.spotify.com/track/6EpRaXYhGOB3fj4V2uDkMJ
10,2017-07-29,11,Flat,Thunder,Imagine Dragons,2750046,https://i.scdn.co/image/ab67616d000048517956bd9a3d7a15e4c2e37cc6,https://open.spotify.com/track/0tKcYR2II1VCQWT79i5NrW
11,2017-07-29,12,Flat,Mama,Jonas Blue,2709479,https://i.scdn.co/image/14891cf71e2287163c137e90074783ba5cdd4ff4,https://open.spotify.com/track/0NiXXAI876aGImAd6rTj8w
12,2017-07-29,13,Flat,There's Nothing Holdin' Me Back,Shawn Mendes,2395787,https://i.scdn.co/image/ab67616d00004851f9cbd0c07513a7232cd6b9a7,https://open.spotify.com/track/79cuOz3SPQTuFrp8WgftAu
13,2017-07-29,14,Flat,XO TOUR Llif3,Lil Uzi Vert,2330978,https://i.scdn.co/image/ab67616d0000485115531ec8568373f631db9786,https://open.spotify.com/track/2eMwDehkIC1j68U6FA3Eiq
14,2017-07-29,15,Up,More Than You Know,Axwell /\ Ingrosso,2232155,https://i.scdn.co/image/ab67616d00004851cb442ec337da75fb09cc3981,https://open.spotify.com/track/3PEgB3fkiojxms35ntsTgs
15,2017-07-29,16,Down,Sorry Not Sorry,Demi Lovato,2230005,https://i.scdn.co/image/ab67616d0000485110e3276edd7706710560bd4c,https://open.spotify.com/track/25C5CowdsfXld2jJanbiex
16,2017-07-29,17,Flat,Fetish (feat. Gucci Mane),Selena Gomez,2151929,https://i.scdn.co/image/ab67616d00004851676b024fbd4c52c3fa382dd4,https://open.spotify.com/track/0XLOf9LhyazPX9Ld8jPiUq
17,2017-07-29,18,Up,Despacito (Featuring Daddy Yankee),Luis Fonsi,2124285,https://i.scdn.co/image/ab67616d00004851a5971936e3b8d91f8b616b17,https://open.spotify.com/track/4aWmUDTfIPGksMNLV2rQP2
18,2017-07-29,19,Down,Swalla (feat. Nicki Minaj & Ty Dolla $ign),Jason Derulo,2116835,https://i.scdn.co/image/ab67616d000048519d6522bee68370fa5592301d,https://open.spotify.com/track/6kex4EBAj0WHXDKZMEJaaF
19,2017-07-29,20,Up,Felices los 4,Maluma,2092201,https://i.scdn.co/image/ab67616d00004851d9732b592276542ecafa6c6d,https://open.spotify.com/track/0qYTZCo5Bwh1nsUFGZP3zn
20,2017-07-29,21,Down,HUMBLE.,Kendrick Lamar,2040160,https://i.scdn.co/image/ae1f239b41e9604a66eb900834c6887cd2f62ff1,https://open.spotify.com/track/7KXjTSCq5nL1LoYtL7XAwS
21,2017-07-29,22,Up,Me Rehúso,Danny Ocean,1997367,https://i.scdn.co/image/ab67616d00004851a75bd33684083600569dd3bf,https://open.spotify.com/track/6De0lHrwBfPfrhorm9q1Xl
22,2017-07-29,23,Down,Something Just Like This,The Chainsmokers,1992187,https://i.scdn.co/image/ab67616d000048510c13d3d5a503c84fcc60ae94,https://open.spotify.com/track/6RUKPb4LETWmmr3iAEQktW
23,2017-07-29,24,Down,There for You,Martin Garrix,1953815,https://i.scdn.co/image/ab67616d0000485172c57da7edfe8e915182cdd4,https://open.spotify.com/track/6jA8HL9i4QGzsj6fjoxp8Y
24,2017-07-29,25,Flat,Congratulations,Post Malone,1909052,https://i.scdn.co/image/23bae95100dcb6ac8f88c19fa2a11c50a998a926,https://open.spotify.com/track/3a1lNhkSLSkpJE4MSHpDu9
25,2017-07-29,26,Up,Pretty Girl - Cheat Codes X CADE Remix,Maggie Lindemann,1856084,https://i.scdn.co/image/ab67616d000048517c7436e1b6273be0e7bc1a84,https://open.spotify.com/track/1NDxZ7cFAo481dtYWdrUnR
26,2017-07-29,27,Down,Believer,Imagine Dragons,1847264,https://i.scdn.co/image/ab67616d000048517956bd9a3d7a15e4c2e37cc6,https://open.spotify.com/track/0CcQNd8CINkwQfe1RDtGV6
27,2017-07-29,28,Flat,"Know No Better (feat. Travis Scott, Camila Cabello & Quavo)",Major Lazer,1766335,https://i.scdn.co/image/ab67616d00004851de1e9558f85913eb0b47f623,https://open.spotify.com/track/3Ytr1SUCUi6J3L9dRFx5iH
28,2017-07-29,29,Flat,Your Song,Rita Ora,1751376,https://i.scdn.co/image/ab67616d00004851528e7f2b6eda1b2a20ccfb1f,https://open.spotify.com/track/4c2W3VKsOFoIg2SFaO6DY5
29,2017-07-29,30,Flat,New Rules,Dua Lipa,1747989,https://i.scdn.co/image/ab67616d000048516b915e407b70e121e06fe979,https://open.spotify.com/track/2ekn2ttSfGqwhhate0LSR0
30,2017-07-29,31,Flat,Slow Hands,Niall Horan,1723861,https://i.scdn.co/image/ab67616d00004851805efe949d48d6f50e604919,https://open.spotify.com/track/167NczpNbRF7oWakJaY3Hh
31,2017-07-29,32,Flat,Back to You (feat. Bebe Rexha & Digital Farm Animals),Louis Tomlinson,1713341,https://i.scdn.co/image/ab67616d00004851327d7ffa53a268bf7411c28b,https://open.spotify.com/track/7F9vK8hNFMml4GtHsaXui6
32,2017-07-29,33,Flat,Signs,Drake,1701315,https://i.scdn.co/image/ab67616d000048514d37373eef5fcb26802d8c18,https://open.spotify.com/track/5EnYT6F7wEcdege6mDHEfO
33,2017-07-29,34,Up,Crying in the Club,Camila Cabello,1579954,https://i.scdn.co/image/ab67616d00004851cec62b81146fe4d116fbb2fa,https://open.spotify.com/track/1SJtlNRJDeYHioymcvsqev
34,2017-07-29,35,Flat,Symphony (feat. Zara Larsson),Clean Bandit,1562978,https://i.scdn.co/image/ab67616d000048515b1130d050c4cd2295999d85,https://open.spotify.com/track/1x5sYLZiu9r5E43kMlt9f8
35,2017-07-29,36,Flat,Slide,Calvin Harris,1553178,https://i.scdn.co/image/ab67616d000048514d3fa5ce7ba599f4fd7803ef,https://open.spotify.com/track/7tr2za8SQg2CI8EDgrdtNl
36,2017-07-29,37,Down,Bad Liar,Selena Gomez,1550671,https://i.scdn.co/image/ab67616d00004851f40c5ecb3d327a55e8aa6714,https://open.spotify.com/track/1sCxVKWImDZSZKvG0U9B23
37,2017-07-29,38,Up,Escápate Conmigo,Wisin,1548830,https://i.scdn.co/image/ab67616d000048512b02904e5404ad6069c16a4f,https://open.spotify.com/track/2cnKEkpVUSV4wnjQiTWfH6
38,2017-07-29,39,Down,I Like Me Better,Lauv,1543638,https://i.scdn.co/image/ab67616d00004851fab48816b625e2a77a732400,https://open.spotify.com/track/1wjzFQodRWrPcQ0AnYnvQ9
39,2017-07-29,40,Down,That's What I Like,Bruno Mars,1528891,https://i.scdn.co/image/ab67616d00004851232711f7d66a1e19e89e28c5,https://open.spotify.com/track/0KKkJNfGyhkQ5aFogxQAPU
40,2017-07-29,41,Up,SUBEME LA RADIO,Enrique Iglesias,1494374,https://i.scdn.co/image/ab67616d000048515366ff028970205a29d558ed,https://open.spotify.com/track/7nKBxz47S9SD79N086fuhn
41,2017-07-29,42,Flat,Bank Account,21 Savage,1472023,https://i.scdn.co/image/ab67616d0000485163bdcfe76718674e7783df36,https://open.spotify.com/track/5eqK0tbzUPo2SoeZsov04s
42,2017-07-29,43,Down,Stay (with Alessia Cara),Zedd,1437848,https://i.scdn.co/image/ab67616d0000485191a70f95efc3400f696e89cc,https://open.spotify.com/track/0dA2Mk56wEzDgegdC6R17g
43,2017-07-29,44,Up,Una Lady Como Tú,Manuel Turizo,1432158,https://i.scdn.co/image/ab67616d00004851f9dc35bc367fcf98e763d27e,https://open.spotify.com/track/7MHN1aCFtLXjownGhvEQlF
44,2017-07-29,45,Down,Redbone,Childish Gambino,1427272,https://i.scdn.co/image/ab67616d000048510b97e56ffad7c6211aa848f8,https://open.spotify.com/track/3kxfsdsCpFgN412fpnW85Y
45,2017-07-29,46,Down,BUTTERFLY EFFECT,Travis Scott,1423383,https://i.scdn.co/image/ab67616d00004851b5e9358d0d07114609d9afab,https://open.spotify.com/track/1yxgsra98r3qAtxqiGZPiX
46,2017-07-29,47,Flat,Mask Off,Future,1389000,https://i.scdn.co/image/ab67616d00004851356884f85665ebdd79223fdf,https://open.spotify.com/track/3rOSwuTsUlJp0Pu0MkN8r8
47,2017-07-29,48,Down,No Promises (feat. Demi Lovato),Cheat Codes,1360722,https://i.scdn.co/image/ab67616d00004851e74ecdb2f1316c8f026970a8,https://open.spotify.com/track/1louJpMmzEicAn7lzDalPW
48,2017-07-29,49,Flat,Location,Khalid,1336902,https://i.scdn.co/image/ab67616d00004851988ede5e1276e758b5f9e577,https://open.spotify.com/track/152lZdxL1OR0ZMW6KquMif
49,2017-07-29,50,Flat,Glorious (feat. Skylar Grey),Macklemore,1318583,https://i.scdn.co/image/ab67616d000048512c19c42e316cd3d949c992b0,https://open.spotify.com/track/3HVr6jTVwBHBa2flM0eURR
50,2017-07-29,51,Up,Bonita,J Balvin,1284602,https://i.scdn.co/image/ab67616d0000485148f3fc1d4f0fed414418e041,https://open.spotify.com/track/693iqPOQvhI7PobtR8CC8v
51,2017-07-29,52,Up,Ahora Dice,Chris Jeday,1276787,https://i.scdn.co/image/ab67616d000048513a142c7e7fc7863dc1a256ed,https://open.spotify.com/track/22eADXu8DfOAUEDw4vU8qy
52,2017-07-29,53,Down,It Ain't Me (with Selena Gomez),Kygo,1219422,https://i.scdn.co/image/ab67616d0000485141f289940f2e6a0d51988d77,https://open.spotify.com/track/3eR23VReFzcdmS7TYCrhCe
53,2017-07-29,54,Up,Galway Girl,Ed Sheeran,1169445,https://i.scdn.co/image/ab67616d00004851ba5db46f4b838ef6027e6f96,https://open.spotify.com/track/0afhq8XCExXpqazXczTSve
54,2017-07-29,55,Up,Hey DJ,CNCO,1147762,https://i.scdn.co/image/ab67616d000048514358c8856d3acc00ca6c3578,https://open.spotify.com/track/209gZgcfLq2aUuu51vOWBl
55,2017-07-29,56,Up,Most Girls,Hailee Steinfeld,1089188,https://i.scdn.co/image/ab67616d000048519e1b81dc79bd5055417b1e5a,https://open.spotify.com/track/2mfUa8bLs2s5N4VaqJZ4lZ
56,2017-07-29,57,Up,OK - Spotify Version,Robin Schulz,1061258,https://i.scdn.co/image/ab67616d000048517fd57367322c558ca19c9ed8,https://open.spotify.com/track/3bWAqKDWg6u1davspr5IkS
57,2017-07-29,58,Flat,DNA.,Kendrick Lamar,1038237,https://i.scdn.co/image/ae1f239b41e9604a66eb900834c6887cd2f62ff1,https://open.spotify.com/track/6HZILIRieu8S0iqY8kIKhj
58,2017-07-29,59,Down,In the End,Linkin Park,1035936,https://i.scdn.co/image/ab67616d00004851e2f039481babe23658fc719a,https://open.spotify.com/track/60a0Rd6pjrkxjPbaKzXjfq
59,2017-07-29,60,Up,Passionfruit,Drake,1001609,https://i.scdn.co/image/ab67616d000048515ea859dc94365abd9fd84fd6,https://open.spotify.com/track/7hDc8b7IXETo14hHIHdnhd
60,2017-07-29,61,Up,1-800-273-8255,Logic,995040,https://i.scdn.co/image/08f9ccb7875a87c07c79c1ccd5319263786c55ea,https://open.spotify.com/track/5tz69p7tJuGPeMGwNTxYuV
61,2017-07-29,62,Down,Malibu,Miley Cyrus,985637,https://i.scdn.co/image/ab67616d000048512fe7eac044c3912f06432f22,https://open.spotify.com/track/2habSXqcJGExM6JJyskY7O
62,2017-07-29,63,Up,Body Like A Back Road,Sam Hunt,970707,https://i.scdn.co/image/ab67616d000048519eccbdab1110afc4d5a186a8,https://open.spotify.com/track/7mldq42yDuxiUNn08nvzHO
63,2017-07-29,64,Down,Now Or Never,Halsey,969257,https://i.scdn.co/image/d5bb421dbecbba7c6904eb67672f3cd25cf54c23,https://open.spotify.com/track/7i2DJ88J7jQ8K7zqFX2fW8
64,2017-07-29,65,Down,Praying,Kesha,961108,https://i.scdn.co/image/ab67616d000048514313d7405dc66050a41c85ec,https://open.spotify.com/track/79NlESqzFSW0hdBWgls4FX
65,2017-07-29,66,Up,goosebumps,Travis Scott,950421,https://i.scdn.co/image/ab67616d00004851f54b99bf27cda88f4a7403ce,https://open.spotify.com/track/6gBFPUFcJLzWGx4lenP6h2
66,2017-07-29,67,Up,Rollin,Calvin Harris,944315,https://i.scdn.co/image/ab67616d000048514d3fa5ce7ba599f4fd7803ef,https://open.spotify.com/track/0lMbuWUpfTWhEmOKxppEau
67,2017-07-29,68,Up,Tu Foto,Ozuna,939446,https://i.scdn.co/image/ab67616d000048515a0467b3a49a461da243c362,https://open.spotify.com/track/0Szp49tpFasIjX04Mcsydp
68,2017-07-29,69,Up,First Time,Kygo,924152,https://i.scdn.co/image/ab67616d00004851b6d86ca196b697ee0f640118,https://open.spotify.com/track/2Gl0FzuLxflY6nPifJp5Dr
69,2017-07-29,70,Down,Get Low (with Liam Payne),Zedd,920081,https://i.scdn.co/image/ab67616d00004851a558887a8b28dcd38ad6e3ef,https://open.spotify.com/track/1CKd1PnqfYx0H12V9MSaIY
70,2017-07-29,71,Up,Me Enamoré,Shakira,917028,https://i.scdn.co/image/ab67616d00004851d05d3aad30c5fb7614893cf5,https://open.spotify.com/track/4qknM1pQz53QOyfDVTjcM9
71,2017-07-29,72,Up,Slippery (feat. Gucci Mane),Migos,914550,https://i.scdn.co/image/ab67616d0000485199a8ab6da9d593939302828a,https://open.spotify.com/track/6p8NuHm8uCGnn2Dtbtf7zE
72,2017-07-29,73,Down,Rich Love (with Seeb),OneRepublic,912489,https://i.scdn.co/image/ab67616d000048516f2fa4c6cd6653d8d770a415,https://open.spotify.com/track/7aF09WaavZAmAWuUeYxlYD
73,2017-07-29,74,Down,Issues,Julia Michaels,902183,https://i.scdn.co/image/ab67616d00004851eab8691768189c70635820e8,https://open.spotify.com/track/6D0b04NJIKfEMg040WioJQ
74,2017-07-29,75,Down,Closer,The Chainsmokers,899267,https://i.scdn.co/image/ab67616d00004851495ce6da9aeb159e94eaa453,https://open.spotify.com/track/7BKLCZ1jbUBVqRi2FVlTVw
75,2017-07-29,76,Down,Down,Fifth Harmony,893230,https://i.scdn.co/image/ab67616d00004851aa8f5611964dc75eebbecbba,https://open.spotify.com/track/7LEydI5NfjY6mZfKwYIptZ
76,2017-07-29,77,Up,La Rompe Corazones,Daddy Yankee,868286,https://i.scdn.co/image/ab67616d00004851b84a36483e43bfbcb931fcde,https://open.spotify.com/track/4okba5wu9mMLXx79DXLKi3
77,2017-07-29,78,Down,Say You Won't Let Go,James Arthur,861535,https://i.scdn.co/image/ab67616d0000485120beb61f61fcbeb33b10a9ab,https://open.spotify.com/track/5uCax9HTNlzGybIStD3vDh
78,2017-07-29,79,Up,Magnolia,Playboi Carti,857016,https://i.scdn.co/image/cbfa858a49a59efbca64c6f7078068cf07731bd0,https://open.spotify.com/track/1e1JKLEDKP7hEQzJfNAgPl
79,2017-07-29,80,Flat,Rockabye (feat. Sean Paul & Anne-Marie),Clean Bandit,847503,https://i.scdn.co/image/ab67616d000048511431c3bdf16aa99f71799d95,https://open.spotify.com/track/5knuzwU65gJK7IF5yJsuaW
80,2017-07-29,81,Up,Feel It Still,Portugal. The Man,840442,https://i.scdn.co/image/ab67616d00004851af52c228c9619ff6298b08cd,https://open.spotify.com/track/6QgjcU0zLnzq5OrUoSZ3OK
81,2017-07-29,82,Flat,Young Dumb & Broke,Khalid,831959,https://i.scdn.co/image/ab67616d00004851988ede5e1276e758b5f9e577,https://open.spotify.com/track/5Z3GHaZ6ec9bsiI5BenrbY
82,2017-07-29,83,Up,Sign of the Times,Harry Styles,827577,https://i.scdn.co/image/ab67616d000048516c619c39c853f8b1d67b7859,https://open.spotify.com/track/5Ohxk2dO5COHF1krpoPigN
83,2017-07-29,84,Up,Came Here for Love,Sigala,824299,https://i.scdn.co/image/ab67616d000048513769e2973131468513fc59cd,https://open.spotify.com/track/3kGfazcbVvVkuZunzlLgTD
84,2017-07-29,85,Down,Numb,Linkin Park,821397,https://i.scdn.co/image/ab67616d00004851b4ad7ebaf4575f120eb3f193,https://open.spotify.com/track/2nLtzopw4rPReszdYBJU6h
85,2017-07-29,86,Up,El Amante,Nicky Jam,818994,https://i.scdn.co/image/ab67616d00004851d77dbcd4dbd37cdfa61771fa,https://open.spotify.com/track/3umS4y3uQDkqekNjVpiRUs
86,2017-07-29,87,Up,Hey Ma (with Pitbull & J Balvin feat. Camila Cabello) - Spanish Version,Pitbull,792498,https://i.scdn.co/image/ab67616d000048513e40b472d708ea3c6bd86670,https://open.spotify.com/track/2Vdub5mY4lad7w64bFPUez
87,2017-07-29,88,Up,Sigo Extrañándote,J Balvin,784472,https://i.scdn.co/image/ab67616d00004851338ffc4c72a192f06070546b,https://open.spotify.com/track/6qDF4wWL49CAVbgT7yuHl8
88,2017-07-29,89,Up,One Dance,Drake,782321,https://i.scdn.co/image/ab67616d00004851726abca207567d5e41cb9667,https://open.spotify.com/track/1xznGGDReH1oQq0xzbwXa3
89,2017-07-29,90,Up,Báilame,Nacho,781770,https://i.scdn.co/image/ab67616d000048514b2089fbced0d870deb3e9f2,https://open.spotify.com/track/7lRsNbdOGykkMAgsqs4R1C
90,2017-07-29,91,Down,Scared to Be Lonely,Martin Garrix,776885,https://i.scdn.co/image/ab67616d0000485164f8a309aa3c0a66a31fc374,https://open.spotify.com/track/3ebXMykcMXOcLeJ9xZ17XH
91,2017-07-29,92,Up,Love Galore (feat. Travis Scott),SZA,770216,https://i.scdn.co/image/ab67616d000048514c79d5ec52a6d0302f3add25,https://open.spotify.com/track/0q75NwOoFiARAVp4EXU4Bs
92,2017-07-29,93,Down,Starboy,The Weeknd,765964,https://i.scdn.co/image/ab67616d000048510c8599cbde51245c128bcea9,https://open.spotify.com/track/5aAx2yezTd8zXrkmtKl66Z
93,2017-07-29,94,Up,I Feel It Coming,The Weeknd,761455,https://i.scdn.co/image/b3683184efeb899b2d1a02f4957d0c630dc10b0b,https://open.spotify.com/track/5GXAXm5YOmYT0kL5jHvYBt
94,2017-07-29,95,Up,LOYALTY. FEAT. RIHANNA.,Kendrick Lamar,760325,https://i.scdn.co/image/ae1f239b41e9604a66eb900834c6887cd2f62ff1,https://open.spotify.com/track/6SwRhMLwNqEi6alNPVG00n
95,2017-07-29,96,Up,Chantaje (feat. Maluma),Shakira,748385,https://i.scdn.co/image/ab67616d00004851d05d3aad30c5fb7614893cf5,https://open.spotify.com/track/6mICuAdrwEjh6Y6lroV2Kg
96,2017-07-29,97,Down,Heavy (feat. Kiiara),Linkin Park,744020,https://i.scdn.co/image/ab67616d00004851145e1cf12538f5666511237d,https://open.spotify.com/track/104buTcnP2AsxqB7U1FIZ4
97,2017-07-29,98,Up,Otra vez (feat. J Balvin),Zion & Lennox,738281,https://i.scdn.co/image/ab67616d0000485182eabf564ddc57325a84dd50,https://open.spotify.com/track/3QwBODjSEzelZyVjxPOHdq
98,2017-07-29,99,Down,"I Don’t Wanna Live Forever (Fifty Shades Darker) - From ""Fifty Shades Darker (Original Motion Picture Soundtrack)""",ZAYN,736652,https://i.scdn.co/image/ab67616d000048512ae921f082ae5db4d3da818f,https://open.spotify.com/track/3NdDpSvN911VPGivFlV5d0
99,2017-07-29,100,Flat,Castle on the Hill,Ed Sheeran,735315,https://i.scdn.co/image/ab67616d00004851ba5db46f4b838ef6027e6f96,https://open.spotify.com/track/6PCUP3dWmTjcTtXY02oFdT
100,2017-07-29,101,Flat,iSpy (feat. Lil Yachty),KYLE,728597,https://i.scdn.co/image/ab67616d0000485132e373f2988bc6596a542d1c,https://open.spotify.com/track/2EEeOnHehOozLq4aS0n6SL
101,2017-07-29,102,Up,"Sola (Remix) [feat. Daddy Yankee, Wisin, Farruko, Zion & Lennox]",Anuel AA,724970,https://i.scdn.co/image/ab67616d00004851a66def7d649149464edc8f1e,https://open.spotify.com/track/5q2JbCNi4FcnglgPfxcV65
102,2017-07-29,103,Down,Solo Dance,Martin Jensen,724962,https://i.scdn.co/image/ab67616d00004851950d67dbe3f31f1d9a5d06a2,https://open.spotify.com/track/6HUnnBwYZqcED1eQztxMBN
103,2017-07-29,104,Up,It's A Vibe,2 Chainz,677684,https://i.scdn.co/image/179288654e273e14d827a4aa76cf37115e139ca0,https://open.spotify.com/track/6H0AwSQ20mo62jGlPGB8S6
104,2017-07-29,105,Up,LOVE. FEAT. ZACARI.,Kendrick Lamar,677533,https://i.scdn.co/image/ae1f239b41e9604a66eb900834c6887cd2f62ff1,https://open.spotify.com/track/6PGoSes0D9eUDeeAafB2As
105,2017-07-29,106,Up,Perfect,Ed Sheeran,663613,https://i.scdn.co/image/ab67616d00004851ba5db46f4b838ef6027e6f96,https://open.spotify.com/track/0tgVpDi06FyKpA1z0VMD4v
106,2017-07-29,107,Down,Swish Swish,Katy Perry,661509,https://i.scdn.co/image/ab67616d000048511487979a7e0181a5d0406d1a,https://open.spotify.com/track/2kVHAQKVtczchKctctzbtK
107,2017-07-29,108,Flat,Paris,The Chainsmokers,653868,https://i.scdn.co/image/ab67616d000048510c13d3d5a503c84fcc60ae94,https://open.spotify.com/track/72jbDTw1piOOj770jWNeaG
108,2017-07-29,109,Up,Reggaetón Lento (Bailemos),CNCO,645291,https://i.scdn.co/image/ab67616d000048517db0f7ac4c612cce26ccacf9,https://open.spotify.com/track/3AEZUABDXNtecAOSC1qTfo
109,2017-07-29,110,Up,Tuesday,Burak Yeter,640862,https://i.scdn.co/image/069b0b8dc1285ba4d2bd7f2536abfce84598d130,https://open.spotify.com/track/7abpmGpF7PGep2rDU68GBR
110,2017-07-29,111,Up,Let Me Love You,DJ Snake,635474,https://i.scdn.co/image/ab67616d000048515045de6786e0af096de73ed4,https://open.spotify.com/track/4pdPtRcBmOSQDlJ3Fk945m
111,2017-07-29,112,Down,Photograph,Ed Sheeran,633099,https://i.scdn.co/image/ab67616d00004851d08209944468440145f01524,https://open.spotify.com/track/6fxVffaTuwjgEk5h9QyRjy
112,2017-07-29,113,Up,Si Tú La Ves (feat. Wisin),Nicky Jam,628675,https://i.scdn.co/image/ab67616d00004851d77dbcd4dbd37cdfa61771fa,https://open.spotify.com/track/4yN6xPLopmTLvc27pO9LIE
113,2017-07-29,114,Up,Me Llamas (feat. Maluma) - Remix,Piso 21,628306,https://i.scdn.co/image/ab67616d000048511e1eafb5d2bb1ca39d26f092,https://open.spotify.com/track/5hEM0JchdVzQ5PwvSfITeX
114,2017-07-29,115,Up,Don't Let Me Down,The Chainsmokers,624235,https://i.scdn.co/image/ab67616d0000485108d87fb54859bc9038f7e5e0,https://open.spotify.com/track/0QsvXIfqM0zZoerQfsI9lm
115,2017-07-29,116,Up,24K Magic,Bruno Mars,624075,https://i.scdn.co/image/ab67616d00004851232711f7d66a1e19e89e28c5,https://open.spotify.com/track/6b8Be6ljOzmkOmFslEb23P
116,2017-07-29,117,Up,Summer Air,ItaloBrothers,612920,https://i.scdn.co/image/ab67616d000048516cc9441f366f82803e48ae5c,https://open.spotify.com/track/3GPI7hYiqD6enLRobhkBm8
117,2017-07-29,118,Up,Besándote,Piso 21,603156,https://i.scdn.co/image/ab67616d000048512cd0b690a37d7bb6e2aa5de4,https://open.spotify.com/track/13X0XdLMOdtbXVtAj2ox4h
118,2017-07-29,119,Up,"CAN'T STOP THE FEELING! (Original Song from DreamWorks Animation's ""TROLLS"")",Justin Timberlake,599024,https://i.scdn.co/image/ab67616d00004851ef37416970812293c08e8a78,https://open.spotify.com/track/6JV2JOEocMgcZxYSZelKcc
119,2017-07-29,120,Up,You Don't Know Me - Radio Edit,Jax Jones,598647,https://i.scdn.co/image/ab67616d00004851dd05a1716e2f07a07b8ccfe3,https://open.spotify.com/track/00lNx0OcTJrS3MKHcB80HY
120,2017-07-29,121,Down,Two High,Moon Taxi,598246,https://i.scdn.co/image/ab67616d000048513aba4c031c2a1b7941063ef0,https://open.spotify.com/track/3sJHkcxojoJD2Ytbo1yLLF
121,2017-07-29,122,Down,Drowning (feat. Kodak Black),A Boogie Wit da Hoodie,594626,https://i.scdn.co/image/ab67616d0000485131d8918139b720e4141adeec,https://open.spotify.com/track/6Q2FftbUG530lCtBI74bMH
122,2017-07-29,123,Up,Bad and Boujee (feat. Lil Uzi Vert),Migos,594543,https://i.scdn.co/image/ab67616d0000485199a8ab6da9d593939302828a,https://open.spotify.com/track/4Km5HrUvYTaSUfiSGPJeQR
123,2017-07-29,124,Up,4 AM,2 Chainz,583930,https://i.scdn.co/image/179288654e273e14d827a4aa76cf37115e139ca0,https://open.spotify.com/track/1nX9KhK3Fff27SnrIor2Yb
124,2017-07-29,125,Up,Super Far,LANY,577845,https://i.scdn.co/image/ab67616d000048514bf52f0d4578b67e362f4672,https://open.spotify.com/track/74ODGXs4byLTRdnKGM4s6E
125,2017-07-29,126,Down,We Don't Talk Anymore,Charlie Puth,576756,https://i.scdn.co/image/ab67616d00004851c0e28105f0533c52717c46c2,https://open.spotify.com/track/68EMU2RD1ECNeOeJ5qAXCV
126,2017-07-29,127,Up,Hunter,Galantis,571769,https://i.scdn.co/image/ab67616d00004851c57e7df0eb72981d8aafd57d,https://open.spotify.com/track/3caMfJGFp53NAH2TuigdNj
127,2017-07-29,128,Up,Treat You Better,Shawn Mendes,570767,https://i.scdn.co/image/ab67616d00004851188e6332f32088921ab1eaf8,https://open.spotify.com/track/4Hf7WnR761jpxPr5D46Bcd
128,2017-07-29,129,Down,Call On Me - Ryan Riback Extended Remix,Starley,567663,https://i.scdn.co/image/ab67616d000048519d4079afc73664f86f055400,https://open.spotify.com/track/78rIJddV4X0HkNAInEcYde
129,2017-07-29,130,Up,Thinking out Loud,Ed Sheeran,556938,https://i.scdn.co/image/ab67616d00004851d08209944468440145f01524,https://open.spotify.com/track/1Slwb6dOYkBlWal1PGtnNg
130,2017-07-29,131,Down,Would You Ever,Skrillex,555696,https://i.scdn.co/image/ab67616d00004851c2896a061e50f35f97337512,https://open.spotify.com/track/57p8CBvPOxrvyCbn6ttl5r
131,2017-07-29,132,Up,All My Love (feat. Conor Maynard),Cash Cash,555643,https://i.scdn.co/image/ab67616d0000485119412f5b0f76d10d241f2981,https://open.spotify.com/track/1839RWzPRZCVgvamu4sHSN
132,2017-07-29,133,Up,No Complaints,Metro Boomin,551004,https://i.scdn.co/image/f8fd3bfa4e9e48ade26b0b788301332e736220a4,https://open.spotify.com/track/6kig1UFggPUyZBCvXD3Wod
133,2017-07-29,134,Up,Hear Me Now,Alok,548491,https://i.scdn.co/image/e308bad29e4cf6dc8aa5cd97449ef71bbb893d40,https://open.spotify.com/track/1a5Yu5L18qNxVhXx38njON
134,2017-07-29,135,Down,Starving,Hailee Steinfeld,548460,https://i.scdn.co/image/ab67616d00004851612495ee5769c99125031be2,https://open.spotify.com/track/1qOLh0tI7trd1zdDKxYZTe
135,2017-07-29,136,Up,Side To Side,Ariana Grande,545325,https://i.scdn.co/image/ab67616d000048517227f5854239a059af211d5b,https://open.spotify.com/track/4pLwZjInHj3SimIyN9SnOz
136,2017-07-29,137,Up,No Vacancy,OneRepublic,534374,https://i.scdn.co/image/ab67616d000048518eadf2a91387dd890653afbe,https://open.spotify.com/track/6XOYVSmNDjKUNMXooU4s4z
137,2017-07-29,138,Up,Instruction (feat. Demi Lovato & Stefflon Don),Jax Jones,529077,https://i.scdn.co/image/ab67616d00004851785528fd13fc6d63e29542f4,https://open.spotify.com/track/0XfOi87h82i09rQjWYG0Bm
138,2017-07-29,139,Up,Mayores,Becky G,528452,https://i.scdn.co/image/ab67616d00004851b5983d639fd953deb3c99848,https://open.spotify.com/track/7JNh1cfm0eXjqFVOzKLyau
139,2017-07-29,140,Up,Paradinha,Anitta,528152,https://i.scdn.co/image/ab67616d00004851060ef674248ad011af09f6e6,https://open.spotify.com/track/05rJdH2MRLJ3sQoEUO78qs
140,2017-07-29,141,Up,I Took A Pill In Ibiza - Seeb Remix,Mike Posner,523312,https://i.scdn.co/image/ab67616d0000485140512e02a594e3378c0256e6,https://open.spotify.com/track/17Fd6Yb7mSbinKG8LoWfFl
141,2017-07-29,142,Up,Alguien Robo,Sebastian Yatra,523303,https://i.scdn.co/image/ab67616d0000485135e1cf8c70c60dc416956c17,https://open.spotify.com/track/5i50gKdLAjjIr7UxRT5IVy
142,2017-07-29,143,Up,Ni Tú Ni Yo (feat. Gente de Zona),Jennifer Lopez,522004,https://i.scdn.co/image/ab67616d000048511c96396253c7d52af2b940e5,https://open.spotify.com/track/5xMzazov0IHYllrc8U2K6F
143,2017-07-29,144,Flat,Bounce Back,Big Sean,519791,https://i.scdn.co/image/695d0c097d8463ccc2c2b9855fe44e3e9e7bc267,https://open.spotify.com/track/0SGkqnVQo9KPytSri1H6cF
144,2017-07-29,145,Up,Fake Love,Drake,517656,https://i.scdn.co/image/6dfd956b9331fa9ea1f47ebb95311951ed72b3db,https://open.spotify.com/track/343YBumqHu19cGoGARUTsd
145,2017-07-29,146,Up,Cold Water (feat. Justin Bieber & MØ),Major Lazer,514896,https://i.scdn.co/image/ab67616d000048512e8f1cca2bc8c9d55930523b,https://open.spotify.com/track/6DNtNfH8hXkqOX1sjqmI7p
146,2017-07-29,147,Up,Tired,Alan Walker,514750,https://i.scdn.co/image/ab67616d00004851c311619d7b02d5c4a6c167f2,https://open.spotify.com/track/3b5Li4QKDVBx1x7fQuu54a
147,2017-07-29,148,Up,Love Yourself,Justin Bieber,512204,https://i.scdn.co/image/ab67616d00004851b6d9a4fbb0bd49f0f034aead,https://open.spotify.com/track/3hB5DgAiMAQ4DzYbsMq1IT
148,2017-07-29,149,Up,Sua Cara (feat. Anitta & Pabllo Vittar),Major Lazer,511663,https://i.scdn.co/image/ab67616d00004851bc58139391263a975045c17d,https://open.spotify.com/track/5gUFvcHTgDNthj7DmZl2L7
149,2017-07-29,150,Flat,In the Name of Love,Martin Garrix,511267,https://i.scdn.co/image/ab67616d00004851923db3f255cd48a6d5783ebf,https://open.spotify.com/track/04DwTuZ2VBdJCCC5TROn7L
150,2017-07-29,151,Up,Be Mine,Ofenbach,506978,https://i.scdn.co/image/ab67616d00004851e819b286432a124e510dc87b,https://open.spotify.com/track/2KklXplRtxMsBYo474Es0w
151,2017-07-29,152,Up,Portland,Drake,506739,https://i.scdn.co/image/6dfd956b9331fa9ea1f47ebb95311951ed72b3db,https://open.spotify.com/track/2bjwRfXMk4uRgOD9IBYl9h
152,2017-07-29,153,Down,Boys,Charli XCX,505538,https://i.scdn.co/image/ab67616d00004851eb4121feca968298ac9e2720,https://open.spotify.com/track/5o4yGlG0PfeVUa6ClIyOxq
153,2017-07-29,154,Down,The Cure,Lady Gaga,504958,https://i.scdn.co/image/ab67616d000048514a9be9e8223db02a37e1e8fe,https://open.spotify.com/track/51PIvodunv6NmX5250zxAh
154,2017-07-29,155,Down,What I've Done,Linkin Park,504160,https://i.scdn.co/image/ab67616d00004851514f140462e6deb04d227f2e,https://open.spotify.com/track/4kfm1uI9QGaoN9qm6CkAMn
155,2017-07-29,156,Up,Rake It Up,Yo Gotti,498594,https://i.scdn.co/image/ab67616d00004851dc371ef9c9ad4c33b3fc130a,https://open.spotify.com/track/6c7D34787LOtPm8tzhsLgH
156,2017-07-29,157,Up,do re mi,blackbear,497985,https://i.scdn.co/image/25560e082d8ff78217dd6594d18f827a4049cc63,https://open.spotify.com/track/3Q3myFA7q4Op95DOpHplaY
157,2017-07-29,158,Up,Imitadora,Romeo Santos,497316,https://i.scdn.co/image/ab67616d00004851827d0777f8cccdf5b7481442,https://open.spotify.com/track/6r46lnXFbE9fr2d3KNaGbe
158,2017-07-29,159,Up,Swang,Rae Sremmurd,494966,https://i.scdn.co/image/16293ab3b4f9301aeb5f41810fd7056d463db55e,https://open.spotify.com/track/6mapJIPnQ23RTAevUoE0DL
159,2017-07-29,160,Up,Bella y Sensual,Romeo Santos,490974,https://i.scdn.co/image/ab67616d00004851827d0777f8cccdf5b7481442,https://open.spotify.com/track/0ERbK7qVqveCaBWIiYCrl3
160,2017-07-29,161,Up,Happier,Ed Sheeran,489679,https://i.scdn.co/image/ab67616d00004851ba5db46f4b838ef6027e6f96,https://open.spotify.com/track/2RttW7RAu5nOAfq6YFvApB
161,2017-07-29,162,Up,Safari,J Balvin,489207,https://i.scdn.co/image/ab67616d00004851338ffc4c72a192f06070546b,https://open.spotify.com/track/6rQSrBHf7HlZjtcMZ4S4bO
162,2017-07-29,163,Up,Cheap Thrills,Sia,484667,https://i.scdn.co/image/ab67616d0000485149e0134c686547c28b7c999f,https://open.spotify.com/track/27SdWb2rFzO6GWiYDBTD9j
163,2017-07-29,164,Up,Look At Me!,XXXTENTACION,484249,https://i.scdn.co/image/ab67616d0000485125b5901b8bcf902f54d466d9,https://open.spotify.com/track/4ARPvK8DHLwt4oX65ZAFMw
164,2017-07-29,165,Down,Who Dat Boy,"Tyler, The Creator",480079,https://i.scdn.co/image/ab67616d000048518940ac99f49e44f59e6f7fb3,https://open.spotify.com/track/21yRtB6B8EMounImAfHRCP
165,2017-07-29,166,Up,Hot2Touch,Felix Jaehn,479419,https://i.scdn.co/image/ab67616d00004851767ba597ba12ee255719cbd4,https://open.spotify.com/track/1sBhJGPUKrdRycgKxve70v
166,2017-07-29,167,Up,One Last Time,Ariana Grande,476124,https://i.scdn.co/image/ab67616d000048511254a60895a75d37796045c8,https://open.spotify.com/track/7bJwvubZZaoGE1AGEfu8Fi
167,2017-07-29,168,Up,Weak,AJR,473701,https://i.scdn.co/image/ab67616d00004851c5f3ca405ff6ed13dc554b94,https://open.spotify.com/track/3E2Zh20GDCR9B1EYjfXWyv
168,2017-07-29,169,Up,Vente Pa' Ca,Ricky Martin,473306,https://i.scdn.co/image/ab67616d000048513d90f5938459be40b7b6652a,https://open.spotify.com/track/7DM4BPaS7uofFul3ywMe46
169,2017-07-29,170,Down,Cold,Maroon 5,470198,https://i.scdn.co/image/ab67616d000048514727f9e79c338683c5bf8921,https://open.spotify.com/track/5NNlUMcOEOdoOIwwaWXv0k
170,2017-07-29,171,Up,White Iverson,Post Malone,469659,https://i.scdn.co/image/23bae95100dcb6ac8f88c19fa2a11c50a998a926,https://open.spotify.com/track/6eT7xZZlB2mwyzJ2sUKG6w
171,2017-07-29,172,Up,Faded,Alan Walker,463588,https://i.scdn.co/image/ab67616d00004851c4d00cac55ae1b4598c9bc90,https://open.spotify.com/track/7gHs73wELdeycvS48JfIos
172,2017-07-29,173,Down,Chained To The Rhythm,Katy Perry,462414,https://i.scdn.co/image/ab67616d000048511487979a7e0181a5d0406d1a,https://open.spotify.com/track/6520aj0B4FSKGVuKNsOCOi
173,2017-07-29,174,Up,Heathens,Twenty One Pilots,461893,https://i.scdn.co/image/ab67616d000048512ca3ba8f334ca5a5f0312efb,https://open.spotify.com/track/6i0V12jOa3mr6uu4WYhUBr
174,2017-07-29,175,Down,One More Light,Linkin Park,459478,https://i.scdn.co/image/ab67616d00004851145e1cf12538f5666511237d,https://open.spotify.com/track/3xXBsjrbG1xQIm1xv1cKOt
175,2017-07-29,176,Down,Mercy,Shawn Mendes,458870,https://i.scdn.co/image/ab67616d00004851188e6332f32088921ab1eaf8,https://open.spotify.com/track/4TZy1wLyHec06pwgFYDh1a
176,2017-07-29,177,Up,T-Shirt,Migos,458725,https://i.scdn.co/image/ab67616d0000485199a8ab6da9d593939302828a,https://open.spotify.com/track/7KOlJ92bu51cltsD9KU5I7
177,2017-07-29,178,Up,Tunnel Vision,Kodak Black,458331,https://i.scdn.co/image/ab67616d000048511541a676423805fc68ff3e66,https://open.spotify.com/track/4Q3N4Ct4zCuIHuZ65E3BD4
178,2017-07-29,179,Up,Traicionera,Sebastian Yatra,456447,https://i.scdn.co/image/ab67616d00004851dbe5e9f934a9be5db8884c52,https://open.spotify.com/track/5J1c3M4EldCfNxXwrwt8mT
179,2017-07-29,180,New,Bodak Yellow,Cardi B,452681,https://i.scdn.co/image/ab67616d0000485162a2dedc55a38a0fca0a17b0,https://open.spotify.com/track/2771LMNxwf62FTAdpJMQfM
180,2017-07-29,181,Down,"Lose Yourself - From ""8 Mile"" Soundtrack",Eminem,452357,https://i.scdn.co/image/36440dfd440d23086573d62a32def35ecc42f111,https://open.spotify.com/track/5Z01UMMf7V1o0MzF86s6WJ
181,2017-07-29,182,Up,Bon appétit,Katy Perry,452160,https://i.scdn.co/image/ab67616d000048511487979a7e0181a5d0406d1a,https://open.spotify.com/track/61WbtB6ujkpNAsAf5LjF4b
182,2017-07-29,183,Up,ELEMENT.,Kendrick Lamar,451191,https://i.scdn.co/image/ae1f239b41e9604a66eb900834c6887cd2f62ff1,https://open.spotify.com/track/1EaKU4dMbesXXd3BrLCtYG
183,2017-07-29,184,New,Ride,Twenty One Pilots,450386,https://i.scdn.co/image/ab67616d00004851de03bfc2991fd5bcfde65ba3,https://open.spotify.com/track/2Z8WuEywRWYTKe1NybPQEW
184,2017-07-29,185,Up,Sorry,Justin Bieber,449706,https://i.scdn.co/image/ab67616d00004851b6d9a4fbb0bd49f0f034aead,https://open.spotify.com/track/69bp2EbF7Q2rqc5N3ylezZ
185,2017-07-29,186,Down,Craving You,Thomas Rhett,449495,https://i.scdn.co/image/ab67616d00004851d0d81e890f51dfa32d2bdea2,https://open.spotify.com/track/6zLdXcmvIxnAXpz9sXFnIE
186,2017-07-29,187,Up,Rolex,Ayo & Teo,448850,https://i.scdn.co/image/ab67616d0000485179dbd95fbdf6b0d617bd32dd,https://open.spotify.com/track/0pSBuHjILhNEo55xK1zrRt
187,2017-07-29,188,Down,Lust For Life (with The Weeknd),Lana Del Rey,446655,https://i.scdn.co/image/ab67616d000048510ce29816dc0bf56f52ebde8f,https://open.spotify.com/track/4L7Y2OAPiY2I2GndZjAs5K
188,2017-07-29,189,Down,Loca (feat. Cali y El Dandee),Maite Perroni,445723,https://i.scdn.co/image/ab67616d00004851aff6f2b3368a8bf5bb6eb94d,https://open.spotify.com/track/05ZXXyeZFhZtA6DAP3Aw7x
189,2017-07-29,190,Up,Stressed Out,Twenty One Pilots,444255,https://i.scdn.co/image/ab67616d00004851de03bfc2991fd5bcfde65ba3,https://open.spotify.com/track/3CRDbSIZ4r5MsZ0YwxuEkn
190,2017-07-29,191,New,Vacaciones,Wisin,443853,https://i.scdn.co/image/ab67616d00004851c85f0d16973e9dae6f8a786c,https://open.spotify.com/track/3dQDid3IUNhZy1OehIfYfE
191,2017-07-29,192,Down,Summer Bummer (feat. A$AP Rocky & Playboi Carti),Lana Del Rey,442768,https://i.scdn.co/image/9f33fa0871e9b0f0318f6f2f1162fd7ffbc353dc,https://open.spotify.com/track/5QqyRUZeBE04yJxsD1OC0I
192,2017-07-29,193,New,Fazer Falta,Mc Livinho,441698,https://i.scdn.co/image/ab67616d000048518cf3b479e0a59aefa13b9a79,https://open.spotify.com/track/6pSYjx66rlqRmGGTHhnjCo
193,2017-07-29,194,Up,Wonderwall - Remastered,Oasis,436414,https://i.scdn.co/image/ab67616d0000485185e5dcc05cc216a10f141480,https://open.spotify.com/track/5qqabIl2vWzo9ApSC317sa
194,2017-07-29,195,Down,"How Far I'll Go - From ""Moana""",Alessia Cara,436030,https://i.scdn.co/image/ab67616d00004851fb128b1eda22335050f584fe,https://open.spotify.com/track/5hYTyyh2odQKphUbMqc5gN
195,2017-07-29,196,New,Te Quiero Pa´Mi,Don Omar,434965,https://i.scdn.co/image/ab67616d00004851d0cb2a58e3bf5d7ac5ece16f,https://open.spotify.com/track/3BY2mafsbsoKGqS380Xnuz
196,2017-07-29,197,New,Don't Wanna Know,Maroon 5,432788,https://i.scdn.co/image/ab67616d00004851eec1912bbc2ff74b8203fe5f,https://open.spotify.com/track/5MFzQMkrl1FOOng9tq6R9r
197,2017-07-29,198,Down,Complicated (feat. Kiiara),Dimitri Vegas & Like Mike,431952,https://i.scdn.co/image/ab67616d0000485105df880db084244f431803b4,https://open.spotify.com/track/1Sl3njkhhz8nrSPZroDQ82
198,2017-07-29,199,New,Sun Comes Up (feat. James Arthur),Rudimental,430952,https://i.scdn.co/image/ab67616d00004851db779b39b22152a560a22bde,https://open.spotify.com/track/6SUocL0caib4mLHe8ZrZzi
199,2017-07-29,200,Down,Go Flex,Post Malone,429712,https://i.scdn.co/image/23bae95100dcb6ac8f88c19fa2a11c50a998a926,https://open.spotify.com/track/5yuShbu70mtHXY0yLzCQLQ
