,Date,Position,Trend,Title,Artist,Streams,Icon_URL,Spotify_URL
0,2017-07-19,1,Flat,Despacito - Remix,Luis Fonsi,5093683,https://i.scdn.co/image/ab67616d00004851d8559d0280ffe2a2af6dacdf,https://open.spotify.com/track/5CtI0qwDJkDQGwXD1H1cLb
1,2017-07-19,2,Flat,Wild Thoughts (feat. Rihanna & Bryson Tiller),DJ Khaled,4145194,https://i.scdn.co/image/ab67616d00004851dcb6a73da1e7f293b875f69c,https://open.spotify.com/track/1OAh8uOEOvTDqkKFsKksCi
2,2017-07-19,3,Flat,Unforgettable,French Montana,3695358,https://i.scdn.co/image/ab67616d000048518a31195a371b2233456f6c07,https://open.spotify.com/track/3B54sVLJ402zGa6Xm4YGNe
3,2017-07-19,4,Up,Mi Gente,J Balvin,3624815,https://i.scdn.co/image/ab67616d00004851996bd1ea86bd3815eedfeef5,https://open.spotify.com/track/2rb5MvYT7ZIxbKW5hfcHx8
4,2017-07-19,5,Down,2U (feat. Justin Bieber),David Guetta,3581402,https://i.scdn.co/image/ab67616d0000485145c5570d4a66346d8f683913,https://open.spotify.com/track/3A7qX2QjDlPnazUsRk5y0M
5,2017-07-19,6,Flat,"I'm the One (feat. Justin Bieber, Quavo, Chance the Rapper & Lil Wayne)",DJ Khaled,3532906,https://i.scdn.co/image/ab67616d00004851dcb6a73da1e7f293b875f69c,https://open.spotify.com/track/3DXncPQOG4VBw3QHh3S817
6,2017-07-19,7,Flat,Feels,Calvin Harris,3264724,https://i.scdn.co/image/ab67616d000048514d3fa5ce7ba599f4fd7803ef,https://open.spotify.com/track/5bcTCxgc7xVfSaMV3RuVke
7,2017-07-19,8,Flat,Shape of You,Ed Sheeran,3163360,https://i.scdn.co/image/ab67616d00004851ba5db46f4b838ef6027e6f96,https://open.spotify.com/track/7qiZfU4dY1lWllzX7mPBI3
8,2017-07-19,9,Flat,Attention,Charlie Puth,3094607,https://i.scdn.co/image/ab67616d00004851db21a273452f0637cdbc35aa,https://open.spotify.com/track/4iLqG9SeJSnt0cSPICSjxv
9,2017-07-19,10,New,Strip That Down,Liam Payne,2851940,https://i.scdn.co/image/ab67616d00004851bc369c191203792d11f2f484,https://open.spotify.com/track/4Ro98RCK90oHqqSZUnTFq5
10,2017-07-19,11,Flat,Thunder,Imagine Dragons,2776117,https://i.scdn.co/image/ab67616d000048517956bd9a3d7a15e4c2e37cc6,https://open.spotify.com/track/0tKcYR2II1VCQWT79i5NrW
11,2017-07-19,12,Flat,Mama,Jonas Blue,2695197,https://i.scdn.co/image/ab67616d0000485143e3082d07bb8e6a13252cc7,https://open.spotify.com/track/4GEQd6D1NeNjpf0pbOgJSO
12,2017-07-19,13,Flat,Fetish (feat. Gucci Mane),Selena Gomez,2605228,https://i.scdn.co/image/ab67616d00004851676b024fbd4c52c3fa382dd4,https://open.spotify.com/track/0XLOf9LhyazPX9Ld8jPiUq
13,2017-07-19,14,Flat,There's Nothing Holdin' Me Back,Shawn Mendes,2513817,https://i.scdn.co/image/ab67616d00004851f9cbd0c07513a7232cd6b9a7,https://open.spotify.com/track/79cuOz3SPQTuFrp8WgftAu
14,2017-07-19,15,Flat,XO TOUR Llif3,Lil Uzi Vert,2439048,https://i.scdn.co/image/ab67616d0000485115531ec8568373f631db9786,https://open.spotify.com/track/2eMwDehkIC1j68U6FA3Eiq
15,2017-07-19,16,Up,Despacito (Featuring Daddy Yankee),Luis Fonsi,2179101,https://i.scdn.co/image/ab67616d00004851a5971936e3b8d91f8b616b17,https://open.spotify.com/track/4aWmUDTfIPGksMNLV2rQP2
16,2017-07-19,17,Down,Swalla (feat. Nicki Minaj & Ty Dolla $ign),Jason Derulo,2154884,https://i.scdn.co/image/ab67616d000048519d6522bee68370fa5592301d,https://open.spotify.com/track/6kex4EBAj0WHXDKZMEJaaF
17,2017-07-19,18,Flat,HUMBLE.,Kendrick Lamar,2123435,https://i.scdn.co/image/ae1f239b41e9604a66eb900834c6887cd2f62ff1,https://open.spotify.com/track/7KXjTSCq5nL1LoYtL7XAwS
18,2017-07-19,19,Flat,More Than You Know,Axwell /\ Ingrosso,2111405,https://i.scdn.co/image/ab67616d000048518f24ce68154603cffe698779,https://open.spotify.com/track/4q8PHoRsPUB52LFylX8Ulz
19,2017-07-19,20,Flat,Something Just Like This,The Chainsmokers,2101386,https://i.scdn.co/image/ab67616d000048510c13d3d5a503c84fcc60ae94,https://open.spotify.com/track/6RUKPb4LETWmmr3iAEQktW
20,2017-07-19,21,Up,Sorry Not Sorry,Demi Lovato,2051562,https://i.scdn.co/image/ab67616d0000485110e3276edd7706710560bd4c,https://open.spotify.com/track/25C5CowdsfXld2jJanbiex
21,2017-07-19,22,Down,There for You,Martin Garrix,2039649,https://i.scdn.co/image/ab67616d0000485172c57da7edfe8e915182cdd4,https://open.spotify.com/track/6jA8HL9i4QGzsj6fjoxp8Y
22,2017-07-19,23,Down,Felices los 4,Maluma,1976042,https://i.scdn.co/image/ab67616d00004851d9732b592276542ecafa6c6d,https://open.spotify.com/track/0qYTZCo5Bwh1nsUFGZP3zn
23,2017-07-19,24,Down,Congratulations,Post Malone,1930815,https://i.scdn.co/image/23bae95100dcb6ac8f88c19fa2a11c50a998a926,https://open.spotify.com/track/3a1lNhkSLSkpJE4MSHpDu9
24,2017-07-19,25,Flat,Believer,Imagine Dragons,1907374,https://i.scdn.co/image/ab67616d000048517956bd9a3d7a15e4c2e37cc6,https://open.spotify.com/track/0CcQNd8CINkwQfe1RDtGV6
25,2017-07-19,26,Down,Pretty Girl - Cheat Codes X CADE Remix,Maggie Lindemann,1882033,https://i.scdn.co/image/ab67616d000048517c7436e1b6273be0e7bc1a84,https://open.spotify.com/track/1NDxZ7cFAo481dtYWdrUnR
26,2017-07-19,27,Flat,Signs,Drake,1881697,https://i.scdn.co/image/ab67616d000048514d37373eef5fcb26802d8c18,https://open.spotify.com/track/5EnYT6F7wEcdege6mDHEfO
27,2017-07-19,28,Up,Me Rehúso,Danny Ocean,1869888,https://i.scdn.co/image/ab67616d00004851a75bd33684083600569dd3bf,https://open.spotify.com/track/6De0lHrwBfPfrhorm9q1Xl
28,2017-07-19,29,Down,Slide,Calvin Harris,1841701,https://i.scdn.co/image/ab67616d000048514d3fa5ce7ba599f4fd7803ef,https://open.spotify.com/track/7tr2za8SQg2CI8EDgrdtNl
29,2017-07-19,30,Flat,Bad Liar,Selena Gomez,1825722,https://i.scdn.co/image/ab67616d00004851f40c5ecb3d327a55e8aa6714,https://open.spotify.com/track/1sCxVKWImDZSZKvG0U9B23
30,2017-07-19,31,Flat,Your Song,Rita Ora,1781170,https://i.scdn.co/image/ab67616d00004851528e7f2b6eda1b2a20ccfb1f,https://open.spotify.com/track/4c2W3VKsOFoIg2SFaO6DY5
31,2017-07-19,32,Flat,"Know No Better (feat. Travis Scott, Camila Cabello & Quavo)",Major Lazer,1777719,https://i.scdn.co/image/ab67616d00004851de1e9558f85913eb0b47f623,https://open.spotify.com/track/3Ytr1SUCUi6J3L9dRFx5iH
32,2017-07-19,33,Flat,Crying in the Club,Camila Cabello,1758085,https://i.scdn.co/image/ab67616d00004851cec62b81146fe4d116fbb2fa,https://open.spotify.com/track/1SJtlNRJDeYHioymcvsqev
33,2017-07-19,34,Flat,Slow Hands,Niall Horan,1738356,https://i.scdn.co/image/ab67616d00004851805efe949d48d6f50e604919,https://open.spotify.com/track/167NczpNbRF7oWakJaY3Hh
34,2017-07-19,35,Flat,Symphony (feat. Zara Larsson),Clean Bandit,1695942,https://i.scdn.co/image/ab67616d000048515b1130d050c4cd2295999d85,https://open.spotify.com/track/1x5sYLZiu9r5E43kMlt9f8
35,2017-07-19,36,Flat,Stay (with Alessia Cara),Zedd,1630275,https://i.scdn.co/image/ab67616d0000485191a70f95efc3400f696e89cc,https://open.spotify.com/track/0dA2Mk56wEzDgegdC6R17g
36,2017-07-19,37,Flat,That's What I Like,Bruno Mars,1626269,https://i.scdn.co/image/ab67616d00004851232711f7d66a1e19e89e28c5,https://open.spotify.com/track/0KKkJNfGyhkQ5aFogxQAPU
37,2017-07-19,38,Flat,I Like Me Better,Lauv,1585386,https://i.scdn.co/image/ab67616d00004851fab48816b625e2a77a732400,https://open.spotify.com/track/1wjzFQodRWrPcQ0AnYnvQ9
38,2017-07-19,39,Flat,It Ain't Me (with Selena Gomez),Kygo,1520293,https://i.scdn.co/image/ab67616d0000485141f289940f2e6a0d51988d77,https://open.spotify.com/track/3eR23VReFzcdmS7TYCrhCe
39,2017-07-19,40,Flat,No Promises (feat. Demi Lovato),Cheat Codes,1496248,https://i.scdn.co/image/ab67616d00004851e74ecdb2f1316c8f026970a8,https://open.spotify.com/track/1louJpMmzEicAn7lzDalPW
40,2017-07-19,41,Flat,Mask Off,Future,1492023,https://i.scdn.co/image/ab67616d00004851356884f85665ebdd79223fdf,https://open.spotify.com/track/3rOSwuTsUlJp0Pu0MkN8r8
41,2017-07-19,42,Flat,Redbone,Childish Gambino,1478006,https://i.scdn.co/image/ab67616d000048510b97e56ffad7c6211aa848f8,https://open.spotify.com/track/3kxfsdsCpFgN412fpnW85Y
42,2017-07-19,43,Flat,SUBEME LA RADIO,Enrique Iglesias,1456740,https://i.scdn.co/image/ab67616d000048515366ff028970205a29d558ed,https://open.spotify.com/track/7nKBxz47S9SD79N086fuhn
43,2017-07-19,44,Flat,Escápate Conmigo,Wisin,1452268,https://i.scdn.co/image/ab67616d000048512b02904e5404ad6069c16a4f,https://open.spotify.com/track/2cnKEkpVUSV4wnjQiTWfH6
44,2017-07-19,45,Flat,Location,Khalid,1428266,https://i.scdn.co/image/ab67616d00004851988ede5e1276e758b5f9e577,https://open.spotify.com/track/152lZdxL1OR0ZMW6KquMif
45,2017-07-19,46,Up,BUTTERFLY EFFECT,Travis Scott,1378104,https://i.scdn.co/image/ab67616d00004851b5e9358d0d07114609d9afab,https://open.spotify.com/track/1yxgsra98r3qAtxqiGZPiX
46,2017-07-19,47,Down,Galway Girl,Ed Sheeran,1370746,https://i.scdn.co/image/ab67616d00004851ba5db46f4b838ef6027e6f96,https://open.spotify.com/track/0afhq8XCExXpqazXczTSve
47,2017-07-19,48,Flat,Ahora Dice,Chris Jeday,1334888,https://i.scdn.co/image/ab67616d000048513a142c7e7fc7863dc1a256ed,https://open.spotify.com/track/22eADXu8DfOAUEDw4vU8qy
48,2017-07-19,49,Flat,Malibu,Miley Cyrus,1295085,https://i.scdn.co/image/ab67616d000048512fe7eac044c3912f06432f22,https://open.spotify.com/track/2habSXqcJGExM6JJyskY7O
49,2017-07-19,50,Flat,Rollin,Calvin Harris,1235324,https://i.scdn.co/image/ab67616d000048514d3fa5ce7ba599f4fd7803ef,https://open.spotify.com/track/0lMbuWUpfTWhEmOKxppEau
50,2017-07-19,51,Flat,Una Lady Como Tú,Manuel Turizo,1216477,https://i.scdn.co/image/ab67616d00004851f9dc35bc367fcf98e763d27e,https://open.spotify.com/track/7MHN1aCFtLXjownGhvEQlF
51,2017-07-19,52,Up,DNA.,Kendrick Lamar,1158623,https://i.scdn.co/image/ae1f239b41e9604a66eb900834c6887cd2f62ff1,https://open.spotify.com/track/6HZILIRieu8S0iqY8kIKhj
52,2017-07-19,53,Up,New Rules,Dua Lipa,1158592,https://i.scdn.co/image/ab67616d000048516b915e407b70e121e06fe979,https://open.spotify.com/track/2ekn2ttSfGqwhhate0LSR0
53,2017-07-19,54,Down,Hey DJ,CNCO,1137257,https://i.scdn.co/image/ab67616d000048514358c8856d3acc00ca6c3578,https://open.spotify.com/track/209gZgcfLq2aUuu51vOWBl
54,2017-07-19,55,Down,Now Or Never,Halsey,1128193,https://i.scdn.co/image/d5bb421dbecbba7c6904eb67672f3cd25cf54c23,https://open.spotify.com/track/7i2DJ88J7jQ8K7zqFX2fW8
55,2017-07-19,56,Down,Most Girls,Hailee Steinfeld,1124496,https://i.scdn.co/image/ab67616d000048519e1b81dc79bd5055417b1e5a,https://open.spotify.com/track/2mfUa8bLs2s5N4VaqJZ4lZ
56,2017-07-19,57,Up,Bonita,J Balvin,1119391,https://i.scdn.co/image/ab67616d0000485148f3fc1d4f0fed414418e041,https://open.spotify.com/track/693iqPOQvhI7PobtR8CC8v
57,2017-07-19,58,Down,Praying,Kesha,1118925,https://i.scdn.co/image/ab67616d000048514313d7405dc66050a41c85ec,https://open.spotify.com/track/79NlESqzFSW0hdBWgls4FX
58,2017-07-19,59,Up,Get Low (with Liam Payne),Zedd,1114017,https://i.scdn.co/image/ab67616d00004851a558887a8b28dcd38ad6e3ef,https://open.spotify.com/track/1CKd1PnqfYx0H12V9MSaIY
59,2017-07-19,60,Down,1-800-273-8255,Logic,1099353,https://i.scdn.co/image/08f9ccb7875a87c07c79c1ccd5319263786c55ea,https://open.spotify.com/track/5tz69p7tJuGPeMGwNTxYuV
60,2017-07-19,61,Down,Passionfruit,Drake,1072924,https://i.scdn.co/image/ab67616d000048515ea859dc94365abd9fd84fd6,https://open.spotify.com/track/7hDc8b7IXETo14hHIHdnhd
61,2017-07-19,62,Flat,First Time,Kygo,1067586,https://i.scdn.co/image/ab67616d00004851b6d86ca196b697ee0f640118,https://open.spotify.com/track/2Gl0FzuLxflY6nPifJp5Dr
62,2017-07-19,63,Up,Bank Account,21 Savage,1031743,https://i.scdn.co/image/ab67616d0000485163bdcfe76718674e7783df36,https://open.spotify.com/track/5eqK0tbzUPo2SoeZsov04s
63,2017-07-19,64,Down,OK - Spotify Version,Robin Schulz,1031574,https://i.scdn.co/image/ab67616d000048517fd57367322c558ca19c9ed8,https://open.spotify.com/track/3bWAqKDWg6u1davspr5IkS
64,2017-07-19,65,Down,Down,Fifth Harmony,998309,https://i.scdn.co/image/ab67616d00004851aa8f5611964dc75eebbecbba,https://open.spotify.com/track/7LEydI5NfjY6mZfKwYIptZ
65,2017-07-19,66,Flat,goosebumps,Travis Scott,968013,https://i.scdn.co/image/ab67616d00004851f54b99bf27cda88f4a7403ce,https://open.spotify.com/track/6gBFPUFcJLzWGx4lenP6h2
66,2017-07-19,67,Flat,Body Like A Back Road,Sam Hunt,959134,https://i.scdn.co/image/ab67616d000048519eccbdab1110afc4d5a186a8,https://open.spotify.com/track/7mldq42yDuxiUNn08nvzHO
67,2017-07-19,68,Up,Say You Won't Let Go,James Arthur,949890,https://i.scdn.co/image/ab67616d0000485120beb61f61fcbeb33b10a9ab,https://open.spotify.com/track/5uCax9HTNlzGybIStD3vDh
68,2017-07-19,69,Down,Magnolia,Playboi Carti,941280,https://i.scdn.co/image/cbfa858a49a59efbca64c6f7078068cf07731bd0,https://open.spotify.com/track/1e1JKLEDKP7hEQzJfNAgPl
69,2017-07-19,70,Flat,Closer,The Chainsmokers,931691,https://i.scdn.co/image/ab67616d00004851495ce6da9aeb159e94eaa453,https://open.spotify.com/track/7BKLCZ1jbUBVqRi2FVlTVw
70,2017-07-19,71,Up,Me Enamoré,Shakira,900711,https://i.scdn.co/image/ab67616d00004851d05d3aad30c5fb7614893cf5,https://open.spotify.com/track/4qknM1pQz53QOyfDVTjcM9
71,2017-07-19,72,Down,Sign of the Times,Harry Styles,893041,https://i.scdn.co/image/ab67616d000048516c619c39c853f8b1d67b7859,https://open.spotify.com/track/5Ohxk2dO5COHF1krpoPigN
72,2017-07-19,73,Down,Rockabye (feat. Sean Paul & Anne-Marie),Clean Bandit,888571,https://i.scdn.co/image/ab67616d000048511431c3bdf16aa99f71799d95,https://open.spotify.com/track/5knuzwU65gJK7IF5yJsuaW
73,2017-07-19,74,Down,Issues,Julia Michaels,874328,https://i.scdn.co/image/ab67616d000048519615e35e0e9e4b2c3dccb520,https://open.spotify.com/track/1sXUWdKx03aP9Gmzft58rt
74,2017-07-19,75,Up,Slippery (feat. Gucci Mane),Migos,873396,https://i.scdn.co/image/ab67616d0000485199a8ab6da9d593939302828a,https://open.spotify.com/track/6p8NuHm8uCGnn2Dtbtf7zE
75,2017-07-19,76,Up,Tu Foto,Ozuna,871359,https://i.scdn.co/image/ab67616d000048515a0467b3a49a461da243c362,https://open.spotify.com/track/0Szp49tpFasIjX04Mcsydp
76,2017-07-19,77,Down,Came Here for Love,Sigala,848171,https://i.scdn.co/image/ab67616d000048513769e2973131468513fc59cd,https://open.spotify.com/track/3kGfazcbVvVkuZunzlLgTD
77,2017-07-19,78,Up,La Rompe Corazones,Daddy Yankee,830192,https://i.scdn.co/image/ab67616d00004851b84a36483e43bfbcb931fcde,https://open.spotify.com/track/4okba5wu9mMLXx79DXLKi3
78,2017-07-19,79,Flat,Scared to Be Lonely,Martin Garrix,814799,https://i.scdn.co/image/ab67616d0000485164f8a309aa3c0a66a31fc374,https://open.spotify.com/track/3ebXMykcMXOcLeJ9xZ17XH
79,2017-07-19,80,Up,"I Don’t Wanna Live Forever (Fifty Shades Darker) - From ""Fifty Shades Darker (Original Motion Picture Soundtrack)""",ZAYN,809804,https://i.scdn.co/image/ab67616d000048512ae921f082ae5db4d3da818f,https://open.spotify.com/track/3NdDpSvN911VPGivFlV5d0
80,2017-07-19,81,Flat,El Amante,Nicky Jam,796875,https://i.scdn.co/image/ab67616d00004851d77dbcd4dbd37cdfa61771fa,https://open.spotify.com/track/3umS4y3uQDkqekNjVpiRUs
81,2017-07-19,82,Up,Young Dumb & Broke,Khalid,795793,https://i.scdn.co/image/ab67616d00004851988ede5e1276e758b5f9e577,https://open.spotify.com/track/5Z3GHaZ6ec9bsiI5BenrbY
82,2017-07-19,83,Up,Swish Swish,Katy Perry,791363,https://i.scdn.co/image/ab67616d000048511487979a7e0181a5d0406d1a,https://open.spotify.com/track/2kVHAQKVtczchKctctzbtK
83,2017-07-19,84,Down,No Vacancy,OneRepublic,787849,https://i.scdn.co/image/ab67616d000048518eadf2a91387dd890653afbe,https://open.spotify.com/track/6XOYVSmNDjKUNMXooU4s4z
84,2017-07-19,85,Up,One Dance,Drake,784403,https://i.scdn.co/image/ab67616d00004851726abca207567d5e41cb9667,https://open.spotify.com/track/1xznGGDReH1oQq0xzbwXa3
85,2017-07-19,86,Up,Starboy,The Weeknd,782795,https://i.scdn.co/image/ab67616d000048510c8599cbde51245c128bcea9,https://open.spotify.com/track/5aAx2yezTd8zXrkmtKl66Z
86,2017-07-19,87,Down,Hey Ma (with Pitbull & J Balvin feat. Camila Cabello) - Spanish Version,Pitbull,779727,https://i.scdn.co/image/ab67616d000048513e40b472d708ea3c6bd86670,https://open.spotify.com/track/2Vdub5mY4lad7w64bFPUez
87,2017-07-19,88,Up,I Feel It Coming,The Weeknd,778934,https://i.scdn.co/image/b3683184efeb899b2d1a02f4957d0c630dc10b0b,https://open.spotify.com/track/5GXAXm5YOmYT0kL5jHvYBt
88,2017-07-19,89,Up,Sigo Extrañándote,J Balvin,775653,https://i.scdn.co/image/ab67616d00004851338ffc4c72a192f06070546b,https://open.spotify.com/track/6qDF4wWL49CAVbgT7yuHl8
89,2017-07-19,90,Down,Castle on the Hill,Ed Sheeran,773023,https://i.scdn.co/image/ab67616d00004851ba5db46f4b838ef6027e6f96,https://open.spotify.com/track/6PCUP3dWmTjcTtXY02oFdT
90,2017-07-19,91,Down,iSpy (feat. Lil Yachty),KYLE,771122,https://i.scdn.co/image/ab67616d0000485132e373f2988bc6596a542d1c,https://open.spotify.com/track/2EEeOnHehOozLq4aS0n6SL
91,2017-07-19,92,Up,Chantaje (feat. Maluma),Shakira,744825,https://i.scdn.co/image/ab67616d00004851d05d3aad30c5fb7614893cf5,https://open.spotify.com/track/6mICuAdrwEjh6Y6lroV2Kg
92,2017-07-19,93,Up,Perfect,Ed Sheeran,726545,https://i.scdn.co/image/ab67616d00004851ba5db46f4b838ef6027e6f96,https://open.spotify.com/track/0tgVpDi06FyKpA1z0VMD4v
93,2017-07-19,94,Down,Solo Dance,Martin Jensen,725919,https://i.scdn.co/image/ab67616d00004851950d67dbe3f31f1d9a5d06a2,https://open.spotify.com/track/6HUnnBwYZqcED1eQztxMBN
94,2017-07-19,95,Up,Báilame,Nacho,713771,https://i.scdn.co/image/ab67616d000048514b2089fbced0d870deb3e9f2,https://open.spotify.com/track/7lRsNbdOGykkMAgsqs4R1C
95,2017-07-19,96,Up,Otra vez (feat. J Balvin),Zion & Lennox,704383,https://i.scdn.co/image/ab67616d0000485182eabf564ddc57325a84dd50,https://open.spotify.com/track/3QwBODjSEzelZyVjxPOHdq
96,2017-07-19,97,Flat,Drowning (feat. Kodak Black),A Boogie Wit da Hoodie,703610,https://i.scdn.co/image/ab67616d0000485131d8918139b720e4141adeec,https://open.spotify.com/track/6Q2FftbUG530lCtBI74bMH
97,2017-07-19,98,Down,Paris,The Chainsmokers,703476,https://i.scdn.co/image/ab67616d000048510c13d3d5a503c84fcc60ae94,https://open.spotify.com/track/72jbDTw1piOOj770jWNeaG
98,2017-07-19,99,Down,LOVE. FEAT. ZACARI.,Kendrick Lamar,702706,https://i.scdn.co/image/ae1f239b41e9604a66eb900834c6887cd2f62ff1,https://open.spotify.com/track/6PGoSes0D9eUDeeAafB2As
99,2017-07-19,100,Up,Rich Love (with Seeb),OneRepublic,698966,https://i.scdn.co/image/ab67616d000048516f2fa4c6cd6653d8d770a415,https://open.spotify.com/track/7aF09WaavZAmAWuUeYxlYD
100,2017-07-19,101,Up,Glorious (feat. Skylar Grey),Macklemore,697405,https://i.scdn.co/image/ab67616d000048512c19c42e316cd3d949c992b0,https://open.spotify.com/track/3HVr6jTVwBHBa2flM0eURR
101,2017-07-19,102,Up,"Sola (Remix) [feat. Daddy Yankee, Wisin, Farruko, Zion & Lennox]",Anuel AA,694102,https://i.scdn.co/image/ab67616d00004851a66def7d649149464edc8f1e,https://open.spotify.com/track/5q2JbCNi4FcnglgPfxcV65
102,2017-07-19,103,Down,Photograph,Ed Sheeran,690871,https://i.scdn.co/image/ab67616d00004851d08209944468440145f01524,https://open.spotify.com/track/6fxVffaTuwjgEk5h9QyRjy
103,2017-07-19,104,Flat,Call On Me - Ryan Riback Extended Remix,Starley,685536,https://i.scdn.co/image/ab67616d000048519d4079afc73664f86f055400,https://open.spotify.com/track/78rIJddV4X0HkNAInEcYde
104,2017-07-19,105,Down,Tuesday,Burak Yeter,679641,https://i.scdn.co/image/069b0b8dc1285ba4d2bd7f2536abfce84598d130,https://open.spotify.com/track/7abpmGpF7PGep2rDU68GBR
105,2017-07-19,106,Down,LOYALTY. FEAT. RIHANNA.,Kendrick Lamar,671642,https://i.scdn.co/image/ae1f239b41e9604a66eb900834c6887cd2f62ff1,https://open.spotify.com/track/6SwRhMLwNqEi6alNPVG00n
106,2017-07-19,107,Up,Let Me Love You,DJ Snake,663358,https://i.scdn.co/image/ab67616d000048515045de6786e0af096de73ed4,https://open.spotify.com/track/4pdPtRcBmOSQDlJ3Fk945m
107,2017-07-19,108,Down,A Lie,French Montana,662653,https://i.scdn.co/image/ab67616d000048518a31195a371b2233456f6c07,https://open.spotify.com/track/1vVNlXi8gf8tZ7OhnEs4VE
108,2017-07-19,109,Flat,You Don't Know Me - Radio Edit,Jax Jones,652611,https://i.scdn.co/image/ab67616d00004851dd05a1716e2f07a07b8ccfe3,https://open.spotify.com/track/00lNx0OcTJrS3MKHcB80HY
109,2017-07-19,110,Flat,It's A Vibe,2 Chainz,652595,https://i.scdn.co/image/179288654e273e14d827a4aa76cf37115e139ca0,https://open.spotify.com/track/6H0AwSQ20mo62jGlPGB8S6
110,2017-07-19,111,Down,Two High,Moon Taxi,644513,https://i.scdn.co/image/ab67616d000048513aba4c031c2a1b7941063ef0,https://open.spotify.com/track/3sJHkcxojoJD2Ytbo1yLLF
111,2017-07-19,112,Down,4 AM,2 Chainz,644121,https://i.scdn.co/image/179288654e273e14d827a4aa76cf37115e139ca0,https://open.spotify.com/track/1nX9KhK3Fff27SnrIor2Yb
112,2017-07-19,113,Down,Don't Let Me Down,The Chainsmokers,638521,https://i.scdn.co/image/ab67616d0000485108d87fb54859bc9038f7e5e0,https://open.spotify.com/track/0QsvXIfqM0zZoerQfsI9lm
113,2017-07-19,114,Up,Starving,Hailee Steinfeld,630740,https://i.scdn.co/image/ab67616d00004851612495ee5769c99125031be2,https://open.spotify.com/track/1qOLh0tI7trd1zdDKxYZTe
114,2017-07-19,115,Up,Feel It Still,Portugal. The Man,627599,https://i.scdn.co/image/ab67616d00004851af52c228c9619ff6298b08cd,https://open.spotify.com/track/6QgjcU0zLnzq5OrUoSZ3OK
115,2017-07-19,116,Up,Reggaetón Lento (Bailemos),CNCO,626926,https://i.scdn.co/image/ab67616d000048517db0f7ac4c612cce26ccacf9,https://open.spotify.com/track/3AEZUABDXNtecAOSC1qTfo
116,2017-07-19,117,Up,We Don't Talk Anymore,Charlie Puth,621328,https://i.scdn.co/image/ab67616d00004851c0e28105f0533c52717c46c2,https://open.spotify.com/track/68EMU2RD1ECNeOeJ5qAXCV
117,2017-07-19,118,Up,Summer Air,ItaloBrothers,620795,https://i.scdn.co/image/ab67616d000048516cc9441f366f82803e48ae5c,https://open.spotify.com/track/3GPI7hYiqD6enLRobhkBm8
118,2017-07-19,119,Down,Millionär,187 Strassenbande,618808,https://i.scdn.co/image/ab67616d00004851de74a50a8fa1987cd3be8b17,https://open.spotify.com/track/6mw02h3qbWmuq2bJCRjRAe
119,2017-07-19,120,Down,Whatever It Takes,Imagine Dragons,616528,https://i.scdn.co/image/ab67616d000048517956bd9a3d7a15e4c2e37cc6,https://open.spotify.com/track/4IWAyPf1KMq7JCyGeCjTeH
120,2017-07-19,121,Down,Me Llamas (feat. Maluma) - Remix,Piso 21,613566,https://i.scdn.co/image/ab67616d000048511e1eafb5d2bb1ca39d26f092,https://open.spotify.com/track/5hEM0JchdVzQ5PwvSfITeX
121,2017-07-19,122,Down,No Complaints,Metro Boomin,607014,https://i.scdn.co/image/f8fd3bfa4e9e48ade26b0b788301332e736220a4,https://open.spotify.com/track/6kig1UFggPUyZBCvXD3Wod
122,2017-07-19,123,Up,Treat You Better,Shawn Mendes,604425,https://i.scdn.co/image/ab67616d00004851188e6332f32088921ab1eaf8,https://open.spotify.com/track/4Hf7WnR761jpxPr5D46Bcd
123,2017-07-19,124,Down,Hunter,Galantis,604235,https://i.scdn.co/image/ab67616d00004851c57e7df0eb72981d8aafd57d,https://open.spotify.com/track/3caMfJGFp53NAH2TuigdNj
124,2017-07-19,125,Up,Reminding Me,Shawn Hook,603392,https://i.scdn.co/image/ab67616d00004851ee62a1ed1ea8a3fe4f4e1d78,https://open.spotify.com/track/4gqMQftUs22F8pOGVn5Acr
125,2017-07-19,126,Down,24K Magic,Bruno Mars,599851,https://i.scdn.co/image/ab67616d00004851232711f7d66a1e19e89e28c5,https://open.spotify.com/track/6b8Be6ljOzmkOmFslEb23P
126,2017-07-19,127,Down,The Cure,Lady Gaga,586177,https://i.scdn.co/image/ab67616d000048514a9be9e8223db02a37e1e8fe,https://open.spotify.com/track/51PIvodunv6NmX5250zxAh
127,2017-07-19,128,Flat,Thinking out Loud,Ed Sheeran,580321,https://i.scdn.co/image/ab67616d00004851d08209944468440145f01524,https://open.spotify.com/track/1Slwb6dOYkBlWal1PGtnNg
128,2017-07-19,129,Flat,Besándote,Piso 21,575991,https://i.scdn.co/image/ab67616d000048512cd0b690a37d7bb6e2aa5de4,https://open.spotify.com/track/13X0XdLMOdtbXVtAj2ox4h
129,2017-07-19,130,Up,Side To Side,Ariana Grande,574248,https://i.scdn.co/image/ab67616d000048517227f5854239a059af211d5b,https://open.spotify.com/track/4pLwZjInHj3SimIyN9SnOz
130,2017-07-19,131,Up,Si Tú La Ves (feat. Wisin),Nicky Jam,567186,https://i.scdn.co/image/ab67616d00004851d77dbcd4dbd37cdfa61771fa,https://open.spotify.com/track/4yN6xPLopmTLvc27pO9LIE
131,2017-07-19,132,Flat,Bad and Boujee (feat. Lil Uzi Vert),Migos,565982,https://i.scdn.co/image/ab67616d0000485199a8ab6da9d593939302828a,https://open.spotify.com/track/4Km5HrUvYTaSUfiSGPJeQR
132,2017-07-19,133,Flat,"CAN'T STOP THE FEELING! (Original Song from DreamWorks Animation's ""TROLLS"")",Justin Timberlake,565686,https://i.scdn.co/image/ab67616d00004851ef37416970812293c08e8a78,https://open.spotify.com/track/6JV2JOEocMgcZxYSZelKcc
133,2017-07-19,134,Down,Tired,Alan Walker,562219,https://i.scdn.co/image/ab67616d00004851c311619d7b02d5c4a6c167f2,https://open.spotify.com/track/3b5Li4QKDVBx1x7fQuu54a
134,2017-07-19,135,Up,Portland,Drake,541193,https://i.scdn.co/image/6dfd956b9331fa9ea1f47ebb95311951ed72b3db,https://open.spotify.com/track/2bjwRfXMk4uRgOD9IBYl9h
135,2017-07-19,136,Up,Cold Water (feat. Justin Bieber & MØ),Major Lazer,540497,https://i.scdn.co/image/ab67616d000048512e8f1cca2bc8c9d55930523b,https://open.spotify.com/track/6DNtNfH8hXkqOX1sjqmI7p
136,2017-07-19,137,Down,Happier,Ed Sheeran,539898,https://i.scdn.co/image/ab67616d00004851ba5db46f4b838ef6027e6f96,https://open.spotify.com/track/2RttW7RAu5nOAfq6YFvApB
137,2017-07-19,138,Up,Miracles (Someone Special),Coldplay,537499,https://i.scdn.co/image/ab67616d00004851a67c9ed23d0529e2c4fd6f28,https://open.spotify.com/track/6uJwPeBGb3swi85TSr9iIz
138,2017-07-19,139,Flat,Bounce Back,Big Sean,534731,https://i.scdn.co/image/695d0c097d8463ccc2c2b9855fe44e3e9e7bc267,https://open.spotify.com/track/0SGkqnVQo9KPytSri1H6cF
139,2017-07-19,140,Down,Fake Love,Drake,534321,https://i.scdn.co/image/6dfd956b9331fa9ea1f47ebb95311951ed72b3db,https://open.spotify.com/track/343YBumqHu19cGoGARUTsd
140,2017-07-19,141,Down,I Took A Pill In Ibiza - Seeb Remix,Mike Posner,532192,https://i.scdn.co/image/ab67616d0000485140512e02a594e3378c0256e6,https://open.spotify.com/track/17Fd6Yb7mSbinKG8LoWfFl
141,2017-07-19,142,Down,Love Galore (feat. Travis Scott),SZA,527770,https://i.scdn.co/image/ab67616d000048514c79d5ec52a6d0302f3add25,https://open.spotify.com/track/0q75NwOoFiARAVp4EXU4Bs
142,2017-07-19,143,Up,Numb,21 Savage,524250,https://i.scdn.co/image/ab67616d0000485163bdcfe76718674e7783df36,https://open.spotify.com/track/0G149jkGWKwrPXUGkEDgWM
143,2017-07-19,144,Up,Ni Tú Ni Yo (feat. Gente de Zona),Jennifer Lopez,521995,https://i.scdn.co/image/ab67616d000048511c96396253c7d52af2b940e5,https://open.spotify.com/track/5xMzazov0IHYllrc8U2K6F
144,2017-07-19,145,Up,Alguien Robo,Sebastian Yatra,519682,https://i.scdn.co/image/ab67616d0000485135e1cf8c70c60dc416956c17,https://open.spotify.com/track/5i50gKdLAjjIr7UxRT5IVy
145,2017-07-19,146,Up,Swang,Rae Sremmurd,518954,https://i.scdn.co/image/16293ab3b4f9301aeb5f41810fd7056d463db55e,https://open.spotify.com/track/6mapJIPnQ23RTAevUoE0DL
146,2017-07-19,147,Down,Hot2Touch,Felix Jaehn,517112,https://i.scdn.co/image/ab67616d00004851767ba597ba12ee255719cbd4,https://open.spotify.com/track/1sBhJGPUKrdRycgKxve70v
147,2017-07-19,148,Down,In the Name of Love,Martin Garrix,516602,https://i.scdn.co/image/ab67616d00004851923db3f255cd48a6d5783ebf,https://open.spotify.com/track/04DwTuZ2VBdJCCC5TROn7L
148,2017-07-19,149,Up,Love Yourself,Justin Bieber,513721,https://i.scdn.co/image/ab67616d00004851b6d9a4fbb0bd49f0f034aead,https://open.spotify.com/track/3hB5DgAiMAQ4DzYbsMq1IT
149,2017-07-19,150,Up,Hear Me Now,Alok,511709,https://i.scdn.co/image/e308bad29e4cf6dc8aa5cd97449ef71bbb893d40,https://open.spotify.com/track/1a5Yu5L18qNxVhXx38njON
150,2017-07-19,151,Up,Cold,Maroon 5,510935,https://i.scdn.co/image/ab67616d000048514727f9e79c338683c5bf8921,https://open.spotify.com/track/5NNlUMcOEOdoOIwwaWXv0k
151,2017-07-19,152,Up,Bon appétit,Katy Perry,502834,https://i.scdn.co/image/ab67616d000048511487979a7e0181a5d0406d1a,https://open.spotify.com/track/61WbtB6ujkpNAsAf5LjF4b
152,2017-07-19,153,Flat,do re mi,blackbear,502815,https://i.scdn.co/image/25560e082d8ff78217dd6594d18f827a4049cc63,https://open.spotify.com/track/3Q3myFA7q4Op95DOpHplaY
153,2017-07-19,154,Up,Super Far,LANY,497576,https://i.scdn.co/image/ab67616d000048514bf52f0d4578b67e362f4672,https://open.spotify.com/track/74ODGXs4byLTRdnKGM4s6E
154,2017-07-19,155,Down,Look At Me!,XXXTENTACION,495816,https://i.scdn.co/image/ab67616d0000485125b5901b8bcf902f54d466d9,https://open.spotify.com/track/4ARPvK8DHLwt4oX65ZAFMw
155,2017-07-19,156,Up,Cheap Thrills,Sia,495544,https://i.scdn.co/image/ab67616d0000485149e0134c686547c28b7c999f,https://open.spotify.com/track/27SdWb2rFzO6GWiYDBTD9j
156,2017-07-19,157,Up,Tunnel Vision,Kodak Black,492412,https://i.scdn.co/image/ab67616d000048511541a676423805fc68ff3e66,https://open.spotify.com/track/4Q3N4Ct4zCuIHuZ65E3BD4
157,2017-07-19,158,Down,Good Life (with G-Eazy & Kehlani),G-Eazy,492324,https://i.scdn.co/image/ab67616d00004851fcc36f9c0515e6e7faa2030b,https://open.spotify.com/track/1Eck97uRMlprKOOJN9oO1E
158,2017-07-19,159,Down,Chained To The Rhythm,Katy Perry,492249,https://i.scdn.co/image/ab67616d000048511487979a7e0181a5d0406d1a,https://open.spotify.com/track/6520aj0B4FSKGVuKNsOCOi
159,2017-07-19,160,Up,Mercy,Shawn Mendes,491082,https://i.scdn.co/image/ab67616d00004851188e6332f32088921ab1eaf8,https://open.spotify.com/track/4TZy1wLyHec06pwgFYDh1a
160,2017-07-19,161,Down,One Last Time,Ariana Grande,488049,https://i.scdn.co/image/ab67616d000048511254a60895a75d37796045c8,https://open.spotify.com/track/7bJwvubZZaoGE1AGEfu8Fi
161,2017-07-19,162,Up,Instruction (feat. Demi Lovato & Stefflon Don),Jax Jones,487353,https://i.scdn.co/image/ab67616d00004851785528fd13fc6d63e29542f4,https://open.spotify.com/track/0XfOi87h82i09rQjWYG0Bm
162,2017-07-19,163,Flat,The Night We Met,Lord Huron,486895,https://i.scdn.co/image/ab67616d00004851ee6611c95f868e465c98a0b2,https://open.spotify.com/track/6mORGLOz79w6VsCRLWYYuK
163,2017-07-19,164,Flat,T-Shirt,Migos,486788,https://i.scdn.co/image/ab67616d0000485199a8ab6da9d593939302828a,https://open.spotify.com/track/7KOlJ92bu51cltsD9KU5I7
164,2017-07-19,165,Down,Be Mine,Ofenbach,484875,https://i.scdn.co/image/ab67616d00004851e819b286432a124e510dc87b,https://open.spotify.com/track/2KklXplRtxMsBYo474Es0w
165,2017-07-19,166,Down,Weak,AJR,482987,https://i.scdn.co/image/ab67616d00004851c5f3ca405ff6ed13dc554b94,https://open.spotify.com/track/3E2Zh20GDCR9B1EYjfXWyv
166,2017-07-19,167,Up,ELEMENT.,Kendrick Lamar,482136,https://i.scdn.co/image/ae1f239b41e9604a66eb900834c6887cd2f62ff1,https://open.spotify.com/track/1EaKU4dMbesXXd3BrLCtYG
167,2017-07-19,168,Up,"How Far I'll Go - From ""Moana""",Alessia Cara,478320,https://i.scdn.co/image/ab67616d00004851fb128b1eda22335050f584fe,https://open.spotify.com/track/5hYTyyh2odQKphUbMqc5gN
168,2017-07-19,169,Down,Homemade Dynamite,Lorde,478047,https://i.scdn.co/image/ab67616d0000485128e1139fd3a34626351b9004,https://open.spotify.com/track/12o6dxWGk29uIAP3OWY0pM
169,2017-07-19,170,Flat,Paradinha,Anitta,478027,https://i.scdn.co/image/ab67616d00004851060ef674248ad011af09f6e6,https://open.spotify.com/track/05rJdH2MRLJ3sQoEUO78qs
170,2017-07-19,171,Down,The Scientist,Coldplay,474766,https://i.scdn.co/image/ab67616d00004851ad6f442ecac8735b9285a923,https://open.spotify.com/track/75JFxkI2RXiU7L9VXzMkle
171,2017-07-19,172,Flat,Faded,Alan Walker,470966,https://i.scdn.co/image/ab67616d00004851c4d00cac55ae1b4598c9bc90,https://open.spotify.com/track/7gHs73wELdeycvS48JfIos
172,2017-07-19,173,Flat,Vente Pa' Ca,Ricky Martin,469631,https://i.scdn.co/image/ab67616d000048513d90f5938459be40b7b6652a,https://open.spotify.com/track/7DM4BPaS7uofFul3ywMe46
173,2017-07-19,174,Up,Heathens,Twenty One Pilots,464644,https://i.scdn.co/image/ab67616d000048512ca3ba8f334ca5a5f0312efb,https://open.spotify.com/track/6i0V12jOa3mr6uu4WYhUBr
174,2017-07-19,175,Down,Dive,Ed Sheeran,462761,https://i.scdn.co/image/ab67616d00004851ba5db46f4b838ef6027e6f96,https://open.spotify.com/track/51ChrwmUPDJvedPQnIU8Ls
175,2017-07-19,176,Up,Safari,J Balvin,456969,https://i.scdn.co/image/ab67616d00004851338ffc4c72a192f06070546b,https://open.spotify.com/track/6rQSrBHf7HlZjtcMZ4S4bO
176,2017-07-19,177,Down,Rolex,Ayo & Teo,455956,https://i.scdn.co/image/ab67616d0000485179dbd95fbdf6b0d617bd32dd,https://open.spotify.com/track/0pSBuHjILhNEo55xK1zrRt
177,2017-07-19,178,Down,Green Light,Lorde,455299,https://i.scdn.co/image/ab67616d0000485128e1139fd3a34626351b9004,https://open.spotify.com/track/0gbBzIqrECJOEPvQJIBFs5
178,2017-07-19,179,Up,White Iverson,Post Malone,453679,https://i.scdn.co/image/23bae95100dcb6ac8f88c19fa2a11c50a998a926,https://open.spotify.com/track/6eT7xZZlB2mwyzJ2sUKG6w
179,2017-07-19,180,Up,wokeuplikethis*,Playboi Carti,453229,https://i.scdn.co/image/cbfa858a49a59efbca64c6f7078068cf07731bd0,https://open.spotify.com/track/59J5nzL1KniFHnU120dQzt
180,2017-07-19,181,Down,Still Got Time,ZAYN,451707,https://i.scdn.co/image/ab67616d000048513bfd914f72da2ed8822a634f,https://open.spotify.com/track/000xQL6tZNLJzIrtIgxqSl
181,2017-07-19,182,Flat,Work from Home (feat. Ty Dolla $ign),Fifth Harmony,451139,https://i.scdn.co/image/ab67616d00004851d03fa6f4e758282b7920b5c8,https://open.spotify.com/track/4tCtwWceOPWzenK2HAIJSb
182,2017-07-19,183,Up,Don't Wanna Know,Maroon 5,451033,https://i.scdn.co/image/ab67616d00004851eec1912bbc2ff74b8203fe5f,https://open.spotify.com/track/5MFzQMkrl1FOOng9tq6R9r
183,2017-07-19,184,Up,Panda,Desiigner,450276,https://i.scdn.co/image/ab67616d000048513df69bfb7713d8262820612b,https://open.spotify.com/track/5OOkp4U9P9oL23maHFHL1h
184,2017-07-19,185,Up,This Is What You Came For,Calvin Harris,445610,https://i.scdn.co/image/ab67616d00004851d9aa52355e062f5de060adbf,https://open.spotify.com/track/0azC730Exh71aQlOt9Zj3y
185,2017-07-19,186,Down,Ride,Twenty One Pilots,444339,https://i.scdn.co/image/ab67616d00004851de03bfc2991fd5bcfde65ba3,https://open.spotify.com/track/2Z8WuEywRWYTKe1NybPQEW
186,2017-07-19,187,Down,Mr. Brightside,The Killers,443152,https://i.scdn.co/image/7d778100d0160184d61981dc8aa666ee6fec0151,https://open.spotify.com/track/7oK9VyNzrYvRFo7nQEYkWN
187,2017-07-19,188,Up,Sorry,Justin Bieber,441854,https://i.scdn.co/image/ab67616d00004851b6d9a4fbb0bd49f0f034aead,https://open.spotify.com/track/69bp2EbF7Q2rqc5N3ylezZ
188,2017-07-19,189,Up,Stressed Out,Twenty One Pilots,440772,https://i.scdn.co/image/ab67616d00004851de03bfc2991fd5bcfde65ba3,https://open.spotify.com/track/3CRDbSIZ4r5MsZ0YwxuEkn
189,2017-07-19,190,Up,Craving You,Thomas Rhett,440544,https://i.scdn.co/image/ab67616d00004851d0d81e890f51dfa32d2bdea2,https://open.spotify.com/track/6zLdXcmvIxnAXpz9sXFnIE
190,2017-07-19,191,Up,'Till I Collapse,Eminem,440478,https://i.scdn.co/image/ab67616d00004851ccdb1982626f299b3b1d3efd,https://open.spotify.com/track/6yr8GiTHWvFfi4o6Q5ebdT
191,2017-07-19,192,Up,"Lose Yourself - From ""8 Mile"" Soundtrack",Eminem,439608,https://i.scdn.co/image/36440dfd440d23086573d62a32def35ecc42f111,https://open.spotify.com/track/5Z01UMMf7V1o0MzF86s6WJ
192,2017-07-19,193,New,Ko Ko Bop - Chinese Version,EXO,438302,https://i.scdn.co/image/ab67616d00004851cfa7df33c2224ee1dea88526,https://open.spotify.com/track/2UYG331lOP6amEWplE7eno
193,2017-07-19,194,Up,Perfect Strangers,Jonas Blue,438284,https://i.scdn.co/image/ab67616d0000485143e3082d07bb8e6a13252cc7,https://open.spotify.com/track/3LFbTLSRuBLeUdu8lKSnus
194,2017-07-19,195,New,Wonderwall - Remastered,Oasis,437852,https://i.scdn.co/image/ab67616d0000485185e5dcc05cc216a10f141480,https://open.spotify.com/track/5qqabIl2vWzo9ApSC317sa
195,2017-07-19,196,Flat,Traicionera,Sebastian Yatra,436694,https://i.scdn.co/image/ab67616d00004851dbe5e9f934a9be5db8884c52,https://open.spotify.com/track/5J1c3M4EldCfNxXwrwt8mT
196,2017-07-19,197,Down,Summer Bummer (feat. A$AP Rocky & Playboi Carti),Lana Del Rey,433376,https://i.scdn.co/image/ab67616d00004851738542033f3f2e936b62c099,https://open.spotify.com/track/5JwLhFNrXw49pn3HQqu02G
197,2017-07-19,198,New,Lean On (feat. MØ & DJ Snake),Major Lazer,433144,https://i.scdn.co/image/ab67616d000048519f55dad3a63f72f1bc8d6f59,https://open.spotify.com/track/4WjH9Bzt3kx7z8kl0awxh4
198,2017-07-19,199,New,Vacaciones,Wisin,432973,https://i.scdn.co/image/ab67616d00004851c85f0d16973e9dae6f8a786c,https://open.spotify.com/track/3dQDid3IUNhZy1OehIfYfE
199,2017-07-19,200,New,Sua Cara (feat. Anitta & Pabllo Vittar),Major Lazer,431573,https://i.scdn.co/image/ab67616d00004851bc58139391263a975045c17d,https://open.spotify.com/track/5gUFvcHTgDNthj7DmZl2L7
