,Date,Position,Trend,Title,Artist,Streams,Icon_URL,Spotify_URL
0,2017-01-19,1,Flat,Shape of You,Ed Sheeran,7133303,https://i.scdn.co/image/ab67616d00004851ba5db46f4b838ef6027e6f96,https://open.spotify.com/track/7qiZfU4dY1lWllzX7mPBI3
1,2017-01-19,2,Flat,Paris,The Chainsmokers,3931800,https://i.scdn.co/image/ab67616d000048510c13d3d5a503c84fcc60ae94,https://open.spotify.com/track/72jbDTw1piOOj770jWNeaG
2,2017-01-19,3,Flat,Castle on the Hill,Ed Sheeran,3655899,https://i.scdn.co/image/ab67616d00004851ba5db46f4b838ef6027e6f96,https://open.spotify.com/track/6PCUP3dWmTjcTtXY02oFdT
3,2017-01-19,4,Flat,Starboy,The Weeknd,3447653,https://i.scdn.co/image/ab67616d000048510c8599cbde51245c128bcea9,https://open.spotify.com/track/5aAx2yezTd8zXrkmtKl66Z
4,2017-01-19,5,Flat,"I Don’t Wanna Live Forever (Fifty Shades Darker) - From ""Fifty Shades Darker (Original Motion Picture Soundtrack)""",ZAYN,3416023,https://i.scdn.co/image/ab67616d000048512ae921f082ae5db4d3da818f,https://open.spotify.com/track/3NdDpSvN911VPGivFlV5d0
5,2017-01-19,6,Flat,Rockabye (feat. Sean Paul & Anne-Marie),Clean Bandit,3216267,https://i.scdn.co/image/ab67616d000048511431c3bdf16aa99f71799d95,https://open.spotify.com/track/5knuzwU65gJK7IF5yJsuaW
6,2017-01-19,7,Flat,Closer,The Chainsmokers,2852922,https://i.scdn.co/image/ab67616d00004851495ce6da9aeb159e94eaa453,https://open.spotify.com/track/7BKLCZ1jbUBVqRi2FVlTVw
7,2017-01-19,8,Flat,Say You Won't Let Go,James Arthur,2738449,https://i.scdn.co/image/ab67616d0000485120beb61f61fcbeb33b10a9ab,https://open.spotify.com/track/5uCax9HTNlzGybIStD3vDh
8,2017-01-19,9,Flat,I Feel It Coming,The Weeknd,2665185,https://i.scdn.co/image/b3683184efeb899b2d1a02f4957d0c630dc10b0b,https://open.spotify.com/track/5GXAXm5YOmYT0kL5jHvYBt
9,2017-01-19,10,Flat,Don't Wanna Know,Maroon 5,2600405,https://i.scdn.co/image/ab67616d00004851eec1912bbc2ff74b8203fe5f,https://open.spotify.com/track/5MFzQMkrl1FOOng9tq6R9r
10,2017-01-19,11,Flat,Fake Love,Drake,2551185,https://i.scdn.co/image/6dfd956b9331fa9ea1f47ebb95311951ed72b3db,https://open.spotify.com/track/343YBumqHu19cGoGARUTsd
11,2017-01-19,12,Flat,Bad and Boujee (feat. Lil Uzi Vert),Migos,2371569,https://i.scdn.co/image/ab67616d0000485199a8ab6da9d593939302828a,https://open.spotify.com/track/4Km5HrUvYTaSUfiSGPJeQR
12,2017-01-19,13,Flat,Call On Me - Ryan Riback Extended Remix,Starley,2330839,https://i.scdn.co/image/ab67616d000048519d4079afc73664f86f055400,https://open.spotify.com/track/78rIJddV4X0HkNAInEcYde
13,2017-01-19,14,Flat,Let Me Love You,DJ Snake,2262174,https://i.scdn.co/image/ab67616d000048515045de6786e0af096de73ed4,https://open.spotify.com/track/4pdPtRcBmOSQDlJ3Fk945m
14,2017-01-19,15,Flat,Just Hold On,Steve Aoki,2187745,https://i.scdn.co/image/ab67616d0000485122e2ce2de8bad6d67ee69b48,https://open.spotify.com/track/3EmmCZoqpWOTY1g2GBwJoR
15,2017-01-19,16,Flat,Chantaje (feat. Maluma),Shakira,2175199,https://i.scdn.co/image/ab67616d00004851d05d3aad30c5fb7614893cf5,https://open.spotify.com/track/6mICuAdrwEjh6Y6lroV2Kg
16,2017-01-19,17,Flat,24K Magic,Bruno Mars,2141419,https://i.scdn.co/image/ab67616d00004851232711f7d66a1e19e89e28c5,https://open.spotify.com/track/6b8Be6ljOzmkOmFslEb23P
17,2017-01-19,18,Flat,Bad Things (with Camila Cabello),Machine Gun Kelly,2112787,https://i.scdn.co/image/d5f976093a4dcbc5ea9d4c04b414207f8bdce469,https://open.spotify.com/track/1PSBzsahR2AKwLJgx8ehBj
18,2017-01-19,19,Flat,Black Beatles,Rae Sremmurd,1819207,https://i.scdn.co/image/16293ab3b4f9301aeb5f41810fd7056d463db55e,https://open.spotify.com/track/6fujklziTHa8uoM5OQSfIo
19,2017-01-19,20,Flat,Side To Side,Ariana Grande,1773432,https://i.scdn.co/image/ab67616d000048517227f5854239a059af211d5b,https://open.spotify.com/track/4pLwZjInHj3SimIyN9SnOz
20,2017-01-19,21,Up,One Dance,Drake,1752411,https://i.scdn.co/image/ab67616d00004851726abca207567d5e41cb9667,https://open.spotify.com/track/1xznGGDReH1oQq0xzbwXa3
21,2017-01-19,22,Up,Cold Water (feat. Justin Bieber & MØ),Major Lazer,1720223,https://i.scdn.co/image/ab67616d000048512e8f1cca2bc8c9d55930523b,https://open.spotify.com/track/6DNtNfH8hXkqOX1sjqmI7p
22,2017-01-19,23,Flat,"How Far I'll Go - From ""Moana""",Alessia Cara,1705004,https://i.scdn.co/image/ab67616d00004851fb128b1eda22335050f584fe,https://open.spotify.com/track/5hYTyyh2odQKphUbMqc5gN
23,2017-01-19,24,Down,Mercy,Shawn Mendes,1675965,https://i.scdn.co/image/ab67616d00004851188e6332f32088921ab1eaf8,https://open.spotify.com/track/4TZy1wLyHec06pwgFYDh1a
24,2017-01-19,25,Up,In the Name of Love,Martin Garrix,1672636,https://i.scdn.co/image/ab67616d00004851923db3f255cd48a6d5783ebf,https://open.spotify.com/track/04DwTuZ2VBdJCCC5TROn7L
25,2017-01-19,26,Up,All Night,The Vamps,1637561,https://i.scdn.co/image/ab67616d00004851f03c9779c27137669304ea20,https://open.spotify.com/track/1yNyoWWWikbLhwIGWjZuDW
26,2017-01-19,27,Up,Hear Me Now,Alok,1591663,https://i.scdn.co/image/e308bad29e4cf6dc8aa5cd97449ef71bbb893d40,https://open.spotify.com/track/1a5Yu5L18qNxVhXx38njON
27,2017-01-19,28,Up,Despacito (Featuring Daddy Yankee),Luis Fonsi,1583672,https://i.scdn.co/image/ab67616d00004851a5971936e3b8d91f8b616b17,https://open.spotify.com/track/4aWmUDTfIPGksMNLV2rQP2
28,2017-01-19,29,Flat,Now and Later,Sage The Gemini,1545251,https://i.scdn.co/image/ab67616d0000485182d22e1d83fc1045ad33444a,https://open.spotify.com/track/43jBqV3j3Xi1g6wO0bhIMd
29,2017-01-19,30,Flat,Shed a Light,Robin Schulz,1523309,https://i.scdn.co/image/ab67616d000048517be189f322bc8155c103d6c9,https://open.spotify.com/track/1cG0umU5TKStygKsPFZ9pY
30,2017-01-19,31,Down,All We Know,The Chainsmokers,1517734,https://i.scdn.co/image/ab67616d00004851ff8d8c5662a96d41433e9ee1,https://open.spotify.com/track/2rizacJSyD9S1IQUxUxnsK
31,2017-01-19,32,Down,I Would Like,Zara Larsson,1499946,https://i.scdn.co/image/ab67616d000048519e1683774b22648f4f178ed3,https://open.spotify.com/track/4Q4jmPHwu0wrJvqrld0FQ6
32,2017-01-19,33,Flat,Scars To Your Beautiful,Alessia Cara,1452890,https://i.scdn.co/image/5b9e5bd34ec840f07c8530e43a76b1b5e08d8b77,https://open.spotify.com/track/0prNGof3XqfTvNDxHonvdK
33,2017-01-19,34,Flat,Starving,Hailee Steinfeld,1448802,https://i.scdn.co/image/ab67616d00004851612495ee5769c99125031be2,https://open.spotify.com/track/1qOLh0tI7trd1zdDKxYZTe
34,2017-01-19,35,Down,Love Me Now,John Legend,1443206,https://i.scdn.co/image/ab67616d00004851fa2ba77d93b08258827bd2d2,https://open.spotify.com/track/6nxQdXa1uAL0rY72wPZu89
35,2017-01-19,36,Down,My Way,Calvin Harris,1441667,https://i.scdn.co/image/ab67616d000048518d12bc5e3ea5c9f4a967de32,https://open.spotify.com/track/1vvNmPOiUuyCbgWmtc6yfm
36,2017-01-19,37,Flat,Solo Dance,Martin Jensen,1423096,https://i.scdn.co/image/ab67616d00004851950d67dbe3f31f1d9a5d06a2,https://open.spotify.com/track/6HUnnBwYZqcED1eQztxMBN
37,2017-01-19,38,Down,By Your Side,Jonas Blue,1377125,https://i.scdn.co/image/ab67616d00004851bd4b658f3aead04637924c28,https://open.spotify.com/track/1D3ODoXHBLpdxolZRHWV1j
38,2017-01-19,39,Flat,Heathens,Twenty One Pilots,1321053,https://i.scdn.co/image/ab67616d000048512ca3ba8f334ca5a5f0312efb,https://open.spotify.com/track/6i0V12jOa3mr6uu4WYhUBr
39,2017-01-19,40,Flat,Reggaetón Lento (Bailemos),CNCO,1314500,https://i.scdn.co/image/ab67616d000048517db0f7ac4c612cce26ccacf9,https://open.spotify.com/track/3AEZUABDXNtecAOSC1qTfo
40,2017-01-19,41,Flat,Bounce Back,Big Sean,1304839,https://i.scdn.co/image/695d0c097d8463ccc2c2b9855fe44e3e9e7bc267,https://open.spotify.com/track/0SGkqnVQo9KPytSri1H6cF
41,2017-01-19,42,Flat,All Time Low,Jon Bellion,1296277,https://i.scdn.co/image/ff06a4138a99d272c24d2f6da9b5ea6067c054db,https://open.spotify.com/track/1CnPYaKxTVb4LWOtiGOm0m
42,2017-01-19,43,Flat,Alone,Alan Walker,1278461,https://i.scdn.co/image/ab67616d00004851f00ade2f88d8223521bc7f76,https://open.spotify.com/track/0JiVRyTJcJnmlwCZ854K4p
43,2017-01-19,44,Flat,Treat You Better,Shawn Mendes,1269336,https://i.scdn.co/image/ab67616d00004851188e6332f32088921ab1eaf8,https://open.spotify.com/track/4Hf7WnR761jpxPr5D46Bcd
44,2017-01-19,45,Flat,Don't Let Me Down,The Chainsmokers,1206120,https://i.scdn.co/image/ab67616d0000485108d87fb54859bc9038f7e5e0,https://open.spotify.com/track/0QsvXIfqM0zZoerQfsI9lm
45,2017-01-19,46,Flat,Caroline,Aminé,1182737,https://i.scdn.co/image/ab67616d00004851a7f01ef25974c10cdbbd566e,https://open.spotify.com/track/5GFDrUTLGJix84sNhjCG0g
46,2017-01-19,47,Up,Safari,J Balvin,1098289,https://i.scdn.co/image/ab67616d00004851338ffc4c72a192f06070546b,https://open.spotify.com/track/6rQSrBHf7HlZjtcMZ4S4bO
47,2017-01-19,48,Down,We Don't Talk Anymore,Charlie Puth,1096464,https://i.scdn.co/image/ab67616d00004851c0e28105f0533c52717c46c2,https://open.spotify.com/track/68EMU2RD1ECNeOeJ5qAXCV
48,2017-01-19,49,Down,"CAN'T STOP THE FEELING! (Original Song from DreamWorks Animation's ""TROLLS"")",Justin Timberlake,1086373,https://i.scdn.co/image/ab67616d00004851ef37416970812293c08e8a78,https://open.spotify.com/track/6JV2JOEocMgcZxYSZelKcc
49,2017-01-19,50,Flat,The Greatest,Sia,1011906,https://i.scdn.co/image/ab67616d00004851754b2fddebe7039fdb912837,https://open.spotify.com/track/7xHWNBFm6ObGEQPaUxHuKO
50,2017-01-19,51,Up,Don't Leave,Snakehips,966242,https://i.scdn.co/image/ab67616d00004851b72a28b6f92b180a8a423e29,https://open.spotify.com/track/0Zx8khUcEfCFK2AEoIhC92
51,2017-01-19,52,Flat,Make Me (Cry),Noah Cyrus,964589,https://i.scdn.co/image/ab67616d00004851bf2ec8b87525fbd01fb0111f,https://open.spotify.com/track/2BrzlUj1u1CtvaJDGIKpsP
52,2017-01-19,53,Down,Human,Rag'n'Bone Man,955107,https://i.scdn.co/image/ab67616d0000485190a788beadaad34ff684d3ec,https://open.spotify.com/track/58zsLZPvfflaiIbNWoA22O
53,2017-01-19,54,Up,iSpy (feat. Lil Yachty),KYLE,937646,https://i.scdn.co/image/ab67616d0000485132e373f2988bc6596a542d1c,https://open.spotify.com/track/2EEeOnHehOozLq4aS0n6SL
54,2017-01-19,55,Down,Broccoli (feat. Lil Yachty),DRAM,934899,https://i.scdn.co/image/ab67616d00004851f02a1575a59bd05998826351,https://open.spotify.com/track/7yyRTcZmCiyzzJlNzGC9Ol
55,2017-01-19,56,Down,Water Under the Bridge,Adele,929879,https://i.scdn.co/image/ab67616d000048514c3bbcff5e7248e415548f12,https://open.spotify.com/track/4vb4mFvYsr2h6enhjJsq9Y
56,2017-01-19,57,Up,Sunset Lover,Petit Biscuit,917608,https://i.scdn.co/image/ab67616d00004851014080d39d56c94c0b285362,https://open.spotify.com/track/0hNduWmlWmEmuwEFcYvRu1
57,2017-01-19,58,Down,Party Monster,The Weeknd,914536,https://i.scdn.co/image/6aeaaebcbd861c8369b14366e8e0eca2fe96055d,https://open.spotify.com/track/4F7A0DXBrmUAkp32uenhZt
58,2017-01-19,59,Up,Otra vez (feat. J Balvin),Zion & Lennox,911421,https://i.scdn.co/image/ab67616d0000485182eabf564ddc57325a84dd50,https://open.spotify.com/track/3QwBODjSEzelZyVjxPOHdq
59,2017-01-19,60,Down,Photograph,Ed Sheeran,898501,https://i.scdn.co/image/ab67616d00004851d08209944468440145f01524,https://open.spotify.com/track/6fxVffaTuwjgEk5h9QyRjy
60,2017-01-19,61,Flat,Weak,AJR,894356,https://i.scdn.co/image/ab67616d00004851c5f3ca405ff6ed13dc554b94,https://open.spotify.com/track/3E2Zh20GDCR9B1EYjfXWyv
61,2017-01-19,62,Down,Cheap Thrills,Sia,876365,https://i.scdn.co/image/ab67616d0000485149e0134c686547c28b7c999f,https://open.spotify.com/track/27SdWb2rFzO6GWiYDBTD9j
62,2017-01-19,63,Down,Lot to Learn,Luke Christopher,860915,https://i.scdn.co/image/ab67616d000048513f0bd8f231c9b6433be929b1,https://open.spotify.com/track/3TRFq09DUgYj1mug6RRqJW
63,2017-01-19,64,Up,Sexual,NEIKED,852110,https://i.scdn.co/image/ab67616d000048519c5e27aff6792af94e972af9,https://open.spotify.com/track/3AsAuGTaDQzavZZThyYlop
64,2017-01-19,65,Down,I Got You,Bebe Rexha,847266,https://i.scdn.co/image/ab67616d00004851809adcbcfe88c94fd2a706c1,https://open.spotify.com/track/1FUViuNSldssMIawrOXF2i
65,2017-01-19,66,Flat,Deja Vu,J. Cole,822998,https://i.scdn.co/image/fff50a2874dae97e76d3a78e55771d7c59719928,https://open.spotify.com/track/6I6NX6tjGsxFAsIfGzY9lJ
66,2017-01-19,67,Up,Redbone,Childish Gambino,820725,https://i.scdn.co/image/ab67616d000048510b97e56ffad7c6211aa848f8,https://open.spotify.com/track/3kxfsdsCpFgN412fpnW85Y
67,2017-01-19,68,Down,Vente Pa' Ca,Ricky Martin,820307,https://i.scdn.co/image/ab67616d000048513d90f5938459be40b7b6652a,https://open.spotify.com/track/7DM4BPaS7uofFul3ywMe46
68,2017-01-19,69,Flat,I Took A Pill In Ibiza - Seeb Remix,Mike Posner,817209,https://i.scdn.co/image/ab67616d0000485140512e02a594e3378c0256e6,https://open.spotify.com/track/17Fd6Yb7mSbinKG8LoWfFl
69,2017-01-19,70,Flat,The Mack,Nevada,798877,https://i.scdn.co/image/ab67616d00004851746ac799032f9af9c5268332,https://open.spotify.com/track/7aV2mflaASUmGhCErm7kBO
70,2017-01-19,71,Flat,Ride,Twenty One Pilots,763829,https://i.scdn.co/image/ab67616d00004851de03bfc2991fd5bcfde65ba3,https://open.spotify.com/track/2Z8WuEywRWYTKe1NybPQEW
71,2017-01-19,72,Up,This Is What You Came For,Calvin Harris,761087,https://i.scdn.co/image/ab67616d00004851d9aa52355e062f5de060adbf,https://open.spotify.com/track/0azC730Exh71aQlOt9Zj3y
72,2017-01-19,73,Down,Perfect Strangers,Jonas Blue,760987,https://i.scdn.co/image/ab67616d0000485179882e87678a76bc1d895e94,https://open.spotify.com/track/1CUVN2kn7mW5FjkqXTR2W1
73,2017-01-19,74,Up,Thinking out Loud,Ed Sheeran,746473,https://i.scdn.co/image/ab67616d00004851d08209944468440145f01524,https://open.spotify.com/track/1Slwb6dOYkBlWal1PGtnNg
74,2017-01-19,75,Up,Lighthouse - Andrelli Remix,Hearts & Colors,745566,https://i.scdn.co/image/d19cc054c261b243b0663223cf69bc256d700f07,https://open.spotify.com/track/04CttTezSnv71USiiG9mIo
75,2017-01-19,76,Up,Stressed Out,Twenty One Pilots,740842,https://i.scdn.co/image/ab67616d00004851de03bfc2991fd5bcfde65ba3,https://open.spotify.com/track/3CRDbSIZ4r5MsZ0YwxuEkn
76,2017-01-19,77,Flat,Too Good,Drake,739249,https://i.scdn.co/image/ab67616d00004851726abca207567d5e41cb9667,https://open.spotify.com/track/11KJSRSgaDxqydKYiD2Jew
77,2017-01-19,78,Down,Setting Fires,The Chainsmokers,738113,https://i.scdn.co/image/ab67616d000048519e076dc24d45c52fbf7232bb,https://open.spotify.com/track/0B8B8cVRFIG1yznoQe7c9s
78,2017-01-19,79,Up,Chill Bill,Rob $tone,726912,https://i.scdn.co/image/ab67616d000048516f3e9696889a2425338e0836,https://open.spotify.com/track/5uDASfU19gDxSjW8cnCaBp
79,2017-01-19,80,Up,Work from Home (feat. Ty Dolla $ign),Fifth Harmony,724144,https://i.scdn.co/image/ab67616d00004851d03fa6f4e758282b7920b5c8,https://open.spotify.com/track/4tCtwWceOPWzenK2HAIJSb
80,2017-01-19,81,Up,X (feat. Future),21 Savage,721859,https://i.scdn.co/image/ab67616d000048512dd1ac4a61495080ef8f78ca,https://open.spotify.com/track/6fwdbPMwP1zVStm8FybmkO
81,2017-01-19,82,Down,"i hate u, i love u (feat. olivia o'brien)",gnash,721413,https://i.scdn.co/image/ab67616d0000485108862f843ea27f44f8e8cbd8,https://open.spotify.com/track/7vRriwrloYVaoAe3a9wJHe
82,2017-01-19,83,Down,Trust Nobody (feat. Selena Gomez & Tory Lanez),Cashmere Cat,716072,https://i.scdn.co/image/ab67616d00004851e53443feca656fafbbbae361,https://open.spotify.com/track/2wDjpPW3HZdA9quPPmZAMu
83,2017-01-19,84,Flat,Faded,Alan Walker,715977,https://i.scdn.co/image/ab67616d00004851c4d00cac55ae1b4598c9bc90,https://open.spotify.com/track/7gHs73wELdeycvS48JfIos
84,2017-01-19,85,Down,T-Shirt,Migos,715893,https://i.scdn.co/image/ab67616d0000485199a8ab6da9d593939302828a,https://open.spotify.com/track/7KOlJ92bu51cltsD9KU5I7
85,2017-01-19,86,Flat,Panda,Desiigner,708069,https://i.scdn.co/image/ab67616d000048513df69bfb7713d8262820612b,https://open.spotify.com/track/5OOkp4U9P9oL23maHFHL1h
86,2017-01-19,87,Up,Issues,Julia Michaels,693228,https://i.scdn.co/image/ab67616d000048519615e35e0e9e4b2c3dccb520,https://open.spotify.com/track/1sXUWdKx03aP9Gmzft58rt
87,2017-01-19,88,Flat,Love Yourself,Justin Bieber,690252,https://i.scdn.co/image/ab67616d00004851b6d9a4fbb0bd49f0f034aead,https://open.spotify.com/track/3hB5DgAiMAQ4DzYbsMq1IT
88,2017-01-19,89,Down,Some Kind Of Drug,G-Eazy,689619,https://i.scdn.co/image/ab67616d0000485198acfa8c055deedc25e6081d,https://open.spotify.com/track/1Bqxj0aH5KewYHKUg1IdrF
89,2017-01-19,90,Up,It's Gotta Be You,Isaiah,682958,https://i.scdn.co/image/ab67616d00004851d43b5e86edff2089b91357e6,https://open.spotify.com/track/6cAKeFFYW2aClZSUyvqAEW
90,2017-01-19,91,Down,Steady 1234 (feat. Jasmine Thompson & Skizzy Mars),Vice,680280,https://i.scdn.co/image/ab67616d000048516c3742dff9593add7c590e85,https://open.spotify.com/track/40UroIGvsMPLPBYwH8rMNA
91,2017-01-19,92,Up,Sorry,Justin Bieber,679780,https://i.scdn.co/image/ab67616d00004851b6d9a4fbb0bd49f0f034aead,https://open.spotify.com/track/69bp2EbF7Q2rqc5N3ylezZ
92,2017-01-19,93,Up,No Lie,Sean Paul,676101,https://i.scdn.co/image/ab67616d000048514782809e4cd19cefc99048f7,https://open.spotify.com/track/3cFsmM51N5zMAuu1nNY4Tw
93,2017-01-19,94,Down,Versace on the Floor,Bruno Mars,675683,https://i.scdn.co/image/ab67616d00004851232711f7d66a1e19e89e28c5,https://open.spotify.com/track/0kN8xEmgMW9mh7UmDYHlJP
94,2017-01-19,95,Down,"Sucker For Pain (with Wiz Khalifa, Imagine Dragons, Logic & Ty Dolla $ign feat. X Ambassadors)",Lil Wayne,671534,https://i.scdn.co/image/ab67616d000048517d8dfcfd507069d7f2062caf,https://open.spotify.com/track/4dASQiO1Eoo3RJvt74FtXB
95,2017-01-19,96,Down,Hymn for the Weekend - Seeb Remix,Coldplay,659507,https://i.scdn.co/image/ab67616d00004851e42f212796979596843a7376,https://open.spotify.com/track/1OAiWI2oPmglaOiv9fdioU
96,2017-01-19,97,Flat,No Heart,21 Savage,657176,https://i.scdn.co/image/ab67616d000048512dd1ac4a61495080ef8f78ca,https://open.spotify.com/track/4gmmRb6bZJffOOiww1JGTO
97,2017-01-19,98,Up,Sneakin’,Drake,654510,https://i.scdn.co/image/8b1f6991ae1192e214374d14d918140d04dbd8a7,https://open.spotify.com/track/4ckuS4Nj4FZ7i3Def3Br8W
98,2017-01-19,99,Up,Traicionera,Sebastian Yatra,648428,https://i.scdn.co/image/ab67616d00004851dbe5e9f934a9be5db8884c52,https://open.spotify.com/track/5J1c3M4EldCfNxXwrwt8mT
99,2017-01-19,100,Up,Work,Rihanna,644573,https://i.scdn.co/image/ab67616d000048510ed05634a469e5cf4789b0a7,https://open.spotify.com/track/14WWzenpaEgQZlqPq2nk4v
100,2017-01-19,101,Down,The Ocean (feat. Shy Martin),Mike Perry,643552,https://i.scdn.co/image/ab67616d000048517f401862bfe87b552a75308d,https://open.spotify.com/track/2CPqh63wRVscbceKcPxwvv
101,2017-01-19,102,Down,Shout Out to My Ex,Little Mix,642831,https://i.scdn.co/image/ab67616d000048512318bbb0586903290db2b270,https://open.spotify.com/track/0YHUITU3w6ws1v8ehT264g
102,2017-01-19,103,Up,Not Going Home,DVBBS,637262,https://i.scdn.co/image/ab67616d000048519e48219a58924f86b6ab1137,https://open.spotify.com/track/042x9bsUBWW2fJgJ6fUh61
103,2017-01-19,104,Down,September Song,JP Cooper,634866,https://i.scdn.co/image/ab67616d000048511400ec742ee0935608e30700,https://open.spotify.com/track/0FuTx2s3YH1ppmtiM6l0zI
104,2017-01-19,105,Down,Six Feet Under,The Weeknd,628611,https://i.scdn.co/image/6aeaaebcbd861c8369b14366e8e0eca2fe96055d,https://open.spotify.com/track/4mU5iXHeLgbR94siF7p1sY
105,2017-01-19,106,Down,"Ay Mi Dios (feat. Pitbull, Yandel & Chacal)",IAmChino,626299,https://i.scdn.co/image/ab67616d000048511568fbc07414eb185c58ef62,https://open.spotify.com/track/6stYbAJgTszHAHZMPxWWCY
106,2017-01-19,107,Down,Controlla,Drake,620395,https://i.scdn.co/image/ab67616d00004851726abca207567d5e41cb9667,https://open.spotify.com/track/6F609ICg9Spjrw1epsAnpa
107,2017-01-19,108,Up,Capsize,FRENSHIP,615735,https://i.scdn.co/image/ab67616d00004851670048174db73ef55039c7bf,https://open.spotify.com/track/2XMTqoHHSH0lvuXrvIEdco
108,2017-01-19,109,Down,La Bicicleta,Carlos Vives,615151,https://i.scdn.co/image/ab67616d00004851d05d3aad30c5fb7614893cf5,https://open.spotify.com/track/0sXvAOmXgjR2QUqLK1MltU
109,2017-01-19,110,Up,Needed Me,Rihanna,612366,https://i.scdn.co/image/ddc285ca9817c96c7719b3f2a759e108787db021,https://open.spotify.com/track/1Tt4sE4pXi57mTD1GCzsqm
110,2017-01-19,111,Down,Fresh Eyes,Andy Grammer,607311,https://i.scdn.co/image/ab67616d0000485158dd2ff215d3baa7d4bd194f,https://open.spotify.com/track/4nMlau89VAjmV7agkl7OY3
111,2017-01-19,112,Down,Sidewalks,The Weeknd,601493,https://i.scdn.co/image/6aeaaebcbd861c8369b14366e8e0eca2fe96055d,https://open.spotify.com/track/4h90qkbnW1Qq6pBhoPvwko
112,2017-01-19,113,Up,You Don't Know Me - Radio Edit,Jax Jones,601087,https://i.scdn.co/image/ab67616d00004851dd05a1716e2f07a07b8ccfe3,https://open.spotify.com/track/00lNx0OcTJrS3MKHcB80HY
113,2017-01-19,114,Down,Light,San Holo,597797,https://i.scdn.co/image/ab67616d000048514452e79f2bfa40e105e7c029,https://open.spotify.com/track/7zTx8ePYAmPFQuxP3xlXZn
114,2017-01-19,115,Down,Dile Que Tu Me Quieres,Ozuna,594079,https://i.scdn.co/image/ab67616d0000485133bbd31551e01896f58d688f,https://open.spotify.com/track/20ZAJdsKB5IGbGj4ilRt2o
115,2017-01-19,116,Up,Vacaciones,Wisin,585978,https://i.scdn.co/image/ab67616d00004851c85f0d16973e9dae6f8a786c,https://open.spotify.com/track/3dQDid3IUNhZy1OehIfYfE
116,2017-01-19,117,Down,Light It Up (feat. Nyla & Fuse ODG) - Remix,Major Lazer,584282,https://i.scdn.co/image/ab67616d00004851751a2e5da4333e86814026ba,https://open.spotify.com/track/0L7loeTIg6akW84aEQZpCT
117,2017-01-19,118,Down,Me Llamas (feat. Maluma) - Remix,Piso 21,583030,https://i.scdn.co/image/ab67616d000048511e1eafb5d2bb1ca39d26f092,https://open.spotify.com/track/5hEM0JchdVzQ5PwvSfITeX
118,2017-01-19,119,Up,7 Years,Lukas Graham,580433,https://i.scdn.co/image/ab67616d0000485104d59cefa11f0eee9f1877a5,https://open.spotify.com/track/7129iqBafaphfc3WPCGC0L
119,2017-01-19,120,Down,Love On The Brain,Rihanna,578798,https://i.scdn.co/image/ddc285ca9817c96c7719b3f2a759e108787db021,https://open.spotify.com/track/2aksifNn5ph8igDOkPBA02
120,2017-01-19,121,Down,This Town,Niall Horan,571921,https://i.scdn.co/image/ab67616d00004851cad02035314b784b53570eac,https://open.spotify.com/track/5nA67Y0XX9JipZwYxX7Gl7
121,2017-01-19,122,Down,Cake - Challenge Version,Flo Rida,566211,https://i.scdn.co/image/ab67616d00004851b765afdf5f6a2bc83eb5f378,https://open.spotify.com/track/6t2ubAB4iSYOuIpRAOGd4t
122,2017-01-19,123,Up,Cake By The Ocean,DNCE,561141,https://i.scdn.co/image/ab67616d00004851a19a2912e1618ada66b2e6e8,https://open.spotify.com/track/2aFiaMXmWsM3Vj72F9ksBl
123,2017-01-19,124,Down,You Was Right,Lil Uzi Vert,560411,https://i.scdn.co/image/ab67616d000048518be07181aa935225a6f25d56,https://open.spotify.com/track/2ANLarE8yHVsLWW21nj79M
124,2017-01-19,125,Flat,Into You,Ariana Grande,557522,https://i.scdn.co/image/ab67616d000048517227f5854239a059af211d5b,https://open.spotify.com/track/7yHEDfrJNd0zWOfXwydNH0
125,2017-01-19,126,Up,Middle,DJ Snake,556741,https://i.scdn.co/image/ab67616d000048515045de6786e0af096de73ed4,https://open.spotify.com/track/4OZEu0Vwq0RB2LAq14v99n
126,2017-01-19,127,Down,Swang,Rae Sremmurd,553940,https://i.scdn.co/image/16293ab3b4f9301aeb5f41810fd7056d463db55e,https://open.spotify.com/track/6mapJIPnQ23RTAevUoE0DL
127,2017-01-19,128,Up,Send My Love (To Your New Lover),Adele,552795,https://i.scdn.co/image/ab67616d000048514c3bbcff5e7248e415548f12,https://open.spotify.com/track/4BHzQ9C00ceJxfG16AlNWb
128,2017-01-19,129,Up,Dancing On My Own,Calum Scott,545433,https://i.scdn.co/image/ab67616d000048511867ffdead655859c87dacc2,https://open.spotify.com/track/02WacdrRpm4zlP8H7X6bnQ
129,2017-01-19,130,Up,Oceans Away,A R I Z O N A,544041,https://i.scdn.co/image/ab67616d0000485150a25f1cb71018982b81ca2b,https://open.spotify.com/track/6A8dnC0xkiuWN4BshmTB2I
130,2017-01-19,131,Down,On Hold,The xx,541245,https://i.scdn.co/image/ab67616d000048515f5dc0f546406ec5a96018bb,https://open.spotify.com/track/5CPqOpKSk0QcJ3dGdaWcRB
131,2017-01-19,132,Down,Touch,Little Mix,537980,https://i.scdn.co/image/ab67616d000048512318bbb0586903290db2b270,https://open.spotify.com/track/5Ua3GXyHwiSfpNTMjq6m2z
132,2017-01-19,133,Down,Love on Me,Galantis,537788,https://i.scdn.co/image/ab67616d000048510018d9ed29666f655586bccc,https://open.spotify.com/track/2MHCiOohBZEQuLgDTPvSzF
133,2017-01-19,134,Down,Shaky Shaky,Daddy Yankee,527220,https://i.scdn.co/image/ab67616d00004851f0b25154a0858db46415fbe7,https://open.spotify.com/track/58IL315gMSTD37DOZPJ2hf
134,2017-01-19,135,Down,This Girl (Kungs Vs. Cookin' On 3 Burners) - Kungs Vs. Cookin' On 3 Burners,Kungs,525576,https://i.scdn.co/image/ab67616d00004851f504cc56f3bd99bc61929272,https://open.spotify.com/track/0tICYNayWWhH9GPeFrfjfD
135,2017-01-19,136,Flat,Fast Car,Jonas Blue,518960,https://i.scdn.co/image/ab67616d000048515cf78b9932b45387375528eb,https://open.spotify.com/track/6OZh916QF8XNunWaP97WEZ
136,2017-01-19,137,Up,No Problem (feat. Lil Wayne & 2 Chainz),Chance the Rapper,517760,https://i.scdn.co/image/ab67616d00004851e71dd15fc5bdefd5bff70452,https://open.spotify.com/track/0v9Wz8o0BT8DU38R4ddjeH
137,2017-01-19,138,Down,Lean On (feat. MØ & DJ Snake),Major Lazer,515451,https://i.scdn.co/image/ab67616d000048519f55dad3a63f72f1bc8d6f59,https://open.spotify.com/track/4WjH9Bzt3kx7z8kl0awxh4
138,2017-01-19,139,Up,History,Olivia Holt,510111,https://i.scdn.co/image/ab67616d000048519e21eab426152ef9078d6b94,https://open.spotify.com/track/0WCEaydwN65cvwaW8aqptF
139,2017-01-19,140,Up,Romantic - NOTD Remix,Stanaj,505695,https://i.scdn.co/image/ab67616d000048517861e14b4da5cfac6fb0c65b,https://open.spotify.com/track/3SGWp9fJCzgK0WcpcKSQdy
140,2017-01-19,141,Down,Final Song,MØ,505254,https://i.scdn.co/image/ab67616d00004851b7a02217229178b771ed0d4c,https://open.spotify.com/track/4qqArAiTPueDxIp7cf87h7
141,2017-01-19,142,Down,DUELE EL CORAZON,Enrique Iglesias,495427,https://i.scdn.co/image/ab67616d0000485113dae8008773aede4a979a7d,https://open.spotify.com/track/6YZdkObH88npeKrrkb8Ggf
142,2017-01-19,143,Down,Oh Lord,MiC LOWRY,494668,https://i.scdn.co/image/ab67616d00004851d0b31742ad806d5dfac449eb,https://open.spotify.com/track/1sTUEdVO85YU8Ymk2jeAls
143,2017-01-19,144,Up,Hello,Adele,491002,https://i.scdn.co/image/ab67616d000048514c3bbcff5e7248e415548f12,https://open.spotify.com/track/4sPmO7WMQUAf45kwMOtONw
144,2017-01-19,145,Up,That's What I Like,Bruno Mars,482601,https://i.scdn.co/image/ab67616d00004851232711f7d66a1e19e89e28c5,https://open.spotify.com/track/0KKkJNfGyhkQ5aFogxQAPU
145,2017-01-19,146,Down,Roses,The Chainsmokers,480542,https://i.scdn.co/image/ab67616d0000485108d87fb54859bc9038f7e5e0,https://open.spotify.com/track/6O6M7pJLABmfBRoGZMu76Y
146,2017-01-19,147,Down,Juju On That Beat (TZ Anthem),Zay Hilfigerrr,479701,https://i.scdn.co/image/ab67616d00004851186678fe32d915298c28d576,https://open.spotify.com/track/1lItf5ZXJc1by9SbPeljFd
147,2017-01-19,148,Down,Taped up Heart (feat. Clara Mae),KREAM,479314,https://i.scdn.co/image/ab67616d000048519e4c024fb45d7a2b84af90bd,https://open.spotify.com/track/26hcyzSE154xMZCbFdtInA
148,2017-01-19,149,Down,Andas En Mi Cabeza,Chino & Nacho,479152,https://i.scdn.co/image/ab67616d0000485166dad4487da6fc0dced2d0c6,https://open.spotify.com/track/5mey7CLLuFToM2P68Qu1gF
149,2017-01-19,150,Down,"Lose Yourself - From ""8 Mile"" Soundtrack",Eminem,476692,https://i.scdn.co/image/36440dfd440d23086573d62a32def35ecc42f111,https://open.spotify.com/track/5Z01UMMf7V1o0MzF86s6WJ
150,2017-01-19,151,Down,"Me, Myself & I",G-Eazy,474829,https://i.scdn.co/image/ab67616d0000485198acfa8c055deedc25e6081d,https://open.spotify.com/track/40YcuQysJ0KlGQTeGUosTC
151,2017-01-19,152,Down,Let It Go,James Bay,469868,https://i.scdn.co/image/abcbe01d6557c60388e976c9a535f26f73fcbf09,https://open.spotify.com/track/13HVjjWUZFaWilh2QUJKsP
152,2017-01-19,153,Down,pick up the phone,Young Thug,467123,https://i.scdn.co/image/ab67616d00004851f54b99bf27cda88f4a7403ce,https://open.spotify.com/track/20dP2DaMHIAmwWAbp7peSr
153,2017-01-19,154,Up,Sex,Cheat Codes,462775,https://i.scdn.co/image/3b6152419e1f09563b17835100766da08426ec66,https://open.spotify.com/track/5DA77EqppDmCTWGovd4oTP
154,2017-01-19,155,Up,Love$ick,Mura Masa,458876,https://i.scdn.co/image/ab67616d0000485157da025deec1abbef50e4b31,https://open.spotify.com/track/5v9N8Rx3QsFvr50cxyQcA3
155,2017-01-19,156,Down,Stitches,Shawn Mendes,455934,https://i.scdn.co/image/ab67616d0000485147710f5e89677e4d048e744c,https://open.spotify.com/track/1WP1r7fuvRqZRnUaTi2I1Q
156,2017-01-19,157,Up,Cocoon,Milky Chance,454860,https://i.scdn.co/image/ab67616d00004851f1b313d02bd130b1bc320afd,https://open.spotify.com/track/0L87MffumRNWrY2SNUFcvs
157,2017-01-19,158,Up,What Do You Mean?,Justin Bieber,451718,https://i.scdn.co/image/ab67616d00004851b6d9a4fbb0bd49f0f034aead,https://open.spotify.com/track/3pzjHKrQSvXGHQ98dx18HI
158,2017-01-19,159,Up,Cuatro Babys,Maluma,451525,https://i.scdn.co/image/ab67616d00004851638d3cdf37fa447977e29e94,https://open.spotify.com/track/0JoHqmlqE0W0i9prt6kcHR
159,2017-01-19,160,Down,Lush Life,Zara Larsson,448576,https://i.scdn.co/image/ab67616d000048519e1683774b22648f4f178ed3,https://open.spotify.com/track/1rIKgCH4H52lrvDcz50hS8
160,2017-01-19,161,Down,Moves,Big Sean,446837,https://i.scdn.co/image/695d0c097d8463ccc2c2b9855fe44e3e9e7bc267,https://open.spotify.com/track/0Fv5N0cHBsl4bzCbollCAS
161,2017-01-19,162,Down,Reminder,The Weeknd,444933,https://i.scdn.co/image/6aeaaebcbd861c8369b14366e8e0eca2fe96055d,https://open.spotify.com/track/37F0uwRSrdzkBiuj0D5UHI
162,2017-01-19,163,Up,The Hills,The Weeknd,444822,https://i.scdn.co/image/ab67616d00004851aac98daa18e4edf54d7a0a70,https://open.spotify.com/track/25khomWgBVamSdKw7hzm3l
163,2017-01-19,164,Up,The Other,Lauv,444203,https://i.scdn.co/image/ab67616d000048513c6e07056b26bb9804a596da,https://open.spotify.com/track/1lntL1cI2UIWlxjL5QiN8g
164,2017-01-19,165,Up,Used to This,Future,439038,https://i.scdn.co/image/ab67616d00004851e0b64c8be3c4e804abcb2696,https://open.spotify.com/track/78sr3ogs4UzITcCNbXM9cM
165,2017-01-19,166,Down,The Greatest,Sia,437917,https://i.scdn.co/image/ab67616d00004851754b2fddebe7039fdb912837,https://open.spotify.com/track/6bLopGnirdrilrpdVB6Um1
166,2017-01-19,167,Down,Ain't My Fault,Zara Larsson,433985,https://i.scdn.co/image/ab67616d000048519e1683774b22648f4f178ed3,https://open.spotify.com/track/0ADG9OgdVTL7fgREP75BrZ
167,2017-01-19,168,Up,Let Me Hold You (Turn Me On),Dante Klein,432316,https://i.scdn.co/image/ab67616d000048517c8b9ddb952a62ac64f66d90,https://open.spotify.com/track/0lmdsH1MIoLsMymnNpd6HU
168,2017-01-19,169,Up,No Role Modelz,J. Cole,431965,https://i.scdn.co/image/ab67616d000048516aca031ccc27d2e4dd829d14,https://open.spotify.com/track/62vpWI1CHwFy7tMIcSStl8
169,2017-01-19,170,New,Wonderwall - Remastered,Oasis,431853,https://i.scdn.co/image/ab67616d0000485185e5dcc05cc216a10f141480,https://open.spotify.com/track/5qqabIl2vWzo9ApSC317sa
170,2017-01-19,171,Up,Gyal You A Party Animal - Remix,Charly Black,431675,https://i.scdn.co/image/ab67616d0000485131a026a9d39e08006ddfb138,https://open.spotify.com/track/1AkTW13ysu0AJrwuM6UY0I
171,2017-01-19,172,Up,goosebumps,Travis Scott,427963,https://i.scdn.co/image/ab67616d00004851f54b99bf27cda88f4a7403ce,https://open.spotify.com/track/6gBFPUFcJLzWGx4lenP6h2
172,2017-01-19,173,Flat,'Till I Collapse,Eminem,427382,https://i.scdn.co/image/ab67616d00004851ccdb1982626f299b3b1d3efd,https://open.spotify.com/track/6yr8GiTHWvFfi4o6Q5ebdT
173,2017-01-19,174,Up,Borro Cassette,Maluma,426839,https://i.scdn.co/image/ab67616d000048513c3acd23605ccd1a9fd038bd,https://open.spotify.com/track/6DUdDIRgLqCGq1DwkNWQTN
174,2017-01-19,175,Down,Neighbors,J. Cole,426668,https://i.scdn.co/image/fff50a2874dae97e76d3a78e55771d7c59719928,https://open.spotify.com/track/0utlOiJy2weVl9WTkcEWHy
175,2017-01-19,176,Up,Hotline Bling,Drake,426164,https://i.scdn.co/image/ab67616d00004851726abca207567d5e41cb9667,https://open.spotify.com/track/2FBUoWkIuQXwayw2RNo5l6
176,2017-01-19,177,Down,PILLOWTALK,ZAYN,426070,https://i.scdn.co/image/ab67616d00004851a15e26d05b7ce776b566579d,https://open.spotify.com/track/0PDUDa38GO8lMxLCRc4lL1
177,2017-01-19,178,Up,Low Life,Future,425535,https://i.scdn.co/image/ab67616d00004851626745b3aa04899001a924ad,https://open.spotify.com/track/7EiZI6JVHllARrX9PUvAdX
178,2017-01-19,179,Up,Te Quiero Pa´Mi,Don Omar,423028,https://i.scdn.co/image/ab67616d00004851d0cb2a58e3bf5d7ac5ece16f,https://open.spotify.com/track/3BY2mafsbsoKGqS380Xnuz
179,2017-01-19,180,Down,On My Way,Tiësto,421520,https://i.scdn.co/image/ab67616d00004851af38f0147a9afb520e0d3d9d,https://open.spotify.com/track/4hiUYb2nb6NlfTP9CD38Pe
180,2017-01-19,181,Up,Selfish,PnB Rock,421144,https://i.scdn.co/image/ab67616d00004851e9fb616403542596d3ede300,https://open.spotify.com/track/2xbI8Vmyv3TkpTdywpPyNw
181,2017-01-19,182,Down,Die For You,The Weeknd,420608,https://i.scdn.co/image/b3683184efeb899b2d1a02f4957d0c630dc10b0b,https://open.spotify.com/track/2LBqCSwhJGcFQeTHMVGwy3
182,2017-01-19,183,Down,Jumpman,Drake,418538,https://i.scdn.co/image/d4b8cf869e0b9fa7aea9a3dc569a935edb78840c,https://open.spotify.com/track/27GmP9AWRs744SzKcpJsTZ
183,2017-01-19,184,Flat,Let Her Go,Passenger,418092,https://i.scdn.co/image/ab67616d000048514566e671e5c947cba3a38436,https://open.spotify.com/track/2jyjhRf6DVbMPU5zxagN2h
184,2017-01-19,185,Flat,Party,Chris Brown,413343,https://i.scdn.co/image/ab67616d0000485109678e7a7fd4150585af8987,https://open.spotify.com/track/05Z7jet4VDNVgNQWcYHnrk
185,2017-01-19,186,Down,Million Reasons,Lady Gaga,411076,https://i.scdn.co/image/ab67616d00004851dd0b256c733c96b653ab5cde,https://open.spotify.com/track/50PWlIBU7PlGGwzgN8TiFJ
186,2017-01-19,187,Up,Chillax (feat. Ky-Mani Marley),Farruko,410933,https://i.scdn.co/image/ab67616d00004851118504cbeaf4187aaa601395,https://open.spotify.com/track/1lxswgIpzV6HhENRvkflES
187,2017-01-19,188,Down,Say Something Loving,The xx,410368,https://i.scdn.co/image/ab67616d000048515f5dc0f546406ec5a96018bb,https://open.spotify.com/track/728zbo72kOoYdGR3AhNsyF
188,2017-01-19,189,Down,All of Me,John Legend,407625,https://i.scdn.co/image/ab67616d00004851a30a192002427d5d72622dfc,https://open.spotify.com/track/2q6tgiA9tpb6DMguABwCWE
189,2017-01-19,190,Up,Never Be Like You,Flume,406878,https://i.scdn.co/image/ab67616d000048519eca0fdd60e06268050103e5,https://open.spotify.com/track/12REd1n8PeiHHWOh066tpr
190,2017-01-19,191,New,Bohemian Rhapsody - Remastered 2011,Queen,404161,https://i.scdn.co/image/ab67616d00004851a461aa96bd9a8fcd0a492aee,https://open.spotify.com/track/1AhDOtG9vPSOmsWgNW0BEY
191,2017-01-19,192,Up,White Iverson,Post Malone,399724,https://i.scdn.co/image/23bae95100dcb6ac8f88c19fa2a11c50a998a926,https://open.spotify.com/track/6eT7xZZlB2mwyzJ2sUKG6w
192,2017-01-19,193,Down,OOOUUU,Young M.A,397794,https://i.scdn.co/image/ab67616d0000485111042a73bbccc204ae394e58,https://open.spotify.com/track/7JYsArznYOjX2jsrT3UEnL
193,2017-01-19,194,Down,Rockin’,The Weeknd,397513,https://i.scdn.co/image/6aeaaebcbd861c8369b14366e8e0eca2fe96055d,https://open.spotify.com/track/36YCdzT57us0LhDmCYtrNE
194,2017-01-19,195,Flat,The Scientist,Coldplay,396453,https://i.scdn.co/image/ab67616d00004851ad6f442ecac8735b9285a923,https://open.spotify.com/track/75JFxkI2RXiU7L9VXzMkle
195,2017-01-19,196,New,Mr. Brightside,The Killers,395641,https://i.scdn.co/image/7d778100d0160184d61981dc8aa666ee6fec0151,https://open.spotify.com/track/7oK9VyNzrYvRFo7nQEYkWN
196,2017-01-19,197,Down,"I See Fire - From ""The Hobbit - The Desolation Of Smaug""",Ed Sheeran,395486,https://i.scdn.co/image/c6ee101dc0dc29c219e1ba771b9d87d59e80cccb,https://open.spotify.com/track/3B7udSGy2PfgoCniMSb523
197,2017-01-19,198,New,Pumped Up Kicks,Foster The People,390600,https://i.scdn.co/image/ab67616d00004851c03f8ef4160b2a3b72dd407d,https://open.spotify.com/track/7w87IxuO7BDcJ3YUqCyMTT
198,2017-01-19,199,Down,Both (feat. Drake),Gucci Mane,390170,https://i.scdn.co/image/ab67616d000048518c75413c7f38b3f512a75b35,https://open.spotify.com/track/5tFep7dXGd7vEJ668wTPux
199,2017-01-19,200,New,Can't Feel My Face,The Weeknd,388945,https://i.scdn.co/image/ab67616d00004851aac98daa18e4edf54d7a0a70,https://open.spotify.com/track/6RsWqX8zABZLhZydXxEFOm
