,Date,Position,Trend,Title,Artist,Streams,Icon_URL,Spotify_URL
0,2017-01-16,1,Flat,Shape of You,Ed Sheeran,7071702,https://i.scdn.co/image/ab67616d00004851ba5db46f4b838ef6027e6f96,https://open.spotify.com/track/7qiZfU4dY1lWllzX7mPBI3
1,2017-01-16,2,Flat,Castle on the Hill,Ed Sheeran,3833973,https://i.scdn.co/image/ab67616d00004851ba5db46f4b838ef6027e6f96,https://open.spotify.com/track/6PCUP3dWmTjcTtXY02oFdT
2,2017-01-16,3,Up,Paris,The Chainsmokers,3440753,https://i.scdn.co/image/ab67616d000048510c13d3d5a503c84fcc60ae94,https://open.spotify.com/track/72jbDTw1piOOj770jWNeaG
3,2017-01-16,4,Down,Starboy,The Weeknd,3361644,https://i.scdn.co/image/ab67616d000048510c8599cbde51245c128bcea9,https://open.spotify.com/track/5aAx2yezTd8zXrkmtKl66Z
4,2017-01-16,5,Down,"I Don’t Wanna Live Forever (Fifty Shades Darker) - From ""Fifty Shades Darker (Original Motion Picture Soundtrack)""",ZAYN,3324763,https://i.scdn.co/image/ab67616d000048512ae921f082ae5db4d3da818f,https://open.spotify.com/track/3NdDpSvN911VPGivFlV5d0
5,2017-01-16,6,Flat,Rockabye (feat. Sean Paul & Anne-Marie),Clean Bandit,3145273,https://i.scdn.co/image/ab67616d000048511431c3bdf16aa99f71799d95,https://open.spotify.com/track/5knuzwU65gJK7IF5yJsuaW
6,2017-01-16,7,Flat,Closer,The Chainsmokers,2758818,https://i.scdn.co/image/ab67616d00004851495ce6da9aeb159e94eaa453,https://open.spotify.com/track/7BKLCZ1jbUBVqRi2FVlTVw
7,2017-01-16,8,Flat,Say You Won't Let Go,James Arthur,2655248,https://i.scdn.co/image/ab67616d0000485120beb61f61fcbeb33b10a9ab,https://open.spotify.com/track/5uCax9HTNlzGybIStD3vDh
8,2017-01-16,9,Up,Don't Wanna Know,Maroon 5,2585126,https://i.scdn.co/image/ab67616d00004851eec1912bbc2ff74b8203fe5f,https://open.spotify.com/track/5MFzQMkrl1FOOng9tq6R9r
9,2017-01-16,10,Down,Fake Love,Drake,2557129,https://i.scdn.co/image/6dfd956b9331fa9ea1f47ebb95311951ed72b3db,https://open.spotify.com/track/343YBumqHu19cGoGARUTsd
10,2017-01-16,11,Flat,I Feel It Coming,The Weeknd,2539611,https://i.scdn.co/image/b3683184efeb899b2d1a02f4957d0c630dc10b0b,https://open.spotify.com/track/5GXAXm5YOmYT0kL5jHvYBt
11,2017-01-16,12,Flat,Bad and Boujee (feat. Lil Uzi Vert),Migos,2296357,https://i.scdn.co/image/ab67616d0000485199a8ab6da9d593939302828a,https://open.spotify.com/track/4Km5HrUvYTaSUfiSGPJeQR
12,2017-01-16,13,Up,Call On Me - Ryan Riback Extended Remix,Starley,2221418,https://i.scdn.co/image/ab67616d000048519d4079afc73664f86f055400,https://open.spotify.com/track/78rIJddV4X0HkNAInEcYde
13,2017-01-16,14,Down,Let Me Love You,DJ Snake,2183622,https://i.scdn.co/image/ab67616d000048515045de6786e0af096de73ed4,https://open.spotify.com/track/4pdPtRcBmOSQDlJ3Fk945m
14,2017-01-16,15,Up,Just Hold On,Steve Aoki,2112007,https://i.scdn.co/image/ab67616d0000485122e2ce2de8bad6d67ee69b48,https://open.spotify.com/track/3EmmCZoqpWOTY1g2GBwJoR
15,2017-01-16,16,Down,Chantaje (feat. Maluma),Shakira,2102020,https://i.scdn.co/image/ab67616d00004851d05d3aad30c5fb7614893cf5,https://open.spotify.com/track/6mICuAdrwEjh6Y6lroV2Kg
16,2017-01-16,17,Down,24K Magic,Bruno Mars,2084667,https://i.scdn.co/image/ab67616d00004851232711f7d66a1e19e89e28c5,https://open.spotify.com/track/6b8Be6ljOzmkOmFslEb23P
17,2017-01-16,18,Flat,Bad Things (with Camila Cabello),Machine Gun Kelly,2079798,https://i.scdn.co/image/d5f976093a4dcbc5ea9d4c04b414207f8bdce469,https://open.spotify.com/track/1PSBzsahR2AKwLJgx8ehBj
18,2017-01-16,19,Flat,Black Beatles,Rae Sremmurd,1824326,https://i.scdn.co/image/16293ab3b4f9301aeb5f41810fd7056d463db55e,https://open.spotify.com/track/6fujklziTHa8uoM5OQSfIo
19,2017-01-16,20,Up,Side To Side,Ariana Grande,1725676,https://i.scdn.co/image/ab67616d000048517227f5854239a059af211d5b,https://open.spotify.com/track/4pLwZjInHj3SimIyN9SnOz
20,2017-01-16,21,Up,Mercy,Shawn Mendes,1721346,https://i.scdn.co/image/ab67616d00004851188e6332f32088921ab1eaf8,https://open.spotify.com/track/4TZy1wLyHec06pwgFYDh1a
21,2017-01-16,22,Down,One Dance,Drake,1684608,https://i.scdn.co/image/ab67616d00004851726abca207567d5e41cb9667,https://open.spotify.com/track/1xznGGDReH1oQq0xzbwXa3
22,2017-01-16,23,Flat,Cold Water (feat. Justin Bieber & MØ),Major Lazer,1663424,https://i.scdn.co/image/ab67616d000048512e8f1cca2bc8c9d55930523b,https://open.spotify.com/track/6DNtNfH8hXkqOX1sjqmI7p
23,2017-01-16,24,Up,All We Know,The Chainsmokers,1636233,https://i.scdn.co/image/ab67616d00004851ff8d8c5662a96d41433e9ee1,https://open.spotify.com/track/2rizacJSyD9S1IQUxUxnsK
24,2017-01-16,25,Down,In the Name of Love,Martin Garrix,1627843,https://i.scdn.co/image/ab67616d00004851923db3f255cd48a6d5783ebf,https://open.spotify.com/track/04DwTuZ2VBdJCCC5TROn7L
25,2017-01-16,26,Flat,"How Far I'll Go - From ""Moana""",Alessia Cara,1615358,https://i.scdn.co/image/ab67616d00004851fb128b1eda22335050f584fe,https://open.spotify.com/track/5hYTyyh2odQKphUbMqc5gN
26,2017-01-16,27,Flat,All Night,The Vamps,1551340,https://i.scdn.co/image/ab67616d00004851f03c9779c27137669304ea20,https://open.spotify.com/track/1yNyoWWWikbLhwIGWjZuDW
27,2017-01-16,28,Flat,Hear Me Now,Alok,1516522,https://i.scdn.co/image/e308bad29e4cf6dc8aa5cd97449ef71bbb893d40,https://open.spotify.com/track/1a5Yu5L18qNxVhXx38njON
28,2017-01-16,29,Flat,Now and Later,Sage The Gemini,1488418,https://i.scdn.co/image/ab67616d0000485182d22e1d83fc1045ad33444a,https://open.spotify.com/track/43jBqV3j3Xi1g6wO0bhIMd
29,2017-01-16,30,Flat,I Would Like,Zara Larsson,1476354,https://i.scdn.co/image/ab67616d000048519e1683774b22648f4f178ed3,https://open.spotify.com/track/4Q4jmPHwu0wrJvqrld0FQ6
30,2017-01-16,31,Flat,Scars To Your Beautiful,Alessia Cara,1442555,https://i.scdn.co/image/5b9e5bd34ec840f07c8530e43a76b1b5e08d8b77,https://open.spotify.com/track/0prNGof3XqfTvNDxHonvdK
31,2017-01-16,32,Up,Love Me Now,John Legend,1437989,https://i.scdn.co/image/ab67616d00004851fa2ba77d93b08258827bd2d2,https://open.spotify.com/track/6nxQdXa1uAL0rY72wPZu89
32,2017-01-16,33,Up,Shed a Light,Robin Schulz,1434776,https://i.scdn.co/image/ab67616d000048517be189f322bc8155c103d6c9,https://open.spotify.com/track/1cG0umU5TKStygKsPFZ9pY
33,2017-01-16,34,Down,My Way,Calvin Harris,1425972,https://i.scdn.co/image/ab67616d000048518d12bc5e3ea5c9f4a967de32,https://open.spotify.com/track/1vvNmPOiUuyCbgWmtc6yfm
34,2017-01-16,35,Flat,Starving,Hailee Steinfeld,1408182,https://i.scdn.co/image/ab67616d00004851612495ee5769c99125031be2,https://open.spotify.com/track/1qOLh0tI7trd1zdDKxYZTe
35,2017-01-16,36,Flat,By Your Side,Jonas Blue,1369068,https://i.scdn.co/image/ab67616d00004851bd4b658f3aead04637924c28,https://open.spotify.com/track/1D3ODoXHBLpdxolZRHWV1j
36,2017-01-16,37,Flat,Heathens,Twenty One Pilots,1293369,https://i.scdn.co/image/ab67616d000048512ca3ba8f334ca5a5f0312efb,https://open.spotify.com/track/6i0V12jOa3mr6uu4WYhUBr
37,2017-01-16,38,Up,Solo Dance,Martin Jensen,1280166,https://i.scdn.co/image/ab67616d00004851950d67dbe3f31f1d9a5d06a2,https://open.spotify.com/track/6HUnnBwYZqcED1eQztxMBN
38,2017-01-16,39,Up,Treat You Better,Shawn Mendes,1241629,https://i.scdn.co/image/ab67616d00004851188e6332f32088921ab1eaf8,https://open.spotify.com/track/4Hf7WnR761jpxPr5D46Bcd
39,2017-01-16,40,Up,Alone,Alan Walker,1237975,https://i.scdn.co/image/ab67616d00004851f00ade2f88d8223521bc7f76,https://open.spotify.com/track/0JiVRyTJcJnmlwCZ854K4p
40,2017-01-16,41,Down,Reggaetón Lento (Bailemos),CNCO,1237684,https://i.scdn.co/image/ab67616d000048517db0f7ac4c612cce26ccacf9,https://open.spotify.com/track/3AEZUABDXNtecAOSC1qTfo
41,2017-01-16,42,Flat,Don't Let Me Down,The Chainsmokers,1191945,https://i.scdn.co/image/ab67616d0000485108d87fb54859bc9038f7e5e0,https://open.spotify.com/track/0QsvXIfqM0zZoerQfsI9lm
42,2017-01-16,43,Up,All Time Low,Jon Bellion,1189401,https://i.scdn.co/image/ff06a4138a99d272c24d2f6da9b5ea6067c054db,https://open.spotify.com/track/1CnPYaKxTVb4LWOtiGOm0m
43,2017-01-16,44,Flat,Bounce Back,Big Sean,1185276,https://i.scdn.co/image/695d0c097d8463ccc2c2b9855fe44e3e9e7bc267,https://open.spotify.com/track/0SGkqnVQo9KPytSri1H6cF
44,2017-01-16,45,Down,Caroline,Aminé,1152781,https://i.scdn.co/image/ab67616d00004851a7f01ef25974c10cdbbd566e,https://open.spotify.com/track/5GFDrUTLGJix84sNhjCG0g
45,2017-01-16,46,Up,We Don't Talk Anymore,Charlie Puth,1063596,https://i.scdn.co/image/ab67616d00004851c0e28105f0533c52717c46c2,https://open.spotify.com/track/68EMU2RD1ECNeOeJ5qAXCV
46,2017-01-16,47,Down,"CAN'T STOP THE FEELING! (Original Song from DreamWorks Animation's ""TROLLS"")",Justin Timberlake,1051222,https://i.scdn.co/image/ab67616d00004851ef37416970812293c08e8a78,https://open.spotify.com/track/6JV2JOEocMgcZxYSZelKcc
47,2017-01-16,48,Up,The Greatest,Sia,1031113,https://i.scdn.co/image/ab67616d00004851754b2fddebe7039fdb912837,https://open.spotify.com/track/7xHWNBFm6ObGEQPaUxHuKO
48,2017-01-16,49,Flat,Safari,J Balvin,1014584,https://i.scdn.co/image/ab67616d00004851338ffc4c72a192f06070546b,https://open.spotify.com/track/6rQSrBHf7HlZjtcMZ4S4bO
49,2017-01-16,50,Down,Broccoli (feat. Lil Yachty),DRAM,1004424,https://i.scdn.co/image/ab67616d00004851f02a1575a59bd05998826351,https://open.spotify.com/track/7yyRTcZmCiyzzJlNzGC9Ol
50,2017-01-16,51,Up,Despacito (Featuring Daddy Yankee),Luis Fonsi,982936,https://i.scdn.co/image/ab67616d00004851a5971936e3b8d91f8b616b17,https://open.spotify.com/track/4aWmUDTfIPGksMNLV2rQP2
51,2017-01-16,52,Up,Make Me (Cry),Noah Cyrus,953330,https://i.scdn.co/image/ab67616d00004851bf2ec8b87525fbd01fb0111f,https://open.spotify.com/track/2BrzlUj1u1CtvaJDGIKpsP
52,2017-01-16,53,Down,Photograph,Ed Sheeran,935614,https://i.scdn.co/image/ab67616d00004851d08209944468440145f01524,https://open.spotify.com/track/6fxVffaTuwjgEk5h9QyRjy
53,2017-01-16,54,Down,Cheap Thrills,Sia,931313,https://i.scdn.co/image/ab67616d0000485149e0134c686547c28b7c999f,https://open.spotify.com/track/27SdWb2rFzO6GWiYDBTD9j
54,2017-01-16,55,Down,Human,Rag'n'Bone Man,928537,https://i.scdn.co/image/ab67616d0000485190a788beadaad34ff684d3ec,https://open.spotify.com/track/58zsLZPvfflaiIbNWoA22O
55,2017-01-16,56,Flat,Water Under the Bridge,Adele,925275,https://i.scdn.co/image/ab67616d000048514c3bbcff5e7248e415548f12,https://open.spotify.com/track/4vb4mFvYsr2h6enhjJsq9Y
56,2017-01-16,57,Down,Sunset Lover,Petit Biscuit,897136,https://i.scdn.co/image/ab67616d00004851014080d39d56c94c0b285362,https://open.spotify.com/track/0hNduWmlWmEmuwEFcYvRu1
57,2017-01-16,58,Down,Party Monster,The Weeknd,892993,https://i.scdn.co/image/6aeaaebcbd861c8369b14366e8e0eca2fe96055d,https://open.spotify.com/track/4F7A0DXBrmUAkp32uenhZt
58,2017-01-16,59,Flat,Lot to Learn,Luke Christopher,875935,https://i.scdn.co/image/ab67616d000048513f0bd8f231c9b6433be929b1,https://open.spotify.com/track/3TRFq09DUgYj1mug6RRqJW
59,2017-01-16,60,Flat,Weak,AJR,862231,https://i.scdn.co/image/ab67616d00004851c5f3ca405ff6ed13dc554b94,https://open.spotify.com/track/3E2Zh20GDCR9B1EYjfXWyv
60,2017-01-16,61,Down,Otra vez (feat. J Balvin),Zion & Lennox,847065,https://i.scdn.co/image/ab67616d0000485182eabf564ddc57325a84dd50,https://open.spotify.com/track/3QwBODjSEzelZyVjxPOHdq
61,2017-01-16,62,Down,I Got You,Bebe Rexha,818593,https://i.scdn.co/image/ab67616d00004851809adcbcfe88c94fd2a706c1,https://open.spotify.com/track/1FUViuNSldssMIawrOXF2i
62,2017-01-16,63,Up,Sexual,NEIKED,812403,https://i.scdn.co/image/ab67616d000048519c5e27aff6792af94e972af9,https://open.spotify.com/track/3AsAuGTaDQzavZZThyYlop
63,2017-01-16,64,Down,The Mack,Nevada,810033,https://i.scdn.co/image/ab67616d00004851746ac799032f9af9c5268332,https://open.spotify.com/track/7aV2mflaASUmGhCErm7kBO
64,2017-01-16,65,Up,Don't Leave,Snakehips,798677,https://i.scdn.co/image/ab67616d00004851b72a28b6f92b180a8a423e29,https://open.spotify.com/track/0Zx8khUcEfCFK2AEoIhC92
65,2017-01-16,66,Down,I Took A Pill In Ibiza - Seeb Remix,Mike Posner,787479,https://i.scdn.co/image/ab67616d0000485140512e02a594e3378c0256e6,https://open.spotify.com/track/17Fd6Yb7mSbinKG8LoWfFl
66,2017-01-16,67,Up,iSpy (feat. Lil Yachty),KYLE,782854,https://i.scdn.co/image/ab67616d0000485132e373f2988bc6596a542d1c,https://open.spotify.com/track/2EEeOnHehOozLq4aS0n6SL
67,2017-01-16,68,Down,Vente Pa' Ca,Ricky Martin,772159,https://i.scdn.co/image/ab67616d000048513d90f5938459be40b7b6652a,https://open.spotify.com/track/7DM4BPaS7uofFul3ywMe46
68,2017-01-16,69,Down,Setting Fires,The Chainsmokers,762916,https://i.scdn.co/image/ab67616d000048519e076dc24d45c52fbf7232bb,https://open.spotify.com/track/0B8B8cVRFIG1yznoQe7c9s
69,2017-01-16,70,Up,Deja Vu,J. Cole,761464,https://i.scdn.co/image/fff50a2874dae97e76d3a78e55771d7c59719928,https://open.spotify.com/track/6I6NX6tjGsxFAsIfGzY9lJ
70,2017-01-16,71,Down,Lighthouse - Andrelli Remix,Hearts & Colors,753122,https://i.scdn.co/image/d19cc054c261b243b0663223cf69bc256d700f07,https://open.spotify.com/track/04CttTezSnv71USiiG9mIo
71,2017-01-16,72,Down,Ride,Twenty One Pilots,746416,https://i.scdn.co/image/ab67616d00004851de03bfc2991fd5bcfde65ba3,https://open.spotify.com/track/2Z8WuEywRWYTKe1NybPQEW
72,2017-01-16,73,Flat,This Is What You Came For,Calvin Harris,746214,https://i.scdn.co/image/ab67616d00004851d9aa52355e062f5de060adbf,https://open.spotify.com/track/0azC730Exh71aQlOt9Zj3y
73,2017-01-16,74,Down,Trust Nobody (feat. Selena Gomez & Tory Lanez),Cashmere Cat,741666,https://i.scdn.co/image/ab67616d00004851e53443feca656fafbbbae361,https://open.spotify.com/track/2wDjpPW3HZdA9quPPmZAMu
74,2017-01-16,75,Up,Thinking out Loud,Ed Sheeran,734055,https://i.scdn.co/image/ab67616d00004851d08209944468440145f01524,https://open.spotify.com/track/1Slwb6dOYkBlWal1PGtnNg
75,2017-01-16,76,Down,Too Good,Drake,729383,https://i.scdn.co/image/ab67616d00004851726abca207567d5e41cb9667,https://open.spotify.com/track/11KJSRSgaDxqydKYiD2Jew
76,2017-01-16,77,Up,Perfect Strangers,Jonas Blue,728702,https://i.scdn.co/image/ab67616d0000485179882e87678a76bc1d895e94,https://open.spotify.com/track/1CUVN2kn7mW5FjkqXTR2W1
77,2017-01-16,78,Up,Stressed Out,Twenty One Pilots,709047,https://i.scdn.co/image/ab67616d00004851de03bfc2991fd5bcfde65ba3,https://open.spotify.com/track/3CRDbSIZ4r5MsZ0YwxuEkn
78,2017-01-16,79,Up,"i hate u, i love u (feat. olivia o'brien)",gnash,702029,https://i.scdn.co/image/ab67616d0000485108862f843ea27f44f8e8cbd8,https://open.spotify.com/track/7vRriwrloYVaoAe3a9wJHe
79,2017-01-16,80,Down,Chill Bill,Rob $tone,699530,https://i.scdn.co/image/ab67616d000048516f3e9696889a2425338e0836,https://open.spotify.com/track/5uDASfU19gDxSjW8cnCaBp
80,2017-01-16,81,Up,Faded,Alan Walker,695380,https://i.scdn.co/image/ab67616d00004851c4d00cac55ae1b4598c9bc90,https://open.spotify.com/track/7gHs73wELdeycvS48JfIos
81,2017-01-16,82,Up,Some Kind Of Drug,G-Eazy,688915,https://i.scdn.co/image/ab67616d0000485198acfa8c055deedc25e6081d,https://open.spotify.com/track/1Bqxj0aH5KewYHKUg1IdrF
82,2017-01-16,83,Down,Panda,Desiigner,682729,https://i.scdn.co/image/ab67616d000048513df69bfb7713d8262820612b,https://open.spotify.com/track/5OOkp4U9P9oL23maHFHL1h
83,2017-01-16,84,Up,Work from Home (feat. Ty Dolla $ign),Fifth Harmony,678250,https://i.scdn.co/image/ab67616d00004851d03fa6f4e758282b7920b5c8,https://open.spotify.com/track/4tCtwWceOPWzenK2HAIJSb
84,2017-01-16,85,Down,X (feat. Future),21 Savage,677050,https://i.scdn.co/image/ab67616d000048512dd1ac4a61495080ef8f78ca,https://open.spotify.com/track/6fwdbPMwP1zVStm8FybmkO
85,2017-01-16,86,Down,Steady 1234 (feat. Jasmine Thompson & Skizzy Mars),Vice,673862,https://i.scdn.co/image/ab67616d000048516c3742dff9593add7c590e85,https://open.spotify.com/track/40UroIGvsMPLPBYwH8rMNA
86,2017-01-16,87,Up,Love Yourself,Justin Bieber,659914,https://i.scdn.co/image/ab67616d00004851b6d9a4fbb0bd49f0f034aead,https://open.spotify.com/track/3hB5DgAiMAQ4DzYbsMq1IT
87,2017-01-16,88,Down,"Sucker For Pain (with Wiz Khalifa, Imagine Dragons, Logic & Ty Dolla $ign feat. X Ambassadors)",Lil Wayne,654272,https://i.scdn.co/image/ab67616d000048517d8dfcfd507069d7f2062caf,https://open.spotify.com/track/4dASQiO1Eoo3RJvt74FtXB
88,2017-01-16,89,Up,Redbone,Childish Gambino,652480,https://i.scdn.co/image/ab67616d000048510b97e56ffad7c6211aa848f8,https://open.spotify.com/track/3kxfsdsCpFgN412fpnW85Y
89,2017-01-16,90,Up,It's Gotta Be You,Isaiah,650573,https://i.scdn.co/image/ab67616d00004851d43b5e86edff2089b91357e6,https://open.spotify.com/track/6cAKeFFYW2aClZSUyvqAEW
90,2017-01-16,91,Down,Versace on the Floor,Bruno Mars,649741,https://i.scdn.co/image/ab67616d00004851232711f7d66a1e19e89e28c5,https://open.spotify.com/track/0kN8xEmgMW9mh7UmDYHlJP
91,2017-01-16,92,Down,Sorry,Justin Bieber,635564,https://i.scdn.co/image/ab67616d00004851b6d9a4fbb0bd49f0f034aead,https://open.spotify.com/track/69bp2EbF7Q2rqc5N3ylezZ
92,2017-01-16,93,Flat,Not Going Home,DVBBS,626136,https://i.scdn.co/image/ab67616d000048519e48219a58924f86b6ab1137,https://open.spotify.com/track/042x9bsUBWW2fJgJ6fUh61
93,2017-01-16,94,Down,Controlla,Drake,625517,https://i.scdn.co/image/ab67616d00004851726abca207567d5e41cb9667,https://open.spotify.com/track/6F609ICg9Spjrw1epsAnpa
94,2017-01-16,95,Down,Shout Out to My Ex,Little Mix,624940,https://i.scdn.co/image/ab67616d000048512318bbb0586903290db2b270,https://open.spotify.com/track/0YHUITU3w6ws1v8ehT264g
95,2017-01-16,96,Up,No Lie,Sean Paul,623252,https://i.scdn.co/image/ab67616d000048514782809e4cd19cefc99048f7,https://open.spotify.com/track/3cFsmM51N5zMAuu1nNY4Tw
96,2017-01-16,97,Up,Hymn for the Weekend - Seeb Remix,Coldplay,618633,https://i.scdn.co/image/ab67616d00004851e42f212796979596843a7376,https://open.spotify.com/track/1OAiWI2oPmglaOiv9fdioU
97,2017-01-16,98,Down,Work,Rihanna,616669,https://i.scdn.co/image/ab67616d000048510ed05634a469e5cf4789b0a7,https://open.spotify.com/track/14WWzenpaEgQZlqPq2nk4v
98,2017-01-16,99,Down,No Heart,21 Savage,615607,https://i.scdn.co/image/ab67616d000048512dd1ac4a61495080ef8f78ca,https://open.spotify.com/track/4gmmRb6bZJffOOiww1JGTO
99,2017-01-16,100,Up,On Hold,The xx,608869,https://i.scdn.co/image/ab67616d000048515f5dc0f546406ec5a96018bb,https://open.spotify.com/track/5CPqOpKSk0QcJ3dGdaWcRB
100,2017-01-16,101,Down,The Ocean (feat. Shy Martin),Mike Perry,608150,https://i.scdn.co/image/ab67616d000048517f401862bfe87b552a75308d,https://open.spotify.com/track/2CPqh63wRVscbceKcPxwvv
101,2017-01-16,102,Down,Sneakin’,Drake,598868,https://i.scdn.co/image/8b1f6991ae1192e214374d14d918140d04dbd8a7,https://open.spotify.com/track/4ckuS4Nj4FZ7i3Def3Br8W
102,2017-01-16,103,Down,Traicionera,Sebastian Yatra,597142,https://i.scdn.co/image/ab67616d00004851dbe5e9f934a9be5db8884c52,https://open.spotify.com/track/5J1c3M4EldCfNxXwrwt8mT
103,2017-01-16,104,Down,La Bicicleta,Carlos Vives,596281,https://i.scdn.co/image/ab67616d00004851d05d3aad30c5fb7614893cf5,https://open.spotify.com/track/0sXvAOmXgjR2QUqLK1MltU
104,2017-01-16,105,Up,Light It Up (feat. Nyla & Fuse ODG) - Remix,Major Lazer,593615,https://i.scdn.co/image/ab67616d00004851751a2e5da4333e86814026ba,https://open.spotify.com/track/0L7loeTIg6akW84aEQZpCT
105,2017-01-16,106,Up,Fresh Eyes,Andy Grammer,586068,https://i.scdn.co/image/ab67616d0000485158dd2ff215d3baa7d4bd194f,https://open.spotify.com/track/4nMlau89VAjmV7agkl7OY3
106,2017-01-16,107,Down,Light,San Holo,584518,https://i.scdn.co/image/ab67616d000048514452e79f2bfa40e105e7c029,https://open.spotify.com/track/7zTx8ePYAmPFQuxP3xlXZn
107,2017-01-16,108,Down,Sidewalks,The Weeknd,582817,https://i.scdn.co/image/6aeaaebcbd861c8369b14366e8e0eca2fe96055d,https://open.spotify.com/track/4h90qkbnW1Qq6pBhoPvwko
108,2017-01-16,109,Flat,Needed Me,Rihanna,582479,https://i.scdn.co/image/ddc285ca9817c96c7719b3f2a759e108787db021,https://open.spotify.com/track/1Tt4sE4pXi57mTD1GCzsqm
109,2017-01-16,110,Down,"Ay Mi Dios (feat. Pitbull, Yandel & Chacal)",IAmChino,581554,https://i.scdn.co/image/ab67616d000048511568fbc07414eb185c58ef62,https://open.spotify.com/track/6stYbAJgTszHAHZMPxWWCY
110,2017-01-16,111,Up,Capsize,FRENSHIP,576537,https://i.scdn.co/image/ab67616d00004851670048174db73ef55039c7bf,https://open.spotify.com/track/2XMTqoHHSH0lvuXrvIEdco
111,2017-01-16,112,Up,Six Feet Under,The Weeknd,575773,https://i.scdn.co/image/6aeaaebcbd861c8369b14366e8e0eca2fe96055d,https://open.spotify.com/track/4mU5iXHeLgbR94siF7p1sY
112,2017-01-16,113,Down,Cake - Challenge Version,Flo Rida,561533,https://i.scdn.co/image/ab67616d00004851b765afdf5f6a2bc83eb5f378,https://open.spotify.com/track/6t2ubAB4iSYOuIpRAOGd4t
113,2017-01-16,114,Down,Dile Que Tu Me Quieres,Ozuna,560743,https://i.scdn.co/image/ab67616d0000485133bbd31551e01896f58d688f,https://open.spotify.com/track/20ZAJdsKB5IGbGj4ilRt2o
114,2017-01-16,115,Up,This Town,Niall Horan,556709,https://i.scdn.co/image/ab67616d00004851cad02035314b784b53570eac,https://open.spotify.com/track/5nA67Y0XX9JipZwYxX7Gl7
115,2017-01-16,116,Down,7 Years,Lukas Graham,553542,https://i.scdn.co/image/ab67616d0000485104d59cefa11f0eee9f1877a5,https://open.spotify.com/track/7129iqBafaphfc3WPCGC0L
116,2017-01-16,117,Up,Cake By The Ocean,DNCE,542372,https://i.scdn.co/image/ab67616d00004851a19a2912e1618ada66b2e6e8,https://open.spotify.com/track/2aFiaMXmWsM3Vj72F9ksBl
117,2017-01-16,118,Up,September Song,JP Cooper,541464,https://i.scdn.co/image/ab67616d000048511400ec742ee0935608e30700,https://open.spotify.com/track/0FuTx2s3YH1ppmtiM6l0zI
118,2017-01-16,119,Up,Love On The Brain,Rihanna,539311,https://i.scdn.co/image/ddc285ca9817c96c7719b3f2a759e108787db021,https://open.spotify.com/track/2aksifNn5ph8igDOkPBA02
119,2017-01-16,120,Up,Into You,Ariana Grande,533841,https://i.scdn.co/image/ab67616d000048517227f5854239a059af211d5b,https://open.spotify.com/track/7yHEDfrJNd0zWOfXwydNH0
120,2017-01-16,121,Down,Dancing On My Own,Calum Scott,530954,https://i.scdn.co/image/ab67616d000048511867ffdead655859c87dacc2,https://open.spotify.com/track/02WacdrRpm4zlP8H7X6bnQ
121,2017-01-16,122,Up,Middle,DJ Snake,529055,https://i.scdn.co/image/ab67616d000048515045de6786e0af096de73ed4,https://open.spotify.com/track/4OZEu0Vwq0RB2LAq14v99n
122,2017-01-16,123,Up,Me Llamas (feat. Maluma) - Remix,Piso 21,528208,https://i.scdn.co/image/ab67616d000048511e1eafb5d2bb1ca39d26f092,https://open.spotify.com/track/5hEM0JchdVzQ5PwvSfITeX
123,2017-01-16,124,Down,Vacaciones,Wisin,527890,https://i.scdn.co/image/ab67616d00004851c85f0d16973e9dae6f8a786c,https://open.spotify.com/track/3dQDid3IUNhZy1OehIfYfE
124,2017-01-16,125,Up,Say Something Loving,The xx,527821,https://i.scdn.co/image/ab67616d000048515f5dc0f546406ec5a96018bb,https://open.spotify.com/track/728zbo72kOoYdGR3AhNsyF
125,2017-01-16,126,Down,You Was Right,Lil Uzi Vert,524975,https://i.scdn.co/image/ab67616d000048518be07181aa935225a6f25d56,https://open.spotify.com/track/2ANLarE8yHVsLWW21nj79M
126,2017-01-16,127,Up,Touch,Little Mix,524851,https://i.scdn.co/image/ab67616d000048512318bbb0586903290db2b270,https://open.spotify.com/track/5Ua3GXyHwiSfpNTMjq6m2z
127,2017-01-16,128,Down,Taped up Heart (feat. Clara Mae),KREAM,523440,https://i.scdn.co/image/ab67616d000048519e4c024fb45d7a2b84af90bd,https://open.spotify.com/track/26hcyzSE154xMZCbFdtInA
128,2017-01-16,129,Down,Juju On That Beat (TZ Anthem),Zay Hilfigerrr,519602,https://i.scdn.co/image/ab67616d00004851186678fe32d915298c28d576,https://open.spotify.com/track/1lItf5ZXJc1by9SbPeljFd
129,2017-01-16,130,Up,You Don't Know Me - Radio Edit,Jax Jones,518695,https://i.scdn.co/image/ab67616d00004851dd05a1716e2f07a07b8ccfe3,https://open.spotify.com/track/00lNx0OcTJrS3MKHcB80HY
130,2017-01-16,131,Up,Send My Love (To Your New Lover),Adele,518117,https://i.scdn.co/image/ab67616d000048514c3bbcff5e7248e415548f12,https://open.spotify.com/track/4BHzQ9C00ceJxfG16AlNWb
131,2017-01-16,132,Down,Swang,Rae Sremmurd,507152,https://i.scdn.co/image/16293ab3b4f9301aeb5f41810fd7056d463db55e,https://open.spotify.com/track/6mapJIPnQ23RTAevUoE0DL
132,2017-01-16,133,Up,Fast Car,Jonas Blue,505496,https://i.scdn.co/image/ab67616d000048515cf78b9932b45387375528eb,https://open.spotify.com/track/6OZh916QF8XNunWaP97WEZ
133,2017-01-16,134,Down,Shaky Shaky,Daddy Yankee,505438,https://i.scdn.co/image/ab67616d00004851f0b25154a0858db46415fbe7,https://open.spotify.com/track/58IL315gMSTD37DOZPJ2hf
134,2017-01-16,135,Down,Love on Me,Galantis,504240,https://i.scdn.co/image/ab67616d000048510018d9ed29666f655586bccc,https://open.spotify.com/track/2MHCiOohBZEQuLgDTPvSzF
135,2017-01-16,136,Up,Oceans Away,A R I Z O N A,503805,https://i.scdn.co/image/ab67616d0000485150a25f1cb71018982b81ca2b,https://open.spotify.com/track/6A8dnC0xkiuWN4BshmTB2I
136,2017-01-16,137,Down,Oh Lord,MiC LOWRY,500965,https://i.scdn.co/image/ab67616d00004851d0b31742ad806d5dfac449eb,https://open.spotify.com/track/1sTUEdVO85YU8Ymk2jeAls
137,2017-01-16,138,Down,This Girl (Kungs Vs. Cookin' On 3 Burners) - Kungs Vs. Cookin' On 3 Burners,Kungs,497582,https://i.scdn.co/image/ab67616d00004851f504cc56f3bd99bc61929272,https://open.spotify.com/track/0tICYNayWWhH9GPeFrfjfD
138,2017-01-16,139,Down,Lean On (feat. MØ & DJ Snake),Major Lazer,495530,https://i.scdn.co/image/ab67616d000048519f55dad3a63f72f1bc8d6f59,https://open.spotify.com/track/4WjH9Bzt3kx7z8kl0awxh4
139,2017-01-16,140,Down,No Problem (feat. Lil Wayne & 2 Chainz),Chance the Rapper,489097,https://i.scdn.co/image/ab67616d00004851e71dd15fc5bdefd5bff70452,https://open.spotify.com/track/0v9Wz8o0BT8DU38R4ddjeH
140,2017-01-16,141,Flat,Final Song,MØ,482819,https://i.scdn.co/image/ab67616d00004851b7a02217229178b771ed0d4c,https://open.spotify.com/track/4qqArAiTPueDxIp7cf87h7
141,2017-01-16,142,Up,Roses,The Chainsmokers,471814,https://i.scdn.co/image/ab67616d0000485108d87fb54859bc9038f7e5e0,https://open.spotify.com/track/6O6M7pJLABmfBRoGZMu76Y
142,2017-01-16,143,Up,"Lose Yourself - From ""8 Mile"" Soundtrack",Eminem,469186,https://i.scdn.co/image/36440dfd440d23086573d62a32def35ecc42f111,https://open.spotify.com/track/5Z01UMMf7V1o0MzF86s6WJ
143,2017-01-16,144,Up,"Me, Myself & I",G-Eazy,465072,https://i.scdn.co/image/ab67616d0000485198acfa8c055deedc25e6081d,https://open.spotify.com/track/40YcuQysJ0KlGQTeGUosTC
144,2017-01-16,145,Up,Lush Life,Zara Larsson,465014,https://i.scdn.co/image/ab67616d000048519e1683774b22648f4f178ed3,https://open.spotify.com/track/1rIKgCH4H52lrvDcz50hS8
145,2017-01-16,146,Down,DUELE EL CORAZON,Enrique Iglesias,464172,https://i.scdn.co/image/ab67616d0000485113dae8008773aede4a979a7d,https://open.spotify.com/track/6YZdkObH88npeKrrkb8Ggf
146,2017-01-16,147,Flat,History,Olivia Holt,462139,https://i.scdn.co/image/ab67616d000048519e21eab426152ef9078d6b94,https://open.spotify.com/track/0WCEaydwN65cvwaW8aqptF
147,2017-01-16,148,Down,Hello,Adele,456560,https://i.scdn.co/image/ab67616d000048514c3bbcff5e7248e415548f12,https://open.spotify.com/track/4sPmO7WMQUAf45kwMOtONw
148,2017-01-16,149,Up,T-Shirt,Migos,456495,https://i.scdn.co/image/ab67616d0000485199a8ab6da9d593939302828a,https://open.spotify.com/track/7KOlJ92bu51cltsD9KU5I7
149,2017-01-16,150,Flat,Stitches,Shawn Mendes,455882,https://i.scdn.co/image/ab67616d0000485147710f5e89677e4d048e744c,https://open.spotify.com/track/1WP1r7fuvRqZRnUaTi2I1Q
150,2017-01-16,151,Down,pick up the phone,Young Thug,452579,https://i.scdn.co/image/ab67616d00004851f54b99bf27cda88f4a7403ce,https://open.spotify.com/track/20dP2DaMHIAmwWAbp7peSr
151,2017-01-16,152,Down,The Greatest,Sia,452466,https://i.scdn.co/image/ab67616d00004851754b2fddebe7039fdb912837,https://open.spotify.com/track/6bLopGnirdrilrpdVB6Um1
152,2017-01-16,153,Down,Andas En Mi Cabeza,Chino & Nacho,452254,https://i.scdn.co/image/ab67616d0000485166dad4487da6fc0dced2d0c6,https://open.spotify.com/track/5mey7CLLuFToM2P68Qu1gF
153,2017-01-16,154,Down,Let It Go,James Bay,448435,https://i.scdn.co/image/abcbe01d6557c60388e976c9a535f26f73fcbf09,https://open.spotify.com/track/13HVjjWUZFaWilh2QUJKsP
154,2017-01-16,155,Up,Romantic - NOTD Remix,Stanaj,439660,https://i.scdn.co/image/ab67616d000048517861e14b4da5cfac6fb0c65b,https://open.spotify.com/track/3SGWp9fJCzgK0WcpcKSQdy
155,2017-01-16,156,Up,Dangerous,The xx,439292,https://i.scdn.co/image/ab67616d000048515f5dc0f546406ec5a96018bb,https://open.spotify.com/track/33B2QbtAj8mbDpwvGTOnBt
156,2017-01-16,157,Up,That's What I Like,Bruno Mars,436068,https://i.scdn.co/image/ab67616d00004851232711f7d66a1e19e89e28c5,https://open.spotify.com/track/0KKkJNfGyhkQ5aFogxQAPU
157,2017-01-16,158,Down,OOOUUU,Young M.A,434815,https://i.scdn.co/image/ab67616d0000485111042a73bbccc204ae394e58,https://open.spotify.com/track/7JYsArznYOjX2jsrT3UEnL
158,2017-01-16,159,Down,Sex,Cheat Codes,430812,https://i.scdn.co/image/3b6152419e1f09563b17835100766da08426ec66,https://open.spotify.com/track/5DA77EqppDmCTWGovd4oTP
159,2017-01-16,160,Down,The Other,Lauv,428778,https://i.scdn.co/image/ab67616d000048513c6e07056b26bb9804a596da,https://open.spotify.com/track/1lntL1cI2UIWlxjL5QiN8g
160,2017-01-16,161,Up,The Hills,The Weeknd,427945,https://i.scdn.co/image/ab67616d00004851aac98daa18e4edf54d7a0a70,https://open.spotify.com/track/25khomWgBVamSdKw7hzm3l
161,2017-01-16,162,Up,Love$ick,Mura Masa,427453,https://i.scdn.co/image/ab67616d0000485157da025deec1abbef50e4b31,https://open.spotify.com/track/5v9N8Rx3QsFvr50cxyQcA3
162,2017-01-16,163,Up,Reminder,The Weeknd,423966,https://i.scdn.co/image/6aeaaebcbd861c8369b14366e8e0eca2fe96055d,https://open.spotify.com/track/37F0uwRSrdzkBiuj0D5UHI
163,2017-01-16,164,Down,Cuatro Babys,Maluma,418971,https://i.scdn.co/image/ab67616d00004851638d3cdf37fa447977e29e94,https://open.spotify.com/track/0JoHqmlqE0W0i9prt6kcHR
164,2017-01-16,165,Up,Cocoon,Milky Chance,417113,https://i.scdn.co/image/ab67616d00004851f1b313d02bd130b1bc320afd,https://open.spotify.com/track/0L87MffumRNWrY2SNUFcvs
165,2017-01-16,166,Flat,PILLOWTALK,ZAYN,416756,https://i.scdn.co/image/ab67616d00004851a15e26d05b7ce776b566579d,https://open.spotify.com/track/0PDUDa38GO8lMxLCRc4lL1
166,2017-01-16,167,Down,What Do You Mean?,Justin Bieber,416007,https://i.scdn.co/image/ab67616d00004851b6d9a4fbb0bd49f0f034aead,https://open.spotify.com/track/3pzjHKrQSvXGHQ98dx18HI
167,2017-01-16,168,Flat,Somebody Else,VÉRITÉ,413081,https://i.scdn.co/image/ab67616d00004851ce94afb9aa5d73f00852a45b,https://open.spotify.com/track/34i4yxPrHWquuR4kjiivFO
168,2017-01-16,169,Down,Deu Onda,MC G15,411350,https://i.scdn.co/image/ab67616d000048518b4b30be47d016b7122dc88c,https://open.spotify.com/track/0EPxmvsG1BY5td4aTOkWBF
169,2017-01-16,170,Down,"I See Fire - From ""The Hobbit - The Desolation Of Smaug""",Ed Sheeran,410376,https://i.scdn.co/image/c6ee101dc0dc29c219e1ba771b9d87d59e80cccb,https://open.spotify.com/track/3B7udSGy2PfgoCniMSb523
170,2017-01-16,171,Up,Million Reasons,Lady Gaga,408375,https://i.scdn.co/image/ab67616d00004851dd0b256c733c96b653ab5cde,https://open.spotify.com/track/50PWlIBU7PlGGwzgN8TiFJ
171,2017-01-16,172,Up,Ain't My Fault,Zara Larsson,407937,https://i.scdn.co/image/ab67616d000048519e1683774b22648f4f178ed3,https://open.spotify.com/track/0ADG9OgdVTL7fgREP75BrZ
172,2017-01-16,173,Down,Low Life,Future,407006,https://i.scdn.co/image/ab67616d00004851626745b3aa04899001a924ad,https://open.spotify.com/track/7EiZI6JVHllARrX9PUvAdX
173,2017-01-16,174,Down,Hotline Bling,Drake,405534,https://i.scdn.co/image/ab67616d00004851726abca207567d5e41cb9667,https://open.spotify.com/track/2FBUoWkIuQXwayw2RNo5l6
174,2017-01-16,175,Down,No Role Modelz,J. Cole,404292,https://i.scdn.co/image/ab67616d000048516aca031ccc27d2e4dd829d14,https://open.spotify.com/track/62vpWI1CHwFy7tMIcSStl8
175,2017-01-16,176,Down,Jumpman,Drake,404121,https://i.scdn.co/image/d4b8cf869e0b9fa7aea9a3dc569a935edb78840c,https://open.spotify.com/track/27GmP9AWRs744SzKcpJsTZ
176,2017-01-16,177,Up,Die For You,The Weeknd,404010,https://i.scdn.co/image/b3683184efeb899b2d1a02f4957d0c630dc10b0b,https://open.spotify.com/track/2LBqCSwhJGcFQeTHMVGwy3
177,2017-01-16,178,Up,Let Me Hold You (Turn Me On),Dante Klein,403970,https://i.scdn.co/image/ab67616d000048517c8b9ddb952a62ac64f66d90,https://open.spotify.com/track/0lmdsH1MIoLsMymnNpd6HU
178,2017-01-16,179,Down,Neighbors,J. Cole,403420,https://i.scdn.co/image/fff50a2874dae97e76d3a78e55771d7c59719928,https://open.spotify.com/track/0utlOiJy2weVl9WTkcEWHy
179,2017-01-16,180,Up,'Till I Collapse,Eminem,401890,https://i.scdn.co/image/ab67616d00004851ccdb1982626f299b3b1d3efd,https://open.spotify.com/track/6yr8GiTHWvFfi4o6Q5ebdT
180,2017-01-16,181,Down,Borro Cassette,Maluma,401617,https://i.scdn.co/image/ab67616d000048513c3acd23605ccd1a9fd038bd,https://open.spotify.com/track/6DUdDIRgLqCGq1DwkNWQTN
181,2017-01-16,182,Down,goosebumps,Travis Scott,395243,https://i.scdn.co/image/ab67616d00004851f54b99bf27cda88f4a7403ce,https://open.spotify.com/track/6gBFPUFcJLzWGx4lenP6h2
182,2017-01-16,183,Down,Gyal You A Party Animal - Remix,Charly Black,393127,https://i.scdn.co/image/ab67616d0000485131a026a9d39e08006ddfb138,https://open.spotify.com/track/1AkTW13ysu0AJrwuM6UY0I
183,2017-01-16,184,Up,Let Her Go,Passenger,392310,https://i.scdn.co/image/ab67616d000048514566e671e5c947cba3a38436,https://open.spotify.com/track/2jyjhRf6DVbMPU5zxagN2h
184,2017-01-16,185,Up,All of Me,John Legend,392072,https://i.scdn.co/image/ab67616d00004851a30a192002427d5d72622dfc,https://open.spotify.com/track/2q6tgiA9tpb6DMguABwCWE
185,2017-01-16,186,Up,Party,Chris Brown,390576,https://i.scdn.co/image/ab67616d0000485109678e7a7fd4150585af8987,https://open.spotify.com/track/05Z7jet4VDNVgNQWcYHnrk
186,2017-01-16,187,Down,Used to This,Future,390527,https://i.scdn.co/image/ab67616d00004851e0b64c8be3c4e804abcb2696,https://open.spotify.com/track/78sr3ogs4UzITcCNbXM9cM
187,2017-01-16,188,Down,Never Be Like You,Flume,387391,https://i.scdn.co/image/ab67616d000048519eca0fdd60e06268050103e5,https://open.spotify.com/track/12REd1n8PeiHHWOh066tpr
188,2017-01-16,189,Up,Moves,Big Sean,386608,https://i.scdn.co/image/695d0c097d8463ccc2c2b9855fe44e3e9e7bc267,https://open.spotify.com/track/0Fv5N0cHBsl4bzCbollCAS
189,2017-01-16,190,New,"Another Day Of Sun - From ""La La Land"" Soundtrack",La La Land Cast,381938,https://i.scdn.co/image/ab67616d000048512a307d64201d08144f68cc49,https://open.spotify.com/track/0zCfmceT1YvtZXGbR6Roht
190,2017-01-16,191,Up,Rockin’,The Weeknd,381027,https://i.scdn.co/image/6aeaaebcbd861c8369b14366e8e0eca2fe96055d,https://open.spotify.com/track/36YCdzT57us0LhDmCYtrNE
191,2017-01-16,192,New,"City Of Stars - From ""La La Land"" Soundtrack",Ryan Gosling,380652,https://i.scdn.co/image/ab67616d00004851c52819227025b9097fd0bf8f,https://open.spotify.com/track/0LtVx5vsq9nfpGsWgjUin6
192,2017-01-16,193,Flat,Chillax (feat. Ky-Mani Marley),Farruko,379766,https://i.scdn.co/image/ab67616d00004851118504cbeaf4187aaa601395,https://open.spotify.com/track/1lxswgIpzV6HhENRvkflES
193,2017-01-16,194,New,The Scientist,Coldplay,378771,https://i.scdn.co/image/ab67616d00004851ad6f442ecac8735b9285a923,https://open.spotify.com/track/75JFxkI2RXiU7L9VXzMkle
194,2017-01-16,195,New,Stronger,Kanye West,377044,https://i.scdn.co/image/ab67616d00004851675561f3defd1d5a551936a8,https://open.spotify.com/track/6C7RJEIUDqKkJRZVWdkfkH
195,2017-01-16,196,Down,Stay With Me,Sam Smith,373930,https://i.scdn.co/image/ab67616d000048514fb7193968e58e51c3db3ef4,https://open.spotify.com/track/5Db9VIdDsN5yu3Eu7CT0i4
196,2017-01-16,197,Down,You & Me,Marc E. Bassy,372713,https://i.scdn.co/image/ab67616d00004851f6250925802fb72702b65821,https://open.spotify.com/track/4QdovcM8j50QPlyR7tH4xe
197,2017-01-16,198,Down,No Money,Galantis,372674,https://i.scdn.co/image/ab67616d00004851119cb56f073efd326643dcfe,https://open.spotify.com/track/0gb1J5UrTpzaU1s3nupgCd
198,2017-01-16,199,Down,Please Don't Go,Joel Adams,372506,https://i.scdn.co/image/ab67616d000048513a22ad98e76e2d0c1760345d,https://open.spotify.com/track/3cNjgVBKTJ1SvKhunrCdVy
199,2017-01-16,200,Down,Tenerife Sea,Ed Sheeran,371845,https://i.scdn.co/image/ab67616d00004851d08209944468440145f01524,https://open.spotify.com/track/6vSwxzO2Qf4BinHSXRwZJe
