,Date,Position,Trend,Title,Artist,Streams,Icon_URL,Spotify_URL
0,2017-01-28,1,Flat,Shape of You,Ed Sheeran,7423086,https://i.scdn.co/image/ab67616d00004851ba5db46f4b838ef6027e6f96,https://open.spotify.com/track/7qiZfU4dY1lWllzX7mPBI3
1,2017-01-28,2,Flat,Paris,The Chainsmokers,4114373,https://i.scdn.co/image/ab67616d000048510c13d3d5a503c84fcc60ae94,https://open.spotify.com/track/72jbDTw1piOOj770jWNeaG
2,2017-01-28,3,Flat,"I Don’t Wanna Live Forever (Fifty Shades Darker) - From ""Fifty Shades Darker (Original Motion Picture Soundtrack)""",ZAYN,3800351,https://i.scdn.co/image/ab67616d000048512ae921f082ae5db4d3da818f,https://open.spotify.com/track/3NdDpSvN911VPGivFlV5d0
3,2017-01-28,4,Flat,Castle on the Hill,Ed Sheeran,3489434,https://i.scdn.co/image/ab67616d00004851ba5db46f4b838ef6027e6f96,https://open.spotify.com/track/6PCUP3dWmTjcTtXY02oFdT
4,2017-01-28,5,Flat,Rockabye (feat. Sean Paul & Anne-Marie),Clean Bandit,3450083,https://i.scdn.co/image/ab67616d000048511431c3bdf16aa99f71799d95,https://open.spotify.com/track/5knuzwU65gJK7IF5yJsuaW
5,2017-01-28,6,Up,Despacito (Featuring Daddy Yankee),Luis Fonsi,3088386,https://i.scdn.co/image/ab67616d00004851a5971936e3b8d91f8b616b17,https://open.spotify.com/track/4aWmUDTfIPGksMNLV2rQP2
6,2017-01-28,7,Down,Starboy,The Weeknd,3074828,https://i.scdn.co/image/ab67616d000048510c8599cbde51245c128bcea9,https://open.spotify.com/track/5aAx2yezTd8zXrkmtKl66Z
7,2017-01-28,8,Flat,Bad and Boujee (feat. Lil Uzi Vert),Migos,2899366,https://i.scdn.co/image/ab67616d0000485199a8ab6da9d593939302828a,https://open.spotify.com/track/4Km5HrUvYTaSUfiSGPJeQR
8,2017-01-28,9,Flat,Closer,The Chainsmokers,2788160,https://i.scdn.co/image/ab67616d00004851495ce6da9aeb159e94eaa453,https://open.spotify.com/track/7BKLCZ1jbUBVqRi2FVlTVw
9,2017-01-28,10,Flat,Say You Won't Let Go,James Arthur,2671936,https://i.scdn.co/image/ab67616d0000485120beb61f61fcbeb33b10a9ab,https://open.spotify.com/track/5uCax9HTNlzGybIStD3vDh
10,2017-01-28,11,Flat,I Feel It Coming,The Weeknd,2654465,https://i.scdn.co/image/b3683184efeb899b2d1a02f4957d0c630dc10b0b,https://open.spotify.com/track/5GXAXm5YOmYT0kL5jHvYBt
11,2017-01-28,12,Flat,Don't Wanna Know,Maroon 5,2598184,https://i.scdn.co/image/ab67616d00004851eec1912bbc2ff74b8203fe5f,https://open.spotify.com/track/5MFzQMkrl1FOOng9tq6R9r
12,2017-01-28,13,Flat,Call On Me - Ryan Riback Extended Remix,Starley,2484714,https://i.scdn.co/image/ab67616d000048519d4079afc73664f86f055400,https://open.spotify.com/track/78rIJddV4X0HkNAInEcYde
13,2017-01-28,14,Flat,Chantaje (feat. Maluma),Shakira,2470282,https://i.scdn.co/image/ab67616d00004851d05d3aad30c5fb7614893cf5,https://open.spotify.com/track/6mICuAdrwEjh6Y6lroV2Kg
14,2017-01-28,15,Flat,Fake Love,Drake,2306167,https://i.scdn.co/image/6dfd956b9331fa9ea1f47ebb95311951ed72b3db,https://open.spotify.com/track/343YBumqHu19cGoGARUTsd
15,2017-01-28,16,Flat,Just Hold On,Steve Aoki,2248130,https://i.scdn.co/image/ab67616d0000485122e2ce2de8bad6d67ee69b48,https://open.spotify.com/track/3EmmCZoqpWOTY1g2GBwJoR
16,2017-01-28,17,Flat,Let Me Love You,DJ Snake,2236235,https://i.scdn.co/image/ab67616d000048515045de6786e0af096de73ed4,https://open.spotify.com/track/4pdPtRcBmOSQDlJ3Fk945m
17,2017-01-28,18,Up,24K Magic,Bruno Mars,2160868,https://i.scdn.co/image/ab67616d00004851232711f7d66a1e19e89e28c5,https://open.spotify.com/track/6b8Be6ljOzmkOmFslEb23P
18,2017-01-28,19,Down,Bad Things (with Camila Cabello),Machine Gun Kelly,2077423,https://i.scdn.co/image/d5f976093a4dcbc5ea9d4c04b414207f8bdce469,https://open.spotify.com/track/1PSBzsahR2AKwLJgx8ehBj
19,2017-01-28,20,Flat,"How Far I'll Go - From ""Moana""",Alessia Cara,1838371,https://i.scdn.co/image/ab67616d00004851fb128b1eda22335050f584fe,https://open.spotify.com/track/5hYTyyh2odQKphUbMqc5gN
20,2017-01-28,21,Flat,One Dance,Drake,1821972,https://i.scdn.co/image/ab67616d00004851726abca207567d5e41cb9667,https://open.spotify.com/track/1xznGGDReH1oQq0xzbwXa3
21,2017-01-28,22,Up,Side To Side,Ariana Grande,1774883,https://i.scdn.co/image/ab67616d000048517227f5854239a059af211d5b,https://open.spotify.com/track/4pLwZjInHj3SimIyN9SnOz
22,2017-01-28,23,Flat,Black Beatles,Rae Sremmurd,1759523,https://i.scdn.co/image/16293ab3b4f9301aeb5f41810fd7056d463db55e,https://open.spotify.com/track/6fujklziTHa8uoM5OQSfIo
23,2017-01-28,24,Down,All Night,The Vamps,1745977,https://i.scdn.co/image/ab67616d00004851f03c9779c27137669304ea20,https://open.spotify.com/track/1yNyoWWWikbLhwIGWjZuDW
24,2017-01-28,25,Flat,Cold Water (feat. Justin Bieber & MØ),Major Lazer,1688511,https://i.scdn.co/image/ab67616d000048512e8f1cca2bc8c9d55930523b,https://open.spotify.com/track/6DNtNfH8hXkqOX1sjqmI7p
25,2017-01-28,26,Flat,In the Name of Love,Martin Garrix,1656342,https://i.scdn.co/image/ab67616d00004851923db3f255cd48a6d5783ebf,https://open.spotify.com/track/04DwTuZ2VBdJCCC5TROn7L
26,2017-01-28,27,Flat,Hear Me Now,Alok,1644187,https://i.scdn.co/image/e308bad29e4cf6dc8aa5cd97449ef71bbb893d40,https://open.spotify.com/track/1a5Yu5L18qNxVhXx38njON
27,2017-01-28,28,Up,Solo Dance,Martin Jensen,1624841,https://i.scdn.co/image/ab67616d00004851950d67dbe3f31f1d9a5d06a2,https://open.spotify.com/track/6HUnnBwYZqcED1eQztxMBN
28,2017-01-28,29,Down,Mercy,Shawn Mendes,1617388,https://i.scdn.co/image/ab67616d00004851188e6332f32088921ab1eaf8,https://open.spotify.com/track/4TZy1wLyHec06pwgFYDh1a
29,2017-01-28,30,Up,Scared to Be Lonely,Martin Garrix,1596202,https://i.scdn.co/image/ab67616d0000485164f8a309aa3c0a66a31fc374,https://open.spotify.com/track/3ebXMykcMXOcLeJ9xZ17XH
30,2017-01-28,31,Up,Reggaetón Lento (Bailemos),CNCO,1566735,https://i.scdn.co/image/ab67616d000048517db0f7ac4c612cce26ccacf9,https://open.spotify.com/track/3AEZUABDXNtecAOSC1qTfo
31,2017-01-28,32,Down,Now and Later,Sage The Gemini,1548165,https://i.scdn.co/image/ab67616d0000485182d22e1d83fc1045ad33444a,https://open.spotify.com/track/43jBqV3j3Xi1g6wO0bhIMd
32,2017-01-28,33,Down,Shed a Light,Robin Schulz,1547031,https://i.scdn.co/image/ab67616d000048517be189f322bc8155c103d6c9,https://open.spotify.com/track/1cG0umU5TKStygKsPFZ9pY
33,2017-01-28,34,Flat,My Way,Calvin Harris,1470173,https://i.scdn.co/image/ab67616d000048518d12bc5e3ea5c9f4a967de32,https://open.spotify.com/track/1vvNmPOiUuyCbgWmtc6yfm
34,2017-01-28,35,Up,I Would Like,Zara Larsson,1457103,https://i.scdn.co/image/ab67616d000048519e1683774b22648f4f178ed3,https://open.spotify.com/track/4Q4jmPHwu0wrJvqrld0FQ6
35,2017-01-28,36,Up,Love Me Now,John Legend,1418763,https://i.scdn.co/image/ab67616d00004851fa2ba77d93b08258827bd2d2,https://open.spotify.com/track/6nxQdXa1uAL0rY72wPZu89
36,2017-01-28,37,Up,Starving,Hailee Steinfeld,1398755,https://i.scdn.co/image/ab67616d00004851612495ee5769c99125031be2,https://open.spotify.com/track/1qOLh0tI7trd1zdDKxYZTe
37,2017-01-28,38,Up,T-Shirt,Migos,1392940,https://i.scdn.co/image/ab67616d0000485199a8ab6da9d593939302828a,https://open.spotify.com/track/7KOlJ92bu51cltsD9KU5I7
38,2017-01-28,39,Flat,All Time Low,Jon Bellion,1369306,https://i.scdn.co/image/ff06a4138a99d272c24d2f6da9b5ea6067c054db,https://open.spotify.com/track/1CnPYaKxTVb4LWOtiGOm0m
39,2017-01-28,40,Down,Run Up (feat. PARTYNEXTDOOR & Nicki Minaj),Major Lazer,1360505,https://i.scdn.co/image/ab67616d000048518036d7402a6a76aed04f1f98,https://open.spotify.com/track/0fg8CqpjdojMyXLNzM2PaJ
40,2017-01-28,41,Up,Alone,Alan Walker,1358746,https://i.scdn.co/image/ab67616d00004851f00ade2f88d8223521bc7f76,https://open.spotify.com/track/0JiVRyTJcJnmlwCZ854K4p
41,2017-01-28,42,Up,By Your Side,Jonas Blue,1342208,https://i.scdn.co/image/ab67616d00004851bd4b658f3aead04637924c28,https://open.spotify.com/track/1D3ODoXHBLpdxolZRHWV1j
42,2017-01-28,43,Down,Bounce Back,Big Sean,1328591,https://i.scdn.co/image/695d0c097d8463ccc2c2b9855fe44e3e9e7bc267,https://open.spotify.com/track/0SGkqnVQo9KPytSri1H6cF
43,2017-01-28,44,Up,Weak,AJR,1286226,https://i.scdn.co/image/ab67616d00004851c5f3ca405ff6ed13dc554b94,https://open.spotify.com/track/3E2Zh20GDCR9B1EYjfXWyv
44,2017-01-28,45,Up,Issues,Julia Michaels,1279579,https://i.scdn.co/image/ab67616d000048519615e35e0e9e4b2c3dccb520,https://open.spotify.com/track/1sXUWdKx03aP9Gmzft58rt
45,2017-01-28,46,Up,Heathens,Twenty One Pilots,1262262,https://i.scdn.co/image/ab67616d000048512ca3ba8f334ca5a5f0312efb,https://open.spotify.com/track/6i0V12jOa3mr6uu4WYhUBr
46,2017-01-28,47,Down,Scars To Your Beautiful,Alessia Cara,1222081,https://i.scdn.co/image/5b9e5bd34ec840f07c8530e43a76b1b5e08d8b77,https://open.spotify.com/track/0prNGof3XqfTvNDxHonvdK
47,2017-01-28,48,Down,All We Know,The Chainsmokers,1219841,https://i.scdn.co/image/ab67616d00004851ff8d8c5662a96d41433e9ee1,https://open.spotify.com/track/2rizacJSyD9S1IQUxUxnsK
48,2017-01-28,49,Flat,Caroline,Aminé,1201659,https://i.scdn.co/image/ab67616d00004851a7f01ef25974c10cdbbd566e,https://open.spotify.com/track/5GFDrUTLGJix84sNhjCG0g
49,2017-01-28,50,Flat,Treat You Better,Shawn Mendes,1181724,https://i.scdn.co/image/ab67616d00004851188e6332f32088921ab1eaf8,https://open.spotify.com/track/4Hf7WnR761jpxPr5D46Bcd
50,2017-01-28,51,Up,Safari,J Balvin,1148423,https://i.scdn.co/image/ab67616d00004851338ffc4c72a192f06070546b,https://open.spotify.com/track/6rQSrBHf7HlZjtcMZ4S4bO
51,2017-01-28,52,Up,Otra vez (feat. J Balvin),Zion & Lennox,1087472,https://i.scdn.co/image/ab67616d0000485182eabf564ddc57325a84dd50,https://open.spotify.com/track/3QwBODjSEzelZyVjxPOHdq
52,2017-01-28,53,Down,Don't Let Me Down,The Chainsmokers,1074270,https://i.scdn.co/image/ab67616d0000485108d87fb54859bc9038f7e5e0,https://open.spotify.com/track/0QsvXIfqM0zZoerQfsI9lm
53,2017-01-28,54,Up,El Amante,Nicky Jam,1068336,https://i.scdn.co/image/ab67616d00004851d77dbcd4dbd37cdfa61771fa,https://open.spotify.com/track/3umS4y3uQDkqekNjVpiRUs
54,2017-01-28,55,Down,Don't Leave,Snakehips,1045723,https://i.scdn.co/image/ab67616d00004851b72a28b6f92b180a8a423e29,https://open.spotify.com/track/0Zx8khUcEfCFK2AEoIhC92
55,2017-01-28,56,Flat,"CAN'T STOP THE FEELING! (Original Song from DreamWorks Animation's ""TROLLS"")",Justin Timberlake,1021664,https://i.scdn.co/image/ab67616d00004851ef37416970812293c08e8a78,https://open.spotify.com/track/6JV2JOEocMgcZxYSZelKcc
56,2017-01-28,57,Up,Human,Rag'n'Bone Man,1004073,https://i.scdn.co/image/ab67616d0000485190a788beadaad34ff684d3ec,https://open.spotify.com/track/58zsLZPvfflaiIbNWoA22O
57,2017-01-28,58,Down,iSpy (feat. Lil Yachty),KYLE,999128,https://i.scdn.co/image/ab67616d0000485132e373f2988bc6596a542d1c,https://open.spotify.com/track/2EEeOnHehOozLq4aS0n6SL
58,2017-01-28,59,Down,We Don't Talk Anymore,Charlie Puth,980014,https://i.scdn.co/image/ab67616d00004851c0e28105f0533c52717c46c2,https://open.spotify.com/track/68EMU2RD1ECNeOeJ5qAXCV
59,2017-01-28,60,Up,Sunset Lover,Petit Biscuit,942600,https://i.scdn.co/image/ab67616d00004851014080d39d56c94c0b285362,https://open.spotify.com/track/0hNduWmlWmEmuwEFcYvRu1
60,2017-01-28,61,Up,Broccoli (feat. Lil Yachty),DRAM,929625,https://i.scdn.co/image/ab67616d00004851f02a1575a59bd05998826351,https://open.spotify.com/track/7yyRTcZmCiyzzJlNzGC9Ol
61,2017-01-28,62,Up,Water Under the Bridge,Adele,916455,https://i.scdn.co/image/ab67616d000048514c3bbcff5e7248e415548f12,https://open.spotify.com/track/4vb4mFvYsr2h6enhjJsq9Y
62,2017-01-28,63,Flat,Lot to Learn,Luke Christopher,911559,https://i.scdn.co/image/ab67616d000048513f0bd8f231c9b6433be929b1,https://open.spotify.com/track/3TRFq09DUgYj1mug6RRqJW
63,2017-01-28,64,Up,Vente Pa' Ca,Ricky Martin,908049,https://i.scdn.co/image/ab67616d000048513d90f5938459be40b7b6652a,https://open.spotify.com/track/7DM4BPaS7uofFul3ywMe46
64,2017-01-28,65,Up,Sexual,NEIKED,900396,https://i.scdn.co/image/ab67616d000048519c5e27aff6792af94e972af9,https://open.spotify.com/track/3AsAuGTaDQzavZZThyYlop
65,2017-01-28,66,Up,I Got You,Bebe Rexha,877133,https://i.scdn.co/image/ab67616d00004851809adcbcfe88c94fd2a706c1,https://open.spotify.com/track/1FUViuNSldssMIawrOXF2i
66,2017-01-28,67,Down,Make Me (Cry),Noah Cyrus,864879,https://i.scdn.co/image/ab67616d00004851bf2ec8b87525fbd01fb0111f,https://open.spotify.com/track/2BrzlUj1u1CtvaJDGIKpsP
67,2017-01-28,68,Up,Touch,Little Mix,845439,https://i.scdn.co/image/ab67616d000048512318bbb0586903290db2b270,https://open.spotify.com/track/5Ua3GXyHwiSfpNTMjq6m2z
68,2017-01-28,69,Down,Photograph,Ed Sheeran,841739,https://i.scdn.co/image/ab67616d00004851d08209944468440145f01524,https://open.spotify.com/track/6fxVffaTuwjgEk5h9QyRjy
69,2017-01-28,70,Up,I Took A Pill In Ibiza - Seeb Remix,Mike Posner,836064,https://i.scdn.co/image/ab67616d0000485140512e02a594e3378c0256e6,https://open.spotify.com/track/17Fd6Yb7mSbinKG8LoWfFl
70,2017-01-28,71,Down,Party Monster,The Weeknd,821582,https://i.scdn.co/image/6aeaaebcbd861c8369b14366e8e0eca2fe96055d,https://open.spotify.com/track/4F7A0DXBrmUAkp32uenhZt
71,2017-01-28,72,Up,You Don't Know Me - Radio Edit,Jax Jones,811767,https://i.scdn.co/image/ab67616d00004851dd05a1716e2f07a07b8ccfe3,https://open.spotify.com/track/00lNx0OcTJrS3MKHcB80HY
72,2017-01-28,73,Flat,The Mack,Nevada,790317,https://i.scdn.co/image/ab67616d00004851746ac799032f9af9c5268332,https://open.spotify.com/track/7aV2mflaASUmGhCErm7kBO
73,2017-01-28,74,Flat,Cheap Thrills,Sia,774441,https://i.scdn.co/image/ab67616d0000485149e0134c686547c28b7c999f,https://open.spotify.com/track/27SdWb2rFzO6GWiYDBTD9j
74,2017-01-28,75,Up,Vacaciones,Wisin,770829,https://i.scdn.co/image/ab67616d00004851c85f0d16973e9dae6f8a786c,https://open.spotify.com/track/3dQDid3IUNhZy1OehIfYfE
75,2017-01-28,76,Down,The Greatest,Sia,766324,https://i.scdn.co/image/ab67616d00004851754b2fddebe7039fdb912837,https://open.spotify.com/track/7xHWNBFm6ObGEQPaUxHuKO
76,2017-01-28,77,Up,"Ay Mi Dios (feat. Pitbull, Yandel & Chacal)",IAmChino,764355,https://i.scdn.co/image/ab67616d000048511568fbc07414eb185c58ef62,https://open.spotify.com/track/6stYbAJgTszHAHZMPxWWCY
77,2017-01-28,78,Down,Lighthouse - Andrelli Remix,Hearts & Colors,762458,https://i.scdn.co/image/d19cc054c261b243b0663223cf69bc256d700f07,https://open.spotify.com/track/04CttTezSnv71USiiG9mIo
78,2017-01-28,79,Up,No Lie,Sean Paul,759307,https://i.scdn.co/image/ab67616d000048514782809e4cd19cefc99048f7,https://open.spotify.com/track/3cFsmM51N5zMAuu1nNY4Tw
79,2017-01-28,80,Down,Redbone,Childish Gambino,757336,https://i.scdn.co/image/ab67616d000048510b97e56ffad7c6211aa848f8,https://open.spotify.com/track/3kxfsdsCpFgN412fpnW85Y
80,2017-01-28,81,Up,Ride,Twenty One Pilots,755540,https://i.scdn.co/image/ab67616d00004851de03bfc2991fd5bcfde65ba3,https://open.spotify.com/track/2Z8WuEywRWYTKe1NybPQEW
81,2017-01-28,82,Down,This Is What You Came For,Calvin Harris,754129,https://i.scdn.co/image/ab67616d00004851d9aa52355e062f5de060adbf,https://open.spotify.com/track/0azC730Exh71aQlOt9Zj3y
82,2017-01-28,83,Down,X (feat. Future),21 Savage,747788,https://i.scdn.co/image/ab67616d000048512dd1ac4a61495080ef8f78ca,https://open.spotify.com/track/6fwdbPMwP1zVStm8FybmkO
83,2017-01-28,84,Down,It's Gotta Be You,Isaiah,747513,https://i.scdn.co/image/ab67616d00004851d43b5e86edff2089b91357e6,https://open.spotify.com/track/6cAKeFFYW2aClZSUyvqAEW
84,2017-01-28,85,Up,Perfect Strangers,Jonas Blue,745573,https://i.scdn.co/image/ab67616d0000485179882e87678a76bc1d895e94,https://open.spotify.com/track/1CUVN2kn7mW5FjkqXTR2W1
85,2017-01-28,86,Up,Panda,Desiigner,739499,https://i.scdn.co/image/ab67616d000048513df69bfb7713d8262820612b,https://open.spotify.com/track/5OOkp4U9P9oL23maHFHL1h
86,2017-01-28,87,Up,September Song,JP Cooper,734272,https://i.scdn.co/image/ab67616d000048511400ec742ee0935608e30700,https://open.spotify.com/track/0FuTx2s3YH1ppmtiM6l0zI
87,2017-01-28,88,Up,Stressed Out,Twenty One Pilots,721546,https://i.scdn.co/image/ab67616d00004851de03bfc2991fd5bcfde65ba3,https://open.spotify.com/track/3CRDbSIZ4r5MsZ0YwxuEkn
88,2017-01-28,89,Down,Thinking out Loud,Ed Sheeran,713186,https://i.scdn.co/image/ab67616d00004851d08209944468440145f01524,https://open.spotify.com/track/1Slwb6dOYkBlWal1PGtnNg
89,2017-01-28,90,Up,Me Llamas (feat. Maluma) - Remix,Piso 21,712666,https://i.scdn.co/image/ab67616d000048511e1eafb5d2bb1ca39d26f092,https://open.spotify.com/track/5hEM0JchdVzQ5PwvSfITeX
90,2017-01-28,91,Down,Steady 1234 (feat. Jasmine Thompson & Skizzy Mars),Vice,709615,https://i.scdn.co/image/ab67616d000048516c3742dff9593add7c590e85,https://open.spotify.com/track/40UroIGvsMPLPBYwH8rMNA
91,2017-01-28,92,Flat,Faded,Alan Walker,707499,https://i.scdn.co/image/ab67616d00004851c4d00cac55ae1b4598c9bc90,https://open.spotify.com/track/7gHs73wELdeycvS48JfIos
92,2017-01-28,93,Flat,Too Good,Drake,707211,https://i.scdn.co/image/ab67616d00004851726abca207567d5e41cb9667,https://open.spotify.com/track/11KJSRSgaDxqydKYiD2Jew
93,2017-01-28,94,Up,La Bicicleta,Carlos Vives,704695,https://i.scdn.co/image/ab67616d00004851d05d3aad30c5fb7614893cf5,https://open.spotify.com/track/0sXvAOmXgjR2QUqLK1MltU
94,2017-01-28,95,Up,Dile Que Tu Me Quieres,Ozuna,701984,https://i.scdn.co/image/ab67616d0000485133bbd31551e01896f58d688f,https://open.spotify.com/track/20ZAJdsKB5IGbGj4ilRt2o
95,2017-01-28,96,Down,Deja Vu,J. Cole,701363,https://i.scdn.co/image/fff50a2874dae97e76d3a78e55771d7c59719928,https://open.spotify.com/track/6I6NX6tjGsxFAsIfGzY9lJ
96,2017-01-28,97,Up,Work from Home (feat. Ty Dolla $ign),Fifth Harmony,699659,https://i.scdn.co/image/ab67616d00004851d03fa6f4e758282b7920b5c8,https://open.spotify.com/track/4tCtwWceOPWzenK2HAIJSb
97,2017-01-28,98,Up,Traicionera,Sebastian Yatra,684153,https://i.scdn.co/image/ab67616d00004851dbe5e9f934a9be5db8884c52,https://open.spotify.com/track/5J1c3M4EldCfNxXwrwt8mT
98,2017-01-28,99,Flat,Sorry,Justin Bieber,679965,https://i.scdn.co/image/ab67616d00004851b6d9a4fbb0bd49f0f034aead,https://open.spotify.com/track/69bp2EbF7Q2rqc5N3ylezZ
99,2017-01-28,100,Up,Kelly Price (feat. Travis Scott),Migos,678589,https://i.scdn.co/image/ab67616d0000485199a8ab6da9d593939302828a,https://open.spotify.com/track/204U3zjm9kkzX25Pr4Rdld
100,2017-01-28,101,Up,Versace on the Floor,Bruno Mars,678211,https://i.scdn.co/image/ab67616d00004851232711f7d66a1e19e89e28c5,https://open.spotify.com/track/0kN8xEmgMW9mh7UmDYHlJP
101,2017-01-28,102,Down,"i hate u, i love u (feat. olivia o'brien)",gnash,676377,https://i.scdn.co/image/ab67616d0000485108862f843ea27f44f8e8cbd8,https://open.spotify.com/track/7vRriwrloYVaoAe3a9wJHe
102,2017-01-28,103,Up,"Sucker For Pain (with Wiz Khalifa, Imagine Dragons, Logic & Ty Dolla $ign feat. X Ambassadors)",Lil Wayne,662624,https://i.scdn.co/image/ab67616d000048517d8dfcfd507069d7f2062caf,https://open.spotify.com/track/4dASQiO1Eoo3RJvt74FtXB
103,2017-01-28,104,Down,So Good (feat. Ty Dolla $ign),Zara Larsson,660884,https://i.scdn.co/image/ab67616d000048519e1683774b22648f4f178ed3,https://open.spotify.com/track/54LGxQGf5LPXNGjtzDZ5IE
104,2017-01-28,105,Down,Call Casting,Migos,660281,https://i.scdn.co/image/ab67616d0000485199a8ab6da9d593939302828a,https://open.spotify.com/track/0jOfl1nZf6sVBTG08Q4brn
105,2017-01-28,106,Down,Love Yourself,Justin Bieber,658436,https://i.scdn.co/image/ab67616d00004851b6d9a4fbb0bd49f0f034aead,https://open.spotify.com/track/3hB5DgAiMAQ4DzYbsMq1IT
106,2017-01-28,107,Down,Some Kind Of Drug,G-Eazy,651411,https://i.scdn.co/image/ab67616d0000485198acfa8c055deedc25e6081d,https://open.spotify.com/track/1Bqxj0aH5KewYHKUg1IdrF
107,2017-01-28,108,Up,No Heart,21 Savage,648961,https://i.scdn.co/image/ab67616d000048512dd1ac4a61495080ef8f78ca,https://open.spotify.com/track/4gmmRb6bZJffOOiww1JGTO
108,2017-01-28,109,Down,Chill Bill,Rob $tone,648928,https://i.scdn.co/image/ab67616d000048516f3e9696889a2425338e0836,https://open.spotify.com/track/5uDASfU19gDxSjW8cnCaBp
109,2017-01-28,110,Down,Trust Nobody (feat. Selena Gomez & Tory Lanez),Cashmere Cat,642967,https://i.scdn.co/image/ab67616d00004851e53443feca656fafbbbae361,https://open.spotify.com/track/2wDjpPW3HZdA9quPPmZAMu
110,2017-01-28,111,Down,Get Right Witcha,Migos,625199,https://i.scdn.co/image/ab67616d0000485199a8ab6da9d593939302828a,https://open.spotify.com/track/76Y0gxtTxN0FyDCYh5qYQj
111,2017-01-28,112,Up,Cake - Challenge Version,Flo Rida,625129,https://i.scdn.co/image/ab67616d00004851b765afdf5f6a2bc83eb5f378,https://open.spotify.com/track/6t2ubAB4iSYOuIpRAOGd4t
112,2017-01-28,113,Up,Sneakin’,Drake,623432,https://i.scdn.co/image/8b1f6991ae1192e214374d14d918140d04dbd8a7,https://open.spotify.com/track/4ckuS4Nj4FZ7i3Def3Br8W
113,2017-01-28,114,Up,Shout Out to My Ex,Little Mix,613038,https://i.scdn.co/image/ab67616d000048512318bbb0586903290db2b270,https://open.spotify.com/track/0YHUITU3w6ws1v8ehT264g
114,2017-01-28,115,Up,Hymn for the Weekend - Seeb Remix,Coldplay,611798,https://i.scdn.co/image/ab67616d00004851e42f212796979596843a7376,https://open.spotify.com/track/1OAiWI2oPmglaOiv9fdioU
115,2017-01-28,116,Up,Light,San Holo,609767,https://i.scdn.co/image/ab67616d000048514452e79f2bfa40e105e7c029,https://open.spotify.com/track/7zTx8ePYAmPFQuxP3xlXZn
116,2017-01-28,117,Up,Work,Rihanna,606703,https://i.scdn.co/image/ab67616d000048510ed05634a469e5cf4789b0a7,https://open.spotify.com/track/14WWzenpaEgQZlqPq2nk4v
117,2017-01-28,118,Up,Controlla,Drake,606408,https://i.scdn.co/image/ab67616d00004851726abca207567d5e41cb9667,https://open.spotify.com/track/6F609ICg9Spjrw1epsAnpa
118,2017-01-28,119,Down,Slippery (feat. Gucci Mane),Migos,604101,https://i.scdn.co/image/ab67616d0000485199a8ab6da9d593939302828a,https://open.spotify.com/track/6p8NuHm8uCGnn2Dtbtf7zE
119,2017-01-28,120,Up,The Ocean (feat. Shy Martin),Mike Perry,599271,https://i.scdn.co/image/ab67616d000048517f401862bfe87b552a75308d,https://open.spotify.com/track/2CPqh63wRVscbceKcPxwvv
120,2017-01-28,121,Down,Setting Fires,The Chainsmokers,598631,https://i.scdn.co/image/ab67616d000048519e076dc24d45c52fbf7232bb,https://open.spotify.com/track/0B8B8cVRFIG1yznoQe7c9s
121,2017-01-28,122,Up,History,Olivia Holt,596814,https://i.scdn.co/image/ab67616d000048519e21eab426152ef9078d6b94,https://open.spotify.com/track/0WCEaydwN65cvwaW8aqptF
122,2017-01-28,123,Up,Swang,Rae Sremmurd,593365,https://i.scdn.co/image/16293ab3b4f9301aeb5f41810fd7056d463db55e,https://open.spotify.com/track/6mapJIPnQ23RTAevUoE0DL
123,2017-01-28,124,Up,Needed Me,Rihanna,593204,https://i.scdn.co/image/ddc285ca9817c96c7719b3f2a759e108787db021,https://open.spotify.com/track/1Tt4sE4pXi57mTD1GCzsqm
124,2017-01-28,125,Up,Shaky Shaky,Daddy Yankee,586700,https://i.scdn.co/image/ab67616d00004851f0b25154a0858db46415fbe7,https://open.spotify.com/track/58IL315gMSTD37DOZPJ2hf
125,2017-01-28,126,Down,Light It Up (feat. Nyla & Fuse ODG) - Remix,Major Lazer,584874,https://i.scdn.co/image/ab67616d00004851751a2e5da4333e86814026ba,https://open.spotify.com/track/0L7loeTIg6akW84aEQZpCT
126,2017-01-28,127,Down,Not Going Home,DVBBS,584551,https://i.scdn.co/image/ab67616d000048519e48219a58924f86b6ab1137,https://open.spotify.com/track/042x9bsUBWW2fJgJ6fUh61
127,2017-01-28,128,Flat,Capsize,FRENSHIP,583121,https://i.scdn.co/image/ab67616d00004851670048174db73ef55039c7bf,https://open.spotify.com/track/2XMTqoHHSH0lvuXrvIEdco
128,2017-01-28,129,Up,Fresh Eyes,Andy Grammer,575981,https://i.scdn.co/image/ab67616d0000485158dd2ff215d3baa7d4bd194f,https://open.spotify.com/track/4nMlau89VAjmV7agkl7OY3
129,2017-01-28,130,Up,Cake By The Ocean,DNCE,569951,https://i.scdn.co/image/ab67616d00004851a19a2912e1618ada66b2e6e8,https://open.spotify.com/track/2aFiaMXmWsM3Vj72F9ksBl
130,2017-01-28,131,Flat,Love On The Brain,Rihanna,558534,https://i.scdn.co/image/ddc285ca9817c96c7719b3f2a759e108787db021,https://open.spotify.com/track/2aksifNn5ph8igDOkPBA02
131,2017-01-28,132,Up,This Girl (Kungs Vs. Cookin' On 3 Burners) - Kungs Vs. Cookin' On 3 Burners,Kungs,553340,https://i.scdn.co/image/ab67616d00004851f504cc56f3bd99bc61929272,https://open.spotify.com/track/0tICYNayWWhH9GPeFrfjfD
132,2017-01-28,133,Up,Love on Me,Galantis,552617,https://i.scdn.co/image/ab67616d000048510018d9ed29666f655586bccc,https://open.spotify.com/track/2MHCiOohBZEQuLgDTPvSzF
133,2017-01-28,134,Flat,7 Years,Lukas Graham,552235,https://i.scdn.co/image/ab67616d0000485104d59cefa11f0eee9f1877a5,https://open.spotify.com/track/7129iqBafaphfc3WPCGC0L
134,2017-01-28,135,Up,Oceans Away,A R I Z O N A,543442,https://i.scdn.co/image/ab67616d0000485150a25f1cb71018982b81ca2b,https://open.spotify.com/track/6A8dnC0xkiuWN4BshmTB2I
135,2017-01-28,136,Up,Andas En Mi Cabeza,Chino & Nacho,538752,https://i.scdn.co/image/ab67616d0000485166dad4487da6fc0dced2d0c6,https://open.spotify.com/track/5mey7CLLuFToM2P68Qu1gF
136,2017-01-28,137,Down,Six Feet Under,The Weeknd,538348,https://i.scdn.co/image/6aeaaebcbd861c8369b14366e8e0eca2fe96055d,https://open.spotify.com/track/4mU5iXHeLgbR94siF7p1sY
137,2017-01-28,138,Up,This Town,Niall Horan,537470,https://i.scdn.co/image/ab67616d00004851cad02035314b784b53570eac,https://open.spotify.com/track/5nA67Y0XX9JipZwYxX7Gl7
138,2017-01-28,139,Flat,That's What I Like,Bruno Mars,531491,https://i.scdn.co/image/ab67616d00004851232711f7d66a1e19e89e28c5,https://open.spotify.com/track/0KKkJNfGyhkQ5aFogxQAPU
139,2017-01-28,140,Up,Into You,Ariana Grande,525767,https://i.scdn.co/image/ab67616d000048517227f5854239a059af211d5b,https://open.spotify.com/track/7yHEDfrJNd0zWOfXwydNH0
140,2017-01-28,141,Down,Romantic - NOTD Remix,Stanaj,525492,https://i.scdn.co/image/ab67616d000048517861e14b4da5cfac6fb0c65b,https://open.spotify.com/track/3SGWp9fJCzgK0WcpcKSQdy
141,2017-01-28,142,Down,Final Song,MØ,525182,https://i.scdn.co/image/ab67616d00004851b7a02217229178b771ed0d4c,https://open.spotify.com/track/4qqArAiTPueDxIp7cf87h7
142,2017-01-28,143,Up,pick up the phone,Young Thug,523029,https://i.scdn.co/image/ab67616d00004851f54b99bf27cda88f4a7403ce,https://open.spotify.com/track/20dP2DaMHIAmwWAbp7peSr
143,2017-01-28,144,Up,Middle,DJ Snake,513090,https://i.scdn.co/image/ab67616d000048515045de6786e0af096de73ed4,https://open.spotify.com/track/4OZEu0Vwq0RB2LAq14v99n
144,2017-01-28,145,Up,Gyal You A Party Animal - Remix,Charly Black,512827,https://i.scdn.co/image/ab67616d0000485131a026a9d39e08006ddfb138,https://open.spotify.com/track/1AkTW13ysu0AJrwuM6UY0I
145,2017-01-28,146,Up,Lean On (feat. MØ & DJ Snake),Major Lazer,512382,https://i.scdn.co/image/ab67616d000048519f55dad3a63f72f1bc8d6f59,https://open.spotify.com/track/4WjH9Bzt3kx7z8kl0awxh4
146,2017-01-28,147,Up,Juju On That Beat (TZ Anthem),Zay Hilfigerrr,511561,https://i.scdn.co/image/ab67616d00004851186678fe32d915298c28d576,https://open.spotify.com/track/1lItf5ZXJc1by9SbPeljFd
147,2017-01-28,148,Down,Sidewalks,The Weeknd,509939,https://i.scdn.co/image/6aeaaebcbd861c8369b14366e8e0eca2fe96055d,https://open.spotify.com/track/4h90qkbnW1Qq6pBhoPvwko
148,2017-01-28,149,Up,Fast Car,Jonas Blue,505057,https://i.scdn.co/image/ab67616d000048515cf78b9932b45387375528eb,https://open.spotify.com/track/6OZh916QF8XNunWaP97WEZ
149,2017-01-28,150,Up,DUELE EL CORAZON,Enrique Iglesias,502384,https://i.scdn.co/image/ab67616d0000485113dae8008773aede4a979a7d,https://open.spotify.com/track/6YZdkObH88npeKrrkb8Ggf
150,2017-01-28,151,Up,"Sola (Remix) [feat. Daddy Yankee, Wisin, Farruko, Zion & Lennox]",Anuel AA,498983,https://i.scdn.co/image/ab67616d00004851a66def7d649149464edc8f1e,https://open.spotify.com/track/5q2JbCNi4FcnglgPfxcV65
151,2017-01-28,152,Down,Culture (feat. DJ Khaled),Migos,494122,https://i.scdn.co/image/ab67616d0000485199a8ab6da9d593939302828a,https://open.spotify.com/track/4oLuMvGQ4WJfU2s4OM6nfE
152,2017-01-28,153,Down,You Was Right,Lil Uzi Vert,491279,https://i.scdn.co/image/ab67616d000048518be07181aa935225a6f25d56,https://open.spotify.com/track/2ANLarE8yHVsLWW21nj79M
153,2017-01-28,154,Down,Congratulations,Post Malone,490077,https://i.scdn.co/image/23bae95100dcb6ac8f88c19fa2a11c50a998a926,https://open.spotify.com/track/3a1lNhkSLSkpJE4MSHpDu9
154,2017-01-28,155,Flat,goosebumps,Travis Scott,490028,https://i.scdn.co/image/ab67616d00004851f54b99bf27cda88f4a7403ce,https://open.spotify.com/track/6gBFPUFcJLzWGx4lenP6h2
155,2017-01-28,156,Down,The Other,Lauv,488434,https://i.scdn.co/image/ab67616d000048513c6e07056b26bb9804a596da,https://open.spotify.com/track/1lntL1cI2UIWlxjL5QiN8g
156,2017-01-28,157,Down,No Problem (feat. Lil Wayne & 2 Chainz),Chance the Rapper,487847,https://i.scdn.co/image/ab67616d00004851e71dd15fc5bdefd5bff70452,https://open.spotify.com/track/0v9Wz8o0BT8DU38R4ddjeH
157,2017-01-28,158,Down,Moves,Big Sean,486016,https://i.scdn.co/image/695d0c097d8463ccc2c2b9855fe44e3e9e7bc267,https://open.spotify.com/track/0Fv5N0cHBsl4bzCbollCAS
158,2017-01-28,159,Up,"City Of Stars - From ""La La Land"" Soundtrack",Ryan Gosling,485631,https://i.scdn.co/image/ab67616d00004851c52819227025b9097fd0bf8f,https://open.spotify.com/track/0LtVx5vsq9nfpGsWgjUin6
159,2017-01-28,160,Down,Send My Love (To Your New Lover),Adele,483743,https://i.scdn.co/image/ab67616d000048514c3bbcff5e7248e415548f12,https://open.spotify.com/track/4BHzQ9C00ceJxfG16AlNWb
160,2017-01-28,161,Up,Te Quiero Pa´Mi,Don Omar,479273,https://i.scdn.co/image/ab67616d00004851d0cb2a58e3bf5d7ac5ece16f,https://open.spotify.com/track/3BY2mafsbsoKGqS380Xnuz
161,2017-01-28,162,Up,Borro Cassette,Maluma,479177,https://i.scdn.co/image/ab67616d000048513c3acd23605ccd1a9fd038bd,https://open.spotify.com/track/6DUdDIRgLqCGq1DwkNWQTN
162,2017-01-28,163,Down,Dancing On My Own,Calum Scott,477900,https://i.scdn.co/image/ab67616d000048511867ffdead655859c87dacc2,https://open.spotify.com/track/02WacdrRpm4zlP8H7X6bnQ
163,2017-01-28,164,Flat,Love$ick,Mura Masa,474283,https://i.scdn.co/image/ab67616d0000485157da025deec1abbef50e4b31,https://open.spotify.com/track/5v9N8Rx3QsFvr50cxyQcA3
164,2017-01-28,165,Up,Chillax (feat. Ky-Mani Marley),Farruko,472021,https://i.scdn.co/image/ab67616d00004851118504cbeaf4187aaa601395,https://open.spotify.com/track/1lxswgIpzV6HhENRvkflES
165,2017-01-28,166,Down,"Me, Myself & I",G-Eazy,468079,https://i.scdn.co/image/ab67616d0000485198acfa8c055deedc25e6081d,https://open.spotify.com/track/40YcuQysJ0KlGQTeGUosTC
166,2017-01-28,167,Up,Cuatro Babys,Maluma,466640,https://i.scdn.co/image/ab67616d00004851638d3cdf37fa447977e29e94,https://open.spotify.com/track/0JoHqmlqE0W0i9prt6kcHR
167,2017-01-28,168,Down,Both (feat. Drake),Gucci Mane,465471,https://i.scdn.co/image/ab67616d000048518c75413c7f38b3f512a75b35,https://open.spotify.com/track/5tFep7dXGd7vEJ668wTPux
168,2017-01-28,169,Down,Hello,Adele,462530,https://i.scdn.co/image/ab67616d000048514c3bbcff5e7248e415548f12,https://open.spotify.com/track/4sPmO7WMQUAf45kwMOtONw
169,2017-01-28,170,Up,Cocoon,Milky Chance,461574,https://i.scdn.co/image/ab67616d00004851f1b313d02bd130b1bc320afd,https://open.spotify.com/track/0L87MffumRNWrY2SNUFcvs
170,2017-01-28,171,Down,What The Price,Migos,458990,https://i.scdn.co/image/ab67616d0000485199a8ab6da9d593939302828a,https://open.spotify.com/track/7sO0dVFCfixpLshm4daMH3
171,2017-01-28,172,Up,Stitches,Shawn Mendes,455592,https://i.scdn.co/image/ab67616d0000485147710f5e89677e4d048e744c,https://open.spotify.com/track/1WP1r7fuvRqZRnUaTi2I1Q
172,2017-01-28,173,Down,"Lose Yourself - From ""8 Mile"" Soundtrack",Eminem,454824,https://i.scdn.co/image/36440dfd440d23086573d62a32def35ecc42f111,https://open.spotify.com/track/5Z01UMMf7V1o0MzF86s6WJ
173,2017-01-28,174,Up,Sex,Cheat Codes,453574,https://i.scdn.co/image/3b6152419e1f09563b17835100766da08426ec66,https://open.spotify.com/track/5DA77EqppDmCTWGovd4oTP
174,2017-01-28,175,Down,Taped up Heart (feat. Clara Mae),KREAM,451999,https://i.scdn.co/image/ab67616d000048519e4c024fb45d7a2b84af90bd,https://open.spotify.com/track/26hcyzSE154xMZCbFdtInA
175,2017-01-28,176,Down,PILLOWTALK,ZAYN,450201,https://i.scdn.co/image/ab67616d00004851a15e26d05b7ce776b566579d,https://open.spotify.com/track/0PDUDa38GO8lMxLCRc4lL1
176,2017-01-28,177,Down,Roses,The Chainsmokers,449652,https://i.scdn.co/image/ab67616d0000485108d87fb54859bc9038f7e5e0,https://open.spotify.com/track/6O6M7pJLABmfBRoGZMu76Y
177,2017-01-28,178,Down,Brown Paper Bag,Migos,440826,https://i.scdn.co/image/ab67616d0000485199a8ab6da9d593939302828a,https://open.spotify.com/track/5wihevBA7MO9PNYyWyTfkh
178,2017-01-28,179,Up,What Do You Mean?,Justin Bieber,439997,https://i.scdn.co/image/ab67616d00004851b6d9a4fbb0bd49f0f034aead,https://open.spotify.com/track/3pzjHKrQSvXGHQ98dx18HI
179,2017-01-28,180,Up,The Hills,The Weeknd,430843,https://i.scdn.co/image/ab67616d00004851aac98daa18e4edf54d7a0a70,https://open.spotify.com/track/25khomWgBVamSdKw7hzm3l
180,2017-01-28,181,Up,Hotline Bling,Drake,429151,https://i.scdn.co/image/ab67616d00004851726abca207567d5e41cb9667,https://open.spotify.com/track/2FBUoWkIuQXwayw2RNo5l6
181,2017-01-28,182,Down,No Role Modelz,J. Cole,428222,https://i.scdn.co/image/ab67616d000048516aca031ccc27d2e4dd829d14,https://open.spotify.com/track/62vpWI1CHwFy7tMIcSStl8
182,2017-01-28,183,Down,Let It Go,James Bay,427206,https://i.scdn.co/image/abcbe01d6557c60388e976c9a535f26f73fcbf09,https://open.spotify.com/track/13HVjjWUZFaWilh2QUJKsP
183,2017-01-28,184,Up,Used to This,Future,426070,https://i.scdn.co/image/ab67616d00004851e0b64c8be3c4e804abcb2696,https://open.spotify.com/track/78sr3ogs4UzITcCNbXM9cM
184,2017-01-28,185,Up,Low Life,Future,426063,https://i.scdn.co/image/ab67616d00004851626745b3aa04899001a924ad,https://open.spotify.com/track/7EiZI6JVHllARrX9PUvAdX
185,2017-01-28,186,Down,Never Be Like You,Flume,422937,https://i.scdn.co/image/ab67616d000048519eca0fdd60e06268050103e5,https://open.spotify.com/track/12REd1n8PeiHHWOh066tpr
186,2017-01-28,187,New,Manicomio,Cosculluela,421553,https://i.scdn.co/image/ab67616d000048513a1b17f6ceff28931bc7c4f0,https://open.spotify.com/track/3n58u3LOFw8mITLvfPvQBz
187,2017-01-28,188,Up,Jumpman,Drake,420804,https://i.scdn.co/image/d4b8cf869e0b9fa7aea9a3dc569a935edb78840c,https://open.spotify.com/track/27GmP9AWRs744SzKcpJsTZ
188,2017-01-28,189,Up,Ain't My Fault,Zara Larsson,420765,https://i.scdn.co/image/ab67616d000048519e1683774b22648f4f178ed3,https://open.spotify.com/track/0ADG9OgdVTL7fgREP75BrZ
189,2017-01-28,190,Flat,"Another Day Of Sun - From ""La La Land"" Soundtrack",La La Land Cast,419692,https://i.scdn.co/image/ab67616d000048512a307d64201d08144f68cc49,https://open.spotify.com/track/0zCfmceT1YvtZXGbR6Roht
190,2017-01-28,191,Down,Lush Life,Zara Larsson,415467,https://i.scdn.co/image/ab67616d000048519e1683774b22648f4f178ed3,https://open.spotify.com/track/1rIKgCH4H52lrvDcz50hS8
191,2017-01-28,192,New,Deu Onda,MC G15,412891,https://i.scdn.co/image/ab67616d000048518b4b30be47d016b7122dc88c,https://open.spotify.com/track/0EPxmvsG1BY5td4aTOkWBF
192,2017-01-28,193,Up,Party,Chris Brown,412310,https://i.scdn.co/image/ab67616d0000485109678e7a7fd4150585af8987,https://open.spotify.com/track/05Z7jet4VDNVgNQWcYHnrk
193,2017-01-28,194,New,Traicionera - Remix,Sebastian Yatra,408379,https://i.scdn.co/image/ab67616d00004851b94c9432898409d9447820b8,https://open.spotify.com/track/2webQDZmtGioeu3zUUi9We
194,2017-01-28,195,Up,Let Her Go,Passenger,407936,https://i.scdn.co/image/ab67616d000048514566e671e5c947cba3a38436,https://open.spotify.com/track/2jyjhRf6DVbMPU5zxagN2h
195,2017-01-28,196,Flat,Let Me Hold You (Turn Me On),Dante Klein,404902,https://i.scdn.co/image/ab67616d000048517c8b9ddb952a62ac64f66d90,https://open.spotify.com/track/0lmdsH1MIoLsMymnNpd6HU
196,2017-01-28,197,New,No Money,Galantis,400893,https://i.scdn.co/image/ab67616d00004851119cb56f073efd326643dcfe,https://open.spotify.com/track/0gb1J5UrTpzaU1s3nupgCd
197,2017-01-28,198,Down,'Till I Collapse,Eminem,400564,https://i.scdn.co/image/ab67616d00004851ccdb1982626f299b3b1d3efd,https://open.spotify.com/track/6yr8GiTHWvFfi4o6Q5ebdT
198,2017-01-28,199,New,All of Me,John Legend,398517,https://i.scdn.co/image/ab67616d00004851a30a192002427d5d72622dfc,https://open.spotify.com/track/2q6tgiA9tpb6DMguABwCWE
199,2017-01-28,200,New,The Greatest,Sia,395300,https://i.scdn.co/image/ab67616d00004851754b2fddebe7039fdb912837,https://open.spotify.com/track/6bLopGnirdrilrpdVB6Um1
