,Date,Position,Trend,Title,Artist,Streams,Icon_URL,Spotify_URL
0,2017-01-15,1,Flat,Shape of You,Ed Sheeran,6451891,https://i.scdn.co/image/ab67616d00004851ba5db46f4b838ef6027e6f96,https://open.spotify.com/track/7qiZfU4dY1lWllzX7mPBI3
1,2017-01-15,2,Flat,Castle on the Hill,Ed Sheeran,3581077,https://i.scdn.co/image/ab67616d00004851ba5db46f4b838ef6027e6f96,https://open.spotify.com/track/6PCUP3dWmTjcTtXY02oFdT
2,2017-01-15,3,Flat,Starboy,The Weeknd,3203886,https://i.scdn.co/image/ab67616d000048510c8599cbde51245c128bcea9,https://open.spotify.com/track/5aAx2yezTd8zXrkmtKl66Z
3,2017-01-15,4,Up,"I Don’t Wanna Live Forever (Fifty Shades Darker) - From ""Fifty Shades Darker (Original Motion Picture Soundtrack)""",ZAYN,3087541,https://i.scdn.co/image/ab67616d000048512ae921f082ae5db4d3da818f,https://open.spotify.com/track/3NdDpSvN911VPGivFlV5d0
4,2017-01-15,5,Up,Paris,The Chainsmokers,3025149,https://i.scdn.co/image/ab67616d000048510c13d3d5a503c84fcc60ae94,https://open.spotify.com/track/72jbDTw1piOOj770jWNeaG
5,2017-01-15,6,Down,Rockabye (feat. Sean Paul & Anne-Marie),Clean Bandit,2983295,https://i.scdn.co/image/ab67616d000048511431c3bdf16aa99f71799d95,https://open.spotify.com/track/5knuzwU65gJK7IF5yJsuaW
6,2017-01-15,7,Down,Closer,The Chainsmokers,2643320,https://i.scdn.co/image/ab67616d00004851495ce6da9aeb159e94eaa453,https://open.spotify.com/track/7BKLCZ1jbUBVqRi2FVlTVw
7,2017-01-15,8,Up,Say You Won't Let Go,James Arthur,2522282,https://i.scdn.co/image/ab67616d0000485120beb61f61fcbeb33b10a9ab,https://open.spotify.com/track/5uCax9HTNlzGybIStD3vDh
8,2017-01-15,9,Flat,Fake Love,Drake,2488201,https://i.scdn.co/image/6dfd956b9331fa9ea1f47ebb95311951ed72b3db,https://open.spotify.com/track/343YBumqHu19cGoGARUTsd
9,2017-01-15,10,Down,Don't Wanna Know,Maroon 5,2439527,https://i.scdn.co/image/ab67616d00004851eec1912bbc2ff74b8203fe5f,https://open.spotify.com/track/5MFzQMkrl1FOOng9tq6R9r
10,2017-01-15,11,Down,I Feel It Coming,The Weeknd,2375510,https://i.scdn.co/image/b3683184efeb899b2d1a02f4957d0c630dc10b0b,https://open.spotify.com/track/5GXAXm5YOmYT0kL5jHvYBt
11,2017-01-15,12,Flat,Bad and Boujee (feat. Lil Uzi Vert),Migos,2228854,https://i.scdn.co/image/ab67616d0000485199a8ab6da9d593939302828a,https://open.spotify.com/track/4Km5HrUvYTaSUfiSGPJeQR
12,2017-01-15,13,Flat,Let Me Love You,DJ Snake,2105394,https://i.scdn.co/image/ab67616d000048515045de6786e0af096de73ed4,https://open.spotify.com/track/4pdPtRcBmOSQDlJ3Fk945m
13,2017-01-15,14,Up,Call On Me - Ryan Riback Extended Remix,Starley,2078459,https://i.scdn.co/image/ab67616d000048519d4079afc73664f86f055400,https://open.spotify.com/track/78rIJddV4X0HkNAInEcYde
14,2017-01-15,15,Down,Chantaje (feat. Maluma),Shakira,2052444,https://i.scdn.co/image/ab67616d00004851d05d3aad30c5fb7614893cf5,https://open.spotify.com/track/6mICuAdrwEjh6Y6lroV2Kg
15,2017-01-15,16,Flat,24K Magic,Bruno Mars,2021160,https://i.scdn.co/image/ab67616d00004851232711f7d66a1e19e89e28c5,https://open.spotify.com/track/6b8Be6ljOzmkOmFslEb23P
16,2017-01-15,17,Flat,Just Hold On,Steve Aoki,1995655,https://i.scdn.co/image/ab67616d0000485122e2ce2de8bad6d67ee69b48,https://open.spotify.com/track/3EmmCZoqpWOTY1g2GBwJoR
17,2017-01-15,18,Up,Bad Things (with Camila Cabello),Machine Gun Kelly,1946292,https://i.scdn.co/image/d5f976093a4dcbc5ea9d4c04b414207f8bdce469,https://open.spotify.com/track/1PSBzsahR2AKwLJgx8ehBj
18,2017-01-15,19,Down,Black Beatles,Rae Sremmurd,1811352,https://i.scdn.co/image/16293ab3b4f9301aeb5f41810fd7056d463db55e,https://open.spotify.com/track/6fujklziTHa8uoM5OQSfIo
19,2017-01-15,20,Flat,One Dance,Drake,1640354,https://i.scdn.co/image/ab67616d00004851726abca207567d5e41cb9667,https://open.spotify.com/track/1xznGGDReH1oQq0xzbwXa3
20,2017-01-15,21,Flat,Side To Side,Ariana Grande,1625377,https://i.scdn.co/image/ab67616d000048517227f5854239a059af211d5b,https://open.spotify.com/track/4pLwZjInHj3SimIyN9SnOz
21,2017-01-15,22,Up,Mercy,Shawn Mendes,1623330,https://i.scdn.co/image/ab67616d00004851188e6332f32088921ab1eaf8,https://open.spotify.com/track/4TZy1wLyHec06pwgFYDh1a
22,2017-01-15,23,Down,Cold Water (feat. Justin Bieber & MØ),Major Lazer,1603790,https://i.scdn.co/image/ab67616d000048512e8f1cca2bc8c9d55930523b,https://open.spotify.com/track/6DNtNfH8hXkqOX1sjqmI7p
23,2017-01-15,24,Down,In the Name of Love,Martin Garrix,1561395,https://i.scdn.co/image/ab67616d00004851923db3f255cd48a6d5783ebf,https://open.spotify.com/track/04DwTuZ2VBdJCCC5TROn7L
24,2017-01-15,25,Flat,All We Know,The Chainsmokers,1541214,https://i.scdn.co/image/ab67616d00004851ff8d8c5662a96d41433e9ee1,https://open.spotify.com/track/2rizacJSyD9S1IQUxUxnsK
25,2017-01-15,26,Up,"How Far I'll Go - From ""Moana""",Alessia Cara,1502817,https://i.scdn.co/image/ab67616d00004851fb128b1eda22335050f584fe,https://open.spotify.com/track/5hYTyyh2odQKphUbMqc5gN
26,2017-01-15,27,Flat,All Night,The Vamps,1446777,https://i.scdn.co/image/ab67616d00004851f03c9779c27137669304ea20,https://open.spotify.com/track/1yNyoWWWikbLhwIGWjZuDW
27,2017-01-15,28,Flat,Hear Me Now,Alok,1394326,https://i.scdn.co/image/e308bad29e4cf6dc8aa5cd97449ef71bbb893d40,https://open.spotify.com/track/1a5Yu5L18qNxVhXx38njON
28,2017-01-15,29,Up,Now and Later,Sage The Gemini,1389113,https://i.scdn.co/image/ab67616d0000485182d22e1d83fc1045ad33444a,https://open.spotify.com/track/43jBqV3j3Xi1g6wO0bhIMd
29,2017-01-15,30,Down,I Would Like,Zara Larsson,1379259,https://i.scdn.co/image/ab67616d000048519e1683774b22648f4f178ed3,https://open.spotify.com/track/4Q4jmPHwu0wrJvqrld0FQ6
30,2017-01-15,31,Up,Scars To Your Beautiful,Alessia Cara,1356973,https://i.scdn.co/image/5b9e5bd34ec840f07c8530e43a76b1b5e08d8b77,https://open.spotify.com/track/0prNGof3XqfTvNDxHonvdK
31,2017-01-15,32,Down,My Way,Calvin Harris,1355427,https://i.scdn.co/image/ab67616d000048518d12bc5e3ea5c9f4a967de32,https://open.spotify.com/track/1vvNmPOiUuyCbgWmtc6yfm
32,2017-01-15,33,Up,Love Me Now,John Legend,1336022,https://i.scdn.co/image/ab67616d00004851fa2ba77d93b08258827bd2d2,https://open.spotify.com/track/6nxQdXa1uAL0rY72wPZu89
33,2017-01-15,34,Down,Shed a Light,Robin Schulz,1335995,https://i.scdn.co/image/ab67616d000048517be189f322bc8155c103d6c9,https://open.spotify.com/track/1cG0umU5TKStygKsPFZ9pY
34,2017-01-15,35,Down,Starving,Hailee Steinfeld,1326979,https://i.scdn.co/image/ab67616d00004851612495ee5769c99125031be2,https://open.spotify.com/track/1qOLh0tI7trd1zdDKxYZTe
35,2017-01-15,36,Flat,By Your Side,Jonas Blue,1284441,https://i.scdn.co/image/ab67616d00004851bd4b658f3aead04637924c28,https://open.spotify.com/track/1D3ODoXHBLpdxolZRHWV1j
36,2017-01-15,37,Flat,Heathens,Twenty One Pilots,1259601,https://i.scdn.co/image/ab67616d000048512ca3ba8f334ca5a5f0312efb,https://open.spotify.com/track/6i0V12jOa3mr6uu4WYhUBr
37,2017-01-15,38,Flat,Reggaetón Lento (Bailemos),CNCO,1211949,https://i.scdn.co/image/ab67616d000048517db0f7ac4c612cce26ccacf9,https://open.spotify.com/track/3AEZUABDXNtecAOSC1qTfo
38,2017-01-15,39,Up,Solo Dance,Martin Jensen,1187422,https://i.scdn.co/image/ab67616d00004851950d67dbe3f31f1d9a5d06a2,https://open.spotify.com/track/6HUnnBwYZqcED1eQztxMBN
39,2017-01-15,40,Flat,Treat You Better,Shawn Mendes,1184323,https://i.scdn.co/image/ab67616d00004851188e6332f32088921ab1eaf8,https://open.spotify.com/track/4Hf7WnR761jpxPr5D46Bcd
40,2017-01-15,41,Down,Alone,Alan Walker,1177192,https://i.scdn.co/image/ab67616d00004851f00ade2f88d8223521bc7f76,https://open.spotify.com/track/0JiVRyTJcJnmlwCZ854K4p
41,2017-01-15,42,Down,Don't Let Me Down,The Chainsmokers,1147982,https://i.scdn.co/image/ab67616d0000485108d87fb54859bc9038f7e5e0,https://open.spotify.com/track/0QsvXIfqM0zZoerQfsI9lm
42,2017-01-15,43,Up,Caroline,Aminé,1128425,https://i.scdn.co/image/ab67616d00004851a7f01ef25974c10cdbbd566e,https://open.spotify.com/track/5GFDrUTLGJix84sNhjCG0g
43,2017-01-15,44,Down,Bounce Back,Big Sean,1128031,https://i.scdn.co/image/695d0c097d8463ccc2c2b9855fe44e3e9e7bc267,https://open.spotify.com/track/0SGkqnVQo9KPytSri1H6cF
44,2017-01-15,45,Up,All Time Low,Jon Bellion,1044465,https://i.scdn.co/image/ff06a4138a99d272c24d2f6da9b5ea6067c054db,https://open.spotify.com/track/1CnPYaKxTVb4LWOtiGOm0m
45,2017-01-15,46,Down,"CAN'T STOP THE FEELING! (Original Song from DreamWorks Animation's ""TROLLS"")",Justin Timberlake,1027937,https://i.scdn.co/image/ab67616d00004851ef37416970812293c08e8a78,https://open.spotify.com/track/6JV2JOEocMgcZxYSZelKcc
46,2017-01-15,47,Flat,Broccoli (feat. Lil Yachty),DRAM,1006574,https://i.scdn.co/image/ab67616d00004851f02a1575a59bd05998826351,https://open.spotify.com/track/7yyRTcZmCiyzzJlNzGC9Ol
47,2017-01-15,48,Flat,We Don't Talk Anymore,Charlie Puth,1003780,https://i.scdn.co/image/ab67616d00004851c0e28105f0533c52717c46c2,https://open.spotify.com/track/68EMU2RD1ECNeOeJ5qAXCV
48,2017-01-15,49,Flat,Safari,J Balvin,972053,https://i.scdn.co/image/ab67616d00004851338ffc4c72a192f06070546b,https://open.spotify.com/track/6rQSrBHf7HlZjtcMZ4S4bO
49,2017-01-15,50,Down,The Greatest,Sia,950607,https://i.scdn.co/image/ab67616d00004851754b2fddebe7039fdb912837,https://open.spotify.com/track/7xHWNBFm6ObGEQPaUxHuKO
50,2017-01-15,51,Down,Cheap Thrills,Sia,948945,https://i.scdn.co/image/ab67616d0000485149e0134c686547c28b7c999f,https://open.spotify.com/track/27SdWb2rFzO6GWiYDBTD9j
51,2017-01-15,52,Flat,Photograph,Ed Sheeran,909332,https://i.scdn.co/image/ab67616d00004851d08209944468440145f01524,https://open.spotify.com/track/6fxVffaTuwjgEk5h9QyRjy
52,2017-01-15,53,Up,Make Me (Cry),Noah Cyrus,882165,https://i.scdn.co/image/ab67616d00004851bf2ec8b87525fbd01fb0111f,https://open.spotify.com/track/2BrzlUj1u1CtvaJDGIKpsP
53,2017-01-15,54,Down,Human,Rag'n'Bone Man,880469,https://i.scdn.co/image/ab67616d0000485190a788beadaad34ff684d3ec,https://open.spotify.com/track/58zsLZPvfflaiIbNWoA22O
54,2017-01-15,55,Up,Sunset Lover,Petit Biscuit,874699,https://i.scdn.co/image/ab67616d00004851014080d39d56c94c0b285362,https://open.spotify.com/track/0hNduWmlWmEmuwEFcYvRu1
55,2017-01-15,56,Up,Water Under the Bridge,Adele,860151,https://i.scdn.co/image/ab67616d000048514c3bbcff5e7248e415548f12,https://open.spotify.com/track/4vb4mFvYsr2h6enhjJsq9Y
56,2017-01-15,57,Down,Party Monster,The Weeknd,843666,https://i.scdn.co/image/6aeaaebcbd861c8369b14366e8e0eca2fe96055d,https://open.spotify.com/track/4F7A0DXBrmUAkp32uenhZt
57,2017-01-15,58,Down,Otra vez (feat. J Balvin),Zion & Lennox,838704,https://i.scdn.co/image/ab67616d0000485182eabf564ddc57325a84dd50,https://open.spotify.com/track/3QwBODjSEzelZyVjxPOHdq
58,2017-01-15,59,Up,Lot to Learn,Luke Christopher,832451,https://i.scdn.co/image/ab67616d000048513f0bd8f231c9b6433be929b1,https://open.spotify.com/track/3TRFq09DUgYj1mug6RRqJW
59,2017-01-15,60,Up,Weak,AJR,789230,https://i.scdn.co/image/ab67616d00004851c5f3ca405ff6ed13dc554b94,https://open.spotify.com/track/3E2Zh20GDCR9B1EYjfXWyv
60,2017-01-15,61,Up,I Got You,Bebe Rexha,769208,https://i.scdn.co/image/ab67616d00004851809adcbcfe88c94fd2a706c1,https://open.spotify.com/track/1FUViuNSldssMIawrOXF2i
61,2017-01-15,62,Down,The Mack,Nevada,763530,https://i.scdn.co/image/ab67616d00004851746ac799032f9af9c5268332,https://open.spotify.com/track/7aV2mflaASUmGhCErm7kBO
62,2017-01-15,63,Down,Vente Pa' Ca,Ricky Martin,762941,https://i.scdn.co/image/ab67616d000048513d90f5938459be40b7b6652a,https://open.spotify.com/track/7DM4BPaS7uofFul3ywMe46
63,2017-01-15,64,Down,Sexual,NEIKED,762651,https://i.scdn.co/image/ab67616d000048519c5e27aff6792af94e972af9,https://open.spotify.com/track/3AsAuGTaDQzavZZThyYlop
64,2017-01-15,65,Down,I Took A Pill In Ibiza - Seeb Remix,Mike Posner,758322,https://i.scdn.co/image/ab67616d0000485140512e02a594e3378c0256e6,https://open.spotify.com/track/17Fd6Yb7mSbinKG8LoWfFl
65,2017-01-15,66,Up,Setting Fires,The Chainsmokers,750579,https://i.scdn.co/image/ab67616d000048519e076dc24d45c52fbf7232bb,https://open.spotify.com/track/0B8B8cVRFIG1yznoQe7c9s
66,2017-01-15,67,Down,Ride,Twenty One Pilots,726224,https://i.scdn.co/image/ab67616d00004851de03bfc2991fd5bcfde65ba3,https://open.spotify.com/track/2Z8WuEywRWYTKe1NybPQEW
67,2017-01-15,68,Up,Lighthouse - Andrelli Remix,Hearts & Colors,723012,https://i.scdn.co/image/d19cc054c261b243b0663223cf69bc256d700f07,https://open.spotify.com/track/04CttTezSnv71USiiG9mIo
68,2017-01-15,69,Up,iSpy (feat. Lil Yachty),KYLE,717039,https://i.scdn.co/image/ab67616d0000485132e373f2988bc6596a542d1c,https://open.spotify.com/track/2EEeOnHehOozLq4aS0n6SL
69,2017-01-15,70,Up,Don't Leave,Snakehips,715896,https://i.scdn.co/image/ab67616d00004851b72a28b6f92b180a8a423e29,https://open.spotify.com/track/0Zx8khUcEfCFK2AEoIhC92
70,2017-01-15,71,Up,Trust Nobody (feat. Selena Gomez & Tory Lanez),Cashmere Cat,712154,https://i.scdn.co/image/ab67616d00004851e53443feca656fafbbbae361,https://open.spotify.com/track/2wDjpPW3HZdA9quPPmZAMu
71,2017-01-15,72,Down,Deja Vu,J. Cole,709107,https://i.scdn.co/image/fff50a2874dae97e76d3a78e55771d7c59719928,https://open.spotify.com/track/6I6NX6tjGsxFAsIfGzY9lJ
72,2017-01-15,73,Down,This Is What You Came For,Calvin Harris,706880,https://i.scdn.co/image/ab67616d00004851d9aa52355e062f5de060adbf,https://open.spotify.com/track/0azC730Exh71aQlOt9Zj3y
73,2017-01-15,74,Down,Too Good,Drake,698522,https://i.scdn.co/image/ab67616d00004851726abca207567d5e41cb9667,https://open.spotify.com/track/11KJSRSgaDxqydKYiD2Jew
74,2017-01-15,75,Up,Despacito (Featuring Daddy Yankee),Luis Fonsi,696718,https://i.scdn.co/image/ab67616d00004851a5971936e3b8d91f8b616b17,https://open.spotify.com/track/4aWmUDTfIPGksMNLV2rQP2
75,2017-01-15,76,Up,Chill Bill,Rob $tone,696093,https://i.scdn.co/image/ab67616d000048516f3e9696889a2425338e0836,https://open.spotify.com/track/5uDASfU19gDxSjW8cnCaBp
76,2017-01-15,77,Flat,Thinking out Loud,Ed Sheeran,694925,https://i.scdn.co/image/ab67616d00004851d08209944468440145f01524,https://open.spotify.com/track/1Slwb6dOYkBlWal1PGtnNg
77,2017-01-15,78,Down,Perfect Strangers,Jonas Blue,693025,https://i.scdn.co/image/ab67616d0000485179882e87678a76bc1d895e94,https://open.spotify.com/track/1CUVN2kn7mW5FjkqXTR2W1
78,2017-01-15,79,Down,Stressed Out,Twenty One Pilots,683908,https://i.scdn.co/image/ab67616d00004851de03bfc2991fd5bcfde65ba3,https://open.spotify.com/track/3CRDbSIZ4r5MsZ0YwxuEkn
79,2017-01-15,80,Up,X (feat. Future),21 Savage,672413,https://i.scdn.co/image/ab67616d000048512dd1ac4a61495080ef8f78ca,https://open.spotify.com/track/6fwdbPMwP1zVStm8FybmkO
80,2017-01-15,81,Up,"i hate u, i love u (feat. olivia o'brien)",gnash,667661,https://i.scdn.co/image/ab67616d0000485108862f843ea27f44f8e8cbd8,https://open.spotify.com/track/7vRriwrloYVaoAe3a9wJHe
81,2017-01-15,82,Down,Panda,Desiigner,667413,https://i.scdn.co/image/ab67616d000048513df69bfb7713d8262820612b,https://open.spotify.com/track/5OOkp4U9P9oL23maHFHL1h
82,2017-01-15,83,Up,Steady 1234 (feat. Jasmine Thompson & Skizzy Mars),Vice,666950,https://i.scdn.co/image/ab67616d000048516c3742dff9593add7c590e85,https://open.spotify.com/track/40UroIGvsMPLPBYwH8rMNA
83,2017-01-15,84,Down,Faded,Alan Walker,666796,https://i.scdn.co/image/ab67616d00004851c4d00cac55ae1b4598c9bc90,https://open.spotify.com/track/7gHs73wELdeycvS48JfIos
84,2017-01-15,85,Up,Some Kind Of Drug,G-Eazy,658250,https://i.scdn.co/image/ab67616d0000485198acfa8c055deedc25e6081d,https://open.spotify.com/track/1Bqxj0aH5KewYHKUg1IdrF
85,2017-01-15,86,Down,Work from Home (feat. Ty Dolla $ign),Fifth Harmony,650583,https://i.scdn.co/image/ab67616d00004851d03fa6f4e758282b7920b5c8,https://open.spotify.com/track/4tCtwWceOPWzenK2HAIJSb
86,2017-01-15,87,Down,"Sucker For Pain (with Wiz Khalifa, Imagine Dragons, Logic & Ty Dolla $ign feat. X Ambassadors)",Lil Wayne,636065,https://i.scdn.co/image/ab67616d000048517d8dfcfd507069d7f2062caf,https://open.spotify.com/track/4dASQiO1Eoo3RJvt74FtXB
87,2017-01-15,88,Down,Love Yourself,Justin Bieber,633105,https://i.scdn.co/image/ab67616d00004851b6d9a4fbb0bd49f0f034aead,https://open.spotify.com/track/3hB5DgAiMAQ4DzYbsMq1IT
88,2017-01-15,89,Down,Sorry,Justin Bieber,617060,https://i.scdn.co/image/ab67616d00004851b6d9a4fbb0bd49f0f034aead,https://open.spotify.com/track/69bp2EbF7Q2rqc5N3ylezZ
89,2017-01-15,90,Up,Versace on the Floor,Bruno Mars,614935,https://i.scdn.co/image/ab67616d00004851232711f7d66a1e19e89e28c5,https://open.spotify.com/track/0kN8xEmgMW9mh7UmDYHlJP
90,2017-01-15,91,Up,Shout Out to My Ex,Little Mix,603528,https://i.scdn.co/image/ab67616d000048512318bbb0586903290db2b270,https://open.spotify.com/track/0YHUITU3w6ws1v8ehT264g
91,2017-01-15,92,Up,Controlla,Drake,601063,https://i.scdn.co/image/ab67616d00004851726abca207567d5e41cb9667,https://open.spotify.com/track/6F609ICg9Spjrw1epsAnpa
92,2017-01-15,93,Up,Not Going Home,DVBBS,600822,https://i.scdn.co/image/ab67616d000048519e48219a58924f86b6ab1137,https://open.spotify.com/track/042x9bsUBWW2fJgJ6fUh61
93,2017-01-15,94,Down,Work,Rihanna,599237,https://i.scdn.co/image/ab67616d000048510ed05634a469e5cf4789b0a7,https://open.spotify.com/track/14WWzenpaEgQZlqPq2nk4v
94,2017-01-15,95,Up,No Heart,21 Savage,596889,https://i.scdn.co/image/ab67616d000048512dd1ac4a61495080ef8f78ca,https://open.spotify.com/track/4gmmRb6bZJffOOiww1JGTO
95,2017-01-15,96,Down,La Bicicleta,Carlos Vives,593892,https://i.scdn.co/image/ab67616d00004851d05d3aad30c5fb7614893cf5,https://open.spotify.com/track/0sXvAOmXgjR2QUqLK1MltU
96,2017-01-15,97,Up,It's Gotta Be You,Isaiah,592432,https://i.scdn.co/image/ab67616d00004851d43b5e86edff2089b91357e6,https://open.spotify.com/track/6cAKeFFYW2aClZSUyvqAEW
97,2017-01-15,98,Down,The Ocean (feat. Shy Martin),Mike Perry,589087,https://i.scdn.co/image/ab67616d000048517f401862bfe87b552a75308d,https://open.spotify.com/track/2CPqh63wRVscbceKcPxwvv
98,2017-01-15,99,Up,Sneakin’,Drake,588029,https://i.scdn.co/image/8b1f6991ae1192e214374d14d918140d04dbd8a7,https://open.spotify.com/track/4ckuS4Nj4FZ7i3Def3Br8W
99,2017-01-15,100,Down,Hymn for the Weekend - Seeb Remix,Coldplay,584146,https://i.scdn.co/image/ab67616d00004851e42f212796979596843a7376,https://open.spotify.com/track/1OAiWI2oPmglaOiv9fdioU
100,2017-01-15,101,Up,Redbone,Childish Gambino,583732,https://i.scdn.co/image/ab67616d000048510b97e56ffad7c6211aa848f8,https://open.spotify.com/track/3kxfsdsCpFgN412fpnW85Y
101,2017-01-15,102,Down,Traicionera,Sebastian Yatra,580605,https://i.scdn.co/image/ab67616d00004851dbe5e9f934a9be5db8884c52,https://open.spotify.com/track/5J1c3M4EldCfNxXwrwt8mT
102,2017-01-15,103,Down,No Lie,Sean Paul,574452,https://i.scdn.co/image/ab67616d000048514782809e4cd19cefc99048f7,https://open.spotify.com/track/3cFsmM51N5zMAuu1nNY4Tw
103,2017-01-15,104,Up,Light,San Holo,565302,https://i.scdn.co/image/ab67616d000048514452e79f2bfa40e105e7c029,https://open.spotify.com/track/7zTx8ePYAmPFQuxP3xlXZn
104,2017-01-15,105,Up,Sidewalks,The Weeknd,560780,https://i.scdn.co/image/6aeaaebcbd861c8369b14366e8e0eca2fe96055d,https://open.spotify.com/track/4h90qkbnW1Qq6pBhoPvwko
105,2017-01-15,106,Down,"Ay Mi Dios (feat. Pitbull, Yandel & Chacal)",IAmChino,560255,https://i.scdn.co/image/ab67616d000048511568fbc07414eb185c58ef62,https://open.spotify.com/track/6stYbAJgTszHAHZMPxWWCY
106,2017-01-15,107,Down,Juju On That Beat (TZ Anthem),Zay Hilfigerrr,557693,https://i.scdn.co/image/ab67616d00004851186678fe32d915298c28d576,https://open.spotify.com/track/1lItf5ZXJc1by9SbPeljFd
107,2017-01-15,108,Up,Cake - Challenge Version,Flo Rida,552268,https://i.scdn.co/image/ab67616d00004851b765afdf5f6a2bc83eb5f378,https://open.spotify.com/track/6t2ubAB4iSYOuIpRAOGd4t
108,2017-01-15,109,Up,Needed Me,Rihanna,549401,https://i.scdn.co/image/ddc285ca9817c96c7719b3f2a759e108787db021,https://open.spotify.com/track/1Tt4sE4pXi57mTD1GCzsqm
109,2017-01-15,110,Down,Dile Que Tu Me Quieres,Ozuna,546798,https://i.scdn.co/image/ab67616d0000485133bbd31551e01896f58d688f,https://open.spotify.com/track/20ZAJdsKB5IGbGj4ilRt2o
110,2017-01-15,111,Up,Fresh Eyes,Andy Grammer,544133,https://i.scdn.co/image/ab67616d0000485158dd2ff215d3baa7d4bd194f,https://open.spotify.com/track/4nMlau89VAjmV7agkl7OY3
111,2017-01-15,112,Down,Capsize,FRENSHIP,542088,https://i.scdn.co/image/ab67616d00004851670048174db73ef55039c7bf,https://open.spotify.com/track/2XMTqoHHSH0lvuXrvIEdco
112,2017-01-15,113,Down,Light It Up (feat. Nyla & Fuse ODG) - Remix,Major Lazer,538200,https://i.scdn.co/image/ab67616d00004851751a2e5da4333e86814026ba,https://open.spotify.com/track/0L7loeTIg6akW84aEQZpCT
113,2017-01-15,114,Up,Six Feet Under,The Weeknd,533991,https://i.scdn.co/image/6aeaaebcbd861c8369b14366e8e0eca2fe96055d,https://open.spotify.com/track/4mU5iXHeLgbR94siF7p1sY
114,2017-01-15,115,Up,7 Years,Lukas Graham,533296,https://i.scdn.co/image/ab67616d0000485104d59cefa11f0eee9f1877a5,https://open.spotify.com/track/7129iqBafaphfc3WPCGC0L
115,2017-01-15,116,Down,On Hold,The xx,527567,https://i.scdn.co/image/ab67616d000048515f5dc0f546406ec5a96018bb,https://open.spotify.com/track/5CPqOpKSk0QcJ3dGdaWcRB
116,2017-01-15,117,Up,This Town,Niall Horan,527102,https://i.scdn.co/image/ab67616d00004851cad02035314b784b53570eac,https://open.spotify.com/track/5nA67Y0XX9JipZwYxX7Gl7
117,2017-01-15,118,Down,Shaky Shaky,Daddy Yankee,522912,https://i.scdn.co/image/ab67616d00004851f0b25154a0858db46415fbe7,https://open.spotify.com/track/58IL315gMSTD37DOZPJ2hf
118,2017-01-15,119,Up,Dancing On My Own,Calum Scott,516481,https://i.scdn.co/image/ab67616d000048511867ffdead655859c87dacc2,https://open.spotify.com/track/02WacdrRpm4zlP8H7X6bnQ
119,2017-01-15,120,Up,You Was Right,Lil Uzi Vert,515659,https://i.scdn.co/image/ab67616d000048518be07181aa935225a6f25d56,https://open.spotify.com/track/2ANLarE8yHVsLWW21nj79M
120,2017-01-15,121,Down,Cake By The Ocean,DNCE,513729,https://i.scdn.co/image/ab67616d00004851a19a2912e1618ada66b2e6e8,https://open.spotify.com/track/2aFiaMXmWsM3Vj72F9ksBl
121,2017-01-15,122,Down,Vacaciones,Wisin,508531,https://i.scdn.co/image/ab67616d00004851c85f0d16973e9dae6f8a786c,https://open.spotify.com/track/3dQDid3IUNhZy1OehIfYfE
122,2017-01-15,123,Up,Love On The Brain,Rihanna,502263,https://i.scdn.co/image/ddc285ca9817c96c7719b3f2a759e108787db021,https://open.spotify.com/track/2aksifNn5ph8igDOkPBA02
123,2017-01-15,124,Up,Middle,DJ Snake,501296,https://i.scdn.co/image/ab67616d000048515045de6786e0af096de73ed4,https://open.spotify.com/track/4OZEu0Vwq0RB2LAq14v99n
124,2017-01-15,125,Up,Into You,Ariana Grande,499840,https://i.scdn.co/image/ab67616d000048517227f5854239a059af211d5b,https://open.spotify.com/track/7yHEDfrJNd0zWOfXwydNH0
125,2017-01-15,126,Down,Me Llamas (feat. Maluma) - Remix,Piso 21,491200,https://i.scdn.co/image/ab67616d000048511e1eafb5d2bb1ca39d26f092,https://open.spotify.com/track/5hEM0JchdVzQ5PwvSfITeX
126,2017-01-15,127,Up,Taped up Heart (feat. Clara Mae),KREAM,489723,https://i.scdn.co/image/ab67616d000048519e4c024fb45d7a2b84af90bd,https://open.spotify.com/track/26hcyzSE154xMZCbFdtInA
127,2017-01-15,128,Up,Swang,Rae Sremmurd,486200,https://i.scdn.co/image/16293ab3b4f9301aeb5f41810fd7056d463db55e,https://open.spotify.com/track/6mapJIPnQ23RTAevUoE0DL
128,2017-01-15,129,Down,Say Something Loving,The xx,485311,https://i.scdn.co/image/ab67616d000048515f5dc0f546406ec5a96018bb,https://open.spotify.com/track/728zbo72kOoYdGR3AhNsyF
129,2017-01-15,130,Down,This Girl (Kungs Vs. Cookin' On 3 Burners) - Kungs Vs. Cookin' On 3 Burners,Kungs,484713,https://i.scdn.co/image/ab67616d00004851f504cc56f3bd99bc61929272,https://open.spotify.com/track/0tICYNayWWhH9GPeFrfjfD
130,2017-01-15,131,Down,Touch,Little Mix,484232,https://i.scdn.co/image/ab67616d000048512318bbb0586903290db2b270,https://open.spotify.com/track/5Ua3GXyHwiSfpNTMjq6m2z
131,2017-01-15,132,Up,No Problem (feat. Lil Wayne & 2 Chainz),Chance the Rapper,480545,https://i.scdn.co/image/ab67616d00004851e71dd15fc5bdefd5bff70452,https://open.spotify.com/track/0v9Wz8o0BT8DU38R4ddjeH
132,2017-01-15,133,Down,Love on Me,Galantis,480468,https://i.scdn.co/image/ab67616d000048510018d9ed29666f655586bccc,https://open.spotify.com/track/2MHCiOohBZEQuLgDTPvSzF
133,2017-01-15,134,Down,September Song,JP Cooper,472798,https://i.scdn.co/image/ab67616d000048511400ec742ee0935608e30700,https://open.spotify.com/track/0FuTx2s3YH1ppmtiM6l0zI
134,2017-01-15,135,Up,Send My Love (To Your New Lover),Adele,472602,https://i.scdn.co/image/ab67616d000048514c3bbcff5e7248e415548f12,https://open.spotify.com/track/4BHzQ9C00ceJxfG16AlNWb
135,2017-01-15,136,Up,Oh Lord,MiC LOWRY,472001,https://i.scdn.co/image/ab67616d00004851d0b31742ad806d5dfac449eb,https://open.spotify.com/track/1sTUEdVO85YU8Ymk2jeAls
136,2017-01-15,137,Down,Lean On (feat. MØ & DJ Snake),Major Lazer,468723,https://i.scdn.co/image/ab67616d000048519f55dad3a63f72f1bc8d6f59,https://open.spotify.com/track/4WjH9Bzt3kx7z8kl0awxh4
137,2017-01-15,138,Down,Fast Car,Jonas Blue,466549,https://i.scdn.co/image/ab67616d000048515cf78b9932b45387375528eb,https://open.spotify.com/track/6OZh916QF8XNunWaP97WEZ
138,2017-01-15,139,Down,DUELE EL CORAZON,Enrique Iglesias,465233,https://i.scdn.co/image/ab67616d0000485113dae8008773aede4a979a7d,https://open.spotify.com/track/6YZdkObH88npeKrrkb8Ggf
139,2017-01-15,140,Up,Oceans Away,A R I Z O N A,462301,https://i.scdn.co/image/ab67616d0000485150a25f1cb71018982b81ca2b,https://open.spotify.com/track/6A8dnC0xkiuWN4BshmTB2I
140,2017-01-15,141,Down,Final Song,MØ,451923,https://i.scdn.co/image/ab67616d00004851b7a02217229178b771ed0d4c,https://open.spotify.com/track/4qqArAiTPueDxIp7cf87h7
141,2017-01-15,142,Down,pick up the phone,Young Thug,449685,https://i.scdn.co/image/ab67616d00004851f54b99bf27cda88f4a7403ce,https://open.spotify.com/track/20dP2DaMHIAmwWAbp7peSr
142,2017-01-15,143,Up,Roses,The Chainsmokers,447320,https://i.scdn.co/image/ab67616d0000485108d87fb54859bc9038f7e5e0,https://open.spotify.com/track/6O6M7pJLABmfBRoGZMu76Y
143,2017-01-15,144,Up,OOOUUU,Young M.A,444948,https://i.scdn.co/image/ab67616d0000485111042a73bbccc204ae394e58,https://open.spotify.com/track/7JYsArznYOjX2jsrT3UEnL
144,2017-01-15,145,Up,"Me, Myself & I",G-Eazy,444195,https://i.scdn.co/image/ab67616d0000485198acfa8c055deedc25e6081d,https://open.spotify.com/track/40YcuQysJ0KlGQTeGUosTC
145,2017-01-15,146,Up,Hello,Adele,436937,https://i.scdn.co/image/ab67616d000048514c3bbcff5e7248e415548f12,https://open.spotify.com/track/4sPmO7WMQUAf45kwMOtONw
146,2017-01-15,147,Up,History,Olivia Holt,435356,https://i.scdn.co/image/ab67616d000048519e21eab426152ef9078d6b94,https://open.spotify.com/track/0WCEaydwN65cvwaW8aqptF
147,2017-01-15,148,Down,Deu Onda,MC G15,434262,https://i.scdn.co/image/ab67616d000048518b4b30be47d016b7122dc88c,https://open.spotify.com/track/0EPxmvsG1BY5td4aTOkWBF
148,2017-01-15,149,Down,The Greatest,Sia,434241,https://i.scdn.co/image/ab67616d00004851754b2fddebe7039fdb912837,https://open.spotify.com/track/6bLopGnirdrilrpdVB6Um1
149,2017-01-15,150,Up,Stitches,Shawn Mendes,434018,https://i.scdn.co/image/ab67616d0000485147710f5e89677e4d048e744c,https://open.spotify.com/track/1WP1r7fuvRqZRnUaTi2I1Q
150,2017-01-15,151,Down,Andas En Mi Cabeza,Chino & Nacho,433932,https://i.scdn.co/image/ab67616d0000485166dad4487da6fc0dced2d0c6,https://open.spotify.com/track/5mey7CLLuFToM2P68Qu1gF
151,2017-01-15,152,Up,Let It Go,James Bay,423631,https://i.scdn.co/image/abcbe01d6557c60388e976c9a535f26f73fcbf09,https://open.spotify.com/track/13HVjjWUZFaWilh2QUJKsP
152,2017-01-15,153,Down,Sex,Cheat Codes,415829,https://i.scdn.co/image/3b6152419e1f09563b17835100766da08426ec66,https://open.spotify.com/track/5DA77EqppDmCTWGovd4oTP
153,2017-01-15,154,Up,Cuatro Babys,Maluma,413460,https://i.scdn.co/image/ab67616d00004851638d3cdf37fa447977e29e94,https://open.spotify.com/track/0JoHqmlqE0W0i9prt6kcHR
154,2017-01-15,155,Down,You Don't Know Me - Radio Edit,Jax Jones,410812,https://i.scdn.co/image/ab67616d00004851dd05a1716e2f07a07b8ccfe3,https://open.spotify.com/track/00lNx0OcTJrS3MKHcB80HY
155,2017-01-15,156,Down,Lush Life,Zara Larsson,407215,https://i.scdn.co/image/ab67616d000048519e1683774b22648f4f178ed3,https://open.spotify.com/track/1rIKgCH4H52lrvDcz50hS8
156,2017-01-15,157,Up,"Lose Yourself - From ""8 Mile"" Soundtrack",Eminem,405242,https://i.scdn.co/image/36440dfd440d23086573d62a32def35ecc42f111,https://open.spotify.com/track/5Z01UMMf7V1o0MzF86s6WJ
157,2017-01-15,158,Up,The Other,Lauv,404760,https://i.scdn.co/image/ab67616d000048513c6e07056b26bb9804a596da,https://open.spotify.com/track/1lntL1cI2UIWlxjL5QiN8g
158,2017-01-15,159,Down,Borro Cassette,Maluma,404536,https://i.scdn.co/image/ab67616d000048513c3acd23605ccd1a9fd038bd,https://open.spotify.com/track/6DUdDIRgLqCGq1DwkNWQTN
159,2017-01-15,160,Up,Romantic - NOTD Remix,Stanaj,403466,https://i.scdn.co/image/ab67616d000048517861e14b4da5cfac6fb0c65b,https://open.spotify.com/track/3SGWp9fJCzgK0WcpcKSQdy
160,2017-01-15,161,Down,What Do You Mean?,Justin Bieber,402167,https://i.scdn.co/image/ab67616d00004851b6d9a4fbb0bd49f0f034aead,https://open.spotify.com/track/3pzjHKrQSvXGHQ98dx18HI
161,2017-01-15,162,Up,The Hills,The Weeknd,401718,https://i.scdn.co/image/ab67616d00004851aac98daa18e4edf54d7a0a70,https://open.spotify.com/track/25khomWgBVamSdKw7hzm3l
162,2017-01-15,163,Up,That's What I Like,Bruno Mars,399519,https://i.scdn.co/image/ab67616d00004851232711f7d66a1e19e89e28c5,https://open.spotify.com/track/0KKkJNfGyhkQ5aFogxQAPU
163,2017-01-15,164,Up,Reminder,The Weeknd,399111,https://i.scdn.co/image/6aeaaebcbd861c8369b14366e8e0eca2fe96055d,https://open.spotify.com/track/37F0uwRSrdzkBiuj0D5UHI
164,2017-01-15,165,Down,Hotline Bling,Drake,396601,https://i.scdn.co/image/ab67616d00004851726abca207567d5e41cb9667,https://open.spotify.com/track/2FBUoWkIuQXwayw2RNo5l6
165,2017-01-15,166,Up,PILLOWTALK,ZAYN,393714,https://i.scdn.co/image/ab67616d00004851a15e26d05b7ce776b566579d,https://open.spotify.com/track/0PDUDa38GO8lMxLCRc4lL1
166,2017-01-15,167,Up,"I See Fire - From ""The Hobbit - The Desolation Of Smaug""",Ed Sheeran,393340,https://i.scdn.co/image/c6ee101dc0dc29c219e1ba771b9d87d59e80cccb,https://open.spotify.com/track/3B7udSGy2PfgoCniMSb523
167,2017-01-15,168,Up,Somebody Else,VÉRITÉ,390793,https://i.scdn.co/image/ab67616d00004851ce94afb9aa5d73f00852a45b,https://open.spotify.com/track/34i4yxPrHWquuR4kjiivFO
168,2017-01-15,169,Up,Low Life,Future,390785,https://i.scdn.co/image/ab67616d00004851626745b3aa04899001a924ad,https://open.spotify.com/track/7EiZI6JVHllARrX9PUvAdX
169,2017-01-15,170,Down,Dangerous,The xx,390038,https://i.scdn.co/image/ab67616d000048515f5dc0f546406ec5a96018bb,https://open.spotify.com/track/33B2QbtAj8mbDpwvGTOnBt
170,2017-01-15,171,Up,No Role Modelz,J. Cole,388846,https://i.scdn.co/image/ab67616d000048516aca031ccc27d2e4dd829d14,https://open.spotify.com/track/62vpWI1CHwFy7tMIcSStl8
171,2017-01-15,172,Down,Jumpman,Drake,388795,https://i.scdn.co/image/d4b8cf869e0b9fa7aea9a3dc569a935edb78840c,https://open.spotify.com/track/27GmP9AWRs744SzKcpJsTZ
172,2017-01-15,173,Up,T-Shirt,Migos,388701,https://i.scdn.co/image/ab67616d0000485199a8ab6da9d593939302828a,https://open.spotify.com/track/7KOlJ92bu51cltsD9KU5I7
173,2017-01-15,174,Down,Ain't My Fault,Zara Larsson,387570,https://i.scdn.co/image/ab67616d000048519e1683774b22648f4f178ed3,https://open.spotify.com/track/0ADG9OgdVTL7fgREP75BrZ
174,2017-01-15,175,Down,Gyal You A Party Animal - Remix,Charly Black,385318,https://i.scdn.co/image/ab67616d0000485131a026a9d39e08006ddfb138,https://open.spotify.com/track/1AkTW13ysu0AJrwuM6UY0I
175,2017-01-15,176,Down,Cocoon,Milky Chance,384276,https://i.scdn.co/image/ab67616d00004851f1b313d02bd130b1bc320afd,https://open.spotify.com/track/0L87MffumRNWrY2SNUFcvs
176,2017-01-15,177,Down,Neighbors,J. Cole,384131,https://i.scdn.co/image/fff50a2874dae97e76d3a78e55771d7c59719928,https://open.spotify.com/track/0utlOiJy2weVl9WTkcEWHy
177,2017-01-15,178,Down,Love$ick,Mura Masa,383761,https://i.scdn.co/image/ab67616d0000485157da025deec1abbef50e4b31,https://open.spotify.com/track/5v9N8Rx3QsFvr50cxyQcA3
178,2017-01-15,179,Down,Used to This,Future,382154,https://i.scdn.co/image/ab67616d00004851e0b64c8be3c4e804abcb2696,https://open.spotify.com/track/78sr3ogs4UzITcCNbXM9cM
179,2017-01-15,180,Up,goosebumps,Travis Scott,378002,https://i.scdn.co/image/ab67616d00004851f54b99bf27cda88f4a7403ce,https://open.spotify.com/track/6gBFPUFcJLzWGx4lenP6h2
180,2017-01-15,181,Up,Die For You,The Weeknd,377907,https://i.scdn.co/image/b3683184efeb899b2d1a02f4957d0c630dc10b0b,https://open.spotify.com/track/2LBqCSwhJGcFQeTHMVGwy3
181,2017-01-15,182,Down,Let Me Hold You (Turn Me On),Dante Klein,370742,https://i.scdn.co/image/ab67616d000048517c8b9ddb952a62ac64f66d90,https://open.spotify.com/track/0lmdsH1MIoLsMymnNpd6HU
182,2017-01-15,183,Down,No Money,Galantis,370543,https://i.scdn.co/image/ab67616d00004851119cb56f073efd326643dcfe,https://open.spotify.com/track/0gb1J5UrTpzaU1s3nupgCd
183,2017-01-15,184,Up,Never Be Like You,Flume,368750,https://i.scdn.co/image/ab67616d000048519eca0fdd60e06268050103e5,https://open.spotify.com/track/12REd1n8PeiHHWOh066tpr
184,2017-01-15,185,Up,Million Reasons,Lady Gaga,367462,https://i.scdn.co/image/ab67616d00004851dd0b256c733c96b653ab5cde,https://open.spotify.com/track/50PWlIBU7PlGGwzgN8TiFJ
185,2017-01-15,186,Up,Please Don't Go,Joel Adams,366705,https://i.scdn.co/image/ab67616d000048513a22ad98e76e2d0c1760345d,https://open.spotify.com/track/3cNjgVBKTJ1SvKhunrCdVy
186,2017-01-15,187,New,Tenerife Sea,Ed Sheeran,365648,https://i.scdn.co/image/ab67616d00004851d08209944468440145f01524,https://open.spotify.com/track/6vSwxzO2Qf4BinHSXRwZJe
187,2017-01-15,188,New,Let Her Go,Passenger,364490,https://i.scdn.co/image/ab67616d000048514566e671e5c947cba3a38436,https://open.spotify.com/track/2jyjhRf6DVbMPU5zxagN2h
188,2017-01-15,189,New,All of Me,John Legend,363424,https://i.scdn.co/image/ab67616d00004851a30a192002427d5d72622dfc,https://open.spotify.com/track/2q6tgiA9tpb6DMguABwCWE
189,2017-01-15,190,Down,Moves,Big Sean,363188,https://i.scdn.co/image/695d0c097d8463ccc2c2b9855fe44e3e9e7bc267,https://open.spotify.com/track/0Fv5N0cHBsl4bzCbollCAS
190,2017-01-15,191,Up,'Till I Collapse,Eminem,361875,https://i.scdn.co/image/ab67616d00004851ccdb1982626f299b3b1d3efd,https://open.spotify.com/track/6yr8GiTHWvFfi4o6Q5ebdT
191,2017-01-15,192,Down,Party,Chris Brown,360789,https://i.scdn.co/image/ab67616d0000485109678e7a7fd4150585af8987,https://open.spotify.com/track/05Z7jet4VDNVgNQWcYHnrk
192,2017-01-15,193,Down,Chillax (feat. Ky-Mani Marley),Farruko,358229,https://i.scdn.co/image/ab67616d00004851118504cbeaf4187aaa601395,https://open.spotify.com/track/1lxswgIpzV6HhENRvkflES
193,2017-01-15,194,New,Stay With Me,Sam Smith,351892,https://i.scdn.co/image/ab67616d000048514fb7193968e58e51c3db3ef4,https://open.spotify.com/track/5Db9VIdDsN5yu3Eu7CT0i4
194,2017-01-15,195,Down,Rockin’,The Weeknd,350209,https://i.scdn.co/image/6aeaaebcbd861c8369b14366e8e0eca2fe96055d,https://open.spotify.com/track/36YCdzT57us0LhDmCYtrNE
195,2017-01-15,196,New,You & Me,Marc E. Bassy,348357,https://i.scdn.co/image/ab67616d00004851f6250925802fb72702b65821,https://open.spotify.com/track/4QdovcM8j50QPlyR7tH4xe
196,2017-01-15,197,Down,Can't Feel My Face,The Weeknd,347804,https://i.scdn.co/image/ab67616d00004851aac98daa18e4edf54d7a0a70,https://open.spotify.com/track/6RsWqX8zABZLhZydXxEFOm
197,2017-01-15,198,New,White Iverson,Post Malone,342787,https://i.scdn.co/image/23bae95100dcb6ac8f88c19fa2a11c50a998a926,https://open.spotify.com/track/6eT7xZZlB2mwyzJ2sUKG6w
198,2017-01-15,199,Down,Te Quiero Pa´Mi,Don Omar,342480,https://i.scdn.co/image/ab67616d00004851d0cb2a58e3bf5d7ac5ece16f,https://open.spotify.com/track/3BY2mafsbsoKGqS380Xnuz
199,2017-01-15,200,New,When We Were Young,Adele,338261,https://i.scdn.co/image/ab67616d000048514c3bbcff5e7248e415548f12,https://open.spotify.com/track/7IWkJwX9C0J7tHurTD7ViL
