,Date,Position,Trend,Title,Artist,Streams,Icon_URL,Spotify_URL
0,2017-01-27,1,Flat,Shape of You,Ed Sheeran,7765131,https://i.scdn.co/image/ab67616d00004851ba5db46f4b838ef6027e6f96,https://open.spotify.com/track/7qiZfU4dY1lWllzX7mPBI3
1,2017-01-27,2,Flat,Paris,The Chainsmokers,4287637,https://i.scdn.co/image/ab67616d000048510c13d3d5a503c84fcc60ae94,https://open.spotify.com/track/72jbDTw1piOOj770jWNeaG
2,2017-01-27,3,Up,"I Don’t Wanna Live Forever (Fifty Shades Darker) - From ""Fifty Shades Darker (Original Motion Picture Soundtrack)""",ZAYN,3813687,https://i.scdn.co/image/ab67616d000048512ae921f082ae5db4d3da818f,https://open.spotify.com/track/3NdDpSvN911VPGivFlV5d0
3,2017-01-27,4,Down,Castle on the Hill,Ed Sheeran,3693885,https://i.scdn.co/image/ab67616d00004851ba5db46f4b838ef6027e6f96,https://open.spotify.com/track/6PCUP3dWmTjcTtXY02oFdT
4,2017-01-27,5,Flat,Rockabye (feat. Sean Paul & Anne-Marie),Clean Bandit,3463085,https://i.scdn.co/image/ab67616d000048511431c3bdf16aa99f71799d95,https://open.spotify.com/track/5knuzwU65gJK7IF5yJsuaW
5,2017-01-27,6,Flat,Starboy,The Weeknd,3232580,https://i.scdn.co/image/ab67616d000048510c8599cbde51245c128bcea9,https://open.spotify.com/track/5aAx2yezTd8zXrkmtKl66Z
6,2017-01-27,7,Up,Despacito (Featuring Daddy Yankee),Luis Fonsi,2926574,https://i.scdn.co/image/ab67616d00004851a5971936e3b8d91f8b616b17,https://open.spotify.com/track/4aWmUDTfIPGksMNLV2rQP2
7,2017-01-27,8,Up,Bad and Boujee (feat. Lil Uzi Vert),Migos,2923583,https://i.scdn.co/image/ab67616d0000485199a8ab6da9d593939302828a,https://open.spotify.com/track/4Km5HrUvYTaSUfiSGPJeQR
8,2017-01-27,9,Down,Closer,The Chainsmokers,2862862,https://i.scdn.co/image/ab67616d00004851495ce6da9aeb159e94eaa453,https://open.spotify.com/track/7BKLCZ1jbUBVqRi2FVlTVw
9,2017-01-27,10,Down,Say You Won't Let Go,James Arthur,2787328,https://i.scdn.co/image/ab67616d0000485120beb61f61fcbeb33b10a9ab,https://open.spotify.com/track/5uCax9HTNlzGybIStD3vDh
10,2017-01-27,11,Down,I Feel It Coming,The Weeknd,2750119,https://i.scdn.co/image/b3683184efeb899b2d1a02f4957d0c630dc10b0b,https://open.spotify.com/track/5GXAXm5YOmYT0kL5jHvYBt
11,2017-01-27,12,Down,Don't Wanna Know,Maroon 5,2654110,https://i.scdn.co/image/ab67616d00004851eec1912bbc2ff74b8203fe5f,https://open.spotify.com/track/5MFzQMkrl1FOOng9tq6R9r
12,2017-01-27,13,Down,Call On Me - Ryan Riback Extended Remix,Starley,2533112,https://i.scdn.co/image/ab67616d000048519d4079afc73664f86f055400,https://open.spotify.com/track/78rIJddV4X0HkNAInEcYde
13,2017-01-27,14,Up,Chantaje (feat. Maluma),Shakira,2369591,https://i.scdn.co/image/ab67616d00004851d05d3aad30c5fb7614893cf5,https://open.spotify.com/track/6mICuAdrwEjh6Y6lroV2Kg
14,2017-01-27,15,Down,Fake Love,Drake,2364568,https://i.scdn.co/image/6dfd956b9331fa9ea1f47ebb95311951ed72b3db,https://open.spotify.com/track/343YBumqHu19cGoGARUTsd
15,2017-01-27,16,Flat,Just Hold On,Steve Aoki,2266825,https://i.scdn.co/image/ab67616d0000485122e2ce2de8bad6d67ee69b48,https://open.spotify.com/track/3EmmCZoqpWOTY1g2GBwJoR
16,2017-01-27,17,Flat,Let Me Love You,DJ Snake,2259990,https://i.scdn.co/image/ab67616d000048515045de6786e0af096de73ed4,https://open.spotify.com/track/4pdPtRcBmOSQDlJ3Fk945m
17,2017-01-27,18,Flat,Bad Things (with Camila Cabello),Machine Gun Kelly,2159391,https://i.scdn.co/image/d5f976093a4dcbc5ea9d4c04b414207f8bdce469,https://open.spotify.com/track/1PSBzsahR2AKwLJgx8ehBj
18,2017-01-27,19,Flat,24K Magic,Bruno Mars,2159153,https://i.scdn.co/image/ab67616d00004851232711f7d66a1e19e89e28c5,https://open.spotify.com/track/6b8Be6ljOzmkOmFslEb23P
19,2017-01-27,20,Flat,"How Far I'll Go - From ""Moana""",Alessia Cara,1896788,https://i.scdn.co/image/ab67616d00004851fb128b1eda22335050f584fe,https://open.spotify.com/track/5hYTyyh2odQKphUbMqc5gN
20,2017-01-27,21,Up,One Dance,Drake,1833279,https://i.scdn.co/image/ab67616d00004851726abca207567d5e41cb9667,https://open.spotify.com/track/1xznGGDReH1oQq0xzbwXa3
21,2017-01-27,22,Down,All Night,The Vamps,1807826,https://i.scdn.co/image/ab67616d00004851f03c9779c27137669304ea20,https://open.spotify.com/track/1yNyoWWWikbLhwIGWjZuDW
22,2017-01-27,23,Up,Black Beatles,Rae Sremmurd,1776573,https://i.scdn.co/image/16293ab3b4f9301aeb5f41810fd7056d463db55e,https://open.spotify.com/track/6fujklziTHa8uoM5OQSfIo
23,2017-01-27,24,Down,Side To Side,Ariana Grande,1751088,https://i.scdn.co/image/ab67616d000048517227f5854239a059af211d5b,https://open.spotify.com/track/4pLwZjInHj3SimIyN9SnOz
24,2017-01-27,25,Down,Cold Water (feat. Justin Bieber & MØ),Major Lazer,1738427,https://i.scdn.co/image/ab67616d000048512e8f1cca2bc8c9d55930523b,https://open.spotify.com/track/6DNtNfH8hXkqOX1sjqmI7p
25,2017-01-27,26,Up,In the Name of Love,Martin Garrix,1713391,https://i.scdn.co/image/ab67616d00004851923db3f255cd48a6d5783ebf,https://open.spotify.com/track/04DwTuZ2VBdJCCC5TROn7L
26,2017-01-27,27,Down,Hear Me Now,Alok,1677569,https://i.scdn.co/image/e308bad29e4cf6dc8aa5cd97449ef71bbb893d40,https://open.spotify.com/track/1a5Yu5L18qNxVhXx38njON
27,2017-01-27,28,Flat,Mercy,Shawn Mendes,1648351,https://i.scdn.co/image/ab67616d00004851188e6332f32088921ab1eaf8,https://open.spotify.com/track/4TZy1wLyHec06pwgFYDh1a
28,2017-01-27,29,Up,Solo Dance,Martin Jensen,1636278,https://i.scdn.co/image/ab67616d00004851950d67dbe3f31f1d9a5d06a2,https://open.spotify.com/track/6HUnnBwYZqcED1eQztxMBN
29,2017-01-27,30,Down,Shed a Light,Robin Schulz,1587665,https://i.scdn.co/image/ab67616d000048517be189f322bc8155c103d6c9,https://open.spotify.com/track/1cG0umU5TKStygKsPFZ9pY
30,2017-01-27,31,Flat,Now and Later,Sage The Gemini,1569333,https://i.scdn.co/image/ab67616d0000485182d22e1d83fc1045ad33444a,https://open.spotify.com/track/43jBqV3j3Xi1g6wO0bhIMd
31,2017-01-27,32,New,Run Up (feat. PARTYNEXTDOOR & Nicki Minaj),Major Lazer,1548073,https://i.scdn.co/image/ab67616d000048518036d7402a6a76aed04f1f98,https://open.spotify.com/track/0fg8CqpjdojMyXLNzM2PaJ
32,2017-01-27,33,New,Scared to Be Lonely,Martin Garrix,1538535,https://i.scdn.co/image/ab67616d0000485164f8a309aa3c0a66a31fc374,https://open.spotify.com/track/3ebXMykcMXOcLeJ9xZ17XH
33,2017-01-27,34,Up,My Way,Calvin Harris,1506226,https://i.scdn.co/image/ab67616d000048518d12bc5e3ea5c9f4a967de32,https://open.spotify.com/track/1vvNmPOiUuyCbgWmtc6yfm
34,2017-01-27,35,Up,Reggaetón Lento (Bailemos),CNCO,1479906,https://i.scdn.co/image/ab67616d000048517db0f7ac4c612cce26ccacf9,https://open.spotify.com/track/3AEZUABDXNtecAOSC1qTfo
35,2017-01-27,36,Down,I Would Like,Zara Larsson,1469949,https://i.scdn.co/image/ab67616d000048519e1683774b22648f4f178ed3,https://open.spotify.com/track/4Q4jmPHwu0wrJvqrld0FQ6
36,2017-01-27,37,Down,Love Me Now,John Legend,1464747,https://i.scdn.co/image/ab67616d00004851fa2ba77d93b08258827bd2d2,https://open.spotify.com/track/6nxQdXa1uAL0rY72wPZu89
37,2017-01-27,38,Down,Starving,Hailee Steinfeld,1462031,https://i.scdn.co/image/ab67616d00004851612495ee5769c99125031be2,https://open.spotify.com/track/1qOLh0tI7trd1zdDKxYZTe
38,2017-01-27,39,Down,All Time Low,Jon Bellion,1426530,https://i.scdn.co/image/ff06a4138a99d272c24d2f6da9b5ea6067c054db,https://open.spotify.com/track/1CnPYaKxTVb4LWOtiGOm0m
39,2017-01-27,40,Up,T-Shirt,Migos,1424863,https://i.scdn.co/image/ab67616d0000485199a8ab6da9d593939302828a,https://open.spotify.com/track/7KOlJ92bu51cltsD9KU5I7
40,2017-01-27,41,Down,Bounce Back,Big Sean,1396425,https://i.scdn.co/image/695d0c097d8463ccc2c2b9855fe44e3e9e7bc267,https://open.spotify.com/track/0SGkqnVQo9KPytSri1H6cF
41,2017-01-27,42,Flat,Alone,Alan Walker,1378203,https://i.scdn.co/image/ab67616d00004851f00ade2f88d8223521bc7f76,https://open.spotify.com/track/0JiVRyTJcJnmlwCZ854K4p
42,2017-01-27,43,Down,Scars To Your Beautiful,Alessia Cara,1374456,https://i.scdn.co/image/5b9e5bd34ec840f07c8530e43a76b1b5e08d8b77,https://open.spotify.com/track/0prNGof3XqfTvNDxHonvdK
43,2017-01-27,44,Down,By Your Side,Jonas Blue,1372456,https://i.scdn.co/image/ab67616d00004851bd4b658f3aead04637924c28,https://open.spotify.com/track/1D3ODoXHBLpdxolZRHWV1j
44,2017-01-27,45,Down,All We Know,The Chainsmokers,1326540,https://i.scdn.co/image/ab67616d00004851ff8d8c5662a96d41433e9ee1,https://open.spotify.com/track/2rizacJSyD9S1IQUxUxnsK
45,2017-01-27,46,Down,Weak,AJR,1312596,https://i.scdn.co/image/ab67616d00004851c5f3ca405ff6ed13dc554b94,https://open.spotify.com/track/3E2Zh20GDCR9B1EYjfXWyv
46,2017-01-27,47,Down,Heathens,Twenty One Pilots,1310787,https://i.scdn.co/image/ab67616d000048512ca3ba8f334ca5a5f0312efb,https://open.spotify.com/track/6i0V12jOa3mr6uu4WYhUBr
47,2017-01-27,48,Flat,Issues,Julia Michaels,1279071,https://i.scdn.co/image/ab67616d000048519615e35e0e9e4b2c3dccb520,https://open.spotify.com/track/1sXUWdKx03aP9Gmzft58rt
48,2017-01-27,49,Down,Caroline,Aminé,1222650,https://i.scdn.co/image/ab67616d00004851a7f01ef25974c10cdbbd566e,https://open.spotify.com/track/5GFDrUTLGJix84sNhjCG0g
49,2017-01-27,50,Down,Treat You Better,Shawn Mendes,1202362,https://i.scdn.co/image/ab67616d00004851188e6332f32088921ab1eaf8,https://open.spotify.com/track/4Hf7WnR761jpxPr5D46Bcd
50,2017-01-27,51,Down,Don't Let Me Down,The Chainsmokers,1178103,https://i.scdn.co/image/ab67616d0000485108d87fb54859bc9038f7e5e0,https://open.spotify.com/track/0QsvXIfqM0zZoerQfsI9lm
51,2017-01-27,52,Down,Safari,J Balvin,1170839,https://i.scdn.co/image/ab67616d00004851338ffc4c72a192f06070546b,https://open.spotify.com/track/6rQSrBHf7HlZjtcMZ4S4bO
52,2017-01-27,53,Down,We Don't Talk Anymore,Charlie Puth,1099309,https://i.scdn.co/image/ab67616d00004851c0e28105f0533c52717c46c2,https://open.spotify.com/track/68EMU2RD1ECNeOeJ5qAXCV
53,2017-01-27,54,Down,Don't Leave,Snakehips,1095571,https://i.scdn.co/image/ab67616d00004851b72a28b6f92b180a8a423e29,https://open.spotify.com/track/0Zx8khUcEfCFK2AEoIhC92
54,2017-01-27,55,Down,iSpy (feat. Lil Yachty),KYLE,1067398,https://i.scdn.co/image/ab67616d0000485132e373f2988bc6596a542d1c,https://open.spotify.com/track/2EEeOnHehOozLq4aS0n6SL
55,2017-01-27,56,Down,"CAN'T STOP THE FEELING! (Original Song from DreamWorks Animation's ""TROLLS"")",Justin Timberlake,1054244,https://i.scdn.co/image/ab67616d00004851ef37416970812293c08e8a78,https://open.spotify.com/track/6JV2JOEocMgcZxYSZelKcc
56,2017-01-27,57,New,So Good (feat. Ty Dolla $ign),Zara Larsson,1017857,https://i.scdn.co/image/ab67616d000048519e1683774b22648f4f178ed3,https://open.spotify.com/track/54LGxQGf5LPXNGjtzDZ5IE
57,2017-01-27,58,Flat,Otra vez (feat. J Balvin),Zion & Lennox,1016519,https://i.scdn.co/image/ab67616d0000485182eabf564ddc57325a84dd50,https://open.spotify.com/track/3QwBODjSEzelZyVjxPOHdq
58,2017-01-27,59,Up,El Amante,Nicky Jam,969893,https://i.scdn.co/image/ab67616d00004851d77dbcd4dbd37cdfa61771fa,https://open.spotify.com/track/3umS4y3uQDkqekNjVpiRUs
59,2017-01-27,60,Down,Human,Rag'n'Bone Man,963151,https://i.scdn.co/image/ab67616d0000485190a788beadaad34ff684d3ec,https://open.spotify.com/track/58zsLZPvfflaiIbNWoA22O
60,2017-01-27,61,Down,Make Me (Cry),Noah Cyrus,941515,https://i.scdn.co/image/ab67616d00004851bf2ec8b87525fbd01fb0111f,https://open.spotify.com/track/2BrzlUj1u1CtvaJDGIKpsP
61,2017-01-27,62,Down,Sunset Lover,Petit Biscuit,940272,https://i.scdn.co/image/ab67616d00004851014080d39d56c94c0b285362,https://open.spotify.com/track/0hNduWmlWmEmuwEFcYvRu1
62,2017-01-27,63,Down,Lot to Learn,Luke Christopher,932419,https://i.scdn.co/image/ab67616d000048513f0bd8f231c9b6433be929b1,https://open.spotify.com/track/3TRFq09DUgYj1mug6RRqJW
63,2017-01-27,64,Down,Water Under the Bridge,Adele,930848,https://i.scdn.co/image/ab67616d000048514c3bbcff5e7248e415548f12,https://open.spotify.com/track/4vb4mFvYsr2h6enhjJsq9Y
64,2017-01-27,65,Down,Broccoli (feat. Lil Yachty),DRAM,923178,https://i.scdn.co/image/ab67616d00004851f02a1575a59bd05998826351,https://open.spotify.com/track/7yyRTcZmCiyzzJlNzGC9Ol
65,2017-01-27,66,Down,Photograph,Ed Sheeran,906348,https://i.scdn.co/image/ab67616d00004851d08209944468440145f01524,https://open.spotify.com/track/6fxVffaTuwjgEk5h9QyRjy
66,2017-01-27,67,Down,Sexual,NEIKED,896489,https://i.scdn.co/image/ab67616d000048519c5e27aff6792af94e972af9,https://open.spotify.com/track/3AsAuGTaDQzavZZThyYlop
67,2017-01-27,68,Down,I Got You,Bebe Rexha,893820,https://i.scdn.co/image/ab67616d00004851809adcbcfe88c94fd2a706c1,https://open.spotify.com/track/1FUViuNSldssMIawrOXF2i
68,2017-01-27,69,Down,Party Monster,The Weeknd,884526,https://i.scdn.co/image/6aeaaebcbd861c8369b14366e8e0eca2fe96055d,https://open.spotify.com/track/4F7A0DXBrmUAkp32uenhZt
69,2017-01-27,70,Down,Vente Pa' Ca,Ricky Martin,865958,https://i.scdn.co/image/ab67616d000048513d90f5938459be40b7b6652a,https://open.spotify.com/track/7DM4BPaS7uofFul3ywMe46
70,2017-01-27,71,Flat,I Took A Pill In Ibiza - Seeb Remix,Mike Posner,845458,https://i.scdn.co/image/ab67616d0000485140512e02a594e3378c0256e6,https://open.spotify.com/track/17Fd6Yb7mSbinKG8LoWfFl
71,2017-01-27,72,Down,The Greatest,Sia,843782,https://i.scdn.co/image/ab67616d00004851754b2fddebe7039fdb912837,https://open.spotify.com/track/7xHWNBFm6ObGEQPaUxHuKO
72,2017-01-27,73,Up,The Mack,Nevada,825093,https://i.scdn.co/image/ab67616d00004851746ac799032f9af9c5268332,https://open.spotify.com/track/7aV2mflaASUmGhCErm7kBO
73,2017-01-27,74,Up,Cheap Thrills,Sia,823664,https://i.scdn.co/image/ab67616d0000485149e0134c686547c28b7c999f,https://open.spotify.com/track/27SdWb2rFzO6GWiYDBTD9j
74,2017-01-27,75,Down,Redbone,Childish Gambino,823389,https://i.scdn.co/image/ab67616d000048510b97e56ffad7c6211aa848f8,https://open.spotify.com/track/3kxfsdsCpFgN412fpnW85Y
75,2017-01-27,76,Down,Touch,Little Mix,814641,https://i.scdn.co/image/ab67616d000048512318bbb0586903290db2b270,https://open.spotify.com/track/5Ua3GXyHwiSfpNTMjq6m2z
76,2017-01-27,77,Down,Lighthouse - Andrelli Remix,Hearts & Colors,803772,https://i.scdn.co/image/d19cc054c261b243b0663223cf69bc256d700f07,https://open.spotify.com/track/04CttTezSnv71USiiG9mIo
77,2017-01-27,78,Flat,You Don't Know Me - Radio Edit,Jax Jones,791330,https://i.scdn.co/image/ab67616d00004851dd05a1716e2f07a07b8ccfe3,https://open.spotify.com/track/00lNx0OcTJrS3MKHcB80HY
78,2017-01-27,79,New,Get Right Witcha,Migos,782226,https://i.scdn.co/image/ab67616d0000485199a8ab6da9d593939302828a,https://open.spotify.com/track/76Y0gxtTxN0FyDCYh5qYQj
79,2017-01-27,80,Down,It's Gotta Be You,Isaiah,779293,https://i.scdn.co/image/ab67616d00004851d43b5e86edff2089b91357e6,https://open.spotify.com/track/6cAKeFFYW2aClZSUyvqAEW
80,2017-01-27,81,Up,This Is What You Came For,Calvin Harris,774098,https://i.scdn.co/image/ab67616d00004851d9aa52355e062f5de060adbf,https://open.spotify.com/track/0azC730Exh71aQlOt9Zj3y
81,2017-01-27,82,Down,X (feat. Future),21 Savage,768960,https://i.scdn.co/image/ab67616d000048512dd1ac4a61495080ef8f78ca,https://open.spotify.com/track/6fwdbPMwP1zVStm8FybmkO
82,2017-01-27,83,Down,Thinking out Loud,Ed Sheeran,763859,https://i.scdn.co/image/ab67616d00004851d08209944468440145f01524,https://open.spotify.com/track/1Slwb6dOYkBlWal1PGtnNg
83,2017-01-27,84,Down,Deja Vu,J. Cole,762102,https://i.scdn.co/image/fff50a2874dae97e76d3a78e55771d7c59719928,https://open.spotify.com/track/6I6NX6tjGsxFAsIfGzY9lJ
84,2017-01-27,85,New,Call Casting,Migos,760268,https://i.scdn.co/image/ab67616d0000485199a8ab6da9d593939302828a,https://open.spotify.com/track/0jOfl1nZf6sVBTG08Q4brn
85,2017-01-27,86,Down,Perfect Strangers,Jonas Blue,757678,https://i.scdn.co/image/ab67616d0000485179882e87678a76bc1d895e94,https://open.spotify.com/track/1CUVN2kn7mW5FjkqXTR2W1
86,2017-01-27,87,Down,Ride,Twenty One Pilots,755350,https://i.scdn.co/image/ab67616d00004851de03bfc2991fd5bcfde65ba3,https://open.spotify.com/track/2Z8WuEywRWYTKe1NybPQEW
87,2017-01-27,88,Up,No Lie,Sean Paul,750851,https://i.scdn.co/image/ab67616d000048514782809e4cd19cefc99048f7,https://open.spotify.com/track/3cFsmM51N5zMAuu1nNY4Tw
88,2017-01-27,89,Up,Steady 1234 (feat. Jasmine Thompson & Skizzy Mars),Vice,743900,https://i.scdn.co/image/ab67616d000048516c3742dff9593add7c590e85,https://open.spotify.com/track/40UroIGvsMPLPBYwH8rMNA
89,2017-01-27,90,Down,Stressed Out,Twenty One Pilots,743766,https://i.scdn.co/image/ab67616d00004851de03bfc2991fd5bcfde65ba3,https://open.spotify.com/track/3CRDbSIZ4r5MsZ0YwxuEkn
90,2017-01-27,91,Down,Panda,Desiigner,739893,https://i.scdn.co/image/ab67616d000048513df69bfb7713d8262820612b,https://open.spotify.com/track/5OOkp4U9P9oL23maHFHL1h
91,2017-01-27,92,Down,Faded,Alan Walker,737396,https://i.scdn.co/image/ab67616d00004851c4d00cac55ae1b4598c9bc90,https://open.spotify.com/track/7gHs73wELdeycvS48JfIos
92,2017-01-27,93,Down,Too Good,Drake,734763,https://i.scdn.co/image/ab67616d00004851726abca207567d5e41cb9667,https://open.spotify.com/track/11KJSRSgaDxqydKYiD2Jew
93,2017-01-27,94,Down,September Song,JP Cooper,730870,https://i.scdn.co/image/ab67616d000048511400ec742ee0935608e30700,https://open.spotify.com/track/0FuTx2s3YH1ppmtiM6l0zI
94,2017-01-27,95,Down,"Ay Mi Dios (feat. Pitbull, Yandel & Chacal)",IAmChino,722465,https://i.scdn.co/image/ab67616d000048511568fbc07414eb185c58ef62,https://open.spotify.com/track/6stYbAJgTszHAHZMPxWWCY
95,2017-01-27,96,Flat,Vacaciones,Wisin,715218,https://i.scdn.co/image/ab67616d00004851c85f0d16973e9dae6f8a786c,https://open.spotify.com/track/3dQDid3IUNhZy1OehIfYfE
96,2017-01-27,97,Down,Chill Bill,Rob $tone,710256,https://i.scdn.co/image/ab67616d000048516f3e9696889a2425338e0836,https://open.spotify.com/track/5uDASfU19gDxSjW8cnCaBp
97,2017-01-27,98,Down,Work from Home (feat. Ty Dolla $ign),Fifth Harmony,709924,https://i.scdn.co/image/ab67616d00004851d03fa6f4e758282b7920b5c8,https://open.spotify.com/track/4tCtwWceOPWzenK2HAIJSb
98,2017-01-27,99,Down,Sorry,Justin Bieber,708132,https://i.scdn.co/image/ab67616d00004851b6d9a4fbb0bd49f0f034aead,https://open.spotify.com/track/69bp2EbF7Q2rqc5N3ylezZ
99,2017-01-27,100,New,Culture (feat. DJ Khaled),Migos,705143,https://i.scdn.co/image/ab67616d0000485199a8ab6da9d593939302828a,https://open.spotify.com/track/4oLuMvGQ4WJfU2s4OM6nfE
100,2017-01-27,101,Down,"i hate u, i love u (feat. olivia o'brien)",gnash,700755,https://i.scdn.co/image/ab67616d0000485108862f843ea27f44f8e8cbd8,https://open.spotify.com/track/7vRriwrloYVaoAe3a9wJHe
101,2017-01-27,102,Down,Some Kind Of Drug,G-Eazy,698507,https://i.scdn.co/image/ab67616d0000485198acfa8c055deedc25e6081d,https://open.spotify.com/track/1Bqxj0aH5KewYHKUg1IdrF
102,2017-01-27,103,Down,Versace on the Floor,Bruno Mars,695408,https://i.scdn.co/image/ab67616d00004851232711f7d66a1e19e89e28c5,https://open.spotify.com/track/0kN8xEmgMW9mh7UmDYHlJP
103,2017-01-27,104,Down,"Sucker For Pain (with Wiz Khalifa, Imagine Dragons, Logic & Ty Dolla $ign feat. X Ambassadors)",Lil Wayne,680060,https://i.scdn.co/image/ab67616d000048517d8dfcfd507069d7f2062caf,https://open.spotify.com/track/4dASQiO1Eoo3RJvt74FtXB
104,2017-01-27,105,Down,Love Yourself,Justin Bieber,679369,https://i.scdn.co/image/ab67616d00004851b6d9a4fbb0bd49f0f034aead,https://open.spotify.com/track/3hB5DgAiMAQ4DzYbsMq1IT
105,2017-01-27,106,New,Slippery (feat. Gucci Mane),Migos,678468,https://i.scdn.co/image/ab67616d0000485199a8ab6da9d593939302828a,https://open.spotify.com/track/6p8NuHm8uCGnn2Dtbtf7zE
106,2017-01-27,107,Down,Not Going Home,DVBBS,676097,https://i.scdn.co/image/ab67616d000048519e48219a58924f86b6ab1137,https://open.spotify.com/track/042x9bsUBWW2fJgJ6fUh61
107,2017-01-27,108,Down,Me Llamas (feat. Maluma) - Remix,Piso 21,674872,https://i.scdn.co/image/ab67616d000048511e1eafb5d2bb1ca39d26f092,https://open.spotify.com/track/5hEM0JchdVzQ5PwvSfITeX
108,2017-01-27,109,Down,Trust Nobody (feat. Selena Gomez & Tory Lanez),Cashmere Cat,673310,https://i.scdn.co/image/ab67616d00004851e53443feca656fafbbbae361,https://open.spotify.com/track/2wDjpPW3HZdA9quPPmZAMu
109,2017-01-27,110,Down,Traicionera,Sebastian Yatra,671751,https://i.scdn.co/image/ab67616d00004851dbe5e9f934a9be5db8884c52,https://open.spotify.com/track/5J1c3M4EldCfNxXwrwt8mT
110,2017-01-27,111,Down,Setting Fires,The Chainsmokers,668345,https://i.scdn.co/image/ab67616d000048519e076dc24d45c52fbf7232bb,https://open.spotify.com/track/0B8B8cVRFIG1yznoQe7c9s
111,2017-01-27,112,New,Kelly Price (feat. Travis Scott),Migos,668199,https://i.scdn.co/image/ab67616d0000485199a8ab6da9d593939302828a,https://open.spotify.com/track/204U3zjm9kkzX25Pr4Rdld
112,2017-01-27,113,Down,No Heart,21 Savage,667282,https://i.scdn.co/image/ab67616d000048512dd1ac4a61495080ef8f78ca,https://open.spotify.com/track/4gmmRb6bZJffOOiww1JGTO
113,2017-01-27,114,Down,Dile Que Tu Me Quieres,Ozuna,662353,https://i.scdn.co/image/ab67616d0000485133bbd31551e01896f58d688f,https://open.spotify.com/track/20ZAJdsKB5IGbGj4ilRt2o
114,2017-01-27,115,Down,La Bicicleta,Carlos Vives,660776,https://i.scdn.co/image/ab67616d00004851d05d3aad30c5fb7614893cf5,https://open.spotify.com/track/0sXvAOmXgjR2QUqLK1MltU
115,2017-01-27,116,Down,Hymn for the Weekend - Seeb Remix,Coldplay,657718,https://i.scdn.co/image/ab67616d00004851e42f212796979596843a7376,https://open.spotify.com/track/1OAiWI2oPmglaOiv9fdioU
116,2017-01-27,117,Up,Light,San Holo,656636,https://i.scdn.co/image/ab67616d000048514452e79f2bfa40e105e7c029,https://open.spotify.com/track/7zTx8ePYAmPFQuxP3xlXZn
117,2017-01-27,118,Down,Sneakin’,Drake,655674,https://i.scdn.co/image/8b1f6991ae1192e214374d14d918140d04dbd8a7,https://open.spotify.com/track/4ckuS4Nj4FZ7i3Def3Br8W
118,2017-01-27,119,Down,Cake - Challenge Version,Flo Rida,644547,https://i.scdn.co/image/ab67616d00004851b765afdf5f6a2bc83eb5f378,https://open.spotify.com/track/6t2ubAB4iSYOuIpRAOGd4t
119,2017-01-27,120,Up,Light It Up (feat. Nyla & Fuse ODG) - Remix,Major Lazer,621439,https://i.scdn.co/image/ab67616d00004851751a2e5da4333e86814026ba,https://open.spotify.com/track/0L7loeTIg6akW84aEQZpCT
120,2017-01-27,121,Down,Work,Rihanna,618955,https://i.scdn.co/image/ab67616d000048510ed05634a469e5cf4789b0a7,https://open.spotify.com/track/14WWzenpaEgQZlqPq2nk4v
121,2017-01-27,122,Down,Shout Out to My Ex,Little Mix,617201,https://i.scdn.co/image/ab67616d000048512318bbb0586903290db2b270,https://open.spotify.com/track/0YHUITU3w6ws1v8ehT264g
122,2017-01-27,123,Down,Controlla,Drake,617009,https://i.scdn.co/image/ab67616d00004851726abca207567d5e41cb9667,https://open.spotify.com/track/6F609ICg9Spjrw1epsAnpa
123,2017-01-27,124,Down,History,Olivia Holt,616012,https://i.scdn.co/image/ab67616d000048519e21eab426152ef9078d6b94,https://open.spotify.com/track/0WCEaydwN65cvwaW8aqptF
124,2017-01-27,125,Down,Needed Me,Rihanna,612216,https://i.scdn.co/image/ddc285ca9817c96c7719b3f2a759e108787db021,https://open.spotify.com/track/1Tt4sE4pXi57mTD1GCzsqm
125,2017-01-27,126,Down,The Ocean (feat. Shy Martin),Mike Perry,611670,https://i.scdn.co/image/ab67616d000048517f401862bfe87b552a75308d,https://open.spotify.com/track/2CPqh63wRVscbceKcPxwvv
126,2017-01-27,127,Down,Six Feet Under,The Weeknd,604530,https://i.scdn.co/image/6aeaaebcbd861c8369b14366e8e0eca2fe96055d,https://open.spotify.com/track/4mU5iXHeLgbR94siF7p1sY
127,2017-01-27,128,Down,Capsize,FRENSHIP,602928,https://i.scdn.co/image/ab67616d00004851670048174db73ef55039c7bf,https://open.spotify.com/track/2XMTqoHHSH0lvuXrvIEdco
128,2017-01-27,129,Down,Swang,Rae Sremmurd,599193,https://i.scdn.co/image/16293ab3b4f9301aeb5f41810fd7056d463db55e,https://open.spotify.com/track/6mapJIPnQ23RTAevUoE0DL
129,2017-01-27,130,Down,Fresh Eyes,Andy Grammer,595650,https://i.scdn.co/image/ab67616d0000485158dd2ff215d3baa7d4bd194f,https://open.spotify.com/track/4nMlau89VAjmV7agkl7OY3
130,2017-01-27,131,Down,Love On The Brain,Rihanna,593123,https://i.scdn.co/image/ddc285ca9817c96c7719b3f2a759e108787db021,https://open.spotify.com/track/2aksifNn5ph8igDOkPBA02
131,2017-01-27,132,Flat,Cake By The Ocean,DNCE,592487,https://i.scdn.co/image/ab67616d00004851a19a2912e1618ada66b2e6e8,https://open.spotify.com/track/2aFiaMXmWsM3Vj72F9ksBl
132,2017-01-27,133,New,What The Price,Migos,573048,https://i.scdn.co/image/ab67616d0000485199a8ab6da9d593939302828a,https://open.spotify.com/track/7sO0dVFCfixpLshm4daMH3
133,2017-01-27,134,Down,7 Years,Lukas Graham,569975,https://i.scdn.co/image/ab67616d0000485104d59cefa11f0eee9f1877a5,https://open.spotify.com/track/7129iqBafaphfc3WPCGC0L
134,2017-01-27,135,Down,This Girl (Kungs Vs. Cookin' On 3 Burners) - Kungs Vs. Cookin' On 3 Burners,Kungs,567598,https://i.scdn.co/image/ab67616d00004851f504cc56f3bd99bc61929272,https://open.spotify.com/track/0tICYNayWWhH9GPeFrfjfD
135,2017-01-27,136,Down,Romantic - NOTD Remix,Stanaj,567000,https://i.scdn.co/image/ab67616d000048517861e14b4da5cfac6fb0c65b,https://open.spotify.com/track/3SGWp9fJCzgK0WcpcKSQdy
136,2017-01-27,137,Down,Oceans Away,A R I Z O N A,561550,https://i.scdn.co/image/ab67616d0000485150a25f1cb71018982b81ca2b,https://open.spotify.com/track/6A8dnC0xkiuWN4BshmTB2I
137,2017-01-27,138,Up,Final Song,MØ,559367,https://i.scdn.co/image/ab67616d00004851b7a02217229178b771ed0d4c,https://open.spotify.com/track/4qqArAiTPueDxIp7cf87h7
138,2017-01-27,139,Down,That's What I Like,Bruno Mars,556981,https://i.scdn.co/image/ab67616d00004851232711f7d66a1e19e89e28c5,https://open.spotify.com/track/0KKkJNfGyhkQ5aFogxQAPU
139,2017-01-27,140,Down,Sidewalks,The Weeknd,556012,https://i.scdn.co/image/6aeaaebcbd861c8369b14366e8e0eca2fe96055d,https://open.spotify.com/track/4h90qkbnW1Qq6pBhoPvwko
140,2017-01-27,141,Down,You Was Right,Lil Uzi Vert,554538,https://i.scdn.co/image/ab67616d000048518be07181aa935225a6f25d56,https://open.spotify.com/track/2ANLarE8yHVsLWW21nj79M
141,2017-01-27,142,Down,This Town,Niall Horan,550199,https://i.scdn.co/image/ab67616d00004851cad02035314b784b53570eac,https://open.spotify.com/track/5nA67Y0XX9JipZwYxX7Gl7
142,2017-01-27,143,Down,Into You,Ariana Grande,542060,https://i.scdn.co/image/ab67616d000048517227f5854239a059af211d5b,https://open.spotify.com/track/7yHEDfrJNd0zWOfXwydNH0
143,2017-01-27,144,Flat,Shaky Shaky,Daddy Yankee,540505,https://i.scdn.co/image/ab67616d00004851f0b25154a0858db46415fbe7,https://open.spotify.com/track/58IL315gMSTD37DOZPJ2hf
144,2017-01-27,145,Down,Middle,DJ Snake,538986,https://i.scdn.co/image/ab67616d000048515045de6786e0af096de73ed4,https://open.spotify.com/track/4OZEu0Vwq0RB2LAq14v99n
145,2017-01-27,146,Down,Love on Me,Galantis,536055,https://i.scdn.co/image/ab67616d000048510018d9ed29666f655586bccc,https://open.spotify.com/track/2MHCiOohBZEQuLgDTPvSzF
146,2017-01-27,147,Down,Congratulations,Post Malone,533132,https://i.scdn.co/image/23bae95100dcb6ac8f88c19fa2a11c50a998a926,https://open.spotify.com/track/3a1lNhkSLSkpJE4MSHpDu9
147,2017-01-27,148,Down,Lean On (feat. MØ & DJ Snake),Major Lazer,528817,https://i.scdn.co/image/ab67616d000048519f55dad3a63f72f1bc8d6f59,https://open.spotify.com/track/4WjH9Bzt3kx7z8kl0awxh4
148,2017-01-27,149,Down,pick up the phone,Young Thug,528731,https://i.scdn.co/image/ab67616d00004851f54b99bf27cda88f4a7403ce,https://open.spotify.com/track/20dP2DaMHIAmwWAbp7peSr
149,2017-01-27,150,Down,Andas En Mi Cabeza,Chino & Nacho,523024,https://i.scdn.co/image/ab67616d0000485166dad4487da6fc0dced2d0c6,https://open.spotify.com/track/5mey7CLLuFToM2P68Qu1gF
150,2017-01-27,151,Down,No Problem (feat. Lil Wayne & 2 Chainz),Chance the Rapper,521939,https://i.scdn.co/image/ab67616d00004851e71dd15fc5bdefd5bff70452,https://open.spotify.com/track/0v9Wz8o0BT8DU38R4ddjeH
151,2017-01-27,152,Down,The Other,Lauv,517302,https://i.scdn.co/image/ab67616d000048513c6e07056b26bb9804a596da,https://open.spotify.com/track/1lntL1cI2UIWlxjL5QiN8g
152,2017-01-27,153,Down,Send My Love (To Your New Lover),Adele,515309,https://i.scdn.co/image/ab67616d000048514c3bbcff5e7248e415548f12,https://open.spotify.com/track/4BHzQ9C00ceJxfG16AlNWb
153,2017-01-27,154,Down,Dancing On My Own,Calum Scott,514451,https://i.scdn.co/image/ab67616d000048511867ffdead655859c87dacc2,https://open.spotify.com/track/02WacdrRpm4zlP8H7X6bnQ
154,2017-01-27,155,Down,goosebumps,Travis Scott,513596,https://i.scdn.co/image/ab67616d00004851f54b99bf27cda88f4a7403ce,https://open.spotify.com/track/6gBFPUFcJLzWGx4lenP6h2
155,2017-01-27,156,Down,Fast Car,Jonas Blue,505478,https://i.scdn.co/image/ab67616d000048515cf78b9932b45387375528eb,https://open.spotify.com/track/6OZh916QF8XNunWaP97WEZ
156,2017-01-27,157,Down,Moves,Big Sean,505280,https://i.scdn.co/image/695d0c097d8463ccc2c2b9855fe44e3e9e7bc267,https://open.spotify.com/track/0Fv5N0cHBsl4bzCbollCAS
157,2017-01-27,158,New,Brown Paper Bag,Migos,496494,https://i.scdn.co/image/ab67616d0000485199a8ab6da9d593939302828a,https://open.spotify.com/track/5wihevBA7MO9PNYyWyTfkh
158,2017-01-27,159,Down,DUELE EL CORAZON,Enrique Iglesias,494655,https://i.scdn.co/image/ab67616d0000485113dae8008773aede4a979a7d,https://open.spotify.com/track/6YZdkObH88npeKrrkb8Ggf
159,2017-01-27,160,Down,Both (feat. Drake),Gucci Mane,494613,https://i.scdn.co/image/ab67616d000048518c75413c7f38b3f512a75b35,https://open.spotify.com/track/5tFep7dXGd7vEJ668wTPux
160,2017-01-27,161,Down,"City Of Stars - From ""La La Land"" Soundtrack",Ryan Gosling,490792,https://i.scdn.co/image/ab67616d00004851c52819227025b9097fd0bf8f,https://open.spotify.com/track/0LtVx5vsq9nfpGsWgjUin6
161,2017-01-27,162,Down,"Lose Yourself - From ""8 Mile"" Soundtrack",Eminem,488780,https://i.scdn.co/image/36440dfd440d23086573d62a32def35ecc42f111,https://open.spotify.com/track/5Z01UMMf7V1o0MzF86s6WJ
162,2017-01-27,163,Down,"Me, Myself & I",G-Eazy,486859,https://i.scdn.co/image/ab67616d0000485198acfa8c055deedc25e6081d,https://open.spotify.com/track/40YcuQysJ0KlGQTeGUosTC
163,2017-01-27,164,Down,Love$ick,Mura Masa,485967,https://i.scdn.co/image/ab67616d0000485157da025deec1abbef50e4b31,https://open.spotify.com/track/5v9N8Rx3QsFvr50cxyQcA3
164,2017-01-27,165,New,Big On Big,Migos,485872,https://i.scdn.co/image/ab67616d0000485199a8ab6da9d593939302828a,https://open.spotify.com/track/3BoPOp7YNORLqMUjE5XAh9
165,2017-01-27,166,Down,Hello,Adele,480880,https://i.scdn.co/image/ab67616d000048514c3bbcff5e7248e415548f12,https://open.spotify.com/track/4sPmO7WMQUAf45kwMOtONw
166,2017-01-27,167,Down,Taped up Heart (feat. Clara Mae),KREAM,479819,https://i.scdn.co/image/ab67616d000048519e4c024fb45d7a2b84af90bd,https://open.spotify.com/track/26hcyzSE154xMZCbFdtInA
167,2017-01-27,168,New,Deadz (feat. 2 Chainz),Migos,478959,https://i.scdn.co/image/ab67616d0000485199a8ab6da9d593939302828a,https://open.spotify.com/track/4AlrLQ2RMxOwz1gTTkb4vQ
168,2017-01-27,169,Down,Gyal You A Party Animal - Remix,Charly Black,478287,https://i.scdn.co/image/ab67616d0000485131a026a9d39e08006ddfb138,https://open.spotify.com/track/1AkTW13ysu0AJrwuM6UY0I
169,2017-01-27,170,Down,Roses,The Chainsmokers,472346,https://i.scdn.co/image/ab67616d0000485108d87fb54859bc9038f7e5e0,https://open.spotify.com/track/6O6M7pJLABmfBRoGZMu76Y
170,2017-01-27,171,Down,Cocoon,Milky Chance,467042,https://i.scdn.co/image/ab67616d00004851f1b313d02bd130b1bc320afd,https://open.spotify.com/track/0L87MffumRNWrY2SNUFcvs
171,2017-01-27,172,Up,Juju On That Beat (TZ Anthem),Zay Hilfigerrr,466424,https://i.scdn.co/image/ab67616d00004851186678fe32d915298c28d576,https://open.spotify.com/track/1lItf5ZXJc1by9SbPeljFd
172,2017-01-27,173,Down,Stitches,Shawn Mendes,464911,https://i.scdn.co/image/ab67616d0000485147710f5e89677e4d048e744c,https://open.spotify.com/track/1WP1r7fuvRqZRnUaTi2I1Q
173,2017-01-27,174,New,Love Me Better,James Blunt,458310,https://i.scdn.co/image/83ac6de03aec72d50453eb5f6d2393ed3ffcdd76,https://open.spotify.com/track/3MzDvWYbRMAgkOFu5DhNvh
174,2017-01-27,175,Down,PILLOWTALK,ZAYN,458090,https://i.scdn.co/image/ab67616d00004851a15e26d05b7ce776b566579d,https://open.spotify.com/track/0PDUDa38GO8lMxLCRc4lL1
175,2017-01-27,176,Down,Let It Go,James Bay,456879,https://i.scdn.co/image/abcbe01d6557c60388e976c9a535f26f73fcbf09,https://open.spotify.com/track/13HVjjWUZFaWilh2QUJKsP
176,2017-01-27,177,Up,Cuatro Babys,Maluma,456164,https://i.scdn.co/image/ab67616d00004851638d3cdf37fa447977e29e94,https://open.spotify.com/track/0JoHqmlqE0W0i9prt6kcHR
177,2017-01-27,178,Down,Never Be Like You,Flume,455060,https://i.scdn.co/image/ab67616d000048519eca0fdd60e06268050103e5,https://open.spotify.com/track/12REd1n8PeiHHWOh066tpr
178,2017-01-27,179,Down,Sex,Cheat Codes,453840,https://i.scdn.co/image/3b6152419e1f09563b17835100766da08426ec66,https://open.spotify.com/track/5DA77EqppDmCTWGovd4oTP
179,2017-01-27,180,Down,No Role Modelz,J. Cole,453426,https://i.scdn.co/image/ab67616d000048516aca031ccc27d2e4dd829d14,https://open.spotify.com/track/62vpWI1CHwFy7tMIcSStl8
180,2017-01-27,181,Down,Te Quiero Pa´Mi,Don Omar,452946,https://i.scdn.co/image/ab67616d00004851d0cb2a58e3bf5d7ac5ece16f,https://open.spotify.com/track/3BY2mafsbsoKGqS380Xnuz
181,2017-01-27,182,Down,The Hills,The Weeknd,452404,https://i.scdn.co/image/ab67616d00004851aac98daa18e4edf54d7a0a70,https://open.spotify.com/track/25khomWgBVamSdKw7hzm3l
182,2017-01-27,183,Down,Chillax (feat. Ky-Mani Marley),Farruko,452209,https://i.scdn.co/image/ab67616d00004851118504cbeaf4187aaa601395,https://open.spotify.com/track/1lxswgIpzV6HhENRvkflES
183,2017-01-27,184,Down,Borro Cassette,Maluma,451244,https://i.scdn.co/image/ab67616d000048513c3acd23605ccd1a9fd038bd,https://open.spotify.com/track/6DUdDIRgLqCGq1DwkNWQTN
184,2017-01-27,185,Down,What Do You Mean?,Justin Bieber,449793,https://i.scdn.co/image/ab67616d00004851b6d9a4fbb0bd49f0f034aead,https://open.spotify.com/track/3pzjHKrQSvXGHQ98dx18HI
185,2017-01-27,186,Down,Low Life,Future,445982,https://i.scdn.co/image/ab67616d00004851626745b3aa04899001a924ad,https://open.spotify.com/track/7EiZI6JVHllARrX9PUvAdX
186,2017-01-27,187,Down,'Till I Collapse,Eminem,444482,https://i.scdn.co/image/ab67616d00004851ccdb1982626f299b3b1d3efd,https://open.spotify.com/track/6yr8GiTHWvFfi4o6Q5ebdT
187,2017-01-27,188,Up,"Sola (Remix) [feat. Daddy Yankee, Wisin, Farruko, Zion & Lennox]",Anuel AA,443133,https://i.scdn.co/image/ab67616d00004851a66def7d649149464edc8f1e,https://open.spotify.com/track/5q2JbCNi4FcnglgPfxcV65
188,2017-01-27,189,Down,Lush Life,Zara Larsson,440832,https://i.scdn.co/image/ab67616d000048519e1683774b22648f4f178ed3,https://open.spotify.com/track/1rIKgCH4H52lrvDcz50hS8
189,2017-01-27,190,Down,"Another Day Of Sun - From ""La La Land"" Soundtrack",La La Land Cast,438055,https://i.scdn.co/image/ab67616d000048512a307d64201d08144f68cc49,https://open.spotify.com/track/0zCfmceT1YvtZXGbR6Roht
190,2017-01-27,191,Down,Used to This,Future,437318,https://i.scdn.co/image/ab67616d00004851e0b64c8be3c4e804abcb2696,https://open.spotify.com/track/78sr3ogs4UzITcCNbXM9cM
191,2017-01-27,192,Down,Selfish,PnB Rock,434319,https://i.scdn.co/image/ab67616d00004851e9fb616403542596d3ede300,https://open.spotify.com/track/2xbI8Vmyv3TkpTdywpPyNw
192,2017-01-27,193,Down,Ain't My Fault,Zara Larsson,434121,https://i.scdn.co/image/ab67616d000048519e1683774b22648f4f178ed3,https://open.spotify.com/track/0ADG9OgdVTL7fgREP75BrZ
193,2017-01-27,194,New,All Ass,Migos,432265,https://i.scdn.co/image/ab67616d0000485199a8ab6da9d593939302828a,https://open.spotify.com/track/5QxqypupYWHrY8IkGCSObQ
194,2017-01-27,195,Down,Hotline Bling,Drake,432255,https://i.scdn.co/image/ab67616d00004851726abca207567d5e41cb9667,https://open.spotify.com/track/2FBUoWkIuQXwayw2RNo5l6
195,2017-01-27,196,Down,Let Me Hold You (Turn Me On),Dante Klein,431989,https://i.scdn.co/image/ab67616d000048517c8b9ddb952a62ac64f66d90,https://open.spotify.com/track/0lmdsH1MIoLsMymnNpd6HU
196,2017-01-27,197,Down,Jumpman,Drake,431645,https://i.scdn.co/image/d4b8cf869e0b9fa7aea9a3dc569a935edb78840c,https://open.spotify.com/track/27GmP9AWRs744SzKcpJsTZ
197,2017-01-27,198,Down,Party,Chris Brown,431456,https://i.scdn.co/image/ab67616d0000485109678e7a7fd4150585af8987,https://open.spotify.com/track/05Z7jet4VDNVgNQWcYHnrk
198,2017-01-27,199,Down,White Iverson,Post Malone,427939,https://i.scdn.co/image/23bae95100dcb6ac8f88c19fa2a11c50a998a926,https://open.spotify.com/track/6eT7xZZlB2mwyzJ2sUKG6w
199,2017-01-27,200,Down,Let Her Go,Passenger,427647,https://i.scdn.co/image/ab67616d000048514566e671e5c947cba3a38436,https://open.spotify.com/track/2jyjhRf6DVbMPU5zxagN2h
