,Date,Position,Trend,Title,Artist,Streams,Icon_URL,Spotify_URL
0,2018-03-19,1,Flat,God's Plan,Drake,6053011,https://i.scdn.co/image/ab67616d000048515e8f046078b784e6f8502008,https://open.spotify.com/track/2XW4DbS6NddZxRPm5rMCeY
1,2018-03-19,2,Flat,Psycho (feat. Ty Dolla $ign),Post Malone,4391277,https://i.scdn.co/image/ab67616d00004851918d749b2bdc00e59be23312,https://open.spotify.com/track/65NwOZqoXny4JxqAPlfxRF
2,2018-03-19,3,Flat,SAD!,XXXTENTACION,4319597,https://i.scdn.co/image/f0443f8ad743f6052c813c593f1ad0fc161965a2,https://open.spotify.com/track/3ee8Jmje8o58CHK66QrVC2
3,2018-03-19,4,Flat,FRIENDS,Marshmello,3440878,https://i.scdn.co/image/ab67616d00004851569f64493ca55cd96fdee412,https://open.spotify.com/track/08bNPGLD8AhKpnnERrAc6G
4,2018-03-19,5,Flat,All The Stars (with SZA),Kendrick Lamar,3204893,https://i.scdn.co/image/28e755c12683e1038efd53a902601e7f7ed4dbc5,https://open.spotify.com/track/3GCdLUSnKSMJhs4Tj6CV3s
5,2018-03-19,6,Flat,Look Alive (feat. Drake),BlocBoy JB,3133825,https://i.scdn.co/image/ab67616d0000485155cad990bc1ce5808367fa0e,https://open.spotify.com/track/4qKcDkK6siZ7Jp1Jb4m0aL
6,2018-03-19,7,Flat,IDGAF,Dua Lipa,3038857,https://i.scdn.co/image/ab67616d000048516b915e407b70e121e06fe979,https://open.spotify.com/track/76cy1WJvNGJTj78UqeA5zr
7,2018-03-19,8,Up,The Middle,Zedd,2926660,https://i.scdn.co/image/ab67616d00004851247b73f96ede946a7fa0af12,https://open.spotify.com/track/2ARqIya5NAuvFVHSN3bL0m
8,2018-03-19,9,Flat,Mine,Bazzi,2863279,https://i.scdn.co/image/ab67616d0000485173924baaee2d2e94829953bf,https://open.spotify.com/track/6tHWl8ows5JOZq9Yfaqn3M
9,2018-03-19,10,Down,X,Nicky Jam,2832515,https://i.scdn.co/image/ab67616d0000485126ddcc42228a649e5fbe4350,https://open.spotify.com/track/39N9RPD9MRb5WmoLzNzPeA
10,2018-03-19,11,Flat,These Days,Rudimental,2598782,https://i.scdn.co/image/ab67616d00004851e9f49a29f00d42d7857794a5,https://open.spotify.com/track/5CLGzJsGqhCEECcpnFQA8x
11,2018-03-19,12,Flat,Love Lies (with Normani),Khalid,2576518,https://i.scdn.co/image/ab67616d00004851dd7eaf261543814a6d715d67,https://open.spotify.com/track/45Egmo7icyopuzJN0oMEdk
12,2018-03-19,13,Flat,rockstar,Post Malone,2375083,https://i.scdn.co/image/ab67616d0000485147a8619ffffa8ccd20ca194b,https://open.spotify.com/track/2U7Hu2RaNQNRi7izoJyZaX
13,2018-03-19,14,Up,Moonlight,XXXTENTACION,2366202,https://i.scdn.co/image/f0443f8ad743f6052c813c593f1ad0fc161965a2,https://open.spotify.com/track/0JP9xo3adEtGSdUEISiszL
14,2018-03-19,15,Up,Pray For Me (with Kendrick Lamar),The Weeknd,2183854,https://i.scdn.co/image/ab67616d000048518ac2a58fbcab6a775e790b15,https://open.spotify.com/track/4ofvoCdXq99vpMZO4Cfp8x
15,2018-03-19,16,Down,Havana (feat. Young Thug),Camila Cabello,2176341,https://i.scdn.co/image/ab67616d000048516eb0b9e73adcf04e4ed3eca4,https://open.spotify.com/track/1rfofaqEpACxVEHIZBJe6W
16,2018-03-19,17,Down,Dura,Daddy Yankee,2095980,https://i.scdn.co/image/ab67616d00004851407475cb28e657ec856dcbaf,https://open.spotify.com/track/2j2fIJGh4PMdXt9ULI5Tlc
17,2018-03-19,18,Flat,Meant to Be (feat. Florida Georgia Line),Bebe Rexha,2039909,https://i.scdn.co/image/ab67616d000048511ba5682505dd6e2592b16e41,https://open.spotify.com/track/7iDa6hUg2VgEL1o1HjmfBn
18,2018-03-19,19,Flat,Never Be the Same,Camila Cabello,1953899,https://i.scdn.co/image/ab67616d000048516eb0b9e73adcf04e4ed3eca4,https://open.spotify.com/track/4eWQlBRaTjPPUlzacqEeoQ
19,2018-03-19,20,Up,Everyday,Logic,1857390,https://i.scdn.co/image/048f72adcf19156266fbe080c1d4a782f6affdfd,https://open.spotify.com/track/4EAV2cKiqKP5UPZmY6dejk
20,2018-03-19,21,Up,Stir Fry,Migos,1726698,https://i.scdn.co/image/36f1a1c6bddf8a4c0b9e6c7612a9b25048904344,https://open.spotify.com/track/2UVbBKQOdFAekPTRsnkzcf
21,2018-03-19,22,Up,New Rules,Dua Lipa,1709941,https://i.scdn.co/image/ab67616d000048516b915e407b70e121e06fe979,https://open.spotify.com/track/2ekn2ttSfGqwhhate0LSR0
22,2018-03-19,23,Up,changes,XXXTENTACION,1699418,https://i.scdn.co/image/f0443f8ad743f6052c813c593f1ad0fc161965a2,https://open.spotify.com/track/7AFASza1mXqntmGtbxXprO
23,2018-03-19,24,Down,Amorfoda,Bad Bunny,1694791,https://i.scdn.co/image/ab67616d00004851ffde74831eadc3cdccc02188,https://open.spotify.com/track/3ITvHA9zhZZdBJsOsAUegF
24,2018-03-19,25,Up,Me Niego (feat. Ozuna & Wisin),Reik,1658883,https://i.scdn.co/image/ab67616d00004851395857179e6679826a8fa497,https://open.spotify.com/track/6jA8JUuPCGYjFcgw0AoM5T
25,2018-03-19,26,Down,Finesse - Remix; feat. Cardi B,Bruno Mars,1648191,https://i.scdn.co/image/ab67616d0000485147e522adf030a78615cdea06,https://open.spotify.com/track/3Vo4wInECJQuz9BIBMOu8i
26,2018-03-19,27,Up,Freaky Friday (feat. Chris Brown),Lil Dicky,1630030,https://i.scdn.co/image/ab67616d00004851f1115552efd25fa498ec923a,https://open.spotify.com/track/10Igtw8bSDyyFs7KIsKngZ
27,2018-03-19,28,Down,Échame La Culpa,Luis Fonsi,1611623,https://i.scdn.co/image/ab67616d000048510ac9a58447dfccc5127248e0,https://open.spotify.com/track/1zsG4eaZmkA1dvjDDsAGLK
28,2018-03-19,29,Flat,River (feat. Ed Sheeran),Eminem,1600686,https://i.scdn.co/image/ab67616d00004851255191ed87a907d362b43f19,https://open.spotify.com/track/5UEnHoDYpsxlfzWLZIc7LD
29,2018-03-19,30,Down,Perfect,Ed Sheeran,1594303,https://i.scdn.co/image/ab67616d00004851ba5db46f4b838ef6027e6f96,https://open.spotify.com/track/0tgVpDi06FyKpA1z0VMD4v
30,2018-03-19,31,Flat,Sick Boy,The Chainsmokers,1572174,https://i.scdn.co/image/ab67616d000048519cd3a40ec0c720defb17074e,https://open.spotify.com/track/2IKZkwHI5zsZf70STuhvOX
31,2018-03-19,32,Flat,Wolves,Selena Gomez,1554403,https://i.scdn.co/image/ab67616d0000485110368f28dac3b838770f985c,https://open.spotify.com/track/7EmGUiUaOSGDnUUQUDrOXC
32,2018-03-19,33,Flat,I Fall Apart,Post Malone,1539280,https://i.scdn.co/image/23bae95100dcb6ac8f88c19fa2a11c50a998a926,https://open.spotify.com/track/75ZvA4QfFiZvzhj2xkaWAh
33,2018-03-19,34,Up,Plug Walk,Rich The Kid,1522728,https://i.scdn.co/image/ab67616d000048514cf8cc739645a5ebc07a9a9a,https://open.spotify.com/track/0gD6lWJhbXHWNVwQziSVvl
34,2018-03-19,35,Up,the remedy for a broken heart (why am I so in love),XXXTENTACION,1513769,https://i.scdn.co/image/f0443f8ad743f6052c813c593f1ad0fc161965a2,https://open.spotify.com/track/4UKCKdYiLN6IMA5ZESUTL7
35,2018-03-19,36,Down,"King's Dead (with Kendrick Lamar, Future & James Blake)",Jay Rock,1513390,https://i.scdn.co/image/ab67616d00004851c3de572921cabde540d4880a,https://open.spotify.com/track/51rXHuKN8Loc4sUlKPODgH
36,2018-03-19,37,Down,Bella,Wolfine,1506128,https://i.scdn.co/image/ab67616d0000485100f3f20aca8bce07b5e68af8,https://open.spotify.com/track/3xcCix7Jv1Rp90YVmgo35D
37,2018-03-19,38,Flat,Say Something,Justin Timberlake,1495632,https://i.scdn.co/image/ab67616d000048514626ff0fee963da605f6aa06,https://open.spotify.com/track/1LhMopPAallLeaeNutqbgS
38,2018-03-19,39,Down,Ric Flair Drip (& Metro Boomin),Offset,1479412,https://i.scdn.co/image/ab67616d000048510f206fe737d46f2f2d826d83,https://open.spotify.com/track/7sO5G9EABYOXQKNPNiE9NR
39,2018-03-19,40,Down,Shape of You,Ed Sheeran,1436826,https://i.scdn.co/image/ab67616d00004851ba5db46f4b838ef6027e6f96,https://open.spotify.com/track/7qiZfU4dY1lWllzX7mPBI3
40,2018-03-19,41,Flat,Like I Do,David Guetta,1425444,https://i.scdn.co/image/ab67616d00004851734eb0ed1bd80aeed903f30b,https://open.spotify.com/track/6RnkFd8Fqqgk1Uni8RgqCQ
41,2018-03-19,42,Flat,For You (Fifty Shades Freed) (& Rita Ora),Liam Payne,1411349,https://i.scdn.co/image/ab67616d00004851ddc8bbc60fa930446a2b5718,https://open.spotify.com/track/5hM6sP0Gh1jD57drszNueC
42,2018-03-19,43,Down,Déjala que vuelva (feat. Manuel Turizo),Piso 21,1358753,https://i.scdn.co/image/ab67616d000048514ed4c2e64f7bf0977aa70b42,https://open.spotify.com/track/33bnxcjePIkcmNjEFTJX0l
43,2018-03-19,44,Up,Heaven,Julia Michaels,1351038,https://i.scdn.co/image/ab67616d000048518dfd94df32e91d9f384df1fb,https://open.spotify.com/track/4QfNOZN7vrQCQKK1ZJ3XPb
44,2018-03-19,45,Down,Let You Down,NF,1333312,https://i.scdn.co/image/ab67616d0000485139e85b6ae069d1e25bbc89df,https://open.spotify.com/track/6mrKP2jyIQmM0rw6fQryjr
45,2018-03-19,46,Up,Capital Letters,Hailee Steinfeld,1280823,https://i.scdn.co/image/ab67616d00004851f6630162a999e1cf78afbbae,https://open.spotify.com/track/3towKHKVOXCCcL1fHv6xFO
46,2018-03-19,47,Up,NUMB,XXXTENTACION,1272663,https://i.scdn.co/image/f0443f8ad743f6052c813c593f1ad0fc161965a2,https://open.spotify.com/track/01TnVDiet1DFTsyWKUKovl
47,2018-03-19,48,Up,"Let Me Go (with Alesso, Florida Georgia Line & watt)",Hailee Steinfeld,1258142,https://i.scdn.co/image/ab67616d00004851dbdc892395413def043e0655,https://open.spotify.com/track/5AEtlRudpgdT5FtNiuly6Y
48,2018-03-19,49,Up,Feel It Still,Portugal. The Man,1225960,https://i.scdn.co/image/ab67616d00004851af52c228c9619ff6298b08cd,https://open.spotify.com/track/6QgjcU0zLnzq5OrUoSZ3OK
49,2018-03-19,50,Down,Downtown,Anitta,1211597,https://i.scdn.co/image/ab67616d000048518c6b830c36c7b4ac43c3cee8,https://open.spotify.com/track/3Ga6eKrUFf12ouh9Yw3v2D
50,2018-03-19,51,Down,Corazón,Maluma,1202437,https://i.scdn.co/image/ab67616d000048516876ec811b26ba2094565b34,https://open.spotify.com/track/4lESS6vuruP6a79KWRaQou
51,2018-03-19,52,Up,44 More,Logic,1200236,https://i.scdn.co/image/048f72adcf19156266fbe080c1d4a782f6affdfd,https://open.spotify.com/track/3e7Y6sfFlIdBMJhX7wpqVO
52,2018-03-19,53,Up,going down!,XXXTENTACION,1197455,https://i.scdn.co/image/f0443f8ad743f6052c813c593f1ad0fc161965a2,https://open.spotify.com/track/7CkbRn6S0itJqcqn88AtSV
53,2018-03-19,54,Down,Síguelo Bailando,Ozuna,1171532,https://i.scdn.co/image/ab67616d00004851b0a875d7f1bfe4ec4aaffa48,https://open.spotify.com/track/5Y9fnynLlIvqtM710MHzfz
54,2018-03-19,55,Up,Breathe,Jax Jones,1155974,https://i.scdn.co/image/ab67616d00004851242e97b0767265f5c3cf0277,https://open.spotify.com/track/6tvQzeCPwOytDlBYCIOY0n
55,2018-03-19,56,Up,Everybody Hates Me,The Chainsmokers,1146129,https://i.scdn.co/image/ab67616d00004851f1884e2d22a1e03488ffc7d3,https://open.spotify.com/track/3pIigjAWkzwAonXpJ1fmSF
56,2018-03-19,57,Up,infinity (888) - feat. Joey Bada$$,XXXTENTACION,1143358,https://i.scdn.co/image/f0443f8ad743f6052c813c593f1ad0fc161965a2,https://open.spotify.com/track/7J2gyNghNTzl4EsLhXp01Q
57,2018-03-19,58,Down,Him & I (with Halsey),G-Eazy,1127178,https://i.scdn.co/image/ab67616d00004851046527a9c176f7c2916f3530,https://open.spotify.com/track/5k38wzpLb15YgncyWdTZE4
58,2018-03-19,59,Down,Criminal,Natti Natasha,1112120,https://i.scdn.co/image/ab67616d000048515f3f4af0d3e662247a7d8cff,https://open.spotify.com/track/6Za3190Sbw39BBC77WSS1C
59,2018-03-19,60,Down,Thunder,Imagine Dragons,1102115,https://i.scdn.co/image/ab67616d00004851ee138477bb382419f3f165c5,https://open.spotify.com/track/26gceVsA1ybT8qsX3aYLEn
60,2018-03-19,61,Up,"I don’t even speak spanish lol - feat. Rio Santana, Judah, Carlos Andrez",XXXTENTACION,1094733,https://i.scdn.co/image/f0443f8ad743f6052c813c593f1ad0fc161965a2,https://open.spotify.com/track/14boA065HMHWvqyPPEeN4y
61,2018-03-19,62,Flat,I Miss You (feat. Julia Michaels),Clean Bandit,1088353,https://i.scdn.co/image/ab67616d000048518341ce7a7a1f4ab4182823d5,https://open.spotify.com/track/2xmrfQpmS2iJExTlklLoAL
62,2018-03-19,63,Up,Powerglide (feat. Juicy J),Rae Sremmurd,1088177,https://i.scdn.co/image/ab67616d00004851685f3c0308abbb32799800b2,https://open.spotify.com/track/2yUbCEiaolfSMluDo9RMmG
63,2018-03-19,64,Down,XO Tour Llif3,Lil Uzi Vert,1073574,https://i.scdn.co/image/ab67616d0000485141b41e6f7924e530a9b00f9c,https://open.spotify.com/track/7GX5flRQZVHRAGd6B4TmDO
64,2018-03-19,65,Down,Silence,Marshmello,1067072,https://i.scdn.co/image/ab67616d00004851f33ba583059dc2f7d08bf2b8,https://open.spotify.com/track/7vGuf3Y35N4wmASOKLUVVU
65,2018-03-19,66,Down,Too Good At Goodbyes,Sam Smith,1065695,https://i.scdn.co/image/eb645ad7342e0f34817e16d9d4061c3b5e374d4c,https://open.spotify.com/track/1mXVgsBdtIVeCLJnSnmtdV
66,2018-03-19,67,Up,Remind Me to Forget,Kygo,1062813,https://i.scdn.co/image/ab67616d00004851238d888f4282893ed8f83f2a,https://open.spotify.com/track/6xTU6B6nFwKKTSZ9ySXS80
67,2018-03-19,68,Up,Hope,XXXTENTACION,1043011,https://i.scdn.co/image/f0443f8ad743f6052c813c593f1ad0fc161965a2,https://open.spotify.com/track/2ZRo7axmMPeSVUvDbGkJah
68,2018-03-19,69,Down,Congratulations,Post Malone,1011031,https://i.scdn.co/image/23bae95100dcb6ac8f88c19fa2a11c50a998a926,https://open.spotify.com/track/3a1lNhkSLSkpJE4MSHpDu9
69,2018-03-19,70,Down,"1, 2, 3 (feat. Jason Derulo & De La Ghetto)",Sofia Reyes,1009636,https://i.scdn.co/image/ab67616d00004851775d1e288c04237d896e8357,https://open.spotify.com/track/4QtiVmuA88tPQiCOHZuQ5b
70,2018-03-19,71,Up,Mad Love,Sean Paul,1007373,https://i.scdn.co/image/c7a68b10f61696b28fdf8219a92eb634a820400e,https://open.spotify.com/track/3soOPBuMK8YMdWnV7xpEyf
71,2018-03-19,72,Up,Delicate,Taylor Swift,980849,https://i.scdn.co/image/c2e6423b9624845f6dd57aef8ce00fa53aedcef7,https://open.spotify.com/track/6NFyWDv5CjfwuzoCkw47Xf
72,2018-03-19,73,Down,Believer,Imagine Dragons,971493,https://i.scdn.co/image/ab67616d00004851ee138477bb382419f3f165c5,https://open.spotify.com/track/7Izh7zLJGw1Nscd62Exxj4
73,2018-03-19,74,Down,Sensualidad,Bad Bunny,967332,https://i.scdn.co/image/ab67616d00004851c0ca1263b2966ddff794d3bb,https://open.spotify.com/track/5hcisvFMidkMJlElTO9Qmw
74,2018-03-19,75,Up,Wait,Maroon 5,965176,https://i.scdn.co/image/ab67616d00004851d87fe4a7e157a1ecb7566ef5,https://open.spotify.com/track/4lUnFLtn8w3W76FiYDRzmO
75,2018-03-19,76,Up,Jocelyn Flores,XXXTENTACION,956123,https://i.scdn.co/image/ab67616d00004851203c89bd4391468eea4cc3f5,https://open.spotify.com/track/7m9OqQk4RVRkw9JJdeAw96
76,2018-03-19,77,Down,Young Dumb & Broke,Khalid,945492,https://i.scdn.co/image/ab67616d00004851988ede5e1276e758b5f9e577,https://open.spotify.com/track/5Z3GHaZ6ec9bsiI5BenrbY
77,2018-03-19,78,Down,What Lovers Do (feat. SZA),Maroon 5,941488,https://i.scdn.co/image/ab67616d000048519ccf08d3f74b36b7880522b5,https://open.spotify.com/track/3hBBKuWJfxlIlnd9QFoC8k
78,2018-03-19,79,Down,This Is Me,Keala Settle,941412,https://i.scdn.co/image/ab67616d00004851b33c769adce9e164764a7ca0,https://open.spotify.com/track/2xGjteMU3E1tkEPVFBO08U
79,2018-03-19,80,Down,HUMBLE.,Kendrick Lamar,937806,https://i.scdn.co/image/ae1f239b41e9604a66eb900834c6887cd2f62ff1,https://open.spotify.com/track/7KXjTSCq5nL1LoYtL7XAwS
80,2018-03-19,81,Down,Rewrite The Stars,Zac Efron,935918,https://i.scdn.co/image/ab67616d00004851d44e723b677380dfbc899bcd,https://open.spotify.com/track/630sXRhIcfwr2e4RdNtjKN
81,2018-03-19,82,Down,EL BAÑO,Enrique Iglesias,935665,https://i.scdn.co/image/ab67616d000048517a201c3a7e4677711df31e57,https://open.spotify.com/track/2vvdTrdryjsl8DmPIMDWZU
82,2018-03-19,83,Up,$$$ - with Matt Ox,XXXTENTACION,916084,https://i.scdn.co/image/f0443f8ad743f6052c813c593f1ad0fc161965a2,https://open.spotify.com/track/65u1dHQyQyE4y4aN2eDmMF
83,2018-03-19,84,Up,Walk It Talk It,Migos,910861,https://i.scdn.co/image/36f1a1c6bddf8a4c0b9e6c7612a9b25048904344,https://open.spotify.com/track/6n4U3TlzUGhdSFbUUhTvLP
84,2018-03-19,85,Down,Dembow,Danny Ocean,910791,https://i.scdn.co/image/ab67616d00004851418acc3f747c7a42f91c72c6,https://open.spotify.com/track/2EzRdhuoPyNJDlep7lnNf2
85,2018-03-19,86,Up,Anywhere,Rita Ora,886842,https://i.scdn.co/image/ab67616d000048517a642f7a662f4c94683ac038,https://open.spotify.com/track/7EI6Iki24tBHAMxtb4xQN2
86,2018-03-19,87,Down,Betrayed,Lil Xan,880748,https://i.scdn.co/image/ab67616d00004851fd53c5b8a4787f283833db4d,https://open.spotify.com/track/6NWl2m8asvH83xjuXVNsuG
87,2018-03-19,88,Up,Narcos,Migos,872807,https://i.scdn.co/image/36f1a1c6bddf8a4c0b9e6c7612a9b25048904344,https://open.spotify.com/track/0wbnC9AUenxp613TYaJsGK
88,2018-03-19,89,Down,"ALONE, PART 3",XXXTENTACION,868628,https://i.scdn.co/image/f0443f8ad743f6052c813c593f1ad0fc161965a2,https://open.spotify.com/track/2oe6dDthgthqUkfL3czpEd
89,2018-03-19,90,Down,Bum Bum Tam Tam,MC Fioti,863608,https://i.scdn.co/image/ab67616d00004851f45f041104bda8b5737ded73,https://open.spotify.com/track/4zWO4gvuFtw6EJZC5FFGlr
90,2018-03-19,91,Flat,Candy Paint,Post Malone,862085,https://i.scdn.co/image/ab67616d00004851bf95d2beddffbdb488310f67,https://open.spotify.com/track/42CeaId2XNlxugDvyqHfDf
91,2018-03-19,92,Down,Dusk Till Dawn - Radio Edit,ZAYN,851889,https://i.scdn.co/image/ab67616d0000485123852b7ef0ecfe29d38d97ee,https://open.spotify.com/track/1j4kHkkpqZRBwE0A4CN4Yv
92,2018-03-19,93,Down,Machika,J Balvin,835770,https://i.scdn.co/image/ab67616d000048515b72e385b8296a8600016edd,https://open.spotify.com/track/6MNGxu8MprKGkchUchkJsy
93,2018-03-19,94,Down,Perfect Duet (Ed Sheeran & Beyoncé),Ed Sheeran,829885,https://i.scdn.co/image/ab67616d00004851af6b2fca3b6e24612a5fe5d8,https://open.spotify.com/track/1bhUWB0zJMIKr9yVPrkEuI
94,2018-03-19,95,Up,PICK IT UP (feat. A$AP Rocky),Famous Dex,825073,https://i.scdn.co/image/ab67616d00004851b3c4572395192f7c8d26820b,https://open.spotify.com/track/3ncgNpxLoBQ65ABk4djDyd
95,2018-03-19,96,Up,Unforgettable,French Montana,813719,https://i.scdn.co/image/ab67616d000048518a31195a371b2233456f6c07,https://open.spotify.com/track/3B54sVLJ402zGa6Xm4YGNe
96,2018-03-19,97,Up,How Long,Charlie Puth,809627,https://i.scdn.co/image/ab67616d00004851872353e715cccea67fe3de91,https://open.spotify.com/track/32DGGj6KlNuBr6WaqRxpxi
97,2018-03-19,98,Up,1-800-273-8255,Logic,807041,https://i.scdn.co/image/08f9ccb7875a87c07c79c1ccd5319263786c55ea,https://open.spotify.com/track/5tz69p7tJuGPeMGwNTxYuV
98,2018-03-19,99,Down,Solita,Ozuna,804069,https://i.scdn.co/image/ab67616d00004851bc739e4f39cb4d5c253fcb64,https://open.spotify.com/track/7rwX0O3RlxqqIjQM8evm5E
99,2018-03-19,100,Down,Say You Won't Let Go,James Arthur,802651,https://i.scdn.co/image/ab67616d0000485120beb61f61fcbeb33b10a9ab,https://open.spotify.com/track/5uCax9HTNlzGybIStD3vDh
100,2018-03-19,101,Up,66,Lil Yachty,797545,https://i.scdn.co/image/2a324fa16f1a4ce82e1b066c3e2a3c3fb414c07b,https://open.spotify.com/track/6tarvNiKnEjYMj1VZhlDqR
101,2018-03-19,102,Up,I Like Me Better,Lauv,792980,https://i.scdn.co/image/ab67616d00004851fab48816b625e2a77a732400,https://open.spotify.com/track/1wjzFQodRWrPcQ0AnYnvQ9
102,2018-03-19,103,Up,Nowadays (feat. Landon Cube),Lil Skies,792971,https://i.scdn.co/image/ab67616d00004851c56dcd1015c1ffb8c56d2988,https://open.spotify.com/track/2u7mxWSeoqTXndK5e08jMp
103,2018-03-19,104,Down,El Préstamo,Maluma,788909,https://i.scdn.co/image/ab67616d00004851530b91ed48d536028e8ac26f,https://open.spotify.com/track/0QS5rZpm5zN9wV9lJgjyUE
104,2018-03-19,105,Down,Bank Account,21 Savage,788159,https://i.scdn.co/image/ab67616d00004851ac3c0aecec76cd7b5a54795e,https://open.spotify.com/track/2fQrGHiQOvpL9UgPvtYy6G
105,2018-03-19,106,Down,So Far Away (feat. Jamie Scott & Romy Dya),Martin Garrix,783024,https://i.scdn.co/image/ab67616d000048512bfb97c135445f83927049ca,https://open.spotify.com/track/0OlnLZY4cmQzT6ZGttvWBM
106,2018-03-19,107,Down,Se Preparó,Ozuna,779003,https://i.scdn.co/image/ab67616d00004851b0a875d7f1bfe4ec4aaffa48,https://open.spotify.com/track/1m69ELEgE6k5ZWsap40ozt
107,2018-03-19,108,Down,Something Just Like This,The Chainsmokers,775046,https://i.scdn.co/image/ab67616d000048510c13d3d5a503c84fcc60ae94,https://open.spotify.com/track/6RUKPb4LETWmmr3iAEQktW
108,2018-03-19,109,Up,Tip Toe (feat. French Montana),Jason Derulo,760595,https://i.scdn.co/image/ab67616d000048511ba06755018b46f2a6a2a7ff,https://open.spotify.com/track/2z4pcBLQXF2BXKFvd0BuB6
109,2018-03-19,110,Up,She Loves Control,Camila Cabello,755942,https://i.scdn.co/image/ab67616d000048516eb0b9e73adcf04e4ed3eca4,https://open.spotify.com/track/5HwnezK198pJCEj1l2Adjy
110,2018-03-19,111,Up,Contra,Logic,751708,https://i.scdn.co/image/048f72adcf19156266fbe080c1d4a782f6affdfd,https://open.spotify.com/track/7u90MSvVyEjL0c8icaE7jl
111,2018-03-19,112,Down,Location,Khalid,747890,https://i.scdn.co/image/ab67616d00004851988ede5e1276e758b5f9e577,https://open.spotify.com/track/152lZdxL1OR0ZMW6KquMif
112,2018-03-19,113,Down,Attention,Charlie Puth,747636,https://i.scdn.co/image/ab67616d00004851db21a273452f0637cdbc35aa,https://open.spotify.com/track/4iLqG9SeJSnt0cSPICSjxv
113,2018-03-19,114,Up,Sorry Not Sorry,Demi Lovato,739719,https://i.scdn.co/image/ab67616d00004851ec9c72308e30e7aa1d22b37d,https://open.spotify.com/track/3m660poUr1chesgkkjQM7P
114,2018-03-19,115,Down,Me Rehúso,Danny Ocean,736698,https://i.scdn.co/image/ab67616d00004851a75bd33684083600569dd3bf,https://open.spotify.com/track/6De0lHrwBfPfrhorm9q1Xl
115,2018-03-19,116,Up,All Falls Down (feat. Juliander),Alan Walker,735485,https://i.scdn.co/image/ab67616d00004851206fdebc66bd04d9913f035d,https://open.spotify.com/track/5yFSF6qQA1rcLsQRnBsZgb
116,2018-03-19,117,Down,No Limit,G-Eazy,730982,https://i.scdn.co/image/ab67616d00004851046527a9c176f7c2916f3530,https://open.spotify.com/track/2DQ1ITjI0YoLFzuADN1ZBW
117,2018-03-19,118,Down,Floor 555,XXXTENTACION,726173,https://i.scdn.co/image/f0443f8ad743f6052c813c593f1ad0fc161965a2,https://open.spotify.com/track/6r7ULK6c5CLVvImjTIztl1
118,2018-03-19,119,Up,Fuck Love (feat. Trippie Redd),XXXTENTACION,715689,https://i.scdn.co/image/ab67616d00004851203c89bd4391468eea4cc3f5,https://open.spotify.com/track/7AQim7LbvFVZJE3O8TYgf2
119,2018-03-19,120,Up,Whatever It Takes,Imagine Dragons,711111,https://i.scdn.co/image/ab67616d00004851ee138477bb382419f3f165c5,https://open.spotify.com/track/7F3uo3304R2CTvOseU3H7u
120,2018-03-19,121,Down,El Farsante - Remix,Ozuna,708214,https://i.scdn.co/image/ab67616d000048519730f9b901c4ca652c0fd21b,https://open.spotify.com/track/7uYgVgRSgqluZclLS7wpp4
121,2018-03-19,122,Flat,SMASH! - feat. PnB Rock,XXXTENTACION,701433,https://i.scdn.co/image/f0443f8ad743f6052c813c593f1ad0fc161965a2,https://open.spotify.com/track/6rAGFgcGtlIdYxlhDizXNo
122,2018-03-19,123,Down,goosebumps,Travis Scott,695990,https://i.scdn.co/image/ab67616d00004851f54b99bf27cda88f4a7403ce,https://open.spotify.com/track/6gBFPUFcJLzWGx4lenP6h2
123,2018-03-19,124,Up,Bounce Out With That FT. YBN Nahmir,DJ A1,695679,https://i.scdn.co/image/ab67616d0000485135446fed44a2fb6e9e33ac87,https://open.spotify.com/track/00gpGR84M27moP7AFuqHIx
124,2018-03-19,125,Down,Esperándote,Manuel Turizo,688417,https://i.scdn.co/image/ab67616d00004851fa2960f06e1f2ed9cedb6d12,https://open.spotify.com/track/1nfyE13arjOuO54HH0zmqj
125,2018-03-19,126,Down,before I close my eyes,XXXTENTACION,685836,https://i.scdn.co/image/f0443f8ad743f6052c813c593f1ad0fc161965a2,https://open.spotify.com/track/16x9bQHw8TBNaGDyULvwad
126,2018-03-19,127,Up,Want You Back,5 Seconds of Summer,683240,https://i.scdn.co/image/ab67616d000048513a60b95549e9a81e654e21a7,https://open.spotify.com/track/2Pvr8rYuh5J8V7QglJhH6W
127,2018-03-19,128,Up,More Than You Know,Axwell /\ Ingrosso,677872,https://i.scdn.co/image/ab67616d00004851a1944d8afb76a8fd03ed8c0f,https://open.spotify.com/track/71bBFbfn2OBK5QwUJSLS44
128,2018-03-19,129,Down,Mi Gente,J Balvin,670909,https://i.scdn.co/image/ab67616d00004851996bd1ea86bd3815eedfeef5,https://open.spotify.com/track/2rb5MvYT7ZIxbKW5hfcHx8
129,2018-03-19,130,Down,One Dance,Drake,664584,https://i.scdn.co/image/ab67616d00004851726abca207567d5e41cb9667,https://open.spotify.com/track/1xznGGDReH1oQq0xzbwXa3
130,2018-03-19,131,Up,Thinking out Loud,Ed Sheeran,660503,https://i.scdn.co/image/ab67616d00004851d08209944468440145f01524,https://open.spotify.com/track/1Slwb6dOYkBlWal1PGtnNg
131,2018-03-19,132,Up,Red Roses (feat. Landon Cube),Lil Skies,659322,https://i.scdn.co/image/ab67616d00004851c56dcd1015c1ffb8c56d2988,https://open.spotify.com/track/3ZhTT6yjZwpPph5MIJ53XY
132,2018-03-19,133,Up,X (with 2 Chainz & Saudi),ScHoolboy Q,657771,https://i.scdn.co/image/28e755c12683e1038efd53a902601e7f7ed4dbc5,https://open.spotify.com/track/4LmAnpjlhWTahvRkYR8xJa
133,2018-03-19,134,Down,Gucci Gang,Lil Pump,654705,https://i.scdn.co/image/ab67616d00004851d52ef190ae5253eb2c3c764c,https://open.spotify.com/track/43ZyHQITOjhciSUUNPVRHc
134,2018-03-19,135,Up,LOVE. FEAT. ZACARI.,Kendrick Lamar,654549,https://i.scdn.co/image/ae1f239b41e9604a66eb900834c6887cd2f62ff1,https://open.spotify.com/track/6PGoSes0D9eUDeeAafB2As
135,2018-03-19,136,Down,Plain Jane,A$AP Ferg,654146,https://i.scdn.co/image/ab67616d00004851d79cfa3155b50beb5dbeeb9a,https://open.spotify.com/track/4dVpf9jZjcORqGTLUaeYj9
136,2018-03-19,137,Down,MotorSport,Migos,653503,https://i.scdn.co/image/36f1a1c6bddf8a4c0b9e6c7612a9b25048904344,https://open.spotify.com/track/4wFjTWCunQFKtukqrNijEt
137,2018-03-19,138,Down,Quiero Repetir,Ozuna,648799,https://i.scdn.co/image/ab67616d00004851b0a875d7f1bfe4ec4aaffa48,https://open.spotify.com/track/0MIcPSq9n2z5H8TAfEstri
138,2018-03-19,139,Up,Beautiful,Bazzi,647423,https://i.scdn.co/image/ab67616d000048512a156e2d24357e38bd23a793,https://open.spotify.com/track/1OilOIju6R9ia8vilNjChh
139,2018-03-19,140,Up,Nevermind,Dennis Lloyd,646492,https://i.scdn.co/image/ab67616d000048514dbdd4d3c69bec0d471fc479,https://open.spotify.com/track/63SevszngYpZOwf63o61K4
140,2018-03-19,141,Up,Sky Walker (feat. Travis Scott),Miguel,643578,https://i.scdn.co/image/ab67616d000048515e9dff10c31ac14c6c6c920d,https://open.spotify.com/track/5WoaF1B5XIEnWfmb5NZikf
141,2018-03-19,142,Down,Closer,The Chainsmokers,642696,https://i.scdn.co/image/ab67616d00004851495ce6da9aeb159e94eaa453,https://open.spotify.com/track/7BKLCZ1jbUBVqRi2FVlTVw
142,2018-03-19,143,Up,Photograph,Ed Sheeran,642460,https://i.scdn.co/image/ab67616d00004851d08209944468440145f01524,https://open.spotify.com/track/6fxVffaTuwjgEk5h9QyRjy
143,2018-03-19,144,Down,New Freezer (feat. Kendrick Lamar),Rich The Kid,642101,https://i.scdn.co/image/ab67616d0000485166bac14cf011715fbed67e58,https://open.spotify.com/track/4pYZLpX23Vx8rwDpJCpPTA
144,2018-03-19,145,Up,1950,King Princess,635410,https://i.scdn.co/image/ab67616d00004851580625d3d07c5b16238c2e69,https://open.spotify.com/track/0CZ8lquoTX2Dkg7Ak2inwA
145,2018-03-19,146,Flat,BUTTERFLY EFFECT,Travis Scott,635240,https://i.scdn.co/image/ab67616d00004851b5e9358d0d07114609d9afab,https://open.spotify.com/track/1yxgsra98r3qAtxqiGZPiX
146,2018-03-19,147,Down,Pain = BESTFRIEND - feat. Travis Barker,XXXTENTACION,634942,https://i.scdn.co/image/f0443f8ad743f6052c813c593f1ad0fc161965a2,https://open.spotify.com/track/4zI04ezdmrN0lT2pHykYrd
147,2018-03-19,148,Down,Báilame - Remix,Nacho,633245,https://i.scdn.co/image/ab67616d00004851473f54a79eb118bdfa668aa2,https://open.spotify.com/track/3VClLWqNn80Llv0PJOsKgr
148,2018-03-19,149,Up,Everybody Dies In Their Nightmares,XXXTENTACION,632085,https://i.scdn.co/image/ab67616d00004851203c89bd4391468eea4cc3f5,https://open.spotify.com/track/3GVkPk8mqxz0itaAriG1L7
149,2018-03-19,150,Up,Getting Over You,Lauv,630388,https://i.scdn.co/image/ab67616d0000485135691a9f89afae026ccf5d45,https://open.spotify.com/track/2BNkTvg1kHAAfGvqh56x5a
150,2018-03-19,151,Down,Bartier Cardi (feat. 21 Savage),Cardi B,624559,https://i.scdn.co/image/ab67616d000048518cb4b5d8ae71725b96b8907c,https://open.spotify.com/track/75FDPwaULRdYDn4StFN2rT
151,2018-03-19,152,Up,Done For Me (feat. Kehlani),Charlie Puth,622036,https://i.scdn.co/image/ab67616d000048510c6e2199db8c3710f7e0a520,https://open.spotify.com/track/76S09sHj7GGMJAtOLjmVQ2
152,2018-03-19,153,Down,Mayores,Becky G,620192,https://i.scdn.co/image/ab67616d00004851b5983d639fd953deb3c99848,https://open.spotify.com/track/7JNh1cfm0eXjqFVOzKLyau
153,2018-03-19,154,New,Lemon - Drake Remix,N.E.R.D,616654,https://i.scdn.co/image/ab67616d00004851e9dc25b00ec96141e0090d9f,https://open.spotify.com/track/739vCwA3EpBSkk3uDsI2wB
154,2018-03-19,155,Up,Symphony (feat. Zara Larsson),Clean Bandit,614338,https://i.scdn.co/image/ab67616d000048515b1130d050c4cd2295999d85,https://open.spotify.com/track/1x5sYLZiu9r5E43kMlt9f8
155,2018-03-19,156,Up,Stargazing,Kygo,613913,https://i.scdn.co/image/ab67616d00004851a333559091297eda04eba27c,https://open.spotify.com/track/0Zbbxnx4SGGHoIow4PpISP
156,2018-03-19,157,Down,There's Nothing Holdin' Me Back,Shawn Mendes,613100,https://i.scdn.co/image/ab67616d00004851f9cbd0c07513a7232cd6b9a7,https://open.spotify.com/track/79cuOz3SPQTuFrp8WgftAu
157,2018-03-19,158,Down,Suena El Dembow,Joey Montana,609612,https://i.scdn.co/image/ab67616d00004851c8185c654dc0409609c5eb31,https://open.spotify.com/track/5TysCiZtv1HnSWcTcUFusI
158,2018-03-19,159,Up,Miss You (with Major Lazer & Tory Lanez),Cashmere Cat,606681,https://i.scdn.co/image/ab67616d000048510f09cea80b9146ea94d638bf,https://open.spotify.com/track/0as7lPxkBPctZ7uVmchRNM
159,2018-03-19,160,Down,Strip That Down,Liam Payne,605479,https://i.scdn.co/image/ab67616d00004851ec1abb2ba5e210e826161111,https://open.spotify.com/track/6EpRaXYhGOB3fj4V2uDkMJ
160,2018-03-19,161,Down,Déjate Llevar,Juan Magán,604649,https://i.scdn.co/image/ab67616d00004851aa674375a551ed3dee543c34,https://open.spotify.com/track/3xWEI23MLJrD0dpDcDUTW6
161,2018-03-19,162,Up,Loca Remix,Khea,603874,https://i.scdn.co/image/ab67616d00004851d4a8bad3f223ab95ddea709f,https://open.spotify.com/track/2CRbiMK0W14l71SpDKqKZM
162,2018-03-19,163,Down,That's What I Like,Bruno Mars,602330,https://i.scdn.co/image/ab67616d00004851232711f7d66a1e19e89e28c5,https://open.spotify.com/track/0KKkJNfGyhkQ5aFogxQAPU
163,2018-03-19,164,Down,Bodak Yellow,Cardi B,599791,https://i.scdn.co/image/ab67616d0000485162a2dedc55a38a0fca0a17b0,https://open.spotify.com/track/2771LMNxwf62FTAdpJMQfM
164,2018-03-19,165,Up,Go Flex,Post Malone,597358,https://i.scdn.co/image/23bae95100dcb6ac8f88c19fa2a11c50a998a926,https://open.spotify.com/track/5yuShbu70mtHXY0yLzCQLQ
165,2018-03-19,166,Down,Despacito - Remix,Luis Fonsi,597024,https://i.scdn.co/image/ab67616d00004851d8559d0280ffe2a2af6dacdf,https://open.spotify.com/track/5CtI0qwDJkDQGwXD1H1cLb
166,2018-03-19,167,Down,Issues,Julia Michaels,594193,https://i.scdn.co/image/bed97a5c36c8dda6724f89ecfd8c23497cc897f4,https://open.spotify.com/track/7vu0JkJh0ldukEYbTVcqd0
167,2018-03-19,168,Up,Midnight,Logic,592713,https://i.scdn.co/image/048f72adcf19156266fbe080c1d4a782f6affdfd,https://open.spotify.com/track/1GtVGc1UYin3zpMUdNSSpM
168,2018-03-19,169,Down,love yourself (interlude),XXXTENTACION,586970,https://i.scdn.co/image/f0443f8ad743f6052c813c593f1ad0fc161965a2,https://open.spotify.com/track/1Znlc3UZAbSodFaMBjdpsX
169,2018-03-19,170,Down,Galway Girl,Ed Sheeran,585907,https://i.scdn.co/image/ab67616d00004851ba5db46f4b838ef6027e6f96,https://open.spotify.com/track/0afhq8XCExXpqazXczTSve
170,2018-03-19,171,Down,Naked,James Arthur,579774,https://i.scdn.co/image/ab67616d00004851f13bfa0da7b94ac3272f3152,https://open.spotify.com/track/7krbSH3rd8lhIZvuzTV3Bl
171,2018-03-19,172,Down,SUTRA,Sebastian Yatra,576487,https://i.scdn.co/image/ab67616d00004851f215288f120008eb66a16a8b,https://open.spotify.com/track/5TmZYdHW6HJ9gt7Aokuql5
172,2018-03-19,173,Up,Lonely Together (feat. Rita Ora),Avicii,574712,https://i.scdn.co/image/241ee98f30f1a0066a26890586952e393a473b0d,https://open.spotify.com/track/2OALaHcDdKkjYEpAr0Qzab
173,2018-03-19,174,Down,Que Va,Alex Sensation,572417,https://i.scdn.co/image/ab67616d00004851571f364389a9436e4ff8a362,https://open.spotify.com/track/7ofxPmTNMj2GP07g1VZa0O
174,2018-03-19,175,Down,Roll In Peace (feat. XXXTENTACION),Kodak Black,571364,https://i.scdn.co/image/ab67616d00004851583ce93dc89d84218f233ea7,https://open.spotify.com/track/40oKW22ZNNkEdZLJTScaQI
175,2018-03-19,176,Down,Ahora,J Balvin,570059,https://i.scdn.co/image/ab67616d00004851cfdb7f30980eb9b1ab3356de,https://open.spotify.com/track/54OB85nuxYGfl7qRQXuz7c
176,2018-03-19,177,Down,Passionfruit,Drake,569805,https://i.scdn.co/image/6dfd956b9331fa9ea1f47ebb95311951ed72b3db,https://open.spotify.com/track/5mCPDVBb16L4XQwDdbRUpz
177,2018-03-19,178,Up,"Top Off (feat. JAY Z, Future & Beyoncé)",DJ Khaled,568481,https://i.scdn.co/image/ab67616d00004851252436407e79f2dc48015938,https://open.spotify.com/track/1W6wxOOYyJyyok8fqYSZ3m
178,2018-03-19,179,New,BILLY,6ix9ine,563543,https://i.scdn.co/image/ab67616d00004851088475119b6418ce84e4a21f,https://open.spotify.com/track/7bRRHQelMfrP86QYQlCsAq
179,2018-03-19,180,Down,The Greatest Show,Hugh Jackman,558236,https://i.scdn.co/image/ab67616d00004851a1a7f0b95a16de24a870ea5e,https://open.spotify.com/track/43ay9lQZ5rfNcOOHhRF2cM
180,2018-03-19,181,New,Overnight,Logic,552014,https://i.scdn.co/image/048f72adcf19156266fbe080c1d4a782f6affdfd,https://open.spotify.com/track/3s3VVLE1kB7Xk2AoJKlGmr
181,2018-03-19,182,Down,Codeine Dreaming (feat. Lil Wayne),Kodak Black,551890,https://i.scdn.co/image/ab67616d000048518e3046e13f253a208519b21a,https://open.spotify.com/track/4DTpngLjoHj5gFxEZFeD3J
182,2018-03-19,183,Down,Robarte un Beso,Carlos Vives,551581,https://i.scdn.co/image/ab67616d00004851575fb66ec11e54fb68d548a5,https://open.spotify.com/track/0JcNysfWVWaMS7R6vzGB2k
183,2018-03-19,184,Up,Wonderwall - Remastered,Oasis,547432,https://i.scdn.co/image/ab67616d0000485185e5dcc05cc216a10f141480,https://open.spotify.com/track/5qqabIl2vWzo9ApSC317sa
184,2018-03-19,185,Down,Leave a Light On,Tom Walker,546056,https://i.scdn.co/image/ab67616d00004851bc1a09ac82f9aa9af62f2ca4,https://open.spotify.com/track/6lOWoTqVnAWXchddtTH31W
185,2018-03-19,186,Up,Barking,Ramz,545735,https://i.scdn.co/image/ab67616d0000485137a4c7a7325191433f3c2679,https://open.spotify.com/track/7amMgNDcObIDkIXv4xcvc2
186,2018-03-19,187,Down,Dreamer,Axwell /\ Ingrosso,545323,https://i.scdn.co/image/ab67616d00004851a1944d8afb76a8fd03ed8c0f,https://open.spotify.com/track/7hvxMYq9JW5W0vFwiu1Zdr
187,2018-03-19,188,Up,Mr. Brightside,The Killers,541307,https://i.scdn.co/image/7d778100d0160184d61981dc8aa666ee6fec0151,https://open.spotify.com/track/7oK9VyNzrYvRFo7nQEYkWN
188,2018-03-19,189,Down,"I Don’t Wanna Live Forever (Fifty Shades Darker) - From ""Fifty Shades Darker (Original Motion Picture Soundtrack)""",ZAYN,541005,https://i.scdn.co/image/ab67616d000048512ae921f082ae5db4d3da818f,https://open.spotify.com/track/3NdDpSvN911VPGivFlV5d0
189,2018-03-19,190,Up,The Ways (with Swae Lee),Khalid,539952,https://i.scdn.co/image/28e755c12683e1038efd53a902601e7f7ed4dbc5,https://open.spotify.com/track/5jyyPsIGM2yqkZN9R3TmvN
190,2018-03-19,191,Down,Redbone,Childish Gambino,536032,https://i.scdn.co/image/ab67616d000048510b97e56ffad7c6211aa848f8,https://open.spotify.com/track/3kxfsdsCpFgN412fpnW85Y
191,2018-03-19,192,Down,"I'm the One (feat. Justin Bieber, Quavo, Chance the Rapper & Lil Wayne)",DJ Khaled,534833,https://i.scdn.co/image/ab67616d00004851dcb6a73da1e7f293b875f69c,https://open.spotify.com/track/3DXncPQOG4VBw3QHh3S817
192,2018-03-19,193,Flat,Starboy,The Weeknd,531008,https://i.scdn.co/image/ab67616d000048510c8599cbde51245c128bcea9,https://open.spotify.com/track/5aAx2yezTd8zXrkmtKl66Z
193,2018-03-19,194,Down,I Get The Bag (feat. Migos),Gucci Mane,528154,https://i.scdn.co/image/ab67616d00004851af7525e55333b110ff0f4e95,https://open.spotify.com/track/1XRgIKC5TPwo7nWGyKqgG0
194,2018-03-19,195,Up,White Iverson,Post Malone,526072,https://i.scdn.co/image/23bae95100dcb6ac8f88c19fa2a11c50a998a926,https://open.spotify.com/track/6eT7xZZlB2mwyzJ2sUKG6w
195,2018-03-19,196,Down,Escápate Conmigo (feat. Ozuna),Wisin,521134,https://i.scdn.co/image/ab67616d00004851c7524a697e709517b50681b2,https://open.spotify.com/track/1KSqYYJFyfTecXFk9M0prc
196,2018-03-19,197,New,Indica Badu,Logic,518003,https://i.scdn.co/image/048f72adcf19156266fbe080c1d4a782f6affdfd,https://open.spotify.com/track/0jqBo5RYn008f4ZY8kPewW
197,2018-03-19,198,Down,Africa,TOTO,517230,https://i.scdn.co/image/ab67616d00004851673d6a2831f72e48745ea80d,https://open.spotify.com/track/2374M0fQpWi3dLnB54qaLX
198,2018-03-19,199,New,Scared to Be Lonely,Martin Garrix,515925,https://i.scdn.co/image/ab67616d0000485164f8a309aa3c0a66a31fc374,https://open.spotify.com/track/3ebXMykcMXOcLeJ9xZ17XH
199,2018-03-19,200,New,"Lose Yourself - From ""8 Mile"" Soundtrack",Eminem,514655,https://i.scdn.co/image/ab67616d00004851a8a32ae2a279b9bf03445738,https://open.spotify.com/track/7w9bgPAmPTtrkt2v16QWvQ
