,Date,Position,Trend,Title,Artist,Streams,Icon_URL,Spotify_URL
0,2018-03-28,1,Flat,God's Plan,Drake,5966554,https://i.scdn.co/image/ab67616d000048515e8f046078b784e6f8502008,https://open.spotify.com/track/2XW4DbS6NddZxRPm5rMCeY
1,2018-03-28,2,Flat,Psycho (feat. Ty Dolla $ign),Post Malone,4464119,https://i.scdn.co/image/ab67616d00004851918d749b2bdc00e59be23312,https://open.spotify.com/track/65NwOZqoXny4JxqAPlfxRF
2,2018-03-28,3,Up,FRIENDS,Marshmello,3679813,https://i.scdn.co/image/ab67616d00004851569f64493ca55cd96fdee412,https://open.spotify.com/track/08bNPGLD8AhKpnnERrAc6G
3,2018-03-28,4,Down,SAD!,XXXTENTACION,3647944,https://i.scdn.co/image/f0443f8ad743f6052c813c593f1ad0fc161965a2,https://open.spotify.com/track/3ee8Jmje8o58CHK66QrVC2
4,2018-03-28,5,Flat,X,Nicky Jam,3613670,https://i.scdn.co/image/ab67616d0000485126ddcc42228a649e5fbe4350,https://open.spotify.com/track/39N9RPD9MRb5WmoLzNzPeA
5,2018-03-28,6,Flat,IDGAF,Dua Lipa,3325002,https://i.scdn.co/image/ab67616d000048516b915e407b70e121e06fe979,https://open.spotify.com/track/76cy1WJvNGJTj78UqeA5zr
6,2018-03-28,7,Flat,The Middle,Zedd,3162706,https://i.scdn.co/image/ab67616d00004851247b73f96ede946a7fa0af12,https://open.spotify.com/track/2ARqIya5NAuvFVHSN3bL0m
7,2018-03-28,8,Flat,All The Stars (with SZA),Kendrick Lamar,3109436,https://i.scdn.co/image/28e755c12683e1038efd53a902601e7f7ed4dbc5,https://open.spotify.com/track/3GCdLUSnKSMJhs4Tj6CV3s
8,2018-03-28,9,Up,Love Lies (with Normani),Khalid,2989897,https://i.scdn.co/image/ab67616d00004851dd7eaf261543814a6d715d67,https://open.spotify.com/track/45Egmo7icyopuzJN0oMEdk
9,2018-03-28,10,Down,Look Alive (feat. Drake),BlocBoy JB,2979012,https://i.scdn.co/image/ab67616d0000485155cad990bc1ce5808367fa0e,https://open.spotify.com/track/4qKcDkK6siZ7Jp1Jb4m0aL
10,2018-03-28,11,Up,Freaky Friday (feat. Chris Brown),Lil Dicky,2917456,https://i.scdn.co/image/ab67616d00004851f1115552efd25fa498ec923a,https://open.spotify.com/track/10Igtw8bSDyyFs7KIsKngZ
11,2018-03-28,12,Down,In My Blood,Shawn Mendes,2837938,https://i.scdn.co/image/ab67616d0000485188da297b53e5785d8ae195ab,https://open.spotify.com/track/79jX8RM5CgPqDKdGEKNW9K
12,2018-03-28,13,Down,Mine,Bazzi,2788172,https://i.scdn.co/image/ab67616d0000485173924baaee2d2e94829953bf,https://open.spotify.com/track/6tHWl8ows5JOZq9Yfaqn3M
13,2018-03-28,14,Flat,These Days,Rudimental,2763463,https://i.scdn.co/image/ab67616d00004851e9f49a29f00d42d7857794a5,https://open.spotify.com/track/5CLGzJsGqhCEECcpnFQA8x
14,2018-03-28,15,Flat,rockstar,Post Malone,2383842,https://i.scdn.co/image/ab67616d0000485147a8619ffffa8ccd20ca194b,https://open.spotify.com/track/2U7Hu2RaNQNRi7izoJyZaX
15,2018-03-28,16,Flat,Dura,Daddy Yankee,2288270,https://i.scdn.co/image/ab67616d00004851407475cb28e657ec856dcbaf,https://open.spotify.com/track/2j2fIJGh4PMdXt9ULI5Tlc
16,2018-03-28,17,Flat,Havana (feat. Young Thug),Camila Cabello,2218843,https://i.scdn.co/image/ab67616d000048516eb0b9e73adcf04e4ed3eca4,https://open.spotify.com/track/1rfofaqEpACxVEHIZBJe6W
17,2018-03-28,18,Flat,Meant to Be (feat. Florida Georgia Line),Bebe Rexha,2163058,https://i.scdn.co/image/ab67616d000048511ba5682505dd6e2592b16e41,https://open.spotify.com/track/7iDa6hUg2VgEL1o1HjmfBn
18,2018-03-28,19,Flat,Moonlight,XXXTENTACION,2020931,https://i.scdn.co/image/f0443f8ad743f6052c813c593f1ad0fc161965a2,https://open.spotify.com/track/0JP9xo3adEtGSdUEISiszL
19,2018-03-28,20,Flat,Never Be the Same,Camila Cabello,1995665,https://i.scdn.co/image/ab67616d000048516eb0b9e73adcf04e4ed3eca4,https://open.spotify.com/track/4eWQlBRaTjPPUlzacqEeoQ
20,2018-03-28,21,Up,Me Niego (feat. Ozuna & Wisin),Reik,1953058,https://i.scdn.co/image/ab67616d00004851395857179e6679826a8fa497,https://open.spotify.com/track/6jA8JUuPCGYjFcgw0AoM5T
21,2018-03-28,22,Down,Pray For Me (with Kendrick Lamar),The Weeknd,1909210,https://i.scdn.co/image/ab67616d000048518ac2a58fbcab6a775e790b15,https://open.spotify.com/track/4ofvoCdXq99vpMZO4Cfp8x
22,2018-03-28,23,Flat,Plug Walk,Rich The Kid,1828789,https://i.scdn.co/image/ab67616d000048514cf8cc739645a5ebc07a9a9a,https://open.spotify.com/track/0gD6lWJhbXHWNVwQziSVvl
23,2018-03-28,24,Up,Like I Do,David Guetta,1764811,https://i.scdn.co/image/ab67616d00004851734eb0ed1bd80aeed903f30b,https://open.spotify.com/track/6RnkFd8Fqqgk1Uni8RgqCQ
24,2018-03-28,25,Flat,New Rules,Dua Lipa,1734264,https://i.scdn.co/image/ab67616d000048516b915e407b70e121e06fe979,https://open.spotify.com/track/2ekn2ttSfGqwhhate0LSR0
25,2018-03-28,26,Down,Lost In Japan,Shawn Mendes,1708912,https://i.scdn.co/image/ab67616d0000485103312590ee9819db3f2d094d,https://open.spotify.com/track/7wvYmO5QscgIDDT0eNwbYX
26,2018-03-28,27,Up,Échame La Culpa,Luis Fonsi,1702244,https://i.scdn.co/image/ab67616d000048510ac9a58447dfccc5127248e0,https://open.spotify.com/track/1zsG4eaZmkA1dvjDDsAGLK
27,2018-03-28,28,Down,Stir Fry,Migos,1697297,https://i.scdn.co/image/36f1a1c6bddf8a4c0b9e6c7612a9b25048904344,https://open.spotify.com/track/2UVbBKQOdFAekPTRsnkzcf
28,2018-03-28,29,Flat,Bella,Wolfine,1693822,https://i.scdn.co/image/ab67616d0000485100f3f20aca8bce07b5e68af8,https://open.spotify.com/track/3xcCix7Jv1Rp90YVmgo35D
29,2018-03-28,30,Flat,Amorfoda,Bad Bunny,1639982,https://i.scdn.co/image/ab67616d00004851ffde74831eadc3cdccc02188,https://open.spotify.com/track/3ITvHA9zhZZdBJsOsAUegF
30,2018-03-28,31,Flat,Finesse - Remix; feat. Cardi B,Bruno Mars,1622952,https://i.scdn.co/image/ab67616d0000485147e522adf030a78615cdea06,https://open.spotify.com/track/3Vo4wInECJQuz9BIBMOu8i
31,2018-03-28,32,Flat,Everyday,Logic,1613690,https://i.scdn.co/image/048f72adcf19156266fbe080c1d4a782f6affdfd,https://open.spotify.com/track/4EAV2cKiqKP5UPZmY6dejk
32,2018-03-28,33,Up,Say Something,Justin Timberlake,1564134,https://i.scdn.co/image/ab67616d000048514626ff0fee963da605f6aa06,https://open.spotify.com/track/1LhMopPAallLeaeNutqbgS
33,2018-03-28,34,Flat,Perfect,Ed Sheeran,1553162,https://i.scdn.co/image/ab67616d00004851ba5db46f4b838ef6027e6f96,https://open.spotify.com/track/0tgVpDi06FyKpA1z0VMD4v
34,2018-03-28,35,Down,Ric Flair Drip (& Metro Boomin),Offset,1552575,https://i.scdn.co/image/ab67616d000048510f206fe737d46f2f2d826d83,https://open.spotify.com/track/7sO5G9EABYOXQKNPNiE9NR
35,2018-03-28,36,Up,Shape of You,Ed Sheeran,1541241,https://i.scdn.co/image/ab67616d00004851ba5db46f4b838ef6027e6f96,https://open.spotify.com/track/7qiZfU4dY1lWllzX7mPBI3
36,2018-03-28,37,Up,Déjala que vuelva (feat. Manuel Turizo),Piso 21,1535972,https://i.scdn.co/image/ab67616d000048514ed4c2e64f7bf0977aa70b42,https://open.spotify.com/track/33bnxcjePIkcmNjEFTJX0l
37,2018-03-28,38,Down,Wolves,Selena Gomez,1511499,https://i.scdn.co/image/ab67616d0000485110368f28dac3b838770f985c,https://open.spotify.com/track/7EmGUiUaOSGDnUUQUDrOXC
38,2018-03-28,39,Up,River (feat. Ed Sheeran),Eminem,1486157,https://i.scdn.co/image/ab67616d00004851255191ed87a907d362b43f19,https://open.spotify.com/track/5UEnHoDYpsxlfzWLZIc7LD
39,2018-03-28,40,Down,I Fall Apart,Post Malone,1481030,https://i.scdn.co/image/23bae95100dcb6ac8f88c19fa2a11c50a998a926,https://open.spotify.com/track/75ZvA4QfFiZvzhj2xkaWAh
40,2018-03-28,41,Up,Mad Love,Sean Paul,1442700,https://i.scdn.co/image/c7a68b10f61696b28fdf8219a92eb634a820400e,https://open.spotify.com/track/3soOPBuMK8YMdWnV7xpEyf
41,2018-03-28,42,Up,Síguelo Bailando,Ozuna,1413260,https://i.scdn.co/image/ab67616d00004851b0a875d7f1bfe4ec4aaffa48,https://open.spotify.com/track/5Y9fnynLlIvqtM710MHzfz
42,2018-03-28,43,Flat,Remind Me to Forget,Kygo,1392229,https://i.scdn.co/image/ab67616d00004851238d888f4282893ed8f83f2a,https://open.spotify.com/track/6xTU6B6nFwKKTSZ9ySXS80
43,2018-03-28,44,Down,"King's Dead (with Kendrick Lamar, Future & James Blake)",Jay Rock,1352809,https://i.scdn.co/image/ab67616d00004851c3de572921cabde540d4880a,https://open.spotify.com/track/51rXHuKN8Loc4sUlKPODgH
44,2018-03-28,45,Up,Walk It Talk It,Migos,1342486,https://i.scdn.co/image/36f1a1c6bddf8a4c0b9e6c7612a9b25048904344,https://open.spotify.com/track/6n4U3TlzUGhdSFbUUhTvLP
45,2018-03-28,46,Flat,Sick Boy,The Chainsmokers,1340900,https://i.scdn.co/image/ab67616d00004851f1884e2d22a1e03488ffc7d3,https://open.spotify.com/track/2JfXj2TERIkHwJpnG9f8uX
46,2018-03-28,47,Up,Breathe,Jax Jones,1331678,https://i.scdn.co/image/ab67616d00004851242e97b0767265f5c3cf0277,https://open.spotify.com/track/6tvQzeCPwOytDlBYCIOY0n
47,2018-03-28,48,Down,Let You Down,NF,1327955,https://i.scdn.co/image/ab67616d0000485139e85b6ae069d1e25bbc89df,https://open.spotify.com/track/6mrKP2jyIQmM0rw6fQryjr
48,2018-03-28,49,Up,Delicate,Taylor Swift,1317991,https://i.scdn.co/image/c2e6423b9624845f6dd57aef8ce00fa53aedcef7,https://open.spotify.com/track/6NFyWDv5CjfwuzoCkw47Xf
49,2018-03-28,50,Down,changes,XXXTENTACION,1309580,https://i.scdn.co/image/f0443f8ad743f6052c813c593f1ad0fc161965a2,https://open.spotify.com/track/7AFASza1mXqntmGtbxXprO
50,2018-03-28,51,Flat,Powerglide (feat. Juicy J),Rae Sremmurd,1307937,https://i.scdn.co/image/ab67616d00004851685f3c0308abbb32799800b2,https://open.spotify.com/track/2yUbCEiaolfSMluDo9RMmG
51,2018-03-28,52,Down,Downtown,Anitta,1301742,https://i.scdn.co/image/ab67616d000048518c6b830c36c7b4ac43c3cee8,https://open.spotify.com/track/3Ga6eKrUFf12ouh9Yw3v2D
52,2018-03-28,53,Up,Nevermind,Dennis Lloyd,1273829,https://i.scdn.co/image/ab67616d000048514dbdd4d3c69bec0d471fc479,https://open.spotify.com/track/63SevszngYpZOwf63o61K4
53,2018-03-28,54,Up,"1, 2, 3 (feat. Jason Derulo & De La Ghetto)",Sofia Reyes,1264889,https://i.scdn.co/image/ab67616d00004851775d1e288c04237d896e8357,https://open.spotify.com/track/4QtiVmuA88tPQiCOHZuQ5b
54,2018-03-28,55,Down,For You (Fifty Shades Freed) (& Rita Ora),Liam Payne,1263491,https://i.scdn.co/image/ab67616d00004851ddc8bbc60fa930446a2b5718,https://open.spotify.com/track/5hM6sP0Gh1jD57drszNueC
55,2018-03-28,56,Flat,Feel It Still,Portugal. The Man,1249271,https://i.scdn.co/image/ab67616d00004851af52c228c9619ff6298b08cd,https://open.spotify.com/track/6QgjcU0zLnzq5OrUoSZ3OK
56,2018-03-28,57,Down,Corazón,Maluma,1230679,https://i.scdn.co/image/ab67616d000048516876ec811b26ba2094565b34,https://open.spotify.com/track/4lESS6vuruP6a79KWRaQou
57,2018-03-28,58,Up,Lemon - Drake Remix,N.E.R.D,1219019,https://i.scdn.co/image/ab67616d00004851e9dc25b00ec96141e0090d9f,https://open.spotify.com/track/739vCwA3EpBSkk3uDsI2wB
58,2018-03-28,59,Down,"Let Me Go (with Alesso, Florida Georgia Line & watt)",Hailee Steinfeld,1209483,https://i.scdn.co/image/ab67616d00004851dbdc892395413def043e0655,https://open.spotify.com/track/5AEtlRudpgdT5FtNiuly6Y
59,2018-03-28,60,Down,Heaven,Julia Michaels,1205544,https://i.scdn.co/image/ab67616d000048518dfd94df32e91d9f384df1fb,https://open.spotify.com/track/4QfNOZN7vrQCQKK1ZJ3XPb
60,2018-03-28,61,Flat,Criminal,Natti Natasha,1185340,https://i.scdn.co/image/ab67616d000048515f3f4af0d3e662247a7d8cff,https://open.spotify.com/track/6Za3190Sbw39BBC77WSS1C
61,2018-03-28,62,Down,Capital Letters,Hailee Steinfeld,1179588,https://i.scdn.co/image/ab67616d00004851f6630162a999e1cf78afbbae,https://open.spotify.com/track/3towKHKVOXCCcL1fHv6xFO
62,2018-03-28,63,Down,Thunder,Imagine Dragons,1176494,https://i.scdn.co/image/ab67616d00004851ee138477bb382419f3f165c5,https://open.spotify.com/track/26gceVsA1ybT8qsX3aYLEn
63,2018-03-28,64,Up,Too Good At Goodbyes,Sam Smith,1113308,https://i.scdn.co/image/eb645ad7342e0f34817e16d9d4061c3b5e374d4c,https://open.spotify.com/track/1mXVgsBdtIVeCLJnSnmtdV
64,2018-03-28,65,Down,XO Tour Llif3,Lil Uzi Vert,1103343,https://i.scdn.co/image/ab67616d0000485141b41e6f7924e530a9b00f9c,https://open.spotify.com/track/7GX5flRQZVHRAGd6B4TmDO
65,2018-03-28,66,Up,Believer,Imagine Dragons,1062195,https://i.scdn.co/image/ab67616d00004851ee138477bb382419f3f165c5,https://open.spotify.com/track/7Izh7zLJGw1Nscd62Exxj4
66,2018-03-28,67,Down,Him & I (with Halsey),G-Eazy,1057898,https://i.scdn.co/image/ab67616d00004851046527a9c176f7c2916f3530,https://open.spotify.com/track/5k38wzpLb15YgncyWdTZE4
67,2018-03-28,68,Up,Dembow,Danny Ocean,1056293,https://i.scdn.co/image/ab67616d00004851418acc3f747c7a42f91c72c6,https://open.spotify.com/track/2EzRdhuoPyNJDlep7lnNf2
68,2018-03-28,69,Up,EL BAÑO,Enrique Iglesias,1048837,https://i.scdn.co/image/ab67616d000048517a201c3a7e4677711df31e57,https://open.spotify.com/track/2vvdTrdryjsl8DmPIMDWZU
69,2018-03-28,70,Up,Sensualidad,Bad Bunny,1048686,https://i.scdn.co/image/ab67616d00004851c0ca1263b2966ddff794d3bb,https://open.spotify.com/track/5hcisvFMidkMJlElTO9Qmw
70,2018-03-28,71,Down,I Miss You (feat. Julia Michaels),Clean Bandit,1041654,https://i.scdn.co/image/ab67616d000048518341ce7a7a1f4ab4182823d5,https://open.spotify.com/track/2xmrfQpmS2iJExTlklLoAL
71,2018-03-28,72,Down,Silence,Marshmello,1036883,https://i.scdn.co/image/ab67616d00004851f33ba583059dc2f7d08bf2b8,https://open.spotify.com/track/7vGuf3Y35N4wmASOKLUVVU
72,2018-03-28,73,Up,Everybody Hates Me,The Chainsmokers,1031297,https://i.scdn.co/image/ab67616d00004851f1884e2d22a1e03488ffc7d3,https://open.spotify.com/track/3pIigjAWkzwAonXpJ1fmSF
73,2018-03-28,74,Down,Congratulations,Post Malone,1028776,https://i.scdn.co/image/23bae95100dcb6ac8f88c19fa2a11c50a998a926,https://open.spotify.com/track/3a1lNhkSLSkpJE4MSHpDu9
74,2018-03-28,75,Down,Jocelyn Flores,XXXTENTACION,1025551,https://i.scdn.co/image/ab67616d00004851203c89bd4391468eea4cc3f5,https://open.spotify.com/track/7m9OqQk4RVRkw9JJdeAw96
75,2018-03-28,76,Up,1950,King Princess,1016311,https://i.scdn.co/image/ab67616d00004851580625d3d07c5b16238c2e69,https://open.spotify.com/track/0CZ8lquoTX2Dkg7Ak2inwA
76,2018-03-28,77,Flat,44 More,Logic,983949,https://i.scdn.co/image/048f72adcf19156266fbe080c1d4a782f6affdfd,https://open.spotify.com/track/3e7Y6sfFlIdBMJhX7wpqVO
77,2018-03-28,78,Up,HUMBLE.,Kendrick Lamar,963975,https://i.scdn.co/image/ae1f239b41e9604a66eb900834c6887cd2f62ff1,https://open.spotify.com/track/7KXjTSCq5nL1LoYtL7XAwS
78,2018-03-28,79,Up,Machika,J Balvin,956441,https://i.scdn.co/image/ab67616d000048515b72e385b8296a8600016edd,https://open.spotify.com/track/6MNGxu8MprKGkchUchkJsy
79,2018-03-28,80,Up,El Préstamo,Maluma,945643,https://i.scdn.co/image/ab67616d00004851530b91ed48d536028e8ac26f,https://open.spotify.com/track/0QS5rZpm5zN9wV9lJgjyUE
80,2018-03-28,81,Up,Bum Bum Tam Tam,MC Fioti,945181,https://i.scdn.co/image/ab67616d00004851f45f041104bda8b5737ded73,https://open.spotify.com/track/4zWO4gvuFtw6EJZC5FFGlr
81,2018-03-28,82,Up,JAPAN,Famous Dex,932202,https://i.scdn.co/image/ab67616d00004851e7691a6ba8adc24b28e5ac63,https://open.spotify.com/track/4lTiuD1DwBKo4L7wqMkD7C
82,2018-03-28,83,Down,Young Dumb & Broke,Khalid,928021,https://i.scdn.co/image/ab67616d00004851988ede5e1276e758b5f9e577,https://open.spotify.com/track/5Z3GHaZ6ec9bsiI5BenrbY
83,2018-03-28,84,Down,the remedy for a broken heart (why am I so in love),XXXTENTACION,925674,https://i.scdn.co/image/f0443f8ad743f6052c813c593f1ad0fc161965a2,https://open.spotify.com/track/4UKCKdYiLN6IMA5ZESUTL7
84,2018-03-28,85,Up,What Lovers Do (feat. SZA),Maroon 5,919710,https://i.scdn.co/image/ab67616d000048519ccf08d3f74b36b7880522b5,https://open.spotify.com/track/3hBBKuWJfxlIlnd9QFoC8k
85,2018-03-28,86,Down,Rewrite The Stars,Zac Efron,906351,https://i.scdn.co/image/ab67616d00004851d44e723b677380dfbc899bcd,https://open.spotify.com/track/630sXRhIcfwr2e4RdNtjKN
86,2018-03-28,87,Flat,This Is Me,Keala Settle,896855,https://i.scdn.co/image/ab67616d00004851b33c769adce9e164764a7ca0,https://open.spotify.com/track/2xGjteMU3E1tkEPVFBO08U
87,2018-03-28,88,Up,Flames,David Guetta,883607,https://i.scdn.co/image/ab67616d00004851d0e5bf44bdbe8a824e921eae,https://open.spotify.com/track/33IOhptvC2Qoy2UhjiHXLV
88,2018-03-28,89,Up,Perfect Duet (Ed Sheeran & Beyoncé),Ed Sheeran,873498,https://i.scdn.co/image/ab67616d00004851af6b2fca3b6e24612a5fe5d8,https://open.spotify.com/track/1bhUWB0zJMIKr9yVPrkEuI
89,2018-03-28,90,Up,Nowadays (feat. Landon Cube),Lil Skies,864325,https://i.scdn.co/image/ab67616d00004851c56dcd1015c1ffb8c56d2988,https://open.spotify.com/track/2u7mxWSeoqTXndK5e08jMp
90,2018-03-28,91,Up,Solita,Ozuna,864212,https://i.scdn.co/image/ab67616d00004851bc739e4f39cb4d5c253fcb64,https://open.spotify.com/track/7rwX0O3RlxqqIjQM8evm5E
91,2018-03-28,92,Down,PICK IT UP (feat. A$AP Rocky),Famous Dex,858101,https://i.scdn.co/image/ab67616d00004851b3c4572395192f7c8d26820b,https://open.spotify.com/track/3ncgNpxLoBQ65ABk4djDyd
92,2018-03-28,93,Down,Candy Paint,Post Malone,855394,https://i.scdn.co/image/ab67616d00004851bf95d2beddffbdb488310f67,https://open.spotify.com/track/42CeaId2XNlxugDvyqHfDf
93,2018-03-28,94,Down,Anywhere,Rita Ora,850230,https://i.scdn.co/image/ab67616d000048517a642f7a662f4c94683ac038,https://open.spotify.com/track/7EI6Iki24tBHAMxtb4xQN2
94,2018-03-28,95,Up,Se Preparó,Ozuna,849733,https://i.scdn.co/image/ab67616d00004851b0a875d7f1bfe4ec4aaffa48,https://open.spotify.com/track/1m69ELEgE6k5ZWsap40ozt
95,2018-03-28,96,Down,Dusk Till Dawn - Radio Edit,ZAYN,839825,https://i.scdn.co/image/ab67616d0000485123852b7ef0ecfe29d38d97ee,https://open.spotify.com/track/1j4kHkkpqZRBwE0A4CN4Yv
96,2018-03-28,97,Up,Unforgettable,French Montana,823331,https://i.scdn.co/image/ab67616d000048518a31195a371b2233456f6c07,https://open.spotify.com/track/3B54sVLJ402zGa6Xm4YGNe
97,2018-03-28,98,Down,Say You Won't Let Go,James Arthur,822091,https://i.scdn.co/image/ab67616d0000485120beb61f61fcbeb33b10a9ab,https://open.spotify.com/track/5uCax9HTNlzGybIStD3vDh
98,2018-03-28,99,Up,How Long,Charlie Puth,820537,https://i.scdn.co/image/ab67616d00004851872353e715cccea67fe3de91,https://open.spotify.com/track/32DGGj6KlNuBr6WaqRxpxi
99,2018-03-28,100,Up,Something Just Like This,The Chainsmokers,803170,https://i.scdn.co/image/ab67616d000048510c13d3d5a503c84fcc60ae94,https://open.spotify.com/track/6RUKPb4LETWmmr3iAEQktW
100,2018-03-28,101,Up,Beautiful,Bazzi,798063,https://i.scdn.co/image/ab67616d000048512a156e2d24357e38bd23a793,https://open.spotify.com/track/1OilOIju6R9ia8vilNjChh
101,2018-03-28,102,Up,El Farsante - Remix,Ozuna,798029,https://i.scdn.co/image/ab67616d000048519730f9b901c4ca652c0fd21b,https://open.spotify.com/track/7uYgVgRSgqluZclLS7wpp4
102,2018-03-28,103,Up,Me Rehúso,Danny Ocean,797730,https://i.scdn.co/image/ab67616d00004851a75bd33684083600569dd3bf,https://open.spotify.com/track/6De0lHrwBfPfrhorm9q1Xl
103,2018-03-28,104,Down,Bank Account,21 Savage,796775,https://i.scdn.co/image/ab67616d00004851ac3c0aecec76cd7b5a54795e,https://open.spotify.com/track/2fQrGHiQOvpL9UgPvtYy6G
104,2018-03-28,105,Down,Narcos,Migos,795919,https://i.scdn.co/image/36f1a1c6bddf8a4c0b9e6c7612a9b25048904344,https://open.spotify.com/track/0wbnC9AUenxp613TYaJsGK
105,2018-03-28,106,Flat,1-800-273-8255,Logic,794567,https://i.scdn.co/image/08f9ccb7875a87c07c79c1ccd5319263786c55ea,https://open.spotify.com/track/5tz69p7tJuGPeMGwNTxYuV
106,2018-03-28,107,Up,Sorry Not Sorry,Demi Lovato,789688,https://i.scdn.co/image/ab67616d00004851ec9c72308e30e7aa1d22b37d,https://open.spotify.com/track/3m660poUr1chesgkkjQM7P
107,2018-03-28,108,Down,I Like Me Better,Lauv,788458,https://i.scdn.co/image/ab67616d00004851fab48816b625e2a77a732400,https://open.spotify.com/track/1wjzFQodRWrPcQ0AnYnvQ9
108,2018-03-28,109,Up,Whatever It Takes,Imagine Dragons,787378,https://i.scdn.co/image/ab67616d00004851ee138477bb382419f3f165c5,https://open.spotify.com/track/7F3uo3304R2CTvOseU3H7u
109,2018-03-28,110,Up,Esperándote,Manuel Turizo,779795,https://i.scdn.co/image/ab67616d00004851fa2960f06e1f2ed9cedb6d12,https://open.spotify.com/track/1nfyE13arjOuO54HH0zmqj
110,2018-03-28,111,Down,Betrayed,Lil Xan,779003,https://i.scdn.co/image/ab67616d00004851fd53c5b8a4787f283833db4d,https://open.spotify.com/track/6NWl2m8asvH83xjuXVNsuG
111,2018-03-28,112,Up,All Falls Down (feat. Juliander),Alan Walker,777143,https://i.scdn.co/image/ab67616d00004851206fdebc66bd04d9913f035d,https://open.spotify.com/track/5yFSF6qQA1rcLsQRnBsZgb
112,2018-03-28,113,Up,66,Lil Yachty,767518,https://i.scdn.co/image/2a324fa16f1a4ce82e1b066c3e2a3c3fb414c07b,https://open.spotify.com/track/6tarvNiKnEjYMj1VZhlDqR
113,2018-03-28,114,Down,Attention,Charlie Puth,761063,https://i.scdn.co/image/ab67616d00004851db21a273452f0637cdbc35aa,https://open.spotify.com/track/4iLqG9SeJSnt0cSPICSjxv
114,2018-03-28,115,Down,Wait,Maroon 5,754691,https://i.scdn.co/image/ab67616d00004851d87fe4a7e157a1ecb7566ef5,https://open.spotify.com/track/4lUnFLtn8w3W76FiYDRzmO
115,2018-03-28,116,Flat,Tip Toe (feat. French Montana),Jason Derulo,751478,https://i.scdn.co/image/ab67616d000048511ba06755018b46f2a6a2a7ff,https://open.spotify.com/track/2z4pcBLQXF2BXKFvd0BuB6
116,2018-03-28,117,Down,going down!,XXXTENTACION,748766,https://i.scdn.co/image/f0443f8ad743f6052c813c593f1ad0fc161965a2,https://open.spotify.com/track/7CkbRn6S0itJqcqn88AtSV
117,2018-03-28,118,Down,Location,Khalid,745722,https://i.scdn.co/image/ab67616d00004851988ede5e1276e758b5f9e577,https://open.spotify.com/track/152lZdxL1OR0ZMW6KquMif
118,2018-03-28,119,Up,So Far Away (feat. Jamie Scott & Romy Dya),Martin Garrix,740578,https://i.scdn.co/image/ab67616d000048512bfb97c135445f83927049ca,https://open.spotify.com/track/0OlnLZY4cmQzT6ZGttvWBM
119,2018-03-28,120,Up,One Dance,Drake,737815,https://i.scdn.co/image/ab67616d00004851726abca207567d5e41cb9667,https://open.spotify.com/track/1xznGGDReH1oQq0xzbwXa3
120,2018-03-28,121,Down,Bounce Out With That,YBN Nahmir,728764,https://i.scdn.co/image/ab67616d00004851af41341020c85f2f2279aeb2,https://open.spotify.com/track/5lZsh9Qf7CbHI9Fcc7Zcsq
121,2018-03-28,122,Down,No Limit,G-Eazy,725003,https://i.scdn.co/image/ab67616d00004851046527a9c176f7c2916f3530,https://open.spotify.com/track/2DQ1ITjI0YoLFzuADN1ZBW
122,2018-03-28,123,Up,Quiero Repetir,Ozuna,724229,https://i.scdn.co/image/ab67616d00004851b0a875d7f1bfe4ec4aaffa48,https://open.spotify.com/track/0MIcPSq9n2z5H8TAfEstri
123,2018-03-28,124,Down,Fuck Love (feat. Trippie Redd),XXXTENTACION,722965,https://i.scdn.co/image/ab67616d00004851203c89bd4391468eea4cc3f5,https://open.spotify.com/track/7AQim7LbvFVZJE3O8TYgf2
124,2018-03-28,125,Flat,More Than You Know,Axwell /\ Ingrosso,721842,https://i.scdn.co/image/ab67616d00004851a1944d8afb76a8fd03ed8c0f,https://open.spotify.com/track/71bBFbfn2OBK5QwUJSLS44
125,2018-03-28,126,Up,Báilame - Remix,Nacho,717270,https://i.scdn.co/image/ab67616d00004851473f54a79eb118bdfa668aa2,https://open.spotify.com/track/3VClLWqNn80Llv0PJOsKgr
126,2018-03-28,127,Down,Red Roses (feat. Landon Cube),Lil Skies,713145,https://i.scdn.co/image/ab67616d00004851c56dcd1015c1ffb8c56d2988,https://open.spotify.com/track/3ZhTT6yjZwpPph5MIJ53XY
127,2018-03-28,128,Up,Mi Gente,J Balvin,706724,https://i.scdn.co/image/ab67616d00004851996bd1ea86bd3815eedfeef5,https://open.spotify.com/track/2rb5MvYT7ZIxbKW5hfcHx8
128,2018-03-28,129,Up,Closer,The Chainsmokers,703029,https://i.scdn.co/image/ab67616d00004851495ce6da9aeb159e94eaa453,https://open.spotify.com/track/7BKLCZ1jbUBVqRi2FVlTVw
129,2018-03-28,130,Up,Déjate Llevar,Juan Magán,697342,https://i.scdn.co/image/ab67616d00004851aa674375a551ed3dee543c34,https://open.spotify.com/track/3xWEI23MLJrD0dpDcDUTW6
130,2018-03-28,131,Down,goosebumps,Travis Scott,693303,https://i.scdn.co/image/ab67616d00004851f54b99bf27cda88f4a7403ce,https://open.spotify.com/track/6gBFPUFcJLzWGx4lenP6h2
131,2018-03-28,132,Down,There's Nothing Holdin' Me Back,Shawn Mendes,693292,https://i.scdn.co/image/ab67616d00004851f9cbd0c07513a7232cd6b9a7,https://open.spotify.com/track/79cuOz3SPQTuFrp8WgftAu
132,2018-03-28,133,Down,Everybody Dies In Their Nightmares,XXXTENTACION,673835,https://i.scdn.co/image/ab67616d00004851203c89bd4391468eea4cc3f5,https://open.spotify.com/track/3GVkPk8mqxz0itaAriG1L7
133,2018-03-28,134,Up,Gucci Gang,Lil Pump,670984,https://i.scdn.co/image/ab67616d00004851d52ef190ae5253eb2c3c764c,https://open.spotify.com/track/43ZyHQITOjhciSUUNPVRHc
134,2018-03-28,135,Flat,Thinking out Loud,Ed Sheeran,670515,https://i.scdn.co/image/ab67616d00004851d08209944468440145f01524,https://open.spotify.com/track/1Slwb6dOYkBlWal1PGtnNg
135,2018-03-28,136,Up,Mayores,Becky G,666470,https://i.scdn.co/image/ab67616d00004851b5983d639fd953deb3c99848,https://open.spotify.com/track/7JNh1cfm0eXjqFVOzKLyau
136,2018-03-28,137,Down,NUMB,XXXTENTACION,666097,https://i.scdn.co/image/f0443f8ad743f6052c813c593f1ad0fc161965a2,https://open.spotify.com/track/01TnVDiet1DFTsyWKUKovl
137,2018-03-28,138,Up,El Clavo,Prince Royce,662043,https://i.scdn.co/image/ab67616d00004851747f20b674aaa47ce6b3491a,https://open.spotify.com/track/0LKErfBZ5FbBiLB4OcZRbL
138,2018-03-28,139,Up,Te Amo,Piso 21,661360,https://i.scdn.co/image/ab67616d00004851bc80625f6bd474fa01f8bd5e,https://open.spotify.com/track/2RVrdr062uLFxXwIxwdXPH
139,2018-03-28,140,Up,Despacito - Remix,Luis Fonsi,651423,https://i.scdn.co/image/ab67616d00004851d8559d0280ffe2a2af6dacdf,https://open.spotify.com/track/5CtI0qwDJkDQGwXD1H1cLb
140,2018-03-28,141,Down,Photograph,Ed Sheeran,651164,https://i.scdn.co/image/ab67616d00004851d08209944468440145f01524,https://open.spotify.com/track/6fxVffaTuwjgEk5h9QyRjy
141,2018-03-28,142,Down,Plain Jane,A$AP Ferg,648103,https://i.scdn.co/image/ab67616d00004851d79cfa3155b50beb5dbeeb9a,https://open.spotify.com/track/4dVpf9jZjcORqGTLUaeYj9
142,2018-03-28,143,Down,MotorSport,Migos,647317,https://i.scdn.co/image/36f1a1c6bddf8a4c0b9e6c7612a9b25048904344,https://open.spotify.com/track/4wFjTWCunQFKtukqrNijEt
143,2018-03-28,144,Up,Symphony (feat. Zara Larsson),Clean Bandit,645595,https://i.scdn.co/image/ab67616d000048515b1130d050c4cd2295999d85,https://open.spotify.com/track/1x5sYLZiu9r5E43kMlt9f8
144,2018-03-28,145,Up,Que Va,Alex Sensation,642638,https://i.scdn.co/image/ab67616d00004851571f364389a9436e4ff8a362,https://open.spotify.com/track/7ofxPmTNMj2GP07g1VZa0O
145,2018-03-28,146,Up,La player (Bandolera),Zion & Lennox,640012,https://i.scdn.co/image/ab67616d00004851300e1b3b6b6904d84e76bb14,https://open.spotify.com/track/0VKkyBKCXyR99navhVRqcP
146,2018-03-28,147,Up,That's What I Like,Bruno Mars,639347,https://i.scdn.co/image/ab67616d00004851232711f7d66a1e19e89e28c5,https://open.spotify.com/track/0KKkJNfGyhkQ5aFogxQAPU
147,2018-03-28,148,Down,Done For Me (feat. Kehlani),Charlie Puth,638560,https://i.scdn.co/image/ab67616d000048510c6e2199db8c3710f7e0a520,https://open.spotify.com/track/76S09sHj7GGMJAtOLjmVQ2
148,2018-03-28,149,Down,BUTTERFLY EFFECT,Travis Scott,637293,https://i.scdn.co/image/ab67616d00004851b5e9358d0d07114609d9afab,https://open.spotify.com/track/1yxgsra98r3qAtxqiGZPiX
149,2018-03-28,150,Up,SUTRA,Sebastian Yatra,633376,https://i.scdn.co/image/ab67616d00004851f215288f120008eb66a16a8b,https://open.spotify.com/track/5TmZYdHW6HJ9gt7Aokuql5
150,2018-03-28,151,Flat,Stargazing,Kygo,624453,https://i.scdn.co/image/ab67616d00004851a333559091297eda04eba27c,https://open.spotify.com/track/0Zbbxnx4SGGHoIow4PpISP
151,2018-03-28,152,Up,Ahora,J Balvin,623714,https://i.scdn.co/image/ab67616d00004851cfdb7f30980eb9b1ab3356de,https://open.spotify.com/track/54OB85nuxYGfl7qRQXuz7c
152,2018-03-28,153,Up,Loca Remix,Khea,623419,https://i.scdn.co/image/ab67616d00004851d4a8bad3f223ab95ddea709f,https://open.spotify.com/track/2CRbiMK0W14l71SpDKqKZM
153,2018-03-28,154,Down,Say Amen (Saturday Night),Panic! At The Disco,622473,https://i.scdn.co/image/ab67616d00004851da9e58f4754a8706cb5911b6,https://open.spotify.com/track/4qSsjDGXplb6422X2INvFW
154,2018-03-28,155,Flat,Bartier Cardi (feat. 21 Savage),Cardi B,621253,https://i.scdn.co/image/ab67616d000048518cb4b5d8ae71725b96b8907c,https://open.spotify.com/track/75FDPwaULRdYDn4StFN2rT
155,2018-03-28,156,Down,LOVE. FEAT. ZACARI.,Kendrick Lamar,616749,https://i.scdn.co/image/ae1f239b41e9604a66eb900834c6887cd2f62ff1,https://open.spotify.com/track/6PGoSes0D9eUDeeAafB2As
156,2018-03-28,157,Down,Hope,XXXTENTACION,615655,https://i.scdn.co/image/f0443f8ad743f6052c813c593f1ad0fc161965a2,https://open.spotify.com/track/2ZRo7axmMPeSVUvDbGkJah
157,2018-03-28,158,Down,"I don’t even speak spanish lol - feat. Rio Santana, Judah, Carlos Andrez",XXXTENTACION,614917,https://i.scdn.co/image/f0443f8ad743f6052c813c593f1ad0fc161965a2,https://open.spotify.com/track/14boA065HMHWvqyPPEeN4y
158,2018-03-28,159,Down,Strip That Down,Liam Payne,614162,https://i.scdn.co/image/ab67616d00004851ec1abb2ba5e210e826161111,https://open.spotify.com/track/6EpRaXYhGOB3fj4V2uDkMJ
159,2018-03-28,160,Up,Wonderwall - Remastered,Oasis,613509,https://i.scdn.co/image/ab67616d0000485185e5dcc05cc216a10f141480,https://open.spotify.com/track/5qqabIl2vWzo9ApSC317sa
160,2018-03-28,161,Up,Suena El Dembow,Joey Montana,607764,https://i.scdn.co/image/ab67616d00004851c8185c654dc0409609c5eb31,https://open.spotify.com/track/5TysCiZtv1HnSWcTcUFusI
161,2018-03-28,162,Flat,Mr. Brightside,The Killers,607667,https://i.scdn.co/image/7d778100d0160184d61981dc8aa666ee6fec0151,https://open.spotify.com/track/7oK9VyNzrYvRFo7nQEYkWN
162,2018-03-28,163,Down,New Freezer (feat. Kendrick Lamar),Rich The Kid,605275,https://i.scdn.co/image/ab67616d0000485166bac14cf011715fbed67e58,https://open.spotify.com/track/4pYZLpX23Vx8rwDpJCpPTA
163,2018-03-28,164,Down,Issues,Julia Michaels,601775,https://i.scdn.co/image/bed97a5c36c8dda6724f89ecfd8c23497cc897f4,https://open.spotify.com/track/7vu0JkJh0ldukEYbTVcqd0
164,2018-03-28,165,Up,Paradise,George Ezra,596608,https://i.scdn.co/image/ab67616d00004851103045cd1c29dd16a469f808,https://open.spotify.com/track/38zwkK6TtTjIW9tpYBfZ3D
165,2018-03-28,166,Down,Go Flex,Post Malone,594968,https://i.scdn.co/image/23bae95100dcb6ac8f88c19fa2a11c50a998a926,https://open.spotify.com/track/5yuShbu70mtHXY0yLzCQLQ
166,2018-03-28,167,Up,Getting Over You,Lauv,594533,https://i.scdn.co/image/ab67616d0000485135691a9f89afae026ccf5d45,https://open.spotify.com/track/2BNkTvg1kHAAfGvqh56x5a
167,2018-03-28,168,Up,Galway Girl,Ed Sheeran,587588,https://i.scdn.co/image/ab67616d00004851ba5db46f4b838ef6027e6f96,https://open.spotify.com/track/0afhq8XCExXpqazXczTSve
168,2018-03-28,169,Up,Robarte un Beso,Carlos Vives,587230,https://i.scdn.co/image/ab67616d00004851575fb66ec11e54fb68d548a5,https://open.spotify.com/track/0JcNysfWVWaMS7R6vzGB2k
169,2018-03-28,170,Up,I'm Yours,Jason Mraz,586626,https://i.scdn.co/image/ab67616d000048513f911caa42c2ef00253efb70,https://open.spotify.com/track/3S0OXQeoh0w6AY8WQVckRW
170,2018-03-28,171,Down,Bodak Yellow,Cardi B,585810,https://i.scdn.co/image/ab67616d0000485162a2dedc55a38a0fca0a17b0,https://open.spotify.com/track/2771LMNxwf62FTAdpJMQfM
171,2018-03-28,172,Up,"I'm the One (feat. Justin Bieber, Quavo, Chance the Rapper & Lil Wayne)",DJ Khaled,584866,https://i.scdn.co/image/ab67616d00004851dcb6a73da1e7f293b875f69c,https://open.spotify.com/track/3DXncPQOG4VBw3QHh3S817
172,2018-03-28,173,Up,Africa,TOTO,583748,https://i.scdn.co/image/ab67616d00004851673d6a2831f72e48745ea80d,https://open.spotify.com/track/2374M0fQpWi3dLnB54qaLX
173,2018-03-28,174,Up,You Are The Reason,Calum Scott,577686,https://i.scdn.co/image/ab67616d000048512de9d082a9beb8e31cc9ce5a,https://open.spotify.com/track/2VgJDTfkuwlm7WIHnvtRCQ
174,2018-03-28,175,Up,Starboy,The Weeknd,577576,https://i.scdn.co/image/ab67616d000048510c8599cbde51245c128bcea9,https://open.spotify.com/track/5aAx2yezTd8zXrkmtKl66Z
175,2018-03-28,176,Up,Barking,Ramz,576354,https://i.scdn.co/image/ab67616d0000485137a4c7a7325191433f3c2679,https://open.spotify.com/track/7amMgNDcObIDkIXv4xcvc2
176,2018-03-28,177,Down,X (with 2 Chainz & Saudi),ScHoolboy Q,572971,https://i.scdn.co/image/28e755c12683e1038efd53a902601e7f7ed4dbc5,https://open.spotify.com/track/4LmAnpjlhWTahvRkYR8xJa
177,2018-03-28,178,Down,Sky Walker (feat. Travis Scott),Miguel,570763,https://i.scdn.co/image/ab67616d000048515e9dff10c31ac14c6c6c920d,https://open.spotify.com/track/5WoaF1B5XIEnWfmb5NZikf
178,2018-03-28,179,Up,Halo,Beyoncé,570455,https://i.scdn.co/image/ab67616d00004851b4c5982e1b92f97a126fc18c,https://open.spotify.com/track/2CvOqDpQIMw69cCzWqr5yr
179,2018-03-28,180,Down,Passionfruit,Drake,569629,https://i.scdn.co/image/6dfd956b9331fa9ea1f47ebb95311951ed72b3db,https://open.spotify.com/track/5mCPDVBb16L4XQwDdbRUpz
180,2018-03-28,181,Down,Leave a Light On,Tom Walker,569193,https://i.scdn.co/image/ab67616d00004851bc1a09ac82f9aa9af62f2ca4,https://open.spotify.com/track/6lOWoTqVnAWXchddtTH31W
181,2018-03-28,182,Down,infinity (888) - feat. Joey Bada$$,XXXTENTACION,568167,https://i.scdn.co/image/f0443f8ad743f6052c813c593f1ad0fc161965a2,https://open.spotify.com/track/7J2gyNghNTzl4EsLhXp01Q
182,2018-03-28,183,Down,Roll In Peace (feat. XXXTENTACION),Kodak Black,565744,https://i.scdn.co/image/ab67616d00004851583ce93dc89d84218f233ea7,https://open.spotify.com/track/40oKW22ZNNkEdZLJTScaQI
183,2018-03-28,184,New,Home With You,Madison Beer,559995,https://i.scdn.co/image/ab67616d00004851fb25381648197ceb6f2923bc,https://open.spotify.com/track/11GGSyTB8cS9TgONHBOhEX
184,2018-03-28,185,New,Tequila,Dan + Shay,557887,https://i.scdn.co/image/ab67616d0000485122518642cedf0a572532db71,https://open.spotify.com/track/7Il2yWQmsqKgSkLQvHTPUI
185,2018-03-28,186,Up,What About Us,P!nk,556803,https://i.scdn.co/image/ab67616d0000485100164c96548a622d34b39828,https://open.spotify.com/track/0Qh38w01QRXK6KHIv0e3hb
186,2018-03-28,187,Up,Mamita,CNCO,556075,https://i.scdn.co/image/ab67616d00004851b8aad78e8fcc831acde817ce,https://open.spotify.com/track/5ojXuKXBYq0apcNucYSDXq
187,2018-03-28,188,Up,Dreamer,Axwell /\ Ingrosso,553798,https://i.scdn.co/image/ab67616d00004851a1944d8afb76a8fd03ed8c0f,https://open.spotify.com/track/7hvxMYq9JW5W0vFwiu1Zdr
188,2018-03-28,189,Down,The Greatest Show,Hugh Jackman,553268,https://i.scdn.co/image/ab67616d00004851a1a7f0b95a16de24a870ea5e,https://open.spotify.com/track/43ay9lQZ5rfNcOOHhRF2cM
189,2018-03-28,190,Down,BILLY,6ix9ine,549154,https://i.scdn.co/image/ab67616d00004851088475119b6418ce84e4a21f,https://open.spotify.com/track/7bRRHQelMfrP86QYQlCsAq
190,2018-03-28,191,Flat,"Lose Yourself - From ""8 Mile"" Soundtrack",Eminem,546317,https://i.scdn.co/image/ab67616d00004851a8a32ae2a279b9bf03445738,https://open.spotify.com/track/7w9bgPAmPTtrkt2v16QWvQ
191,2018-03-28,192,Flat,Stay,Zedd,545704,https://i.scdn.co/image/747037023c4423be7d41f3dd245f16ce75a652e7,https://open.spotify.com/track/0I20rLT2MJDhcF96AjbNYo
192,2018-03-28,193,New,Despacito (Featuring Daddy Yankee),Luis Fonsi,542139,https://i.scdn.co/image/ab67616d00004851a5971936e3b8d91f8b616b17,https://open.spotify.com/track/4aWmUDTfIPGksMNLV2rQP2
193,2018-03-28,194,New,Amantes de una Noche,Natti Natasha,538130,https://i.scdn.co/image/ab67616d0000485189b52367ec7943bba81675cd,https://open.spotify.com/track/2iCOdoyDmWG3hWkbtH1KB2
194,2018-03-28,195,New,Marry Me,Thomas Rhett,537991,https://i.scdn.co/image/2a921a3006fc3c87867a4f8067f085a1ef533ebc,https://open.spotify.com/track/0OWZFobGSIW9GrSlQ9C5pc
195,2018-03-28,196,Down,Naked,James Arthur,536264,https://i.scdn.co/image/ab67616d00004851f13bfa0da7b94ac3272f3152,https://open.spotify.com/track/7krbSH3rd8lhIZvuzTV3Bl
196,2018-03-28,197,Down,Codeine Dreaming (feat. Lil Wayne),Kodak Black,535748,https://i.scdn.co/image/ab67616d000048518e3046e13f253a208519b21a,https://open.spotify.com/track/4DTpngLjoHj5gFxEZFeD3J
197,2018-03-28,198,Down,Indecente,Anitta,535018,https://i.scdn.co/image/ab67616d000048517cf1d7d70cd93e1b0790cc18,https://open.spotify.com/track/5FOCkGt7bp22nBVfQ4WSIT
198,2018-03-28,199,Down,Lonely Together (feat. Rita Ora),Avicii,533700,https://i.scdn.co/image/241ee98f30f1a0066a26890586952e393a473b0d,https://open.spotify.com/track/2OALaHcDdKkjYEpAr0Qzab
199,2018-03-28,200,Down,White Iverson,Post Malone,533612,https://i.scdn.co/image/23bae95100dcb6ac8f88c19fa2a11c50a998a926,https://open.spotify.com/track/6eT7xZZlB2mwyzJ2sUKG6w
