,Date,Position,Trend,Title,Artist,Streams,Icon_URL,Spotify_URL
0,2018-03-02,1,Flat,God's Plan,Drake,7817732,https://i.scdn.co/image/ab67616d000048515e8f046078b784e6f8502008,https://open.spotify.com/track/2XW4DbS6NddZxRPm5rMCeY
1,2018-03-02,2,Flat,Psycho (feat. Ty Dolla $ign),Post Malone,5836850,https://i.scdn.co/image/ab67616d00004851918d749b2bdc00e59be23312,https://open.spotify.com/track/65NwOZqoXny4JxqAPlfxRF
2,2018-03-02,3,Flat,All The Stars (with SZA),Kendrick Lamar,4235091,https://i.scdn.co/image/28e755c12683e1038efd53a902601e7f7ed4dbc5,https://open.spotify.com/track/3GCdLUSnKSMJhs4Tj6CV3s
3,2018-03-02,4,Flat,IDGAF,Dua Lipa,3370664,https://i.scdn.co/image/ab67616d000048516b915e407b70e121e06fe979,https://open.spotify.com/track/76cy1WJvNGJTj78UqeA5zr
4,2018-03-02,5,Flat,Mine,Bazzi,3295075,https://i.scdn.co/image/ab67616d0000485173924baaee2d2e94829953bf,https://open.spotify.com/track/6tHWl8ows5JOZq9Yfaqn3M
5,2018-03-02,6,Flat,FRIENDS,Marshmello,3130801,https://i.scdn.co/image/ab67616d00004851569f64493ca55cd96fdee412,https://open.spotify.com/track/08bNPGLD8AhKpnnERrAc6G
6,2018-03-02,7,Flat,Look Alive (feat. Drake),BlocBoy JB,3091219,https://i.scdn.co/image/ab67616d0000485155cad990bc1ce5808367fa0e,https://open.spotify.com/track/4qKcDkK6siZ7Jp1Jb4m0aL
7,2018-03-02,8,Flat,Pray For Me (with Kendrick Lamar),The Weeknd,3070860,https://i.scdn.co/image/ab67616d000048518ac2a58fbcab6a775e790b15,https://open.spotify.com/track/4ofvoCdXq99vpMZO4Cfp8x
8,2018-03-02,9,Flat,rockstar,Post Malone,3031242,https://i.scdn.co/image/ab67616d0000485147a8619ffffa8ccd20ca194b,https://open.spotify.com/track/2U7Hu2RaNQNRi7izoJyZaX
9,2018-03-02,10,Flat,The Middle,Zedd,2891338,https://i.scdn.co/image/ab67616d00004851247b73f96ede946a7fa0af12,https://open.spotify.com/track/2ARqIya5NAuvFVHSN3bL0m
10,2018-03-02,11,Flat,Amorfoda,Bad Bunny,2738600,https://i.scdn.co/image/ab67616d00004851ffde74831eadc3cdccc02188,https://open.spotify.com/track/3ITvHA9zhZZdBJsOsAUegF
11,2018-03-02,12,Up,Dura,Daddy Yankee,2730063,https://i.scdn.co/image/ab67616d00004851407475cb28e657ec856dcbaf,https://open.spotify.com/track/2j2fIJGh4PMdXt9ULI5Tlc
12,2018-03-02,13,Down,These Days,Rudimental,2704764,https://i.scdn.co/image/ab67616d00004851e9f49a29f00d42d7857794a5,https://open.spotify.com/track/5CLGzJsGqhCEECcpnFQA8x
13,2018-03-02,14,Flat,Havana (feat. Young Thug),Camila Cabello,2680610,https://i.scdn.co/image/ab67616d000048516eb0b9e73adcf04e4ed3eca4,https://open.spotify.com/track/1rfofaqEpACxVEHIZBJe6W
14,2018-03-02,15,Down,Love Lies (with Normani),Khalid,2551350,https://i.scdn.co/image/ab67616d00004851dd7eaf261543814a6d715d67,https://open.spotify.com/track/45Egmo7icyopuzJN0oMEdk
15,2018-03-02,16,Flat,River (feat. Ed Sheeran),Eminem,2251646,https://i.scdn.co/image/ab67616d00004851255191ed87a907d362b43f19,https://open.spotify.com/track/5UEnHoDYpsxlfzWLZIc7LD
16,2018-03-02,17,Up,Échame La Culpa,Luis Fonsi,2235128,https://i.scdn.co/image/ab67616d000048510ac9a58447dfccc5127248e0,https://open.spotify.com/track/1zsG4eaZmkA1dvjDDsAGLK
17,2018-03-02,18,Down,Stir Fry,Migos,2206593,https://i.scdn.co/image/36f1a1c6bddf8a4c0b9e6c7612a9b25048904344,https://open.spotify.com/track/2UVbBKQOdFAekPTRsnkzcf
18,2018-03-02,19,Down,Finesse - Remix; feat. Cardi B,Bruno Mars,2155893,https://i.scdn.co/image/ab67616d0000485147e522adf030a78615cdea06,https://open.spotify.com/track/3Vo4wInECJQuz9BIBMOu8i
19,2018-03-02,20,Flat,Meant to Be (feat. Florida Georgia Line),Bebe Rexha,2082211,https://i.scdn.co/image/ab67616d000048511ba5682505dd6e2592b16e41,https://open.spotify.com/track/7iDa6hUg2VgEL1o1HjmfBn
20,2018-03-02,21,New,SAD!,XXXTENTACION,2064862,https://i.scdn.co/image/ab67616d00004851258871cc2f0e5d66e28b30c6,https://open.spotify.com/track/35ieKju5aLWFN5UgfJ27mL
21,2018-03-02,22,Down,Never Be the Same,Camila Cabello,2061286,https://i.scdn.co/image/ab67616d000048516eb0b9e73adcf04e4ed3eca4,https://open.spotify.com/track/4eWQlBRaTjPPUlzacqEeoQ
22,2018-03-02,23,Down,I Fall Apart,Post Malone,2010792,https://i.scdn.co/image/23bae95100dcb6ac8f88c19fa2a11c50a998a926,https://open.spotify.com/track/75ZvA4QfFiZvzhj2xkaWAh
23,2018-03-02,24,Down,New Rules,Dua Lipa,1997036,https://i.scdn.co/image/ab67616d000048516b915e407b70e121e06fe979,https://open.spotify.com/track/2ekn2ttSfGqwhhate0LSR0
24,2018-03-02,25,Down,Sick Boy,The Chainsmokers,1935726,https://i.scdn.co/image/ab67616d000048519cd3a40ec0c720defb17074e,https://open.spotify.com/track/2IKZkwHI5zsZf70STuhvOX
25,2018-03-02,26,Down,Wolves,Selena Gomez,1897074,https://i.scdn.co/image/ab67616d0000485110368f28dac3b838770f985c,https://open.spotify.com/track/7EmGUiUaOSGDnUUQUDrOXC
26,2018-03-02,27,Flat,Perfect,Ed Sheeran,1876898,https://i.scdn.co/image/ab67616d00004851ba5db46f4b838ef6027e6f96,https://open.spotify.com/track/0tgVpDi06FyKpA1z0VMD4v
27,2018-03-02,28,Flat,"King's Dead (with Kendrick Lamar, Future & James Blake)",Jay Rock,1865770,https://i.scdn.co/image/ab67616d00004851c3de572921cabde540d4880a,https://open.spotify.com/track/51rXHuKN8Loc4sUlKPODgH
28,2018-03-02,29,Down,For You (Fifty Shades Freed) (& Rita Ora),Liam Payne,1856770,https://i.scdn.co/image/ab67616d00004851ddc8bbc60fa930446a2b5718,https://open.spotify.com/track/5hM6sP0Gh1jD57drszNueC
29,2018-03-02,30,Down,Him & I (with Halsey),G-Eazy,1819220,https://i.scdn.co/image/ab67616d00004851046527a9c176f7c2916f3530,https://open.spotify.com/track/5k38wzpLb15YgncyWdTZE4
30,2018-03-02,31,Up,Let You Down,NF,1756324,https://i.scdn.co/image/ab67616d0000485139e85b6ae069d1e25bbc89df,https://open.spotify.com/track/6mrKP2jyIQmM0rw6fQryjr
31,2018-03-02,32,Down,Bella,Wolfine,1742418,https://i.scdn.co/image/ab67616d000048517545b0cf4455b3d8a9ff57ed,https://open.spotify.com/track/4R55IUi2x7S5ek2SpebOiE
32,2018-03-02,33,Up,Shape of You,Ed Sheeran,1727829,https://i.scdn.co/image/ab67616d00004851ba5db46f4b838ef6027e6f96,https://open.spotify.com/track/7qiZfU4dY1lWllzX7mPBI3
33,2018-03-02,34,Down,"Let Me Go (with Alesso, Florida Georgia Line & watt)",Hailee Steinfeld,1716433,https://i.scdn.co/image/ab67616d00004851dbdc892395413def043e0655,https://open.spotify.com/track/5AEtlRudpgdT5FtNiuly6Y
34,2018-03-02,35,Up,Déjala que vuelva (feat. Manuel Turizo),Piso 21,1695909,https://i.scdn.co/image/ab67616d000048514ed4c2e64f7bf0977aa70b42,https://open.spotify.com/track/33bnxcjePIkcmNjEFTJX0l
35,2018-03-02,36,New,Everyday,Logic,1643051,https://i.scdn.co/image/b2dc65a366e1ec295547a059631142eb3d3822cf,https://open.spotify.com/track/6zOhgKfbMiQWToE6K13s2s
36,2018-03-02,37,Up,Corazón,Maluma,1636788,https://i.scdn.co/image/ab67616d000048516876ec811b26ba2094565b34,https://open.spotify.com/track/4lESS6vuruP6a79KWRaQou
37,2018-03-02,38,Down,Capital Letters,Hailee Steinfeld,1635993,https://i.scdn.co/image/ab67616d00004851f6630162a999e1cf78afbbae,https://open.spotify.com/track/3towKHKVOXCCcL1fHv6xFO
38,2018-03-02,39,Down,Say Something,Justin Timberlake,1596268,https://i.scdn.co/image/ab67616d000048514626ff0fee963da605f6aa06,https://open.spotify.com/track/1LhMopPAallLeaeNutqbgS
39,2018-03-02,40,Down,Downtown,Anitta,1591123,https://i.scdn.co/image/ab67616d000048518c6b830c36c7b4ac43c3cee8,https://open.spotify.com/track/3Ga6eKrUFf12ouh9Yw3v2D
40,2018-03-02,41,Down,Heaven,Julia Michaels,1557467,https://i.scdn.co/image/ab67616d000048518dfd94df32e91d9f384df1fb,https://open.spotify.com/track/4QfNOZN7vrQCQKK1ZJ3XPb
41,2018-03-02,42,Down,Criminal,Natti Natasha,1516926,https://i.scdn.co/image/ab67616d000048515f3f4af0d3e662247a7d8cff,https://open.spotify.com/track/6Za3190Sbw39BBC77WSS1C
42,2018-03-02,43,Up,Ric Flair Drip (& Metro Boomin),Offset,1480674,https://i.scdn.co/image/ab67616d000048510f206fe737d46f2f2d826d83,https://open.spotify.com/track/7sO5G9EABYOXQKNPNiE9NR
43,2018-03-02,44,Down,I Miss You (feat. Julia Michaels),Clean Bandit,1464849,https://i.scdn.co/image/ab67616d000048518341ce7a7a1f4ab4182823d5,https://open.spotify.com/track/2xmrfQpmS2iJExTlklLoAL
44,2018-03-02,45,Down,Feel It Still,Portugal. The Man,1409964,https://i.scdn.co/image/ab67616d00004851af52c228c9619ff6298b08cd,https://open.spotify.com/track/6QgjcU0zLnzq5OrUoSZ3OK
45,2018-03-02,46,Down,Silence,Marshmello,1398337,https://i.scdn.co/image/ab67616d00004851f33ba583059dc2f7d08bf2b8,https://open.spotify.com/track/7vGuf3Y35N4wmASOKLUVVU
46,2018-03-02,47,Down,44 More,Logic,1391762,https://i.scdn.co/image/ab67616d0000485129f430201e931306be4fbc77,https://open.spotify.com/track/6iyp6udVpLuq3MCUulZT4h
47,2018-03-02,48,Flat,Sensualidad,Bad Bunny,1391381,https://i.scdn.co/image/ab67616d00004851c0ca1263b2966ddff794d3bb,https://open.spotify.com/track/5hcisvFMidkMJlElTO9Qmw
48,2018-03-02,49,Down,Thunder,Imagine Dragons,1388489,https://i.scdn.co/image/ab67616d00004851ee138477bb382419f3f165c5,https://open.spotify.com/track/26gceVsA1ybT8qsX3aYLEn
49,2018-03-02,50,Down,What Lovers Do (feat. SZA),Maroon 5,1353069,https://i.scdn.co/image/ab67616d000048519ccf08d3f74b36b7880522b5,https://open.spotify.com/track/3hBBKuWJfxlIlnd9QFoC8k
50,2018-03-02,51,Down,Too Good At Goodbyes,Sam Smith,1336127,https://i.scdn.co/image/eb645ad7342e0f34817e16d9d4061c3b5e374d4c,https://open.spotify.com/track/1mXVgsBdtIVeCLJnSnmtdV
51,2018-03-02,52,Up,Me Niego (feat. Ozuna & Wisin),Reik,1304501,https://i.scdn.co/image/ab67616d00004851395857179e6679826a8fa497,https://open.spotify.com/track/6jA8JUuPCGYjFcgw0AoM5T
52,2018-03-02,53,New,"Top Off (feat. JAY Z, Future & Beyoncé)",DJ Khaled,1286423,https://i.scdn.co/image/ab67616d00004851252436407e79f2dc48015938,https://open.spotify.com/track/1W6wxOOYyJyyok8fqYSZ3m
53,2018-03-02,54,Up,EL BAÑO,Enrique Iglesias,1268311,https://i.scdn.co/image/ab67616d000048517a201c3a7e4677711df31e57,https://open.spotify.com/track/2vvdTrdryjsl8DmPIMDWZU
54,2018-03-02,55,Down,XO Tour Llif3,Lil Uzi Vert,1266234,https://i.scdn.co/image/ab67616d0000485141b41e6f7924e530a9b00f9c,https://open.spotify.com/track/7GX5flRQZVHRAGd6B4TmDO
55,2018-03-02,56,Down,This Is Me,Keala Settle,1264785,https://i.scdn.co/image/ab67616d00004851b33c769adce9e164764a7ca0,https://open.spotify.com/track/2xGjteMU3E1tkEPVFBO08U
56,2018-03-02,57,Flat,Síguelo Bailando,Ozuna,1264121,https://i.scdn.co/image/ab67616d00004851b0a875d7f1bfe4ec4aaffa48,https://open.spotify.com/track/5Y9fnynLlIvqtM710MHzfz
57,2018-03-02,58,Down,Congratulations,Post Malone,1240041,https://i.scdn.co/image/23bae95100dcb6ac8f88c19fa2a11c50a998a926,https://open.spotify.com/track/3a1lNhkSLSkpJE4MSHpDu9
58,2018-03-02,59,Down,Rewrite The Stars,Zac Efron,1200420,https://i.scdn.co/image/ab67616d00004851d44e723b677380dfbc899bcd,https://open.spotify.com/track/630sXRhIcfwr2e4RdNtjKN
59,2018-03-02,60,Down,Narcos,Migos,1185470,https://i.scdn.co/image/36f1a1c6bddf8a4c0b9e6c7612a9b25048904344,https://open.spotify.com/track/0wbnC9AUenxp613TYaJsGK
60,2018-03-02,61,Down,HUMBLE.,Kendrick Lamar,1182011,https://i.scdn.co/image/ae1f239b41e9604a66eb900834c6887cd2f62ff1,https://open.spotify.com/track/7KXjTSCq5nL1LoYtL7XAwS
61,2018-03-02,62,New,X,Nicky Jam,1137602,https://i.scdn.co/image/ab67616d0000485126ddcc42228a649e5fbe4350,https://open.spotify.com/track/39N9RPD9MRb5WmoLzNzPeA
62,2018-03-02,63,Down,Young Dumb & Broke,Khalid,1131289,https://i.scdn.co/image/ab67616d00004851988ede5e1276e758b5f9e577,https://open.spotify.com/track/5Z3GHaZ6ec9bsiI5BenrbY
63,2018-03-02,64,Up,Dembow,Danny Ocean,1124505,https://i.scdn.co/image/ab67616d00004851418acc3f747c7a42f91c72c6,https://open.spotify.com/track/2EzRdhuoPyNJDlep7lnNf2
64,2018-03-02,65,Down,LOVE. FEAT. ZACARI.,Kendrick Lamar,1088957,https://i.scdn.co/image/ae1f239b41e9604a66eb900834c6887cd2f62ff1,https://open.spotify.com/track/6PGoSes0D9eUDeeAafB2As
65,2018-03-02,66,Down,Candy Paint,Post Malone,1088722,https://i.scdn.co/image/ab67616d00004851bf95d2beddffbdb488310f67,https://open.spotify.com/track/42CeaId2XNlxugDvyqHfDf
66,2018-03-02,67,New,changes,XXXTENTACION,1088438,https://i.scdn.co/image/ab67616d0000485183612f77200c9b1575be981a,https://open.spotify.com/track/4PANCoXZX3RaT2D6mqSdEU
67,2018-03-02,68,Down,Betrayed,Lil Xan,1088274,https://i.scdn.co/image/ab67616d00004851fd53c5b8a4787f283833db4d,https://open.spotify.com/track/6NWl2m8asvH83xjuXVNsuG
68,2018-03-02,69,Down,Tip Toe (feat. French Montana),Jason Derulo,1084436,https://i.scdn.co/image/ab67616d000048511ba06755018b46f2a6a2a7ff,https://open.spotify.com/track/2z4pcBLQXF2BXKFvd0BuB6
69,2018-03-02,70,Up,Machika,J Balvin,1069606,https://i.scdn.co/image/ab67616d000048515b72e385b8296a8600016edd,https://open.spotify.com/track/6MNGxu8MprKGkchUchkJsy
70,2018-03-02,71,Down,Anywhere,Rita Ora,1056182,https://i.scdn.co/image/ab67616d000048517a642f7a662f4c94683ac038,https://open.spotify.com/track/7EI6Iki24tBHAMxtb4xQN2
71,2018-03-02,72,Down,Dusk Till Dawn - Radio Edit,ZAYN,1056151,https://i.scdn.co/image/ab67616d0000485123852b7ef0ecfe29d38d97ee,https://open.spotify.com/track/1j4kHkkpqZRBwE0A4CN4Yv
72,2018-03-02,73,Up,Bum Bum Tam Tam,MC Fioti,1054369,https://i.scdn.co/image/ab67616d00004851f45f041104bda8b5737ded73,https://open.spotify.com/track/4zWO4gvuFtw6EJZC5FFGlr
73,2018-03-02,74,Down,X (with 2 Chainz & Saudi),ScHoolboy Q,1053838,https://i.scdn.co/image/28e755c12683e1038efd53a902601e7f7ed4dbc5,https://open.spotify.com/track/4LmAnpjlhWTahvRkYR8xJa
74,2018-03-02,75,Down,Solita,Ozuna,1024711,https://i.scdn.co/image/ab67616d00004851bc739e4f39cb4d5c253fcb64,https://open.spotify.com/track/7rwX0O3RlxqqIjQM8evm5E
75,2018-03-02,76,Down,Believer,Imagine Dragons,1022369,https://i.scdn.co/image/ab67616d00004851ee138477bb382419f3f165c5,https://open.spotify.com/track/7Izh7zLJGw1Nscd62Exxj4
76,2018-03-02,77,Down,No Limit,G-Eazy,1019490,https://i.scdn.co/image/ab67616d00004851046527a9c176f7c2916f3530,https://open.spotify.com/track/2DQ1ITjI0YoLFzuADN1ZBW
77,2018-03-02,78,Down,Perfect Duet (Ed Sheeran & Beyoncé),Ed Sheeran,1012194,https://i.scdn.co/image/ab67616d00004851af6b2fca3b6e24612a5fe5d8,https://open.spotify.com/track/1bhUWB0zJMIKr9yVPrkEuI
78,2018-03-02,79,Up,Jocelyn Flores,XXXTENTACION,998552,https://i.scdn.co/image/ab67616d00004851203c89bd4391468eea4cc3f5,https://open.spotify.com/track/7m9OqQk4RVRkw9JJdeAw96
79,2018-03-02,80,Up,Se Preparó,Ozuna,996808,https://i.scdn.co/image/ab67616d00004851b0a875d7f1bfe4ec4aaffa48,https://open.spotify.com/track/1m69ELEgE6k5ZWsap40ozt
80,2018-03-02,81,Up,"1, 2, 3 (feat. Jason Derulo & De La Ghetto)",Sofia Reyes,982719,https://i.scdn.co/image/ab67616d00004851775d1e288c04237d896e8357,https://open.spotify.com/track/4QtiVmuA88tPQiCOHZuQ5b
81,2018-03-02,82,Down,So Far Away (feat. Jamie Scott & Romy Dya),Martin Garrix,968384,https://i.scdn.co/image/ab67616d000048512bfb97c135445f83927049ca,https://open.spotify.com/track/0OlnLZY4cmQzT6ZGttvWBM
82,2018-03-02,83,Flat,Bank Account,21 Savage,961554,https://i.scdn.co/image/ab67616d00004851ac3c0aecec76cd7b5a54795e,https://open.spotify.com/track/2fQrGHiQOvpL9UgPvtYy6G
83,2018-03-02,84,Down,The Ways (with Swae Lee),Khalid,955938,https://i.scdn.co/image/28e755c12683e1038efd53a902601e7f7ed4dbc5,https://open.spotify.com/track/5jyyPsIGM2yqkZN9R3TmvN
84,2018-03-02,85,Down,You Owe Me,The Chainsmokers,953088,https://i.scdn.co/image/ab67616d000048519cd3a40ec0c720defb17074e,https://open.spotify.com/track/1USJRpWDFhxwhCajPXBeel
85,2018-03-02,86,Up,Like I Do,David Guetta,952916,https://i.scdn.co/image/ab67616d00004851734eb0ed1bd80aeed903f30b,https://open.spotify.com/track/6RnkFd8Fqqgk1Uni8RgqCQ
86,2018-03-02,87,Down,Unforgettable,French Montana,952856,https://i.scdn.co/image/ab67616d000048518a31195a371b2233456f6c07,https://open.spotify.com/track/3B54sVLJ402zGa6Xm4YGNe
87,2018-03-02,88,Down,How Long,Charlie Puth,945039,https://i.scdn.co/image/ab67616d00004851872353e715cccea67fe3de91,https://open.spotify.com/track/32DGGj6KlNuBr6WaqRxpxi
88,2018-03-02,89,Down,Sky Walker (feat. Travis Scott),Miguel,943154,https://i.scdn.co/image/ab67616d000048515e9dff10c31ac14c6c6c920d,https://open.spotify.com/track/5WoaF1B5XIEnWfmb5NZikf
89,2018-03-02,90,Down,Nowadays (feat. Landon Cube),Lil Skies,932251,https://i.scdn.co/image/ab67616d00004851c56dcd1015c1ffb8c56d2988,https://open.spotify.com/track/2u7mxWSeoqTXndK5e08jMp
90,2018-03-02,91,Down,Me Rehúso,Danny Ocean,928649,https://i.scdn.co/image/ab67616d00004851a75bd33684083600569dd3bf,https://open.spotify.com/track/6De0lHrwBfPfrhorm9q1Xl
91,2018-03-02,92,Down,PICK IT UP (feat. A$AP Rocky),Famous Dex,927161,https://i.scdn.co/image/ab67616d00004851b3c4572395192f7c8d26820b,https://open.spotify.com/track/3ncgNpxLoBQ65ABk4djDyd
92,2018-03-02,93,Down,Bartier Cardi (feat. 21 Savage),Cardi B,923088,https://i.scdn.co/image/ab67616d000048518cb4b5d8ae71725b96b8907c,https://open.spotify.com/track/75FDPwaULRdYDn4StFN2rT
93,2018-03-02,94,Down,She Loves Control,Camila Cabello,919593,https://i.scdn.co/image/ab67616d000048516eb0b9e73adcf04e4ed3eca4,https://open.spotify.com/track/5HwnezK198pJCEj1l2Adjy
94,2018-03-02,95,Up,Breathe,Jax Jones,917598,https://i.scdn.co/image/ab67616d00004851242e97b0767265f5c3cf0277,https://open.spotify.com/track/6tvQzeCPwOytDlBYCIOY0n
95,2018-03-02,96,Down,1-800-273-8255,Logic,888589,https://i.scdn.co/image/08f9ccb7875a87c07c79c1ccd5319263786c55ea,https://open.spotify.com/track/5tz69p7tJuGPeMGwNTxYuV
96,2018-03-02,97,Down,Want You Back,5 Seconds of Summer,887901,https://i.scdn.co/image/ab67616d000048513a60b95549e9a81e654e21a7,https://open.spotify.com/track/2Pvr8rYuh5J8V7QglJhH6W
97,2018-03-02,98,Down,New Freezer (feat. Kendrick Lamar),Rich The Kid,883229,https://i.scdn.co/image/ab67616d0000485166bac14cf011715fbed67e58,https://open.spotify.com/track/4pYZLpX23Vx8rwDpJCpPTA
98,2018-03-02,99,Down,MotorSport,Migos,881509,https://i.scdn.co/image/36f1a1c6bddf8a4c0b9e6c7612a9b25048904344,https://open.spotify.com/track/4wFjTWCunQFKtukqrNijEt
99,2018-03-02,100,Flat,Quiero Repetir,Ozuna,881459,https://i.scdn.co/image/ab67616d00004851b0a875d7f1bfe4ec4aaffa48,https://open.spotify.com/track/0MIcPSq9n2z5H8TAfEstri
100,2018-03-02,101,Down,Something Just Like This,The Chainsmokers,880173,https://i.scdn.co/image/ab67616d000048510c13d3d5a503c84fcc60ae94,https://open.spotify.com/track/6RUKPb4LETWmmr3iAEQktW
101,2018-03-02,102,New,Powerglide (feat. Juicy J),Rae Sremmurd,879013,https://i.scdn.co/image/ab67616d00004851685f3c0308abbb32799800b2,https://open.spotify.com/track/2yUbCEiaolfSMluDo9RMmG
102,2018-03-02,103,Down,Gucci Gang,Lil Pump,874872,https://i.scdn.co/image/ab67616d00004851d52ef190ae5253eb2c3c764c,https://open.spotify.com/track/43ZyHQITOjhciSUUNPVRHc
103,2018-03-02,104,Down,Mi Gente,J Balvin,872542,https://i.scdn.co/image/ab67616d00004851996bd1ea86bd3815eedfeef5,https://open.spotify.com/track/2rb5MvYT7ZIxbKW5hfcHx8
104,2018-03-02,105,Down,I Like Me Better,Lauv,872135,https://i.scdn.co/image/ab67616d00004851fab48816b625e2a77a732400,https://open.spotify.com/track/1wjzFQodRWrPcQ0AnYnvQ9
105,2018-03-02,106,Down,Attention,Charlie Puth,867868,https://i.scdn.co/image/ab67616d00004851db21a273452f0637cdbc35aa,https://open.spotify.com/track/4iLqG9SeJSnt0cSPICSjxv
106,2018-03-02,107,Down,Say You Won't Let Go,James Arthur,855413,https://i.scdn.co/image/ab67616d0000485120beb61f61fcbeb33b10a9ab,https://open.spotify.com/track/5uCax9HTNlzGybIStD3vDh
107,2018-03-02,108,Down,Plain Jane,A$AP Ferg,840898,https://i.scdn.co/image/ab67616d00004851d79cfa3155b50beb5dbeeb9a,https://open.spotify.com/track/4dVpf9jZjcORqGTLUaeYj9
108,2018-03-02,109,Down,Mayores,Becky G,837660,https://i.scdn.co/image/ab67616d00004851b5983d639fd953deb3c99848,https://open.spotify.com/track/7JNh1cfm0eXjqFVOzKLyau
109,2018-03-02,110,Up,Esperándote,Manuel Turizo,829589,https://i.scdn.co/image/ab67616d00004851fa2960f06e1f2ed9cedb6d12,https://open.spotify.com/track/1nfyE13arjOuO54HH0zmqj
110,2018-03-02,111,Down,Bounce Out With That,YBN Nahmir,825384,https://i.scdn.co/image/ab67616d00004851af41341020c85f2f2279aeb2,https://open.spotify.com/track/5lZsh9Qf7CbHI9Fcc7Zcsq
111,2018-03-02,112,Down,Location,Khalid,824415,https://i.scdn.co/image/ab67616d00004851988ede5e1276e758b5f9e577,https://open.spotify.com/track/152lZdxL1OR0ZMW6KquMif
112,2018-03-02,113,Down,All Falls Down (feat. Juliander),Alan Walker,820397,https://i.scdn.co/image/ab67616d00004851206fdebc66bd04d9913f035d,https://open.spotify.com/track/5yFSF6qQA1rcLsQRnBsZgb
113,2018-03-02,114,Down,Sorry Not Sorry,Demi Lovato,816772,https://i.scdn.co/image/ab67616d00004851ec9c72308e30e7aa1d22b37d,https://open.spotify.com/track/3m660poUr1chesgkkjQM7P
114,2018-03-02,115,Down,More Than You Know,Axwell /\ Ingrosso,806007,https://i.scdn.co/image/ab67616d00004851a1944d8afb76a8fd03ed8c0f,https://open.spotify.com/track/71bBFbfn2OBK5QwUJSLS44
115,2018-03-02,116,Down,Báilame - Remix,Nacho,803735,https://i.scdn.co/image/ab67616d00004851473f54a79eb118bdfa668aa2,https://open.spotify.com/track/3VClLWqNn80Llv0PJOsKgr
116,2018-03-02,117,Down,goosebumps,Travis Scott,794390,https://i.scdn.co/image/ab67616d00004851f54b99bf27cda88f4a7403ce,https://open.spotify.com/track/6gBFPUFcJLzWGx4lenP6h2
117,2018-03-02,118,Down,Walk It Talk It,Migos,788476,https://i.scdn.co/image/36f1a1c6bddf8a4c0b9e6c7612a9b25048904344,https://open.spotify.com/track/6n4U3TlzUGhdSFbUUhTvLP
118,2018-03-02,119,Up,Que Va,Alex Sensation,771675,https://i.scdn.co/image/ab67616d00004851571f364389a9436e4ff8a362,https://open.spotify.com/track/7ofxPmTNMj2GP07g1VZa0O
119,2018-03-02,120,Down,Miss You (with Major Lazer & Tory Lanez),Cashmere Cat,769942,https://i.scdn.co/image/ab67616d000048510f09cea80b9146ea94d638bf,https://open.spotify.com/track/0as7lPxkBPctZ7uVmchRNM
120,2018-03-02,121,Down,Whatever It Takes,Imagine Dragons,768520,https://i.scdn.co/image/ab67616d00004851ee138477bb382419f3f165c5,https://open.spotify.com/track/7F3uo3304R2CTvOseU3H7u
121,2018-03-02,122,Up,One Dance,Drake,765279,https://i.scdn.co/image/ab67616d00004851726abca207567d5e41cb9667,https://open.spotify.com/track/1xznGGDReH1oQq0xzbwXa3
122,2018-03-02,123,Down,Paramedic!,SOB X RBE,760687,https://i.scdn.co/image/28e755c12683e1038efd53a902601e7f7ed4dbc5,https://open.spotify.com/track/2tPcTFiQF9MbVUyjZ3zDhA
123,2018-03-02,124,Down,Vuelve,Daddy Yankee,759072,https://i.scdn.co/image/ab67616d0000485127fd276f720970c987695b55,https://open.spotify.com/track/0lJCqIx5BhZtf6QtYI2fbv
124,2018-03-02,125,Down,Bodak Yellow,Cardi B,758394,https://i.scdn.co/image/ab67616d0000485162a2dedc55a38a0fca0a17b0,https://open.spotify.com/track/2771LMNxwf62FTAdpJMQfM
125,2018-03-02,126,Down,SUTRA,Sebastian Yatra,757123,https://i.scdn.co/image/ab67616d00004851f215288f120008eb66a16a8b,https://open.spotify.com/track/5TmZYdHW6HJ9gt7Aokuql5
126,2018-03-02,127,Down,Stargazing,Kygo,756675,https://i.scdn.co/image/ab67616d00004851a333559091297eda04eba27c,https://open.spotify.com/track/0Zbbxnx4SGGHoIow4PpISP
127,2018-03-02,128,Flat,Suena El Dembow,Joey Montana,756509,https://i.scdn.co/image/ab67616d00004851c8185c654dc0409609c5eb31,https://open.spotify.com/track/5TysCiZtv1HnSWcTcUFusI
128,2018-03-02,129,Down,Lonely Together (feat. Rita Ora),Avicii,751948,https://i.scdn.co/image/241ee98f30f1a0066a26890586952e393a473b0d,https://open.spotify.com/track/2OALaHcDdKkjYEpAr0Qzab
129,2018-03-02,130,Down,Déjate Llevar,Juan Magán,746071,https://i.scdn.co/image/ab67616d00004851aa674375a551ed3dee543c34,https://open.spotify.com/track/3xWEI23MLJrD0dpDcDUTW6
130,2018-03-02,131,Down,Go Flex,Post Malone,731526,https://i.scdn.co/image/23bae95100dcb6ac8f88c19fa2a11c50a998a926,https://open.spotify.com/track/5yuShbu70mtHXY0yLzCQLQ
131,2018-03-02,132,Down,Big Shot (with Travis Scott),Kendrick Lamar,726630,https://i.scdn.co/image/28e755c12683e1038efd53a902601e7f7ed4dbc5,https://open.spotify.com/track/5cXg9IQS34FzLVdHhp7hu7
132,2018-03-02,133,Down,Thinking out Loud,Ed Sheeran,723424,https://i.scdn.co/image/ab67616d00004851d08209944468440145f01524,https://open.spotify.com/track/1Slwb6dOYkBlWal1PGtnNg
133,2018-03-02,134,Down,Robarte un Beso,Carlos Vives,723307,https://i.scdn.co/image/ab67616d00004851575fb66ec11e54fb68d548a5,https://open.spotify.com/track/0JcNysfWVWaMS7R6vzGB2k
134,2018-03-02,135,Down,BUTTERFLY EFFECT,Travis Scott,720642,https://i.scdn.co/image/ab67616d00004851b5e9358d0d07114609d9afab,https://open.spotify.com/track/1yxgsra98r3qAtxqiGZPiX
135,2018-03-02,136,Down,Symphony (feat. Zara Larsson),Clean Bandit,717378,https://i.scdn.co/image/ab67616d000048515b1130d050c4cd2295999d85,https://open.spotify.com/track/1x5sYLZiu9r5E43kMlt9f8
136,2018-03-02,137,Up,Bella y Sensual,Romeo Santos,717042,https://i.scdn.co/image/ab67616d00004851827d0777f8cccdf5b7481442,https://open.spotify.com/track/0ERbK7qVqveCaBWIiYCrl3
137,2018-03-02,138,Up,Despacito - Remix,Luis Fonsi,717012,https://i.scdn.co/image/ab67616d00004851d8559d0280ffe2a2af6dacdf,https://open.spotify.com/track/5CtI0qwDJkDQGwXD1H1cLb
138,2018-03-02,139,Up,El Farsante - Remix,Ozuna,714212,https://i.scdn.co/image/ab67616d000048519730f9b901c4ca652c0fd21b,https://open.spotify.com/track/7uYgVgRSgqluZclLS7wpp4
139,2018-03-02,140,Down,Closer,The Chainsmokers,709851,https://i.scdn.co/image/ab67616d00004851495ce6da9aeb159e94eaa453,https://open.spotify.com/track/7BKLCZ1jbUBVqRi2FVlTVw
140,2018-03-02,141,Down,There's Nothing Holdin' Me Back,Shawn Mendes,709527,https://i.scdn.co/image/ab67616d00004851f9cbd0c07513a7232cd6b9a7,https://open.spotify.com/track/79cuOz3SPQTuFrp8WgftAu
141,2018-03-02,142,Down,Photograph,Ed Sheeran,705412,https://i.scdn.co/image/ab67616d00004851d08209944468440145f01524,https://open.spotify.com/track/6fxVffaTuwjgEk5h9QyRjy
142,2018-03-02,143,Down,Escápate Conmigo (feat. Ozuna),Wisin,698929,https://i.scdn.co/image/ab67616d00004851c7524a697e709517b50681b2,https://open.spotify.com/track/1KSqYYJFyfTecXFk9M0prc
143,2018-03-02,144,Down,That's What I Like,Bruno Mars,696933,https://i.scdn.co/image/ab67616d00004851232711f7d66a1e19e89e28c5,https://open.spotify.com/track/0KKkJNfGyhkQ5aFogxQAPU
144,2018-03-02,145,Down,Strip That Down,Liam Payne,694991,https://i.scdn.co/image/ab67616d00004851ec1abb2ba5e210e826161111,https://open.spotify.com/track/6EpRaXYhGOB3fj4V2uDkMJ
145,2018-03-02,146,Down,Naked,James Arthur,683998,https://i.scdn.co/image/ab67616d00004851f13bfa0da7b94ac3272f3152,https://open.spotify.com/track/7krbSH3rd8lhIZvuzTV3Bl
146,2018-03-02,147,New,Dime Si Te Acuerdas,Bad Bunny,683313,https://i.scdn.co/image/ab67616d000048512de3d89f99ddafb069403025,https://open.spotify.com/track/49VSioK272TASR4r9vRTuP
147,2018-03-02,148,Down,Fuck Love (feat. Trippie Redd),XXXTENTACION,676087,https://i.scdn.co/image/ab67616d00004851203c89bd4391468eea4cc3f5,https://open.spotify.com/track/7AQim7LbvFVZJE3O8TYgf2
148,2018-03-02,149,Down,Next To Me,Imagine Dragons,674271,https://i.scdn.co/image/ab67616d00004851ee138477bb382419f3f165c5,https://open.spotify.com/track/7EUfNvyCVxQV3oN5ScA2Lb
149,2018-03-02,150,Up,Havana - Remix,Camila Cabello,672606,https://i.scdn.co/image/ab67616d000048515556fb4dfea9c05e09519c25,https://open.spotify.com/track/3whrwq4DtvucphBPUogRuJ
150,2018-03-02,151,Down,Codeine Dreaming (feat. Lil Wayne),Kodak Black,670583,https://i.scdn.co/image/ab67616d000048518e3046e13f253a208519b21a,https://open.spotify.com/track/4DTpngLjoHj5gFxEZFeD3J
151,2018-03-02,152,Up,Roll In Peace (feat. XXXTENTACION),Kodak Black,670107,https://i.scdn.co/image/ab67616d00004851583ce93dc89d84218f233ea7,https://open.spotify.com/track/40oKW22ZNNkEdZLJTScaQI
152,2018-03-02,153,Up,Felices los 4,Maluma,669319,https://i.scdn.co/image/ab67616d00004851d9732b592276542ecafa6c6d,https://open.spotify.com/track/0qYTZCo5Bwh1nsUFGZP3zn
153,2018-03-02,154,New,Put Me Back Together (feat. Kiiara),Cheat Codes,669244,https://i.scdn.co/image/ab67616d00004851e2dce6f39917c5846eda4daa,https://open.spotify.com/track/2zLIP4R6Yt3afkyh7uhmar
154,2018-03-02,155,Down,BILLY,6ix9ine,651684,https://i.scdn.co/image/ab67616d00004851088475119b6418ce84e4a21f,https://open.spotify.com/track/7bRRHQelMfrP86QYQlCsAq
155,2018-03-02,156,Down,I Get The Bag (feat. Migos),Gucci Mane,650093,https://i.scdn.co/image/ab67616d00004851af7525e55333b110ff0f4e95,https://open.spotify.com/track/1XRgIKC5TPwo7nWGyKqgG0
156,2018-03-02,157,Up,Galway Girl,Ed Sheeran,641787,https://i.scdn.co/image/ab67616d00004851ba5db46f4b838ef6027e6f96,https://open.spotify.com/track/0afhq8XCExXpqazXczTSve
157,2018-03-02,158,Down,DNA.,Kendrick Lamar,641490,https://i.scdn.co/image/ae1f239b41e9604a66eb900834c6887cd2f62ff1,https://open.spotify.com/track/6HZILIRieu8S0iqY8kIKhj
158,2018-03-02,159,Down,Issues,Julia Michaels,640996,https://i.scdn.co/image/bed97a5c36c8dda6724f89ecfd8c23497cc897f4,https://open.spotify.com/track/7vu0JkJh0ldukEYbTVcqd0
159,2018-03-02,160,Down,Mama,Jonas Blue,637535,https://i.scdn.co/image/14891cf71e2287163c137e90074783ba5cdd4ff4,https://open.spotify.com/track/0NiXXAI876aGImAd6rTj8w
160,2018-03-02,161,Down,KEKE,6ix9ine,636298,https://i.scdn.co/image/ab67616d00004851088475119b6418ce84e4a21f,https://open.spotify.com/track/7q1ikCoQLytPP5TTzDy7JK
161,2018-03-02,162,Down,Redbone,Childish Gambino,635673,https://i.scdn.co/image/ab67616d000048510b97e56ffad7c6211aa848f8,https://open.spotify.com/track/3kxfsdsCpFgN412fpnW85Y
162,2018-03-02,163,Down,White Iverson,Post Malone,634305,https://i.scdn.co/image/23bae95100dcb6ac8f88c19fa2a11c50a998a926,https://open.spotify.com/track/6eT7xZZlB2mwyzJ2sUKG6w
163,2018-03-02,164,New,B.I.D,Tory Lanez,632866,https://i.scdn.co/image/ab67616d000048518d9253b028bed4335bd41225,https://open.spotify.com/track/5mTdAqporE8e0dEk1U8Pkx
164,2018-03-02,165,New,Everybody Dies In Their Nightmares,XXXTENTACION,629710,https://i.scdn.co/image/ab67616d00004851203c89bd4391468eea4cc3f5,https://open.spotify.com/track/3GVkPk8mqxz0itaAriG1L7
165,2018-03-02,166,Down,Passionfruit,Drake,629559,https://i.scdn.co/image/6dfd956b9331fa9ea1f47ebb95311951ed72b3db,https://open.spotify.com/track/5mCPDVBb16L4XQwDdbRUpz
166,2018-03-02,167,Down,"I'm the One (feat. Justin Bieber, Quavo, Chance the Rapper & Lil Wayne)",DJ Khaled,627042,https://i.scdn.co/image/ab67616d00004851dcb6a73da1e7f293b875f69c,https://open.spotify.com/track/3DXncPQOG4VBw3QHh3S817
167,2018-03-02,168,New,Daydream (백일몽),j-hope,623057,https://i.scdn.co/image/ab67616d000048511a8ce1bb033dcde4d553a29d,https://open.spotify.com/track/4YAgH8s0JFfwikTNwe0aIk
168,2018-03-02,169,Down,RONDO,6ix9ine,621806,https://i.scdn.co/image/ab67616d00004851088475119b6418ce84e4a21f,https://open.spotify.com/track/1Y500yrabUJY2mIQS3RDt4
169,2018-03-02,170,Down,Starboy,The Weeknd,621277,https://i.scdn.co/image/ab67616d000048510c8599cbde51245c128bcea9,https://open.spotify.com/track/5aAx2yezTd8zXrkmtKl66Z
170,2018-03-02,171,Down,Friends (with BloodPop®),Justin Bieber,620081,https://i.scdn.co/image/ab67616d00004851302806b2c89a0f7a24b4922c,https://open.spotify.com/track/7nZmah2llfvLDiUjm0kiyz
171,2018-03-02,172,Down,The Greatest Show,Hugh Jackman,619182,https://i.scdn.co/image/ab67616d00004851a1a7f0b95a16de24a870ea5e,https://open.spotify.com/track/43ay9lQZ5rfNcOOHhRF2cM
172,2018-03-02,173,Down,Perro Fiel (feat. Nicky Jam),Shakira,619065,https://i.scdn.co/image/ab67616d00004851d05d3aad30c5fb7614893cf5,https://open.spotify.com/track/70lnL3QaSOIIyMa2X9aVRL
173,2018-03-02,174,Down,Getting Over You,Lauv,617499,https://i.scdn.co/image/ab67616d0000485135691a9f89afae026ccf5d45,https://open.spotify.com/track/2BNkTvg1kHAAfGvqh56x5a
174,2018-03-02,175,Down,"I Don’t Wanna Live Forever (Fifty Shades Darker) - From ""Fifty Shades Darker (Original Motion Picture Soundtrack)""",ZAYN,612704,https://i.scdn.co/image/ab67616d000048512ae921f082ae5db4d3da818f,https://open.spotify.com/track/3NdDpSvN911VPGivFlV5d0
175,2018-03-02,176,Down,GUMMO,6ix9ine,611647,https://i.scdn.co/image/ab67616d00004851088475119b6418ce84e4a21f,https://open.spotify.com/track/0VtxQUpwnkeedz0QhhuOgA
176,2018-03-02,177,Down,Dreamer,Axwell /\ Ingrosso,610944,https://i.scdn.co/image/ab67616d00004851a1944d8afb76a8fd03ed8c0f,https://open.spotify.com/track/7hvxMYq9JW5W0vFwiu1Zdr
177,2018-03-02,178,Flat,Wild Thoughts (feat. Rihanna & Bryson Tiller),DJ Khaled,609747,https://i.scdn.co/image/ab67616d00004851dcb6a73da1e7f293b875f69c,https://open.spotify.com/track/1OAh8uOEOvTDqkKFsKksCi
178,2018-03-02,179,Down,Mask Off,Future,606645,https://i.scdn.co/image/ab67616d00004851e0b64c8be3c4e804abcb2696,https://open.spotify.com/track/0VgkVdmE4gld66l8iyGjgx
179,2018-03-02,180,New,NO EXCUSES,Meghan Trainor,606497,https://i.scdn.co/image/ab67616d000048517dd351028c93448824d07edb,https://open.spotify.com/track/7fCNUWi6uflDTQ08srxMZk
180,2018-03-02,181,Down,Wonderwall - Remastered,Oasis,605632,https://i.scdn.co/image/ab67616d0000485185e5dcc05cc216a10f141480,https://open.spotify.com/track/5qqabIl2vWzo9ApSC317sa
181,2018-03-02,182,Up,Vai malandra (feat. Tropkillaz & DJ Yuri Martins),Anitta,594911,https://i.scdn.co/image/ab67616d000048512862285a618721193e8fdac6,https://open.spotify.com/track/6u0EAxf1OJTLS7CvInuNd7
182,2018-03-02,183,New,Mad Love,Sean Paul,592479,https://i.scdn.co/image/c7a68b10f61696b28fdf8219a92eb634a820400e,https://open.spotify.com/track/3soOPBuMK8YMdWnV7xpEyf
183,2018-03-02,184,Down,The Weekend - Funk Wav Remix,SZA,590274,https://i.scdn.co/image/ab67616d00004851b19d1cc6a00ae1d4ddcbfd37,https://open.spotify.com/track/0P6AWOA4LG1XOctzaVu5tt
184,2018-03-02,185,Down,Notice Me,Migos,586420,https://i.scdn.co/image/36f1a1c6bddf8a4c0b9e6c7612a9b25048904344,https://open.spotify.com/track/3OnOomd79OjqSYHchCQ6ht
185,2018-03-02,186,Down,"Lose Yourself - From ""8 Mile"" Soundtrack",Eminem,586178,https://i.scdn.co/image/ab67616d00004851a8a32ae2a279b9bf03445738,https://open.spotify.com/track/7w9bgPAmPTtrkt2v16QWvQ
186,2018-03-02,187,Down,What About Us,P!nk,584759,https://i.scdn.co/image/ab67616d0000485100164c96548a622d34b39828,https://open.spotify.com/track/0Qh38w01QRXK6KHIv0e3hb
187,2018-03-02,188,Down,It Ain't Me (with Selena Gomez),Kygo,583000,https://i.scdn.co/image/ab67616d0000485141f289940f2e6a0d51988d77,https://open.spotify.com/track/3eR23VReFzcdmS7TYCrhCe
188,2018-03-02,189,Up,Despacito (Featuring Daddy Yankee),Luis Fonsi,582803,https://i.scdn.co/image/ab67616d00004851a5971936e3b8d91f8b616b17,https://open.spotify.com/track/4aWmUDTfIPGksMNLV2rQP2
189,2018-03-02,190,New,Hurt To Look (feat. Rae Sremmurd),Swae Lee,582233,https://i.scdn.co/image/ab67616d00004851f340cdc9eb9d6850d00aaa41,https://open.spotify.com/track/07VJGBnywGutMZ72kRyEop
190,2018-03-02,191,Down,Tell Me You Love Me,Demi Lovato,580032,https://i.scdn.co/image/ab67616d00004851921862ba830177affb254106,https://open.spotify.com/track/5Htb1uFQ1KrkFXlefS8oGj
191,2018-03-02,192,Down,Mamita,CNCO,577103,https://i.scdn.co/image/ab67616d00004851b8aad78e8fcc831acde817ce,https://open.spotify.com/track/5ojXuKXBYq0apcNucYSDXq
192,2018-03-02,193,Down,Feels,Calvin Harris,576428,https://i.scdn.co/image/ab67616d000048514d3fa5ce7ba599f4fd7803ef,https://open.spotify.com/track/5bcTCxgc7xVfSaMV3RuVke
193,2018-03-02,194,Down,Swalla (feat. Nicki Minaj & Ty Dolla $ign),Jason Derulo,571559,https://i.scdn.co/image/ab67616d000048519d6522bee68370fa5592301d,https://open.spotify.com/track/6kex4EBAj0WHXDKZMEJaaF
194,2018-03-02,195,Down,Stay,Zedd,571510,https://i.scdn.co/image/747037023c4423be7d41f3dd245f16ce75a652e7,https://open.spotify.com/track/0I20rLT2MJDhcF96AjbNYo
195,2018-03-02,196,Down,Wait,Maroon 5,566787,https://i.scdn.co/image/ab67616d000048519ccf08d3f74b36b7880522b5,https://open.spotify.com/track/1Qg9jWGDkKAGZXj5v2OG59
196,2018-03-02,197,Down,Scared to Be Lonely,Martin Garrix,562348,https://i.scdn.co/image/ab67616d0000485164f8a309aa3c0a66a31fc374,https://open.spotify.com/track/3ebXMykcMXOcLeJ9xZ17XH
197,2018-03-02,198,Down,Red Roses (feat. Landon Cube),Lil Skies,559572,https://i.scdn.co/image/ab67616d00004851c56dcd1015c1ffb8c56d2988,https://open.spotify.com/track/3ZhTT6yjZwpPph5MIJ53XY
198,2018-03-02,199,Down,Mr. Brightside,The Killers,559397,https://i.scdn.co/image/7d778100d0160184d61981dc8aa666ee6fec0151,https://open.spotify.com/track/7oK9VyNzrYvRFo7nQEYkWN
199,2018-03-02,200,Down,A Million Dreams,Ziv Zaifman,558663,https://i.scdn.co/image/ab67616d00004851128057b40732c042c86de1dd,https://open.spotify.com/track/0RoA7ObU6phWpqhlC9zH4Z
