,Date,Position,Trend,Title,Artist,Streams,Icon_URL,Spotify_URL
0,2018-03-24,1,Flat,God's Plan,Drake,6461269,https://i.scdn.co/image/ab67616d000048515e8f046078b784e6f8502008,https://open.spotify.com/track/2XW4DbS6NddZxRPm5rMCeY
1,2018-03-24,2,Flat,Psycho (feat. Ty Dolla $ign),Post Malone,4422781,https://i.scdn.co/image/ab67616d00004851918d749b2bdc00e59be23312,https://open.spotify.com/track/65NwOZqoXny4JxqAPlfxRF
2,2018-03-24,3,Flat,SAD!,XXXTENTACION,3783750,https://i.scdn.co/image/f0443f8ad743f6052c813c593f1ad0fc161965a2,https://open.spotify.com/track/3ee8Jmje8o58CHK66QrVC2
3,2018-03-24,4,Up,FRIENDS,Marshmello,3700160,https://i.scdn.co/image/ab67616d00004851569f64493ca55cd96fdee412,https://open.spotify.com/track/08bNPGLD8AhKpnnERrAc6G
4,2018-03-24,5,Up,X,Nicky Jam,3623798,https://i.scdn.co/image/ab67616d0000485126ddcc42228a649e5fbe4350,https://open.spotify.com/track/39N9RPD9MRb5WmoLzNzPeA
5,2018-03-24,6,Up,IDGAF,Dua Lipa,3197077,https://i.scdn.co/image/ab67616d000048516b915e407b70e121e06fe979,https://open.spotify.com/track/76cy1WJvNGJTj78UqeA5zr
6,2018-03-24,7,Down,In My Blood,Shawn Mendes,3135220,https://i.scdn.co/image/ab67616d0000485188da297b53e5785d8ae195ab,https://open.spotify.com/track/79jX8RM5CgPqDKdGEKNW9K
7,2018-03-24,8,Up,The Middle,Zedd,3076449,https://i.scdn.co/image/ab67616d00004851247b73f96ede946a7fa0af12,https://open.spotify.com/track/2ARqIya5NAuvFVHSN3bL0m
8,2018-03-24,9,Down,All The Stars (with SZA),Kendrick Lamar,3048483,https://i.scdn.co/image/28e755c12683e1038efd53a902601e7f7ed4dbc5,https://open.spotify.com/track/3GCdLUSnKSMJhs4Tj6CV3s
9,2018-03-24,10,Down,Look Alive (feat. Drake),BlocBoy JB,3041596,https://i.scdn.co/image/ab67616d0000485155cad990bc1ce5808367fa0e,https://open.spotify.com/track/4qKcDkK6siZ7Jp1Jb4m0aL
10,2018-03-24,11,Flat,Mine,Bazzi,2837197,https://i.scdn.co/image/ab67616d0000485173924baaee2d2e94829953bf,https://open.spotify.com/track/6tHWl8ows5JOZq9Yfaqn3M
11,2018-03-24,12,Flat,These Days,Rudimental,2769600,https://i.scdn.co/image/ab67616d00004851e9f49a29f00d42d7857794a5,https://open.spotify.com/track/5CLGzJsGqhCEECcpnFQA8x
12,2018-03-24,13,Flat,Love Lies (with Normani),Khalid,2708779,https://i.scdn.co/image/ab67616d00004851dd7eaf261543814a6d715d67,https://open.spotify.com/track/45Egmo7icyopuzJN0oMEdk
13,2018-03-24,14,Flat,rockstar,Post Malone,2518155,https://i.scdn.co/image/ab67616d0000485147a8619ffffa8ccd20ca194b,https://open.spotify.com/track/2U7Hu2RaNQNRi7izoJyZaX
14,2018-03-24,15,Up,Dura,Daddy Yankee,2500341,https://i.scdn.co/image/ab67616d00004851407475cb28e657ec856dcbaf,https://open.spotify.com/track/2j2fIJGh4PMdXt9ULI5Tlc
15,2018-03-24,16,Down,Freaky Friday (feat. Chris Brown),Lil Dicky,2459975,https://i.scdn.co/image/ab67616d00004851f1115552efd25fa498ec923a,https://open.spotify.com/track/10Igtw8bSDyyFs7KIsKngZ
16,2018-03-24,17,Flat,Havana (feat. Young Thug),Camila Cabello,2355207,https://i.scdn.co/image/ab67616d000048516eb0b9e73adcf04e4ed3eca4,https://open.spotify.com/track/1rfofaqEpACxVEHIZBJe6W
17,2018-03-24,18,Up,Meant to Be (feat. Florida Georgia Line),Bebe Rexha,2089520,https://i.scdn.co/image/ab67616d000048511ba5682505dd6e2592b16e41,https://open.spotify.com/track/7iDa6hUg2VgEL1o1HjmfBn
18,2018-03-24,19,Down,Moonlight,XXXTENTACION,2013322,https://i.scdn.co/image/f0443f8ad743f6052c813c593f1ad0fc161965a2,https://open.spotify.com/track/0JP9xo3adEtGSdUEISiszL
19,2018-03-24,20,Up,Me Niego (feat. Ozuna & Wisin),Reik,1998358,https://i.scdn.co/image/ab67616d00004851395857179e6679826a8fa497,https://open.spotify.com/track/6jA8JUuPCGYjFcgw0AoM5T
20,2018-03-24,21,Flat,Pray For Me (with Kendrick Lamar),The Weeknd,1982552,https://i.scdn.co/image/ab67616d000048518ac2a58fbcab6a775e790b15,https://open.spotify.com/track/4ofvoCdXq99vpMZO4Cfp8x
21,2018-03-24,22,Flat,Never Be the Same,Camila Cabello,1941724,https://i.scdn.co/image/ab67616d000048516eb0b9e73adcf04e4ed3eca4,https://open.spotify.com/track/4eWQlBRaTjPPUlzacqEeoQ
22,2018-03-24,23,Up,Échame La Culpa,Luis Fonsi,1860508,https://i.scdn.co/image/ab67616d000048510ac9a58447dfccc5127248e0,https://open.spotify.com/track/1zsG4eaZmkA1dvjDDsAGLK
23,2018-03-24,24,Down,Lost In Japan,Shawn Mendes,1826099,https://i.scdn.co/image/ab67616d0000485103312590ee9819db3f2d094d,https://open.spotify.com/track/7wvYmO5QscgIDDT0eNwbYX
24,2018-03-24,25,Up,Bella,Wolfine,1812346,https://i.scdn.co/image/ab67616d0000485100f3f20aca8bce07b5e68af8,https://open.spotify.com/track/3xcCix7Jv1Rp90YVmgo35D
25,2018-03-24,26,Up,Amorfoda,Bad Bunny,1811055,https://i.scdn.co/image/ab67616d00004851ffde74831eadc3cdccc02188,https://open.spotify.com/track/3ITvHA9zhZZdBJsOsAUegF
26,2018-03-24,27,Down,Like I Do,David Guetta,1801723,https://i.scdn.co/image/ab67616d00004851734eb0ed1bd80aeed903f30b,https://open.spotify.com/track/6RnkFd8Fqqgk1Uni8RgqCQ
27,2018-03-24,28,Down,Stir Fry,Migos,1771840,https://i.scdn.co/image/36f1a1c6bddf8a4c0b9e6c7612a9b25048904344,https://open.spotify.com/track/2UVbBKQOdFAekPTRsnkzcf
28,2018-03-24,29,Flat,New Rules,Dua Lipa,1731132,https://i.scdn.co/image/ab67616d000048516b915e407b70e121e06fe979,https://open.spotify.com/track/2ekn2ttSfGqwhhate0LSR0
29,2018-03-24,30,Up,Finesse - Remix; feat. Cardi B,Bruno Mars,1691564,https://i.scdn.co/image/ab67616d0000485147e522adf030a78615cdea06,https://open.spotify.com/track/3Vo4wInECJQuz9BIBMOu8i
30,2018-03-24,31,Down,Plug Walk,Rich The Kid,1643705,https://i.scdn.co/image/ab67616d000048514cf8cc739645a5ebc07a9a9a,https://open.spotify.com/track/0gD6lWJhbXHWNVwQziSVvl
31,2018-03-24,32,Down,Everyday,Logic,1641087,https://i.scdn.co/image/048f72adcf19156266fbe080c1d4a782f6affdfd,https://open.spotify.com/track/4EAV2cKiqKP5UPZmY6dejk
32,2018-03-24,33,Up,Déjala que vuelva (feat. Manuel Turizo),Piso 21,1613012,https://i.scdn.co/image/ab67616d000048514ed4c2e64f7bf0977aa70b42,https://open.spotify.com/track/33bnxcjePIkcmNjEFTJX0l
33,2018-03-24,34,Flat,Perfect,Ed Sheeran,1603704,https://i.scdn.co/image/ab67616d00004851ba5db46f4b838ef6027e6f96,https://open.spotify.com/track/0tgVpDi06FyKpA1z0VMD4v
34,2018-03-24,35,Up,Shape of You,Ed Sheeran,1593485,https://i.scdn.co/image/ab67616d00004851ba5db46f4b838ef6027e6f96,https://open.spotify.com/track/7qiZfU4dY1lWllzX7mPBI3
35,2018-03-24,36,Down,River (feat. Ed Sheeran),Eminem,1572275,https://i.scdn.co/image/ab67616d00004851255191ed87a907d362b43f19,https://open.spotify.com/track/5UEnHoDYpsxlfzWLZIc7LD
36,2018-03-24,37,Down,Say Something,Justin Timberlake,1562745,https://i.scdn.co/image/ab67616d000048514626ff0fee963da605f6aa06,https://open.spotify.com/track/1LhMopPAallLeaeNutqbgS
37,2018-03-24,38,Down,Ric Flair Drip (& Metro Boomin),Offset,1562419,https://i.scdn.co/image/ab67616d000048510f206fe737d46f2f2d826d83,https://open.spotify.com/track/7sO5G9EABYOXQKNPNiE9NR
38,2018-03-24,39,Down,Wolves,Selena Gomez,1514122,https://i.scdn.co/image/ab67616d0000485110368f28dac3b838770f985c,https://open.spotify.com/track/7EmGUiUaOSGDnUUQUDrOXC
39,2018-03-24,40,Up,Síguelo Bailando,Ozuna,1454836,https://i.scdn.co/image/ab67616d00004851b0a875d7f1bfe4ec4aaffa48,https://open.spotify.com/track/5Y9fnynLlIvqtM710MHzfz
40,2018-03-24,41,Down,I Fall Apart,Post Malone,1445264,https://i.scdn.co/image/23bae95100dcb6ac8f88c19fa2a11c50a998a926,https://open.spotify.com/track/75ZvA4QfFiZvzhj2xkaWAh
41,2018-03-24,42,Up,Downtown,Anitta,1442870,https://i.scdn.co/image/ab67616d000048518c6b830c36c7b4ac43c3cee8,https://open.spotify.com/track/3Ga6eKrUFf12ouh9Yw3v2D
42,2018-03-24,43,Down,Sick Boy,The Chainsmokers,1442309,https://i.scdn.co/image/ab67616d00004851f1884e2d22a1e03488ffc7d3,https://open.spotify.com/track/2JfXj2TERIkHwJpnG9f8uX
43,2018-03-24,44,Up,Breathe,Jax Jones,1368203,https://i.scdn.co/image/ab67616d00004851242e97b0767265f5c3cf0277,https://open.spotify.com/track/6tvQzeCPwOytDlBYCIOY0n
44,2018-03-24,45,Down,"King's Dead (with Kendrick Lamar, Future & James Blake)",Jay Rock,1358939,https://i.scdn.co/image/ab67616d00004851c3de572921cabde540d4880a,https://open.spotify.com/track/51rXHuKN8Loc4sUlKPODgH
45,2018-03-24,46,Up,Let You Down,NF,1334252,https://i.scdn.co/image/ab67616d0000485139e85b6ae069d1e25bbc89df,https://open.spotify.com/track/6mrKP2jyIQmM0rw6fQryjr
46,2018-03-24,47,Down,changes,XXXTENTACION,1330942,https://i.scdn.co/image/f0443f8ad743f6052c813c593f1ad0fc161965a2,https://open.spotify.com/track/7AFASza1mXqntmGtbxXprO
47,2018-03-24,48,Up,Corazón,Maluma,1328535,https://i.scdn.co/image/ab67616d000048516876ec811b26ba2094565b34,https://open.spotify.com/track/4lESS6vuruP6a79KWRaQou
48,2018-03-24,49,Down,Remind Me to Forget,Kygo,1304370,https://i.scdn.co/image/ab67616d00004851238d888f4282893ed8f83f2a,https://open.spotify.com/track/6xTU6B6nFwKKTSZ9ySXS80
49,2018-03-24,50,Up,Mad Love,Sean Paul,1297956,https://i.scdn.co/image/c7a68b10f61696b28fdf8219a92eb634a820400e,https://open.spotify.com/track/3soOPBuMK8YMdWnV7xpEyf
50,2018-03-24,51,Up,Criminal,Natti Natasha,1294487,https://i.scdn.co/image/ab67616d000048515f3f4af0d3e662247a7d8cff,https://open.spotify.com/track/6Za3190Sbw39BBC77WSS1C
51,2018-03-24,52,Up,Feel It Still,Portugal. The Man,1290602,https://i.scdn.co/image/ab67616d00004851af52c228c9619ff6298b08cd,https://open.spotify.com/track/6QgjcU0zLnzq5OrUoSZ3OK
52,2018-03-24,53,Down,Heaven,Julia Michaels,1271415,https://i.scdn.co/image/ab67616d000048518dfd94df32e91d9f384df1fb,https://open.spotify.com/track/4QfNOZN7vrQCQKK1ZJ3XPb
53,2018-03-24,54,Down,For You (Fifty Shades Freed) (& Rita Ora),Liam Payne,1245457,https://i.scdn.co/image/ab67616d00004851ddc8bbc60fa930446a2b5718,https://open.spotify.com/track/5hM6sP0Gh1jD57drszNueC
54,2018-03-24,55,Flat,Walk It Talk It,Migos,1219214,https://i.scdn.co/image/36f1a1c6bddf8a4c0b9e6c7612a9b25048904344,https://open.spotify.com/track/6n4U3TlzUGhdSFbUUhTvLP
55,2018-03-24,56,Up,Thunder,Imagine Dragons,1184988,https://i.scdn.co/image/ab67616d00004851ee138477bb382419f3f165c5,https://open.spotify.com/track/26gceVsA1ybT8qsX3aYLEn
56,2018-03-24,57,Down,"Let Me Go (with Alesso, Florida Georgia Line & watt)",Hailee Steinfeld,1183545,https://i.scdn.co/image/ab67616d00004851dbdc892395413def043e0655,https://open.spotify.com/track/5AEtlRudpgdT5FtNiuly6Y
57,2018-03-24,58,Down,Powerglide (feat. Juicy J),Rae Sremmurd,1179260,https://i.scdn.co/image/ab67616d00004851685f3c0308abbb32799800b2,https://open.spotify.com/track/2yUbCEiaolfSMluDo9RMmG
58,2018-03-24,59,Down,Capital Letters,Hailee Steinfeld,1175611,https://i.scdn.co/image/ab67616d00004851f6630162a999e1cf78afbbae,https://open.spotify.com/track/3towKHKVOXCCcL1fHv6xFO
59,2018-03-24,60,Up,"1, 2, 3 (feat. Jason Derulo & De La Ghetto)",Sofia Reyes,1167921,https://i.scdn.co/image/ab67616d00004851775d1e288c04237d896e8357,https://open.spotify.com/track/4QtiVmuA88tPQiCOHZuQ5b
60,2018-03-24,61,Up,XO Tour Llif3,Lil Uzi Vert,1138201,https://i.scdn.co/image/ab67616d0000485141b41e6f7924e530a9b00f9c,https://open.spotify.com/track/7GX5flRQZVHRAGd6B4TmDO
61,2018-03-24,62,Up,Sensualidad,Bad Bunny,1122260,https://i.scdn.co/image/ab67616d00004851c0ca1263b2966ddff794d3bb,https://open.spotify.com/track/5hcisvFMidkMJlElTO9Qmw
62,2018-03-24,63,Up,EL BAÑO,Enrique Iglesias,1120996,https://i.scdn.co/image/ab67616d000048517a201c3a7e4677711df31e57,https://open.spotify.com/track/2vvdTrdryjsl8DmPIMDWZU
63,2018-03-24,64,Up,Dembow,Danny Ocean,1100985,https://i.scdn.co/image/ab67616d00004851418acc3f747c7a42f91c72c6,https://open.spotify.com/track/2EzRdhuoPyNJDlep7lnNf2
64,2018-03-24,65,Up,Him & I (with Halsey),G-Eazy,1090631,https://i.scdn.co/image/ab67616d00004851046527a9c176f7c2916f3530,https://open.spotify.com/track/5k38wzpLb15YgncyWdTZE4
65,2018-03-24,66,Down,Everybody Hates Me,The Chainsmokers,1074865,https://i.scdn.co/image/ab67616d00004851f1884e2d22a1e03488ffc7d3,https://open.spotify.com/track/3pIigjAWkzwAonXpJ1fmSF
66,2018-03-24,67,Up,Delicate,Taylor Swift,1050411,https://i.scdn.co/image/c2e6423b9624845f6dd57aef8ce00fa53aedcef7,https://open.spotify.com/track/6NFyWDv5CjfwuzoCkw47Xf
67,2018-03-24,68,Up,Congratulations,Post Malone,1047888,https://i.scdn.co/image/23bae95100dcb6ac8f88c19fa2a11c50a998a926,https://open.spotify.com/track/3a1lNhkSLSkpJE4MSHpDu9
68,2018-03-24,69,Up,Silence,Marshmello,1047217,https://i.scdn.co/image/ab67616d00004851f33ba583059dc2f7d08bf2b8,https://open.spotify.com/track/7vGuf3Y35N4wmASOKLUVVU
69,2018-03-24,70,Up,Believer,Imagine Dragons,1037141,https://i.scdn.co/image/ab67616d00004851ee138477bb382419f3f165c5,https://open.spotify.com/track/7Izh7zLJGw1Nscd62Exxj4
70,2018-03-24,71,Flat,Too Good At Goodbyes,Sam Smith,1037040,https://i.scdn.co/image/eb645ad7342e0f34817e16d9d4061c3b5e374d4c,https://open.spotify.com/track/1mXVgsBdtIVeCLJnSnmtdV
71,2018-03-24,72,Up,Bum Bum Tam Tam,MC Fioti,1033096,https://i.scdn.co/image/ab67616d00004851f45f041104bda8b5737ded73,https://open.spotify.com/track/4zWO4gvuFtw6EJZC5FFGlr
72,2018-03-24,73,Down,I Miss You (feat. Julia Michaels),Clean Bandit,1029760,https://i.scdn.co/image/ab67616d000048518341ce7a7a1f4ab4182823d5,https://open.spotify.com/track/2xmrfQpmS2iJExTlklLoAL
73,2018-03-24,74,Up,Machika,J Balvin,995623,https://i.scdn.co/image/ab67616d000048515b72e385b8296a8600016edd,https://open.spotify.com/track/6MNGxu8MprKGkchUchkJsy
74,2018-03-24,75,Up,El Préstamo,Maluma,992674,https://i.scdn.co/image/ab67616d00004851530b91ed48d536028e8ac26f,https://open.spotify.com/track/0QS5rZpm5zN9wV9lJgjyUE
75,2018-03-24,76,Down,44 More,Logic,984775,https://i.scdn.co/image/048f72adcf19156266fbe080c1d4a782f6affdfd,https://open.spotify.com/track/3e7Y6sfFlIdBMJhX7wpqVO
76,2018-03-24,77,Down,the remedy for a broken heart (why am I so in love),XXXTENTACION,983678,https://i.scdn.co/image/f0443f8ad743f6052c813c593f1ad0fc161965a2,https://open.spotify.com/track/4UKCKdYiLN6IMA5ZESUTL7
77,2018-03-24,78,Down,Jocelyn Flores,XXXTENTACION,982895,https://i.scdn.co/image/ab67616d00004851203c89bd4391468eea4cc3f5,https://open.spotify.com/track/7m9OqQk4RVRkw9JJdeAw96
78,2018-03-24,79,Down,Wait,Maroon 5,959484,https://i.scdn.co/image/ab67616d00004851d87fe4a7e157a1ecb7566ef5,https://open.spotify.com/track/4lUnFLtn8w3W76FiYDRzmO
79,2018-03-24,80,Up,HUMBLE.,Kendrick Lamar,955734,https://i.scdn.co/image/ae1f239b41e9604a66eb900834c6887cd2f62ff1,https://open.spotify.com/track/7KXjTSCq5nL1LoYtL7XAwS
80,2018-03-24,81,Down,Lemon - Drake Remix,N.E.R.D,941064,https://i.scdn.co/image/ab67616d00004851e9dc25b00ec96141e0090d9f,https://open.spotify.com/track/739vCwA3EpBSkk3uDsI2wB
81,2018-03-24,82,Up,Nevermind,Dennis Lloyd,936793,https://i.scdn.co/image/ab67616d000048514dbdd4d3c69bec0d471fc479,https://open.spotify.com/track/63SevszngYpZOwf63o61K4
82,2018-03-24,83,Up,What Lovers Do (feat. SZA),Maroon 5,931129,https://i.scdn.co/image/ab67616d000048519ccf08d3f74b36b7880522b5,https://open.spotify.com/track/3hBBKuWJfxlIlnd9QFoC8k
83,2018-03-24,84,Up,Se Preparó,Ozuna,915787,https://i.scdn.co/image/ab67616d00004851b0a875d7f1bfe4ec4aaffa48,https://open.spotify.com/track/1m69ELEgE6k5ZWsap40ozt
84,2018-03-24,85,Up,Solita,Ozuna,915167,https://i.scdn.co/image/ab67616d00004851bc739e4f39cb4d5c253fcb64,https://open.spotify.com/track/7rwX0O3RlxqqIjQM8evm5E
85,2018-03-24,86,Down,Young Dumb & Broke,Khalid,914476,https://i.scdn.co/image/ab67616d00004851988ede5e1276e758b5f9e577,https://open.spotify.com/track/5Z3GHaZ6ec9bsiI5BenrbY
86,2018-03-24,87,Up,This Is Me,Keala Settle,883635,https://i.scdn.co/image/ab67616d00004851b33c769adce9e164764a7ca0,https://open.spotify.com/track/2xGjteMU3E1tkEPVFBO08U
87,2018-03-24,88,Up,Rewrite The Stars,Zac Efron,875322,https://i.scdn.co/image/ab67616d00004851d44e723b677380dfbc899bcd,https://open.spotify.com/track/630sXRhIcfwr2e4RdNtjKN
88,2018-03-24,89,Flat,Anywhere,Rita Ora,871686,https://i.scdn.co/image/ab67616d000048517a642f7a662f4c94683ac038,https://open.spotify.com/track/7EI6Iki24tBHAMxtb4xQN2
89,2018-03-24,90,Up,Candy Paint,Post Malone,861101,https://i.scdn.co/image/ab67616d00004851bf95d2beddffbdb488310f67,https://open.spotify.com/track/42CeaId2XNlxugDvyqHfDf
90,2018-03-24,91,Up,PICK IT UP (feat. A$AP Rocky),Famous Dex,858958,https://i.scdn.co/image/ab67616d00004851b3c4572395192f7c8d26820b,https://open.spotify.com/track/3ncgNpxLoBQ65ABk4djDyd
91,2018-03-24,92,Up,Unforgettable,French Montana,854042,https://i.scdn.co/image/ab67616d000048518a31195a371b2233456f6c07,https://open.spotify.com/track/3B54sVLJ402zGa6Xm4YGNe
92,2018-03-24,93,Up,Perfect Duet (Ed Sheeran & Beyoncé),Ed Sheeran,850453,https://i.scdn.co/image/ab67616d00004851af6b2fca3b6e24612a5fe5d8,https://open.spotify.com/track/1bhUWB0zJMIKr9yVPrkEuI
93,2018-03-24,94,Up,Dusk Till Dawn - Radio Edit,ZAYN,848506,https://i.scdn.co/image/ab67616d0000485123852b7ef0ecfe29d38d97ee,https://open.spotify.com/track/1j4kHkkpqZRBwE0A4CN4Yv
94,2018-03-24,95,Up,Me Rehúso,Danny Ocean,842397,https://i.scdn.co/image/ab67616d00004851a75bd33684083600569dd3bf,https://open.spotify.com/track/6De0lHrwBfPfrhorm9q1Xl
95,2018-03-24,96,Down,Narcos,Migos,830997,https://i.scdn.co/image/36f1a1c6bddf8a4c0b9e6c7612a9b25048904344,https://open.spotify.com/track/0wbnC9AUenxp613TYaJsGK
96,2018-03-24,97,Up,El Farsante - Remix,Ozuna,830112,https://i.scdn.co/image/ab67616d000048519730f9b901c4ca652c0fd21b,https://open.spotify.com/track/7uYgVgRSgqluZclLS7wpp4
97,2018-03-24,98,Up,Bank Account,21 Savage,808914,https://i.scdn.co/image/ab67616d00004851ac3c0aecec76cd7b5a54795e,https://open.spotify.com/track/2fQrGHiQOvpL9UgPvtYy6G
98,2018-03-24,99,Up,Esperándote,Manuel Turizo,805789,https://i.scdn.co/image/ab67616d00004851fa2960f06e1f2ed9cedb6d12,https://open.spotify.com/track/1nfyE13arjOuO54HH0zmqj
99,2018-03-24,100,Up,Something Just Like This,The Chainsmokers,804942,https://i.scdn.co/image/ab67616d000048510c13d3d5a503c84fcc60ae94,https://open.spotify.com/track/6RUKPb4LETWmmr3iAEQktW
100,2018-03-24,101,Down,going down!,XXXTENTACION,801363,https://i.scdn.co/image/f0443f8ad743f6052c813c593f1ad0fc161965a2,https://open.spotify.com/track/7CkbRn6S0itJqcqn88AtSV
101,2018-03-24,102,Up,Tip Toe (feat. French Montana),Jason Derulo,797380,https://i.scdn.co/image/ab67616d000048511ba06755018b46f2a6a2a7ff,https://open.spotify.com/track/2z4pcBLQXF2BXKFvd0BuB6
102,2018-03-24,103,Flat,How Long,Charlie Puth,795695,https://i.scdn.co/image/ab67616d00004851872353e715cccea67fe3de91,https://open.spotify.com/track/32DGGj6KlNuBr6WaqRxpxi
103,2018-03-24,104,Down,Nowadays (feat. Landon Cube),Lil Skies,795023,https://i.scdn.co/image/ab67616d00004851c56dcd1015c1ffb8c56d2988,https://open.spotify.com/track/2u7mxWSeoqTXndK5e08jMp
104,2018-03-24,105,Up,Sorry Not Sorry,Demi Lovato,785544,https://i.scdn.co/image/ab67616d00004851ec9c72308e30e7aa1d22b37d,https://open.spotify.com/track/3m660poUr1chesgkkjQM7P
105,2018-03-24,106,Up,I Like Me Better,Lauv,782675,https://i.scdn.co/image/ab67616d00004851fab48816b625e2a77a732400,https://open.spotify.com/track/1wjzFQodRWrPcQ0AnYnvQ9
106,2018-03-24,107,Up,Attention,Charlie Puth,780383,https://i.scdn.co/image/ab67616d00004851db21a273452f0637cdbc35aa,https://open.spotify.com/track/4iLqG9SeJSnt0cSPICSjxv
107,2018-03-24,108,Up,Say You Won't Let Go,James Arthur,777437,https://i.scdn.co/image/ab67616d0000485120beb61f61fcbeb33b10a9ab,https://open.spotify.com/track/5uCax9HTNlzGybIStD3vDh
108,2018-03-24,109,Down,Betrayed,Lil Xan,776482,https://i.scdn.co/image/ab67616d00004851fd53c5b8a4787f283833db4d,https://open.spotify.com/track/6NWl2m8asvH83xjuXVNsuG
109,2018-03-24,110,Flat,1-800-273-8255,Logic,772686,https://i.scdn.co/image/08f9ccb7875a87c07c79c1ccd5319263786c55ea,https://open.spotify.com/track/5tz69p7tJuGPeMGwNTxYuV
110,2018-03-24,111,Down,NUMB,XXXTENTACION,771165,https://i.scdn.co/image/f0443f8ad743f6052c813c593f1ad0fc161965a2,https://open.spotify.com/track/01TnVDiet1DFTsyWKUKovl
111,2018-03-24,112,Up,Mi Gente,J Balvin,768865,https://i.scdn.co/image/ab67616d00004851996bd1ea86bd3815eedfeef5,https://open.spotify.com/track/2rb5MvYT7ZIxbKW5hfcHx8
112,2018-03-24,113,Down,Say Amen (Saturday Night),Panic! At The Disco,767049,https://i.scdn.co/image/ab67616d00004851da9e58f4754a8706cb5911b6,https://open.spotify.com/track/4qSsjDGXplb6422X2INvFW
113,2018-03-24,114,Up,There's Nothing Holdin' Me Back,Shawn Mendes,765354,https://i.scdn.co/image/ab67616d00004851f9cbd0c07513a7232cd6b9a7,https://open.spotify.com/track/79cuOz3SPQTuFrp8WgftAu
114,2018-03-24,115,Up,Whatever It Takes,Imagine Dragons,760444,https://i.scdn.co/image/ab67616d00004851ee138477bb382419f3f165c5,https://open.spotify.com/track/7F3uo3304R2CTvOseU3H7u
115,2018-03-24,116,Up,One Dance,Drake,759313,https://i.scdn.co/image/ab67616d00004851726abca207567d5e41cb9667,https://open.spotify.com/track/1xznGGDReH1oQq0xzbwXa3
116,2018-03-24,117,Up,All Falls Down (feat. Juliander),Alan Walker,757862,https://i.scdn.co/image/ab67616d00004851206fdebc66bd04d9913f035d,https://open.spotify.com/track/5yFSF6qQA1rcLsQRnBsZgb
117,2018-03-24,118,Up,Quiero Repetir,Ozuna,757725,https://i.scdn.co/image/ab67616d00004851b0a875d7f1bfe4ec4aaffa48,https://open.spotify.com/track/0MIcPSq9n2z5H8TAfEstri
118,2018-03-24,119,Up,Gucci Gang,Lil Pump,752895,https://i.scdn.co/image/ab67616d00004851d52ef190ae5253eb2c3c764c,https://open.spotify.com/track/43ZyHQITOjhciSUUNPVRHc
119,2018-03-24,120,Flat,No Limit,G-Eazy,751509,https://i.scdn.co/image/ab67616d00004851046527a9c176f7c2916f3530,https://open.spotify.com/track/2DQ1ITjI0YoLFzuADN1ZBW
120,2018-03-24,121,Flat,So Far Away (feat. Jamie Scott & Romy Dya),Martin Garrix,743669,https://i.scdn.co/image/ab67616d000048512bfb97c135445f83927049ca,https://open.spotify.com/track/0OlnLZY4cmQzT6ZGttvWBM
121,2018-03-24,122,Down,Flames,David Guetta,742966,https://i.scdn.co/image/ab67616d00004851d0e5bf44bdbe8a824e921eae,https://open.spotify.com/track/33IOhptvC2Qoy2UhjiHXLV
122,2018-03-24,123,Down,66,Lil Yachty,742444,https://i.scdn.co/image/2a324fa16f1a4ce82e1b066c3e2a3c3fb414c07b,https://open.spotify.com/track/6tarvNiKnEjYMj1VZhlDqR
123,2018-03-24,124,Up,1950,King Princess,740149,https://i.scdn.co/image/ab67616d00004851580625d3d07c5b16238c2e69,https://open.spotify.com/track/0CZ8lquoTX2Dkg7Ak2inwA
124,2018-03-24,125,Down,"I don’t even speak spanish lol - feat. Rio Santana, Judah, Carlos Andrez",XXXTENTACION,740009,https://i.scdn.co/image/f0443f8ad743f6052c813c593f1ad0fc161965a2,https://open.spotify.com/track/14boA065HMHWvqyPPEeN4y
125,2018-03-24,126,Up,Báilame - Remix,Nacho,738372,https://i.scdn.co/image/ab67616d00004851473f54a79eb118bdfa668aa2,https://open.spotify.com/track/3VClLWqNn80Llv0PJOsKgr
126,2018-03-24,127,Up,More Than You Know,Axwell /\ Ingrosso,723355,https://i.scdn.co/image/ab67616d00004851a1944d8afb76a8fd03ed8c0f,https://open.spotify.com/track/71bBFbfn2OBK5QwUJSLS44
127,2018-03-24,128,Up,Despacito - Remix,Luis Fonsi,719395,https://i.scdn.co/image/ab67616d00004851d8559d0280ffe2a2af6dacdf,https://open.spotify.com/track/5CtI0qwDJkDQGwXD1H1cLb
128,2018-03-24,129,Down,Location,Khalid,715459,https://i.scdn.co/image/ab67616d00004851988ede5e1276e758b5f9e577,https://open.spotify.com/track/152lZdxL1OR0ZMW6KquMif
129,2018-03-24,130,Up,Mayores,Becky G,712826,https://i.scdn.co/image/ab67616d00004851b5983d639fd953deb3c99848,https://open.spotify.com/track/7JNh1cfm0eXjqFVOzKLyau
130,2018-03-24,131,Down,Fuck Love (feat. Trippie Redd),XXXTENTACION,705621,https://i.scdn.co/image/ab67616d00004851203c89bd4391468eea4cc3f5,https://open.spotify.com/track/7AQim7LbvFVZJE3O8TYgf2
131,2018-03-24,132,Down,goosebumps,Travis Scott,703466,https://i.scdn.co/image/ab67616d00004851f54b99bf27cda88f4a7403ce,https://open.spotify.com/track/6gBFPUFcJLzWGx4lenP6h2
132,2018-03-24,133,Down,Bounce Out With That,YBN Nahmir,700263,https://i.scdn.co/image/ab67616d00004851af41341020c85f2f2279aeb2,https://open.spotify.com/track/5lZsh9Qf7CbHI9Fcc7Zcsq
133,2018-03-24,134,Up,Déjate Llevar,Juan Magán,699399,https://i.scdn.co/image/ab67616d00004851aa674375a551ed3dee543c34,https://open.spotify.com/track/3xWEI23MLJrD0dpDcDUTW6
134,2018-03-24,135,Up,JAPAN,Famous Dex,698537,https://i.scdn.co/image/ab67616d00004851e7691a6ba8adc24b28e5ac63,https://open.spotify.com/track/4lTiuD1DwBKo4L7wqMkD7C
135,2018-03-24,136,Up,MotorSport,Migos,690943,https://i.scdn.co/image/36f1a1c6bddf8a4c0b9e6c7612a9b25048904344,https://open.spotify.com/track/4wFjTWCunQFKtukqrNijEt
136,2018-03-24,137,Up,Closer,The Chainsmokers,687817,https://i.scdn.co/image/ab67616d00004851495ce6da9aeb159e94eaa453,https://open.spotify.com/track/7BKLCZ1jbUBVqRi2FVlTVw
137,2018-03-24,138,Down,Loca Remix,Khea,680087,https://i.scdn.co/image/ab67616d00004851d4a8bad3f223ab95ddea709f,https://open.spotify.com/track/2CRbiMK0W14l71SpDKqKZM
138,2018-03-24,139,Up,Que Va,Alex Sensation,677044,https://i.scdn.co/image/ab67616d00004851571f364389a9436e4ff8a362,https://open.spotify.com/track/7ofxPmTNMj2GP07g1VZa0O
139,2018-03-24,140,Down,Hope,XXXTENTACION,674995,https://i.scdn.co/image/f0443f8ad743f6052c813c593f1ad0fc161965a2,https://open.spotify.com/track/2ZRo7axmMPeSVUvDbGkJah
140,2018-03-24,141,Down,Red Roses (feat. Landon Cube),Lil Skies,670033,https://i.scdn.co/image/ab67616d00004851c56dcd1015c1ffb8c56d2988,https://open.spotify.com/track/3ZhTT6yjZwpPph5MIJ53XY
141,2018-03-24,142,Up,Bartier Cardi (feat. 21 Savage),Cardi B,668585,https://i.scdn.co/image/ab67616d000048518cb4b5d8ae71725b96b8907c,https://open.spotify.com/track/75FDPwaULRdYDn4StFN2rT
142,2018-03-24,143,Up,SUTRA,Sebastian Yatra,668357,https://i.scdn.co/image/ab67616d00004851f215288f120008eb66a16a8b,https://open.spotify.com/track/5TmZYdHW6HJ9gt7Aokuql5
143,2018-03-24,144,Up,Ahora,J Balvin,662758,https://i.scdn.co/image/ab67616d00004851cfdb7f30980eb9b1ab3356de,https://open.spotify.com/track/54OB85nuxYGfl7qRQXuz7c
144,2018-03-24,145,Down,infinity (888) - feat. Joey Bada$$,XXXTENTACION,661468,https://i.scdn.co/image/f0443f8ad743f6052c813c593f1ad0fc161965a2,https://open.spotify.com/track/7J2gyNghNTzl4EsLhXp01Q
145,2018-03-24,146,Down,Plain Jane,A$AP Ferg,660647,https://i.scdn.co/image/ab67616d00004851d79cfa3155b50beb5dbeeb9a,https://open.spotify.com/track/4dVpf9jZjcORqGTLUaeYj9
146,2018-03-24,147,Down,Thinking out Loud,Ed Sheeran,658311,https://i.scdn.co/image/ab67616d00004851d08209944468440145f01524,https://open.spotify.com/track/1Slwb6dOYkBlWal1PGtnNg
147,2018-03-24,148,Up,That's What I Like,Bruno Mars,656272,https://i.scdn.co/image/ab67616d00004851232711f7d66a1e19e89e28c5,https://open.spotify.com/track/0KKkJNfGyhkQ5aFogxQAPU
148,2018-03-24,149,Up,Symphony (feat. Zara Larsson),Clean Bandit,651502,https://i.scdn.co/image/ab67616d000048515b1130d050c4cd2295999d85,https://open.spotify.com/track/1x5sYLZiu9r5E43kMlt9f8
149,2018-03-24,150,Down,Suena El Dembow,Joey Montana,645978,https://i.scdn.co/image/ab67616d00004851c8185c654dc0409609c5eb31,https://open.spotify.com/track/5TysCiZtv1HnSWcTcUFusI
150,2018-03-24,151,Flat,El Clavo,Prince Royce,645554,https://i.scdn.co/image/ab67616d00004851747f20b674aaa47ce6b3491a,https://open.spotify.com/track/0LKErfBZ5FbBiLB4OcZRbL
151,2018-03-24,152,Down,Everybody Dies In Their Nightmares,XXXTENTACION,645419,https://i.scdn.co/image/ab67616d00004851203c89bd4391468eea4cc3f5,https://open.spotify.com/track/3GVkPk8mqxz0itaAriG1L7
152,2018-03-24,153,Up,La player (Bandolera),Zion & Lennox,641632,https://i.scdn.co/image/ab67616d00004851300e1b3b6b6904d84e76bb14,https://open.spotify.com/track/0VKkyBKCXyR99navhVRqcP
153,2018-03-24,154,Down,BUTTERFLY EFFECT,Travis Scott,640477,https://i.scdn.co/image/ab67616d00004851b5e9358d0d07114609d9afab,https://open.spotify.com/track/1yxgsra98r3qAtxqiGZPiX
154,2018-03-24,155,Up,Bodak Yellow,Cardi B,640251,https://i.scdn.co/image/ab67616d0000485162a2dedc55a38a0fca0a17b0,https://open.spotify.com/track/2771LMNxwf62FTAdpJMQfM
155,2018-03-24,156,Flat,Te Amo,Piso 21,631265,https://i.scdn.co/image/ab67616d00004851bc80625f6bd474fa01f8bd5e,https://open.spotify.com/track/2RVrdr062uLFxXwIxwdXPH
156,2018-03-24,157,Up,Stargazing,Kygo,626791,https://i.scdn.co/image/ab67616d00004851a333559091297eda04eba27c,https://open.spotify.com/track/0Zbbxnx4SGGHoIow4PpISP
157,2018-03-24,158,Down,Done For Me (feat. Kehlani),Charlie Puth,625118,https://i.scdn.co/image/ab67616d000048510c6e2199db8c3710f7e0a520,https://open.spotify.com/track/76S09sHj7GGMJAtOLjmVQ2
158,2018-03-24,159,Up,Paradise,George Ezra,623791,https://i.scdn.co/image/ab67616d00004851103045cd1c29dd16a469f808,https://open.spotify.com/track/38zwkK6TtTjIW9tpYBfZ3D
159,2018-03-24,160,Up,Africa,TOTO,620244,https://i.scdn.co/image/ab67616d00004851673d6a2831f72e48745ea80d,https://open.spotify.com/track/2374M0fQpWi3dLnB54qaLX
160,2018-03-24,161,Up,Galway Girl,Ed Sheeran,620020,https://i.scdn.co/image/ab67616d00004851ba5db46f4b838ef6027e6f96,https://open.spotify.com/track/0afhq8XCExXpqazXczTSve
161,2018-03-24,162,Up,Robarte un Beso,Carlos Vives,619902,https://i.scdn.co/image/ab67616d00004851575fb66ec11e54fb68d548a5,https://open.spotify.com/track/0JcNysfWVWaMS7R6vzGB2k
162,2018-03-24,163,Down,LOVE. FEAT. ZACARI.,Kendrick Lamar,617788,https://i.scdn.co/image/ae1f239b41e9604a66eb900834c6887cd2f62ff1,https://open.spotify.com/track/6PGoSes0D9eUDeeAafB2As
163,2018-03-24,164,Down,Photograph,Ed Sheeran,616899,https://i.scdn.co/image/ab67616d00004851d08209944468440145f01524,https://open.spotify.com/track/6fxVffaTuwjgEk5h9QyRjy
164,2018-03-24,165,Up,Barking,Ramz,614457,https://i.scdn.co/image/ab67616d0000485137a4c7a7325191433f3c2679,https://open.spotify.com/track/7amMgNDcObIDkIXv4xcvc2
165,2018-03-24,166,Up,Strip That Down,Liam Payne,611966,https://i.scdn.co/image/ab67616d00004851ec1abb2ba5e210e826161111,https://open.spotify.com/track/6EpRaXYhGOB3fj4V2uDkMJ
166,2018-03-24,167,Down,New Freezer (feat. Kendrick Lamar),Rich The Kid,611629,https://i.scdn.co/image/ab67616d0000485166bac14cf011715fbed67e58,https://open.spotify.com/track/4pYZLpX23Vx8rwDpJCpPTA
167,2018-03-24,168,Up,Wonderwall - Remastered,Oasis,601533,https://i.scdn.co/image/ab67616d0000485185e5dcc05cc216a10f141480,https://open.spotify.com/track/5qqabIl2vWzo9ApSC317sa
168,2018-03-24,169,Down,Beautiful,Bazzi,599939,https://i.scdn.co/image/ab67616d000048512a156e2d24357e38bd23a793,https://open.spotify.com/track/1OilOIju6R9ia8vilNjChh
169,2018-03-24,170,Up,Despacito (Featuring Daddy Yankee),Luis Fonsi,598179,https://i.scdn.co/image/ab67616d00004851a5971936e3b8d91f8b616b17,https://open.spotify.com/track/4aWmUDTfIPGksMNLV2rQP2
170,2018-03-24,171,Up,"I'm the One (feat. Justin Bieber, Quavo, Chance the Rapper & Lil Wayne)",DJ Khaled,595415,https://i.scdn.co/image/ab67616d00004851dcb6a73da1e7f293b875f69c,https://open.spotify.com/track/3DXncPQOG4VBw3QHh3S817
171,2018-03-24,172,Down,X (with 2 Chainz & Saudi),ScHoolboy Q,587030,https://i.scdn.co/image/28e755c12683e1038efd53a902601e7f7ed4dbc5,https://open.spotify.com/track/4LmAnpjlhWTahvRkYR8xJa
172,2018-03-24,173,Up,Passionfruit,Drake,586764,https://i.scdn.co/image/6dfd956b9331fa9ea1f47ebb95311951ed72b3db,https://open.spotify.com/track/5mCPDVBb16L4XQwDdbRUpz
173,2018-03-24,174,New,Vai malandra (feat. Tropkillaz & DJ Yuri Martins),Anitta,583430,https://i.scdn.co/image/ab67616d000048512862285a618721193e8fdac6,https://open.spotify.com/track/6u0EAxf1OJTLS7CvInuNd7
174,2018-03-24,175,Up,Leave a Light On,Tom Walker,582870,https://i.scdn.co/image/ab67616d00004851bc1a09ac82f9aa9af62f2ca4,https://open.spotify.com/track/6lOWoTqVnAWXchddtTH31W
175,2018-03-24,176,Flat,Mr. Brightside,The Killers,582209,https://i.scdn.co/image/7d778100d0160184d61981dc8aa666ee6fec0151,https://open.spotify.com/track/7oK9VyNzrYvRFo7nQEYkWN
176,2018-03-24,177,Down,Go Flex,Post Malone,580906,https://i.scdn.co/image/23bae95100dcb6ac8f88c19fa2a11c50a998a926,https://open.spotify.com/track/5yuShbu70mtHXY0yLzCQLQ
177,2018-03-24,178,Down,Issues,Julia Michaels,580248,https://i.scdn.co/image/bed97a5c36c8dda6724f89ecfd8c23497cc897f4,https://open.spotify.com/track/7vu0JkJh0ldukEYbTVcqd0
178,2018-03-24,179,Up,Starboy,The Weeknd,580182,https://i.scdn.co/image/ab67616d000048510c8599cbde51245c128bcea9,https://open.spotify.com/track/5aAx2yezTd8zXrkmtKl66Z
179,2018-03-24,180,Down,Sky Walker (feat. Travis Scott),Miguel,577718,https://i.scdn.co/image/ab67616d000048515e9dff10c31ac14c6c6c920d,https://open.spotify.com/track/5WoaF1B5XIEnWfmb5NZikf
180,2018-03-24,181,Up,Mamita,CNCO,575005,https://i.scdn.co/image/ab67616d00004851b8aad78e8fcc831acde817ce,https://open.spotify.com/track/5ojXuKXBYq0apcNucYSDXq
181,2018-03-24,182,Up,Dreamer,Axwell /\ Ingrosso,573894,https://i.scdn.co/image/ab67616d00004851a1944d8afb76a8fd03ed8c0f,https://open.spotify.com/track/7hvxMYq9JW5W0vFwiu1Zdr
182,2018-03-24,183,Down,Roll In Peace (feat. XXXTENTACION),Kodak Black,570751,https://i.scdn.co/image/ab67616d00004851583ce93dc89d84218f233ea7,https://open.spotify.com/track/40oKW22ZNNkEdZLJTScaQI
183,2018-03-24,184,Up,Mask Off,Future,561470,https://i.scdn.co/image/ab67616d00004851e0b64c8be3c4e804abcb2696,https://open.spotify.com/track/0VgkVdmE4gld66l8iyGjgx
184,2018-03-24,185,Up,Wild Thoughts (feat. Rihanna & Bryson Tiller),DJ Khaled,561127,https://i.scdn.co/image/ab67616d00004851dcb6a73da1e7f293b875f69c,https://open.spotify.com/track/1OAh8uOEOvTDqkKFsKksCi
185,2018-03-24,186,Up,Escápate Conmigo (feat. Ozuna),Wisin,557878,https://i.scdn.co/image/ab67616d00004851c7524a697e709517b50681b2,https://open.spotify.com/track/1KSqYYJFyfTecXFk9M0prc
186,2018-03-24,187,New,The Greatest Show,Hugh Jackman,556571,https://i.scdn.co/image/ab67616d00004851a1a7f0b95a16de24a870ea5e,https://open.spotify.com/track/43ay9lQZ5rfNcOOHhRF2cM
187,2018-03-24,188,New,Treat You Better,Shawn Mendes,554485,https://i.scdn.co/image/ab67616d0000485190516133f6344cb3dad263c2,https://open.spotify.com/track/3AFfyUXTfj12PgrOkZiiJo
188,2018-03-24,189,Down,Getting Over You,Lauv,553324,https://i.scdn.co/image/ab67616d0000485135691a9f89afae026ccf5d45,https://open.spotify.com/track/2BNkTvg1kHAAfGvqh56x5a
189,2018-03-24,190,Down,BILLY,6ix9ine,551635,https://i.scdn.co/image/ab67616d00004851088475119b6418ce84e4a21f,https://open.spotify.com/track/7bRRHQelMfrP86QYQlCsAq
190,2018-03-24,191,New,Swalla (feat. Nicki Minaj & Ty Dolla $ign),Jason Derulo,550552,https://i.scdn.co/image/ab67616d000048519d6522bee68370fa5592301d,https://open.spotify.com/track/6kex4EBAj0WHXDKZMEJaaF
191,2018-03-24,192,Down,Contra,Logic,549958,https://i.scdn.co/image/048f72adcf19156266fbe080c1d4a782f6affdfd,https://open.spotify.com/track/7u90MSvVyEjL0c8icaE7jl
192,2018-03-24,193,Down,Codeine Dreaming (feat. Lil Wayne),Kodak Black,548276,https://i.scdn.co/image/ab67616d000048518e3046e13f253a208519b21a,https://open.spotify.com/track/4DTpngLjoHj5gFxEZFeD3J
193,2018-03-24,194,Up,What About Us,P!nk,546647,https://i.scdn.co/image/ab67616d0000485100164c96548a622d34b39828,https://open.spotify.com/track/0Qh38w01QRXK6KHIv0e3hb
194,2018-03-24,195,New,Mama,Jonas Blue,546011,https://i.scdn.co/image/14891cf71e2287163c137e90074783ba5cdd4ff4,https://open.spotify.com/track/0NiXXAI876aGImAd6rTj8w
195,2018-03-24,196,Down,I Get The Bag (feat. Migos),Gucci Mane,544236,https://i.scdn.co/image/ab67616d00004851af7525e55333b110ff0f4e95,https://open.spotify.com/track/1XRgIKC5TPwo7nWGyKqgG0
196,2018-03-24,197,Down,Naked,James Arthur,542287,https://i.scdn.co/image/ab67616d00004851f13bfa0da7b94ac3272f3152,https://open.spotify.com/track/7krbSH3rd8lhIZvuzTV3Bl
197,2018-03-24,198,New,Friends (with BloodPop®),Justin Bieber,541774,https://i.scdn.co/image/ab67616d00004851302806b2c89a0f7a24b4922c,https://open.spotify.com/track/7nZmah2llfvLDiUjm0kiyz
198,2018-03-24,199,New,Ta Tum Tum,MC Kevinho,541721,https://i.scdn.co/image/ab67616d000048519a1eab198a5f7cc48e82dc8c,https://open.spotify.com/track/6etab3UBCo5GOTMZqUvRka
199,2018-03-24,200,Down,I'm Yours,Jason Mraz,540978,https://i.scdn.co/image/ab67616d000048513f911caa42c2ef00253efb70,https://open.spotify.com/track/3S0OXQeoh0w6AY8WQVckRW
